MetaboliteID	PRISM.7122	PRISM.7147	PRISM.7150	PRISM.7153	PRISM.7184	PRISM.7238	PRISM.7406	PRISM.7408	PRISM.7421	PRISM.7445	PRISM.7486	PRISM.7496	PRISM.7506	PRISM.7547	PRISM.7658	PRISM.7662	PRISM.7744	PRISM.7759	PRISM.7762	PRISM.7776	PRISM.7791	PRISM.7843	PRISM.7847	PRISM.7852	PRISM.7855	PRISM.7858	PRISM.7860	PRISM.7861	PRISM.7862	PRISM.7870	PRISM.7874	PRISM.7875	PRISM.7879	PRISM.7897	PRISM.7899	PRISM.7904	PRISM.7906	PRISM.7908	PRISM.7909	PRISM.7910	PRISM.7911	PRISM.7912	PRISM.7938	PRISM.7941	PRISM.7947	PRISM.7948	PRISM.7955	PRISM.7971	PRISM.7989	PRISM.8095	PRISM.8096	PRISM.8101	PRISM.8106	PRISM.8129	PRISM.8226	PRISM.8244	PRISM.8264	PRISM.8275	PRISM.8283	PRISM.8332	PRISM.8336	PRISM.8361	PRISM.8374	PRISM.8377	PRISM.8406	PRISM.8441	PRISM.8444	PRISM.8447	PRISM.8452	PRISM.8458	PRISM.8462	PRISM.8464	PRISM.8466	PRISM.8467	PRISM.8475	PRISM.8480	PRISM.8483	PRISM.8485	PRISM.8496	PRISM.8502	PRISM.8503	PRISM.8511	PRISM.8513	PRISM.8515	PRISM.8523	PRISM.8534	PRISM.8537	PRISM.8550	PRISM.8564	PRISM.8565	PRISM.8573	PRISM.8577	PRISM.8589	PRISM.8591	PRISM.8592	PRISM.8605	PRISM.8624	PRISM.8628	PRISM.8629	PRISM.8667	PRISM.8675	PRISM.8683	PRISM.8692	PRISM.8696	PRISM.8728	PRISM.8734	PRISM.8735	PRISM.8746	PRISM.8749	PRISM.8753	PRISM.8754	PRISM.8758	PRISM.8764	PRISM.8765	PRISM.8774	PRISM.8776	PRISM.8778	PRISM.8783	PRISM.8784	PRISM.8785	PRISM.8788	PRISM.8789	PRISM.8794	PRISM.8795	PRISM.8800	PRISM.8802	PRISM.8803	PRISM.8805	PRISM.8806	PRISM.8807	PRISM.8809	PRISM.8815	PRISM.8841	PRISM.8843	PRISM.8844	PRISM.8846	PRISM.8847	PRISM.8849	PRISM.8878	PRISM.8882	PRISM.8892	PRISM.8894	PRISM.8898	PRISM.8924	PRISM.8932	PRISM.8982	PRISM.8998	PRISM.9010	PRISM.9018	PRISM.9030	PRISM.9033	PRISM.9074	PRISM.9079	PRISM.9126	PRISM.9148	Validation.LLDeep_0001	Validation.LLDeep_0003	Validation.LLDeep_0010	Validation.LLDeep_0011	Validation.LLDeep_0012	Validation.LLDeep_0015	Validation.LLDeep_0018	Validation.LLDeep_0021	Validation.LLDeep_0022	Validation.LLDeep_0024	Validation.LLDeep_0026	Validation.LLDeep_0027	Validation.LLDeep_0028	Validation.LLDeep_0029	Validation.LLDeep_0030	Validation.LLDeep_0033	Validation.LLDeep_0034	Validation.LLDeep_0037	Validation.LLDeep_0039	Validation.LLDeep_0043	Validation.LLDeep_0047	Validation.LLDeep_0052	Validation.UMCG0333264	Validation.UMCG1180653	Validation.UMCG1576297	Validation.UMCG1705352	Validation.UMCG1708847	Validation.UMCG2023308	Validation.UMCG2136686	Validation.UMCG2739287	Validation.UMCG2788516	Validation.UMCG3243705	Validation.UMCG3299495	Validation.UMCG3321127	Validation.UMCG3595094	Validation.UMCG3748218	Validation.UMCG4000898	Validation.UMCG4081271	Validation.UMCG4268471	Validation.UMCG4722506	Validation.UMCG4789724	Validation.UMCG4851027	Validation.UMCG5113553	Validation.UMCG5308346	Validation.UMCG5437940	Validation.UMCG5613882	Validation.UMCG5792346	Validation.UMCG5921444	Validation.UMCG6047689	Validation.UMCG6054655	Validation.UMCG6262744	Validation.UMCG6628208	Validation.UMCG6720116	Validation.UMCG6738619	Validation.UMCG6868484	Validation.UMCG6966873	Validation.UMCG7115152	Validation.UMCG7198526	Validation.UMCG7563651	Validation.UMCG8089650	Validation.UMCG8255148	Validation.UMCG8438880	Validation.UMCG9119812	Validation.UMCG9189151	Validation.UMCG9830707
MT_M001	1512.26	512.29	3716.93	21.9432	0.0	0.0	30.5309	0.0	4600.62	103.826	3884.05	75.9363	216.509	224.631	31.0454	8213.39	65.7576	0.0	942.316	0.0	30.1586	34.7475	31.3472	0.0	17059.7	146.185	3434.58	35.0694	185.624	536.451	3413.57	0.0	10379.9	0.0	205.995	278.527	676.243	21.6407	8770.18	65.9485	7441.09	40.4998	0.0	69.6335	0.0	0.0	0.0	227.763	0.0	21.5948	0.0	135.516	0.0	0.0	0.0	48.4896	10.1083	11.368	221.692	0.0	21.1713	29.1459	0.0	14.9687	3750.84	2399.59	15.9753	8341.56	0.0	299.642	0.0	55.6009	8475.28	38.1702	30.0918	0.0	255.097	0.0	132.988	68.4873	131.204	187.074	0.0	339.429	0.0	0.0	3993.63	0.0	40.6423	0.0	3668.69	19.4033	1907.26	54.6932	0.0	0.0	2611.37	248.327	92.2068	0.0	161.677	277.449	18.0447	0.0	43.1899	0.0	0.0	0.0	0.0	0.0	0.0	0.0	132.019	573.658	1388.46	0.0	19.0522	22.5742	0.0	946.911	0.0	142.844	14348.4	2285.29	211.962	0.0	0.0	0.0	0.0	0.0	0.0	0.0	0.0	15.5398	78.0861	0.0	44.0608	0.0	11.4564	48.262	0.0	52.5766	0.0	4294.91	0.0	117.567	0.0	453.976	0.0	0.0	0.0	0.0	2930.07	0.0	51.9477	0.0	29.8075	7598.45	158.419	1457.85	300.016	163.158	2354.35	1768.09	365.641	27.4639	0.0	23.739	0.0	2209.93	2249.23	240.758	39.4383	0.0	101.927	8614.41	0.0	0.0	3874.08	50.6686	0.0	1927.64	0.0	4556.41	38.949	0.0	442.34	0.0	0.0	35.4769	38.0693	269.757	10673.3	0.0	18.075	0.0	214.648	32.5855	0.0	43.1469	0.0	42.2913	0.0	85.6823	182.5	0.0	3479.96	794.604	0.0	0.0	51.4967	17.0828	33.3707	247.841	19.9892	199.568	651.703	9.63701	0.0	28.6855
MT_M002	51.2708	30.878	0.0	771.302	505.462	14360.8	2203.29	2879.63	3009.6	9042.52	240.09	1833.42	841.508	605.965	131.987	48.8503	1505.09	5213.71	4658.18	11459.5	0.0	11830.4	573.648	430.456	16.7204	1864.6	389.472	53.0783	48.3129	786.798	0.0	3928.28	49.6267	112.357	182.74	35.9004	23.5085	9689.91	62.778	1180.06	403.843	0.0	7305.49	500.836	20600.7	2012.34	362.392	0.0	26290.6	17341.3	2048.69	36.4571	40.9916	340.502	510.386	81.4965	0.0	7152.95	28.8178	411.444	0.0	1571.31	3665.08	563.11	1978.14	51.8982	26.6428	0.0	0.0	198.42	3117.34	2536.48	605.253	3267.16	0.0	0.0	12141.6	253.912	2287.23	477.925	0.0	1477.13	30.788	0.0	271.69	40.8767	13505.5	13183.2	6381.56	475.463	26.2343	0.0	240.79	1808.36	645.066	761.892	613.597	0.0	0.0	2110.88	2811.53	755.537	130.19	157.973	35.4099	42.4869	336.536	0.0	15391.0	14194.8	20.3432	12155.4	47.5828	43.6342	0.0	19.8289	71.644	9499.2	0.0	458.032	0.0	24.1992	474.379	567.234	3119.84	36.8944	0.0	1473.69	0.0	39741.7	7706.93	21801.3	8488.13	446.353	764.838	2458.84	123.391	3049.08	7890.61	4741.86	18838.2	30.6309	5246.02	47.4969	3180.37	0.0	278.052	35.302	8167.68	8961.82	35.5195	686.656	386.223	1958.0	511.58	31.3007	988.302	159.28	20.3489	26.8665	87.2018	37.0432	194.491	26.4747	25.0376	1018.12	217.499	16.9737	158.085	146.392	15.1022	171.122	34.1708	10120.0	480.476	63.3392	0.0	18139.6	0.0	7867.12	14.8467	0.0	10664.0	54.9417	2303.85	21189.9	25.9831	3724.1	478.747	771.883	162.667	37.8631	872.083	482.747	305.212	18.7753	3011.15	2717.51	27.0702	7514.81	28630.0	2863.69	0.0	51.3209	122.894	19049.5	26.0934	45.2145	2051.13	14.8455	0.0	1937.43	364.846	323.298	92.1972	27.1466	785.244	6156.79	265.652	2380.87
MT_M003	603.603	345.589	32.4742	185.238	801.631	0.0	0.0	532.358	1767.87	0.0	1176.73	0.0	0.0	25.9046	2211.46	48.9818	306.247	1511.0	1421.58	38.6447	349.841	52.2929	151.741	538.659	18.2849	317.372	1908.85	16.4705	27.9442	68.5789	32.0888	19.8462	0.0	746.444	42.8755	1069.47	1391.55	905.257	26.5629	18.2664	1315.48	37.1544	0.0	409.575	0.0	236.535	442.006	0.0	0.0	0.0	301.301	2473.66	0.0	635.344	0.0	0.0	0.0	308.846	0.0	0.0	0.0	255.724	1618.1	0.0	1487.45	0.0	0.0	0.0	0.0	500.174	3064.37	918.432	286.16	2062.41	1984.06	264.033	455.865	442.127	342.015	0.0	0.0	1062.68	0.0	613.01	195.832	0.0	507.067	18.1951	859.188	0.0	1151.3	0.0	33.1672	4.07533	1413.23	28.2307	957.736	37.489	0.0	1347.19	351.853	141.79	0.0	352.274	0.0	130.351	148.523	0.0	0.0	228.188	26.5657	0.0	0.0	14.5081	9.9657	53.2049	0.0	107.729	570.263	10.6491	0.0	24.6307	775.76	435.017	563.419	0.0	166.96	0.0	0.0	0.0	0.0	0.0	27.7454	78.2411	0.0	182.225	0.0	0.0	550.165	1215.84	209.86	0.0	408.091	178.357	0.0	0.0	474.87	21.8715	22.8585	2049.72	0.0	0.0	2860.94	156.995	36.8432	0.0	612.952	147.021	0.0	25.1811	1206.0	0.0	0.0	43.093	26.8028	0.0	163.177	58.6743	0.0	6796.84	11.5015	563.129	844.481	947.748	1687.8	24.9798	0.0	489.897	33.1708	257.727	374.139	56.6832	1054.88	737.27	1550.25	57.2083	0.0	525.251	653.156	0.0	27.9476	1156.66	1433.25	0.0	16.7607	24.6505	0.0	1140.85	0.0	294.755	470.022	2178.22	0.0	0.0	3722.72	587.102	0.0	62.2269	7.90518	0.0	13.5744	398.82	0.0	25.4442	0.0	0.0	0.0	941.569	8.39774	1469.01
MT_M004	0.0	0.0	0.0	0.0	0.0	59141.6	740.035	0.0	15.2102	6.78147	14.8356	10.3933	61.2982	0.0	17.7731	0.0	0.0	32.5485	9.37488	141.674	5.37395	0.0	12.4101	64.0001	0.0	9.21986	0.0	0.0	31.432	0.0	0.0	1474.6	22.9727	6.81205	0.0	15.7236	0.0	6.29244	0.0	22.9972	17.5025	8.13744	30.2477	6.83489	279.043	0.0	19.4252	43.4617	466.987	21.125	409.077	0.0	7393.91	192.181	1282.61	0.0	11375.8	819.452	0.0	3733.05	54899.0	950.764	0.0	8.00086	126.726	0.0	14.0682	47.0707	2531.2	24.6881	20.5758	43.0356	5.02525	16.2499	6.66602	16333.4	8.40427	0.0	0.0	4232.78	7.40167	12.4587	0.0	11.2602	941.424	99841.7	35.8811	685.622	19.0534	5845.3	70.1543	13.238	23.3823	25.7189	0.0	1754.39	0.0	84.9951	33840.1	16.109	8.84487	11.2687	0.0	11.3154	217.429	97.1415	370.457	4680.29	66.9549	31.587	0.0	4847.31	0.0	0.0	0.0	0.0	75.2086	13.5249	21.9781	12.4563	0.0	0.0	0.0	0.0	19.1799	7.10243	0.0	289.199	62.4252	33615.0	57.8098	123.915	23576.9	7.59623	0.0	15.3493	0.0	1050.15	206.166	628.778	103.57	0.0	50.8733	70.9749	791.789	0.0	452.854	17.1672	613.882	112.47	0.0	34.77	45.2667	15706.3	36.3955	0.0	12.5116	5.66884	0.0	5.94543	0.0	0.0	0.0	0.0	0.0	0.0	0.0	0.0	9.96577	0.0	0.0	0.0	8.58979	0.0	10.6837	10.6356	7.73544	0.0	0.0	29.4683	5.45564	0.0	0.0	0.0	6.74609	16.6036	0.0	6.62998	0.0	8.11554	221.576	0.0	38.4239	6805.42	9.66711	9.86359	19399.4	3.25808	219.458	9.06609	14.2	0.0	0.0	15.4462	7.77227	16.0704	0.0	7.3936	0.0	0.0	7.88457	11.1129	125.466	0.0	663.19	0.0	11.1324	556.183	0.0	121.074
MT_M005	235.861	109.167	227.94	77.5904	94.4461	6334.61	5901.52	319.347	3759.68	12973.6	20589.1	40.8616	187.114	122.14	264.038	11.7908	10.9881	356.962	1913.59	14053.8	10.9155	2147.99	1762.05	13866.8	11661.1	11556.0	9.5955	1236.0	21479.0	23.2896	204.555	9875.69	16.1214	844.091	13.1866	5900.83	48.5016	110.047	0.0	7.38985	82.9987	15864.9	9246.21	166.107	23370.9	664.838	10723.8	32124.6	14966.5	5625.76	7116.11	6307.47	12118.4	6257.07	9868.56	418.149	11335.7	6508.98	192.543	0.0	17097.9	44929.0	28.86	13.4141	45.6832	335.408	17.9648	160.674	24956.7	2222.75	171.407	43471.5	27.1122	499.325	168.293	5863.85	20616.2	357.11	8506.98	8324.75	16.7844	8846.56	1046.32	332.934	2354.68	23764.3	12746.3	18914.0	59.565	70097.3	5543.85	9.02349	1279.61	25263.9	43.061	1916.68	13093.3	6318.42	25463.1	286.943	92.1244	8464.02	34.1664	3270.58	538.456	135.721	20756.1	9913.31	13345.7	8436.22	15.0353	19849.7	56.3893	0.0	52.0072	36.4138	94.718	25.6633	20.3822	54.3419	21.7952	35.627	0.0	0.0	1154.75	192.39	101.265	16140.2	13814.7	22253.0	9916.1	24167.3	27516.3	292.407	16013.2	2128.55	147.25	10582.3	102.125	7795.94	28206.8	62.3649	1621.28	32.69	38052.3	26.4205	5785.79	489.073	14555.3	979.489	37.9068	13650.7	65.5967	51843.7	39.2559	12.6692	13.2954	27.4923	1294.55	13.0986	25.8786	349.395	25.529	99.0559	33.0323	37.5983	5184.43	30.3166	14.9926	55.8089	0.0	15.0687	61.2162	1274.28	34.829	23.7516	15.8274	7267.6	74.6713	9175.57	4629.22	198.04	344.992	289.72	24.3664	34927.3	46.9813	22267.5	11.385	76.5946	493.613	462.154	155.632	16408.4	2987.15	8.2581	18021.6	178.633	2653.31	19186.0	24309.8	31.7367	0.0	179.94	1485.57	38.3717	66.5045	56.3067	2899.08	7531.53	330.063	2783.87	5708.51	227.238	9029.83	1527.51	40.8609	3432.77	17.5781	1892.56
MT_M006	0.0	0.0	0.0	1035.21	0.0	13.3374	0.0	73627.3	100.361	44.7147	26.0326	0.0	0.0	0.0	631.811	0.0	0.0	1470.59	28.8916	46.624	0.0	488.51	23.1308	19205.4	10.2401	88.2341	0.0	9.96307	0.0	0.0	0.0	126.865	0.0	494.224	0.0	10.061	0.0	538.941	6.58177	0.0	11.887	0.0	0.0	15.8926	43360.1	0.0	61.3842	0.0	0.0	0.0	1329.24	0.0	8.65408	1952.36	13.2716	0.0	0.0	807.525	0.0	8.19787	0.0	0.0	11.2719	0.0	2377.41	8.19435	0.0	4.24944	20.531	0.0	20488.2	630.651	5.45059	148.783	319.593	0.0	28.8771	5.73699	57158.9	30.2101	0.0	0.0	6.00179	0.0	11.718	8.27806	117.568	17.0249	5.84186	0.0	108.335	4.0424	106.87	0.0	12.1251	69.2808	316.549	155.522	6.62027	203.783	45.3452	77.8191	0.0	61.0093	7.49729	10.1149	200.197	0.0	15.4866	5526.5	0.0	0.0	0.0	0.0	0.0	0.0	0.0	0.0	0.0	0.0	0.0	15.549	0.0	0.0	275.451	0.0	34.3623	761.957	0.0	0.0	0.0	0.0	0.0	0.0	0.0	461.843	0.0	15.894	362.609	12.257	371.45	0.0	445.057	16.771	7.87871	0.0	179.841	0.0	0.0	758.44	0.0	15.2214	0.0	174.197	0.0	0.0	0.0	0.0	0.0	20.915	0.0	0.0	0.0	0.0	19.3141	0.0	1062.7	10.5963	0.0	47914.7	14.6445	0.0	0.0	37.3789	16.6072	6.08726	75223.6	931.214	5.57314	275.174	8.4772	0.0	231.671	0.0	0.0	3.79068	0.0	827.338	0.0	0.0	1923.46	951.33	0.0	0.0	31.1306	0.0	810.016	35.8355	0.0	594.887	251.932	43.4848	9.58815	0.0	0.0	27.8385	0.0	4.30288	4.50279	0.0	0.0	121.441	3.84264	0.0	0.0	0.0	0.0	773.149	0.0	38.5782
MT_M007	26.4609	20.8145	0.0	29.9669	15.5281	376.405	130397.0	261.148	91.9393	202.929	123.494	149.971	584.385	178.571	150.424	31.2756	0.0	131.533	93.1832	1626.11	0.0	509.143	202.919	115.171	68.3103	32.7139	70.6824	16.5282	89.3371	18.974	37.3464	163.846	0.0	36.6919	15.717	50.8802	21.6152	52.3079	37.2278	29.3374	71.9926	60.7821	58.4818	739.248	204.895	0.0	27.1923	20860.8	65100.1	939.205	139.654	40.6672	49.1636	0.0	377.256	42.3918	55044.4	164.867	20.2384	52.7074	475.699	28.6895	1951.86	0.0	27.1708	184.307	0.0	27.7644	166.994	0.0	131.717	1835.42	16.8457	1105.28	66.1125	0.0	0.0	0.0	12.5177	495.758	37.9162	179.822	19.7923	20.6415	45.7509	28288.2	177.932	8420.89	406.631	84196.5	554.103	29.6278	73.1243	34673.4	178.244	356.553	241.02	0.0	150809.0	1141.02	697.606	44.1168	108.14	884.606	31.8386	0.0	9553.17	236557.0	209.678	53.3965	180.273	542.217	101.592	91.0789	36.3048	21.4885	94.1651	93.2099	0.0	177.296	24.836	66.5419	357.984	13.9689	0.0	24.095	54.4845	2298.4	1318.85	319.275	7631.24	2561.21	1381.25	0.0	433.549	72.9537	32.0122	104656.0	52.1535	8567.38	340.896	33.6716	13.6723	0.0	48.9518	52.0839	452.268	77.0067	2080.02	4287.57	0.0	0.0	616.761	2042.71	64.8091	32.0073	0.0	0.0	70.0808	27.3962	42.3243	0.0	21.8228	18.8499	14.3603	251.728	26.3047	14.8322	40.4979	114.784	0.0	24.2947	0.0	14.448	1216.67	37.4382	38.6362	5017.18	63.0922	2257.11	0.0	26.854	355.252	23.1751	21.0857	34432.1	18.8643	71.5307	22.2601	41.121	0.0	75.9854	87.5874	49578.7	33.1869	0.0	3035.32	27.8285	0.0	63.3378	1961.13	750.072	164.137	5.13547	51.7179	31.7017	1664.31	23.6884	0.0	38.8657	46.6366	0.0	232.711	0.0	43.1335	43.763	42.7467	140.772	15.5502	327.071
MT_M008	838.432	6125.06	197.122	126.677	0.0	0.0	45.4201	1128.27	305.604	28.6614	36.3755	10463.8	61.951	0.0	389.631	1018.52	70.9544	41.0539	16.8721	101.944	3052.1	60.0275	17603.9	511.133	68.5253	857.411	76.4151	85.2726	0.0	14460.6	34.2367	65.814	0.0	50.3011	22.9497	16.7183	416.571	56.4064	36.6488	32.3386	1131.71	349.331	112.232	174.415	9298.36	322.054	132.246	126.039	370.744	488.477	0.0	26.3088	517.238	150.754	0.0	61.0939	1777.12	397.952	0.0	0.0	0.0	0.0	716.451	0.0	104.694	16248.7	0.0	139.937	0.0	5950.88	32.3323	15.2974	47.8796	208.956	0.0	0.0	0.0	2123.91	58.2133	203.413	0.0	123.722	0.0	22.38	34.4465	0.0	267.984	66.0542	66.18	48.5171	46.6282	18.6764	83.8532	69.1789	30.357	49.5634	738.964	37.3225	0.0	156.39	9.61363	0.0	45.8147	98.5712	32.6924	75.1559	4.29732	0.0	0.0	34.3041	27.6955	0.0	0.0	36.5353	211.03	12535.7	0.0	0.0	75.9342	2441.22	64.5721	0.0	1161.49	374.729	86.0013	151.532	146.092	0.0	23.4496	0.0	0.0	171.104	60.774	9159.23	27.3781	0.0	57.0509	299.539	97.5264	0.0	1.87276	88.5096	8.98794	68.4173	114.578	27.254	245.421	127.648	0.0	80.8038	246.391	0.0	0.0	14.3177	61.9265	0.0	0.0	73.0591	13.4255	2833.51	103.763	516.736	26.1788	391.372	92.2469	378.729	565.608	0.0	5305.67	253.016	40.2646	44.6392	0.0	34.532	2155.94	26.6466	52.2864	1801.1	17.0255	0.0	0.0	0.0	21.3702	32.5791	2026.59	5808.25	47.345	9.70359	2550.61	11.1429	12412.2	1632.32	2743.76	4701.11	1173.83	54.8412	41.7511	455.457	0.0	52.1082	6049.72	255.637	32.3776	283.219	52.2297	251.023	204.19	657.337	12.2873	70.0968	1033.66	8.68263	124.711	0.0	11.5457	13.9017	13.7675	1343.37	184.485	2444.94
MT_M009	223.411	720.401	1825.62	1016.67	1306.05	0.0	0.0	2075.96	0.0	286.419	0.0	1335.83	480.637	333.161	1562.9	2531.86	1290.28	771.155	195.61	0.0	1764.9	466.193	3411.16	395.823	1094.04	2850.49	6246.05	976.063	2200.08	252.949	900.537	16.6137	4196.98	90.2305	2808.49	2032.76	93.7922	2407.82	2418.53	66.4504	1581.7	1952.21	22.5377	20.5883	13.6324	800.539	876.639	0.0	0.0	4.19019	247.045	1065.42	223.072	69.6317	16.6888	177.868	0.0	19.4829	599.775	1557.51	0.0	304.896	253.938	346.631	600.428	1962.0	1374.0	232.261	0.0	2712.06	7.66479	1062.23	217.638	344.611	1033.89	0.0	139.715	161.43	0.0	0.0	370.931	1443.33	0.0	0.0	80.0691	0.0	54.8258	0.0	38.7002	0.0	277.758	334.61	864.161	200.664	874.344	12.3827	348.389	940.782	0.0	2413.77	0.0	26.249	1119.59	633.703	1155.38	1202.57	2313.0	0.0	13.5533	831.025	303.843	1222.71	755.8	359.556	1188.02	17.525	1939.66	4488.04	2474.8	360.2	1065.68	383.939	37.2754	81.6879	887.648	2093.42	1294.44	0.0	0.0	0.0	0.0	0.0	0.0	1211.79	12.9638	25.9901	23.6696	0.0	980.45	0.0	1719.11	1671.93	927.259	6146.5	0.0	1494.08	124.16	5721.36	0.0	438.385	431.763	91.4882	238.4	934.428	1222.06	987.394	806.279	839.004	647.367	23.9578	344.517	840.381	1173.76	677.473	12.6546	29.259	596.191	4.39125	66.1704	219.249	85.1117	46.7988	979.738	211.019	19.1847	356.312	406.116	30.578	9.12678	0.0	17.8957	2627.64	23.4932	575.611	2277.29	0.0	517.484	326.048	150.439	172.542	0.0	525.086	210.841	0.0	1088.47	224.83	0.0	431.87	679.267	156.977	9.23586	179.714	1445.23	18.0424	44.6687	65.9767	266.114	338.62	80.6872	394.407	244.012	293.313	414.432	24.4787	0.0	321.587	60.2696	270.641	263.63	956.033
MT_M010	22.162	274.862	327.807	267.64	0.0	0.0	66.4396	0.0	313.263	14.0662	983.762	21.3156	304.592	392.361	0.0	634.969	257.077	393.291	116.851	0.0	0.0	0.0	4352.28	37.5575	26.9367	592.622	159.077	62.2224	221.347	361.934	588.955	0.0	4588.07	32.2532	613.402	515.293	46.234	579.87	77.0088	123.183	142.844	1651.16	0.0	0.0	1019.71	27.1361	913.158	12.6811	18.4573	0.0	0.0	111.667	0.0	0.0	0.0	90.9964	0.0	107.887	1972.45	134.672	0.0	29.4959	0.0	0.0	34.1191	76.5739	539.946	60.1721	0.0	49.2333	155.323	803.133	1364.3	49.9754	55.5959	0.0	60.4492	0.0	0.0	0.0	366.684	165.045	0.0	0.0	0.0	0.0	0.0	17.8088	37.1837	0.0	917.711	713.953	257.987	8432.74	50.0495	0.0	0.0	84.8895	43.3872	0.0	115.322	12.269	432.074	768.202	77.0028	189.391	9099.66	25.8074	0.0	272.67	857.954	0.0	4963.99	183.162	429.216	769.047	195.576	31.3586	119.181	46.8795	2339.77	277.123	280.685	65.0522	66.7575	56.2346	0.0	0.0	105.577	93.0734	0.0	55.9093	34.6981	0.0	77.3819	0.0	551.266	0.0	118.832	56.362	230.881	40.2546	69.6079	42.0142	0.0	177.57	0.0	50.7717	0.0	0.0	87.3296	155.017	0.0	122.137	0.0	1397.51	31.1022	254.205	2505.52	515.998	3318.96	121.716	189.773	649.09	110.58	154.743	384.066	121.877	407.006	153.042	319.275	155.751	55.3015	81.7119	391.089	39.5301	137.282	284.566	1130.7	0.0	636.499	608.36	203.2	0.0	649.324	0.0	69.0591	0.0	206.664	0.0	0.0	226.823	110.562	0.0	107.256	0.0	0.0	42.4515	42.6977	0.0	42.0358	140.673	1679.31	252.237	818.232	13.8245	0.0	1100.66	522.395	1343.31	812.342	7.9714	0.0	0.0	0.0	1251.48	22.2666	15.7296	1061.73	770.488
MT_M011	134.198	144.214	6853.62	176.001	162.624	0.0	0.0	242.451	139.574	1291.34	536.243	2336.06	2830.84	3840.36	260.844	17456.0	107.885	509.424	31.237	1042.22	39.7341	0.0	14174.7	10440.0	2396.18	5092.8	133.276	1628.85	9101.74	10072.2	3636.29	437.389	3862.02	10914.0	3325.88	266.598	174.319	465.078	12678.2	6483.54	206.97	8814.2	113.511	532.004	8.46034	162.717	9014.84	0.0	1.77383	32.3056	326.294	85.7133	129.373	191.231	24072.4	760.989	0.0	270.38	949.687	1051.29	0.0	165.743	4509.44	4207.63	192.292	3330.18	4514.28	581.378	0.0	74.6254	432.196	67.0138	75.4105	312.973	1429.35	6251.86	8.17684	1576.4	290.638	26.4185	5809.06	303.383	1599.16	21.8977	18480.4	0.0	410.806	506.891	476.79	160.714	136.305	1093.81	13342.0	6.31559	346.909	70.096	148.901	1261.23	5.56528	124.494	462.656	1396.53	4870.52	196.715	671.241	76.2272	131.653	0.0	63.2251	46.1874	14177.7	0.0	5509.91	6479.46	13079.2	13584.0	1424.29	45.3899	45.2389	4295.3	12792.5	23091.4	122.232	84.5079	545.292	2141.73	48.6175	88.406	26.3247	27.6377	101.254	12.1708	154.456	215.919	18.6408	104.878	394.536	0.0	460.512	46.0177	253.434	309.085	3914.89	32.7095	314.101	1766.08	80.104	2390.84	189.852	0.0	601.282	23.2005	147.293	1378.43	3894.01	2216.18	779.526	23.1688	1638.44	4033.4	11666.2	4499.91	2755.02	21660.7	6804.99	5484.19	5490.12	6568.42	3293.61	18003.2	5586.77	4924.36	16.7804	157.528	33387.6	8657.02	3988.43	631.289	6473.2	552.093	2457.98	3375.73	312.343	9908.92	50.3239	2850.32	1019.54	835.294	33.8006	421.978	10110.4	4756.93	23.2661	0.0	1250.32	864.652	6.03759	109.921	1129.78	118.749	0.0	312.91	6008.5	395.162	593.916	125.992	15393.9	3234.81	2489.58	6787.06	1421.32	28565.0	1095.28	14407.8	0.0	1347.09	12616.4	946.996	2088.27	259.455
MT_M012	0.0	0.0	0.0	0.0	0.0	0.0	124.87	0.0	0.0	0.0	0.0	23.3089	3.44483	0.0	0.0	1.80533	40.8508	0.0	13395.2	0.0	0.0	0.0	11.0603	506.113	0.0	60.4935	58.2956	35.9579	6.616	17.4422	18.3755	0.0	0.0	0.0	29.5684	0.0	14.3638	3.35417	0.0	6.99413	0.0	0.0	0.0	4.46459	9.65451	0.0	19.7005	51.6432	0.0	0.0	0.0	12.9087	26.3493	0.0	0.0	190.73	34.0144	0.0	102.517	53.0497	0.0	26.6129	9.25445	5.89374	0.0	0.0	0.0	11.9417	0.0	0.0	0.0	0.0	327.722	0.0	0.0	35.3993	0.0	1341.1	0.0	0.0	35.8069	234.312	0.0	0.0	0.0	0.0	0.0	0.0	1115.88	0.0	79.0152	0.0	0.0	812.106	15.8484	30.0101	14.7416	47384.7	96.8483	0.0	0.0	1404.2	335.351	0.0	0.0	0.0	11.775	0.0	21409.6	0.0	0.0	0.0	14.4362	0.0	65.3194	6801.46	20.0544	55.5171	0.0	19.1825	0.0	0.0	0.0	0.0	0.0	57.0217	0.0	0.0	0.0	0.0	0.0	0.0	0.0	2455.17	2704.76	25.5987	0.0	0.0	0.0	0.0	0.0	0.0	0.0	17071.1	0.0	54.4516	0.0	0.0	969.995	0.0	10.0507	0.0	0.0	0.0	0.0	3180.26	3797.42	23.3428	109.334	11.0372	2.40242	0.0	14.4407	34.7834	0.0	0.0	0.0	33.5274	40.1981	139.4	26.773	0.0	336.223	28.0096	33.4683	2.90768	29.064	12.9735	530.87	0.0	87.2326	90.1124	121.571	35.6181	172.47	117.738	84.8573	0.0	48.2899	105.37	0.0	313.895	4469.56	0.0	116.899	15.4448	283.141	57.1783	16.2795	25.9132	738.046	0.0	36.2547	18.967	60.3141	0.0	60.4283	195.268	0.0	228.866	43.9029	0.0	25.0934	214.001	0.0	109.717	85.8453	0.0	0.0	0.0
MT_M013	1478.14	33.0416	62.0994	319.145	0.0	7.54341	0.0	316.531	603.874	240.357	238.364	775.277	192.823	206.642	638.932	0.0	30.674	409.761	0.0	1628.67	524.579	0.0	55.5742	101.254	37.0204	26.4848	41.3952	23.1923	914.056	31.7154	23.8118	102.284	0.0	0.0	12.4796	707.566	523.115	16.3144	101.499	19.9142	1947.66	0.0	156.973	1194.4	53.945	12.3052	41.2812	0.0	0.0	0.0	0.0	0.0	813.537	124.557	0.0	136.237	0.0	62.4306	37.4108	19.4645	0.0	27.1085	26252.5	8.03531	0.0	22.1381	18.5752	22.976	0.0	12.2354	1221.73	2339.87	953.622	361.938	328.32	0.0	14.4929	28.9786	441.895	60.6728	0.0	3491.39	26.3264	29.8376	0.0	0.0	0.0	277.813	7.67695	0.0	354.726	0.0	57.5739	52130.4	2869.75	72.4105	2556.88	0.0	0.0	882.913	868.615	22.5602	86.7636	115.972	22.468	0.0	2691.18	0.0	0.0	8.6506	305.028	0.0	25.7898	265.938	35.2	85.0243	10.1529	23.7649	24.4969	97.894	0.0	26.4011	773.152	41.2141	0.0	18.2981	218.761	315.244	0.0	0.0	0.0	78.0025	229.998	9.02505	4271.78	20.9375	13.6209	0.0	23.6642	837.726	107.145	32.7128	9.18287	0.0	0.0	61.2177	59.3565	552.598	4815.27	39.8697	0.0	0.0	228.62	777.653	0.0	0.0	0.0	13.8649	0.0	21.0162	19.3876	15.8623	17.9227	0.0	21.9834	3311.38	55.6228	0.0	32.992	51.7966	0.0	20.7691	0.0	9.05722	827.875	26.7701	45.2837	0.0	177.136	217.014	0.0	23.8139	1937.94	49.996	0.0	0.0	133.356	0.0	26.0677	278.991	11.4253	158.296	676.594	0.0	63.0132	0.0	298.243	2693.67	16.8362	1049.9	0.0	348.929	67.9274	18.7194	43.0061	8.49394	600.934	38.8286	66.0734	43.8093	30.4203	63.8418	2194.81	6.36106	0.0	24.5715	38.1051	30.4399	529.103	530.02
MT_M014	0.0	18.6717	10.4716	0.0	0.0	0.0	211.526	0.0	0.0	0.0	11.3727	64.8777	0.0	0.0	0.0	0.0	64.6498	0.0	3809.59	0.0	29.479	0.0	29.002	1076.71	0.0	132.566	83.0623	81.8098	29.9125	47.0019	38.7666	0.0	16.2918	0.0	69.3098	0.0	31.3202	13.3235	16.2144	23.4223	33.6173	17.4273	0.0	31.5006	29.5143	0.0	32.2413	109.708	0.0	0.0	43.0603	25.8926	0.0	0.0	0.0	559.843	95.1666	14.2435	212.722	108.76	27.7947	63.1329	27.2753	25.4648	0.0	0.0	0.0	13.773	41.418	34.574	0.0	37.999	519.573	0.0	35.5768	51.3064	0.0	2361.52	0.0	54.2478	60.6053	506.329	0.0	25.2569	30.0635	0.0	0.0	0.0	2040.12	0.0	153.455	17.0556	26.6662	1421.75	31.1987	0.0	29.6943	12859.8	259.499	0.0	0.0	1219.24	394.188	23.433	0.0	43.1434	46.8175	0.0	6163.55	0.0	0.0	0.0	28.018	0.0	201.449	4372.32	9.59544	171.377	0.0	50.9861	0.0	12.3504	0.0	0.0	42.7835	139.161	0.0	0.0	0.0	0.0	127.299	49.617	49.7555	3488.12	3778.8	75.8569	36.3056	0.0	53.856	50.5188	0.0	0.0	0.0	9919.37	0.0	111.363	0.0	0.0	2523.55	93.5788	11.3552	44.1684	0.0	76.4543	0.0	3585.81	4084.78	34.8428	210.539	20.7589	0.0	19.0641	0.0	14.402	0.0	20.6105	20.7335	49.7224	236.156	344.329	53.6325	22.3896	395.596	67.0864	80.0923	35.7423	60.1715	34.3723	1047.86	27.7637	145.644	183.526	297.433	85.924	436.791	345.262	199.398	21.9997	190.189	218.495	0.0	734.956	3898.89	0.0	211.49	87.6853	509.462	120.287	46.7558	63.3703	1786.06	37.7375	87.948	44.9816	67.3968	33.6596	158.86	304.428	0.0	282.962	98.9426	24.0023	54.3553	271.73	0.0	277.478	236.653	0.0	97.2374	0.0
MT_M015	67599.1	32517.6	44962.8	40411.9	58419.2	90.6133	124.433	55712.6	31893.5	32200.3	33620.0	50469.2	35301.2	42222.5	69977.9	52197.0	45022.3	56181.6	16.0039	57798.3	43314.3	95.5533	15155.4	66763.4	27939.6	50384.5	46062.1	44615.1	46310.3	35143.4	41171.2	28871.2	48211.4	48388.9	36725.5	40664.5	44353.6	39129.7	59353.5	50318.0	48119.3	19402.6	66478.5	44762.2	147.205	39322.6	92330.1	0.0	231.853	98.4084	3236.54	40581.4	49443.1	30749.9	858.619	73890.7	69.3639	28314.5	71596.1	52931.3	0.0	45510.9	42200.0	33469.0	56048.9	19965.9	42081.0	36564.2	185.842	38981.0	41058.3	38256.0	43954.6	36660.1	58042.5	1372.49	41838.5	59418.9	41638.0	5988.06	51402.9	65442.5	84016.2	50695.9	4795.35	180.575	79.4496	3268.16	520.7	0.0	42605.2	47154.3	62261.5	35325.8	37912.3	6936.53	53567.4	26904.8	186.101	33595.7	44747.8	24900.9	31170.5	4776.82	36030.1	58833.6	24854.2	387.475	157.658	20256.8	58320.8	114.71	12781.5	36752.3	55601.4	33181.2	42741.8	35635.6	58996.9	45845.1	85670.1	41972.8	64708.0	38875.7	52354.3	61627.1	24283.0	3644.02	59.5232	150.61	114.857	8865.35	40467.9	50241.7	27342.9	28263.1	18391.9	0.0	45147.9	11489.9	23849.7	23274.9	47807.6	49476.2	57.9639	45574.9	7305.02	56486.9	83704.5	1285.33	26352.3	19803.9	75201.3	102518.0	80980.8	38013.4	40894.7	28835.7	53070.5	56131.5	56113.0	77843.5	49330.3	54337.0	52541.5	75257.1	65946.4	61049.8	21766.9	40311.6	45923.2	59357.8	37219.3	17606.1	63995.1	13226.7	61071.8	1281.58	41543.1	25807.1	25733.9	39547.6	36300.0	62403.3	35986.5	0.0	31806.6	100.227	31600.2	27554.2	8242.2	40726.8	23865.8	0.0	44193.1	6266.06	11455.8	56232.9	34488.4	30021.3	616.441	40402.8	62370.8	50400.8	13985.1	30042.0	71679.9	41915.2	43278.8	71142.4	3515.94	26581.4	43310.2	28147.2	0.0	40172.3	51937.6	8223.77	39064.8	24783.3
MT_M016	634.244	251.187	2208.73	236.346	0.0	0.0	195.769	0.0	1652.76	34.3239	1779.28	321.278	133.861	140.13	76.4815	9543.28	74.8726	164.963	1357.38	21.8048	84.4696	24.3297	556.67	55.81	12074.1	268.247	1349.6	114.672	119.442	364.38	1293.49	33.9249	4642.5	0.0	323.605	246.355	476.789	158.517	2579.78	163.007	3133.13	131.837	0.0	35.7645	0.0	26.5592	54.8101	445.589	0.0	0.0	0.0	157.711	46.9001	28.8358	0.0	140.522	9.8677	15.3093	154.482	56.2549	0.0	66.9508	16.3581	49.1052	1274.78	2753.13	23.0851	9207.7	68.2738	1003.08	59.2673	292.235	6279.28	262.274	0.0	47.8945	260.354	75.3623	249.488	355.918	94.0716	218.713	242.535	236.064	70.191	0.0	1420.16	0.0	311.322	0.0	2824.01	34.1381	1092.22	265.078	19.217	0.0	3116.22	124.939	116.132	0.0	376.236	247.302	146.691	216.139	49.006	125.794	24.7614	54.6172	11.4358	0.0	50.7992	0.0	444.811	347.014	2420.03	26.7618	19.0023	48.7128	20.0673	548.268	29.9426	114.275	6107.83	1659.64	165.215	61.3847	141.305	36.0444	0.0	37.7044	0.0	60.5293	0.0	15.5403	170.875	78.327	147.614	0.0	20.5843	65.1047	43.9302	68.8031	126.454	2605.27	0.0	89.6245	23.9025	447.011	0.0	0.0	59.0301	84.2939	1487.03	0.0	171.256	24.3517	88.3412	5387.04	161.336	825.139	328.06	82.784	1412.98	754.93	177.728	97.3557	50.9374	0.0	23.8552	1068.42	3018.02	127.058	56.0246	64.882	66.3306	7260.08	0.0	12.5287	2630.3	115.859	0.0	820.095	0.0	2104.57	71.7079	51.5434	339.06	0.0	15.2931	57.8077	69.126	85.7513	9598.39	0.0	146.016	20.5052	259.837	53.7923	51.3581	127.479	35.1482	327.565	0.0	772.898	206.114	0.0	2137.65	393.675	0.0	45.4057	145.805	109.888	217.826	856.699	29.0677	138.381	409.215	0.0	0.0	67.6408
MT_M017	131.458	271.101	57.3461	114.772	469.962	0.0	3004.18	0.0	549.661	32.5193	18.4383	55.2458	171.932	619.166	25.9886	112.225	197.668	67.6685	256.448	30.1206	1928.65	0.0	925.224	19.4774	60.9402	106.392	112.489	61.8135	301.512	91.8809	32.8366	398.479	90.2246	136.869	422.149	51.1812	381.121	428.389	0.0	947.771	111.77	55.3724	0.0	824.087	0.0	0.0	0.0	78.668	0.0	0.0	0.0	166.523	31.1602	0.0	0.0	73.3754	0.0	65.8094	33.3556	30.1429	0.0	34.2089	0.0	96.8019	68.6585	31.8793	13.6123	41.7265	0.0	59.2945	0.0	0.0	139.021	94.4087	75.9105	95.8774	16.9839	25.0673	34.9354	99.884	62.3767	1171.92	40.8843	232.728	55.1734	0.0	0.0	44.4571	2104.76	0.0	233.063	33.4403	111.754	31.7242	934.609	53.0044	29.9171	33.5876	0.0	0.0	42.4457	578.592	920.671	72.5241	0.0	79.2372	300.562	0.0	17.3367	0.0	668.938	74.1837	215.554	8.54435	34.9208	101.566	22.7828	0.0	0.0	0.0	2251.16	26.4767	471.953	54.2118	28.9703	0.0	998.318	26.6912	0.0	0.0	0.0	0.0	43.8686	0.0	244.403	57.4933	218.28	0.0	27.4413	57.1929	38.8639	0.0	182.974	27.1414	0.0	26.861	26.5101	0.0	0.0	0.0	1194.88	484.455	63.4451	60.1203	0.0	35.7273	59.328	68.7783	98.9658	0.0	466.556	0.0	0.0	0.0	131.4	0.0	130.281	0.0	1978.94	0.0	56.0656	0.0	77.7894	67.1235	0.0	466.993	190.726	1334.2	78.9514	123.528	38.5529	33.4623	0.0	0.0	68.4523	21.6401	35.5991	0.0	1532.08	0.0	0.0	38.0777	66.6263	0.0	509.821	1887.96	75.5755	217.01	365.703	0.0	0.0	0.0	0.0	118.087	2657.65	0.0	41.9133	68.9394	27.8936	53.3752	282.404	31.0846	73.9208	1643.48	0.0	58.9347	0.0	0.0	792.531	0.0
MT_M018	278.776	39.6771	47.9639	31.4756	85.8906	5.88313	0.0	2002.01	50.2776	227.651	65.8807	123.838	172.497	871.935	334.309	95.558	289.196	127.407	0.0	2559.3	143.109	0.0	617.716	382.488	275.496	131.238	108.982	474.08	121.9	543.769	117.394	0.0	95.1729	160.756	54.7016	87.576	47.7673	56.2475	801.515	380.159	470.962	34.1571	62.3823	587.211	0.0	712.125	182.622	0.0	0.0	0.0	0.0	140.223	260.278	29.9317	0.0	210.202	0.0	34.3467	81.678	122.567	0.0	520.674	2560.71	131.083	174.478	58.5763	138.601	109.787	53.2994	274.097	105.43	66.0569	213.298	107.135	205.585	799.862	260.579	1242.98	152.739	95.065	64.9434	3018.55	323.784	555.245	64.719	0.0	0.0	25.7607	3.51546	0.0	392.146	126.903	378.258	10288.6	479.92	24.9834	909.927	44.834	0.0	2657.86	1425.59	46.5921	144.941	35.5919	71.0151	87.5617	3068.53	0.0	0.0	0.0	1062.19	0.0	0.0	35.5825	256.695	183.209	37.6118	358.332	186.267	367.216	0.0	45.4379	310.91	35.9218	0.0	473.881	250.47	85.1684	0.0	0.0	0.0	36.2465	157.873	78.289	4500.21	0.0	0.0	0.0	41.9145	1147.01	37.6548	266.46	17.7619	76.6895	0.0	606.59	521.469	168.417	3275.05	0.0	0.0	74.7816	4881.24	6910.83	1580.98	74.5067	79.0068	201.418	128.309	350.802	427.589	331.21	172.223	155.362	273.434	656.73	392.601	249.989	164.904	366.193	377.978	271.977	403.179	74.2404	6642.57	55.923	229.314	0.0	231.701	704.377	0.0	145.323	106.003	293.894	214.468	0.0	72.9419	0.0	77.7759	116.753	0.0	246.186	137.075	0.0	38.2377	0.0	250.01	1175.03	541.641	218.054	0.0	6960.07	1376.37	72.5461	97.7799	117.696	1371.26	274.432	493.805	221.642	0.0	648.19	378.794	32.1876	0.0	52.8776	357.178	0.0	112.196	166.499
MT_M019	0.0	0.0	0.0	101.769	28.3939	42.3319	5416.6	1131.91	37.4489	393.462	0.0	16.5327	129.909	224.731	58.2501	0.0	0.0	241.403	33.6284	598.221	16.7486	0.0	57.635	40.3714	10.7802	21.5526	16.3293	25.889	0.0	42.1097	18.0073	0.0	0.0	212.025	21.1668	0.0	12.0806	37.699	27.9145	20.8329	57.8851	0.0	0.0	78.9548	120.925	0.0	0.0	519.413	0.0	8917.46	22.9487	77.8946	65.5695	20.8819	0.0	20.3695	142.783	27.6275	0.0	42.5039	18.0263	281.518	21.814	8.51726	92.1341	0.0	0.0	36.7874	596.707	0.0	34.4223	146.494	30.5334	88.034	0.0	0.0	65.2196	9.2781	0.0	188.348	0.0	266.238	0.0	14.06	0.0	135777.0	417.279	61.6606	568.492	168.468	167.846	76.9984	42.6346	382.456	170.884	54.417	134.046	0.0	36.7426	2161.68	1205.5	0.0	22.5723	0.0	0.0	111.737	280.973	204.76	1448.31	162.405	27.1508	227.99	0.0	17.7171	0.0	12.3897	0.0	80.1937	10.4395	40.2225	0.0	0.0	27.263	0.0	65.5408	22.0365	17.3656	36.4343	63.6636	17.6016	7306.73	38.7436	148.032	9.21278	3997.11	63.2823	0.0	713.763	28.2768	1660.09	37.2834	0.0	28.3183	0.0	59.3416	0.0	64.7241	17.3861	20.1385	97.5133	0.0	144.927	996.345	267.399	362.788	0.0	16.0414	20.7513	0.0	17.6651	31.2906	13.3576	10.3973	25.2873	0.0	24.9979	17.9022	57.7441	16.8864	29.2648	21.5602	18.0424	27.0011	376.81	2076.15	18.5768	23.8101	644.276	20.3598	1202.01	0.0	0.0	103.231	74.5566	35.1901	2139.84	0.0	0.0	0.0	0.0	0.0	125.502	13.2113	187.201	0.0	0.0	6972.29	50.6505	704.968	46.1261	61.6918	3569.03	0.0	0.0	0.0	19.2164	89.2405	1242.43	56.0117	0.0	0.0	7.45024	56.9974	24.2981	0.0	20.605	26.9964	14.677	11.7751	50.3206
MT_M020	0.0	0.0	0.0	0.0	0.0	11302.0	48.9947	0.0	0.0	0.0	0.0	0.0	0.0	5.78295	0.0	0.0	0.0	6.48231	0.0	29.6336	0.0	4.92588	0.0	5.48071	0.0	0.0	0.0	0.0	10.6748	0.0	0.0	0.0	0.0	0.0	0.0	4.66035	0.0	0.0	0.0	0.0	4.65903	0.0	31.5603	46.6884	403.568	3.26708	11.048	488.5	156.489	26.9707	53.1114	0.0	5374.31	16.5472	141.381	0.0	214.268	78.2187	0.0	0.0	10307.2	99.4573	0.0	6.37075	8.12478	0.0	0.0	0.0	287.419	5.54643	5.45552	0.0	7.77537	6.1667	18.9427	4766.44	5.06619	8.89249	0.0	384.155	0.0	4.69021	0.0	0.0	17.6265	13199.8	0.0	359.36	0.0	2231.98	32.3169	0.0	0.0	108.454	0.0	357.473	0.0	0.0	9259.74	0.0	0.0	0.0	0.0	0.0	0.0	0.0	54.3108	1095.24	293.075	36.7293	0.0	1328.09	0.0	0.0	5.80386	0.0	0.0	0.0	0.0	7.2388	0.0	0.0	0.0	0.0	0.0	0.0	0.0	91.6671	158.466	2164.08	39.5696	262.352	2344.89	0.0	38.0074	0.0	0.0	163.313	26.8479	8.95845	49.5776	0.0	0.0	0.0	293.279	0.0	26.9123	0.0	0.0	0.0	0.0	0.0	0.0	878.359	0.0	0.0	6.31119	4.92034	0.0	3.01226	0.0	0.0	0.0	3.72239	0.0	3.14097	2.62471	4.29483	0.0	3.93165	0.0	8.09738	0.0	5.93011	0.0	0.0	1.82237	0.0	0.0	0.0	0.0	0.0	0.0	0.0	0.0	66.7341	0.0	1.12309	0.0	4.07096	20.9662	0.0	0.0	1412.94	0.0	5.30156	1438.81	3.40509	54.8163	49.016	2.45467	4.41033	4.42459	0.0	0.0	5.55926	4.10203	0.0	0.0	0.0	0.0	9.03854	18.1496	4.20213	294.804	0.0	8.86542	35.8264	3.69016	11.1023
MT_M021	445.112	0.0	0.0	365.399	0.0	0.0	54.9822	31.5552	63.5703	0.0	121.654	471.959	145.828	0.0	130.549	20.8361	0.0	68.4143	0.0	649.574	241.333	0.0	48.8765	41.287	0.0	0.0	0.0	52.5784	226.498	0.0	5.32481	15.4304	0.0	0.0	0.0	479.131	38.9755	0.0	15.2206	0.0	192.155	0.0	21.1146	239.106	10.1332	38.1879	0.0	0.0	18.8362	0.0	0.0	0.0	350.079	26.2352	0.0	27.3134	0.0	0.0	0.0	0.0	0.0	0.0	3854.64	0.0	0.0	0.0	0.0	0.0	0.0	25.109	200.252	114.092	192.758	214.531	295.226	0.0	0.0	0.0	137.912	0.0	0.0	543.294	0.0	0.0	0.0	0.0	0.0	0.0	0.0	71.5344	125.12	0.0	0.0	13013.7	652.837	19.804	720.864	0.0	20.0895	1005.45	98.093	6.24727	16.474	170.768	0.0	0.0	189.501	47.1657	0.0	0.0	44.0048	0.0	25.2914	70.7391	0.0	0.0	0.0	0.0	0.0	30.5514	0.0	0.0	394.525	0.0	0.0	0.0	25.8486	0.0	0.0	0.0	0.0	0.0	53.0129	0.0	0.0	17.6612	0.0	0.0	0.0	65.2369	0.0	0.0	0.0	0.0	0.0	0.0	0.0	217.408	619.199	0.0	0.0	50.3939	47.4554	130.129	0.0	54.6458	54.374	0.0	33.3386	0.0	0.0	0.0	0.0	23.0041	22.5686	937.403	0.0	15.6734	48.9583	0.0	0.0	0.0	0.0	28.1574	96.51	0.0	0.0	0.0	65.9455	38.2885	0.0	0.0	83.3602	0.0	0.0	11.7426	88.9963	0.0	0.0	181.614	0.0	54.8895	233.988	0.0	65.0697	0.0	35.6173	326.482	53.5138	82.473	0.0	27.0107	47.6188	0.0	0.0	0.0	93.5184	22.7896	0.0	0.0	35.2589	0.0	903.381	0.0	0.0	0.0	0.0	0.0	124.505	82.3536
MT_M022	16.0522	0.0	0.0	111.433	0.0	1420.52	25.1084	2459.65	7.24955	15.7241	4.19219	30.8751	2192.53	9.33148	44.507	0.0	0.0	34.1878	21.3001	68.9612	47.1622	2.65331	0.0	43.9771	0.0	9.33429	0.0	0.0	0.0	0.0	0.0	37.894	0.0	34.3426	0.0	23.1151	0.0	0.0	0.0	0.0	274.013	0.0	30.4646	13.2555	53.2662	0.0	33.2287	40.2747	71.0783	77.9069	7.10345	0.0	529.275	37.3072	20.182	48.4165	6.50228	56.3827	0.0	0.0	614.572	57.4073	22.414	147.298	170.365	0.0	0.0	0.0	144.127	0.0	280.319	684.278	63.149	0.0	0.0	15.4674	7.86543	11.5025	0.0	65.0102	0.0	0.0	0.0	0.0	0.0	1092.23	363.558	89.4871	93.9112	24.6974	17.675	0.0	0.0	239.186	0.0	6.45917	0.0	0.0	1290.71	154.203	73.9065	0.0	0.0	32.4025	0.0	101.427	30.8787	92.8871	974.583	432.987	0.0	169.404	0.0	0.0	58.3257	0.0	0.0	56.2068	0.0	16.3975	0.0	0.0	0.0	192.602	842.252	0.0	1035.33	18.6344	105.755	126.266	327.395	77.9072	91.8127	26.1148	244.36	45.2545	111.094	0.0	30.8824	17.2007	90.769	0.0	26.9368	0.0	258.647	0.0	1281.76	16.6272	1037.09	2268.29	22.1257	11.464	375.339	372.697	16.9603	0.0	0.0	0.0	0.0	0.0	0.0	0.0	0.0	0.0	0.0	0.0	11.8713	0.0	0.0	0.0	0.0	0.0	0.0	6.57884	0.0	0.0	0.0	14.3601	0.0	88.7722	6.22164	0.0	193.34	26.4674	13.4828	445.935	0.0	3.20505	30.3716	0.0	9.38545	0.0	22.2059	837.45	0.0	5.86039	265.559	0.0	7.6859	504.884	947.653	0.0	0.0	37.8644	8.26471	80.3239	0.0	0.0	0.0	0.0	0.0	558.381	5.30357	0.0	33.4203	0.0	0.0	31.4611	0.0	87.8177
MT_M023	41.9683	24.1424	230.782	515.423	0.0	0.0	0.0	246.045	0.0	0.0	0.0	21.6998	180.709	21.6181	0.0	393.938	125.301	0.0	0.0	71.0517	90.5187	0.0	0.0	105.554	200.715	106.552	13.3809	131.091	25.6572	74.602	116.641	0.0	180.734	0.0	95.2448	140.717	52.9809	21.225	374.171	106.859	10.6043	88.5456	0.0	0.0	33.6875	0.0	237.847	0.0	0.0	0.0	0.0	266.805	0.0	0.0	0.0	84.6974	0.0	8.33743	112.786	303.045	0.0	0.0	15.1416	55.7637	0.0	177.159	83.8463	139.736	0.0	149.986	0.0	0.0	140.312	0.0	0.0	135.22	0.0	4.54806	0.0	0.0	287.273	38.0431	72.0459	206.715	32.8706	0.0	0.0	0.0	0.0	4.46508	15.6706	135.235	104.272	0.0	11.4297	0.0	48.2935	257.396	16.6141	0.0	0.0	0.0	102.39	0.0	174.134	149.003	0.0	0.0	0.0	0.0	239.426	0.0	147.997	129.035	76.8088	0.0	165.838	0.0	151.527	122.958	537.728	248.818	0.0	0.0	0.0	207.6	21.2791	0.0	0.0	0.0	0.0	0.0	0.0	0.0	0.0	0.0	7.77866	0.0	0.0	0.0	0.0	465.425	0.0	262.915	101.767	162.964	0.0	483.977	0.0	0.0	103.856	69.6693	142.88	112.797	0.0	86.8472	195.211	139.799	241.23	137.628	265.823	192.364	511.321	149.753	149.211	299.819	44.4966	298.573	137.175	111.349	188.093	237.264	110.382	0.0	162.593	39.4358	90.8039	0.0	159.98	0.0	90.2875	237.561	0.0	285.328	0.0	2.20286	168.314	0.0	0.0	170.852	0.0	178.097	132.634	0.0	260.28	81.8258	0.0	40.3957	342.574	1.94612	1.36069	4.80249	147.255	182.835	53.5329	52.1432	30.3841	69.1892	133.272	145.485	246.725	6.44748	300.858	18.3097	0.0	341.32	14.9977	36.8295	0.0	0.0
MT_M024	978.883	362.279	8070.43	256.127	15.762	567.673	379.944	35.9894	3784.68	609.945	2601.49	678.262	142.592	302.149	212.241	8542.85	218.966	300.727	3435.82	377.715	194.934	150.522	210.78	112.961	13063.4	1170.58	2908.97	275.604	72.2958	443.612	6327.49	28.2058	6902.12	31.0542	366.94	810.449	1541.03	261.391	4725.44	277.884	12319.2	195.847	0.0	139.297	34.2107	61.1221	113.259	1050.02	0.0	61.5159	0.0	240.859	118.451	16.6996	0.0	286.446	0.0	60.0832	653.348	1026.99	33.0868	137.504	39.6288	15.3131	2400.18	1535.86	31.59	8303.14	105.498	1081.72	89.608	721.685	6717.31	729.025	0.0	57.5101	1343.53	143.214	603.453	329.112	134.87	209.757	180.002	1054.88	0.0	0.0	2676.79	21.0157	368.302	0.0	5237.62	62.4547	1171.41	129.399	28.4631	0.0	9994.34	145.122	466.001	0.0	364.451	680.478	311.353	423.006	56.7993	159.33	20.1139	121.44	21.5387	31.889	105.973	0.0	1003.21	1984.58	6266.85	39.0022	42.6456	251.97	56.9837	2477.96	22.0203	169.683	9032.08	2381.22	233.744	92.0014	44.7728	59.4188	22.4993	95.9841	0.0	47.8214	0.0	25.0146	217.588	175.874	246.484	0.0	16.4596	83.4686	41.4446	108.674	316.898	2277.28	0.0	91.466	29.4685	281.527	0.0	52.2652	20.6078	65.5368	6885.54	0.0	330.008	30.0958	105.155	6223.85	443.123	788.48	312.272	259.994	4687.3	3291.09	167.826	178.498	72.6908	36.3698	19.7768	7073.19	899.968	172.975	36.5997	150.95	488.912	6247.02	22.5155	28.8181	2204.5	235.867	25.82	1234.36	43.0763	3210.95	86.3582	0.0	383.713	0.0	24.8758	126.392	76.4594	214.574	9287.36	0.0	162.757	0.0	395.902	50.8888	90.4155	207.935	39.5197	585.0	29.4388	186.735	157.681	0.0	2399.07	549.369	0.0	60.471	156.41	198.569	425.225	252.786	66.5737	728.488	368.376	63.9369	9.18378	273.698
MT_M025	6624.13	14668.7	12930.9	5168.16	32321.0	8.40082	0.0	3782.34	2011.54	16513.9	388.64	3762.26	4303.84	11403.7	7081.25	376.088	11873.8	8641.87	208.992	300.893	4199.43	1280.93	669.546	9902.23	17486.5	1619.48	13074.1	2164.42	4284.19	24311.7	15232.3	170.258	128.248	1104.62	5417.48	646.339	4532.4	5435.9	7053.43	81946.9	21199.4	8528.46	2736.18	17663.4	51.7573	309.262	908.275	17.0275	8.27372	64.7455	287.989	7136.48	512.193	177.821	47.0425	4149.24	18.1555	43.754	4897.05	4180.81	0.0	2799.43	18190.4	7866.84	16011.0	25001.1	103.857	1127.19	49.3031	10514.1	168.645	1470.46	2537.04	2780.0	2180.22	108.254	271.885	1375.9	532.439	32.3992	35.3717	12045.7	201.047	1620.03	183.002	25.6706	103.942	178.723	329.376	18.4148	833.107	20077.9	399.069	32.7365	30279.6	3599.25	1925.36	1467.8	43.2879	12090.5	49.0099	64.6198	56.9615	607.115	116.112	1698.96	190.1	0.0	79.1851	829.021	37.5852	20.703	871.24	577.477	5657.8	892.431	139.626	1109.63	87.7617	2479.29	12546.6	622.464	16289.8	680.638	162.555	25.8203	94.2124	71.2732	56.3288	27.8601	21.3129	22.7848	22917.8	190.782	15.1794	400.404	1202.74	2322.39	107.086	163.104	0.0	60.4001	257.762	3618.84	30.3962	12.0646	19.3131	2784.52	180.391	54.4862	15700.0	74.0241	333.947	23.4588	721.805	153.159	1073.62	14281.2	6407.84	2701.36	684.666	268.545	53.0334	768.38	4702.45	1944.53	1201.59	439.933	20223.3	1646.17	173.894	15443.0	245.758	809.981	1529.39	323.648	40.7046	586.709	176.404	6030.4	475.122	143.727	102.234	771.559	804.268	94.1144	7293.01	1576.01	2004.23	2251.13	1432.81	1061.58	6708.66	20.888	3791.43	7196.39	7286.57	1276.02	2137.43	1807.98	0.0	865.011	16326.8	4498.13	275.111	56.6883	594.533	1050.5	42208.2	6188.37	4387.58	1236.11	11660.8	62094.1	16.2385	2648.56	463.891	768.733	18409.2	7287.18
MT_M026	358.619	1195.98	304.345	668.695	863.043	18.1793	6547.07	44.707	1829.5	61.7865	84.0075	442.323	1012.16	2015.13	159.119	450.913	408.216	523.525	1032.43	28.031	4119.25	0.0	2660.59	66.2528	105.261	333.763	1117.3	147.497	1419.09	308.587	91.8896	1268.96	551.532	773.095	1980.5	243.706	1672.44	1462.7	127.265	2306.11	649.232	145.795	0.0	2241.95	80.3361	44.2564	73.0137	573.376	0.0	0.0	64.6207	763.309	97.5986	16.7421	0.0	286.049	69.1355	200.541	31.1081	180.673	0.0	72.3754	43.6056	397.004	496.413	61.2444	47.41	188.998	62.5262	668.057	20.8793	102.821	680.5	714.567	8.60103	254.955	104.951	58.4037	142.528	1332.75	58.5094	2708.97	757.103	982.01	187.073	0.0	49.6509	47.5259	4904.06	0.0	1088.08	47.0527	228.193	141.197	1724.58	142.862	140.429	119.937	120.651	0.0	345.305	773.68	2419.18	140.634	120.81	370.037	1065.97	0.0	63.9359	0.0	2073.88	0.0	1090.73	24.7676	127.115	450.972	78.616	37.2081	54.6526	0.0	5138.11	127.735	2065.21	1690.59	162.479	81.2356	3069.78	168.018	0.0	71.5907	0.0	0.0	0.0	47.0352	1086.6	295.904	1225.67	0.0	63.3808	349.922	244.074	49.7236	454.781	62.879	0.0	102.079	326.265	61.2532	0.0	0.0	3138.89	1536.11	599.6	0.0	0.0	93.8292	172.032	149.917	776.389	49.4776	1686.27	39.797	54.9561	21.6602	192.494	77.5089	144.157	59.9725	2414.73	28.4528	90.4344	43.9597	214.201	61.1736	73.6519	1184.65	109.758	3392.44	381.298	267.045	102.806	62.6499	0.0	101.915	250.451	242.845	51.4075	94.9813	3074.49	0.0	0.0	124.053	275.059	0.0	1387.46	4563.5	337.883	725.41	832.742	8.78148	0.0	35.6098	0.0	1500.26	4567.5	0.0	183.688	146.562	76.373	54.3166	942.866	120.848	227.443	3092.17	0.0	206.307	117.804	24.9243	1159.12	31.8652
MT_M027	29.6096	22.807	0.0	12.3596	0.0	12.9946	178.501	0.0	16.4491	17.0733	11.38	54.1253	13.8487	0.0	0.0	0.0	35.3937	0.0	2520.04	0.0	16.6867	5.91921	0.0	703.265	20.3545	128.873	53.9281	63.0491	197.364	32.5383	0.0	14.9514	42.6387	0.0	38.6802	0.0	10.662	13.9565	130.186	0.0	31.1686	0.0	0.0	0.0	23.5846	11.083	0.0	41.0683	0.0	0.0	84.366	33.8582	33.3809	11.9843	0.0	257.979	37.418	0.0	260.836	57.0047	18.9828	155.429	21.3808	97.3702	0.0	24.9071	46.8872	0.0	109.97	40.0567	0.0	0.0	73.0031	27.919	99.7181	88.2852	0.0	1020.32	0.0	157.021	40.4567	478.396	0.0	0.0	104.936	0.0	0.0	57.2531	735.803	0.0	67.3418	24.2617	59.1829	801.122	38.0873	0.0	0.0	11443.9	100.816	0.0	12.697	1674.42	176.243	25.6035	0.0	41.4143	0.0	0.0	4523.85	0.0	0.0	0.0	13.1175	0.0	62.0414	2693.22	0.0	285.902	0.0	61.1161	0.0	0.0	0.0	0.0	57.1576	61.4903	26.3739	0.0	0.0	0.0	83.9586	56.234	77.6697	1644.09	1592.87	316.926	38.5503	0.0	25.4492	431.6	0.0	0.0	28.66	8095.79	40.5166	110.821	0.0	58.862	1229.47	157.806	0.0	49.2724	0.0	174.275	0.0	1652.05	1991.14	32.2855	708.614	28.1373	23.5549	32.6333	68.3308	31.1282	0.0	21.3421	44.6008	153.175	145.675	499.762	16.578	30.5582	106.699	50.6509	39.5384	18.5953	34.6918	12.3545	392.691	2.32435	72.3299	69.7005	71.4826	101.683	217.887	111.821	162.734	38.4836	58.5948	191.844	0.0	488.975	762.066	18.4662	288.557	0.0	752.01	195.578	48.1172	80.4978	346.058	26.7851	71.5082	29.3059	35.5231	59.5456	384.994	123.367	0.0	84.5581	110.996	26.2611	50.1208	179.223	0.0	120.08	66.1951	0.0	47.0803	0.0
MT_M028	188.662	60.7007	166.309	234.892	58.8871	7375.2	20255.4	131.215	473.687	2923.5	3907.54	31.5119	389.021	90.8144	100.846	12.5048	43.4019	212.883	143.051	6828.02	8.08356	10593.2	242.768	1261.4	393.523	1638.38	46.7431	181.45	746.038	21.7745	46.9806	13857.7	17.3017	162.721	26.0406	340.654	107.366	39.3204	24.8729	65.7327	52.1414	1137.51	11427.9	151.121	20147.4	32.5638	567.121	34846.3	30651.3	33098.1	5286.15	1256.64	12932.0	2799.98	8424.16	227.334	18560.5	3853.18	150.479	54.5245	11236.3	4618.26	13.7346	25.4933	159.575	225.953	56.0073	96.768	27795.0	888.273	63.1191	4829.99	45.2627	1142.99	73.515	9320.55	3055.05	44.8113	262.575	10833.4	24.9473	3228.73	269.595	52.83	6154.91	5919.14	128.687	14959.4	20.1542	14594.3	908.683	29.6445	330.101	18202.3	83.976	1420.68	603.29	340.738	19076.2	149.654	140.977	2213.29	81.0614	1812.89	563.724	507.132	21738.1	32701.3	13754.9	3575.2	93.455	17890.4	124.416	339.606	186.601	98.4149	554.677	180.824	52.7192	474.945	214.744	54.3468	140.21	47.5009	4171.09	165.669	180.449	9640.16	14874.9	10585.3	25680.2	13453.5	15536.7	756.208	14911.6	510.678	559.266	16886.7	1514.77	21508.6	25022.3	121.572	1534.25	199.186	18838.9	76.1065	4724.44	215.362	30236.5	199.517	546.388	19711.5	213.242	6690.02	106.987	34.943	30.2633	0.0	273.295	29.1572	109.324	140.011	41.3701	47.8456	29.6838	44.3511	2815.28	28.6775	0.0	53.2514	33.1818	27.1899	48.9671	80.7777	41.6857	63.0376	23.57	103.981	112.435	317.975	364.458	1027.98	130.261	38.5518	59.5041	21432.7	14.8987	9621.44	19.4031	41.2939	192.475	109.705	79.872	12261.1	345.032	1101.06	2730.3	41.3378	252.072	532.534	2055.27	37.6541	9.99837	170.231	96.4359	173.128	31.2939	63.9716	327.888	2630.49	505.448	221.731	428.279	109.225	8614.39	95.6073	111.04	6587.55	29.4834	724.002
MT_M029	0.0	5.82079	0.0	0.928466	0.0	0.0	119.615	0.0	77.9911	0.0	439.655	198.173	90.3602	0.0	0.0	3.88408	0.0	41.2442	47.6086	1654.32	0.0	0.0	0.0	40.9982	0.0	0.0	1720.11	0.0	0.0	0.0	206.943	25.883	0.0	0.0	0.0	2623.11	0.0	0.0	0.0	0.0	122.393	0.0	132.766	0.0	0.0	480.938	0.0	54.4848	14.2582	0.0	1.07167	0.0	12.3316	3.46733	77.4396	0.0	13.9422	0.0	0.0	0.0	65.1994	1310.88	0.0	0.0	0.0	18.3924	0.0	21.5963	0.0	0.0	0.0	0.0	60.2404	38.1396	282.941	23.4622	0.0	25.6721	13.3056	13.4938	0.0	1258.12	0.0	148.369	6.5475	53.5267	0.0	121.794	0.0	113.604	71.2872	0.0	33.4209	0.0	111.584	60.8324	85.8043	96.2764	0.0	0.0	0.0	0.0	0.0	43.8346	0.0	1.47616	5.56897	0.0	33.0286	0.0	39.1379	1.5172	0.0	0.0	0.0	0.0	0.0	22.1065	32.9999	0.0	0.0	0.0	0.0	10.6245	0.0	26.561	31.1263	0.675314	26.9007	0.0	67.8732	204.594	425.956	0.0	6.04294	0.0	32.2061	8.83425	0.0	74.1935	0.0	21.4409	4.51886	0.0	0.0	28.3477	0.0	91.1257	94.1962	225.72	10.0669	0.0	0.0	0.0	0.0	0.0	3.92683	182.142	0.0	1.36468	108.327	0.0	0.0	119.843	0.0	272.869	0.0	0.0	0.0	100.086	0.0	0.0	0.0	0.0	0.0	0.0	912.752	4.02134	16.5732	3946.69	78.6389	0.0	80.5519	3519.55	25.7164	12.049	151.14	46.2389	32.0512	100.812	26.8691	176.267	396.014	5.05582	37.9673	47.2565	5.04407	0.0	340.723	419.529	0.0	0.0	89.0243	46.9774	43.5496	63.8489	21.3509	118.04	0.0	0.0	55.5169	0.0	609.095	0.0	41.5966	130.326	0.0	11.7199	38.1694	0.0
MT_M030	354.051	736.581	250.986	1119.09	397.227	23.2363	9431.27	56.6088	2374.84	83.5454	250.506	1369.6	1489.94	2671.64	449.933	642.696	158.94	847.898	1276.27	58.099	4192.94	14.5389	2806.96	91.3345	219.598	412.55	1758.62	210.257	2101.01	338.882	163.349	1073.41	1444.39	796.56	2748.69	283.049	2347.18	1973.15	73.7174	3049.94	1555.42	126.814	0.0	2535.21	23.2068	82.3074	98.5618	1481.95	0.0	0.0	203.289	702.122	292.744	39.7816	0.0653602	192.536	162.978	278.331	20.9769	333.301	0.0	198.057	66.5476	595.49	1038.73	65.5663	52.1045	199.616	159.23	3179.16	32.5642	248.387	832.794	2169.77	20.9172	618.623	209.649	96.2026	253.606	4091.31	31.8371	2604.09	1960.93	808.58	502.396	0.0	101.141	55.0478	9664.83	50.4739	1854.47	30.5712	212.535	246.362	1129.12	372.285	301.429	84.6887	498.896	237.05	2063.0	1084.59	1856.95	331.704	124.75	562.408	2052.64	301.371	135.022	0.0	1704.68	71.5569	1077.85	28.4796	191.318	474.777	44.5255	0.0	31.1152	37.0117	6171.66	173.425	3026.73	6404.37	277.488	191.056	3000.69	282.453	30.7945	162.025	0.0	0.0	0.0	22.9855	1962.72	390.043	1708.79	0.0	215.027	710.351	391.834	79.0423	744.726	77.5951	0.0	68.1695	637.634	111.629	0.0	73.1568	1785.18	2199.05	1295.49	41.8698	0.0	62.7785	125.415	340.545	1086.34	0.0	1262.36	21.425	50.418	25.6982	295.064	404.261	277.818	0.0	5966.21	80.6367	130.768	0.0	35.7266	189.581	110.13	588.412	36.1098	1607.7	249.473	1802.55	198.351	91.0769	0.0	148.398	255.555	692.5	43.1581	105.777	3319.98	69.2692	35.3431	247.328	445.442	0.0	3350.71	2523.65	635.57	1950.06	849.815	29.3501	93.9184	101.042	0.0	728.571	4748.72	0.0	337.251	73.8052	22.0141	16.1028	1069.71	162.101	268.339	3348.17	0.0	493.54	212.347	115.335	2173.76	107.483
MT_M031	49.2726	37.7204	124.222	146.475	0.0	11.9517	112.689	0.0	125.727	64.4656	68.8445	537.985	22.9082	100.604	64.6281	1295.97	32.4803	123.107	164.815	19.653	75.6341	0.0	504.071	31.1238	353.331	116.715	134.523	58.9261	190.393	31.9911	187.969	91.2849	670.291	0.0	152.939	71.1708	65.5978	132.696	71.4094	57.6337	622.545	99.2741	0.0	344.969	16.5525	25.1997	46.4187	162.605	0.0	0.0	0.0	83.0117	211.639	0.0	0.0	0.0	9.20129	47.0576	0.0	62.4399	0.0	0.0	15.0398	110.685	117.699	1322.03	0.0	560.688	0.0	3494.21	0.0	195.485	448.135	1036.85	0.0	123.341	88.3992	49.9953	92.6892	1779.92	0.0	58.2461	738.861	85.7913	117.804	0.0	53.4783	0.0	104.228	0.0	352.406	0.0	0.0	68.1445	0.0	87.712	531.811	0.0	90.1994	0.0	189.222	57.7643	84.09	148.283	0.0	20.8411	44.3376	0.0	0.0	0.0	30.9241	0.0	150.94	57.7439	276.522	15.1756	13.1213	0.0	0.0	50.5195	63.491	0.0	158.744	6226.31	59.262	0.0	52.7472	20.8373	0.0	55.6813	0.0	0.0	0.0	0.0	135.061	58.1284	104.62	0.0	41.1992	39.6061	0.0	0.0	107.208	54.2194	0.0	0.0	28.6191	0.0	0.0	0.0	23.8197	0.0	265.555	42.752	0.0	0.0	15.572	335.077	45.8751	0.0	44.2245	0.0	202.145	84.0088	0.0	75.0915	0.0	0.0	36.6768	196.577	23.1332	0.0	0.0	49.4272	20.2537	171.697	0.0	43.4393	25.9662	56.8772	0.0	35.0869	0.0	80.1395	0.0	942.92	28.1663	0.0	55.3501	31.2056	0.0	0.0	716.704	0.0	80.7006	51.0801	67.5585	28.903	63.3797	56.3113	81.3543	141.103	0.0	545.037	43.1225	14.9595	77.3754	0.0	13.7322	15.9706	29.0809	50.881	140.531	40.1742	0.0	46.4683	27.7393	61.402	15.0568	53.4307
MT_M032	0.0	53.6522	54.9452	24.3195	40.2654	0.0	54.8799	0.0	2.16905	18.9404	0.0	56.4103	9.77699	0.0	0.0	0.0019536	21.1366	4.76614	118.085	0.0	0.00732767	0.0	3.43783	0.0	6.16697	83.1721	124.714	78.2802	0.0148668	21.0362	8.08583	0.0	5.8108	0.0263753	51.794	2.58581	31.9576	18.2031	86.5039	0.0	3.19358	78.3574	0.0	0.0	39.5907	3.98682	6.32898	96.0052	0.0	0.0	0.0	65.9412	2.95927	0.0	0.0	144.093	80.1424	0.0	188.774	63.0267	0.0	42.8271	2.1899	0.0	0.0	0.00990756	0.0	1.06084	42.8103	38.7818	0.0	6.76637	75.5901	34.4439	0.0179024	97.5609	0.0	1311.39	0.0	123.312	42.0346	490.248	3.36186	2.41713	59.1274	0.0	0.0	0.0	424.527	0.0	177.954	51.442	0.0	339.189	0.0	0.0	0.0152259	162.42	98.9938	0.0	9.09403	1269.3	331.79	25.3689	0.0	39.7454	67.5073	0.0	5585.07	4.64496	0.0	0.0	20.5324	22.0863	102.825	388.068	18.8152	35.43	2.36181	26.4131	13.9369	0.0	0.0	0.0	47.9781	44.2622	0.0	0.0	0.0	0.0	0.0	63.4212	0.0	1021.58	2522.65	0.0	48.1358	0.0	0.0	0.0	5.73568	0.0395747	0.0	69.6495	0.0	182.448	0.0	0.0	1160.01	75.7052	14.1294	77.3698	0.0	0.0	0.0	1499.15	1832.98	0.0	0.0	9.73674	12.5852	0.0	0.047619	0.0	0.0	0.0	0.0	33.453	13.5547	0.0	6.25164	0.0	0.0	0.0	0.0	0.0	0.0	0.0	486.045	7.59807	48.3214	0.0	0.0	29.8004	69.213	0.0	40.0999	0.0	53.9674	50.9717	0.0	718.175	414.623	0.0	216.945	15.4207	467.167	104.478	40.5618	30.0541	0.0	0.0	33.5856	16.0205	11.5266	0.0	63.9841	62.5322	15.3369	0.0	0.0	19.6353	28.9548	263.091	0.0	197.136	0.0	0.0	0.0	0.0
MT_M033	5.70761	594.513	482.68	41.0858	315.692	222.309	128.149	268.881	580.382	256.891	236.351	266.992	0.0	449.051	193.617	289.715	265.096	141.437	73.5732	106.094	313.751	17.6152	84.0162	35.7882	0.0	264.726	112.262	134.316	76.2841	403.865	7.85295	59.5215	0.0	421.6	196.231	262.057	667.629	0.0	193.592	683.505	212.132	31.6525	244.876	69.0187	354.137	37.0429	153.991	163.41	39.6399	299.476	31.6085	186.21	238.593	31.5439	26.2133	11.4662	0.0	115.69	0.0	55.6486	4.57385	838.685	559.385	231.686	44.8418	50.1889	0.0	7.47995	14.0125	539.419	849.898	64.5877	691.854	242.38	259.232	0.0	359.515	601.397	255.387	32.2958	7.79444	517.419	7.4492	54.3128	70.1461	0.0	173.773	107.616	168.229	146.398	273.245	267.139	42.8545	114.628	456.192	30.2673	883.583	305.695	0.0	132.067	154.366	173.646	8.35367	21.9722	0.0	377.249	13.5257	23.0621	910.467	69.9293	0.0	0.0	0.0	0.0	50.9682	294.015	0.0	233.887	0.0	51.849	0.0	0.0	136.312	6.62677	198.967	0.0	0.0	34.971	98.5853	159.945	831.234	415.361	65.7455	13.6554	42.6071	21.6183	18.7952	0.0	279.001	86.3223	604.145	0.0	128.947	0.0	329.474	0.0	222.308	0.0	485.8	631.913	0.0	42.0823	200.342	249.949	58.4251	0.0	146.248	770.185	0.0	159.345	0.0	5.68205	0.0	8.98808	0.0	0.0	34.9354	5.60579	845.354	227.511	0.0	10.0584	0.0	85.5792	252.083	0.0	3.2034	170.417	676.004	84.1978	7.78131	0.0	409.267	4.55997	364.817	715.488	299.965	11.438	953.895	0.0	1228.29	35.4683	0.0	72.3899	223.474	4.15322	705.672	62.3233	386.668	55.2091	512.371	1370.3	622.529	471.032	527.647	81.8225	0.0	208.285	676.081	542.556	35.6028	311.608	550.949	179.027	81.3221	113.597	680.627	191.208	862.395	481.707
MT_M034	14123.0	496.276	1653.85	971.049	2928.65	0.0	0.0	1035.5	3061.96	13572.9	7879.84	10670.2	134.597	2628.53	3325.55	361.345	1711.12	3041.12	10112.1	3742.71	675.323	7537.26	1011.91	1668.3	1207.13	736.651	10061.2	319.04	2077.3	995.105	871.514	1523.51	821.449	290.598	27.7197	556.808	283.403	6252.88	240.219	88.9338	105.574	302.213	5614.01	13756.4	14461.8	960.589	367.827	74.9411	0.0	423.329	5220.84	334.005	56.0031	4982.19	9832.78	1027.82	174.932	6979.13	192.376	121.271	8.23459	10593.4	145.203	239.748	4563.62	205.422	25.9646	182.987	20.1561	10230.3	2641.51	11262.2	9188.72	226.351	636.371	2427.49	9224.28	558.803	408.91	2033.11	99.3485	9793.65	1315.75	531.89	3610.48	26.5052	1938.2	132.011	20803.5	22.1206	1557.4	302.388	442.174	66.0595	578.228	1541.53	90.1946	175.174	435.926	499.222	20615.9	20085.8	117.298	3070.08	408.904	188.892	3751.19	28.7403	13356.2	11717.6	271.05	18.2179	183.155	131.02	345.593	3289.29	782.787	1191.57	134.788	2462.93	168.232	391.757	266.097	1219.12	7422.17	444.741	740.731	1642.69	7.54775	6.43046	1767.72	0.0	3417.97	416.337	154.003	4650.21	188.992	0.0	676.48	673.934	12379.1	994.512	2999.53	52.2011	7281.87	49.2528	3806.93	107.376	2589.26	7931.61	32.7698	15784.8	233.979	231.171	496.676	33.0857	878.621	13548.4	155.106	1461.77	352.413	51.9785	11.8505	26.006	40.8664	11.5304	606.114	95.0244	712.204	27.4427	23.3265	21.5298	27.3041	6962.99	42.3356	344.615	158.682	1995.61	144.348	8352.94	34.827	140.421	3400.26	20.3528	8630.11	1613.18	22.9308	20.4467	6681.55	16.3338	964.117	59.046	53.9509	175.536	56.0312	113.744	774.392	71.3567	542.822	11621.0	6925.3	16618.2	6.25714	129.587	9064.68	14286.6	17.8871	168.445	187.608	111.549	130.997	9003.85	71.491	3133.92	85.5391	317.526	55.3449	355.739	51.2239	11435.6
MT_M035	0.0	18.8232	0.0	45.279	0.0	29.6268	281.808	0.0	0.0	19.4232	173.055	0.0	305.845	30.7763	101.751	0.0	0.0	62.6821	317.836	194.41	0.0	256.983	27.5334	0.0	13.1365	37.7941	11.5933	29.4084	136.779	0.0	0.0	331.493	52.3626	0.0	105.425	0.0	219.347	233.198	0.0	20.7012	64.5784	53.9142	57.4379	36.439	0.0	31.9446	0.0	857.213	0.0	0.0	115.112	0.0	33.5514	17.5797	1086.43	0.0	916.127	290.786	0.0	22.6044	841.046	22.5459	22.3056	42.3444	47.6394	0.0	0.0	116.603	281.324	0.0	112.991	103.791	19.0778	446.479	0.0	32.4931	97.3272	0.0	0.0	797.522	0.0	0.0	0.0	33.5407	225.204	170.674	0.0	0.0	214.439	405.482	86.1766	17.2178	33.4821	75.1995	0.0	73.2938	16.8049	0.0	59.1136	79.0467	739.564	319.268	42.1887	501.142	19.6468	36.9038	772.806	1251.73	141.385	40.1461	69.7255	0.0	0.0	16.9363	29.7597	23.445	0.0	20.8296	25.322	54.6216	43.6919	22.0582	60.1399	0.0	0.0	25.7881	0.0	735.394	345.39	97.095	76.4278	87.8231	0.0	0.0	33.2856	103.736	0.0	0.0	255.813	794.992	86.8013	0.0	216.192	0.0	0.0	0.0	373.391	72.3744	2058.02	627.049	16.9317	0.0	35.7746	0.0	68.4219	0.0	0.0	0.0	46.2062	106.907	60.9657	28.7051	69.9735	39.7122	48.4943	1464.53	119.525	34.7849	39.034	47.9403	26.5635	0.0	22.5143	32.7064	37.9789	320.141	0.0	59.272	35.7327	205.225	22.8604	27.7202	58.4167	62.2766	27.4637	0.0	86.8413	35.1299	52.3619	99.5291	70.4555	68.0289	0.0	246.492	21.4547	0.0	236.407	0.0	40.8987	307.292	50.0597	204.755	56.4817	396.744	397.573	26.454	97.2311	47.3552	59.9304	0.0	18.338	85.869	83.4453	0.0	1234.74	56.7565	143.597	107.209	0.0	47.4161
MT_M036	0.0	0.0	22.0293	21.5328	0.0	16.2075	106.689	0.0	19.5001	35.5389	0.0	58.7903	18.3258	9.02478	0.0	0.0	21.6412	0.0	177.315	0.0	0.0	0.0	23.8166	24.5811	0.0	129.469	131.334	105.592	0.0	32.2328	30.8975	0.0	28.2964	0.0	73.9808	22.7567	45.967	27.5488	0.0	13.3068	43.4549	0.0	0.0	0.0	22.0431	13.474	0.0	74.9674	0.0	0.0	47.6172	32.7747	51.9199	0.0	0.0	118.508	79.252	0.0	276.825	71.8859	0.0	73.0521	0.0	25.315	0.0	11.6082	8.55484	25.4851	124.616	58.5374	0.0	27.1308	174.309	68.817	0.0	269.013	0.0	933.375	21.6226	420.058	50.6576	653.417	0.0	0.0	270.659	0.0	0.0	0.0	397.785	0.0	209.323	28.5137	34.6727	348.594	27.9044	38.6131	28.2149	176.705	70.6727	0.0	18.6901	2091.96	306.664	36.8221	0.0	77.9625	340.182	0.0	4866.17	0.0	21.6713	67.0853	48.9768	13.6527	138.581	802.021	14.2424	75.7454	0.0	49.0079	22.7818	22.802	19.3653	0.0	70.4302	38.2951	13.148	0.0	0.0	0.0	0.0	94.3375	0.0	646.994	1756.57	0.0	77.8943	0.0	18.0821	49.9113	0.0	0.0	41.8962	55.9725	0.0	167.433	0.0	36.1356	712.335	111.046	18.7559	95.7704	0.0	61.94	0.0	899.153	1288.73	17.2634	36.3907	0.0	10.4875	0.0	12.699	10.69	0.0	0.0	16.9012	12.9426	29.7234	0.0	0.0	22.436	26.394	0.0	0.0	0.0	0.0	21.089	418.091	27.3682	62.3014	22.1406	0.0	81.7359	62.3501	29.6366	51.949	33.1868	0.0	65.266	18.87	1102.23	1032.43	0.0	512.692	17.8236	585.769	271.179	80.7864	37.7646	62.2767	28.2936	53.1679	30.1403	40.7342	23.851	124.114	53.8122	0.0	27.495	53.3734	39.4545	39.4867	518.53	0.0	333.623	37.0824	0.0	0.0	0.0
MT_M037	23.6879	8.99906	66.8667	52.5355	32.4682	2.40971	94.3132	99.2302	0.0	2.5906	16.3961	27.6141	0.0	36.325	0.0	0.0	21.6357	0.0	0.0	237.219	21.327	59.0341	0.0	27.4035	24.201	23.8412	14.2434	27.2066	0.0	10.7854	34.0235	1120.75	0.0	0.0	0.0	21.1167	0.0	0.0	50.1388	20.9246	0.0	107.911	66.72	37.3515	76.9989	17.8421	0.0	17.4626	0.0	2.56792	3035.3	30.3878	2718.51	447.253	349.109	0.0	29.5026	458.837	0.0	13.5225	142.295	48.85	24.163	12.4119	0.0	0.0	29.103	16.0612	678.216	31.2369	120.042	45.0989	43.8771	0.0	67.4839	20364.8	0.0	27.3469	33.1047	9341.71	15.4581	391.598	24.8183	0.0	8638.59	140.707	0.0	847.72	11.4894	950.959	0.0	21.5075	0.0	90.7083	0.0	4496.45	0.0	0.0	24.9966	0.0	19.5734	841.146	13.3099	0.0	18.9652	276.006	71.1605	134.787	0.0	26.1364	25.7334	157.864	0.0	0.0	147.468	93.9957	318.398	0.0	12.9901	104.901	39.7195	74.2294	0.0	38.6105	0.0	115.426	11.6108	351.652	1144.26	119.802	385.198	97.6745	383.201	0.0	0.0	41.3536	23.3623	200.749	804.284	853.946	0.0	0.0	1217.15	0.0	466.495	37.9958	34.0393	0.0	219.169	115.523	27.8935	0.0	0.0	0.0	0.0	0.0	40.3812	19.5285	117.654	25.1524	19.7111	0.0	31.2608	85.8563	41.6493	23.2822	25.8715	42.3667	0.0	22.5873	23.9967	33.8753	0.0	26.5891	24.7947	16.5116	34.7611	16.9731	18.6991	46.4653	30.7145	18.985	95.9236	0.0	22.1536	70.9371	18.8001	458.92	38.5273	68.1142	398.641	0.0	30.7282	104.852	34.522	79.1115	48.6009	17.7144	383.13	257.202	46.7597	34.2075	20.704	87.3643	14.1484	0.0	48.499	59.4127	0.0	46.9567	66.2864	14.6155	53.5465	50.4494	159.64	32.2732	41.1955	324.333	11.817	25.8287
MT_M038	34.9726	0.0	75.7969	30.7556	0.0	0.0	15.3967	0.0	82.8471	195.072	46.8592	231.256	0.0	22.5601	0.0	941.312	0.0	0.0	54.7684	0.0	14.5178	68.7406	34.4732	0.0	615.395	22.5116	58.9593	0.0	245.08	0.0	67.2073	0.0	325.568	0.0	16.0913	0.0	19.1591	23.1985	90.9029	0.0	256.379	16.2988	0.0	182.538	0.0	0.0	0.0	40.947	0.0	18.8043	0.0	0.0	0.0	8.96661	0.0	0.0	0.0	0.0	0.0	0.0	23.0617	0.0	0.0	72.46	54.3027	317.308	0.0	757.466	0.0	2322.0	0.0	111.424	337.841	102.922	0.0	0.0	55.5969	0.0	26.4707	870.606	0.0	0.0	630.369	21.936	0.0	0.0	56.2301	90.041	20.1603	0.0	133.811	0.0	0.0	19.8011	0.0	0.0	166.513	0.0	0.0	0.0	55.9377	12.5901	0.0	16.4811	0.0	42.1317	0.0	0.0	19.4035	0.0	0.0	183.804	36.6247	32.5199	87.6845	0.0	0.0	28.6625	0.0	33.013	0.0	0.0	189.414	3664.81	0.0	0.0	34.9147	0.0	0.0	32.6216	0.0	54.0987	0.0	0.0	17.2793	0.0	0.0	0.0	0.0	0.0	0.0	0.0	47.7069	37.5263	0.0	0.0	0.0	0.0	0.0	0.0	28.2054	0.0	112.503	40.1697	0.0	0.0	0.0	298.855	0.0	17.5376	0.0	0.0	109.897	65.7523	0.0	0.0	0.0	0.0	0.0	95.9843	21.6194	0.0	0.0	0.0	0.0	253.33	0.0	17.1318	13.7849	0.0	114.761	47.8427	0.0	46.3718	0.0	982.645	0.0	0.0	14.7925	0.0	0.0	0.0	481.901	0.0	17.1266	21.4325	20.5112	0.0	0.0	0.0	0.0	33.3173	0.0	15.583	11.7063	0.0	43.7436	0.0	18.4158	0.0	0.0	0.0	24.3208	26.0592	29.2315	0.0	0.0	18.0326	0.0	23.5658
MT_M039	70.2521	18.3243	73.1743	0.0	0.0	46.5213	0.0	142.781	147.105	253.882	562.644	48.0573	19.8324	15.0686	136.45	37.3038	43.5131	164.459	400.156	156.867	13.1313	3029.77	142.796	362.632	25.5816	73.7794	72.5932	41.7594	48.868	55.6976	53.609	0.0	23.0886	129.121	112.465	40.1692	31.5396	0.0	32.3274	132.352	115.567	67.0646	786.712	20.1984	1339.96	151.027	21.5616	1340.52	258.45	965.27	116.41	37.761	568.296	153.623	162.296	0.0	0.0	1379.9	0.0	0.0	107.607	0.0	31.2933	17.113	50.5812	20.1701	56.0371	27.8083	75.0294	0.0	151.226	189.568	31.593	249.655	130.656	0.0	80.8211	1235.71	836.505	51.8001	0.0	19.1824	83.5897	905.61	85.9702	0.0	825.638	1614.37	2141.52	95.8195	81.5116	17.5818	33.8823	792.247	51.7086	461.138	96.1534	29.4066	78.0714	1746.79	3082.14	0.0	0.0	0.0	0.0	34.9486	0.0	0.0	100.237	747.362	0.0	0.0	599.055	0.0	0.0	192.173	0.0	0.0	0.0	0.0	18.8206	0.0	134.168	15.0929	85.3294	0.0	126.914	51.4283	648.72	665.089	61.137	970.455	0.0	20.069	49.5032	170.19	265.664	0.0	22.128	26.0209	56.0331	0.0	149.271	0.0	810.226	150.814	1253.68	26.1767	0.0	40.2974	104.474	112.827	278.081	107.662	37.1024	37.2546	82.9462	24.9233	39.2837	77.0645	99.7607	46.6764	21.9548	57.6897	103.246	129.953	72.4715	104.559	63.1975	317.159	0.0	116.598	0.0	2453.35	21.5315	19.5543	66.1887	116.97	158.057	63.1236	49.1343	18.8728	334.84	76.4058	68.7235	1194.14	114.402	824.459	28.464	160.99	555.357	425.779	105.404	0.0	192.633	162.517	0.0	2930.24	27.9763	2259.89	751.974	123.993	96.16	152.882	503.935	1014.73	179.787	68.2956	0.0	23.5272	202.319	16.165	18.3514	18.6551	110.303	93.7707	477.748	274.305	31.108	64.7326
MT_M040	173.898	163.956	286.817	657.249	95.7767	15.0619	1504.14	30.7717	876.15	68.8741	293.946	1073.39	146.669	388.42	413.178	1032.79	116.551	564.785	511.147	77.3259	985.992	0.0	811.879	90.7482	402.0	243.423	427.122	205.955	916.51	144.287	321.294	257.398	1481.15	69.2585	1076.8	193.366	488.272	484.718	107.52	709.589	1034.16	566.737	0.0	1142.63	26.9888	85.7488	127.101	565.421	0.0	0.0	154.924	372.069	451.201	28.3921	0.0	0.0	41.2586	204.718	30.9248	361.425	0.0	119.445	69.2788	243.783	566.718	107.194	51.9385	483.589	151.632	3465.03	44.6391	485.762	490.0	4741.1	23.7185	235.084	280.298	178.006	280.518	4214.93	43.849	1176.88	1908.79	321.08	589.161	0.0	95.8931	54.4267	816.078	0.0	898.87	25.6077	59.7198	234.376	150.312	291.531	1001.71	89.3018	573.641	0.0	1169.44	178.505	979.22	518.143	54.5625	185.159	798.401	299.734	49.0137	0.0	697.835	78.6754	425.196	110.558	436.841	112.461	63.0279	0.0	33.3235	63.612	1832.97	88.596	876.35	8417.03	263.185	154.33	284.145	144.33	0.0	208.396	0.0	0.0	0.0	0.0	618.063	325.485	695.187	0.0	125.237	276.374	160.639	137.729	527.569	109.762	0.0	78.4029	100.564	161.162	0.0	57.124	191.463	1056.34	615.121	0.0	0.0	23.4828	68.4005	493.162	95.0604	11.6777	433.787	34.9699	322.38	140.878	30.3105	324.768	42.6701	0.0	396.307	383.003	29.8352	0.0	0.0	133.117	62.7184	244.621	0.0	496.114	79.3202	268.827	35.8045	78.8754	0.0	162.237	52.1361	758.555	70.994	33.2098	1188.81	81.1698	34.8096	39.1252	642.803	0.0	336.794	158.803	173.86	169.138	341.912	135.945	140.227	358.344	0.0	1523.56	771.087	0.0	139.309	35.5228	0.0	47.1472	382.648	161.231	366.039	201.793	0.0	94.0978	108.308	257.752	104.097	77.3342
MT_M041	3656.0	47.0755	79.1553	188.996	37.9778	225.381	20.6129	0.0	11.7022	19.23	123.233	15.3924	81.9817	13.1314	0.0	0.0	22.4779	153.913	0.0	33.1597	72.089	136.469	0.0	1228.0	17.9255	13.3594	0.0	0.0	0.0	21.6363	19.4056	485.457	0.0	43.778	20.3986	0.0	42.8957	41.0681	29.5067	11.7115	0.0	16.6862	170.559	238.28	15.7439	76.3729	131.714	0.0	0.0	34.4929	423.288	0.0	288.217	242.703	261.331	0.0	37.8363	133.399	0.0	51.4639	478.589	32.4574	32.3342	329.284	36.9482	0.0	195.485	20.1817	365.058	33.5401	3290.08	56.3322	25.6851	111.824	894.239	844.43	67.2328	12.6041	126.504	544.971	22.8791	622.161	323.484	86.1455	1160.62	0.0	0.0	852.737	0.0	48.538	0.0	309.014	104.774	586.376	64.5629	426.79	0.0	63.4128	534.013	0.0	31.2191	7.14138	8.27808	23.0386	44.7195	72.0022	24.627	968.519	0.0	32.0491	32.2667	3860.58	0.0	84.1503	0.0	9.66805	25.3409	152.493	33.6257	15.6465	21.9813	0.0	1092.04	0.0	0.0	68.4361	0.0	204.57	122.349	63.2071	110.121	39.1118	0.0	504.245	0.0	0.0	76.3123	0.0	197.593	208.721	0.0	55.2181	309.454	20.4996	557.873	113.803	89.3498	80.7443	521.309	69.6506	0.0	0.0	102.963	502.015	0.0	31.6109	25.4085	0.0	50.6644	0.0	95.1726	26.4922	0.0	24.3106	45.5601	69.7484	19.9414	178.425	13.2553	234.963	0.0	29.4177	15.6748	73.914	0.0	0.0	21.4503	0.0	66.3589	14.7785	54.9467	42.9924	52.7354	44.6919	0.0	0.0	32.4746	644.206	0.0	65.4715	329.032	74.1885	105.965	0.0	40.5579	981.99	24.5637	64.6061	39.9712	0.0	60.5592	0.0	131.372	44.4545	52.2649	79.1609	238.738	29.7372	0.0	17.0165	128.371	86.5125	43.0449	19.0342	54.0042	0.0	245.283	125.506	18.3398	43.1804
MT_M042	85.0927	61.5737	104.881	10.777	176.523	26.0589	21.7323	40.125	19.5684	0.0	614.814	143.722	10.6151	27.4358	58.066	16.9107	46.4634	426.819	7.53969	372.473	0.0	659.577	86.4458	199.581	0.0	64.1742	0.0	0.0	31.6848	0.0	65.8735	688.419	0.0	255.107	0.0	0.0	0.0	22.6774	0.0	0.0	31.5147	23.9096	878.698	274.481	15.053	20.3039	71.4545	34.0003	0.0	29.071	611.343	17.3672	383.204	264.333	311.885	0.0	23.4274	174.255	0.0	0.0	196.314	138.95	0.0	196.708	14.5386	15.1628	17.9453	16.4643	814.817	0.0	89.9244	633.779	50.0781	571.362	171.733	1653.91	0.0	0.0	0.0	712.289	0.0	102.328	0.0	0.0	1818.43	320.056	49.202	644.271	29.4366	221.934	112.366	31.0318	76.1786	618.63	77.1816	833.03	48.8991	118.792	113.376	96.2236	489.256	579.113	7.11456	93.8385	0.0	150.457	14.3095	136.168	46.6842	100.132	293.438	229.234	24.2743	14.3236	681.874	6.41393	33.4287	31.1901	0.0	75.1541	31.4373	14.1425	168.003	29.1399	723.118	21.9325	0.0	177.382	315.81	928.96	180.452	705.129	667.915	448.779	34.0198	190.285	109.467	363.744	571.299	558.436	76.8196	0.0	521.553	0.0	991.521	0.0	75.8424	45.9037	78.7241	235.45	64.8312	0.0	0.0	65.6881	311.683	36.8088	50.428	0.0	65.7465	42.2742	22.9643	0.0	0.0	77.1656	46.7318	17.7341	163.884	72.4341	0.0	134.63	23.0786	41.1179	51.3322	20.4658	151.528	27.941	22.7107	108.822	0.0	95.0104	311.243	15.0495	486.552	0.0	0.0	29.1291	0.0	894.787	76.9388	28.2103	695.212	0.0	0.0	115.185	26.1795	78.6261	48.1745	0.0	88.4243	653.463	428.889	19.088	23.0149	23.2626	38.4534	84.7631	0.0	488.141	83.8918	47.341	81.2342	26.6686	0.0	12.7761	752.586	851.833	119.934	254.107	81.5784	41.5311
MT_M043	20.7759	0.0	21.0533	0.0	38.4573	0.0	0.0	0.0	6.61484	18.5239	6.216	17.9945	0.0	0.0	20.6862	36.2914	0.0	6.5259	8.23837	13.6953	71.5155	27.9163	24.0345	20.768	30.3472	147.734	1663.96	92.4424	180.535	7.41463	25.5551	10.6363	379.11	18.8309	27.9395	47.7917	48.783	560.962	26.2944	107.722	104.632	30.4786	12.7149	35.1493	16.1724	3.56062	52.5439	15.0792	0.0	4.20907	57.9307	0.0	9.91526	16.2921	192.658	0.0	17.3156	80.6206	0.0	0.0	8.28024	39.5517	0.0	56.7146	0.0	21.6523	19.117	14.9	9.08497	8.85256	8.28672	15.2764	8.06212	72.152	93.8934	0.0	7.91868	0.0	15.2345	0.0	20.9813	302.062	43.7496	0.0	70.0558	0.0	2793.94	7.19866	7.81628	50.3586	88.2213	8.11249	48.1276	9.14265	20.2407	47.4941	33.5949	13.8502	6.2283	8238.91	11.7623	25.0066	0.0	0.0	0.0	0.0	0.0	0.0	0.0	0.0	29.2066	0.0	0.0	26.4743	0.0	0.0	46.6933	0.0	0.0	0.0	0.0	289.362	0.0	0.0	0.0	15.5027	0.0	21.4508	0.0	4.48559	0.0	13.651	18.2259	0.0	0.0	0.0	0.0	33.2265	0.0	15.182	10.1177	0.0	0.0	0.0	86.7702	0.0	5808.34	0.0	0.0	0.0	0.0	1344.8	3823.74	7272.25	7581.22	430.499	105.698	104.313	62.2569	43.6628	976.199	541.031	262.396	1251.33	14.2728	24.279	42.7983	51.2927	28.9174	24.8455	271.116	5.92582	11.3654	70.4276	27.6952	3238.93	8.29492	9.78899	65.9509	195.362	13.3318	67.8222	35.3877	150.704	20.4691	54.4662	725.696	117.673	398.722	111.345	11.3911	31.9733	42.4704	0.0	19.9766	28.4213	50.5016	60.1466	280.72	5.81749	51.4882	108.304	146.204	6.23161	37.0213	76.6462	47.1065	186.777	66.4581	39.5378	400.138	76.6041	111.625	42.4645	23.0172	50.5077	97.1666	86.9201	171.028	150.636
MT_M044	59.5524	25.8536	47.9972	25.5896	0.0	0.0	75.6137	9.49843	22.9515	20.3513	0.0	52.6609	42.9786	38.9099	0.0	0.0	36.6786	0.0	533.706	0.0	0.0	0.0	51.01	0.0	0.0	46.9849	103.88	31.9796	0.0	0.0	0.0	0.0	0.0	0.0	40.4284	0.0	33.7448	18.1545	23.0423	24.9318	24.294	18.6795	0.0	0.0	9.47036	0.0	27.6653	87.7821	0.0	0.0	0.0	22.6238	39.5553	0.0	0.0	0.0	40.2852	0.0	92.826	63.5007	0.0	45.7082	0.0	20.6619	0.0	0.0578976	0.0	13.0489	82.154	51.3829	0.0	0.0	92.9902	105.569	18.3759	244.726	0.0	215.671	0.0	479.053	18.4665	270.161	0.0	0.0	166.347	0.0	0.0	0.0	182.833	0.0	130.117	10.8421	0.0	103.731	0.0	35.9145	0.0	61.041	22.7035	0.0	22.6324	1306.91	193.967	33.816	15.3044	78.9123	434.372	0.0	2061.96	0.0	0.0	0.0	76.3199	13.6203	93.4872	515.453	11.1537	0.0	14.7748	31.6836	13.6778	22.0929	0.0	0.0	41.0753	27.4185	21.2886	20.9029	0.0	0.0	0.0	35.9515	0.0	115.467	608.375	0.0	36.2669	0.0	0.0	0.0	0.0	0.0	24.3879	20.5056	0.0	69.4736	0.0	0.0	598.721	42.8366	27.0008	58.0687	0.0	0.0	0.0	244.402	407.152	0.0	0.0	0.0	0.0	0.0	29.8766	0.0	0.0	0.0	0.0	23.5175	0.0	0.0	0.0	0.0	24.4451	0.0	0.0	0.0	0.0	13.3236	106.794	28.8541	39.1417	0.0	0.0	0.0	31.2598	0.0	0.0	0.0	0.0	0.0	0.0	265.918	400.479	0.0	160.043	13.7162	228.052	83.8374	28.7077	0.0	0.0	20.4157	0.0	64.8999	24.035	0.0	35.1138	36.1319	34.3708	19.2917	29.1397	25.2078	0.0	322.998	0.0	334.973	0.0	25.2172	0.0	0.0
MT_M045	1564.25	0.0	326.695	145.656	316.818	1445.87	84.6033	289.225	95.7947	109.97	467.742	110.88	24.279	212.502	32.6908	0.0	24.3742	226.695	15.497	171.065	286.44	526.212	34.2853	166.048	22.2611	35.357	50.859	0.0	0.0	54.4988	21.5183	1495.42	0.0	79.2839	71.5215	0.0	9.71701	22.4761	0.0	0.0	120.954	0.0	249.284	634.797	611.521	535.836	4.29822	22.2303	81.1552	709.886	1379.75	30.3622	1265.39	617.039	604.873	100.454	103.58	970.677	30.2519	78.3672	291.915	245.595	518.124	712.425	46.3393	34.0069	0.0	23.2858	1047.42	169.358	596.669	193.463	614.902	148.704	15.6851	2845.5	324.015	1194.6	146.529	2433.9	0.0	611.579	23.2329	78.5827	2315.93	212.703	89.1762	931.629	195.637	593.509	73.2643	48.9222	41.7796	322.795	150.635	3564.45	169.389	84.7574	105.519	60.0025	676.154	757.338	15.5894	69.5169	0.0	91.3611	27.4628	64.1597	142.775	438.491	0.0	174.152	0.0	0.0	133.787	1.35973	138.446	159.006	51.2361	88.3458	36.5674	0.0	80.0266	110.491	279.192	34.8079	0.0	1086.81	1450.25	477.651	173.374	401.691	377.642	1577.95	50.5687	281.131	415.863	160.905	898.233	373.048	121.028	16.5367	1292.02	0.0	456.036	0.0	212.18	19.6496	72.945	207.013	46.0248	281.95	0.0	37.521	181.546	0.0	84.4831	22.1213	36.7187	0.0	2.17353	0.0	0.0	71.2209	39.5395	154.293	58.4796	25.0139	13.8866	13.3556	0.0	39.871	0.0	628.167	29.3805	0.0	43.6465	107.052	28.2518	425.533	152.403	0.0	180.276	197.931	29.3839	102.358	0.0	1671.22	133.974	0.0	700.321	13.3611	12.5052	170.087	128.023	412.638	84.417	21.8982	12.7242	201.454	155.486	136.138	0.0	54.563	50.9287	231.22	0.0	34.5309	61.7288	20.9403	182.646	174.743	22.2388	51.8218	633.083	178.886	37.5265	740.226	44.3591	127.831
MT_M046	454.239	103.944	0.0	0.0	6.17649	10.087	35.0669	152.784	241.846	149.571	0.0	0.0	103.248	16.5426	41.4705	0.0	10.7161	9.75797	87.833	46.5837	25.0367	9.65934	179.582	21.8451	16.1911	348.688	0.0	107.945	413.698	0.0	10.3102	0.0	0.0	0.0	0.0	89.6118	28.4542	121.537	0.0	316.327	260.016	108.155	79.3948	74.894	79.6285	104.36	0.0	328.743	78.5834	105.48	0.0	78.558	22.6672	28.4246	83.1012	37.1012	116.516	50.3257	8.38761	29.1217	12.0036	114.14	187.095	50.7761	100.86	0.0	8.8285	71.2631	111.497	395.521	282.815	146.463	295.172	0.0	146.816	47.4031	12.2295	0.0	5837.36	28.8935	0.0	238.045	0.0	5.90248	21.1918	141.029	239.025	237.192	64.2754	585.403	0.0	0.0	329.099	128.187	220.011	15.4164	434.423	158.021	140.749	122.152	0.0	40.7127	0.0	49.3714	20.2638	83.5035	29.8365	68.4352	55.15	6.07183	0.0	45.8164	49.7692	0.0	0.0	0.0	7.57735	0.0	0.0	379.731	0.0	14.2914	136.677	25.2956	0.0	6.91047	12.1299	24.3382	40.5641	74.2023	240.497	81.9742	132.723	16.3497	85.9642	13.2507	0.0	21.7709	0.0	308.575	261.05	0.0	17.7439	0.0	122.676	0.0	74.0578	11.0849	98.7811	112.774	0.0	103.878	217.104	116.796	253.169	0.0	22.6145	274.469	0.0	0.0	0.0	23.4275	0.0	106.805	27.7765	0.0	47.0922	0.0	128.774	175.986	0.0	0.0	0.0	25.4165	63.4322	0.0	0.0	42.2527	354.26	51.4888	171.083	0.0	56.8908	0.0	16.6797	211.861	12.6402	0.0	0.0	8.8014	12.1108	12.8836	102.54	22.0442	591.377	30.9486	0.0	14.055	0.0	37.1816	99.1779	0.0	82.684	100.193	0.0	27.1975	194.31	0.0	230.002	694.116	0.0	135.398	632.785	33.3766	20.5003	63.4658	0.0	0.0	88.2876	267.929
MT_M047	1.07903	0.0	6.91435	13.0822	12.1008	31.0592	31092.8	548.069	11.9579	1150.36	36.453	0.0	11.9191	210.823	39.2583	2.98014	3.1481	78.7121	19.1392	149.609	2.61846	124.236	45.1709	24.3465	8.50489	17.1866	7.37436	34.5259	8.10857	12.7648	10.5639	8.11141	7.12119	33.4903	9.57506	34.9665	1.48357	29.9475	104.348	22.3986	1.85395	4.39733	47.9868	231.956	276.877	81.7122	5.32904	3653.82	113.494	985.802	10.0692	41.023	76.4123	0.0	0.0	3.39839	1186.71	40.1868	5.25233	21.2977	371.9	29.6233	107.156	5.37492	21.8698	3.91143	3.06169	2.37287	2844.19	6.04683	20.9586	12.5867	16.7806	5.15903	44.1699	0.0	153.123	32.476	10.1295	35.7092	0.0	55.6969	0.0	9.11903	0.0	4992.65	103.161	35.5647	187.96	5679.4	78.2125	0.0	46.2757	172.713	59.6921	7.5813	40.0617	0.0	830.063	223.741	331.45	7.94261	52.1928	24.6458	1.67482	3.95991	464.267	47556.0	907.079	59.7942	151.442	113.115	0.0	8.18249	2.94392	6.36141	3.38085	44.7511	4.43604	26.4162	13.3305	3.95942	40.4252	8.61681	16.4285	16.8471	1.64931	33.2732	185.074	30.8815	730.517	7.50618	247.062	8.58574	1080.37	11.7517	5.74526	24480.8	39.8655	240.527	29.257	24.1626	49.1345	5.81799	14.9396	62.5641	59.4113	0.0	20.9058	42.3867	0.0	0.0	292.037	145.303	168.603	6.33279	0.0	4.14758	38.4551	0.0	6.06063	3.75221	3.96883	79.2761	10.5301	54.9637	2.68319	0.0	1.7085	77.4409	1.88361	5.73693	27.6719	65.7782	1522.48	30.5691	2.60908	46.4665	12.2587	106.245	2.00966	4.21449	44.2024	19.4743	12.7581	276.63	0.0	11.852	0.0	0.945742	0.0	0.0	7.2836	21028.4	4.0306	0.0	188.288	26.3461	69.7904	47.0675	57.9829	1853.58	84.9962	13.2179	0.0	43.198	97.3069	55.152	46.9695	2.27718	0.0	31.6674	39.8806	19.5455	26.8337	0.0	0.0	22.8633	3.37412	32.965
MT_M048	16.256	0.0	19.2681	12.4214	0.0	71.4198	38.4701	46.8425	26.7968	141.729	109.883	36.8854	13.9456	19.4459	38.9255	0.0	13.9631	208.997	5.87264	25.9923	0.0	68.7475	43.9611	0.0	0.0	55.6967	0.0	0.0	0.0	25.7592	0.0	85.4662	0.0	387.253	0.0	0.0	0.0	45.6518	0.0	0.0	40.5706	0.0	87.7323	16.5256	0.0	100.827	0.0	27.7563	48.5606	149.42	46.1246	0.0	115.683	54.6526	152.355	0.0	0.0	25.1078	0.0	0.0	106.832	283.248	16.7059	0.0	34.6278	0.0	0.0	16.677	148.639	0.0	253.385	153.799	0.0	0.0	349.81	0.0	31.4837	94.6693	64.9416	0.0	21.6711	0.0	0.0	36.4655	33.1755	402.333	78.3586	175.938	128.085	104.769	33.2318	0.0	0.0	40.4333	23.4401	0.0	0.0	20.881	66.6024	132.194	23.4138	10.6054	0.0	56.7416	0.0	317.886	0.0	113.474	13.138	44.2034	0.0	250.4	0.0	0.0	46.5399	22.4239	0.0	149.126	0.0	0.0	0.0	12.0621	0.0	55.1773	266.029	55.9029	62.2492	25.8701	64.4021	63.6837	0.0	201.739	41.3024	75.368	25.4765	106.359	194.25	324.769	115.438	94.2715	175.762	0.0	57.7506	0.0	0.0	34.8632	22.9375	0.0	0.0	68.6978	12.0097	0.0	0.0	108.726	95.3857	0.0	0.0	0.0	0.0	0.0	0.0	0.0	0.0	0.0	0.0	0.0	27.386	0.0	0.0	0.0	0.0	0.0	0.0	66.847	0.0	0.0	0.0	47.3464	0.0	6.09516	0.0	0.0	234.894	0.0	41.491	221.416	0.0	72.4665	65.6585	0.0	101.759	0.0	85.2063	112.256	100.191	0.0	63.6689	0.0	77.5538	71.453	65.2176	296.496	0.0	0.0	0.0	20.0142	0.0	29.8992	0.0	0.0	0.0	89.9537	53.0071	0.0	43.6098	290.772	55.0002	47.3965	44.2137	36.2641
MT_M049	431.897	93.1153	128.008	49.7	9.91597	197.689	31.7262	55.8851	398.164	55.9868	75.9964	130.648	17.6778	72.7122	20.744	42.5448	143.094	39.2638	17.0911	0.0	121.96	0.0	63.4076	43.0405	39.6393	55.5934	84.1128	63.5829	469.725	634.706	353.69	0.0	329.992	489.157	490.135	93.8634	74.9586	4.64773	10.2459	291.7	201.425	201.443	19.2386	0.0	65.5556	75.1584	9.09774	166.711	0.0	74.9955	0.0	840.244	20.736	0.0	0.0	147.151	14.8255	7.09597	707.7	9.03773	0.0	351.35	151.227	26.2645	15.1006	184.77	12.9346	266.274	0.0	131.739	110.529	38.5665	82.5784	18.7484	323.905	0.0	67.1246	160.169	53.8633	18.2976	796.817	85.1741	429.374	0.0	17.4852	127.098	50.0877	8.5692	43.4075	144.816	47.9587	459.839	224.648	0.0	416.045	10.3999	182.554	189.989	0.0	214.993	0.0	0.0	145.792	0.0	72.6417	209.733	0.0	0.0	326.804	14.7463	364.419	0.0	139.98	601.73	23.336	70.604	314.248	508.578	46.092	0.0	62.9612	461.391	30.783	40.6626	10.4015	105.602	26.2523	0.0	64.9616	18.0411	238.308	117.963	0.0	0.0	0.0	0.0	0.0	0.0	25.2163	42.8364	68.3424	153.459	0.0	47.4222	53.7858	8.76934	57.997	87.316	31.5924	165.561	0.0	0.0	169.243	70.0507	0.0	569.389	3.4603	461.955	588.176	88.7072	142.19	610.999	636.992	14.8497	1034.99	207.746	120.762	246.557	705.866	201.953	563.681	604.672	657.848	56.5265	613.953	566.585	419.659	0.0	1017.13	44.463	83.9596	1528.76	207.822	163.857	66.3668	692.763	200.986	4.97394	759.549	0.0	499.311	36.0375	321.114	14.3116	449.434	14.6702	158.526	98.8625	731.009	68.8383	370.054	578.973	289.322	253.642	675.629	10.0768	435.497	75.7249	777.092	1744.49	221.745	93.7771	248.85	109.035	72.4035	4.31115	701.864	13.4589	1063.76	998.88
MT_M050	372.631	4760.43	2675.13	145.896	338.366	0.0	14.6226	182.8	25.4089	928.402	611.184	280.116	66.8449	241.333	80.0619	5662.02	300.569	14.7215	12.8472	285.235	123.363	95.8311	157.697	1816.88	3279.52	260.663	287.814	188.343	183.592	16050.1	7189.46	97.1945	1145.85	139.46	8575.57	7212.29	94.5441	381.114	19860.7	10666.8	194.398	11983.9	87.1972	851.653	479.739	407.423	8020.52	53.2909	29.6145	3.92456	28.075	88.757	43.1893	895.512	768.187	150.219	27.4056	2009.18	1095.73	5277.97	12.6599	159.422	187.095	331.398	100.234	6600.91	650.867	1583.95	7.13839	1285.13	679.65	321.705	278.442	242.255	138.014	2978.76	1868.77	823.344	935.489	0.0	1129.26	637.439	2443.58	142.519	11588.5	8.27591	159.05	2438.05	143.456	8.48991	389.073	9396.56	6609.75	440.1	373.649	111.102	353.688	569.642	27.7516	22.0113	32.2814	5599.2	11271.3	103.533	900.769	83.7701	112.95	12.9674	4945.59	1273.07	7134.8	19.7924	512.435	3914.97	534.638	200.334	846.71	184.978	1576.95	7482.94	6616.48	6323.45	202.366	57.2774	162.528	667.305	65.8067	2965.59	28.1757	11.4212	13.121	0.0	11.3987	1998.76	61.3798	78.2286	27.5963	34.5229	189.086	71.734	0.0	271.144	741.593	484.151	2574.76	2277.59	7.57445	1603.78	363.871	115.302	58.3826	709.139	66.8901	68.7891	154.062	1350.25	7083.18	212.719	153.265	345.163	3716.09	87.1549	419.089	16771.7	4655.52	291.773	5690.5	36205.0	3724.81	437.643	2912.61	2535.18	689.854	145.729	3339.31	5632.9	167.988	58.0117	125.453	57.0926	4045.33	1599.21	0.0	445.049	147.744	33.7396	55.8534	39.3121	90.624	218.237	4756.54	311.808	413.619	9.11453	212.412	514.335	125.215	35.6372	244.907	11.7166	63.1121	80.3523	6902.72	125.369	269.819	952.251	409.107	7119.56	5559.6	409.528	37.8567	532.953	198.569	768.335	69.9242	88.2808	449.537	468.409	125.097	49.966
MT_M051	41.7083	19.4142	536.594	12.6806	137.784	1253.45	15.41	97.2281	174.026	62.8513	0.0	0.0	0.0	0.434576	419.721	653.278	391.399	39.1215	34.5188	246.632	330.304	4190.36	431.3	244.86	820.153	408.028	74.92	502.827	300.717	682.496	732.493	245.314	669.528	323.591	196.143	425.698	115.525	271.753	538.624	381.892	44.4979	163.604	463.995	136.095	287.474	56.6188	1201.11	1793.87	351.395	65.9095	44.0162	240.745	151.908	195.037	490.362	3.66813	26.7931	440.793	0.0	0.0	782.638	262.167	600.152	533.321	5.48265	1015.54	2921.97	156.736	377.953	2288.91	57.8123	61.6026	90.7875	291.971	442.096	709.504	446.405	9.77002	75.4154	278.137	541.203	320.307	342.592	62.7094	1200.01	79.0462	165.324	11.6983	32.8244	74.5158	8.55496	320.577	660.077	536.581	22.8846	928.27	288.494	4.40415	318.593	0.0	22.2388	51.8014	0.0	19.4772	20.7335	17.8892	15.7042	146.267	213.717	22.016	0.0	428.027	0.0	3.75518	5.48658	0.0	19.8684	0.0	33.1705	9.9135	0.0	2.99172	15.5818	3.86135	102.204	0.0	0.0	93.1013	250.11	193.101	149.864	372.024	206.024	50.1484	288.985	22.3512	0.0	181.718	0.0	96.3553	1944.44	95.1764	37.2947	0.0	608.547	2.25586	367.316	0.0	7.74501	94.8096	0.0	0.0	0.0	110.324	19.7948	354.279	554.961	270.879	182.548	1084.51	1042.39	727.823	607.528	263.296	756.58	110.871	453.481	1580.66	1561.48	151.092	94.3117	125.909	1825.05	72.3976	309.755	980.844	847.236	47.4576	36.9381	12.2642	179.185	97.0328	339.888	21.0411	7.41201	41.7703	45.7701	108.243	35.8102	61.361	76.1765	174.891	17.9862	123.626	12.2137	8.89964	579.997	301.918	57.2066	53.9737	2494.78	150.873	352.286	19.3369	140.466	454.22	25.2628	459.843	181.43	103.558	0.0	40.3357	52.4183	73.3805	4489.4	9.4593	92.763	167.657	24.3963	31.6428
MT_M052	33.5143	0.0	51.6165	0.0	12.367	0.0	0.0	15.8674	10.3162	0.0	0.0	73.172	25.3864	0.0	40.6289	48.9748	69.6655	22.0924	0.0	109.131	96.3251	0.0	31.953	88.3706	75.687	0.0	30.3661	85.9941	24.0784	54.9231	75.9545	0.0	43.2019	66.9509	25.5615	49.3451	0.0	0.0	57.9231	44.97	115.274	0.0	0.0	11.6273	0.0	204.731	33.6591	0.0	0.0	0.0	0.0	0.0	90.7395	0.0	0.0	22.0071	0.0	0.0	12.7621	0.0	0.0	106.696	912.359	35.1145	0.0	78.4677	92.2436	24.3483	0.0	82.2628	31.5817	0.0	38.6148	41.1735	127.215	0.0	17.6522	230.01	51.8919	0.0	62.1061	211.585	81.0593	197.305	0.0	0.0	0.0	0.0	0.0	0.0	63.2	27.272	35.3799	956.34	72.5543	0.0	209.587	0.0	0.0	0.0	0.0	12.1083	0.0	47.6071	0.0	0.0	151.477	0.0	0.0	0.0	42.8912	0.0	0.0	24.2748	0.0	20.9606	0.0	89.4545	0.0	14.4844	25.0022	0.0	47.1559	0.0	15.1912	56.0771	15.1207	0.0	0.0	0.0	0.0	0.0	0.0	0.0	70.7698	0.0	0.0	0.0	0.0	0.0	0.0	0.0	0.0	0.0	0.0	0.0	0.0	0.0	126.656	0.0	0.0	0.0	148.215	207.038	39.5073	73.3147	39.7568	13.619	61.6982	129.247	111.657	152.993	68.3886	69.7905	109.634	162.385	55.4894	37.5084	11.9621	63.4519	38.4529	76.908	70.3485	0.0	161.072	36.6935	60.217	0.0	45.1768	141.304	15.3535	48.3154	0.0	62.2553	24.0804	0.0	28.2429	0.0	14.8076	120.382	0.0	154.273	21.3068	19.9453	28.5138	0.0	23.5998	210.279	67.6608	178.149	0.0	216.613	124.018	23.5128	0.0	0.0	151.517	137.381	32.768	91.7517	0.0	64.014	52.8505	0.0	0.0	27.2697	58.1905	0.0	9.52122	21.9895
MT_M053	22.1637	18.0841	181.575	0.0	24.1561	0.0	48.3149	18.0079	0.0	11.2093	202.964	20.1999	0.0	14.6373	38.8485	3.34543	14.7396	100.07	8.53437	74.3292	0.0	130.615	56.4875	54.3411	24.3323	24.3828	9.88959	0.0	28.4626	0.0	25.1392	814.98	0.0989685	74.0215	0.153307	13.0478	0.0	9.05168	0.167175	13.9347	17.6704	12.6743	479.301	308.984	28.4841	15.2078	0.0	14.9807	0.0	11.7147	1119.33	0.0	1232.28	362.355	610.312	0.0	40.8317	246.977	0.0	0.0	52.3134	58.0402	0.0	193.092	16.3177	10.8883	26.0486	10.9731	758.664	13.6589	51.0265	264.211	9.91276	222.714	184.568	2446.31	11.1138	14.0291	0.238759	1246.83	17.6533	203.056	14.4449	0.0	1363.67	272.779	0.0	524.002	14.2303	267.503	32.0891	39.6564	31.0252	124.493	15.8059	1993.45	44.7815	89.7775	88.7819	74.3089	48.7158	76.6788	0.0	69.0842	8.64383	131.547	34.1434	202.48	23.4458	59.8011	61.2385	247.734	0.0	11.3509	147.865	7.59499	47.6366	39.9022	0.0	36.6034	0.0	0.0	89.6296	34.7707	271.995	0.0	0.0	225.672	455.342	438.637	69.6865	393.032	90.6251	424.952	20.5534	78.0688	93.4391	171.231	591.842	524.664	78.4254	17.9493	1045.18	0.0	539.747	21.0773	102.481	0.0	162.257	128.584	28.0576	0.0	0.0	41.337	112.66	0.0	27.9823	0.0	31.3724	0.0	0.0	15.4338	40.9714	93.8189	0.0	0.0	55.7404	45.0844	0.0	111.392	0.0	23.419	19.9234	13.4148	30.5679	14.5132	0.0	33.3649	18.1625	23.0324	74.9597	17.1945	221.822	0.0	0.0	19.1581	0.0	1548.15	25.6376	18.228	567.364	18.0593	10.1107	88.0637	31.8461	136.724	63.027	0.0	250.706	233.895	227.756	20.0736	0.0	43.1405	33.6973	52.1859	0.0	56.5466	0.0	31.9378	150.575	24.7654	30.6361	12.7633	243.666	114.806	107.585	275.358	17.5184	40.643
MT_M054	17.1701	0.0277991	0.0204992	0.0	63.307	12.718	288.785	0.0	21.2633	49.9001	3.83676	17.8705	18.507	0.0	106.9	0.0	0.0	63.1329	4.34723	798.555	25.1331	137.9	247.218	33.0572	235.361	249.77	179.884	42.6932	292.881	0.0591182	54.2887	59.8704	91.3507	194.607	48.5104	0.0	206.053	124.956	0.0244175	328.266	90.1934	62.2186	5.70012	21.8919	31.6182	0.0	165.872	0.0	210.651	27.3856	7.35586	34.8549	4.38148	0.0	38.9298	80.0475	232.859	32.3375	14.4647	24.2697	611.811	0.0	11.9095	0.0206504	43.0955	82.0621	20.6345	16.4747	880.069	0.0290487	5.81981	107.5	11.4166	234.688	9.55761	95.0857	0.0	0.0	0.0	338.92	87.7309	0.0	173.466	0.0	83.8221	824.938	13.1904	0.0	67.3887	83.8733	33.0104	0.0	175.967	0.0	43.883	25.2037	78.9617	15.5321	2550.21	0.0	0.019287	78.1035	7.36032	0.0	8.80151	0.0	299.008	247.195	62.54	8.49914	16.8524	74.14	54.9012	12.1238	36.0236	78.0996	0.0927057	0.0	17.3685	0.0	25.7112	36.7409	0.0	0.0	0.0	34.9416	15.9556	23.9883	0.0	88.154	0.0	213.075	810.953	14.1688	43.2691	0.0	0.0	123.18	0.0	151.321	61.4895	87.9386	0.0	0.0	40.9631	8.24314	150.47	14.644	43.23	0.0	22.0395	18.9558	124.52	241.023	20.4829	631.174	94.9307	99.726	144.654	454.67	400.775	133.514	110.393	196.215	329.08	62.4261	462.795	337.809	404.343	467.266	97.7188	499.832	150.75	248.445	790.414	422.657	391.061	295.335	45.7494	21.4797	165.047	39.7306	208.292	190.975	220.543	34.818	122.879	28.7768	54.5553	56.0759	86.0214	214.744	44.7887	326.741	58.1437	9.2849	820.806	110.567	62.8397	13.5412	10.1457	107.615	192.01	0.0	0.0	147.538	64.9908	217.711	330.25	0.0	18.5965	92.0039	21.073	0.0	120.4	208.771	19.0111	119.421	246.494	71.9812
MT_M055	0.0	0.0	32.5703	0.0	0.0	0.0	0.0	0.0	20.8357	0.0	21.5972	487.696	0.0	0.0	0.0	276.136	0.0	0.0	0.0	0.0	0.0	0.0	0.0	30.4517	152.086	0.0	0.0	0.0	0.0	0.0	22.0445	58.7655	906.8	0.0	0.0	0.0	0.0	0.0	0.0	0.0	61.7382	0.0	0.0	27.7751	0.0	0.0	0.0	0.0	0.0	0.0	188.644	0.0	218.044	16.6548	0.0	0.0	0.0	23.7111	0.0	26.2765	0.0	0.0	0.0	13.1019	0.0	287.341	0.0	172.66	149.628	5080.96	0.0	0.0	51.9042	787.214	0.0	370.975	0.0	0.0	0.0	4159.31	0.0	40.3599	89.0545	0.0	461.827	0.0	33.9872	31.0346	0.0	0.0	0.0	0.0	0.0	36.2442	16.0918	466.037	18.7113	0.0	0.0	0.0	0.0	16.0865	0.0	0.0	0.0	0.0	0.0	0.0	0.0	0.0	0.0	71.0791	0.0	0.0	0.0	0.0	0.0	0.0	0.0	0.0	0.0	0.0	60.2875	10860.2	0.0	0.0	0.0	33.2467	0.0	0.0	0.0	0.0	0.0	0.0	0.0	0.0	0.0	0.0	19.8701	0.0	0.0	0.0	175.058	0.0	0.0	0.0	0.0	0.0	0.0	70.6282	0.0	0.0	0.0	0.0	0.0	0.0	0.0	126.805	0.0	0.0	0.0	0.0	22.3852	0.0	0.0	0.0	0.0	0.0	0.0	29.4895	0.0	0.0	0.0	0.0	0.0	50.9966	0.0	0.0	0.0	28.6936	0.0	0.0	0.0	28.0672	0.0	34.7436	0.0	45.8171	0.0	0.0	0.0	0.0	174.397	0.0	16.766	0.0	0.0	0.0	35.9282	0.0	55.2461	0.0	0.0	0.0472414	0.0	17.7985	0.0	0.0	0.0	0.0	19.1747	11.6553	0.0	0.0	0.0	27.8743	0.0	46.4676	30.18	0.0
MT_M056	334.513	6.9663	812.257	77.0129	448.646	329.12	17.3163	5.7301	89.7926	171.417	1785.71	309.747	13.4697	7.48576	177.783	28.273	7990.97	1208.7	317.405	115.478	2513.57	2594.41	29.6733	182.98	41.3492	352.194	788.501	25.4696	201.455	281.811	49.1672	393.406	132.258	141.667	18.4598	133.809	382.545	1681.04	240.283	23.5482	3164.23	12.2685	1708.93	214.927	2217.33	597.655	5797.26	242.726	77.9564	4951.04	553.154	33.0399	96.0696	226.866	26386.8	17.0227	36.1857	1039.94	23.7364	10.8871	424.03	57.1485	251.449	916.474	79.9681	73.9855	42.3108	18.1639	2340.72	598.322	138.281	989.271	16259.1	3201.4	5474.75	128.612	540.345	51.3099	417.687	80.3156	19.7417	130.214	10.6248	70.9206	110.926	519.095	96.0022	762.299	180.862	13.6632	369.359	13856.4	102.022	422.597	899.238	346.253	56.1802	117.681	136.008	190.383	57.8923	1776.84	0.0	0.0	0.0	12.2486	45.2138	0.0	49.6276	26.2649	0.0	48.0258	0.0	11.4799	0.0	16.428	5.55427	16.4385	8.4226	12.6634	0.0	37.6734	27.7528	5.5467	24.5025	0.0	39.6948	267.541	124.752	52.437	287.893	211.623	21371.6	81.4515	1686.14	43.2755	97.7233	110.853	0.0	107.836	544.101	11.1549	215.615	0.0	152.439	117.32	486.651	62.5284	42.0183	49.1619	23.7075	146.882	232.85	197.936	140.268	50.5099	1221.49	37.8093	44.7707	230.522	245.243	197.774	62.9998	788.05	1072.09	66.5277	105.544	241.015	504.265	33.1915	44.0003	131.321	42.9443	98.1209	448.16	84.8769	34.3336	18068.3	364.033	3518.99	5393.56	31.925	206.542	1133.29	245.813	120.923	428.266	223.696	1927.32	364.636	50.5234	363.558	14.1982	307.041	2071.16	615.128	582.792	97.1783	688.786	436.217	400.598	218.674	2500.64	85.247	1059.69	119.695	462.979	1307.06	1300.06	75.7496	22.2336	49.6297	167.435	577.717	37139.9	27.4901	606.052	505.022	450.98	832.28
MT_M057	8.77323	18.9657	77.5212	9.93107	14.2525	0.0	85.9135	0.0	0.0	3.43905	202.791	0.0	10.529	21.4934	7.27027	0.0	0.0	16.0857	10.6172	18.8632	4.36705	45.0104	27.3261	30.872	15.1044	23.5416	0.0	0.0	46.4503	4.50878	0.0	572.596	0.0	12.5455	0.0	0.0	12.6658	0.0	0.0	7.07531	0.0	0.0	241.231	236.031	0.0	0.0	0.0	7.73672	8.23516	0.0	509.887	0.0	552.205	154.34	476.5	0.0	80.6343	187.808	0.0	0.0	37.6262	6.95791	0.0	82.0561	9.66339	8.06888	0.0	4.82486	216.017	0.0	12.868	41.9924	3.39325	42.2663	35.2933	4818.73	0.0	0.0	0.0	1178.39	0.0	87.1234	0.0	4.47526	1327.45	21.3765	0.0	201.948	0.0	144.801	20.6934	5.99369	16.3481	22.4889	0.0	954.791	14.0818	15.8263	20.3313	13.6744	26.8522	80.1802	0.0	43.7234	0.0	57.0598	68.8532	149.759	29.4307	21.6949	46.4667	124.46	0.0	13.5922	181.337	0.0	71.3828	17.0591	0.0	78.6843	0.0	9.83349	62.8432	6.74641	48.9356	0.0	0.0	151.131	407.207	204.895	38.7951	284.239	27.8171	304.015	0.0	34.3489	54.8242	128.835	427.137	256.759	23.4586	0.0	869.337	0.0	343.586	0.0	108.611	0.0	128.793	29.2725	77.0617	0.0	0.0	8.15094	8.22318	0.0	0.0	0.0	11.3606	0.0	0.0	11.1408	6.93669	21.8492	0.0	0.0	14.8376	0.0	0.0	39.0581	0.0	5.42054	0.0	0.0	5.05598	0.0	0.0	10.5975	3.74412	11.9018	0.0	9.39363	11.277	0.0	6.34333	8.07491	4.29679	308.762	9.59787	4.11433	133.285	6.15541	5.28721	34.3573	15.2107	114.566	22.1978	0.0	39.9387	25.3267	19.8232	4.5702	0.0	37.6812	51.7725	11.3463	5.88006	10.0058	0.0	15.5107	65.9195	0.0	6.67699	0.0	101.404	52.2571	31.3933	247.883	4.46018	19.2193
MT_M058	515.035	455.48	348.959	64.2846	1062.29	0.0	0.0	3558.06	435.657	1127.13	283.043	585.733	558.223	1734.64	1883.28	301.974	130.293	1422.73	701.586	393.485	165.077	1606.59	583.83	4189.25	1006.72	2744.54	351.007	330.734	659.317	281.37	413.66	695.233	334.211	2500.33	403.706	269.568	801.926	1434.63	389.496	1875.15	911.391	504.637	92.4509	1322.9	810.474	62.0474	3371.0	126.716	0.0	1318.19	467.115	470.745	579.403	702.248	86.7423	231.578	0.0	1294.75	34.8112	1594.98	65.7368	155.271	490.34	492.517	977.895	517.157	113.629	414.41	253.422	163.852	684.449	2235.25	334.209	1733.36	816.6	0.0	789.932	266.99	989.284	0.0	263.096	188.809	950.091	21.2228	165.319	0.0	15.2726	334.605	127.711	0.0	190.295	167.436	1293.8	484.73	460.213	324.762	283.421	437.656	0.0	18.0683	128.552	736.724	555.988	156.684	342.499	37.4252	0.0	0.0	5.73239	246.85	1081.44	26.7185	115.638	979.82	317.226	215.374	249.365	0.0	378.208	5090.46	2041.62	1840.95	1176.98	198.468	222.064	198.374	279.181	190.139	0.0	23.8501	191.877	0.0	0.0	163.161	0.0	0.0	36.4922	594.061	0.0	112.381	724.505	621.606	981.252	513.719	1010.13	153.028	46.1896	829.79	1235.21	140.672	81.3034	35.5129	28.3944	0.0	0.0	1496.14	463.328	439.715	229.454	960.697	1075.87	630.578	378.574	588.473	460.108	83.0082	2937.58	621.226	1501.84	425.484	312.881	428.861	291.274	429.497	2921.92	1701.26	615.203	1844.57	160.957	1619.45	1192.08	135.29	2116.61	463.911	886.842	74.2331	548.314	375.046	370.388	103.728	264.414	753.853	86.1974	62.0141	377.925	312.425	457.942	328.399	100.618	532.128	366.134	340.677	1028.32	387.965	1084.94	1752.74	215.104	1828.58	1837.56	195.139	590.402	431.072	58.774	470.088	86.8536	405.552	716.895	1555.77	638.697	489.618
MT_M059	386.108	655.769	392.712	1268.94	307.25	25.7968	3677.68	61.99	2062.87	130.113	230.004	1283.95	462.507	993.769	579.231	900.924	206.354	796.917	1102.45	63.6152	2441.17	20.49	1862.06	90.8948	274.113	356.213	776.856	226.585	2094.47	239.064	279.788	502.088	2035.12	74.7542	2948.87	357.041	1862.52	1103.22	95.7835	1852.74	979.035	309.434	0.0	2250.1	51.2541	88.5379	119.793	837.524	0.0	0.0	302.449	392.255	424.087	41.1351	0.0	98.7636	121.527	364.186	41.4606	600.541	0.0	135.404	59.1371	503.988	731.618	122.086	94.5882	429.103	209.706	3354.19	44.1514	441.532	693.472	4309.38	19.1073	662.367	432.789	145.365	293.467	4598.7	44.8222	2321.87	2813.52	345.615	680.471	0.0	109.5	53.5113	2325.87	58.0173	1855.9	44.0441	140.719	421.076	654.167	456.227	640.334	103.226	673.415	174.728	1719.36	411.133	1820.76	466.648	143.485	408.273	2131.47	316.599	90.0133	22.3607	1771.37	73.7292	650.292	80.6466	333.543	279.076	71.9086	19.8277	45.2449	55.8895	5282.02	146.049	2263.23	7787.88	395.838	200.438	1272.27	241.659	50.974	269.819	0.0	0.0	22.3142	40.6665	1166.49	636.953	1539.86	0.0	210.041	578.173	339.51	164.045	752.151	123.235	0.0	124.419	341.038	181.323	31.6856	80.8893	898.407	1716.96	980.696	50.9916	53.3498	37.8143	101.779	470.65	125.062	0.0	1268.55	32.7358	157.368	66.4541	67.9422	344.664	53.0765	0.0	1802.93	272.458	33.1824	26.3499	40.2705	67.7888	61.2902	237.139	15.8591	1163.25	124.59	930.832	90.008	75.2612	0.0	215.637	109.975	878.744	48.8086	89.6005	2333.46	60.7473	45.4333	82.9238	514.521	0.0	1321.51	1319.14	341.946	466.562	633.536	60.628	205.39	216.176	0.0	2742.32	3149.47	0.0	203.151	42.9032	0.0	35.6225	1182.95	213.688	326.905	1084.91	0.0	265.121	147.015	67.0984	521.618	113.966
MT_M060	90.8575	10.3781	19.0917	419.867	51.5269	5574.94	595.4	703.119	63.4764	195.315	255.336	14.7228	32.6181	38.0747	71.2558	0.0	0.0	13.4722	25.1636	28.3615	12.6578	45.2643	8.5643	114.504	5.98184	75.7434	3.09822	4.41577	14.498	53.8708	0.0	273.018	0.0	63.966	0.0	0.0	72.6857	110.176	1.84308	0.0	177.738	0.0	141.938	103.12	1000.33	264.042	14.6406	12.8626	88.6161	186.516	125.845	11.0366	165.874	111.856	508.548	28.111	53.9326	197.594	0.0	0.0	284.206	62.8197	53.5225	110.59	24.066	1.35303	1.17854	0.0	211.684	4.69654	1046.21	75.877	173.706	71.3544	44.7726	221.934	331.561	66.0471	614.284	565.778	0.0	57.3356	11.649	4.65858	331.778	1218.79	50.0915	237.739	165.13	168.326	18.1855	3.55513	44.5471	65.1143	126.316	59.621	327.452	164.262	41.9385	35.3495	113.176	312.986	0.0	145.837	0.0	36.3523	90.1642	322.94	886.015	573.766	0.0	400.618	11.823	0.0	220.818	16.9675	14.4733	482.471	0.0	64.9549	0.0	0.0	15.0711	0.0	216.996	0.0	40.0579	127.879	356.608	318.182	198.233	362.102	58.6986	719.369	580.197	33.418	65.4628	113.645	794.971	177.822	251.57	0.0	309.607	0.0	43.3709	0.0	78.659	3.37426	71.3948	309.582	40.4693	38.1683	0.0	114.095	0.0	6.29728	3.12692	23.8883	6.77162	0.0	0.0	8.13149	5.77426	10.1139	1.10347	31.7324	89.0454	0.0	14.7219	7.09093	0.0	5.60236	0.0	210.984	23.5686	7.66773	21.5165	326.614	25.7077	111.796	105.177	7.53315	77.1127	9.42944	40.9146	901.073	4.20155	44.0291	99.7257	9.97156	141.037	9.67478	9.71841	1242.3	65.3698	6.35541	435.241	102.288	213.159	372.533	286.772	230.118	11.758	75.1099	18.5196	224.417	9.12338	47.967	6.41174	9.6093	26.3163	684.618	21.041	79.761	100.562	116.509	65.8131	438.419	1.95839	188.695
MT_M061	730.954	9.77715	0.0	68.1211	66.2437	596.825	0.0	78.213	0.0	54.0654	31.3675	0.0	0.0	17.5778	0.0	0.0	0.0	0.0	0.0	0.0	20.5709	76.3952	0.0	234.283	0.0	0.0	0.0	0.0	0.0	23.2171	0.0	20.0827	0.0	15.62	0.0	0.0	0.0	11.1039	19.1126	0.0	21.1221	0.0	227.989	123.016	17.0889	54.5677	0.0	0.0	0.0	143.987	77.6006	0.0	59.0085	50.7698	0.0	0.0	0.0	40.3497	0.0	12.9896	63.9948	0.0	93.8455	87.8987	0.0	0.0	11.0346	0.0	0.0	23.4636	738.838	55.7862	36.5241	25.01	226.18	35.372	40.3671	92.8384	43.6412	42.6221	0.0	91.6257	33.862	0.0	47.9917	0.0	126.271	108.234	17.2646	0.0	0.0	63.1625	0.0	183.905	42.4858	36.2228	0.0	0.0	45.3803	0.0	33.1153	0.0	0.0	0.0	0.0	0.0	0.0	71.5753	52.8524	12.2946	0.0	372.266	0.0	0.0	0.0	0.0	0.0	35.4904	0.0	0.0	0.0	0.0	100.94	13.6403	27.351	0.0	10.4501	31.2196	80.0259	209.936	0.0	0.0	0.0	401.559	0.0	0.0	103.398	0.0	147.527	0.0	0.0	0.0	58.8111	0.0	0.0	0.0	0.0	0.0	0.0	94.0078	0.0	0.0	0.0	730.883	0.0	0.0	0.0	0.0	0.0	0.0	0.0	0.0	0.0	19.4337	34.9896	22.5926	22.671	29.4208	28.6044	0.0	0.0	0.0	0.0	112.151	17.3073	0.0	16.1886	3.05407	23.5837	8.94652	19.7716	0.0	76.8367	32.1712	34.4043	0.0	0.0	39.3205	0.0	0.0	0.0	0.0	0.0	16.1919	12.4812	72.4633	16.771	12.7587	22.9479	37.6792	75.6077	14.6419	0.0	24.2457	0.0	35.9234	23.0082	0.0	49.0367	0.0	0.0	54.3906	0.0	6.56944	26.9002	0.0	26.8484	28.9707	13.395	0.0
MT_M062	12.5611	116.231	145.165	58.4543	8.42351	28.5169	1924.68	11.8799	7.24916	14.1632	336.265	13.4134	301.762	136.433	33.1125	5.97695	6.80006	12.3958	197.923	224.419	0.0	431.682	32.4937	87.2928	17.139	57.5075	8.82256	0.0	130.879	12.2818	0.0	3219.08	12.8004	21.1224	127.522	0.0	194.193	45.7614	0.0	20.3683	19.6433	0.0	423.923	97.2312	7.65277	64.3514	5.21341	83.9257	18.0506	0.0	1177.18	51.7026	1299.11	395.181	2281.67	50.7673	720.719	721.945	30.2018	47.303	815.185	25.2075	44.1205	63.8705	42.5813	16.9554	0.0	45.9896	844.766	0.0	158.542	30.3513	17.6122	54.2738	15.1281	301.793	20.927	3.97962	7.4356	3950.18	0.0	233.531	0.0	23.3597	2228.0	910.122	24.6673	925.918	26.8573	1219.75	41.8464	0.0	34.2196	137.562	9.02393	2668.83	18.3648	11.2143	141.115	15.488	38.467	2961.96	333.945	563.59	17.4478	378.973	1579.36	4074.38	89.2494	295.302	243.941	730.723	27.8062	290.69	534.932	110.897	323.336	282.589	33.3543	427.293	120.655	250.44	85.6662	57.8441	142.317	26.3841	47.1483	487.971	4522.13	149.175	533.207	3169.71	159.268	1511.37	132.284	892.881	174.918	290.196	4530.58	1257.7	49.9163	0.0	2881.79	22.0549	269.883	14.4698	361.81	88.5131	472.371	558.205	488.476	18.0679	21.6035	65.011	41.3139	16.3868	31.81	13.7116	23.5354	7.77772	33.1411	30.9299	35.5004	68.9671	0.0	71.5669	54.0964	10.2927	11.414	34.0684	19.9594	0.0	0.0	7.39631	15.3988	90.5553	0.0	47.5788	22.7575	381.888	25.3765	34.7723	47.4422	20.2672	36.8853	89.1474	14.6353	515.189	33.1321	12.4188	438.706	22.7481	24.2394	357.768	58.1881	60.3643	394.21	0.0	65.2605	187.876	976.579	25.1937	7.27442	129.067	132.273	54.377	51.668	66.0315	21.8569	26.533	118.084	44.2058	27.1385	79.1257	3310.57	21.7425	37.8352	1099.27	9.5021	79.5496
MT_M063	37.6572	0.0	48.3595	34.0679	50.2198	115.33	0.0	0.0	0.0	129.043	26.7747	0.0	0.0	0.0	0.0	0.0	29.0466	0.0	0.0	22.8278	12.7478	168.409	0.0	116.54	0.0	0.0	0.0	22.8135	0.0	16.9279	28.9824	48.8471	0.0	39.8866	0.0	0.0	0.0	0.0	0.0	0.0	0.0	0.0	152.37	40.2865	80.8347	107.766	0.0	0.0	0.0	15.5961	63.3612	0.0	42.3086	0.0	106.575	0.0	0.0	41.2315	231.892	0.0	93.1389	31.9903	52.0629	82.4017	0.0	0.0	11.9435	0.0	90.8423	0.0	233.388	0.0	0.0	0.0	475.502	98.8118	25.0922	34.5797	20.8051	65.4782	90.7242	45.0207	0.0	13.1138	181.469	0.0	0.0	66.4333	16.1797	0.0	0.0	45.6804	0.0	137.677	135.296	69.8152	0.0	180.731	30.7443	0.0	0.0	12.4502	0.0	25.5799	17.9157	0.0	0.0	112.072	187.06	29.0234	0.0	156.636	0.0	0.0	0.0	12.5906	7.94558	75.9058	33.1736	31.3699	0.0	0.0	0.0	0.0	30.404	0.0	14.8053	0.0	0.0	80.7765	0.0	0.0	0.0	225.924	0.0	0.0	0.0	0.0	121.095	0.0	22.397	0.0	65.2978	19.9766	79.546	0.0	0.0	0.0	45.3357	76.7224	0.0	69.7775	0.0	63.2429	0.0	124.258	0.0	0.0	20.5326	0.0	0.0	0.0	0.0	0.0	0.0	46.313	27.1657	0.0	0.0	24.8762	0.0	25.9325	0.0	44.1687	58.7188	0.0	18.9025	12.3884	32.3671	18.1467	22.6886	0.0	0.0	37.4783	0.0	0.0	0.0	145.24	0.0	96.1228	98.0856	26.5679	0.0	22.0889	18.2474	12.9394	0.0	0.0	33.3971	22.1304	51.0147	38.1711	28.666	0.0	0.0	96.3606	0.0	0.0	30.1078	0.0	19.4639	61.5194	30.4569	11.2542	94.1109	17.7487	0.0	62.0321	0.0	17.2654
MT_M064	19.2552	0.0	0.0	12.8954	14.1825	0.0	718.563	0.0	14.4449	0.0	15.6995	218.474	14.5693	0.0	244.995	15.9617	17.9583	35.6194	19.7052	78.0392	12.0961	0.0	27.7874	0.0	20.6752	57.9547	11.3235	0.0	69.8487	0.0	0.0	0.0	461.956	0.0	252.486	0.0	93.1472	94.5094	115.138	16.1085	36.0557	251.541	0.0	12.9238	0.0	66.2114	0.0	48.4758	0.0	0.0	0.0	14.8808	0.0	0.0	0.0	0.0	43.1193	17.0185	16.0275	59.9854	47.5645	28.9449	0.0	49.2433	0.0	39.6236	43.3351	181.089	0.0	26.8644	30.3367	57.7924	12.7672	399.869	23.4331	1299.99	51.4081	21.4092	24.6355	122.242	49.1242	0.0	22.8999	24.4882	145.659	0.0	0.0	0.0	16.6523	108.749	30.7914	13.4641	98.3817	24.9102	0.0	0.0	17.7177	0.0	0.0	0.0	115.6	524.389	32.5616	54.1288	43.5405	0.0	82.8017	458.835	41.7596	0.0	22.7894	0.0	84.9989	32.5146	42.5314	51.6464	32.0966	13.3481	18.4771	51.2589	25.4493	53.8336	0.0	0.0	0.0	25.8026	0.0	0.0	0.0	51.2599	0.0	0.0	0.0	0.0	0.0	19.6818	0.0	0.0	24.7993	31.4969	0.0	51.724	20.7213	105.466	0.0	59.2189	0.0	63.1946	49.5597	71.5375	14.7691	0.0	0.0	0.0	157.599	37.2183	0.0	10.0133	79.2608	22.2718	64.7583	33.3019	56.4908	11.6059	0.0	86.2021	125.175	0.0	0.0	151.225	53.1051	0.0	22.4886	15.5309	0.0	140.427	0.0	21.6781	0.0	0.0	29.9274	75.9548	0.0	52.3361	0.0	30.7301	0.0	0.0	0.0	0.0	0.0	60.2053	37.3404	0.0	85.6278	0.0	0.0	0.0	21.0626	28.9798	0.0	31.8989	0.0	248.293	14.2423	0.0	233.594	74.0576	25.1998	17.064	41.8135	13.0282	56.0751	14.3285	53.2778	99.5036	67.8542	0.0	0.0	0.0
MT_M065	3794.71	174.147	13469.4	430.133	10343.6	54.6704	0.0	394.431	6720.12	7830.9	6135.3	5793.36	108.123	1566.93	14257.8	12544.0	13920.4	5631.19	5244.49	7414.06	7195.98	2178.52	6259.91	9524.02	2299.96	17527.0	10674.3	7707.32	11807.3	2147.7	15893.3	1151.03	13504.8	8203.75	9719.32	12066.4	5366.44	10195.8	13800.4	12749.3	3709.24	12323.6	1250.0	9169.71	10319.1	17.9919	9090.83	3470.81	60.6104	2724.28	3863.75	2367.56	122.206	666.163	3045.72	3513.84	4368.07	7683.9	11781.8	483.03	2776.76	8010.61	1394.99	3952.09	20455.6	3920.96	11208.0	9508.15	1419.91	5065.31	2052.73	15122.6	7243.77	9117.8	4613.4	867.678	2025.07	3111.69	8115.28	541.426	14459.7	2006.22	9479.42	339.876	1121.61	113.029	756.402	71.7049	8362.93	297.385	4691.09	11437.4	9519.82	100.674	6223.46	1840.92	4033.03	7753.8	799.129	11062.5	8044.42	1335.92	391.813	172.131	2164.16	3162.14	70.4198	0.0	23.6207	944.26	7054.05	0.0	509.16	3182.06	5575.89	828.047	4671.28	2434.06	367.388	27157.7	178.222	2167.5	867.859	2382.73	4399.22	1335.12	450.805	1300.47	45.5315	32.8452	0.0	43.9456	4208.35	185.483	12.8455	185.81	427.677	31.2598	166.161	6669.24	9083.73	925.837	82.793	4535.09	483.529	13.8622	14735.1	856.577	147.863	713.746	285.121	4901.03	9149.74	7404.87	4614.18	8069.46	9322.82	15476.0	12776.4	10794.0	12109.4	13936.1	16037.4	13688.0	7390.26	7040.45	9672.46	17525.0	7419.33	2282.58	12705.9	9665.05	14639.3	858.76	14879.7	10934.8	14181.2	9425.77	1027.31	2580.51	11361.2	46.9151	6230.35	11955.8	4402.68	6817.42	6003.37	1992.6	8105.02	2980.92	5231.3	8387.97	7989.24	49.4928	9535.86	8999.43	11360.4	8113.05	5803.83	136.563	10111.8	6906.9	10229.1	12945.8	4299.81	12360.6	2169.6	11132.4	10823.5	7289.68	11129.9	7863.6	4138.52	8749.02	2449.03	8979.08	2413.34	6051.68	6130.34	9410.18
MT_M066	0.0	0.0	0.0	0.0	0.0	2455.71	143.176	28.5218	0.0	57.8542	22.483	5.04273	0.0	0.0	0.0	0.0	0.0	0.0	27.5446	7.37403	0.0	20.0575	0.0	17.6623	0.0	7.78234	0.0	0.0	0.0	0.0	0.0	7.03276	0.0	10.0552	0.0	0.0	11.7169	13.9819	0.0	0.0	23.5825	0.0	64.2301	0.0	771.682	2.22953	0.0	14.1376	61.7255	60.2763	15.1074	0.0	38.0803	14.1604	694.904	0.0	21.8235	39.9074	0.0	0.0	142.358	4.29274	23.2122	0.0	0.0	0.0	0.0	0.0	34.9323	0.0	110.964	6.66515	15.3155	0.0	3.06646	42.7519	39.5546	0.0	65.4404	76.5197	0.0	0.0	0.0	0.0	35.6764	596.442	12.6091	50.2793	16.6121	112.214	0.0	0.0	0.0	43.5105	0.0	0.0	10.7282	0.0	108.639	0.0	4.7378	304.721	0.0	8.84263	0.0	0.0	19.505	66.6699	453.961	196.893	0.0	351.071	0.0	0.0	0.0	0.0	0.0	78.5683	0.0	0.0	0.0	0.0	0.0	0.0	14.6114	0.0	0.0	24.288	67.7818	110.84	71.1267	140.173	29.3312	24.4125	141.024	8.07153	0.0	34.6747	128.502	19.0135	47.843	0.0	46.4902	9.96758	8.70644	0.0	0.0	0.0	25.1964	24.0288	0.0	0.0	0.0	0.0	0.0	0.0	0.0	0.0	0.0	0.0	0.0	0.0	0.0	0.0	0.0	0.0	0.0	0.0	0.0	0.0	0.0	0.0	0.0	8.61583	0.0	0.0	0.0	22.0041	0.0	41.5327	7.56761	0.0	6.23558	0.0	9.09	362.053	0.0	0.0	8.26361	0.0	21.7789	0.0	0.0	593.93	0.0	0.0	115.622	4.62861	27.621	236.65	10.3159	4.3507	0.0	4.75521	0.0	64.1684	0.0	0.0	0.0	0.0	0.0	187.184	0.0	51.9771	78.0958	0.0	0.0	80.0456	0.0	35.6503
MT_M067	0.0	0.0	0.0	0.0	0.0	0.0	18.8594	0.0	0.0	0.0	0.0	18.5478	0.0	0.0	0.0	4.76606	0.0	0.0	162.456	0.0	0.0	0.0	0.0	0.0	0.0	31.8341	66.3399	0.0	0.0	0.0	0.0	0.0	0.0	0.0	18.3171	0.0	17.1297	0.0	0.0	0.0	22.7448	0.0	0.0	0.0	0.0	0.0	0.0	39.7845	0.0	0.0	0.0	0.0	0.0	0.0	0.0	39.4403	20.1821	0.0	66.1809	29.7995	0.0	0.0	0.0	0.0	0.0	0.0	9.12432	9.62621	0.0	0.0	0.0	0.0	194.809	0.0	0.0	25.4992	0.0	490.343	0.0	40.1513	17.9186	170.866	0.0	0.0	0.0	0.0	0.0	0.0	147.506	0.0	112.989	0.0	0.0	119.492	0.0	0.0	0.0	65.3731	31.0967	0.0	0.0	1262.46	194.094	0.0	0.0	0.0	25.4824	0.0	8570.33	0.0	0.0	0.0	0.0	0.0	64.5585	173.461	0.0	0.0	0.0	0.0	0.0	0.0	0.0	0.0	0.0	0.0	18.7906	0.0	0.0	0.0	0.0	0.0	0.0	363.005	1153.65	0.0	0.0	0.0	0.0	0.0	0.0	0.0	0.0	25.0985	0.0	43.1312	0.0	0.0	354.923	0.0	0.0	0.0	0.0	0.0	0.0	691.891	995.858	0.0	0.0	0.0	0.0	0.0	6.14523	0.0	0.0	0.0	0.0	0.0	0.0	0.0	0.0	0.0	0.0	0.0	0.0	0.0	0.0	0.0	202.179	0.0	20.5374	17.3224	0.0	0.0	0.0	0.0	0.0	0.0	0.0	0.0	0.0	245.93	1552.83	0.0	94.6884	0.0	187.909	38.9974	0.0	0.0	0.0	0.0	0.0	0.0	0.0	0.0	0.0	26.9354	0.0	12.5183	0.0	0.0	0.0	141.428	0.0	79.9785	0.0	0.0	0.0	0.0
MT_M068	49.0685	24.7928	551.487	12.2469	21.8994	13.0809	58.293	0.0	30.2809	10.2463	367.252	46.1904	10.7506	16.9481	41.8589	0.0	26.2216	171.944	15.7572	104.318	10.9367	219.706	50.4699	84.2656	39.4029	22.9904	35.0698	55.9852	34.742	18.5379	36.5456	2104.09	20.0994	80.5227	8.95343	63.1548	6.22725	16.7425	24.2567	21.5977	20.8598	0.0	533.252	484.11	0.0	37.8406	70.0068	30.284	0.0	0.0	4828.08	14.0987	4238.12	1381.11	1652.82	0.0	118.638	806.671	0.0	0.0	89.3154	48.6846	55.59	628.264	27.8746	11.7964	37.4427	25.1189	2499.43	49.317	124.741	552.159	8.07707	251.229	354.32	10684.5	15.1237	11.0988	86.7729	4875.73	0.0	536.419	48.9454	11.7773	5206.91	128.731	0.0	1827.25	31.5304	590.93	61.041	0.0	58.1801	218.05	27.7761	5731.29	91.503	216.042	92.2329	64.049	95.1337	181.238	6.23112	72.6478	0.0	309.388	78.3667	321.281	15.0528	62.7813	79.0693	627.65	0.0	15.8669	133.196	0.0	227.864	30.3168	35.0956	148.799	0.0	19.4697	84.7926	82.2854	246.899	55.7564	11.7693	925.783	2013.85	856.15	108.15	479.406	225.756	1083.96	22.8969	107.317	132.383	418.318	1372.11	1390.31	86.1247	47.1542	3756.3	0.0	1299.46	23.0638	200.711	38.1431	332.078	149.597	55.314	0.0	0.0	53.0734	124.659	20.6807	13.6712	0.0	71.8553	22.5843	0.0	16.2625	17.4364	247.3	31.4446	29.3131	58.6274	76.7671	30.42	146.44	11.7877	36.4961	28.787	22.1478	35.1584	15.4137	19.0358	38.8159	25.9779	15.7282	132.897	39.6883	234.073	54.0109	56.4097	33.873	23.4848	6016.28	26.5474	41.0107	1910.51	49.3071	25.6522	141.57	97.7015	602.657	80.8775	15.4813	331.353	178.922	205.706	29.7744	30.348	168.645	130.233	58.8814	91.547	133.267	35.6084	77.8872	454.756	31.2627	35.8574	8.93173	317.264	199.343	172.155	1160.2	76.7147	82.3747
MT_M069	0.0	0.0	52.7964	0.0	18.3651	0.0	19.1825	0.0	12.4557	0.0	17.9428	30.1402	0.0	0.0	0.0	0.0	0.0	33.1615	4.66662	52.1435	0.0	0.0	0.0	0.0	12.672	21.1511	14.803	0.0	17.3825	0.0	0.0	85.1587	0.0	0.0	0.0	0.0	0.0	11.2272	37.2101	0.0	0.0	0.0	0.0	0.0	0.0	0.0	0.0	0.0	0.0	0.0	226.865	0.0	203.489	75.7662	0.0	0.0	0.0	28.9715	18.1673	13.8736	0.0	33.6166	0.0	0.0	0.0	0.0	0.0	0.0	125.178	0.0	81.5651	0.0	0.0	34.82	0.0	987.008	56.9197	0.0	0.0	723.091	0.0	50.3817	0.0	0.0	526.396	81.4482	0.0	101.921	0.0	131.658	0.0	0.0	62.9996	27.0143	20.4608	267.98	0.0	0.0	15.6322	0.0	0.0	110.709	0.0	34.4037	19.2068	95.7333	9.96343	0.0	0.0	16.2571	417.634	0.0	0.0	444.515	0.0	0.0	119.385	23.1988	0.0	0.0	0.0	169.281	15.0029	0.0	67.8685	0.0	0.0	38.1552	105.154	26.687	0.0	102.238	0.0	0.0	0.0	19.7568	0.0	0.0	114.111	113.23	0.0	0.0	105.086	0.0	51.9063	0.0	0.0	0.0	42.1184	58.7288	10.4881	0.0	0.0	0.0	0.0	103.9	27.2401	0.0	37.4843	18.96	34.1527	145.793	0.0	25.085	0.0	0.0	0.0	0.0	0.0	44.9942	48.1934	0.0	12.8176	0.0	44.165	0.0	0.0	22.8221	0.0	39.5127	32.2647	82.913	0.0	100.841	0.0	30.9986	39.8601	109.016	0.0	0.0	56.2421	0.0	0.0	28.5438	0.0	12.4614	13.5094	9.21662	0.0	62.5276	0.0	0.0	26.3007	8.05087	0.0	0.0	0.0	42.058	14.5323	13.7834	13.622	10.6371	0.0	4.97363	9.27888	0.0	44.8938	48.1135	0.0	0.0
MT_M070	873.165	690.634	686.706	348.698	798.689	1182.57	220.943	1232.39	466.765	987.381	471.087	392.733	7288.46	2358.8	55.2227	215.957	372.47	254.563	103.409	342.913	244.263	18.4484	952.639	859.9	327.996	443.386	380.197	453.848	743.955	364.847	992.547	7.69112	11804.7	923.792	765.699	225.271	301.288	45.6177	35.3132	460.403	822.364	14030.0	348.694	136.764	273.165	161.027	93.1425	857.336	32.2331	686.402	19.3179	2287.46	168.074	0.0	0.0	3906.38	227.125	63.3173	18603.7	97.3081	322.311	1107.56	241.88	523.946	128.994	1405.93	1024.42	7192.84	135.579	606.394	2827.73	985.293	238.309	450.396	1031.43	0.0	817.092	565.389	654.208	105.135	43343.5	576.552	597.287	0.0	37.6157	648.865	341.608	303.816	311.406	2279.48	260.357	865.414	10835.7	69.5477	1002.28	48.788	910.89	172.946	67.0117	381.457	0.0	118.034	1585.74	257.758	1352.75	997.95	15.581	706.27	715.357	200.898	31275.8	29.3057	12583.6	2654.56	259.212	284.714	12393.8	543.733	370.527	64.128	1173.08	16709.0	187.039	188.874	224.001	8088.28	113.465	61.3205	955.475	340.054	244.015	1262.72	348.81	67.2142	329.771	0.0	0.0	0.0	567.767	499.737	252.534	1480.36	45.3423	200.06	999.238	1965.54	115.28	501.2	635.243	784.432	1744.44	26.1289	256.154	123.428	86.8816	11394.3	9.59411	1013.8	16125.4	349.405	646.949	16537.4	14234.3	893.309	2869.24	4053.24	9612.94	2905.01	1114.2	2180.26	10403.7	6035.7	14600.2	158.635	1465.36	9711.67	7341.52	151.353	769.422	46.9596	3244.87	14021.7	413.765	4169.42	221.022	908.112	371.88	26.6232	920.582	9.37302	490.852	4941.19	6875.48	422.368	388.781	142.93	1019.58	92.3264	809.324	181.276	998.137	1442.68	1079.55	769.366	799.558	45.4202	870.76	393.397	1698.6	1009.53	1644.45	869.866	383.265	243.77	395.738	164.168	2186.9	132.754	659.85	685.766
MT_M071	311.94	0.0	31.5585	48.5136	49.7607	43.6943	40.7194	15.2236	0.0	24.463	0.0	84.0313	24.9542	18.1762	44.4828	0.0	15.563	51.2329	0.0	0.0	45.5515	28.1787	0.0	16.3222	35.9519	0.0	0.0	0.0	15.8333	0.0	0.0	0.0	634.523	29.5254	14.5582	0.0	0.0	35.2866	0.0	0.0	0.0	20.708	0.0	29.2893	38.856	26.7408	49.5604	0.0	0.0	288.139	0.0	0.0	0.0	0.0	0.0	38.2359	0.0	50.8614	12.8715	19.6776	0.0	0.0	0.0	9.41466	55.7733	10.3777	0.0	0.0	0.0	118.622	48.207	0.0	0.0	205.458	10.7156	0.0	0.0	9.19694	0.0	530.563	0.0	13.7433	0.0	0.0	0.0	27.753	0.0	0.0	0.0	0.0	0.0	0.0	0.0	195.133	0.0	0.0	0.0	19.0971	0.0	0.0	12.061	11.7885	105.152	0.0	20.7191	0.0	103.168	48.904	83.6927	15.4742	30.7788	16.9574	123.264	14.6281	16.6442	51.5509	32.3757	0.0	43.2814	8.04577	17.8822	15.1712	38.9087	11066.1	0.0	51.0551	148.528	0.0	0.0	0.0	0.0	0.0	0.0	16.9685	17.5812	103.925	26.9716	0.0	15.8543	0.0	10.5345	35.3356	15.3167	31.3658	0.0	19.1125	0.0	21.8726	89.1291	15.7314	24.9396	0.0	0.0	45.2909	0.0	0.0	0.0	19.7337	31.1284	20.2391	0.0	21.0683	79.2296	65.5017	30.6409	70.56	58.5625	39.0776	160.927	0.0	15.4294	0.0	138.314	166.842	0.0	67.9938	0.0	69.7612	0.0	162.377	61.4151	23.0232	0.0	0.0	0.0	0.0	0.0	22.5731	77.2682	21.1514	0.0	74.3747	0.0	0.0	13.9126	130.005	10.2023	35.7316	7.73406	6.47951	0.0	11.5089	0.0	9.0564	20.9658	51.7434	0.0	24.416	9.2631	0.0	0.0	5.80801	0.0	163.918	308.373	22.7921	21.6407	0.0	1066.01	8.01575
MT_M072	70.2232	15.6617	24.6546	4.95989	0.0	79.6537	6.3943	0.0	189.713	13.9005	44.0239	2.8124	5.11058	79.5412	0.0	0.0	0.0	6.21758	4.86341	6.43565	0.0	9.62401	94.2114	27.6409	53.7661	0.0	0.0	43.6624	43.2974	0.0	272.568	19.0398	137.136	0.0	93.8115	0.0	21.815	0.0	2.66386	361.958	47.1903	56.4229	0.0	7.05223	16.2581	0.0	0.0	0.0	15.5835	22.8326	10.3912	37.4637	5.02088	11.4171	9.51561	32.3168	7.8265	0.0	182.947	0.0	39.2403	29.2773	7.8924	2.72262	0.0	4.34916	21.019	176.884	10.6902	161.412	123.301	32.2606	0.0	0.0	32.9165	0.0	9.55105	1.4269	0.0	3.35947	288.906	34.4877	39.3771	3.19572	0.0	47.8171	155.52	26.3566	32.0177	44.7949	15.0029	190.12	0.0	1.74379	87.4054	2.70153	110.18	94.2939	637.404	34.3822	23.5832	29.2556	16.6953	0.0	45.4811	0.0	2.22596	0.0	19.528	0.0	18.5409	0.0	13.6285	15.2392	0.0	0.0	76.2202	0.0	7.08417	0.0	0.0	43.5298	0.0	8.24339	0.0	20.1466	0.0	7.85878	30.8863	12.5704	42.8087	91.3236	0.0	0.0	21.0172	0.0	0.0	70.7523	0.0	41.1135	3.68977	93.0069	0.0	0.0	0.0	0.0	0.0	4.1709	0.0	20.2566	16.9854	7.55004	74.9416	4.30342	0.0	123.993	3.23655	247.859	349.183	0.0	13.9618	188.534	160.917	6.11016	251.964	198.037	78.5004	284.127	208.506	241.729	525.262	221.0	230.259	6.28771	207.919	174.061	103.038	0.0	540.639	0.0	209.776	489.718	30.8607	21.2007	31.8354	92.9251	86.1174	3.86809	126.939	9.37394	77.7558	39.7443	78.1723	270.181	1.76919	4.28326	33.8508	0.0	309.412	10.1367	16.0319	295.666	196.858	229.466	59.335	2.67756	184.414	50.7261	291.009	12.736	145.977	21.8232	515.809	27.1075	34.7809	10.8901	254.524	0.0	107.184	131.062
MT_M073	30.9868	63.0215	1174.6	144.991	0.0	49.6849	9190.69	2622.26	308.799	36.1896	113.456	142.462	543.567	132.431	663.447	48.0514	0.0	74.8592	1147.01	2086.57	0.0	15521.7	297.895	854.344	1808.63	451.432	299.828	0.0	691.053	52.5926	246.653	3663.47	552.827	2206.14	224.399	173.588	1879.65	612.941	160.992	1398.22	139.409	521.57	40.3799	94.0943	200.077	108.573	484.83	16454.7	8452.76	654.536	5421.55	1479.86	2394.02	260.613	4664.95	167.769	5898.69	1608.29	0.0	345.11	10721.1	4875.42	235.653	83.7733	923.166	228.554	4289.56	1504.16	14560.3	105.675	206.837	204.162	0.0	71130.3	251.054	18273.6	238.237	192.735	216.953	10992.6	147.366	793.783	0.0	234.657	4589.93	10676.3	91.5035	269.566	229.403	6930.81	298.759	1771.25	272.596	143.776	83.8828	3570.8	119.107	128.053	12076.9	235.447	70.5197	438.417	117.185	802.735	165.263	422.434	1935.8	8232.12	285.061	775.097	576.894	3733.25	893.816	346.566	137.247	217.466	332.438	1267.26	271.281	335.944	233.169	593.366	269.279	45.7601	1137.31	403.638	218.604	2427.2	4675.65	78.1306	4167.05	336.027	3554.54	319.049	1602.64	836.465	184.065	27387.4	388.771	11767.5	902.061	9299.11	582.703	368.656	13356.7	635.329	1954.46	235.923	392.545	350.85	247.19	208.206	106.04	939.198	212.82	450.508	0.0	145.593	302.545	524.875	496.572	269.741	285.887	208.694	1568.1	220.468	571.734	1301.15	169.494	122.837	84.2933	260.961	0.0	89.1532	434.76	968.552	162.368	478.509	273.157	164.388	2317.31	258.203	72.1531	317.071	131.102	516.536	133.882	569.869	35.589	530.683	1833.41	999.571	227.274	12843.5	46.6802	348.743	2422.6	0.0	469.27	116.233	127.687	208.394	543.373	251.475	147.433	412.284	203.118	1158.22	67.7003	363.684	345.991	54.4296	346.447	316.176	1178.2	76.5085	700.391	1216.44	50.8117	545.222
MT_M074	0.0	152.46	0.0	142.935	0.0	0.0	0.0	23.735	0.0	0.0	7.94991	0.0	114.546	47.2886	4.84936	0.0	0.0	0.0	0.0	0.0	0.0	0.0	19.6761	5.187	0.0	0.0	0.0	0.0	0.0	0.0	5.81728	91.1864	0.0	0.0	7.74619	0.0	0.0	0.0	0.0	10.644	3.82116	0.0	12.2353	0.0	0.0	2.94226	0.0	0.0	0.0	0.0	584.374	230.22	79.3887	0.0	83.4625	240.565	108.09	4.10769	82.3192	155.855	20.4745	10.7877	0.0	0.0	7.54272	19.9122	5.88623	0.0	33.9543	0.0	0.0	7.09926	0.0	3.8422	0.0	160.401	0.0	4.04569	0.0	225.824	0.0	4.03328	0.0	18.8016	66.8217	13.3986	21.5573	0.0	0.0	12.9364	0.0	0.0	0.0	0.0	0.0	210.187	0.0	0.0	0.0	8.61627	9.72947	0.0	213.716	22.4946	151.569	47.1039	154.057	47.8581	0.0	184.319	45.2722	30.3975	195.329	56.0032	266.715	48.8748	198.703	497.645	94.0547	129.903	16.2493	174.022	49.9052	44.7053	30.8113	74.7055	101.638	33.6375	36.4563	0.0	0.0	13.6119	47.4835	588.206	0.0	11.915	144.474	41.275	276.284	286.042	0.0	27.4303	118.536	70.7995	7.58831	94.2874	14.7945	204.535	68.208	17.9679	37.4737	9.18383	0.0	13.7395	87.3867	0.0	11.8462	0.0	0.0	0.0	0.0	0.0	0.0	0.0	6.85697	15.6407	0.0	0.0	0.0	14.0963	0.0	14.7582	0.0	9.76373	0.0	0.0	0.0	7.20894	0.0	0.0	0.0	0.0	7.65731	8.17691	6.51086	12.4184	0.0	140.22	3.74995	12.4724	0.0	0.0	0.0	9.65454	0.0	0.0	0.0	3.99586	7.5536	7.02674	0.0	0.0	12.3445	3.69856	7.79266	0.0	7.92915	6.76049	0.0	0.0	4.84962	0.0	9.88836	0.0	0.0	17.4365	15.8552	8.27856	0.0	0.0
MT_M075	20.3527	45.8666	40.9412	108.4	13.7342	18.7879	244.597	175.053	163.665	146.02	25.796	285.329	131.927	52.3322	0.0	44.7844	13.2546	38.993	461.798	53.4935	12.5557	37.3169	113.765	35.8358	31.2736	34.6827	103.976	113.193	21.6234	22.1347	35.7314	19.3267	69.7214	124.896	79.5825	50.6428	94.436	19.8583	25.8872	53.5351	40.5601	44.1782	0.0	32.9511	23.6893	122.159	52.9077	213.614	0.0	25.3735	78.675	211.474	264.532	39.9268	0.0	0.0	300.534	9.11179	60.0108	239.606	0.0	705.833	0.0	443.078	16.7595	15.1255	12.9201	35.1789	199.58	400.067	250.406	28.2928	358.536	31.4926	33.8549	313.443	13.2984	171.816	45.5055	661.561	58.7949	817.382	25.3887	15.4789	261.365	50.3516	89.6885	0.0	345.853	0.0	178.324	18.4122	27.33	414.436	38.2283	96.0289	27.5651	55.7722	186.161	0.0	68.3746	1582.03	358.812	56.0286	21.6425	1098.48	2968.12	38.8624	1649.07	58.4851	60.3395	116.101	288.153	40.2	67.2164	269.448	25.1838	28.0428	0.0	154.639	41.7394	201.087	40.1238	35.9655	308.524	130.857	53.6627	113.226	0.0	0.0	0.0	74.7431	0.0	43.9154	477.731	91.9312	86.6797	0.0	77.2145	0.0	124.653	52.4112	148.995	34.4603	0.0	194.904	15.8426	0.0	699.159	119.054	19.1146	158.357	44.4859	0.0	0.0	110.825	326.877	12.7726	75.9853	0.0	32.5257	0.0	0.0	14.7849	0.0	0.0	21.375	0.0	16.444	0.0	19.4014	0.0	0.0	0.0	0.0	24.008	0.0	18.6378	82.9768	91.8203	59.7535	0.0	0.0	26.2684	79.0425	18.2451	36.5814	0.0	17.6079	26.6857	74.3336	173.367	195.515	0.0	201.95	0.0	150.766	68.2166	106.981	45.6232	29.5121	91.433	0.0	75.3242	46.2251	0.0	31.6171	74.7907	0.0	109.816	57.2891	146.545	37.8022	773.327	29.9064	234.29	49.8646	22.9077	0.0	118.287
MT_M076	1478.75	512.132	1636.81	1313.56	29447.4	1893.5	89.1813	582.085	645.423	386.402	804.051	1349.93	735.809	1044.44	574.164	11005.2	2890.98	740.536	971.556	79.5558	2242.38	31.0375	1748.78	2359.2	26408.4	16473.2	2686.22	1166.48	1366.82	3568.25	5620.78	77.8995	7203.81	998.744	13685.2	1394.94	1880.99	303.008	25536.9	422.412	662.424	1131.66	496.977	4195.8	1915.38	2449.46	2531.87	73.7648	116.335	0.0	164.353	8046.3	1399.16	961.18	0.0	10096.0	7.58964	198.77	589.942	530.486	72.2223	1644.28	2126.55	152.247	1511.25	31879.9	229.943	2968.0	18.2112	3285.25	168.293	828.671	3616.52	481.658	1025.61	997.892	1595.31	1856.33	2428.66	8.33014	302.833	2674.56	241.986	1394.83	699.887	91.7078	422.982	3148.45	671.649	26.9738	1402.33	7832.55	1159.18	429.559	1095.14	73.1411	4078.04	8603.51	108.048	16943.7	1058.06	22.7705	1612.75	215.699	14671.9	1430.49	32.1083	26.0019	24.8835	317.792	2428.46	159.111	1726.17	53.7534	3117.96	487.554	4310.57	653.529	15.3314	2258.92	683.272	2598.3	456.312	317.065	154.294	708.993	25668.6	23.6194	34.7037	1406.58	73.6805	680.159	23.0327	157.432	58.8864	155.903	2403.18	402.799	993.841	432.241	94.8698	14632.4	39.0934	9635.83	11.3185	42.8542	25.5778	1306.45	618.195	621.662	18.1375	1454.21	377.328	173.391	3470.11	289.222	735.671	5692.56	4287.57	2187.26	6902.19	20.2598	82707.6	2961.41	3670.08	495.354	4333.48	3822.54	1682.48	471.936	129.091	3656.37	0.0	1388.49	479.557	213.565	2401.74	75.9112	391.142	9.34171	1713.39	284.25	254.557	21370.0	1072.0	30.2859	574.406	52.6598	290.958	1003.93	2078.55	1073.33	1809.7	15.517	630.181	957.645	126.901	2030.21	533.082	572.271	328.537	125.131	2062.35	1308.99	694.312	26.3178	1055.54	1632.93	3411.15	3363.9	3280.97	2598.62	682.422	149.249	73.3541	659.672	214.132	48.7053	3071.8	921.716
MT_M077	18.3449	0.0	0.0	0.0	0.0	13.0765	0.0	0.0	0.0	13.7586	10.6585	299.241	0.0	0.0	0.0	29.9986	0.0	0.0	0.0	0.0	0.0	6.31445	0.0	0.0	30.4647	23.1431	0.0	0.0	25.9791	18.6881	80.8001	47.863	218.41	0.0	0.0	17.8552	0.0	0.0	63.1778	0.0	0.0	54.7983	0.0	40.5519	0.0	0.0	28.0717	0.0	0.0	0.0	97.7263	0.0	115.734	17.9322	0.0	0.0	0.0	41.1123	0.0	0.0	0.0	0.0	0.0	0.0	0.0	0.0	15.3116	12.966	84.3698	3440.31	0.0	0.0	0.0	55.6031	0.0	219.768	0.0	0.0	0.0	2203.72	62.2478	23.3124	47.3509	0.0	206.566	0.0	0.0	0.0	0.0	0.0	0.0	0.0	60.6229	20.3012	0.0	247.384	0.0	34.2583	0.0	0.0	0.0	0.0	10.7863	0.0	0.0	0.0	0.0	0.0	0.0	0.0	24.1624	0.0	0.0	25.4352	0.0	29.512	21.5051	0.0	0.0	17.8351	0.0	22.6488	0.0	6165.71	0.0	0.0	0.0	56.8887	14.4641	0.0	0.0	0.0	0.0	0.0	0.0	0.0	0.0	0.0	0.0	0.0	0.0	0.0	84.7917	0.0	0.0	0.0	0.0	45.8942	0.0	0.0	0.0	0.0	0.0	0.0	0.0	36.9754	44.2513	8.22698	70.3176	0.0	29.4245	62.9973	54.4058	65.3825	0.0	0.0	0.0	220.891	0.0	67.7183	29.8515	110.003	126.261	0.0	59.8427	17.6852	0.0	0.0	0.0	10.5116	0.0	97.1789	0.0	0.0	0.0	18.8743	0.0	0.0	0.0	63.7571	0.0	0.0	0.0	0.0	0.0	20.8422	0.0	0.0	15.973	0.0	0.0	0.0	0.0	0.0	0.0	0.0	40.9853	0.0	0.0	15.6895	0.0	0.0	0.0	0.0	10.2077	0.0	0.0	52.2919	16.6152	0.0
MT_M078	74.8559	0.0	147.089	0.0	16.9884	32.1417	14.1529	0.0	21.8386	20.653	88.7105	15.4012	0.0	10.8593	78.7163	5.38094	27.5726	0.0	0.0	17.5421	0.0	39.4871	40.803	28.2545	30.4838	59.977	37.6644	39.9526	26.1361	0.0	24.6445	620.691	19.8337	60.1926	13.0991	0.0	14.3624	38.858	28.0138	13.2048	52.0565	0.0	101.851	201.356	3.52074	1.49444	65.1534	43.3424	0.0	22.7143	805.153	16.9391	805.206	296.053	189.139	0.0	13.1118	93.4519	0.0	17.9427	60.8916	14.3827	32.3674	262.051	28.4549	0.0	14.3047	0.0	455.661	28.5994	0.0	117.671	0.0	74.1438	102.799	1278.13	14.685	7.5943	18.3318	832.901	0.0	202.993	43.663	0.0	1150.73	34.8049	0.0	295.613	11.5105	88.5037	14.4715	13.4439	0.0	59.7926	17.514	1021.67	34.04	27.2235	0.0	0.0	0.0	8.51638	7.1063	39.7604	0.0	102.968	21.2871	39.8124	0.0	21.8269	50.3062	94.1588	0.0	0.0	45.7729	14.0883	22.8969	31.0539	19.2609	33.5443	29.6816	55.9587	56.5726	46.7754	54.879	0.0	0.0	133.649	270.587	192.655	0.0	49.6667	29.486	401.698	0.0	0.0	41.1248	0.0	342.665	399.385	27.5232	0.0	1311.23	0.0	287.738	0.0	30.1166	0.0	54.3438	0.0	7.08027	0.0	17.7808	0.0	0.0	58.3454	24.1284	16.7601	18.7226	0.0	9.7451	21.2333	0.0	24.6579	39.7367	0.0	40.1772	15.615	10.8232	55.3582	0.0	86.6027	15.6214	16.7261	51.6066	10.6201	0.0	8.38045	15.6877	6.40526	42.6647	0.0	85.0799	0.0	46.6073	0.0	21.548	772.426	21.9362	0.0	627.307	0.0	0.0	20.7124	13.8874	53.9217	76.2273	40.248	103.313	52.6748	30.1775	24.067	0.0	34.8655	33.1043	20.8848	0.0	15.35	0.0	21.4696	62.5248	21.1904	0.0	5.50246	37.0598	28.8035	58.5664	254.485	13.391	47.0963
MT_M079	0.0	28.6092	18.2838	0.0	15.5332	0.0	46.6996	45.3342	0.0	0.0	0.0	150.286	0.0	0.0	0.0	10.9853	14.7416	0.0	0.0	62.1355	0.0	0.0	0.0	48.8787	0.0	25.7819	16.976	42.5579	23.6113	0.0	22.7332	39.6466	0.0	0.0	0.0	0.0	0.0	0.0	0.0	0.0	0.0	0.0	0.0	0.0	0.0	1083.51	0.0	0.0	78.9987	0.0	76.7874	14.8316	63.5407	0.0	0.0	22.8384	0.0	0.0	25.447	0.0	0.0	31.6478	267.015	0.0	0.0	20.1393	59.3141	0.0	51.761	0.0	0.0	0.0	17.934	36.0665	60.3702	9664.43	0.0	9.81703	0.0	683.179	20.6286	23.657	0.0	15.0179	888.094	0.0	33.2346	0.0	0.0	37.2748	15.3729	13.1677	0.0	485.218	22.1522	150.647	0.0	30.1088	0.0	0.0	0.0	4781.04	0.0	0.0	23.8179	57.1795	0.0	0.0	0.0	0.0	16.8628	0.0	0.0	6.09072	17.0953	0.0	11.0117	0.0	20.6332	0.0	0.0	0.0	0.0	0.0	0.0	0.0	36.0921	0.0	40.9247	0.0	0.0	0.0	0.0	0.0	0.0	0.0	0.0	0.0	0.0	28.3623	0.0	42.3127	20.4098	0.0	0.0	38.7483	0.0	0.0	0.0	0.0	9.81353	0.0	0.0	0.0	0.0	17.3174	0.0	0.0	20.4885	0.0	0.0	0.0	15.6811	0.0	27.3174	21.0727	0.0	0.0	0.0	38.0511	0.0	0.0	0.0	0.0	34.8005	0.0	0.0	0.0	20.8929	0.0	44.4487	0.0	0.0	54.4801	0.0	0.0	0.0	32.0283	0.0	58.3028	0.0	0.0	46.6759	77.2968	44.0209	0.0	0.0	0.0	13.9448	0.0	0.0	0.0	0.0	0.0	0.0	0.0	0.0	19.4367	0.0	17.0444	0.0	0.0	27.1767	0.0	0.0	148.42	0.0	0.0	0.0	0.0
MT_M080	32.8053	1698.54	0.0	296.16	192.66	208.706	38.0127	118.906	1469.06	124.719	2562.6	139.747	80.2256	128.832	313.606	27.941	38.4	669.192	470.709	5884.13	0.0	473.368	196.887	269.395	26.6027	1381.15	72.8733	10.5248	52.7468	85.1659	46.1967	1475.04	10.0843	341.396	378.678	41.4361	369.681	4133.31	56.2002	525.69	1054.22	136.698	1844.69	8365.87	550.97	853.957	262.005	620.404	181.519	515.852	1173.01	309.989	1754.15	3172.09	209.958	37.4601	113.988	2407.33	0.0	32.9581	278.139	15.3925	392.452	36.9248	1132.66	27.5197	6.36413	18.8125	806.925	21.05	4616.58	1981.33	2360.46	965.226	1448.18	2302.26	2135.51	1053.45	108.682	1808.69	16.0793	36.314	13.944	135.018	2316.96	344.325	176.429	861.18	1230.06	59.4013	317.96	113.265	500.513	532.727	401.881	1105.71	0.0	132.263	511.409	82.3139	4127.19	1391.74	40.8131	206.799	15.0339	157.757	367.391	46.6635	107.132	1617.89	58.9034	288.932	22.3664	0.0	26.3662	412.216	16.2263	20.3044	0.0	145.718	297.391	109.823	450.113	90.8808	2208.3	0.0	65.0158	181.472	438.2	468.453	121.384	341.088	1245.69	61.0293	18.7384	408.306	9.44475	129.864	741.06	594.31	2135.12	13.3789	178.614	0.0	2325.3	0.0	453.972	17.7418	232.787	189.021	8.74832	1233.0	347.025	248.055	101.016	7.44094	1238.9	5.97835	38.4379	119.751	63.9351	28.1104	0.0	171.153	90.3825	44.4454	210.509	166.602	22.0729	246.836	35.713	41.4131	9.53224	176.695	421.592	142.876	253.088	2473.25	126.5	1416.39	73.197	9.19992	142.81	161.856	491.354	632.724	892.35	188.106	2406.64	9.24421	578.647	316.489	39.2855	357.486	163.318	65.9483	2163.24	243.052	255.112	63.963	3141.6	1011.71	64.6385	48.3925	94.2171	289.361	31.972	1192.55	28.4003	18.1791	71.5351	797.976	130.239	397.562	793.29	37.1737	16.8248	4158.05	41.5952	6308.6
MT_M081	222.8	303.908	219.541	95.5325	196.787	274.61	28.533	376.617	269.654	468.14	179.555	537.769	12.885	43.6756	153.696	42.1105	0.0	889.609	18.318	135.101	234.239	342.046	86.3844	1569.45	46.0108	493.692	129.656	869.351	72.8321	519.256	522.744	61.7942	69.0626	496.544	261.835	129.931	0.0	74.8376	34.12	0.0	475.94	191.389	317.851	94.2893	43.8256	433.034	71.4566	61.4352	69.818	152.891	140.892	51.2304	91.1785	150.099	237.504	204.682	0.0	86.1044	608.458	211.172	119.526	315.89	255.245	117.06	80.0179	0.151003	85.8741	28.1557	468.277	634.668	578.828	233.507	69.6108	118.429	839.388	84.746	114.604	269.586	498.277	73.7587	284.123	160.809	57.9455	215.641	188.745	417.289	360.215	291.181	292.565	50.2789	38.1828	153.104	85.1224	239.226	324.657	106.596	144.09	0.0	460.973	756.821	41.3024	43.4787	8.95734	651.033	206.343	436.659	32.7417	340.058	268.795	178.823	0.0	176.639	0.0	0.0	140.866	0.0	40.2724	192.781	458.694	34.8952	16.2345	0.0	30.5355	199.519	597.41	195.189	57.8358	34.1007	50.8972	192.555	89.3045	474.29	263.752	263.434	93.9314	327.755	157.219	358.586	216.315	127.075	325.755	72.6722	496.55	89.8227	166.602	21.6841	14.3957	181.673	46.3533	524.472	19.6332	1008.76	81.8568	316.209	82.2062	0.0	236.199	0.0	273.396	0.0	0.0	0.0	0.0	14.8325	0.0	400.835	210.421	155.026	234.4	207.237	0.0	0.0	0.0	434.428	291.666	0.0	0.0	189.348	3048.7	88.2297	0.220507	0.0	394.175	142.176	219.86	40.5245	0.0	229.469	140.086	361.118	276.921	51.1077	17.011	210.884	114.004	58.5983	229.947	229.699	336.622	177.715	309.854	244.471	175.524	137.502	0.0	70.1596	147.55	0.0	0.0	71.2141	69.2591	298.182	579.272	23.5188	304.259	442.028	436.516	110.486	120.574	147.33
MT_M082	1641.22	1392.64	11253.3	2523.8	19.5553	45.8845	2987.64	159.316	6740.3	770.566	3721.23	3643.45	714.05	1927.36	1729.72	7604.46	964.719	2869.47	5463.03	402.54	1700.06	307.441	2975.55	1061.77	14041.1	4586.12	6203.05	2040.27	6200.47	1195.21	7619.0	350.736	9973.92	280.522	3369.37	2320.37	3189.88	2308.2	3638.14	1816.83	14150.5	1366.4	0.0	341.409	337.304	571.674	876.245	4140.97	0.0	57.9763	436.269	1835.16	1271.03	143.669	87.3852	1022.39	99.5115	334.561	1675.03	1545.08	41.2945	501.146	350.445	412.303	3833.75	5828.34	210.371	8600.59	1030.64	4282.27	600.689	5300.33	6400.97	6679.14	114.426	135.646	2909.15	1304.42	3334.72	1491.09	469.953	564.487	19464.7	3109.63	180.914	0.0	4707.58	209.01	2374.31	60.9643	8526.06	118.67	1861.86	1618.17	213.874	72.3557	17226.2	238.35	2098.14	164.288	3074.37	2255.02	2577.07	3315.09	315.203	1121.74	651.421	762.361	85.0864	141.362	519.038	179.715	4171.69	2861.34	12280.4	340.66	211.799	1054.13	443.215	3411.98	584.309	644.96	11112.2	4737.77	1136.86	858.176	830.224	606.859	78.4083	1141.36	0.0	344.099	0.0	150.4	2849.13	2049.0	3758.57	0.0	189.807	1061.32	473.817	818.08	3451.53	3120.61	55.3991	375.209	423.551	1366.56	185.181	318.276	425.317	1091.8	9551.59	54.2693	766.748	184.313	1438.17	6809.9	1365.73	1518.74	2422.98	611.116	5287.38	3530.18	348.257	1444.42	549.06	43.9733	149.322	9972.49	1810.08	277.156	85.8713	1040.96	1171.05	7446.81	46.9439	205.251	3622.55	1076.97	208.29	2309.0	262.087	4057.84	299.115	8785.6	1102.43	66.9022	260.289	599.398	429.729	544.226	9325.4	0.0	1536.45	103.533	2479.67	474.094	817.114	1279.57	149.144	3336.54	98.1588	4303.5	755.644	24.7967	4999.16	930.747	0.0	406.064	1296.97	1724.57	2992.59	824.897	187.14	1222.07	1236.51	128.259	65.8757	1636.82
MT_M083	85.0264	230.659	156.331	248.179	0.0	21.337	311.967	66.2834	295.671	55.7914	64.5681	445.375	341.842	476.08	150.196	191.507	52.3451	313.361	271.209	46.6872	99.1647	52.6994	2109.66	56.361	153.412	109.597	530.915	101.658	358.538	46.2867	107.458	149.842	235.45	0.0	899.333	96.2182	300.47	155.547	60.1611	512.266	143.933	103.242	0.0	72.9207	0.0	40.7447	35.6694	568.837	0.0	27.9765	85.0551	324.026	95.8604	74.0234	56.1664	0.0	37.2115	18.8639	29.819	165.247	0.0	135.19	16.9215	180.284	189.641	39.3722	47.0748	141.019	303.156	489.206	120.783	239.697	194.903	530.707	0.0	302.638	96.014	101.578	133.849	942.304	51.0275	373.28	55.6221	135.567	326.525	40.614	60.7257	0.0	571.527	0.0	846.334	27.8368	43.292	483.122	65.7224	157.169	174.491	0.0	364.597	0.0	1066.62	760.147	243.17	293.107	128.741	421.55	1036.55	173.884	109.195	16.1545	271.069	79.632	549.982	66.2127	129.276	257.574	36.5884	0.0	0.0	86.545	325.263	79.7386	110.405	188.442	281.395	82.7828	265.39	37.8202	35.4329	38.2045	0.0	132.959	0.0	39.0967	393.434	125.425	274.029	0.0	107.977	230.788	163.342	46.8781	196.608	50.7742	0.0	102.237	43.7528	57.08	186.258	68.5963	148.071	387.114	245.795	0.0	0.0	43.1717	149.222	70.2692	111.689	0.0	291.362	41.1635	71.7109	62.2917	20.6889	94.5936	22.0462	0.0	15.4757	66.1312	34.1193	0.0	14.576	36.8076	0.0	91.9188	0.0	44.4766	86.6263	58.3689	0.0	78.6739	0.0	108.098	120.339	18.6752	60.4773	0.0	21.627	34.1151	105.166	35.1378	142.926	0.0	275.805	71.8023	282.71	68.1014	84.1291	59.5295	35.5136	149.696	0.0	3010.48	82.5801	0.0	92.9921	36.9343	0.0	96.8082	489.785	119.543	169.925	159.227	61.731	336.25	72.6396	14.4627	0.0	31.554
MT_M084	131.853	0.0	192.618	0.0	465.838	0.0	11.3023	349.92	479.638	475.295	198.205	44.9378	5.02552	31.2703	498.641	1107.98	445.044	321.953	45.0094	200.385	603.349	378.947	356.561	635.234	1772.52	877.824	238.456	1661.83	664.204	648.179	862.483	242.05	541.826	480.011	1968.78	519.316	595.13	576.854	547.126	679.934	171.885	1055.55	54.3801	130.813	228.042	87.1886	1047.58	0.0	265.932	107.768	154.781	76.356	270.053	370.618	72.3558	21.3868	273.083	127.818	14.1006	32.5232	483.56	2077.58	266.543	465.311	63.0496	1062.25	742.824	3481.28	25.8724	465.207	345.105	0.0	192.303	2149.69	461.868	507.64	259.108	74.0076	110.858	460.991	743.974	229.021	1569.84	105.95	439.3	308.828	9.07527	132.667	240.939	2004.91	168.677	1221.78	343.44	350.63	308.927	260.453	254.405	341.146	630.195	15.1243	49.7964	380.886	7.37662	1.36398	11.6862	13.3236	3.5409	318.45	37.4381	13.2216	9.35146	2.72864	77.5653	32.5217	19.5204	17.4119	25.4842	5.02286	17.4752	143.227	12.9395	10.7158	5.59278	10.593	8.22818	45.4704	16.4928	32.1997	0.0	3.14835	7.34586	8.18964	0.0	49.8605	7.76782	6.6122	18.2602	210.093	13.1807	622.977	0.0	113.587	11.9514	6.33779	8.92661	38.3355	19.647	15.0133	179.149	20.8164	0.0	12.3038	10.2508	17.0806	11.0455	592.121	431.717	124.862	325.019	1092.39	773.61	945.188	712.303	1043.05	1109.5	111.213	1206.43	1027.1	334.105	1449.92	113.493	663.544	647.275	1162.63	1173.85	1681.09	1078.72	43.9779	124.621	3.5788	731.553	741.48	1079.44	440.471	110.914	16.9266	225.239	350.444	151.165	42.7122	94.4456	994.353	210.814	277.133	220.065	87.2091	779.451	1282.63	243.61	268.117	3.17108	691.907	347.903	34.7485	62.3186	201.673	124.629	1616.22	1234.83	581.849	829.934	732.288	171.604	191.928	105.437	283.954	64.9338	461.539	202.549	110.161
MT_M085	67.3137	0.0	160.305	156.263	100.247	50.3594	39.0749	46.6764	31.1375	12.5868	158.226	23.0681	0.0	8.56764	0.0	32.6442	132.428	75.915	6.08908	55.9173	129.446	75.439	35.4106	31.2201	0.0	10.8989	0.0261183	49.8012	26.2904	44.1763	25.1103	1079.8	0.0	0.355919	10.5914	0.0	15.9096	0.0	244.716	0.0	0.256089	0.0	324.184	227.918	0.133386	50.903	27.0454	14.9508	35.6356	20.9184	2367.99	29.194	1557.05	596.244	928.218	166.279	74.8563	366.77	139.503	23.2877	61.3629	84.1488	111.49	246.636	0.2853	17.4735	22.7771	16.1221	1423.54	26.0617	75.4253	291.136	9.62165	100.002	63.8978	4589.41	23.7271	57.302	40.5333	2325.21	35.064	239.612	38.3618	28.2684	2392.89	91.1006	23.5917	774.327	0.0	402.621	22.4991	59.0738	29.8615	90.2158	40.8458	2914.72	59.6939	82.5715	55.6429	0.0	42.2294	27.0874	28.3024	39.5739	0.0	112.761	43.8656	219.965	7.2562	36.998	44.5556	385.606	0.0	25.5048	48.4564	0.0	46.8375	111.197	67.9217	55.3644	29.1816	49.3741	48.897	38.8295	87.5147	0.0	0.0	476.722	1030.37	486.654	86.4752	285.99	168.45	421.984	12.5796	56.3533	71.1569	302.973	546.257	854.972	78.5175	0.0	1601.46	35.7802	867.913	115.495	137.579	84.5176	235.09	95.7006	18.1798	0.0	0.0	38.85	64.0959	0.0	44.7371	11.815	34.9707	72.6485	0.0	69.138	11.2241	35.7355	30.8492	49.1805	16.9115	148.377	0.0	44.636	24.4046	35.8936	31.869	54.5318	105.302	9.94251	38.514	17.332	99.5031	19.2387	65.6828	0.0	88.8315	31.7065	0.13177	112.752	61.0358	2470.12	22.0857	35.7205	811.979	12.6508	0.0	88.9577	30.1927	302.369	32.2004	0.0	127.682	109.935	123.107	104.546	87.9992	51.5309	73.9143	30.1997	53.4333	24.188	150.529	55.6099	110.296	53.8776	0.0	10.0666	131.749	47.6388	61.9272	462.029	19.5105	44.0433
MT_M086	33.9334	24.4228	153.252	17.2374	35.5646	0.0	51.452	48.4799	0.0	11.3856	279.478	30.4255	0.0	17.6377	42.8952	5.91655	18.6043	98.277	9.79341	90.6333	0.0	169.504	79.6909	55.0167	20.9304	29.2684	20.0764	0.0	45.0278	0.0	24.5433	817.099	38.5784	90.803	0.0	32.6357	7.38125	0.0	35.5814	18.3171	14.1907	37.3066	477.118	297.671	184.256	20.7458	0.0	19.4439	0.0	10.6092	881.428	14.5483	759.664	218.047	638.941	0.0	34.575	203.319	7.7735	0.0	62.8686	65.8939	12.7341	168.324	15.1388	10.5054	28.9849	8.06344	840.205	0.0	42.8179	246.56	7.77112	337.763	310.024	1981.98	9.84642	9.27631	38.9869	1035.34	12.0866	148.654	0.0	0.0	1760.23	279.889	0.0	565.524	13.4987	273.283	38.8984	17.6026	25.138	178.777	21.5187	1690.04	46.584	73.7114	82.3226	76.9836	78.0063	137.125	10.7313	93.0138	0.0	129.155	33.6348	275.746	87.3955	66.2146	75.0178	189.786	0.0	10.5936	174.967	0.0	37.6348	37.7534	0.0	41.3373	14.9956	14.8645	114.294	28.5949	389.672	39.913	16.7436	237.441	369.01	538.419	62.9427	568.882	138.512	467.083	20.1746	105.464	127.524	205.939	590.546	485.349	110.4	0.0	864.075	0.0	527.139	6.90047	77.0387	65.3653	145.18	148.617	40.4518	0.0	0.0	0.0	147.84	0.0	22.8937	7.14734	44.8453	104.738	7.46786	9.15419	64.617	77.4842	24.7245	0.0	72.0685	52.554	96.5752	126.074	0.0	23.5771	186.5	0.0	40.6054	11.7218	9.67804	42.224	0.0	29.9463	117.359	19.4966	262.987	0.0	0.220099	19.6159	36.2714	1168.64	39.4366	37.7608	521.63	312.796	0.0	70.461	30.2558	114.893	76.0201	38.9112	117.44	266.941	223.23	32.3648	16.8984	32.627	31.3792	72.0638	78.5113	78.4107	306.127	21.076	114.844	27.7575	17.7236	13.5993	228.196	227.993	103.404	251.681	40.7681	45.896
MT_M087	47.6517	278.481	110.69	102.981	67.4795	0.0	0.0	39.2407	263.767	0.0	163.173	93.9226	111.111	152.09	0.0	9.61674	157.793	55.5031	94.9376	0.0	347.352	88.6045	428.344	16.7679	204.942	547.522	575.062	0.0	796.638	146.988	298.493	79.1968	50.7326	243.895	87.8324	99.9086	47.6971	271.326	25.3457	88.6478	42.4203	41.3234	18.9714	18.496	10.0045	370.858	98.2739	13.618	0.0	11.0683	55.9535	218.987	0.0	73.5053	8.2443	64.6135	0.0	0.0	161.458	130.51	0.0	300.506	14.7259	137.555	11.4944	17.6386	133.965	23.068	0.0	15.3944	45.2542	7.62738	24.5794	0.0	152.302	0.0	0.0	0.0	38.4226	0.0	112.427	48.3097	172.542	3.26069	29.3981	0.0	0.0	0.0	0.0	0.0	208.445	28.441	15.3533	36.4	24.5724	35.0106	0.0	47.8309	0.0	0.0	31.9762	46.4344	163.861	191.135	258.304	159.42	5.89557	0.0	4.01279	66.523	329.619	0.0	62.195	302.314	62.0416	94.407	398.717	68.5595	166.899	131.935	153.005	1084.01	220.95	214.444	135.976	646.846	108.773	11.9963	22.7323	0.0	38.5915	25.3796	0.0	41.9411	0.0	87.6342	109.47	0.0	187.472	0.0	0.0	381.677	34.9428	95.2913	14.2216	119.629	0.0	425.629	0.0	60.6923	70.1149	0.0	0.0	0.0	10.0717	0.0	24.8917	7.21684	34.6996	57.098	54.0781	55.6799	108.659	98.8962	46.7997	5.2347	33.2678	39.8792	25.6121	122.952	11.7755	19.8731	1.9102	9.485	12.5837	8.1911	21.1415	21.1663	17.9662	28.0802	50.7441	15.8524	14.3619	139.442	8.93163	30.9443	90.6744	89.6069	40.1793	18.6281	0.0	19.9058	21.1473	0.0	0.0	4.69996	0.0	16.8689	25.9815	0.0	13.0807	52.6403	185.781	26.5613	90.2624	0.0	11.8056	22.6522	6.79213	47.4773	22.634	5.0392	30.597	48.0146	17.3326	5.68161	27.6213	12.5265	43.5203	21.841
MT_M088	11.9279	23.2939	0.0	32.2997	11.3627	2639.3	819.45	88.6954	22.9467	350.839	40.9395	2.085	9.57361	39.0601	7.91147	0.0	0.0	1.96482	83.7188	6.70085	8.06121	80.7915	0.0	17.6043	0.0	27.6427	4.96184	0.0	0.0	11.9937	0.0	38.0216	0.0	14.3145	0.0	0.0	24.9452	77.9956	2.49373	0.0	48.3856	0.0	80.945	59.7199	410.491	60.6473	5.98113	12.5472	66.2543	306.979	43.2673	0.0	18.5643	24.5399	847.989	0.0	52.6079	54.6311	9.59311	0.0	218.029	4.73592	13.0008	13.3204	0.0	0.0	0.0	0.0	51.3017	4.88493	298.74	13.8828	52.9141	8.37311	6.77322	17.1812	127.699	1.57386	283.152	139.509	0.0	11.3896	0.0	5.11321	53.1536	221.196	14.9285	56.3306	42.651	95.4058	3.4025	0.0	0.0	17.7591	10.823	7.97631	36.8015	13.8032	14.9166	8.46816	56.7488	258.103	0.0	21.4438	0.0	13.9791	41.2117	116.918	222.866	227.292	0.0	133.661	6.34627	0.0	16.9066	16.1748	3.31839	60.4176	0.0	12.9245	0.0	0.0	0.0	0.0	47.6194	0.0	33.0323	46.3611	108.136	148.773	49.3974	110.105	64.2248	44.6601	231.348	0.0	23.4173	77.7642	194.569	37.6824	182.391	0.0	54.9965	0.0	0.0	0.0	37.915	0.0	48.8608	42.7167	40.5194	0.0	0.0	0.0	0.0	2.90526	1.09869	5.19302	0.0	0.0	0.0	0.0	3.81734	4.28941	0.0	9.03761	9.21025	0.0	0.0	3.71506	0.0	0.0	0.0	18.8762	4.40779	4.98488	0.0	94.1056	1.61894	189.079	30.7039	0.0	34.226	0.0	10.8732	328.811	4.61564	0.0	24.1777	8.13348	22.063	0.0	5.6406	274.016	9.83325	5.2073	109.618	13.8139	44.5297	125.817	78.8218	19.2891	6.7349	14.7024	6.36408	22.8276	0.0	8.97601	0.0	2.34622	3.40896	197.823	4.6096	114.871	135.722	12.2574	7.21985	80.0775	0.0	94.587
MT_M089	8.3909	89.195	0.0	32.0782	600.787	689.201	0.0	99.4457	573.709	57.8777	292.914	295.283	40.2071	125.691	186.97	47.2494	15.832	657.107	2166.2	204.687	55.4292	371.999	90.4245	140.123	0.0	927.525	236.616	67.3908	210.137	19.0232	63.4425	45.8479	37.2242	2225.54	48.1452	11.9582	1105.85	45.5563	38.4501	599.712	33.4073	691.141	692.885	10.1772	264.61	36.6095	163.736	768.91	10.623	68.197	9.17162	140.934	5.8934	52.8207	196.92	75.9233	0.0	15.3304	53.8083	61.2102	323.39	63.2766	72.6467	17.71	142.453	51.3382	21.1008	47.8906	142.563	194.691	285.047	122.537	135.534	1164.75	104.23	70.0681	50.8289	0.0	0.0	13.1029	61.6859	0.0	77.4495	19.8043	0.0	105.048	155.322	0.0	0.0	55.2709	859.249	457.203	0.0	242.487	82.4432	29.6367	7.84227	3.7734	683.261	0.0	155.92	1419.69	36.0144	51.5139	24.7232	30.1023	40.997	658.118	144.555	79.8619	130.332	309.702	297.941	33.5603	53.6178	1235.72	34.5771	20.8246	22.1962	97.6209	170.166	109.695	118.891	0.0	499.857	8.53248	26.2822	81.4029	46.1929	1142.42	56.45	15.9846	0.0	15.6976	92.1542	42.9049	23.413	0.0	30.1607	0.0	834.531	113.045	38.3169	10.1886	30.5119	0.0	0.0	54.9093	59.0818	74.0092	105.385	75.2144	0.0	26.8493	20.0215	1283.96	47.7307	99.0039	273.392	1000.19	647.156	62.4286	92.6543	797.085	3832.6	476.251	119.593	209.903	719.858	134.405	57.2237	235.752	97.8757	78.1587	1305.5	1850.93	132.67	214.043	90.8426	60.7479	114.621	0.0	199.306	86.0853	171.407	17.4663	420.092	14.1497	563.664	188.139	19.9453	149.286	188.783	0.0	193.076	250.18	69.6878	4536.19	1463.94	418.573	183.874	56.0719	50.8988	12.1947	544.942	254.091	0.0	910.503	208.481	93.6037	30.4237	173.567	22.9992	99.2098	732.37	642.357	45.428	185.939	179.873	54.9037
MT_M090	0.0	31.2979	0.0	86.5731	0.0	46.7244	636.925	0.0	0.0	64.1076	505.596	30.6952	575.758	67.0307	231.958	12.0037	0.0	61.136	726.176	444.602	0.0	197.883	68.1738	31.0341	47.8601	78.8057	18.4152	66.3518	258.548	23.3592	22.4116	533.166	100.826	34.6189	193.562	30.4825	563.521	523.747	31.3551	41.1579	135.345	106.329	96.5296	65.7369	19.9442	78.2577	48.5373	1539.28	0.0	23.3995	223.488	25.0925	83.4175	35.8234	1994.9	0.0	2666.49	707.865	0.0	44.3983	1487.08	47.6914	48.3378	75.3135	112.616	11.5556	26.969	242.921	579.847	19.7755	225.995	263.954	33.0506	975.603	46.8028	71.1532	162.125	16.8807	39.4188	1866.92	0.0	0.0	0.0	72.2332	494.604	357.035	72.3064	40.915	382.137	867.037	144.457	39.7765	78.3747	181.745	22.3466	159.035	37.1755	20.9601	117.033	171.001	1440.77	381.692	95.5371	1317.67	26.0757	85.5047	1901.35	2926.86	392.171	92.4135	135.338	69.5533	23.0085	52.6038	51.3609	34.2261	11.2656	46.9011	68.9828	184.164	78.4576	57.2775	113.711	19.4137	40.4964	55.9924	0.0	1631.36	674.665	145.633	146.807	158.008	43.9411	0.0	77.9384	200.985	0.0	84.4933	453.776	1883.32	136.919	0.0	521.84	53.626	0.0	23.2813	891.419	166.914	5993.15	1228.36	25.7385	68.5134	77.1348	64.6205	124.797	25.5301	27.4157	34.0698	101.479	239.14	107.07	78.257	166.713	105.75	110.045	2597.81	231.51	56.0065	119.564	123.937	81.6385	67.7876	65.8353	65.0778	124.531	936.323	0.0	99.6946	66.3309	150.874	24.3928	73.2407	129.957	115.932	52.3047	0.0	155.393	98.9425	122.606	233.522	145.362	142.644	28.2281	538.894	42.2513	0.0	441.275	28.725	74.6454	562.138	71.1028	367.727	141.482	791.584	656.102	51.0013	172.976	97.9525	97.3662	0.0	38.1927	184.515	143.01	0.0	935.333	114.919	303.502	211.563	0.0	93.7749
MT_M091	80.2597	48.0801	11.3401	240.575	78.251	3842.25	1492.18	426.228	40.1928	364.919	132.701	9.93316	32.7124	126.858	32.3067	0.0	0.0	6.59213	103.922	17.0227	18.8768	112.235	10.7272	81.1339	13.2636	100.566	0.0	0.0	34.7461	22.4801	0.0	122.894	0.0	27.4711	4.1671	0.0	95.4426	150.126	0.0	0.0	192.81	9.27982	197.242	105.411	776.095	375.886	25.061	7.67137	119.097	408.543	97.9107	0.0	71.5553	109.318	787.205	33.5969	107.162	119.055	13.3748	16.2027	368.513	21.897	97.2576	44.8574	0.0	0.0	0.0	0.0	77.5841	0.0	707.921	23.2293	102.422	67.9859	50.4316	59.3754	191.828	15.96	595.778	221.433	0.0	22.6332	9.6497	6.7918	144.576	696.679	47.2158	103.232	118.404	107.488	12.788	7.2153	39.9191	60.327	64.8371	30.6096	102.475	49.9741	24.8786	24.8414	67.6164	500.737	6.89756	52.8415	0.0	16.6744	46.7974	171.863	650.913	372.255	10.839	183.359	15.0497	16.7701	173.158	80.1665	18.2107	123.877	0.0	40.3259	22.0568	0.0	0.0	13.8934	66.0427	9.49465	56.0523	120.186	239.763	245.126	99.2881	165.414	90.9113	271.453	334.352	10.3479	38.8736	198.324	472.141	83.1257	171.943	0.0	155.466	0.0	13.0241	4.49727	111.977	0.0	89.4156	119.065	139.962	21.0956	23.9538	38.0361	0.0	14.7743	0.0	19.479	0.0	0.0	7.08913	13.1311	0.0	8.25104	0.0	34.2153	75.816	0.0	7.61662	9.34618	0.0	7.81917	7.3642	132.797	18.5465	11.1361	30.2026	266.722	16.9163	161.559	166.093	0.0	100.631	14.9214	16.8025	658.071	0.0	21.588	58.0117	9.48854	61.1355	6.63361	6.8898	920.408	38.7122	12.5762	142.759	111.932	119.103	236.078	210.088	78.053	13.2395	88.449	22.3941	117.627	8.69966	39.5847	8.69126	7.70441	16.2807	546.148	11.1176	268.78	159.094	65.7887	30.2959	278.977	0.0	160.53
MT_M092	564.834	0.0	349.315	0.0	46.4008	15.5187	0.0	0.0	72.0769	13.1273	13.9648	85.8755	0.0	0.0	23.9846	67.3023	239.849	62.6193	2.96618	155.667	616.216	28.2922	136.402	332.931	66.6532	69.2479	57.3791	34.448	157.366	24.9573	21.6608	23.563	0.0	234.644	57.3301	40.5012	110.567	24.8419	50.5679	203.52	116.802	82.1535	28.0739	156.321	61.7298	5.14226	514.096	63.465	113.111	95.7923	9.19732	0.0	746.893	17.481	63.4611	0.0	13.242	41.5427	0.0	0.0	40.6213	257.048	9.34621	134.124	0.0	49.5571	64.9555	26.9169	68.0844	107.832	90.6139	314.131	24.5392	118.489	117.373	28.044	126.486	70.7752	28.2164	181.583	114.648	193.383	357.557	27.9143	394.47	36.0605	5.23836	78.8873	20.672	31.1742	7.71274	155.196	72.1732	129.384	40.1532	605.732	309.816	32.5523	25.7604	17.2974	51.4886	8.03704	0.0	0.0	0.0	0.0	0.0	0.0	0.0	0.0	0.0	0.0	0.0	0.0	0.0	0.0	0.0	0.0	0.0	4.43587	0.0	0.0	0.0	0.0	0.0	0.0	0.0	6.73857	0.0	35.3808	0.0	98.1851	23.7545	0.0	0.0	0.0	0.0	105.99	0.0	131.619	116.55	0.0	0.0	0.0	271.845	0.0	36.8461	0.0	0.0	0.0	0.0	7.41427	49.1939	42.6936	109.41	147.936	44.8261	81.7975	17.3728	59.6451	101.221	70.8954	34.3163	64.9514	18.6544	26.0123	97.6587	25.9715	95.9149	19.5501	13.1424	38.1893	36.3622	70.8602	55.343	54.9913	49.1967	48.5432	2.7016	4.77669	31.9224	74.3079	42.5364	20.2223	7.13819	38.2298	3.92078	17.1561	22.3025	4.58297	5.38919	66.8862	1.90136	12.9182	7.95281	10.104	11.6854	26.4793	55.1444	7.73674	14.6931	84.7407	204.816	12.83	8.27523	22.3415	86.0711	85.779	33.0277	63.9525	8.08375	22.9865	25.5504	6.03905	4.72624	25.0971	28.0833	68.5191	27.5328	17.6202
MT_M093	109.354	0.0	67.2366	45.4845	29.8486	401.05	0.0	73.0486	0.0	70.82	144.917	0.0	0.0	0.0	0.0	0.0	24.334	0.0	0.0	25.5629	32.7434	107.932	0.0	75.4325	0.0	14.8962	0.0	20.153	0.0	37.075	19.4982	149.871	0.0	31.5687	0.0	0.0	0.0	0.0	80.0998	0.0	28.6605	33.6232	140.052	93.1825	48.4985	92.2455	0.0	0.0	0.0	39.5409	128.958	20.5932	123.794	31.5596	82.0993	25.4265	17.4245	84.6679	65.6731	30.4124	99.16	43.6199	77.9338	290.025	0.0	16.0001	23.6272	0.0	189.116	30.9218	464.986	0.0	31.0088	31.2929	176.264	493.437	39.1062	65.1139	57.273	251.939	26.7763	94.0459	0.0	24.1545	734.538	0.0	0.0	152.279	0.0	0.0	0.0	57.8209	25.5995	112.658	159.499	125.111	0.0	54.8845	49.1844	0.0	0.0	0.0	10.2704	0.0	0.0	50.6607	0.0	119.852	59.8478	38.0242	20.3385	222.516	0.0	12.9143	13.5161	9.797	21.1295	30.2496	55.6884	43.1996	0.0	15.9087	0.0	24.2145	53.3074	18.4112	0.0	42.3111	45.1258	52.4416	0.0	0.0	0.0	568.641	0.0	23.7555	35.1916	0.0	141.862	119.999	20.2761	0.0	257.278	15.3018	206.159	66.5676	27.1444	67.9663	0.0	45.161	0.0	60.1141	0.0	34.8738	0.0	0.0	19.2726	10.9423	33.5015	22.1076	0.0	20.1345	0.0	21.9334	26.9143	38.5379	28.763	81.3001	19.5088	30.4822	0.0	36.957	12.801	34.2778	29.6025	15.1632	26.3275	11.5888	54.7879	25.6435	88.5897	0.0	100.171	43.0992	22.5407	0.0	42.6004	262.909	19.4202	40.7439	124.575	19.0612	0.0	20.5776	36.3291	54.6387	0.0	38.3244	47.5263	24.411	40.9298	25.3564	46.4194	20.7143	0.0	58.063	43.0101	36.5162	121.153	44.4695	73.3106	91.3923	48.814	20.0531	62.6866	38.9212	24.3092	78.7026	10.8759	27.3685
MT_M094	108.319	0.0	0.0	25.3052	60.4204	408.055	0.0	48.6846	0.0	46.0303	20.1374	0.0	0.0	21.5923	0.0	0.0	0.0	0.0	0.0	16.6877	14.1236	79.452	0.0	47.344	0.0	0.0	0.0	0.0	0.0	0.0	0.0	23.8981	0.0	0.0	0.0	0.0	0.0	0.0	0.0	0.0	0.0	0.0	121.533	89.662	16.2698	43.991	0.0	0.0	0.0	37.008	117.484	0.0	29.2171	19.9598	0.0	0.0	0.0	57.2835	0.0	10.5515	68.7923	0.0	34.338	70.7107	0.0	0.0	0.0	0.0	0.0	0.0	251.09	30.5435	42.2934	0.0	114.622	34.2368	58.5533	89.9731	34.0107	37.8813	0.0	19.5693	0.0756562	0.0	33.1749	0.0	0.0	140.257	16.38	0.0	0.0	69.645	0.0	69.7146	50.867	72.3136	0.0	0.0	22.7575	0.0	33.6543	0.0	0.0	0.0	0.0	0.0	0.0	38.0948	34.646	38.318	0.0	75.8991	0.0	0.0	0.0	0.0	0.0	0.0	0.0	0.0	0.0	0.0	0.0	0.0	37.3587	0.0	0.0	35.224	75.542	74.7035	0.0	0.0	47.2191	425.8	0.0	33.0539	28.1725	0.0	157.74	0.0	0.0	0.0	93.3941	0.0	76.9234	0.0	0.0	0.0	34.1618	0.0	0.0	52.8386	0.0	0.0	0.0	0.0	0.0	6.53677	0.0	0.0	0.0	0.0	0.0	0.0	0.0	0.0	0.0	0.0	0.0422469	0.0	7.08365	0.0	0.0	32.1748	19.1072	0.0	0.0	15.4791	386.607	11.9144	0.0	0.0	0.0	0.0	0.0	0.0518469	0.0	67.2856	0.0	0.0	52.0654	0.0	0.0	0.0	0.0	0.0	17.7754	0.0	0.0	0.0	93.7229	0.0	0.0	26.5191	0.0	0.0	0.0	0.0	0.0	0.0	0.0	19.9551	0.0	0.0197075	22.481	22.5932	0.0	20.752	0.0	0.0
MT_M095	39.3329	52.8587	23.5564	18.3955	59.919	18.4866	1253.53	0.0627744	20.6858	13.2128	27.6457	29.6563	178.519	26.2585	304.618	24.2132	56.4128	50.1445	42.0867	159.565	22.0917	9.40558	45.844	26.5656	25.2521	83.5216	20.76	74.0746	213.253	24.3868	58.1432	21.0297	431.019	27.4819	308.325	30.5071	243.044	104.337	47.3525	44.2417	58.49	179.333	0.0	31.8791	0.0	625.702	53.4911	38.152	78.2798	0.0	71.763	40.3392	97.8616	63.3614	0.0	35.607	242.961	51.9346	94.189	73.6694	35.7434	72.8775	107.33	124.374	19.9128	60.5233	150.043	274.285	0.0	121.983	48.0626	90.0114	12.5469	415.863	35.9665	13536.6	41.6898	55.296	14.4172	1309.32	229.006	46.1913	68.4723	66.9824	2639.85	75.8797	0.0	56.7605	38.0632	171.174	41.7043	21.4614	127.689	615.586	64.0353	90.8246	32.4175	45.9571	0.0	0.0	140.849	2813.1	84.8848	85.1898	106.46	88.9694	276.664	444.529	55.1479	46.2565	73.7089	0.0	34.9985	106.953	87.2856	168.623	96.2016	0.0	46.7627	44.6961	140.397	70.6099	26.0091	0.0	0.0	48.0808	0.0	34.0236	51.9166	61.5157	0.0	68.0235	72.0239	0.0	18.8251	0.0	0.0	0.0	103.296	149.955	0.0	85.389	79.9999	162.513	64.9623	76.7299	0.0	89.9579	87.7025	39.5288	117.92	0.0	0.0	0.0	0.0	72.9729	23.4495	26.3041	144.628	40.5536	111.84	65.6841	50.6968	18.5891	0.0	200.107	54.5555	0.0	58.2409	55.4886	65.4511	25.7919	55.8954	16.5757	0.0	268.899	0.0	17.5734	19.998	71.295	49.8827	124.227	0.0	94.0828	30.6154	86.943	63.2275	46.8011	9.21397	0.0	0.0	46.4641	0.0	47.4567	0.0	14.3189	22.4267	0.0	140.494	46.6767	0.0	76.7387	0.0	124.139	55.596	16.257	156.321	135.519	29.6362	18.4275	30.2242	22.3672	94.5698	9.28407	189.617	0.0	42.5614	0.0	11.4668	0.0
MT_M096	0.0	0.0	70.381	0.0	0.0	0.0	0.0	0.0	12.6349	0.0	36.4146	28.7488	0.0	0.0	0.0	0.0	0.0	0.0	0.0	0.0	0.0	27.5322	32.1151	0.0	16.483	14.9137	16.1326	0.0	0.0	0.0	18.5261	242.738	0.0	0.0	0.0	0.0	0.0	0.0	0.0	12.2491	0.0	0.0	89.4253	83.7729	0.0	0.0	25.9347	0.0	0.0	0.0	180.327	0.0	109.134	30.8881	125.41	0.0	11.494	40.7881	0.0	0.0	0.0	0.0	0.0	75.1067	0.0	0.0	0.0	0.0	193.064	0.0	0.0	47.814	0.0	0.0	0.0	522.645	0.0	0.0	0.0	269.499	0.0	53.0072	0.0	0.0	619.776	0.0	0.0	71.4144	0.0	48.1197	0.0	0.0	0.0	19.0119	0.0	564.648	0.0771441	15.1044	0.0	0.0	0.0	10.117	0.0	0.0	0.0	38.3367	15.7918	0.0	0.0	0.0	0.0	0.0	0.0	0.0	0.0	0.0	13.3526	0.0	0.0	0.0	0.0	16.9267	0.0	0.0	0.0	0.0	0.0	61.4523	69.3914	61.7222	0.0	0.0	0.0	98.1398	0.0	0.0	0.0	0.0	75.914	240.494	0.0	0.0	203.371	0.0	108.086	0.0	18.9472	39.2969	42.1243	0.0	0.0	0.0	0.0	0.0	0.0	0.0	0.0	0.0	0.0	18.1561	0.0	0.0	0.0	0.0	24.414	23.141	0.0	0.0	0.0	28.7778	0.0	0.0	0.0	12.719	20.7024	0.0	0.0	0.0	16.4404	17.875	0.0	0.0	0.0	0.0	0.0	0.0	0.0	188.815	0.0	33.1008	120.93	0.0	0.0	0.0	0.0	45.8125	0.0	0.0	15.9492	0.0	0.0	0.0	0.0	0.0	20.5221	0.0	87.3848	0.0	0.0	0.0	32.8801	0.0	0.0	0.0	23.1411	26.1431	30.2663	93.698	0.0	0.0
MT_M097	214.978	19.5963	308.409	335.338	511.117	319.215	117.212	154.091	768.914	1663.54	2059.66	316.499	19.3314	14.0827	341.512	156.455	85.6737	753.319	2541.39	972.299	309.37	2672.49	165.498	379.951	737.681	390.609	122.313	28.6452	301.089	86.3443	353.491	133.023	223.183	807.376	278.046	481.133	517.952	443.759	93.3211	780.71	185.438	441.78	4316.76	3271.07	3022.52	650.601	257.613	1586.29	1327.54	3156.93	403.89	26.9435	1032.27	2159.91	2887.66	24.4202	301.402	2770.65	0.0	0.0	42.176	45.5293	993.711	36.4281	428.241	217.641	12.8593	250.282	228.62	118.424	1961.98	1000.2	1741.44	192.795	2921.44	777.021	299.993	791.477	1257.65	888.17	26.4259	193.872	139.197	12.4405	2341.89	1176.43	4144.67	346.445	867.055	255.802	662.248	683.398	199.033	64.2901	764.491	1779.93	459.427	227.117	141.146	1640.84	224.646	1991.79	0.0	82.2359	0.0	25.4889	169.494	100.501	413.332	164.086	34.5159	55.4623	0.0	66.4292	9.38704	246.054	49.5261	0.0	0.0	15.4031	26.7363	30.2848	100.295	7.29599	199.132	0.0	0.0	656.57	541.765	206.072	541.277	689.624	1355.87	212.398	294.868	46.2405	0.0	601.33	296.139	591.513	1534.43	12.0181	472.876	18.7645	1907.96	0.0	3364.97	0.0	140.266	374.717	31.3377	1394.85	504.92	460.486	180.355	203.245	107.389	183.467	208.064	304.152	254.857	130.592	35.4132	130.075	63.2482	50.5167	364.715	176.508	324.659	168.297	88.4611	284.507	145.499	594.845	281.906	241.37	292.331	1929.46	427.727	2215.65	197.575	58.3551	1546.9	257.87	249.669	234.424	265.653	1845.12	83.4477	71.7611	1207.17	452.717	35.4233	549.29	297.626	579.246	1890.27	726.82	330.646	1572.55	1365.03	208.859	227.645	72.9573	107.938	2244.89	646.932	530.733	1058.07	404.748	141.192	970.281	201.372	463.83	2957.18	75.5086	128.054	2747.71	525.857	456.278
MT_M098	0.0	0.0	0.0	0.0	0.0	0.0	39.9365	0.0	0.0	0.0	0.0	0.0	0.0	0.0	0.0	0.0	0.0	0.0	0.0	30.0002	0.0	0.0	0.0	0.0	0.0	0.0	0.0	0.0	0.0	0.0	0.0	168.463	0.0	0.0	0.0	0.0	0.0	0.0	0.0	0.0	0.0	0.0	0.0	0.0	0.0	0.0	0.0	0.0	0.0	0.0	404.654	0.0	350.15	64.1899	42.3043	0.0	0.0	56.9635	0.0	0.0	0.0	35.9022	0.0	0.0	0.0	0.0	16.1665	0.0	77.2424	0.0	13.1969	0.0	0.0	0.0	0.0	12248.3	0.0	10.0325	0.0	4081.84	0.0	48.1256	0.0	0.0	4165.03	0.0	0.0	81.1229	0.0	144.958	0.0	0.0	0.0	12.9611	0.0	613.554	0.0	0.0	0.0	0.0	0.0	151.606	0.0	0.0	0.0	117.356	21.4672	0.0	0.0	0.0	0.0	0.0	0.0	0.0	44.611	0.0	66.49	0.0	0.0	14.8626	0.0	0.0	0.0	0.0	0.0	0.0	0.0	50.584	166.102	0.0	0.0	0.0	40.4492	0.0	0.0	0.0	0.0	0.0	163.872	95.4991	0.0	0.0	196.438	0.0	62.545	0.0	0.0	0.0	74.8674	0.0	8.64038	0.0	0.0	0.0	0.0	0.0	0.0	0.0	40.3924	0.0	0.0	0.0	0.0	0.0	12.4575	0.0	0.0	0.0	0.0	0.0	0.0	0.0	0.0	0.0	0.0	0.0	0.0	0.0	0.0	0.0	16.0112	0.0	0.0	0.0	0.0	0.0	0.0	0.0	0.0	0.0734207	34.5928	0.0	0.0	0.0	0.0	11.7476	0.0	0.0	93.993	26.2092	0.0	0.0	0.0	19.4187	0.0	0.0	0.0	0.0	0.0	0.0	9.16225	0.0	0.0	0.0	17.7509	0.0	0.0	28.3647	0.0	0.0
MT_M099	972.837	36.243	373.942	743.711	0.0	111.888	28.4482	730.993	109.278	37.4741	157.891	1183.32	902.945	486.822	246.025	905.487	1310.12	132.1	434.746	2050.8	1308.49	8.39747	711.307	295.433	2453.73	72.8243	77.3385	717.978	188.426	910.603	1746.6	126.572	164.837	72.0845	1251.24	103.068	126.872	219.476	258.311	662.23	590.065	411.199	228.231	210.05	69.2414	69.5023	2662.39	60.7784	793.621	0.0	225.913	924.244	2211.53	749.11	114.903	1616.78	8.67284	121.121	326.836	349.095	345.307	2463.1	62.3387	666.414	1079.18	140.685	0.0	442.18	2006.33	891.853	915.741	125.601	110.89	50.7473	0.0	783.513	301.748	222.47	0.0	426.581	4057.85	1470.6	38.6295	1430.34	410.473	329.168	168.332	6242.87	2700.2	49.1004	122.764	1920.49	574.895	190.552	203.341	846.169	1505.68	1162.07	1198.33	298.962	1402.24	1559.83	114.947	473.416	424.343	3521.57	16.8196	23.6199	39.5624	129.192	307.394	5717.75	46.1437	54.9876	502.049	16.0027	39.1905	2076.27	183.093	70.5785	21.8623	169.797	357.789	228.103	663.836	501.995	455.341	56.2866	0.0	50.5599	909.787	5337.89	2047.31	126.678	136.413	3768.44	656.157	0.0	728.734	1003.79	379.88	584.651	3812.05	1277.54	179.881	871.834	92.5296	90.0489	0.0	4392.24	218.537	2828.88	39.2262	2563.57	336.189	63.1103	3097.44	165.131	2973.19	123.558	420.748	29.1728	1807.01	787.512	258.058	1831.42	2425.57	424.181	100.71	1340.09	157.171	341.726	117.619	3449.76	3720.36	128.037	357.367	1502.9	2387.28	118.525	159.862	915.673	659.898	2910.85	31.4366	701.406	661.52	698.353	579.043	162.438	864.737	18.3796	69.194	139.338	2206.43	198.188	925.423	59.8116	560.561	235.312	611.826	175.837	157.494	1255.75	115.252	60.417	2157.32	812.107	0.0	89.598	1528.8	31.574	825.436	29.8683	0.0	2597.54	1261.21	95.9518	37.2187	371.137
MT_M100	1085.33	1822.44	5084.97	2255.14	35.3889	75.3571	2877.82	174.107	3604.43	87.2606	1979.79	3026.66	1776.16	2986.45	1261.22	7758.17	460.762	2306.0	4421.64	348.293	1295.23	14.9676	4401.39	753.439	7142.92	2285.9	5262.34	1286.78	1295.18	693.059	2368.16	637.623	3131.9	232.024	3347.4	1226.39	2537.53	2086.1	1581.31	2494.12	5705.77	1791.95	0.0	338.491	116.791	389.956	791.336	5182.3	0.0	32.9269	446.278	1644.66	684.618	246.309	52.6372	740.524	305.594	111.231	678.684	1133.01	20.9658	430.608	290.705	498.795	1955.85	845.113	236.448	6336.37	920.212	3852.16	488.572	3643.81	5304.55	4711.09	68.0788	337.619	1106.54	962.873	1992.3	2146.1	339.28	792.358	6572.43	1680.63	664.617	82.7379	850.095	245.719	2243.7	63.2271	6154.74	119.04	732.699	1775.15	353.837	304.893	10890.4	272.353	1693.96	170.095	3508.52	1553.59	2170.88	3173.11	382.108	1088.19	635.736	633.409	111.287	128.717	571.856	97.4819	4607.42	995.966	8038.59	735.998	366.751	383.858	246.933	1181.18	707.238	673.413	3092.78	3126.9	1161.18	618.287	2171.61	416.047	118.075	594.037	67.9392	479.772	0.0	161.403	3134.8	1315.34	2420.36	0.0	274.219	1537.2	592.516	689.052	2185.1	1543.21	66.4928	395.026	666.638	899.062	98.2134	274.676	1491.68	1254.32	5145.53	0.0	862.621	201.126	992.571	3781.81	1007.78	379.539	2308.38	188.448	2246.82	1216.17	218.128	1162.42	605.294	34.889	394.332	2587.6	959.281	165.936	133.406	753.803	316.622	4715.15	36.3571	320.73	1228.26	116.249	0.0	958.528	184.32	2319.9	372.869	3000.34	816.706	60.1368	280.086	459.074	492.493	277.721	7705.23	0.0	1648.26	326.392	3140.14	732.808	737.891	1021.03	132.389	3134.91	81.5983	4489.47	963.588	0.0	1763.7	487.959	0.0	597.712	1885.12	1466.61	2485.2	1218.97	36.6011	808.413	875.377	82.2003	79.9154	248.227
MT_M101	63.0097	62.714	308.907	28.3744	50.5728	8.41296	0.0	66.047	24.8839	19.0402	27.2566	197.964	42.9366	26.284	124.372	56.5733	75.015	55.2298	29.5339	0.0	116.467	25.9269	207.604	38.1745	103.389	165.607	218.936	153.929	149.403	0.0	102.904	0.0	277.747	92.272	156.231	140.251	93.0417	97.8738	129.836	85.6131	40.8567	155.935	13.9859	17.024	21.5924	13.3245	90.3147	58.1956	0.0	20.0763	0.0	99.8396	0.0	19.0002	0.0	91.9574	0.0	47.858	78.3617	175.966	32.7725	31.8716	13.4262	9.80975	73.9552	73.3236	170.208	106.498	64.244	97.6011	19.2308	89.9991	51.7742	97.0359	114.013	0.0	14.1885	12.9684	19.0166	0.0	0.0	27.4695	0.0	0.0	0.0	0.0	22.1016	19.0649	52.27	0.0	45.3563	138.82	67.812	55.4971	20.8088	0.0	0.0	191.841	42.2241	240.424	40.4561	0.0	30.1931	60.6054	269.786	130.284	24.7556	0.0	80.3332	21.8356	58.4474	30.7882	105.744	115.717	65.8969	0.0	0.0	39.8839	104.755	38.973	37.2878	94.6129	51.3168	123.696	38.7091	0.0	78.1571	0.0	0.0	0.0	0.0	35.137	0.0	0.0	0.0	20.657	0.0	0.0	31.4336	0.0	83.284	216.099	23.4179	0.0	0.0	154.974	60.1987	254.336	32.4754	59.8809	35.4172	141.294	128.247	75.1501	0.0	0.0	210.851	48.5632	95.5001	54.9686	111.19	154.474	0.0	180.242	51.6111	0.0	62.5672	361.527	0.0	29.5933	13.563	148.777	112.816	47.1828	0.0	10.5158	75.7383	86.9142	30.038	9.7653	252.817	28.6466	25.8502	298.871	39.9513	0.0	42.7873	115.452	24.7889	194.963	0.0	58.8531	29.8179	0.0	62.8283	67.2941	38.3166	83.3242	31.297	0.0	0.0	15.1662	103.057	191.588	36.572	21.6215	34.5765	98.1557	17.6314	33.4605	56.9787	9.72163	17.9061	15.7519	0.0	120.042	25.3383	14.1214	20.7304	0.0
MT_M102	2190.3	1357.78	2780.74	678.147	851.599	3967.62	357.858	350.082	426.129	3781.0	2670.41	282.672	142.009	531.901	320.809	116.902	163.069	754.167	127.265	844.049	1849.95	2061.86	250.037	2337.35	0.0	277.544	161.175	433.055	272.815	798.374	526.413	7232.35	71.5339	552.542	459.902	215.662	356.052	597.158	177.445	245.592	367.944	304.952	3072.86	3198.32	380.166	1645.8	154.113	137.866	217.145	513.591	6546.53	248.054	1933.82	518.088	3587.76	540.191	511.709	1863.33	2697.43	944.294	1887.34	682.496	1177.64	5479.72	285.126	46.833	630.074	0.0	6021.58	462.545	3848.58	1451.35	779.384	560.521	3747.57	10514.9	1494.98	930.363	2529.37	6502.23	458.565	2484.31	305.676	534.845	16715.7	277.597	328.022	7526.73	313.108	830.257	314.829	1157.59	551.609	1876.51	2336.61	13903.8	487.769	549.964	518.024	307.368	634.91	294.81	294.043	205.989	308.002	2089.92	312.065	5296.47	1196.67	919.058	231.651	6607.32	127.268	45.0306	250.604	329.911	289.522	765.765	1011.36	573.389	216.049	261.769	360.984	234.454	1113.23	178.68	353.739	982.56	606.127	2003.51	1027.88	303.241	181.323	9475.18	250.216	676.961	660.238	410.44	5718.8	5474.52	826.659	187.644	6787.45	120.729	5061.49	231.659	1380.1	849.457	2209.06	482.719	187.417	783.894	392.807	261.987	148.69	133.438	605.619	0.0	403.338	306.068	144.932	0.0	2.39665	0.0	0.0	823.911	813.735	493.191	291.438	237.088	0.0	445.081	0.0	907.88	522.124	52.9304	1365.0	631.882	4810.63	1041.39	164.928	0.15727	818.765	374.416	306.397	306.589	0.0	8540.2	336.786	534.035	5748.54	229.618	0.0	427.405	512.788	1217.83	509.816	424.408	738.625	334.846	1231.4	253.368	2035.93	1228.3	304.999	450.579	1798.94	1766.83	307.31	210.033	1791.65	1290.68	644.347	342.152	1203.25	247.968	337.341	1996.88	191.26	727.445
MT_M103	0.0	0.0	0.0	0.0	109.251	10.3686	38.8331	31.8923	0.0	9.92759	9.95683	28.4179	0.0	32.9229	0.0	0.0	0.0	47.5352	10.9339	100.299	0.0	15.6456	21.8089	0.0	14.922	0.0	0.0	0.0	17.0848	0.0	0.0	0.0	14.5309	24.1588	0.0	0.0	0.0	13.8092	0.0	0.0	0.0	0.0	0.0	104.047	19.4762	463.796	22.123	40.9451	0.0	83.9412	56.538	15.0681	95.2985	30.3563	0.0	0.0	0.0	14.1117	14.5141	9.50333	0.0	35.58	74.1205	16.7658	7.2881	8.18167	14.8777	0.0	45.7991	0.0	26.975	0.0	53.5541	22.7675	32.8598	3011.61	16.504	17.7104	0.0	699.065	14.7659	29.5138	0.0	17.3565	757.016	63.8865	0.0	49.494	24.4594	121.498	0.0	0.0	0.0	204.351	30.4104	43.8321	0.0	0.0	0.0	0.0	0.0	1351.74	5.98531	20.4645	11.1586	26.2749	14.1613	36.4242	16.4888	0.0	12.9479	0.0	11.0277	24.4322	18.3329	8.4488	15.06	18.809	9.31367	17.2524	0.0	17.6804	0.0	0.0	40.742	28.0899	0.0	15.303	51.0535	0.0	66.4936	52.4793	0.0	0.0	10.0598	0.0	0.0	68.5397	41.5696	50.5277	28.2018	51.7375	43.1975	0.0	0.0	23.6664	0.0	0.0	0.0	210.674	6.44078	0.0	0.0	0.0	0.0	27.7578	3.32811	0.0	16.7034	16.0005	6.68872	12.7168	12.0199	36.5152	12.6765	23.3902	0.0	24.7806	0.0	16.4044	18.0037	0.0	11.6852	19.3849	53.3582	0.0	0.0	210.304	22.5936	17.8757	19.2091	12.956	68.694	68.0286	21.1652	43.5104	0.0	39.5886	13.2691	43.8798	31.1952	0.0	0.0	18.0552	0.0	8.1297	0.0	0.0	86.689	93.0611	0.0	19.9714	25.4017	12.2134	0.0	96.1852	72.9755	0.0	0.0	0.0	0.0	20.222	35.0012	29.2951	29.4357	0.0	50.8396	9.09225	11.0786	36.0531
MT_M104	31.5278	487.625	20.4815	47.7683	36.073	10.1261	17.8093	33.7013	92.1223	7.96561	26.4076	77.5946	39.3866	13.1454	200.332	420.66	339.083	24.7032	56.2231	66.3441	87.4174	22.7692	27.9793	162.632	547.407	151.119	82.5464	96.3772	79.7205	2136.79	3065.93	26.2493	153.589	31.2631	4116.05	892.663	794.496	66.305	2610.27	582.009	64.8222	7667.25	46.9101	160.383	336.583	44.0906	551.013	606.583	172.876	8.77237	18.956	47.1884	20.3838	9.96265	16.4903	1243.89	613.899	129.739	320.338	5806.98	66.2826	48.1061	54.4068	75.9869	52.0538	2724.53	79.4445	559.823	666.07	23.276	47.7705	35.832	1823.36	28.5603	46.3383	24.0636	17.173	4817.36	26.4771	27.2689	149.789	181.143	194.455	65.9084	28.516	29.3104	17.9068	9.81575	668.966	25.7157	81.9944	2500.65	561.966	3748.91	141.941	6.28157	50.6833	231.211	308.578	25.6092	35.7063	8823.0	9544.65	39.0769	153.764	21.1004	338.438	62.763	63004.9	83.1219	1117.09	19.4893	296.084	3026.69	654.762	186.843	158.919	227.639	699.206	315.444	112.006	724.673	27.2448	59.9629	38.9884	466.135	47.398	62.5174	14.4713	45.5495	21.2683	20.7479	79.2188	10328.6	1069.26	149.696	35.51	109.87	61.7202	49.7086	5.32558	117.078	19.5067	174.593	53.9544	908.74	31.1856	418.786	5487.83	54.0323	24.3151	61.8838	20.6666	107.614	534.972	12834.1	10176.6	176.029	145.404	68.3607	529.292	89.5764	91.4405	2609.3	1961.6	119.109	296.64	39262.7	2232.74	113.654	848.233	771.633	166.696	81.6233	115.24	1591.24	45.0582	191.679	980.886	262.082	3857.72	823.282	6.35193	53.2356	942.475	64.2601	674.632	26.3919	63.6734	79.9205	23.3404	7156.04	9081.76	22.2359	58.616	57.6478	302.966	100.258	726.011	49.5381	44.8339	21.2263	2533.91	21.5335	108.625	790.253	90.8836	2329.87	1916.85	51.2457	24.1588	33.1299	66.5769	4113.6	206.765	32.4804	45.2288	79.8256	117.058	820.711
MT_M105	0.0	22.4687	0.0	28.0993	14.6042	18.1082	66.2086	0.0	12.8271	66.144	0.0	20.0636	11.2008	10.9164	0.0	7.89895	0.0	0.0	406.175	0.0	0.0	81.0817	88.4104	0.0	0.0	0.0	14.8393	0.0	15.6555	0.0	0.0	0.0	0.0	0.0	42.6853	0.0	37.4317	0.0	0.0	10.6318	15.8528	0.0	0.0	12.3395	0.0	0.0	0.0	46.9758	0.0	53.2844	0.0	0.0	0.0	0.0	0.0	0.0	69.7802	0.0	0.0	266.871	0.0	0.0	0.0	11.5441	0.0	0.0	0.0	18.3079	0.0	31.582	0.0	0.0	26.1119	0.0	22.3079	75.6332	0.0	16.8789	0.0	183.665	0.0	20.0503	0.0	0.0	39.2356	0.0	0.0	0.0	65.9831	0.0	27.4979	0.0	0.0	24.8219	0.0	0.0	0.0	0.0	0.0	0.0	18.4477	397.651	155.996	29.6926	0.0	0.0	1340.15	0.0	189.817	0.0	0.0	0.0	21.1612	0.0	37.1095	116.145	10.4517	0.0	0.0	20.8213	0.0	0.0	0.0	34.2662	0.0	0.0	0.0	0.0	0.0	0.0	0.0	0.0	0.0	0.0	71.9261	0.0	0.0	0.0	0.0	0.0	0.0	0.0	0.0	0.0	0.0	0.0	0.0	0.0	651.002	0.0	20.5964	0.0	0.0	0.0	0.0	0.0	109.049	17.7178	0.0	0.0	0.0	0.0	0.0	16.0958	0.0	0.0	0.0	0.0	0.0	0.0	0.0	0.0	0.0	0.0	0.0	0.0	0.0	0.0	27.3792	7.6543	0.0	0.0	0.0	0.0	0.0	0.0	0.0	0.0	0.0	0.0	0.0	28.3505	134.548	0.0	24.9891	0.0	27.6124	0.0	0.0	0.0	0.0	0.0	0.0	162.772	13.0132	0.0	0.0	44.0055	0.0	17.3511	22.2612	0.0	0.0	258.489	96.5235	27.2777	0.0	0.0	0.0	74.1374
MT_M106	207.413	26.4215	228.818	39.6105	21.628	37.8398	27.4989	102.946	71.7219	76.0533	109.748	49.8489	62.6082	27.1799	1369.75	251.191	349.143	107.908	200.209	298.466	2566.06	14.4445	207.245	260.676	266.713	97.9539	31.4989	324.563	787.354	188.406	133.917	471.096	54.3046	148.734	89.3548	81.6464	39.5502	40.5184	50.3283	46.0379	88.3141	52.0731	0.0	19.4321	62.988	56.6772	166.948	0.0	47.2139	0.0	463.528	7310.52	1517.71	163.247	0.0	3174.44	0.0	14.9409	203.683	301.111	210.522	5141.07	36.2029	5488.51	68.9859	349.957	18.2252	1209.86	1657.11	290.918	97.2481	550.549	38.5298	95.3847	14.9412	780.96	125.735	58.5328	32.5605	742.88	689.996	720.802	593.491	155.238	879.194	149.171	202.616	1519.71	1075.64	82.8652	498.087	510.906	3125.51	323.449	387.044	1867.69	1841.79	5590.5	163.575	5704.71	79.8894	1073.36	24.0501	140.423	32.2585	1227.3	26.6354	53.2296	515.858	41.9232	97.9898	717.897	131.209	68.8061	256.361	38.7298	13.0483	711.831	297.503	176.28	32.3623	21.9597	330.265	54.2778	1914.46	2230.2	73.9772	69.2608	37.1331	48.037	188.866	186.996	255.462	132.501	1914.94	6416.08	130.928	40.4097	103.7	14058.9	222.678	71.9459	1004.35	4531.9	131.443	141.53	0.0	287.448	109.613	1101.04	50.048	585.85	0.0	958.11	62.7551	1171.45	364.031	812.668	3533.62	816.588	23.3936	456.525	144.425	153.456	311.678	2242.64	1020.08	4428.32	158.533	7257.9	211.386	408.36	417.539	1586.18	930.159	62.0595	158.186	224.904	614.546	238.349	65.3956	4404.03	79.2133	418.536	267.955	598.631	1506.23	694.202	320.461	2150.75	600.567	196.979	257.679	258.658	3048.19	124.855	2063.27	1757.81	462.348	506.158	395.091	2720.95	64.3031	580.701	28.0142	855.566	1796.78	1261.8	136.819	1212.39	3324.95	61.4707	327.184	50.065	0.0	2603.82	1315.33	50.9941	56.9852	371.212
MT_M107	0.0	0.0	58.8932	0.0	0.0	0.0	0.0	0.0	26.691	169.186	35.7935	17.9457	0.0	0.0	0.0	826.91	0.0	0.0	35.8212	0.0	0.0	64.2184	19.178	0.0	375.928	0.0	36.6123	0.0	0.0	0.0	77.6648	0.0	85.513	0.0	0.0	0.0	13.3114	0.0	47.5299	0.0	190.91	0.0	0.0	9.08382	0.0	0.0	0.0	10.9393	0.0	0.0	0.0	0.0	0.0	0.0	0.0	0.0	0.0	0.0	0.0	0.0	0.0	0.0	0.0	0.0	23.2812	168.042	0.0	616.207	45.8454	76.712	0.0	0.0	146.759	0.0	0.0	40.1979	12.67	0.0	0.0	21.1367	0.0	0.0	18.4411	0.0	0.0	0.0	0.0	0.0	20.1646	0.0	103.502	0.0	0.0	15.225	0.0	0.0	153.869	0.0	28.2657	0.0	89.7703	76.1803	0.0	0.0	0.0	0.0	0.0	0.0	39.407	0.0	0.0	48.2702	10.8552	18.3466	68.7383	0.0	0.0	0.0	0.0	14.8676	0.0	0.0	108.098	130.84	0.0	0.0	0.0	0.0	0.0	0.0	0.0	0.0	0.0	0.0	0.0	0.0	0.0	0.0	0.0	0.0	0.0	0.0	0.0	34.8489	0.0	0.0	0.0	0.0	0.0	0.0	0.0	0.0	77.8653	0.0	0.0	0.0	0.0	221.486	0.0	0.0	15.9394	0.0	78.9335	34.1399	0.0	0.0	0.0	0.0	0.0	51.2122	21.9819	0.0	0.0	0.0	0.0	174.331	0.0	0.0	28.5094	0.0	43.2474	0.0	0.0	22.57	0.0	0.0	0.0	41.5897	0.0	0.0	0.0	0.0	204.939	0.0	0.0	0.0	15.9283	0.0	0.0	0.0	0.0	20.9142	0.0	26.02	0.0	0.0	37.8207	0.0	0.0	0.0	0.0	0.0	0.0	15.8393	0.0	0.0	0.0	29.1151	0.0	0.0
MT_M108	27.0522	12.6475	12.2278	0.0	0.0	15.208	0.0	0.0	0.0	35.128	10.4919	0.0	9.96707	26.4703	0.0	21.928	0.0	0.0	6.49043	0.0	10.8176	13.6442	0.0	175.598	41.7917	0.0	0.0	0.0	9.56713	0.0	71.6316	29.4919	41.9633	0.0	8.13905	63.4864	14.8949	0.0	61.7323	26.6391	0.0	20.5664	805.741	110.574	65.8779	0.0	0.0	0.0	0.0	92.0947	0.0	8.72259	0.0	0.0	19.6335	0.0	0.0	27.8941	0.0	61.6458	0.0	0.0	11.9043	0.0	0.0	15.2374	20.256	8.37017	0.0	0.0	0.0	32.3188	8.02299	200.878	0.0	0.0	26.2858	16.5999	25.3497	0.0	18.222	54.7353	47.3296	15.1252	0.0	46.6102	0.0	0.0	25.0168	0.0	0.0	34.5702	37.3276	18.4452	24.282	0.0	0.0	0.0	0.0	0.0	10.1132	6.26418	50.1812	0.0	0.0187582	0.0	43.8599	0.0	0.0	0.0	55.2034	0.0	0.0	34.0324	0.0	8.28989	16.138	0.0	17.5509	0.20776	28.3702	32.5001	0.0	0.0	0.0	36.5508	32.2595	0.0	0.0	0.0	0.0	40.4828	0.0	0.0	0.0	0.0	0.0	0.0	0.0	7.86718	0.0	54.6026	0.0	0.0	20.5977	0.0	0.0	0.0	49.4239	0.0	0.0	0.0	6.08202	0.0	0.0	0.0	0.0	9.12635	22.1317	48.3367	18.6276	40.1654	39.7974	34.6679	57.555	0.0	23.7225	16.5464	60.7606	52.0403	21.3085	36.3564	0.0	37.9266	0.0	66.4298	0.0	167.218	65.9142	55.5871	0.0	44.1416	0.0	0.0	0.0	21.0185	0.0	0.0	49.3863	0.0	0.0	0.0	0.0	0.0	19.7439	26.6553	0.0	32.3273	15.2442	31.8524	0.0	0.0	28.008	220.369	161.631	0.0	0.0	56.3262	33.3076	0.0	109.767	14.9624	76.1763	34.6423	0.0	14.8213	0.0	44.8632	89.9063	0.0
MT_M109	30.2932	0.0	52.1934	0.0	13.5342	9.68421	15.9491	0.0	12.7219	10.6561	21.2697	21.2525	0.0	0.0	14.2283	5.55428	2.42737	30.3839	5.12127	72.8519	57.3645	15.2152	12.8029	12.48	5.80041	10.3958	16.7867	11.5402	0.0	9.70516	6.15063	516.389	5.7647	19.1996	10.542	21.1193	4.643	11.7045	0.0	7.32524	20.7822	3.09652	35.4288	28.7079	9.59474	71.33	0.0	16.259	606.046	10.6197	113.454	0.0	319.155	29.6161	163.952	0.0	448.816	28.8705	0.0	0.0	2485.16	14.838	29.8952	50.3446	18.4334	20.3093	12.6158	12.4439	4725.09	15.5423	15.4061	19.3505	35.3014	79.1853	24.6472	448.224	23.281	13.8834	29.3597	980.044	9.58777	44.5427	4.9053	17.8967	92.3748	540.975	8.04698	36.2088	17.239	434.476	18.1422	4.71919	13.2548	102.093	12.9663	520.286	17.4657	6.06031	2044.06	0.0	8.91644	1.34128	0.0	0.0	0.0	8.64771	0.0	275.345	0.0	5.60476	0.0	805.001	0.0	0.0	2.16141	0.0	0.0	17.4635	0.0	0.0	0.0	0.0	0.0	0.0	0.0	0.0	2.29997	139.914	0.0	58.0904	0.0	54.1319	99.4199	27.794	0.0	11.5789	0.0	1047.94	2.79056	335.881	88.7031	0.0	0.0	0.0	100.809	0.0	18.2575	0.0	0.0	0.0	0.0	7.4885	3.59277	43.1811	8.94461	6.76608	43.1912	2.23443	7.37479	9.16593	20.4397	6.28357	7.36782	21.4155	7.8018	17.5466	12.4657	14.4186	3.35895	14.7119	3.90454	15.1361	4.49826	62.3611	13.6645	7.9449	8.44665	28.7694	0.0	6.06746	9.70368	0.0	106.333	8.69931	24.9975	45.6787	2.13605	31.7381	11.5775	44.3628	16.0537	36.4145	5.19846	343.086	9.64526	7.43478	9.56767	105.448	8.28681	38.4479	15.9586	21.1809	29.9618	0.0	12.388	11.5069	42.1695	12.8493	0.0	24.4871	8.11195	19.3592	8.72662	6.7125	130.371	4.32015	25.8004	46.8583	10.3999	5.60813
MT_M110	0.0	27.5415	162.113	17.4141	0.0	18.6988	20.0278	57.3092	12.5076	53.8177	145.178	21.5839	14.5474	0.0	0.0	42.8255	51.1119	29.6364	0.0	36.6086	40.7566	37.6589	22.3248	26.1333	21.5798	241.639	11.3569	0.0	56.1066	21.8308	37.2075	618.268	22.1064	36.3589	28.0552	0.0	11.5866	32.2385	80.7705	42.0653	56.8605	19.9248	189.266	160.557	31.7742	15.8176	80.1288	10.3919	0.0	85.9991	795.533	58.4886	871.49	269.37	504.183	11.0803	23.5482	154.42	409.276	53.2422	19.0431	108.049	0.0	167.253	30.707	96.0229	26.4762	7.61677	518.017	20.4948	39.6572	147.511	130.36	99.8649	204.652	1915.2	0.0	9.89182	0.0	1176.29	38.3492	166.232	4.8711	27.491	1132.07	106.489	0.0	447.326	0.0	180.161	21.0636	140.321	23.1939	89.2533	29.4672	1425.26	30.9531	102.094	0.0	0.0	28.5545	21.7196	76.2133	28.965	64.0167	79.8095	24.7721	105.58	0.0	33.4287	62.382	165.173	18.0722	10.4552	40.5703	18.1556	30.1245	17.062	28.6952	46.392	46.0561	86.4519	23.5178	35.0985	43.7419	0.0	0.0	186.124	396.399	271.872	0.0	170.323	0.0	464.132	0.0	33.7394	71.5188	97.2848	424.618	523.106	45.9659	126.456	841.267	86.3281	392.684	45.0427	47.1734	0.0	75.5459	37.5547	12.4745	0.0	19.2128	38.5353	0.0	0.0	99.9397	9.16007	102.201	169.872	162.27	103.228	73.4073	65.3203	89.5039	41.349	83.8822	123.958	0.0	56.361	63.8154	106.509	43.4224	19.5845	73.6239	31.761	48.2231	17.6971	0.0	24.192	38.8562	24.9676	0.0	180.577	0.0	0.0	54.7759	1101.93	14.403	75.8788	433.839	37.5647	59.9719	23.8322	64.8688	103.173	45.349	27.6531	69.0879	45.4924	34.9515	18.5067	191.974	16.1763	45.2931	28.3113	0.0	81.9619	339.465	734.812	111.43	12.4516	72.7588	50.666	55.2175	250.751	49.0993	291.57	16.3405	0.0
MT_M111	42.3801	120.374	73.9859	27.817	57.3725	72.6649	0.0	74.8249	74.7015	118.148	36.4123	136.068	0.0	18.3046	26.9654	15.3711	0.0561446	190.519	0.0	34.9499	72.1177	72.2575	32.4398	352.335	10.95	110.151	39.8635	174.849	18.7657	122.568	106.819	26.574	20.2383	144.904	79.021	19.5379	0.0	22.4335	0.168497	0.0	116.885	132.837	73.9471	31.2438	0.0	100.263	0.0	18.3439	0.0	26.3032	30.9441	0.0	20.2991	28.019	28.1838	52.55	0.0	16.3841	193.49	64.1923	25.5425	61.3729	55.2604	30.8801	23.1992	0.0888969	18.208	0.0365606	78.0287	152.585	144.204	46.5592	25.3911	30.0203	270.108	0.0	26.6962	58.3878	105.565	30.2751	81.007	43.953	0.0	64.0218	38.5471	65.2488	71.3237	71.6542	84.3589	0.0	12.464	31.8631	20.4428	65.795	108.014	0.0	25.9003	13.2042	79.8789	141.7	14.1639	18.0054	0.0	139.671	40.5308	93.5196	11.3253	78.6396	91.6316	34.4927	0.0	0.0	0.0852849	0.0400115	34.3898	0.0	0.273392	39.4849	105.042	0.0	0.0	0.0	0.0	53.7279	111.185	32.2819	25.9427	0.0	0.0	38.2692	0.0	68.6557	33.4862	77.1136	29.1176	58.777	51.8502	62.8524	43.3104	0.0	57.3564	0.0	119.581	25.1622	0.0	33.8084	0.0	37.0255	0.0	107.867	9.43978	209.048	25.5314	82.6185	0.0	0.0790996	55.848	0.0	53.698	0.0	0.0	0.176588	12.5016	0.0	24.4054	75.5923	34.6504	26.1799	60.8678	38.0202	0.0975948	0.0	0.144789	110.91	71.4311	0.0	0.0	54.172	1105.34	24.5021	16.3257	0.0811948	69.9442	26.6815	45.7944	0.0	30.5133	39.4242	38.396	71.1505	56.4757	0.0	0.0	43.8164	30.8895	19.1951	67.116	75.8718	75.3142	27.9316	65.5953	45.4721	41.9857	57.5302	0.0	27.2423	40.3462	1.388	0.0	44.2207	13.7073	83.2503	138.132	10.3962	36.1381	99.4518	95.453	36.0299	36.4926	28.9844
MT_M112	80.6856	172.227	168.397	115.178	0.0	26.2114	326.677	193.937	193.596	86.47	38.2798	270.304	239.181	135.648	110.756	47.1625	37.0498	195.263	226.856	52.4899	66.4868	33.9395	711.115	48.8655	25.8817	80.879	200.879	141.992	78.2353	39.334	54.1624	129.415	102.265	66.1202	171.159	78.8194	151.06	65.3152	41.7013	347.304	74.6313	97.025	0.0	46.6456	13.8653	98.2335	53.8551	197.344	0.0	0.0	152.655	216.632	224.629	65.6812	0.0	55.6463	302.859	9.3401	160.755	95.0386	0.0	491.342	16.3439	249.367	70.9493	26.0025	34.4474	81.8912	374.543	349.945	132.355	81.7481	227.15	151.26	0.0	797.898	26.7972	367.014	103.905	1517.86	76.6783	870.905	25.6747	64.0952	750.216	40.943	94.8582	26.9425	501.214	0.0	437.748	50.628	29.7907	279.361	144.58	171.728	56.0005	113.431	192.423	0.0	442.512	1784.11	179.919	179.73	79.3436	864.448	995.123	87.7785	3077.32	39.4251	236.145	136.7	558.449	56.0593	102.65	673.12	48.9067	39.2145	5.9646	168.372	247.766	172.604	66.1569	30.9244	308.854	102.024	119.663	81.1043	20.8957	0.0	0.0	110.417	0.0	145.724	579.152	93.1834	168.282	0.0	88.6114	220.091	145.557	68.9915	204.115	38.907	0.0	243.617	26.2699	0.0	416.827	141.849	91.9518	291.48	121.542	0.0	0.0	342.547	461.947	17.2732	126.652	0.0	139.176	27.1377	32.3885	14.7496	31.9451	64.7655	35.6829	31.1046	75.1122	0.0	19.7471	43.1317	28.9358	17.3758	0.0	26.8555	17.6882	45.9337	202.065	230.745	259.302	39.9308	0.0	88.5706	102.255	46.2709	89.5024	64.5958	37.0169	60.2451	101.544	474.99	434.657	0.0	600.294	135.349	366.804	169.744	294.193	83.4538	38.2143	144.892	23.62	305.179	97.2929	0.0	100.522	81.1894	0.0	184.764	211.94	185.307	98.41	1130.1	0.0	1180.96	81.5957	51.2166	19.6433	51.0235
MT_M113	177.954	0.0	31.4151	79.5839	33.3968	11.3391	0.0	72.6215	0.0	0.0	10.4441	16.8145	48.2542	49.7551	0.0	0.0	0.0	16.5463	0.0	9.54886	53.3461	9.38479	0.0	0.0	47.3873	23.5089	0.0	0.0	0.0	0.0	0.0	0.0	35.9037	0.0	25.3174	11.1396	0.0	16.2319	10.0238	0.0	0.0	42.8485	0.0	15.4093	60.1545	0.0	0.0	0.0	29.4738	62.809	0.0	65.279	11.7649	0.0	0.0	80.1434	0.0	23.6949	33.1323	45.0889	0.0	0.0	11.4003	17.6706	23.3489	0.0	0.0	0.0	0.0	31.7861	12.632	0.0	58.5681	60.5408	10.9388	319.199	30.8143	13.0291	16.2981	43.4874	20.7487	0.0	0.0	0.0	0.0	0.0	0.0	39.0898	0.0	24.0951	0.0	19.9205	0.0	13.1269	0.0	0.0	0.0	47.9469	0.0	0.0	19.3	6.59764	34.7777	0.0	40.4824	46.5678	0.0	69.1946	34.5443	42.8082	56.4092	42.8075	63.2333	17.5916	28.3303	14.533	35.1195	26.7186	73.0715	43.3195	55.4189	22.1611	85.4743	369.866	28.1881	119.163	46.4575	0.0	29.6788	31.6362	0.0	27.6737	0.0	132.319	34.367	22.5315	82.4861	27.2613	59.7545	0.0	0.0	77.3844	22.8382	25.6184	30.8306	36.8914	0.0	145.523	40.7951	17.7327	18.9427	107.747	0.0	37.7355	0.0	0.0	23.529	13.16	47.459	0.0	0.0	0.0	12.305	16.0081	0.0	31.6183	27.2324	43.8664	17.7379	0.0	0.0	0.0	15.3633	9.23385	23.6434	7.78678	0.0	0.0	0.0	28.6851	54.0118	0.0	0.0	0.0	0.0	0.0	0.0	15.3106	0.0	0.0	0.0	13.7462	0.0	0.0	31.9708	36.7364	0.0	44.5434	10.6825	7.83848	0.0	0.0	0.0	23.8187	0.0	16.4495	0.0	10.4126	7.56015	0.0	0.0	5.51302	0.0	25.6721	36.2748	76.9343	0.0	0.0	45.2921	0.0
MT_M114	38.4849	12.1611	28.0116	12.5926	35.262	9.5543	42.3666	34.1344	11.6338	22.533	28.1215	41.0209	40.435	10.4678	90.7987	10.0252	38.4871	39.9689	532.913	22.1467	239.812	5.80808	28.8421	306.511	24.066	136.814	27.0271	65.2169	81.7349	37.1466	61.3108	61.9365	25.6712	23.5923	25.1532	27.5165	0.0	11.6124	42.719	7.38036	22.8546	24.5603	0.0	0.0	37.9054	22.5956	49.5404	0.0	0.0	0.0	153.527	577.942	244.261	26.4902	0.0	242.962	9.22117	0.0	267.599	20.0682	73.6796	616.861	19.5428	747.141	13.226	27.6538	13.5512	128.125	316.18	67.0922	17.5212	65.0135	15.4387	60.0867	12.6654	151.973	13.3951	146.891	14.7099	309.296	90.2917	387.489	36.57	15.9049	216.312	64.126	50.9547	183.322	212.328	28.1718	57.4706	86.7962	250.326	296.264	39.8867	133.018	116.347	8411.93	0.0	364.976	14.2398	1510.04	15.0755	37.6572	12.5671	120.928	0.0	0.0	2048.49	12.5579	18.3631	107.093	20.5101	18.7505	35.1215	508.515	19.8878	459.451	32.6698	119.8	12.6283	14.2908	55.3605	28.5944	160.91	111.531	9.39486	23.3178	0.0	0.0	78.7808	97.2087	124.618	387.515	228.645	747.403	35.7674	0.0	32.9028	1744.99	27.4592	0.0	126.164	5018.19	0.0	104.228	0.0	51.1957	387.989	412.918	8.60258	86.6976	0.0	393.194	0.0	497.064	324.629	57.5826	810.293	82.4252	5.42868	34.7463	20.9399	16.4709	53.817	180.177	140.532	587.143	33.5545	1448.19	26.6533	69.4158	50.6556	139.722	97.1528	5.21647	28.2128	34.7097	194.726	54.1351	56.0874	399.901	0.0	133.472	78.1226	164.648	200.857	179.218	41.0657	248.372	71.0503	116.079	122.628	50.0327	495.959	11.7786	1032.23	217.151	76.1342	96.3109	83.0273	205.222	62.6668	32.838	11.6285	120.999	456.205	172.437	13.9176	111.379	408.7	25.4862	45.9031	42.2343	0.0	261.668	239.248	15.5809	13.3791	37.0779
MT_M115	1119.99	537.849	1794.11	322.135	305.804	242.649	202.656	15.4604	557.688	513.069	3339.28	501.132	269.473	214.269	938.553	51525.4	39.4243	306.259	5735.54	181.179	508.908	503.927	490.217	326.938	38286.1	1741.28	452.549	246.276	482.829	1985.25	1406.06	135.067	3107.11	1391.33	419.352	261.583	2292.55	498.06	158.424	512.394	4855.64	582.844	170.151	1290.3	96.8903	344.44	425.118	783.356	584.149	755.868	76.998	657.894	255.833	1957.32	3665.43	808.164	3377.83	4892.77	1965.26	381.714	446.251	51.414	203.621	422.272	2411.3	4604.22	76.7066	23967.7	148.928	156.019	225.584	543.351	4483.87	1262.14	735.116	0.0	637.708	263.63	762.12	616.862	103.282	267.73	57.8338	1957.37	47.2639	145.397	2191.55	67.0044	76.8339	186.396	571.518	50.8844	2964.47	412.834	214.843	63.0686	6622.93	225.87	81.3782	122.326	434.315	4154.9	1587.17	614.256	236.7	17.2557	2067.74	1442.15	378.196	2027.4	129.114	0.0	607.299	10002.9	10456.3	414.637	161.083	464.092	560.357	3305.56	63.7526	402.591	3502.56	6826.69	53.8656	256.092	439.175	1424.8	2939.46	924.511	168.034	89.9607	17.3217	65.7269	241.836	429.831	45.9752	1054.16	76.5185	359.75	339.855	166.277	65.2237	1367.44	77.064	38.7991	1825.79	345.535	170.497	252.189	39.2409	58.8586	249.078	135.978	210.048	469.618	1767.81	32084.4	1356.0	8945.85	5418.18	3363.09	12201.1	13976.5	8461.29	1770.18	754.446	856.645	494.832	12059.5	13753.6	5003.91	4394.51	1444.38	3451.88	129073.0	110.339	1624.27	9009.3	2087.81	438.184	25036.0	356.254	7779.66	1626.98	184.614	5118.09	145.349	1988.8	252.23	779.332	4551.13	50929.9	1010.64	151.074	329.493	1294.56	484.696	93.2029	278.267	52.297	774.3	1212.83	212.965	5779.49	1820.63	9883.95	7289.35	235.703	113.955	371.512	294.833	434.876	8177.1	7511.26	549.293	4882.99	1723.49	848.673	15506.2
MT_M116	1262.86	16.5339	28.3743	128.748	660.859	465.82	0.0	762.698	202.807	164.021	230.913	273.08	16.3123	303.598	300.623	9.50449	17.0604	238.07	32.1082	155.365	283.667	58.4822	34.6994	434.821	35.0697	249.086	205.642	169.951	132.119	134.944	0.0	131.274	0.0	135.791	215.95	21.6266	33.5596	175.439	29.2006	148.75	399.204	15.6633	78.9516	183.033	454.42	610.594	104.966	0.0	146.74	307.048	207.389	44.3413	192.473	121.307	82.1726	783.856	0.0	198.201	0.0	87.8371	34.8689	485.906	582.605	582.652	95.8034	28.5285	0.0	17.5946	186.034	1049.18	588.249	141.349	354.95	220.31	89.9847	0.0	391.154	926.552	948.726	70.1036	14.7728	366.098	22.2663	74.2641	74.8974	101.676	142.474	397.63	211.822	140.393	131.551	82.3547	95.8267	365.372	544.475	79.731	735.97	30.3679	179.874	321.784	118.264	16.2189	171.56	93.9335	74.2609	149.637	17.7658	35.2252	38.3105	537.177	27.8924	314.335	15.1253	0.0	95.2024	47.9547	0.0	499.007	68.3854	166.528	34.9149	23.7776	73.9253	112.7	379.002	103.785	25.2909	67.5305	111.404	143.254	87.3042	493.762	0.0	523.031	63.5171	404.336	982.589	46.873	516.872	84.068	320.857	0.0	330.421	0.0	152.255	0.0	0.0	0.0	52.1809	412.988	27.8841	160.355	56.5377	188.008	94.7954	17.7876	232.057	110.785	28.2202	30.8158	19.4468	0.0	0.0	57.9773	23.4754	126.385	318.551	48.9381	59.6059	172.965	0.0	208.231	0.0	877.333	237.128	20.9763	112.338	144.577	146.084	15.5328	199.227	0.0	406.161	65.0809	57.0746	170.31	30.7837	125.167	163.018	43.0945	242.99	74.4215	11.9675	31.4641	313.235	100.079	157.136	364.484	1586.16	193.293	282.481	330.215	19.2087	20.9044	15.8063	283.171	51.2828	120.105	269.918	45.8075	13.2746	1031.21	73.3798	266.369	14.1014	1112.75	299.307	390.737	60.0594	154.084
MT_M117	1093.82	437.171	140.742	474.141	1082.9	2793.63	112.831	883.254	136.769	2075.54	747.534	206.391	59.303	215.391	248.231	53.07	0.0	503.757	73.4212	557.707	366.628	1506.97	108.155	1475.22	47.4194	226.058	49.2126	299.077	88.0482	315.542	355.809	1024.68	45.5807	512.253	110.178	84.3822	32.8754	326.353	42.1771	36.7888	446.091	304.911	2932.67	900.172	488.212	937.142	131.401	32.8131	104.593	1077.79	1354.08	38.5247	607.881	334.654	1268.52	507.976	156.722	739.981	560.863	750.544	1241.44	512.544	914.111	1277.45	227.395	0.0	130.152	16.4821	1371.56	376.435	1954.2	317.984	423.785	459.013	2945.42	2011.72	744.901	862.615	1045.59	1218.45	93.6107	710.738	183.901	346.606	3487.19	191.075	378.753	1623.47	161.112	258.977	114.043	339.92	161.811	964.164	1252.77	2119.3	159.249	58.2066	526.541	235.97	159.0	105.211	36.0852	232.245	178.475	429.785	88.5794	1655.86	702.688	537.638	56.3959	1404.41	22.9744	40.1972	172.048	158.041	0.0	562.756	782.711	266.766	81.0491	69.2631	302.221	184.347	692.991	148.442	149.695	386.515	471.946	1232.92	320.253	208.127	146.111	2019.07	157.905	303.117	438.518	542.601	1545.91	1014.84	432.201	87.3306	1352.15	51.5039	1088.04	0.0	235.2	449.482	334.135	1041.44	59.927	689.677	234.164	592.813	136.224	0.0	262.928	14.2658	271.404	0.0	0.0	0.0	0.0	0.0	127.93	664.5	428.852	23.1924	168.669	246.513	77.355	235.32	0.0	761.627	299.621	0.0	190.202	462.468	4593.6	514.815	77.2211	0.0	607.902	524.995	303.952	269.785	0.0	2251.22	206.99	160.514	1624.23	104.551	85.1908	537.54	248.931	220.171	211.787	301.511	460.335	244.423	825.227	278.984	226.033	345.921	17.5959	700.45	396.168	207.238	233.361	88.4829	258.575	776.206	308.322	185.429	845.699	420.9	230.076	896.595	202.636	410.579
MT_M118	12199.5	119.465	989.907	108.009	2179.33	3685.36	194.033	194.113	2520.63	1517.83	8615.15	4621.68	526.862	3205.51	5548.42	61.7863	89.5471	4386.29	429.248	6473.66	152.936	359.628	1788.25	860.216	2538.13	630.187	2523.81	12362.9	3152.93	8171.67	6887.33	2801.94	106.481	7331.21	2113.91	2174.94	540.627	2250.95	78.4901	238.197	9256.09	70.6347	3314.05	2319.34	987.269	7930.53	351.852	468.084	1385.4	1073.11	7234.68	94.9144	7440.12	5653.39	1983.49	2648.88	114.272	2222.22	10685.5	1157.97	1078.07	10396.7	4344.0	6654.41	3903.66	128.923	90.8779	80.1826	5219.22	3160.83	14658.8	4149.55	1783.84	9492.58	11995.7	5755.89	2891.57	9412.3	4328.88	4631.69	773.59	10230.9	4582.5	3485.21	3081.88	5721.35	577.531	12962.9	2934.2	4387.61	2739.79	118.127	1452.53	7676.78	8398.46	3582.24	7231.66	70.8879	8563.17	1354.8	3623.4	657.797	52.3567	4339.22	159.201	1272.89	725.807	6547.6	537.354	5200.55	99.3893	2761.57	55.2519	52.6896	5343.3	32.1147	57.6531	6150.62	6492.81	2312.21	124.735	92.8675	1872.08	3038.29	8634.64	189.768	2051.02	2222.62	3909.14	3609.61	1365.5	15977.7	1645.39	8941.43	2123.58	8868.33	11591.9	3901.32	10346.7	3070.02	3250.56	84.9383	5900.11	30.7714	734.344	68.4505	174.654	206.682	517.28	5685.6	43.8778	358.052	147.754	7335.17	1881.22	75.4249	882.146	33.331	124.461	101.107	70.368	59.99	88.884	171.384	138.174	3244.24	12029.9	246.271	95.7012	3831.52	46.2708	775.203	111.866	9226.98	1267.91	45.0416	3201.99	2410.95	633.954	136.505	66.8865	69.9354	10001.8	203.619	4921.92	5543.19	109.665	7616.32	5942.48	3075.74	6293.41	1852.76	131.861	1381.73	373.686	96.5238	2194.95	1860.67	770.202	7769.48	4737.09	7831.17	156.611	1909.85	107.695	1867.68	3046.55	420.62	51.6651	149.639	98.1416	10145.3	3514.39	35.1843	83.6212	2187.08	7349.42	2544.7	3284.8	2620.19
MT_M119	268.093	33.0793	120.791	393.516	254.946	7449.21	717.918	1618.88	48.8306	7398.91	15.4147	77.39	30.1896	290.376	9.65754	52.4612	162.989	19.4983	208.211	39.137	30.9104	5448.41	83.767	1033.19	97.386	44.7713	78.7013	143.588	102.154	180.104	75.5695	2003.24	62.7172	780.915	77.3734	63.3541	41.6152	23.7378	1046.94	575.301	113.368	130.451	1760.64	2868.24	3293.39	79.2514	641.212	13.3408	2230.67	5532.02	32.8492	43.6484	2025.34	945.766	225.824	184.727	1899.92	587.604	17.8207	64.3468	10630.7	99.3957	2029.27	1223.67	1215.76	30.3827	17.6405	41.0304	7046.93	22.116	220.777	2200.31	3064.32	27.658	99.2704	28.1519	610.331	189.421	328.654	224.318	188.346	141.643	33.4355	200.515	337.423	215.238	1451.03	5418.0	406.962	762.009	98.7492	364.6	78.0494	1001.46	37.0284	52.9094	94.0801	65.4248	5033.29	136.55	2696.92	4917.24	132.501	93.6819	30.5955	83.1734	121.994	22.7882	818.63	518.254	22.4867	9924.89	50.8917	89.4181	56.2551	30.9417	38.9499	96.1907	335.78	72.6019	29.9255	34.7574	59.9518	33.072	138.926	0.0	24.7141	81.7117	0.0	2590.93	3671.85	790.069	232.517	1812.28	61.1771	254.479	1502.74	867.488	83.8529	127.996	109.65	16.1399	11247.8	48.6249	2717.41	686.548	343.316	74.6439	22.0954	349.297	38.2921	2869.27	28.6206	57.4902	13.0648	227.271	282.976	109.537	114.653	23.4802	67.5883	52.7146	83.5505	873.648	101.994	29.3716	41.7954	455.86	153.092	114.623	18.4112	80.5017	62.7673	109.132	142.192	78.977	30.6645	3580.25	3387.47	7539.23	299.989	9.47506	370.177	40.1081	24.146	236.382	34.7032	43.4563	335.81	511.235	105.825	20.1536	120.973	132.843	571.996	32.6271	8.79239	24.5418	129.48	293.234	3122.82	203.999	32.1715	266.462	1423.36	697.353	28.7311	2435.65	128.286	120.81	22.4816	97.9159	229.346	48.1149	11746.1	95.7419	512.397	116.676	153.059	29.8343
MT_M120	343.804	253.395	15.3413	95.146	232.225	192.13	690.303	340.911	265.06	234.541	178.554	165.057	218.848	2746.58	17.0086	19.0363	45.1832	34.0671	129.996	47.8833	18.909	2.6707	14.84	209.98	323.942	77.2594	330.26	57.1408	268.869	97.8367	534.423	0.0	11.7413	106.508	632.874	35.1165	147.032	22.0428	0.0	250.994	192.7	192.726	155.831	24.774	114.327	24.9276	0.0	390.314	5.76133	32.3864	0.0	37.745	11.632	0.0	69.7604	269.173	361.149	12.7975	430.473	20.9019	218.295	72.1894	40.1037	20.1541	0.0	326.002	4.3046	56.1535	52.7619	160.503	318.963	79.0294	25.0411	173.753	86.1767	0.0	60.9325	112.36	232.47	74.9429	171.204	121.938	67.3702	0.0	21.6244	369.2	38.3972	46.9374	222.877	607.688	74.8536	68.401	112.339	3.30523	237.407	0.0	72.8776	117.94	7.60742	130.484	0.0	19.6853	284.078	78.652	171.349	39.3952	0.0	1274.62	65.5297	19.2807	264.895	0.0	41.7908	275.964	86.4859	1485.3	25.5016	51.5646	48.0609	27.1587	86.3824	411.367	48.4657	62.9106	0.0	49.4123	27.3617	7.57811	250.742	55.7037	66.7594	449.691	31.0998	59.2626	249.566	0.0	57.9751	0.0	140.588	378.854	71.2587	419.711	7.45654	53.3803	158.433	20.1453	32.1261	144.943	1094.57	555.273	26.5776	0.0	237.252	34.066	0.0	89.8465	0.0	245.269	142.1	26.2882	60.8491	197.567	122.709	4.36366	370.103	72.4883	132.41	395.784	503.871	2191.73	17.5086	330.133	16.3489	81.9703	1176.41	217.247	328.597	54.1342	50.8976	55.434	216.674	336.322	130.317	956.061	39.4829	416.784	140.905	9.73843	172.136	0.0	241.581	274.807	344.072	652.788	314.178	22.0036	36.8722	23.5117	328.824	9.34088	193.817	186.673	425.464	150.487	299.783	20.8565	172.604	147.776	217.581	68.9671	519.266	25.7572	56.806	225.085	447.243	51.7049	157.405	48.8627	222.763	94.8285
MT_M121	9.62358	220.524	42.5412	100.872	88.6512	0.0	0.0	28.6084	63.7001	501.297	25.9757	13.5278	59.5484	728.852	81.1845	41.4088	10.5736	38.8431	9.71634	293.9	103.38	2.54301	155.212	229.133	806.901	334.176	77.5147	1045.41	91.4917	17.9348	60.7599	80.5103	36.0752	32.5961	684.949	65.1416	93.2509	494.479	13.2307	79.462	1058.44	68.169	8.97586	27.5702	38.6877	0.0	46.0081	0.0	502.862	13.2274	224.465	129.365	24.2294	33.6286	107.608	946.802	440.386	388.548	8.35983	232.318	0.0	22.716	60.1272	146.27	452.389	45.6255	4.75548	36.7494	0.0	43.3102	51.6329	485.846	74.2702	722.364	56.5197	116.451	220.145	7.76297	75.7493	37.5417	28.9408	34.005	94.1006	64.3841	712.79	25.038	84.2717	15.8996	353.789	614.453	9.7901	11.5982	906.621	59.7153	73.5849	607.797	1890.78	237.85	39.9093	347.576	5.48723	24.6111	263.04	334.427	10.3337	15.3538	174.375	0.0	29.3569	266.584	96.4913	0.0	2289.86	56.4299	253.967	124.226	76.2701	969.441	207.96	87.5079	485.046	15.2078	482.582	111.529	32.9399	50.0882	528.43	188.328	0.0	67.8429	195.503	82.4179	930.431	151.663	71.028	131.694	751.602	0.0	160.993	812.681	12.4533	95.1627	14.9211	0.0	25.2037	113.28	165.818	70.8343	90.8579	215.629	20.401	17.4812	133.094	327.862	482.915	87.8044	124.824	84.1824	174.486	91.8985	72.5133	47.5311	164.935	125.542	153.943	2283.8	609.475	96.5086	78.8449	938.353	132.828	399.245	47.2903	1083.45	192.937	1073.62	70.0919	51.2117	1569.01	316.306	32.3613	882.126	3020.24	477.428	387.536	1273.99	12.9698	1512.99	67.3555	31.8173	47.1733	171.158	1475.59	345.103	114.738	41.77	80.9703	577.904	24.4229	942.409	36.8733	297.095	147.158	41.4823	55.5934	888.232	6019.51	37.9273	104.725	33.2643	1588.56	554.807	2732.42	43.176	2.75853	31.147	27.5153	110.367	330.52	2638.9
MT_M122	439.142	55.8279	19.6176	35.7029	1866.55	1207.13	144.505	486.844	342.455	4292.11	301.963	848.204	51.2731	616.28	781.878	24.0593	46.5821	1806.6	35.5079	1495.78	1046.26	1552.52	82.4908	644.009	65.7739	692.305	618.509	71.6753	193.92	35.6002	0.0	473.042	33.9114	852.493	110.847	32.9484	25.3022	730.27	0.0	365.391	1433.62	31.5224	1322.16	992.26	3008.38	6510.75	320.74	121.265	662.357	2569.14	1354.08	69.4807	186.509	68.6791	430.263	460.164	81.7671	1335.27	29.735	55.8055	552.588	2044.4	6964.53	1694.96	91.5225	31.9901	24.5706	25.0572	2176.7	3869.28	9003.02	831.148	224.572	433.354	237.215	0.0	2133.56	3024.71	6094.29	182.629	0.0	119.327	56.2963	742.946	55.67	2431.27	2005.49	1199.09	3992.23	1053.3	934.764	80.2618	355.072	2520.52	1108.17	145.828	3676.78	38.9357	2716.38	2685.93	1762.95	100.742	404.672	30.3226	155.495	140.643	56.6106	231.25	593.922	2207.03	56.3904	2227.51	43.9083	89.6734	75.6866	107.355	50.3922	3000.79	66.5168	35.0319	35.3411	46.3983	46.9066	301.304	750.747	577.121	102.759	152.448	88.7713	777.397	520.075	5051.8	1222.41	2644.17	176.788	1503.62	1249.39	1900.17	1028.51	263.344	3745.43	57.6238	1549.15	36.4148	367.975	582.882	97.1581	0.0	0.0	4795.15	87.2014	327.602	81.9226	357.938	211.743	243.628	113.504	15.6482	152.45	170.512	156.622	102.77	30.8404	154.675	295.312	662.274	830.766	91.7157	360.642	363.391	24.0643	221.032	94.3324	4325.16	295.041	350.28	251.324	860.802	90.3141	138.217	131.061	73.175	1552.27	99.667	404.629	442.819	242.318	75.9896	458.586	130.738	375.118	132.449	18.7346	258.653	338.87	71.5413	964.895	1147.1	360.551	1528.47	2942.55	774.647	102.896	52.728	78.8447	1567.82	113.423	412.23	103.645	47.442	35.0668	5987.79	143.813	367.6	571.712	850.439	483.185	836.037	380.295	584.001
MT_M123	8.16617	19.6743	4.07029	24.172	7.76224	6.35739	166.857	15.4275	27.8963	52.2205	144.844	10.7891	986.043	47.2604	4.43757	13.2248	0.0	23.5929	75.4116	92.9801	8.4266	113.505	15.872	16.309	8.30445	7.51414	10.1281	0.0	12.5062	5.76998	0.0	2985.79	6.56763	108.963	3.22391	10.0107	47.1097	46.8914	0.0	13.1388	8.84928	9.44574	11.49	14.345	16.3597	5.52829	5.09346	117.564	31.2416	165.057	5.73054	895.277	2.91617	3.86598	113.737	186.462	17352.5	4.50058	14.8911	217.27	446.784	33.3066	6.13641	11.1088	35.623	16.1903	2.80175	228.688	734.887	0.0	10.1554	17.4554	18.1417	11.8459	5.42145	9.6814	23.4911	2.54268	6.96241	947.353	15.3044	10.949	10.0496	7.44549	7.46417	465.482	28.0242	392.89	39.2614	93.2184	18.4833	22.3407	138.905	23.44	5.54458	26.9489	29.3452	9.98355	52750.3	74.298	2.39721	8.13724	60.5985	117.589	113.955	40.2632	4010.72	39.6671	141.816	20.2431	90.2613	83.9418	24.6309	175.724	57.3049	12.643	171.069	30.2184	437.171	324.072	599.685	341.187	63.0768	9.66739	381.517	192.657	40.112	663.9	325.506	9.27292	420.734	224.745	875.771	30.4207	25.2288	254.192	14.0064	99.9991	4.64426	112.844	189.491	90.4518	156.238	75.6418	112.415	522.552	672.505	88.5106	124.824	1832.63	16.1927	31.4828	71.4446	25.4322	171.308	7.37483	0.0	40.598	0.0	16.9607	12.6783	11.2282	3.53361	10.1298	14.617	14.1247	25.0932	0.0	111.477	89.2806	3.31917	9.54542	14.3632	18.7182	20.4079	33.2977	69.4596	56.972	15.9501	205.426	27.9672	0.0	39.7296	55.4636	8.50542	32.3002	29.4756	31.0404	54.9608	9.62741	14.9364	18.3444	58.8415	86.2975	65.6546	162.639	27.6283	54.3432	0.0	34.9266	79.7131	97.4125	8.6211	15.3428	107.375	134.992	18.3812	40.5534	28.9765	0.0	91.1176	11.0163	4.98676	12.473	102.829	731.722	439.927	519.033	27.4103	25.4886
MT_M124	132.355	491.289	769.636	356.615	177.955	428.742	3499.35	115.024	81.0951	266.978	2616.65	161.134	1266.77	419.331	1767.75	51.8259	66.7899	408.357	1629.07	7549.91	25.047	3318.53	422.855	446.011	250.83	439.602	51.6074	302.704	1023.04	150.805	185.166	32497.8	107.408	294.252	901.662	56.4627	1320.67	1072.57	0.0	235.539	398.324	137.243	5259.69	1274.36	167.424	3255.38	120.379	2143.93	184.401	65.6096	24421.4	82.1353	19897.2	4679.48	32060.7	116.222	5048.27	5866.38	179.888	309.406	42236.4	641.019	413.874	480.699	557.18	91.3923	258.493	403.647	32896.9	69.3295	2928.7	1155.31	259.736	1982.15	430.367	2257.49	1019.62	110.378	160.865	49638.5	33.4616	1655.59	31.9546	279.611	31672.0	38603.8	998.018	11024.9	1237.77	24872.3	702.436	134.594	249.488	5180.17	240.613	33228.0	204.569	226.044	3389.85	766.921	2792.55	16862.2	1144.72	6736.03	104.936	2977.14	4641.07	27106.8	430.308	1723.37	1137.49	2177.37	95.1852	430.975	1911.47	232.058	319.694	1587.03	243.123	1366.53	315.041	321.786	755.367	631.065	1340.74	120.122	43.2397	8455.14	22433.6	1257.73	6268.3	45658.0	2612.69	1331.99	996.291	6081.72	2124.73	5572.99	19868.7	29043.1	725.238	91.933	14236.8	123.546	1895.24	192.631	2456.09	799.403	8094.72	8510.8	670.727	659.467	300.478	5272.46	1348.97	215.64	395.817	120.356	978.302	619.31	275.248	408.941	702.995	707.111	224.471	7785.17	1301.21	256.917	697.76	540.526	334.362	172.278	188.845	237.564	612.71	1233.3	66.9986	757.308	563.179	2720.77	451.646	355.873	1128.96	531.527	868.779	791.382	567.25	8818.85	781.62	807.32	9230.92	509.79	230.008	8676.99	687.327	184.569	6121.45	51.9149	1332.25	11448.2	4468.36	1902.6	175.04	1817.9	1726.24	692.802	298.087	783.935	620.843	197.934	715.015	2666.61	556.292	766.88	26880.7	734.738	1255.97	10912.8	90.68	1075.27
MT_M125	5368.35	414.006	67.0933	258.285	172.768	4.7454	326.891	2041.13	1766.44	1759.87	808.889	262.08	227.013	7252.21	5716.84	14.7017	11.6058	1072.24	2661.27	172.877	673.312	1627.91	1494.41	1190.76	1927.0	766.565	10.6558	855.114	3429.06	363.915	230.74	121.249	25.5826	607.535	37.262	497.607	2345.08	371.996	0.0	3810.41	535.326	1253.85	8664.27	194.327	1757.0	87.3954	66.7988	1867.52	170.297	7873.65	85.7862	1344.17	83.4006	110.163	18.6442	68.7114	492.647	89.624	76.2018	0.0	1714.49	10691.7	1892.21	238.952	1013.05	300.006	616.982	145.572	606.338	768.177	1180.81	70.3587	221.861	3448.61	1369.48	49.0189	1205.27	232.129	1854.75	722.743	13.5808	3375.5	230.11	393.621	440.036	477.449	560.3	441.944	412.473	26248.2	600.858	15.4285	396.048	372.818	3774.47	145.497	1489.18	587.169	83.387	2644.99	27.752	2447.28	25.1205	249.013	112.883	130.647	188.761	4270.07	637.315	63.8676	44.6195	45.6747	20.8598	321.818	208.74	3308.1	20.2109	8.2088	16.8941	954.428	233.514	233.26	762.03	244.471	218.441	86.5251	987.494	28.2755	194.394	49.3073	165.585	944.955	24.3219	74.9308	64.8179	51.4844	13.5413	1012.24	47.1615	3622.16	1504.04	275.503	52.7842	61.1625	28.7251	101.227	334.788	1605.18	752.32	1542.32	254.777	106.539	1796.02	448.735	927.173	27.9298	684.783	12053.8	397.796	30.9504	73.2254	229.648	85.4026	657.805	285.083	2298.49	202.965	66.2366	440.145	4414.81	30.7384	232.495	32.6975	597.774	318.438	41.8153	1913.37	327.932	1396.36	206.182	6129.91	64.6715	895.097	976.267	424.794	5136.99	207.723	136.871	871.242	458.249	1065.35	1878.53	1196.23	110.948	553.938	508.311	176.899	778.877	438.037	1362.78	559.791	4476.74	251.038	2235.8	1731.59	519.969	218.003	172.282	2859.31	611.248	80.0845	1755.15	3392.73	3308.78	21270.7	279.67	90.3422	324.01	182.036	2303.14
MT_M126	28.4598	155.381	37.2732	99.1695	42.2527	101.83	1253.04	0.0	14.7402	124.993	621.289	52.1681	3077.47	385.986	485.916	18.0099	0.0	91.6094	1486.04	592.102	0.0	387.709	133.616	44.3272	71.9966	77.2703	16.8884	46.9029	801.171	10.4776	63.8973	4952.41	95.8494	316.073	365.837	15.2819	1470.1	466.823	0.0	171.829	136.619	50.2953	68.8058	543.508	61.352	170.31	69.5841	642.604	0.0	29.9987	2574.7	19.5711	2127.19	286.846	3763.84	103.268	6085.42	2732.54	16.2285	47.087	1414.37	38.0332	63.5003	144.906	177.399	24.7436	80.1972	330.353	3227.77	0.0	247.713	433.765	30.5966	735.095	62.9042	317.803	139.945	14.7738	27.3955	9201.96	19.9933	125.431	0.0	754.34	4738.16	1226.72	188.406	261.146	1748.96	1027.73	134.641	48.2533	72.9579	308.871	55.3193	2659.16	25.324	73.7801	217.049	214.127	1463.46	1376.02	296.245	1330.75	55.2105	330.556	2842.3	1857.64	244.311	307.235	303.631	181.209	68.2818	82.4693	144.967	234.926	67.5514	73.0375	54.137	164.428	201.826	47.5634	108.372	47.9616	66.9891	20.9072	12.2006	2804.32	3286.53	208.538	237.869	643.324	119.115	77.2842	216.034	471.215	110.424	193.979	2915.85	5156.75	393.621	27.465	2432.28	102.629	146.749	42.9094	2261.73	172.952	461.202	413.443	288.235	112.971	65.1579	97.727	167.28	62.591	41.3956	44.3876	592.53	181.289	90.0276	101.477	103.615	132.621	90.9918	2519.57	77.9685	40.7677	978.823	95.7309	131.539	32.3397	139.372	49.7697	120.626	1409.18	0.0	416.519	133.173	3737.37	97.4574	162.952	65.4124	103.783	108.07	41.5226	225.593	522.341	176.479	91.1965	787.821	105.078	43.6317	335.222	90.3149	21.5494	818.213	27.8419	183.454	357.933	230.433	494.969	57.8886	303.857	2067.79	123.049	129.578	152.843	165.112	28.2971	92.3692	155.067	86.119	113.936	1955.02	95.5249	134.794	1672.82	21.752	341.8
MT_M127	1288.08	11.1852	1757.35	7.63654	170.585	168.654	0.0	59.1738	194.281	72.2438	62.9857	822.653	2.26829	0.0	334.93	456.433	1258.06	386.922	74.5806	757.936	1845.52	432.174	584.274	902.041	880.309	193.374	477.112	834.057	570.405	404.056	388.609	141.67	703.298	1185.33	314.029	431.684	227.111	30.7706	613.56	1050.23	561.838	146.457	35.8661	529.766	320.235	351.041	1163.29	352.434	334.395	546.841	70.767	51.5274	2100.3	53.807	118.405	58.0239	7.15913	141.611	23.794	31.716	226.916	2042.02	135.902	1067.1	248.733	1315.14	883.553	335.791	68.0262	1107.54	239.038	300.662	279.421	1097.96	399.839	33.4606	203.456	851.816	644.699	199.606	847.902	1609.77	2656.4	686.931	383.336	19.0924	37.3605	356.452	210.069	46.171	48.6648	717.664	330.202	843.147	339.674	1125.11	743.33	388.799	117.406	18.1637	165.696	29.7461	6.12213	11.027	71.6054	17.1197	8.93089	19.9965	0.0	16.6736	0.0	16.7792	23.2258	8.86851	24.6539	11.2726	23.7805	88.6968	55.2389	12.8946	7.05843	23.1724	0.0	15.3801	17.6471	914.886	56.7643	34.775	4.78683	116.361	5.70997	91.3448	72.7555	16.0096	0.0	17.8422	44.674	141.322	14.2019	329.305	667.95	220.417	13.2144	98.2302	339.263	30.2421	15.8906	36.0066	9.92864	0.0	0.0	16.5583	28.1584	62.8241	37.5543	554.694	159.813	186.681	315.439	501.787	592.876	554.061	500.594	143.589	409.765	429.465	416.201	126.024	133.067	211.812	215.117	228.843	465.355	427.465	120.419	326.601	554.506	54.7894	0.0	23.9188	186.353	290.661	211.541	125.431	85.5571	86.0313	70.8068	49.0664	56.2711	139.904	12.8664	483.467	13.7363	27.4849	47.6578	49.2622	88.8166	260.375	780.502	92.9005	80.5518	208.528	430.438	134.905	127.282	92.5123	222.187	128.085	74.7058	296.018	72.8524	222.309	34.4673	87.5144	109.091	163.205	402.127	209.029	160.089	43.8495
MT_M128	52.3486	0.0	46.2317	17.3103	76.673	41.8666	0.0	70.9954	326.429	1660.27	232.986	50.9207	0.0	23.059	293.527	54.0302	73.6073	653.261	579.216	597.381	67.1765	593.036	67.3784	208.647	127.283	48.3105	53.011	59.5425	67.5645	71.6968	70.8181	340.791	64.5836	136.36	41.647	60.9334	38.762	53.0167	40.7761	70.9548	168.014	45.1136	537.02	1379.13	2425.28	433.35	43.3947	0.0	0.0	2239.28	537.935	28.9986	658.724	457.106	51.3282	33.7684	26.046	649.478	28.5274	20.9113	48.3041	129.61	774.471	57.6577	212.945	134.242	23.6129	41.2961	0.0	76.5968	1121.87	161.348	27.4577	193.738	533.732	1121.54	307.382	66.2816	109.144	203.705	30.4966	77.2419	93.9573	38.433	1137.62	9.61782	441.547	0.0	668.158	70.785	110.582	27.4813	61.5037	17.4799	28.3571	517.319	66.8446	43.3679	15.1652	10.4585	889.55	160.846	15.1176	0.0	0.0	8.72952	0.0	0.0	152.561	190.158	23.9783	63.5294	12.9343	14.851	59.531	48.8177	16.9679	29.4892	12.2894	31.4463	34.6026	27.1371	40.2049	0.0	103.736	6.17035	17.5169	347.583	0.0	444.589	0.0	21.9583	14.2501	36.3096	0.0	194.332	0.0	25.3092	0.0692786	161.52	478.968	46.0114	15.6158	6.73932	462.639	5.65318	105.108	17.6875	78.9138	176.272	0.0	111.808	41.5074	161.716	13.6261	64.3719	1077.3	17.5679	59.1223	115.131	76.8747	65.0699	34.2758	95.0525	97.8264	112.598	89.2219	102.936	42.02	62.6317	33.403	65.7245	44.5451	1059.45	58.2713	81.4134	41.921	356.443	28.9616	460.825	28.8794	22.2432	694.03	84.1816	53.4342	0.13828	24.6031	667.526	24.4243	49.8935	55.8589	90.8177	24.782	14.4537	24.572	15.3659	322.377	78.8368	40.5617	125.21	646.159	184.675	86.0378	14.2314	66.6286	63.9743	117.62	71.5629	28.2454	34.7163	10.8678	84.5568	24.1494	98.8577	63.2968	29.9596	48.4954	522.89	72.1431	93.1131
MT_M129	123.504	486.304	2359.17	587.694	500.171	2387.63	62.5047	518.134	3408.88	66320.7	164.789	2966.87	911.808	1255.97	16293.6	1154.79	860.952	204.821	1611.94	1653.12	59.4985	14748.3	11402.5	2121.97	1000.71	2783.58	443.852	498.19	2090.83	23665.3	2109.61	1207.7	1220.08	1314.48	1076.17	690.008	656.263	4816.8	3516.55	1444.82	1894.44	1758.26	868.935	1573.53	730.942	1073.66	850.519	261.825	315.394	687.305	4986.8	555.288	6094.37	4772.32	4129.37	110.975	693.173	1503.04	221.827	202.76	17.2331	1927.55	9790.43	368.732	2172.09	1864.79	367.493	589.635	2339.66	11447.7	3277.97	1434.85	181.513	2015.62	586.441	1589.16	1805.23	3537.15	320.843	1821.6	23.3615	869.12	460.805	23.3979	748.342	2218.89	1351.87	12445.2	2526.23	831.598	1734.88	1160.22	2911.39	120.567	1383.32	804.262	2059.18	2120.76	1149.45	3392.47	1327.11	1572.64	252.924	1216.95	180.014	614.881	291.884	48.3281	906.589	4796.35	8828.41	173.28	5448.69	114.769	65570.9	1919.33	3325.68	347.583	223.224	281.97	2958.04	1755.57	149.323	155.37	2209.7	57.0421	9.43642	2242.47	1568.25	1339.72	2238.71	868.401	169.203	46.2392	68.1021	465.587	10180.7	24491.7	825.669	727.933	39.2693	1063.72	62.8802	79.5116	138.995	56.7681	603.189	1580.69	1945.4	135.251	181.904	57.1337	3483.88	1196.26	514.827	1020.58	3692.97	0.0	1268.38	7462.19	2217.33	1906.9	0.0	519.354	15057.6	858.996	3404.37	4777.8	3601.36	515.014	210.453	18545.9	519.266	4097.07	2623.27	921.358	17045.0	4158.19	1432.32	163.867	3179.37	0.0	3951.8	5632.63	4993.68	1126.59	174.214	3463.5	856.372	534.328	1934.59	1084.02	1155.41	2381.36	496.289	706.444	1992.76	1100.72	54.5212	2923.3	19.124	686.025	3987.1	2576.61	2862.72	2927.9	574.446	1105.72	23056.6	585.906	1522.63	285.374	1157.1	1927.32	47.5138	410.872	3674.88	3666.84	1698.58	2357.11
MT_M130	0.0	15.3596	51.7027	19.0875	0.0	76.5121	15.9781	0.0	25.0803	86.5299	14.6167	34.9787	0.0	34.6393	0.0	125.323	0.0	0.0	70.268	0.0	0.0	69.0525	49.5015	0.0	63.6836	0.0	41.4426	0.0	0.0	0.0	42.6676	0.0	35.9728	0.0	10.9709	16.6456	8.46779	13.1076	0.0	16.5381	78.2131	0.0	0.0	0.0	0.0	0.0	0.0	25.7567	0.0	56.3762	0.0	16.7797	0.0	0.0	0.0	0.0	0.0	0.0	0.0	0.0	0.0	0.0	0.0	23.9958	14.3202	12.5778	12.0416	66.0928	0.0	102.023	19.6435	34.5533	46.888	57.9039	0.0	0.0	0.0	10.0262	21.6452	23.7112	0.0	37.2057	0.0	15.2747	0.0	0.0	0.0	0.0	102.917	0.0	98.8254	0.0	0.0	77.7447	0.0	0.0	76.7617	0.0	0.0	0.0	51.1552	116.637	9.94748	30.7996	0.0	56.7775	19.1873	0.0	12.0545	0.0	0.0	0.0	30.2242	13.8938	52.9688	68.6298	0.0	0.0	0.0	42.1444	0.0	0.0	37.1948	87.5114	0.0	0.0	0.0	0.0	0.0	0.0	0.0	0.0	0.0	0.0	17.5273	0.0	0.0	0.0	0.0	0.0	0.0	0.0	0.0	0.0	0.0	0.0	0.0	0.0	0.0	0.0	6.32243	0.0	30.1658	0.0	0.0	0.0	0.0	40.5313	0.0	0.0	14.264	23.8239	27.9481	19.0472	0.0	0.0	0.0	0.0	0.0	59.321	0.0	0.0	0.0	0.0	0.0	41.9498	0.0	0.0	0.0	0.130182	0.0	0.0	0.0	0.0	0.0	0.0	0.0	0.0	0.0	0.0	0.0	0.0	86.2997	0.0	20.061	0.0	35.7304	0.0	0.0	0.0	0.0	15.0514	0.0	16.408	0.0	0.0	0.0	0.0	0.0	12.0274	0.0	14.3174	0.0	14.9676	41.2999	28.1	0.0	0.0	0.0	0.0
MT_M131	985.174	3722.34	1356.19	3600.01	895.87	334.847	8765.77	326.436	4246.12	233.584	395.434	5479.01	5054.21	5537.53	862.035	2024.89	810.529	1881.25	3616.08	583.729	5731.96	32.9209	4143.76	358.802	1574.09	1491.48	6643.73	915.932	6269.59	1367.45	500.648	7942.41	2735.03	5988.08	5269.41	1851.22	4174.88	5549.0	291.027	4611.83	1921.42	543.836	0.0	2813.65	48.6422	397.181	644.7	4415.96	163.301	17.2347	603.09	4432.55	796.324	146.142	27.6004	2621.45	1062.27	303.172	354.883	711.33	63.4574	1286.57	149.846	2553.32	3137.72	290.877	293.102	1730.66	740.731	1172.45	196.401	632.374	3006.22	1057.0	54.5895	1905.73	593.889	222.676	849.177	3337.03	694.837	3703.18	2320.26	5308.56	2312.11	107.536	1228.34	1317.11	7531.98	106.737	5468.09	379.94	2298.47	1076.93	6533.35	1522.29	913.51	612.843	911.884	361.716	2359.29	3546.54	4314.41	824.17	941.419	2787.38	2071.6	395.478	464.735	53.5721	3290.2	1190.32	5690.05	233.518	1536.55	3175.31	973.429	275.192	133.811	152.554	6886.4	1392.88	4449.85	1307.25	767.129	793.542	8112.49	1355.31	132.283	335.159	148.573	206.509	178.51	77.4046	4867.85	1173.89	5467.41	0.0	461.813	1342.95	880.881	469.51	1764.64	1049.13	144.64	920.584	3027.67	341.215	95.808	395.553	6024.9	3472.25	5146.07	1020.55	108.678	1263.03	1246.98	1349.43	5045.3	189.714	6036.85	104.693	166.834	101.545	289.77	672.0	101.888	57.397	2951.71	138.566	455.432	102.618	751.686	196.534	643.077	1869.06	1322.25	3712.94	2813.9	1145.21	1467.8	456.509	0.0	903.31	2072.95	961.991	729.919	478.883	2368.98	355.829	190.901	1679.74	1851.82	60.771	4448.79	8259.65	3737.13	2579.35	1303.97	119.591	21.6287	280.81	63.9009	2544.1	5019.72	0.0	2615.34	434.164	91.7937	311.28	3532.61	1018.19	1900.17	3874.45	0.0	4513.92	2576.31	147.364	1325.62	342.977
MT_M132	814.322	31.1125	32.7127	13.3158	454.427	110.078	103.253	66.4628	930.231	48.6132	407.646	1188.31	42.8546	625.986	451.31	11.3831	0.0	1059.8	155.298	144.625	24.2593	18.5547	368.628	587.589	50.3761	45.472	447.501	4074.77	600.271	1488.74	5471.75	71.669	32.9319	244.82	592.038	112.507	46.3846	293.838	0.0	34.5137	2179.56	227.632	97.1574	133.624	46.3465	49.6105	52.5985	217.756	78.2239	49.9289	346.261	31.6205	264.703	175.647	41.2389	314.552	68.6685	51.8312	1518.39	56.2149	50.0881	1773.29	258.593	794.851	1060.83	23.9237	14.2997	14.0272	526.713	797.337	123.928	1147.95	34.18	1162.27	284.804	0.0	202.534	102.412	1120.62	73.6382	43.0561	1701.96	758.973	372.989	59.7523	204.014	85.5628	184.004	898.506	55.675	272.27	28.9979	85.7303	90.661	364.822	108.215	763.014	0.0	1366.22	239.396	221.665	13.2207	20.2634	344.585	29.6876	110.248	489.933	136.825	36.5733	361.808	26.0081	240.171	23.5287	11.3283	173.268	17.5261	10.1862	237.353	589.457	111.057	28.2125	27.4318	458.097	151.167	322.374	41.7256	544.358	137.142	116.446	797.429	290.068	220.874	332.374	106.998	444.605	1107.37	274.186	211.28	268.707	131.256	2533.61	0.0	320.323	0.0	119.893	0.0	95.0749	40.4912	189.06	255.424	11.4405	64.9762	47.3598	117.904	173.564	22.2423	31.7626	6.9156	15.9323	18.8285	17.7212	16.0689	0.0	21.5456	27.814	47.4119	774.411	237.279	24.5893	247.501	0.0	83.1997	27.9097	265.569	39.1748	17.0447	123.201	343.698	46.4896	11.7313	22.1258	17.8975	433.756	33.2152	707.009	361.584	32.3475	82.9837	1075.94	132.658	567.76	87.9091	18.1328	230.845	27.4484	22.3131	313.464	1025.4	31.6748	87.5179	146.766	216.24	32.5816	41.7504	35.6817	50.8783	1013.53	30.243	34.8428	0.0	19.9973	89.9491	69.1477	10.1547	14.8919	75.502	357.057	35.4689	343.836	706.775
MT_M133	0.0	57.3642	16.4622	20.0842	25.7757	5.01008	8.39461	29.0387	20.033	189.231	8.45208	3.05106	21.0655	141.339	41.9409	14.7719	2.48508	21.1214	3.1838	110.647	28.0309	0.0	43.3961	70.8069	177.495	83.0023	32.2183	396.39	15.3072	0.0	24.7223	19.9357	5.71253	9.08213	139.705	20.1486	30.6854	123.203	0.0	31.7987	279.557	9.89603	0.0	14.8486	29.0849	0.0	35.3535	0.0	128.087	2.66774	76.5772	15.8275	15.4606	20.5401	9.78934	171.142	86.1102	107.27	9.7912	69.2584	0.0	34.2265	20.2417	46.9133	135.927	6.9276	4.82506	9.3061	0.0	15.6299	31.0228	165.755	26.737	229.139	5.10343	15.5719	75.74	0.0	27.8206	18.6848	9.7646	8.77772	8.96052	19.7531	166.078	12.1129	29.2514	8.41594	123.147	185.69	5.96272	3.87721	187.383	19.7456	8.91201	136.056	617.792	0.0	11.71	77.749	0.0	2.64974	69.3597	62.2178	5.93199	0.0	18.0195	0.0	0.0	56.6375	22.0314	0.0	260.045	8.14693	54.7674	19.2627	27.0431	121.884	53.5381	53.1195	56.465	16.324	78.0487	65.2432	24.9357	32.6818	96.4418	60.695	0.0	29.8101	0.0	0.0	276.371	70.121	22.3197	39.2536	187.841	19.0291	55.7838	155.844	2.00394	49.6899	0.0	3.01228	13.9268	64.5349	25.2963	25.3317	12.5162	69.3487	3.83725	11.672	20.5401	115.747	114.043	11.7045	38.1893	15.2804	56.0058	34.9537	19.1375	6.2354	45.7854	42.5211	14.5269	649.24	120.415	79.8145	7.91739	372.726	40.2192	155.456	11.6774	415.459	95.9163	289.504	10.4471	25.8044	636.219	79.7694	12.6449	208.523	1090.66	115.649	69.0227	337.556	0.0	636.182	10.0639	14.4586	13.8655	54.5465	423.58	72.7102	33.4187	17.0789	26.8955	195.596	11.1187	375.285	2.32739	161.86	80.6805	9.96571	0.0	299.107	1763.84	40.7135	46.0578	0.0	810.912	228.897	810.845	30.886	1.83811	48.0165	3.22961	32.9415	49.4946	702.445
MT_M134	0.0	0.0	0.0	0.0	0.0	8.49428	14.075	0.0	0.0	0.0	0.0	0.0	0.0	0.0	0.0	0.0	26.0528	0.0	0.0	42.9064	0.0	0.0	0.0	128.848	0.0	0.0	0.0	0.0	0.0	0.0	0.0	24.7293	0.0	0.0	0.0	45.6747	0.0	0.0	0.0	0.0	0.0	0.0	0.0	0.0	0.0	0.0	50.5996	0.0	0.0	0.0	66.1288	17.5573	101.741	0.0	0.0	0.0	0.0	10.7216	0.0	0.0	0.0	35.2488	0.0	0.0	0.0	21.752	16.561	13.4671	0.0	28.018	0.0	0.0	0.0	0.0	0.0	4152.54	0.0	10.956	0.0	1305.95	0.0	26.1998	16.5398	0.0	926.233	0.0	0.0	21.9754	0.0	52.2499	0.0	0.0	26.3213	31.7625	0.0	136.769	0.0	0.0	0.0	0.0	9.61913	381.807	0.0	0.0	0.0	62.0911	0.0	0.0	0.0	0.0	0.0	0.0	0.0	0.0	115.842	0.0	0.0	0.0	0.0	0.0	0.0	0.0	0.0	0.0	0.0	66.1147	0.0	0.0	61.6329	0.0	0.0	0.0	0.0	0.0	0.0	0.0	0.0	0.0	52.7953	0.0	0.0	0.0	69.1028	0.0	92.5473	0.0	0.0	0.0	0.0	0.0	0.0	0.0	0.0	0.0	0.0	0.0	0.0	0.0	0.0461274	0.0	0.0	26.1505	0.0	0.0	33.9218	0.0	0.0	28.9655	0.0	0.0	0.0	0.103352	22.8221	0.0	0.0	0.0	15.8513	0.0	17.7608	0.0	0.116064	18.2456	0.0	0.0	0.0	0.0	0.0	0.0	0.0	54.8761	29.1304	0.0	15.3938	0.0	0.0	0.0	0.0	0.0	61.3813	0.0	0.0	0.0	0.0	0.0	0.0	0.0	52.3428	0.0	0.0	0.0	0.0	0.0	23.0316	0.0	0.0	0.0	21.6512	0.0	0.0	0.0
MT_M135	179.794	350.876	1910.2	96.8673	136.312	229.838	1465.93	58.2552	71.9937	148.629	3220.91	152.922	407.284	216.761	556.059	52.6832	83.4138	267.987	1005.27	2389.31	13.3042	3490.61	385.205	1266.48	213.243	482.885	37.258	102.1	1185.28	75.2935	130.937	27254.3	130.039	302.123	649.038	27.4891	790.889	339.945	42.0668	176.134	236.229	90.143	4611.65	1074.76	76.7241	814.961	91.7258	611.372	233.002	37.4701	22349.4	124.078	16095.4	3491.02	16716.0	115.334	2092.5	5612.53	128.763	98.4157	9239.39	480.297	253.175	882.911	140.813	130.472	269.632	313.343	14373.7	53.5565	2241.13	822.445	161.359	924.449	294.734	1647.01	280.636	57.9444	59.3552	29777.6	24.6849	2676.85	29.2136	171.684	25416.5	9959.7	347.38	16932.8	272.015	10980.5	323.072	66.0633	367.955	1600.69	154.255	32971.0	196.635	173.69	1666.39	250.253	356.715	11787.2	414.222	1293.29	90.1779	1375.44	1358.27	7206.53	88.4839	637.598	603.932	1747.08	50.3919	416.277	1300.88	178.307	596.194	558.297	89.8968	721.793	155.349	608.157	220.754	337.81	697.047	122.822	74.7638	5406.13	12921.7	1295.63	2357.91	26866.1	1461.59	1419.53	261.619	3163.11	634.244	3247.96	11469.7	16104.3	688.845	43.8793	9739.98	58.4738	2935.47	139.699	1289.91	317.632	1276.84	2983.91	586.365	308.53	106.75	1393.5	694.16	163.83	338.074	81.0544	416.507	252.314	366.37	342.496	474.732	630.751	66.3615	912.451	734.126	168.341	146.188	538.867	155.734	119.282	118.103	130.74	232.574	724.868	64.9715	607.732	423.267	767.541	420.555	351.125	879.936	291.077	571.465	624.61	460.368	8256.8	319.024	190.424	7456.07	372.719	189.638	2306.81	503.415	732.36	2867.24	0.0	755.926	3793.82	12767.6	408.38	151.589	935.583	897.236	973.091	596.707	967.768	469.942	170.076	1436.29	483.902	263.999	457.749	14816.5	326.158	667.161	8893.67	103.228	739.216
MT_M136	82.0192	120.123	313.111	289.684	167.131	128.796	1261.27	66.5412	48.218	61.2465	663.412	95.1703	595.12	229.37	774.902	44.5792	54.1751	159.939	423.914	2860.85	0.0	730.732	93.3051	232.875	144.948	174.6	39.4053	153.502	335.227	121.907	68.4195	10297.7	43.4681	101.368	492.837	17.7973	288.082	487.362	37.2706	94.723	299.574	36.5075	2648.75	670.194	39.1315	2816.35	50.0616	811.998	87.3811	15.9684	7737.6	22.958	4929.29	859.82	10168.8	103.089	1765.91	1652.22	149.505	216.194	12747.8	292.211	598.665	309.549	118.335	21.0956	134.021	162.508	10191.6	0.0	1624.78	438.418	244.905	448.076	420.464	927.117	419.352	165.315	119.828	15119.8	18.6618	1071.2	28.6642	219.226	10527.2	11492.7	325.118	3845.22	267.647	7976.42	295.702	58.4672	92.8057	5667.18	200.264	10835.9	139.049	89.6885	880.267	360.351	882.684	5875.56	495.572	1477.4	39.2745	1675.13	1759.78	9699.46	137.597	296.526	561.472	777.194	38.9852	65.8273	1056.22	94.4859	57.929	973.454	185.437	373.159	241.591	160.168	194.796	354.527	660.195	78.5207	21.6158	3052.68	6312.25	450.59	2686.13	12569.3	1045.33	982.551	292.025	2525.87	807.351	1850.69	8726.68	9870.4	176.345	31.0476	4692.96	69.9281	825.486	121.599	1040.84	221.199	3120.83	2365.38	278.331	291.167	133.006	2128.42	597.02	77.9827	251.815	32.4879	596.619	452.194	213.961	138.699	708.717	612.185	112.276	5264.94	853.433	187.311	267.841	271.533	76.0774	100.522	137.137	57.5637	408.719	486.311	48.263	245.311	254.545	1147.88	186.364	238.563	427.053	374.857	433.02	210.991	263.275	3116.91	437.059	390.732	3151.81	302.652	91.0439	2406.46	445.59	76.5508	1700.52	27.2132	1711.58	6326.1	1072.33	1614.98	194.294	1133.58	635.753	241.924	255.345	646.45	384.27	210.013	199.456	1724.71	443.968	516.869	6706.29	421.651	691.022	2734.25	69.4918	479.064
MT_M137	348.4	52.9174	194.388	149.9	11.3367	55.6113	15.0893	325.27	90.8982	31.515	197.946	180.991	245.321	107.597	361.764	200.042	240.397	84.1743	756.201	1470.98	782.694	8.17772	192.009	199.21	1356.5	69.2941	37.6146	353.092	344.738	309.293	538.323	190.379	87.3026	38.2267	624.733	116.714	49.1682	71.3852	66.939	110.104	204.313	83.2007	40.387	42.4714	36.3195	70.7897	783.502	19.9938	212.112	0.0	497.656	1885.32	1898.26	198.649	42.7088	1041.79	13.7271	50.0626	235.169	154.497	343.416	2535.44	38.9904	1872.39	311.962	95.182	21.0691	499.685	2117.9	399.721	173.874	159.603	42.5203	56.9736	34.0321	1210.13	100.924	54.5861	22.7681	700.47	2662.43	859.817	133.43	510.047	1047.37	198.355	189.513	4074.89	874.533	60.785	222.676	1339.28	810.387	395.741	243.069	736.729	882.412	2498.31	697.089	997.108	336.869	1773.51	31.7424	247.43	128.878	1594.96	16.5686	51.809	115.06	65.4834	89.4231	4009.48	49.4918	85.2522	319.013	25.2092	14.4617	1158.3	105.04	173.942	32.6414	41.8836	595.65	160.636	827.967	408.196	162.726	73.3983	0.0	50.9446	479.213	1195.25	1461.48	56.491	535.68	2855.62	323.764	0.0	399.471	4968.96	170.238	135.126	2671.1	1934.48	116.661	284.367	27.4944	81.6654	0.0	2969.33	96.5853	1013.55	27.2057	1403.11	133.101	206.129	1901.58	217.121	1557.14	169.177	120.958	79.5321	628.808	371.651	170.178	1307.25	1040.66	1159.87	73.8556	2925.45	96.267	239.003	96.1275	3086.28	3265.57	96.0569	201.039	606.501	1095.02	114.982	84.3769	1341.46	266.671	1720.56	62.3839	868.072	491.447	842.621	305.746	393.289	495.83	32.3972	93.1239	206.279	1689.36	163.477	1521.97	329.49	400.581	244.648	368.136	788.953	117.629	742.758	40.8666	190.951	1870.98	593.451	0.0	265.533	1941.57	54.0606	462.102	27.8437	0.0	2424.11	1261.69	119.872	56.8187	237.848
MT_M138	85.3097	0.870127	105.129	0.0	116.503	0.0	0.0	182.364	35.3891	104.348	5.40224	14.59	0.0	6.88211	154.726	107.766	194.592	70.1681	0.0	64.8925	134.447	4.75274	198.425	59.807	122.214	59.6933	92.1152	175.269	100.57	34.4565	192.104	73.0319	104.081	134.642	9.88187	199.114	87.0379	166.861	184.838	209.723	147.051	228.962	91.5149	123.057	244.66	15.2827	352.201	4.55579	102.321	34.1389	115.979	40.4009	110.55	12.1867	47.5691	63.3852	3.34528	90.7214	17.7531	21.5485	35.6377	340.678	141.63	339.99	26.9439	231.704	99.4936	114.476	42.5672	92.8701	186.071	44.8221	52.6485	334.275	227.972	17.9975	249.426	51.4666	75.354	45.5701	271.232	28.6141	255.951	26.4321	138.655	10.7922	44.3549	67.752	165.576	62.1136	62.8364	323.363	239.739	174.63	147.334	163.758	142.427	154.185	0.0	18.2351	23.1368	145.247	0.0	0.0	19.7872	22.9542	3.59907	28.2493	0.0	37.2981	12.0163	8.0756	61.8206	77.5968	96.9899	56.3219	43.0363	6.71303	48.5097	112.699	0.0	91.2588	37.911	31.0801	9.05651	82.6102	44.4264	28.1771	15.0326	97.0547	0.0	59.5849	0.0	176.426	0.0	0.0	0.0	50.8222	13.4588	77.0863	0.0	32.099	6.4319	0.0	106.779	51.3311	40.4676	26.3414	0.0	0.912737	17.9502	42.4271	70.4502	120.307	55.1693	332.699	102.487	143.976	235.946	555.266	313.22	283.005	245.527	660.252	192.946	103.113	248.079	351.614	168.562	357.073	58.818	528.667	319.709	279.214	683.697	453.088	220.763	113.754	243.293	10.8056	172.024	86.0742	232.728	300.854	114.966	50.9138	304.151	250.214	139.81	87.5268	169.668	172.431	147.886	29.1002	256.928	136.483	40.9903	192.047	122.841	192.101	42.4131	416.445	408.396	179.265	119.679	410.864	136.153	322.693	593.53	154.164	86.5334	389.715	67.1728	115.427	105.911	350.944	133.586	443.126	122.966	55.9739
MT_M139	2292.09	40.1998	142.464	566.42	220.429	981.272	0.0	40.4985	0.0	46.3916	271.183	74.0516	64.1314	27.4281	29.1549	8.87672	63.2929	214.264	0.0	128.271	209.776	505.032	21.2544	894.764	60.9944	34.0695	0.0	46.8986	0.0	80.9965	85.8784	340.723	0.0	97.9145	13.0219	56.6149	24.5696	65.95	115.432	44.1208	47.2069	28.8397	533.873	233.938	51.1728	202.746	445.788	0.0	0.0	174.404	1213.19	18.7107	208.002	324.551	1032.51	104.651	27.4929	296.635	21.941	97.4576	761.323	100.296	171.172	339.42	41.5489	18.3091	302.685	15.0787	277.256	160.56	5450.75	118.949	66.5372	343.713	2820.81	764.011	126.865	78.8068	334.913	491.107	86.9026	517.02	272.959	212.234	1158.07	0.0	29.9031	1558.12	16.1826	156.096	15.3394	410.404	127.22	433.419	197.6	849.794	18.3997	189.92	615.57	64.4256	37.4693	10.8955	14.6445	81.7565	85.3462	82.8225	17.4494	1434.97	14.4385	118.542	203.577	3806.49	13.8321	263.976	20.4973	15.6473	82.0287	604.882	202.478	45.5821	65.4753	46.102	926.148	0.0	64.9278	460.441	18.728	855.516	313.177	169.007	201.946	133.942	57.4067	2112.38	37.9713	37.6246	315.488	65.2718	408.513	535.23	32.6636	181.24	302.614	103.357	231.342	547.729	67.4276	104.36	641.017	154.48	35.8608	134.493	150.917	662.439	40.0351	133.459	118.839	0.0	170.358	58.6969	168.759	34.441	42.3404	101.267	59.185	167.476	55.8287	357.574	39.6316	283.343	19.0645	122.521	21.7404	352.644	99.8974	0.0	39.1221	51.2783	111.139	19.4418	179.973	80.4142	230.218	368.02	31.8878	22.7684	61.7632	511.808	24.1552	85.4742	544.466	192.525	454.531	22.4304	43.4106	481.94	89.3885	192.997	197.19	54.8805	202.826	76.5066	111.104	31.5172	30.9995	165.016	235.643	55.6689	117.858	102.922	104.743	454.065	87.7144	56.896	39.1931	51.0049	430.635	257.222	32.2825	50.2881
MT_M140	812.05	22.8656	270.038	27.9785	2769.11	600.942	43.715	11.6181	514.681	1324.0	397.081	151.609	16.6817	48.7262	350.855	120.798	109.997	214.557	282.765	594.557	375.273	1261.92	442.424	804.536	82.2851	1396.33	212.446	84.9523	272.751	77.4511	138.723	3546.36	60.9813	481.013	475.086	203.742	913.118	544.912	75.6809	140.594	152.904	1351.46	1425.42	1685.32	1611.91	108.581	718.844	418.287	1376.6	3378.8	231.111	25.3117	367.8	697.997	631.214	32.2509	884.943	992.93	32.7391	21.5134	299.809	176.176	100.163	79.48	9.36749	76.9727	94.8611	144.439	2548.31	72.3712	997.704	779.296	1169.48	378.218	442.505	633.112	792.801	402.971	193.393	680.052	108.815	104.488	166.236	88.966	1521.36	1207.36	139.412	2823.43	155.093	835.367	180.585	230.718	465.153	509.854	139.889	670.613	619.797	69.1797	96.9305	314.551	243.132	889.606	48.3998	139.211	0.0	60.6254	71.441	51.9132	92.811	45.9716	66.6859	26.6943	19.1422	0.0	11.9722	22.9519	0.0	33.5867	0.0	0.0	275.678	38.5542	96.3187	38.2651	186.77	0.0	22.6664	317.85	41.5958	1316.2	102.729	472.553	4057.04	8.50805	266.506	15.7757	61.4891	539.561	93.8114	2784.74	541.242	26.6723	185.196	13.4472	1792.22	20.2921	1727.05	0.0	139.81	31.8956	118.732	199.002	2619.51	1963.73	2027.76	195.691	199.103	602.351	66.9164	81.9206	124.279	56.2775	47.4389	319.479	47.0709	74.5158	501.894	194.334	691.708	105.77	64.8761	187.8	72.3499	47.2218	426.683	136.442	70.3082	735.318	85.8544	1088.66	1593.45	28.6143	293.002	129.337	61.5832	1177.69	36.4715	248.07	157.217	40.5439	124.833	96.3903	68.0181	102.8	189.885	146.623	272.421	156.082	48.5276	53.5932	107.206	77.3023	942.488	97.9273	48.305	235.103	283.44	548.036	612.1	102.799	111.044	111.797	35.3718	1072.34	650.828	211.251	172.89	1362.13	765.571	102.432
MT_M141	377.245	545.83	349.033	635.948	469.236	131.171	2384.35	231.934	816.827	73.1168	52.6483	313.956	1243.39	2715.21	103.767	602.175	412.722	373.962	1514.98	1035.1	1872.36	0.0	1169.71	248.569	417.227	279.819	574.532	431.865	1522.8	196.851	439.327	2795.39	558.169	203.114	1760.8	354.107	1430.35	2156.97	85.5629	915.652	351.73	172.237	0.0	698.622	25.6157	91.2066	435.337	772.988	247.236	0.0	196.142	270.746	569.059	42.7864	17.438	828.774	55.3341	63.1505	478.826	209.784	100.373	503.362	144.891	481.398	269.756	364.422	161.604	327.886	350.645	776.262	77.2568	302.76	694.445	196.803	67.0479	851.329	163.327	65.4619	122.331	644.48	1144.12	1187.24	222.641	624.611	613.855	206.048	183.9	1022.82	1488.09	0.0	2180.59	552.927	1384.53	332.726	4103.86	438.453	472.114	221.976	74.3411	84.7845	235.267	2680.53	829.984	1070.83	91.258	709.85	313.927	0.0	113.073	18.0715	614.258	3050.27	1158.57	130.728	488.708	519.822	135.084	304.147	149.491	51.4288	2046.55	275.136	580.052	84.3465	202.967	92.8276	4170.58	63.7719	0.0	74.1652	81.3373	76.7814	359.734	80.7682	940.023	387.619	785.965	0.0	377.275	268.457	177.369	275.384	645.853	290.378	195.255	152.994	99.8856	387.667	95.3195	533.164	4142.15	1712.46	281.468	676.34	78.0935	345.108	545.655	434.203	438.851	177.287	2217.02	156.475	118.255	78.3606	84.514	179.798	245.006	30.8973	1108.31	73.0064	208.894	51.7842	217.445	200.863	162.741	531.926	1463.21	1266.36	220.067	90.3009	384.414	277.014	0.0	266.369	254.093	244.697	530.471	253.853	784.515	47.5204	103.398	544.169	460.154	21.3004	1251.9	4204.32	754.985	219.314	702.821	49.0155	165.035	87.1735	29.9857	338.129	2473.42	47.5781	588.575	214.417	44.7756	44.7944	543.099	278.943	451.339	1552.99	0.0	1913.78	245.362	14.0034	352.003	35.8051
MT_M142	735.922	41.1237	41.2858	36.294	75.1944	147.636	7.77959	628.841	417.287	165.644	270.975	184.754	108.698	993.739	18.2437	13.0217	139.569	467.689	1263.08	108.068	35.6474	35.3322	95.0783	70.7227	23.3119	41.9301	13.8464	5.88837	17.423	489.479	26.2162	133.721	23.5653	226.505	28.5553	410.674	99.298	45.3677	31.153	455.197	116.776	18.6205	266.266	950.11	69.4985	114.108	63.669	193.674	8.8402	223.65	43.7998	1147.33	4449.24	2878.36	33.5382	103.364	15.6341	144.209	4.67549	138.628	0.0	1566.0	97.952	69.069	2334.07	45.1487	1.20655	310.116	17.0883	621.753	9.19237	409.921	69.9461	36.4528	28.3886	0.0	454.598	302.682	347.541	40.6694	24.5069	588.437	19.7614	138.187	114.563	9.7505	92.267	184.94	192.886	12.0225	512.008	15.6372	67.2449	93.5208	109.626	107.972	32.8415	10.6985	99.0745	878.877	339.869	1.52827	59.9738	1758.9	46.2143	1104.51	62.9841	20.4958	51.9057	1547.72	212.089	71.0093	38.0351	185.524	18.7215	34.9125	33.8595	85.122	61.9669	1289.55	32.3172	191.184	124.512	109.114	543.87	47.8163	72.4932	30.8088	54.6609	625.287	72.1677	189.593	67.9014	11.5505	379.759	68.2253	319.009	18.6236	24.2617	61.6112	173.927	36.926	148.478	112.295	1417.83	44.5806	88.2959	131.582	42.0353	296.116	5.73781	307.423	1037.47	27.6002	102.399	3.45992	30.5758	828.926	7.91154	20.4296	21.919	5.57005	0.0	16.8398	21.3561	1.07548	111.227	22.6554	26.1041	0.0	56.5293	306.78	10.344	185.766	8.91551	6.22973	0.0	551.275	5.24441	69.1167	21.0514	16.9373	54.3955	340.993	4.95318	152.384	102.329	72.7511	156.98	831.613	90.9796	21.1406	15.623	0.0	341.654	229.137	32.1987	79.6929	186.094	114.866	260.43	122.213	24.8524	156.267	195.171	120.173	20.0405	130.887	42.5286	8.35279	18.1818	374.427	299.27	323.247	57.3786	104.388	17.8337	42.3215	23.3584	19.3584
MT_M143	1507.62	145.222	30.3396	1240.3	139.924	5.85767	0.0	23.6063	137.516	4.36859	45.5056	5.60086	99.705	58.3007	11.6314	609.448	26.9635	10.8206	5.579	10.1014	6.97684	5.46784	15.062	19.5951	6.18548	46.4555	28.591	53.2679	7.77243	321.883	413.006	4.82665	7.51544	40.8653	53.8827	430.61	289.912	7.6604	43.3802	248.579	22.9243	1079.43	17.0116	12.9877	7.51237	19.2353	33.6426	10.6553	6.49709	5.12887	5.16451	601.475	5.56235	6.40795	0.0	11.68	0.0	9.29725	96.9982	19.523	5.37433	4.78926	66.8917	21.0403	60.1485	255.355	71.0989	12.0391	6.24376	16.4917	190.67	147.537	22.878	6.66397	1192.33	0.0	236.136	3.90386	42.7753	2.11103	103.27	4.19806	6.60302	4.20814	0.0	6.71185	7.14388	3.82926	7.17896	4.54895	30.4519	63.3348	11.4093	101.488	13.4079	2.59994	5.74152	7.40453	3.608	6.08041	9.9754	8.40345	35.873	9.24956	82.2568	414.802	5.05354	0.0	19.8712	30.9571	247.78	0.0	50.9797	1406.3	134.036	88.8205	1367.7	69.6235	41.6457	197.093	1029.07	135.093	380.738	31.9998	188.693	4.79239	3.66377	6.60167	2.7186	6.87884	8.25383	8.49445	69.7354	5.0554	0.0	5.44165	4.92089	5.60167	13.9457	4.383	3.63088	11.9357	16.5968	3.03739	11.193	23.6753	5.79456	7.79893	4.20693	91.425	10.0938	4.20468	7.57616	5.70474	8.60376	210.504	84.8098	266.541	147.105	57.6716	29.9096	58.0117	46.63	100.388	259.307	15.4332	9.21737	75.8467	14.5799	27.7906	1672.26	17.8026	145.135	5.8287	41.5327	27.2163	8.76045	8.41676	50.9091	2.81055	58.9344	109.689	7.74835	20.1881	31.2987	4.79109	7.69681	3.77456	29.4891	10.9047	7.08904	6.56585	106.384	0.0	8.91471	5.00523	7.36992	4.14884	28.4799	3.34988	7.24784	160.312	10.0395	10.5228	7.73772	6.49266	8.13961	10.5867	58.1342	195.832	5.96446	24.6285	6.09869	88.3107	0.0	20.9611	9.92831	7.96195	56.2139	116.38
MT_M144	38.2149	73.32	111.95	38.494	0.0	27.4169	93.5212	126.548	102.866	49.8289	27.3354	103.466	61.8415	51.6435	57.0871	30.0643	47.1827	129.785	51.867	57.7313	67.4205	8.14542	156.163	51.6665	29.9812	135.935	96.4206	163.529	36.1302	47.643	65.8459	91.1609	71.2335	37.7179	63.6699	71.4657	71.9289	85.5807	32.7587	101.689	79.3523	42.6548	0.0	19.5791	9.65273	59.329	35.7232	53.3953	0.0	0.0	155.226	87.9852	223.154	70.0627	0.0	104.002	19.8355	0.0	446.789	30.4762	34.4731	272.412	23.1466	71.7209	39.9448	46.0842	21.7892	150.193	339.51	235.12	33.8187	54.0005	93.0543	74.5339	0.0	753.511	15.8954	388.53	83.9054	1104.31	120.368	760.34	0.0	43.3452	807.54	54.0278	56.7492	50.4981	306.751	0.0	278.851	84.9595	74.0692	313.734	150.818	158.726	57.4131	138.191	72.8023	0.0	111.371	1698.79	82.2548	110.964	24.7023	401.162	106.259	48.852	2786.39	17.8124	77.2377	195.395	123.474	33.8841	168.102	336.266	32.0526	206.598	14.3606	133.656	64.6665	59.7765	56.9689	26.9591	190.278	42.9805	149.508	29.3242	0.0	24.5389	0.0	129.587	0.0	246.771	381.07	79.4537	145.929	0.0	52.038	245.827	74.8519	54.1039	157.01	68.6562	36.2206	270.953	0.0	55.9749	324.044	328.12	114.841	209.941	45.2088	182.117	0.0	431.925	568.617	30.1148	137.689	26.1047	54.9354	31.3853	41.8096	21.5261	48.033	106.603	115.609	29.1436	91.3421	79.4529	23.6196	80.957	38.7352	33.0772	38.5088	33.0641	38.7375	54.7424	216.072	114.242	74.3237	77.0933	0.0	141.704	62.9356	175.896	113.643	188.77	43.892	101.802	72.7692	366.865	477.978	0.0	863.703	114.477	480.296	196.636	439.307	94.2373	80.9433	106.612	78.4185	33.9733	34.0806	57.0651	222.038	41.5673	0.0	124.04	137.566	138.322	105.946	458.79	0.0	1990.18	96.9858	17.6679	47.1259	0.0
MT_M145	3378.47	8989.03	1999.75	6824.79	990.142	1693.3	264.907	1302.67	131.892	651.701	223.754	169.065	12977.3	1650.2	426.906	593.782	380.258	76.9657	453.889	90.9399	705.421	1315.6	264.633	140.096	11305.1	300.761	152.84	435.486	1011.06	35.0869	387.478	853.137	1215.21	340.013	274.951	151.31	1668.8	621.799	194.002	37.7201	171.59	7618.2	369.489	288.265	4461.26	103.42	514.287	248.002	512.369	905.599	188.207	12121.4	281.271	111.48	421.371	9375.61	1264.19	313.471	10213.7	2791.53	916.562	79.9895	71.9998	346.574	3244.64	190.52	1006.58	805.265	5891.39	173.605	524.639	348.607	1292.97	433.674	1289.06	337.187	426.969	299.01	115.552	463.63	2653.7	81.9054	870.9	41.0164	2404.57	12469.2	468.597	4657.17	56.7348	374.812	146.612	2257.58	237.29	441.548	354.462	985.302	160.946	6208.7	253.603	356.618	84.6163	4371.62	5810.07	6675.38	15608.5	9733.21	2626.16	564.085	16081.3	7415.4	14884.8	5184.08	17011.5	8185.6	21061.5	8875.83	15324.0	2577.52	13798.1	6051.79	3194.53	7723.01	1741.51	4552.57	6653.93	19975.5	13971.2	398.565	1397.67	1391.27	2243.37	452.158	195.863	11384.4	12463.1	3523.18	3617.63	323.73	17015.6	79.8688	151.971	17796.5	4286.74	17296.0	1775.62	25137.6	426.028	14472.5	1004.62	7863.01	9666.92	1126.78	42.1714	2321.62	396.183	5615.52	333.801	1165.98	1456.59	827.668	1797.38	330.819	1731.38	1407.82	282.428	788.592	553.639	831.263	584.915	84.0794	116.239	208.76	3685.28	82.6941	235.644	2088.94	524.712	330.812	840.717	5330.87	7027.37	469.493	74.6964	158.463	530.287	149.925	419.013	1079.84	290.912	244.758	759.625	246.288	294.221	190.311	255.357	1780.62	173.239	248.08	193.965	231.662	10.7926	139.045	521.576	1022.91	348.902	870.799	118.925	1232.34	702.564	698.007	1054.06	265.506	43.9099	1506.62	2001.11	2401.26	204.801	410.809	456.48	501.627
MT_M146	15665.7	230.937	3355.72	323.066	9744.98	2238.46	121.363	808.346	8105.44	7090.65	9777.75	7966.45	91.3571	235.019	6965.15	6507.29	5406.39	3178.19	6009.92	6036.39	2276.22	188.436	8653.74	7435.23	12305.5	5364.2	12655.4	11422.9	10991.6	6380.8	10282.0	2932.3	12723.2	15941.5	7475.88	11041.9	7855.65	3814.98	8083.21	12090.3	10687.1	15262.0	8441.09	6069.31	2481.57	4301.82	4336.58	1194.48	3744.85	1653.94	5805.52	1233.49	440.447	9320.77	6090.14	1283.27	549.4	3883.69	834.574	479.88	271.94	6682.12	395.906	9861.45	1507.25	11710.9	3579.41	11072.1	537.027	8753.22	6467.11	2761.92	3335.02	9306.44	9761.81	8099.87	1555.67	5878.34	8185.63	8982.84	10359.4	10171.4	1970.15	11982.3	8864.72	1672.15	486.498	3258.65	8958.08	3062.04	7443.3	6282.58	17364.9	3726.46	12828.7	5176.88	2312.37	11269.7	619.08	657.368	5368.78	6654.62	963.973	27.3827	843.933	263.242	67.922	134.457	13.6588	602.313	275.208	3167.29	605.913	1175.97	5533.35	1122.25	1791.35	3297.49	2121.37	1544.23	90.7915	1015.97	109.033	106.983	103.847	2384.01	2392.86	5446.05	54.048	14740.6	28.1415	5169.34	3291.56	1335.61	142.233	2495.13	477.762	733.971	1389.51	1639.71	7879.96	4042.5	257.174	1298.32	4540.76	1073.99	1035.34	1624.04	89.0371	310.187	67.1381	103.698	7778.0	9205.11	491.039	18747.4	19974.6	7868.64	9502.99	5390.22	14114.6	12504.9	7191.89	11255.6	24832.4	8991.75	11899.4	13024.1	10772.1	16269.8	7800.45	16248.7	13847.9	8692.34	13252.2	11561.8	12689.6	2512.13	6041.23	171.258	8655.8	11014.8	7655.21	11590.7	5482.35	1186.42	9597.27	19016.2	7281.71	18019.3	6288.16	13521.6	4398.07	268.777	4584.25	4359.59	353.969	12879.2	14025.4	12751.9	4304.15	8259.07	7429.88	5844.91	12085.6	6141.5	18497.0	6165.11	9372.02	13944.6	10615.1	7690.95	19061.3	5330.34	5.3357	5659.97	17205.4	7431.67	9822.8	3426.59
MT_M147	0.0	0.0	0.0	0.0	0.0	0.0	30.8316	0.0	20.6283	23.3656	0.0	0.0	27.3022	18.971	0.0	12.6344	0.0	0.0	0.0	0.0	18.1371	7.49706	0.0	0.0	0.0	22.4759	32.575	0.0	0.0	0.0	0.0	0.0	0.0	0.0	26.821	0.0	12.9882	31.3408	0.0	0.0	0.0	0.0	0.0	0.0	0.0	0.0	0.0	0.0	0.0	0.0	0.0	21.7804	30.7367	0.0	0.0	0.0	0.0	0.0	56.0407	0.0	0.0	0.0	0.0	0.0	0.0	11.8475	0.0	23.9341	0.0	34.4634	0.0	0.0	21.5192	46.4924	0.0	101.372	0.0	0.0	0.0	185.778	0.0	112.106	0.0	0.0	126.914	0.0	0.0	0.0	31.3242	0.0	59.1606	11.857	0.0	54.4368	17.1976	0.0	0.0	0.0	0.0	0.0	0.0	539.22	21.6022	0.0	0.0	39.3451	0.0	0.0	14.7904	0.0	20.882	0.0	17.1897	8.61638	18.9176	0.0	16.8053	0.0	0.0	9.96911	0.0	41.7004	0.0	0.0	0.0	0.0	38.2017	0.0	0.0	0.0	0.0	0.0	0.0	0.0	15.4495	0.0	25.2883	0.0	0.0	0.0	0.0	0.0	53.3806	0.0	0.0	0.0	0.0	0.0	0.0	0.0	39.7114	0.0	0.0	0.0	0.0	0.0	0.0	7.3784	16.9164	0.0	16.8872	0.0	0.0	0.0	0.0	0.0	0.0	0.0	0.0	0.0	0.0	0.0	0.0	0.0	0.0	10.4154	0.0	0.0	0.0	10.4647	0.0	0.0	0.0	0.0	0.0	18.3726	0.0	26.937	0.0	0.0	0.0	0.0	12.1119	0.0	165.113	28.9535	110.828	0.0	48.6437	0.0	0.0	0.0	0.0	17.9986	16.2542	0.0	0.0	0.0	0.0	27.6743	32.7819	29.6268	0.0	48.8721	0.0	64.0152	0.0	0.0	13.6538	0.0
MT_M148	111.672	105.316	25.4388	120.333	156.4	545.272	0.0	49.7691	34.1384	52.814	316.344	40.8009	161.515	49.415	27.4559	16.883	0.0	0.0	43.125	21.9966	69.4689	341.814	96.3901	65.9954	64.947	40.4245	68.6345	17.6576	30.3321	78.7898	44.7666	75.2499	37.311	82.7225	36.244	31.8675	978.483	70.0341	0.0	82.982	292.955	59.7782	44.3717	44.8644	127.778	199.438	29.8704	79.4966	0.0	193.933	39.9773	126.518	126.179	1551.03	290.06	96.3533	526.726	58.2919	22.3267	104.91	199.453	49.3564	315.209	170.359	34.8476	45.7884	28.5721	37.0946	44.4585	14.9564	531.052	0.0	85.1127	52.9352	100.298	0.0	50.2637	122.152	33.282	56.6505	20.7346	176.61	24.1909	34.9606	33.9423	231.403	52.2518	0.0	15.1722	72.8486	29.2883	89.814	52.2075	143.761	117.11	29.435	24.3298	0.0	28.0919	0.0	30.6609	1243.85	130.068	189.022	137.853	0.0	51.8629	72.9647	56.0806	259.117	23.1685	45.6949	328.045	1003.07	73.2523	411.967	169.795	63.3695	54.7876	266.39	0.0	30.7631	21.5943	109.551	46.2179	59.823	141.754	49.8212	229.385	25.2708	0.0	68.5608	0.0	174.673	132.717	40.6219	31.3904	85.8465	58.7549	0.0	27.5617	23.7505	51.4504	0.0	0.0	0.0	156.5	44.6059	0.0	79.6245	78.0441	0.0	0.0	0.0	58.8677	65.6748	70.7854	88.5911	54.1588	64.1905	56.4374	22.6542	28.1985	75.0058	66.1452	45.4488	72.1632	22.9155	57.7908	33.9293	326.985	52.0022	60.2975	67.67	26.1704	77.4199	140.994	77.3507	30.6314	548.264	210.188	39.412	52.9661	120.547	108.868	77.232	49.7856	60.6704	92.9219	15.6065	205.817	49.3935	20.1875	159.748	34.3879	137.346	94.229	45.8045	12.5218	30.1843	15.9164	72.7357	25.9672	19.2154	34.0902	783.107	40.6109	44.0924	134.402	129.664	85.4631	118.749	92.2256	4552.42	670.399	246.24	116.735	1723.46	133.54	127.172
MT_M149	4720.99	33.5933	2671.97	76.122	4470.46	1913.13	54.9082	912.006	2594.58	401.372	3403.35	1364.31	46.0653	237.904	3413.89	5421.05	6499.11	1400.09	580.763	1050.24	4329.83	4353.85	2516.44	622.118	2337.5	2231.64	4201.36	4520.56	1492.53	2367.25	5496.64	1129.34	3457.01	4138.55	5429.45	5828.33	4042.55	1736.63	7098.19	8132.23	855.141	6158.85	1355.81	5280.75	352.319	1190.09	4150.93	389.051	1654.11	2926.5	273.405	449.296	731.356	988.083	8447.66	287.047	1267.89	3212.25	167.681	212.143	2483.32	762.255	2517.14	3238.78	826.694	4585.41	6790.7	3422.09	4210.25	5174.05	1988.49	1999.15	4465.73	1963.96	5896.98	567.784	2493.41	3907.92	2631.93	67.3422	8204.57	541.992	2654.19	774.054	291.254	5728.86	100.546	431.924	859.665	5090.9	364.618	7258.9	1011.61	2532.45	3025.2	182.595	432.039	3591.21	158.304	51.5503	2650.02	181.052	147.143	54.2464	265.687	110.065	42.5957	5077.15	2.72484	43.4864	199.135	980.757	106.43	126.291	193.28	112.963	250.749	73.1516	78.9567	52.5908	37.0813	322.878	298.344	77.9728	210.815	347.306	32.1361	91.7741	3227.16	373.438	1054.31	4433.44	145.61	394.909	869.122	39.4699	116.781	1228.51	117.086	317.192	2297.07	614.052	131.493	180.217	695.543	493.334	154.227	148.737	10.772	47.1743	32.1053	63.045	171.335	423.587	120.863	2890.04	2613.34	930.272	4556.68	5816.67	3217.98	4044.04	3847.23	5696.62	4654.52	402.448	3109.57	7277.5	3614.41	885.276	1101.79	1164.37	3512.65	1020.07	3237.76	5183.11	5003.48	3358.51	473.752	118.659	5031.37	658.518	1160.93	1397.05	910.573	47.9685	603.375	136.002	888.785	919.273	154.08	2238.85	461.481	199.013	1205.18	416.09	139.565	575.022	2620.92	232.636	835.22	1446.19	2760.39	285.843	1416.72	854.045	268.904	3958.5	5190.01	4534.06	868.974	1036.35	206.448	2322.26	6020.29	1504.88	1793.62	1324.65	3616.8	2068.91
MT_M150	18.1549	975.084	1339.96	1026.95	2814.09	1097.78	1412.11	2922.87	2110.13	2080.03	1128.91	2400.26	8.70935	1691.62	1592.36	1333.2	2855.4	2093.69	1525.93	2023.98	1879.99	706.266	522.476	506.236	1070.59	4310.73	4972.48	5119.53	4347.78	1132.73	545.265	1094.78	474.339	4058.19	4052.8	1452.24	3836.59	1437.82	2917.33	1772.6	3802.67	775.427	834.074	1515.15	1132.38	486.123	1268.87	1892.39	489.814	1676.25	742.884	95.8094	1157.94	1668.09	694.223	48.0106	569.487	1805.05	9.74168	3290.42	441.588	3666.68	1893.43	1202.97	2288.81	498.669	91.2696	438.503	1761.45	890.79	1394.71	2295.61	2057.46	2327.53	2547.32	69.6265	1692.3	497.267	2002.12	488.663	413.558	2176.51	1153.01	3302.65	988.276	1570.45	361.874	794.722	846.9	1501.79	2132.39	2717.85	520.781	1488.78	2024.29	586.812	1836.57	391.604	2422.92	1694.04	1732.67	2429.15	21.6303	1131.77	22.445	2325.45	1188.38	2263.64	1119.82	1264.79	0.0	28.1153	75.0887	12.8018	3177.47	4558.39	14.4592	1939.22	31.0613	3535.14	15.2414	18.4242	2672.94	420.359	1923.57	11.4786	2511.08	726.35	727.685	1403.23	2421.61	1437.33	1569.44	371.01	1606.03	968.747	1310.9	1180.15	2541.69	1564.08	2365.67	105.794	766.128	13.1874	2065.24	8.46775	1280.81	20.4331	1779.88	2477.71	0.0	636.38	2148.4	1042.32	1533.91	889.185	94.5015	3047.81	265.771	1601.84	904.623	487.639	311.704	782.238	1136.34	120.585	743.043	440.53	3820.16	703.458	76.2182	895.546	483.412	1561.33	754.031	805.803	693.507	1560.19	1056.91	1863.01	205.938	49.7773	2941.92	510.701	2451.86	1347.32	2506.0	1467.79	2032.46	25.9144	1711.47	759.611	166.3	891.033	3479.04	62.0526	2212.44	3830.75	597.231	1395.12	1209.97	2902.08	3496.91	2058.33	1406.67	2187.71	351.791	2472.15	4528.02	3644.8	48.0615	2882.04	2051.84	1793.32	354.74	1767.54	692.566	1623.78	3256.92	2214.57
MT_M151	38.963	21.8343	51.7789	12.9654	44.7396	20.8679	218.252	50.6983	55.4644	40.4646	171.144	204.554	43.1429	50.1395	173.943	39.1599	49.0481	591.42	23.3637	221.491	66.3954	26.5538	541.135	196.425	271.43	224.882	40.516	183.706	187.68	26.5037	321.75	132.207	119.367	222.659	71.9091	152.369	52.0825	21.0268	129.979	101.613	92.9739	52.6891	0.0	15.3385	0.0	131.898	569.311	15.9139	0.0	0.0	552.898	55.6741	906.784	248.352	0.0	0.0	81.4325	40.9956	100.658	79.9583	0.0	165.756	49.6301	40.3948	34.7082	95.0483	149.988	53.4882	209.104	116.539	43.9907	91.8153	15.1878	354.906	93.2255	29046.7	26.4979	23.9564	44.3556	10063.5	187.274	148.232	83.5937	59.5567	10268.4	71.6137	33.4993	365.282	99.1824	263.126	119.348	69.6289	76.1743	74.6149	38.6917	896.167	52.1153	103.234	25.6706	88.4845	23.4812	2071.46	38.1707	361.312	0.0	324.356	117.703	48.804	0.0	36.7443	135.08	0.0	17.9925	119.596	76.133	67.6106	329.448	44.4647	70.5538	43.7633	64.8157	181.588	372.972	23.8233	230.384	71.0175	36.5222	49.0174	465.109	0.0	165.156	135.515	75.1427	22.3692	18.8652	211.706	37.857	51.078	561.346	176.308	102.42	244.328	485.221	53.5979	173.6	53.0523	71.44	721.911	300.89	75.8313	190.221	0.0	56.0679	256.243	378.507	85.3179	115.586	11.067	207.739	199.514	56.5272	73.4579	74.023	58.3826	374.797	347.346	185.985	62.2254	121.058	454.273	31.7534	306.474	40.183	242.569	270.51	97.4886	84.1116	120.644	235.687	69.234	40.1498	110.724	729.596	256.593	355.468	81.4497	96.3066	529.017	126.307	445.744	347.004	393.34	64.9794	0.0	26.9611	16.8497	147.343	235.33	411.943	153.347	55.2858	68.2987	150.952	100.613	39.24	59.884	1523.17	50.9275	100.935	39.6169	60.5863	25.4466	124.949	19.8927	141.505	83.417	486.537	86.8347	152.307	69.1145
MT_M152	345.707	315.799	2976.0	93.811	334.935	97.0295	313.325	119.567	97.046	145.909	3846.13	191.951	84.4958	168.781	291.262	175.257	174.151	828.38	126.346	704.053	128.488	946.894	565.564	1089.05	345.446	457.305	65.0638	137.029	456.508	97.6802	331.743	11067.4	75.5011	608.778	41.4459	46.1674	93.9317	83.0104	68.8873	284.049	217.055	105.742	4758.6	3004.2	173.806	143.658	155.542	166.855	235.986	32.6484	16333.4	132.564	16098.7	6070.05	6731.48	84.5324	438.109	2976.86	89.907	31.9644	670.549	744.751	93.8334	3267.02	170.104	216.928	406.282	168.706	9193.24	146.421	754.511	2192.53	132.414	1832.36	2648.89	40137.0	172.459	123.783	111.219	21916.7	87.1407	2565.81	48.7127	89.7582	22251.9	790.633	65.867	8785.13	82.7655	3889.45	433.942	386.887	489.716	1309.3	122.596	25417.8	552.612	878.256	556.486	599.645	613.002	711.265	49.5273	584.753	39.8234	1699.45	295.012	1585.98	179.986	455.021	756.989	3142.42	22.1706	151.705	2083.4	24.2609	1166.23	459.95	67.9284	786.964	77.7166	215.263	688.998	422.516	1662.79	86.7536	16.379	3102.28	8278.78	3957.02	581.628	7701.36	726.091	5695.43	132.497	1199.84	1275.8	3185.17	8226.18	6810.09	755.617	102.823	13673.0	23.9284	8123.44	261.824	904.723	166.381	1494.11	999.323	360.387	258.762	31.5421	333.464	581.363	194.308	182.993	113.24	747.886	135.807	96.8624	291.78	341.586	1786.46	169.448	130.971	427.855	461.48	63.1696	1772.18	144.602	467.873	205.455	107.939	354.345	123.885	147.069	267.435	266.293	191.111	1022.23	272.575	1013.63	50.197	232.703	210.993	262.35	18827.6	424.055	275.944	7156.64	284.731	129.56	806.951	566.727	2187.3	846.607	72.9204	3091.91	1802.85	1119.12	418.875	144.352	870.781	720.857	620.249	358.952	668.735	67.9349	485.313	1969.49	226.044	351.343	89.8687	1346.43	1373.69	1458.91	5112.6	248.584	607.055
MT_M153	5.47245	82.8438	13.1862	32.2108	14.4243	144.778	22.8318	10.3103	34.1582	0.0	176.404	38.0488	64.3708	80.623	4.80805	8.63724	16.2649	214.588	39.5819	2771.14	3.45548	2027.06	21.1659	72.4015	17.3733	30.2171	0.0	22.8598	66.2564	14.5163	17.2826	85.4702	8.97551	547.876	69.4669	67.3316	4.74239	17.0642	27.3429	0.0	48.2459	15.4749	14.489	20.5072	70.9354	6.80961	5.55206	32.1712	6.70575	28.2127	144.487	130.578	29.7572	26.9502	0.0	45.3623	6.06135	81.9666	172.028	14.4561	46.4077	126.703	51.1071	4.79549	27.5263	19.8517	28.6688	20.6243	46.9165	11.4953	276.549	92.1554	4.52721	186.365	15.6634	5.88561	39.3377	6.49133	0.0	19.5109	7.96904	6.90665	12.8686	149.481	19.8748	7.44841	47.1228	14.624	107.173	6.08117	13.2824	21.2403	24.5814	15.6639	6.91516	23.5951	11.8701	18.124	51.2297	14.088	206.502	1146.96	74.8991	36.0329	41.1977	153.57	54.3551	14.5287	47.3746	44.1805	157.017	249.471	61.5626	16.034	21.3393	0.0	28.7617	37.3472	39.9751	28.1872	87.6933	9.94387	20.1621	4.58494	95.7728	55.7279	15.8933	112.782	52.2028	488.336	113.713	41.9007	424.513	5.44071	44.3679	87.9943	152.405	26.2658	44.9857	13.5751	35.584	42.6666	15.3002	29.2522	20.8962	18.0518	14.1226	20.8272	181.331	38.51	12.11	1484.36	27.5803	109.575	21.0505	10.309	16.5747	4.70998	4.16359	4.61604	21.873	0.0	0.0	23.5002	28.3809	0.0	33.7787	58.6151	5.02676	7.6195	7.66357	20.7948	43.3641	46.9378	22.2094	19.9919	16.4918	30.8268	0.0	13.1089	0.0	6.69358	36.0286	107.1	0.0	52.4503	0.0	16.3678	5.65125	0.0	0.0	6.02466	3.76011	24.1889	22.129	0.0	20.92	0.0	0.0	34.1256	68.4688	0.0	0.0	14.3855	21.6434	37.982	0.0	12.3088	0.0	6.25855	19.0292	3.0661	0.0	0.0	1068.59	27.959	25.0626	128.707	6.27088	17.507
MT_M154	289.984	642.96	4611.32	116.765	462.173	424.034	20340.4	375.717	215.782	531.503	95.2509	132.802	684.545	1002.82	497.194	217.507	579.911	554.697	412.859	6822.11	228.703	8060.44	579.682	5738.16	1173.9	317.319	324.842	158.978	270.555	201.32	69.1334	21101.9	265.703	1113.68	486.979	397.82	515.142	841.752	600.68	6449.53	721.466	215.526	713.977	106.784	1465.92	1220.0	1474.36	3012.31	21255.2	2118.24	1378.7	303.337	24390.8	626.367	34653.7	293.135	16339.6	562.845	136.167	221.318	74532.4	969.006	1021.62	1267.67	425.88	229.913	921.938	222.934	42966.3	434.899	799.261	557.076	113.782	786.812	4156.45	106322.0	138.541	93.2565	223.799	59209.2	145.766	3377.19	1952.17	870.48	53349.8	9067.9	502.753	8104.85	864.14	20523.0	249.155	93.8764	417.692	1309.56	684.192	17180.3	598.754	106.135	20056.4	2152.85	407.229	438.758	1432.48	507.243	212.379	992.039	4745.89	3139.14	416.349	845.414	1229.76	467.2	257.552	316.553	149.316	313.092	259.871	131.521	748.04	278.438	503.524	343.377	522.022	169.727	5471.48	238.258	363.6	16658.4	612.125	1445.96	10072.8	4695.06	54063.7	121.741	1363.48	142.228	414.003	26636.9	459.265	29817.1	2340.1	279.828	573.898	218.173	7633.23	141.482	5443.31	205.785	112.925	490.141	345.786	4084.01	577.114	3819.65	555.474	246.253	213.145	153.916	293.798	403.342	496.545	670.426	275.758	585.764	1797.37	4618.9	412.338	196.396	322.291	740.602	555.85	602.593	130.53	306.246	616.133	1144.29	387.743	463.11	241.937	84.7396	263.329	382.129	529.026	317.26	416.882	2203.21	150.62	665.363	207.076	337.349	1116.01	283.316	1076.37	9279.94	350.914	677.37	1008.44	219.917	1737.85	213.646	585.392	486.616	130.962	233.633	251.624	141.4	274.793	1103.0	221.529	111.646	2029.4	110.992	760.107	464.812	8116.94	189.581	352.483	1521.38	114.364	886.266
MT_M155	316.322	1260.66	533.548	625.621	39.9049	91.9499	1142.61	554.876	1100.84	406.472	347.357	1658.26	1335.93	1784.57	333.332	2192.87	130.493	764.749	587.633	198.511	359.672	60.2873	1852.86	172.053	1098.83	433.592	1712.65	447.449	380.604	176.55	297.238	516.017	464.429	238.515	618.755	290.585	915.41	550.297	315.278	1624.75	404.379	599.169	0.0	271.918	53.1311	309.631	267.864	2232.82	0.0	41.884	413.098	793.418	661.867	376.554	97.5286	222.882	243.662	57.3622	186.754	313.896	0.0	1453.59	73.3078	1162.89	406.337	121.899	116.899	1115.41	885.809	1740.88	612.604	577.178	1363.35	723.554	20.4068	2008.36	142.545	417.972	461.431	2951.0	232.239	2251.03	85.2552	359.443	1792.27	177.202	369.483	112.407	1461.92	46.6803	1889.66	134.811	272.876	1166.76	460.955	642.163	541.979	219.684	971.581	92.1059	1420.56	2223.85	643.782	841.763	199.921	3439.71	2245.79	317.636	998.087	178.373	590.735	346.222	2142.74	182.387	448.492	1029.63	227.602	107.918	52.7162	446.485	842.56	738.44	642.773	338.993	1138.4	501.696	1545.33	243.393	55.8139	101.545	0.0	451.714	30.5615	106.297	1487.01	470.039	785.13	75.7523	295.437	683.101	668.844	306.85	844.715	389.034	103.756	662.495	346.011	198.432	308.823	374.122	1167.67	824.334	1109.04	0.0	189.972	246.047	450.69	435.24	538.265	111.573	673.262	74.1219	237.117	81.9512	117.207	265.075	150.728	29.0255	257.906	103.338	711.976	128.065	84.305	121.928	56.4609	1511.34	44.9062	230.987	448.941	507.435	90.1935	202.26	0.0	563.709	339.736	65.9692	360.845	107.667	181.44	194.634	426.165	178.017	2066.45	0.0	916.81	366.453	1514.05	412.128	633.924	312.998	114.809	743.056	44.7072	584.826	614.318	24.1481	346.653	160.3	0.0	533.366	789.685	551.926	471.329	1226.06	9.18226	2299.85	494.925	101.891	50.1901	75.0701
MT_M156	356.396	12.3401	791.694	19.8677	265.094	7841.86	15.3182	250.658	341.89	4056.1	843.62	65.8817	10.1573	35.3852	86.0906	950.261	2246.22	100.885	989.926	1844.36	4813.04	9038.28	323.352	245.529	1086.07	262.825	297.3	893.65	876.781	612.285	437.812	949.275	622.109	527.577	567.115	696.962	78.974	538.057	895.743	206.618	453.31	360.271	3638.04	177.608	130.138	386.958	1305.16	184.112	1077.34	285.89	781.206	68.9052	1164.73	823.195	1935.62	43.8185	35.2663	1064.06	24.9017	28.4954	191.646	3167.18	441.255	1494.46	243.75	1906.8	1067.79	70.593	52.2122	404.977	326.785	448.974	368.891	365.638	173.658	298.189	247.143	3288.49	780.887	684.013	732.337	654.821	4349.15	138.908	2264.91	456.449	4087.98	116.754	879.409	449.33	259.563	967.826	126.197	1154.79	55.4083	2437.57	1095.98	153.066	130.936	144.498	107.964	492.493	15.357	116.576	21.3496	8.50441	45.1887	105.336	142.593	53.6537	9.69961	5583.68	11.2719	13.2673	53.8397	50.8123	33.9241	46.0675	28.2648	120.448	13.9701	18.061	29.4803	12.0516	62.1021	22.7682	52.3295	2132.41	759.271	802.99	212.459	284.876	93.7563	87.1465	153.611	70.1929	15.4093	387.404	24.7285	255.878	2867.9	46.6631	125.658	13.2783	330.389	20.4962	236.74	18.9814	215.811	33.7866	16.0381	518.01	51.0879	88.0569	103.06	179.557	241.973	122.812	135.153	416.701	626.586	1627.8	111.457	221.081	525.755	387.977	225.176	249.582	83.4654	136.453	64.8038	836.012	162.619	260.304	98.3661	101.962	295.343	717.265	117.967	2096.18	85.7941	80.3255	3084.89	70.8319	20.0608	79.0992	29.8114	12.2099	53.7086	232.796	515.085	892.041	22.0669	194.952	114.619	54.966	1173.06	454.597	94.4172	89.0803	4411.75	195.958	264.003	354.73	1952.86	380.889	517.024	168.758	137.159	309.185	121.682	2127.34	36.5204	368.781	7011.93	102.918	105.317	941.291	84.6731	490.023
MT_M157	222.61	4181.75	741.898	3514.5	142.965	179.297	12531.1	5553.69	1909.14	499.202	812.419	383.209	6527.98	4682.46	243.582	193.709	37.9559	382.681	1421.71	603.123	272.078	236.492	1783.1	494.763	174.803	1101.93	918.054	541.337	1067.35	66.5758	48.8147	375.686	115.581	373.823	1659.71	1114.91	764.48	226.459	112.165	221.871	787.777	130.414	1182.89	161.759	169.09	308.818	494.354	1227.8	1224.77	597.298	347.296	7492.43	423.272	168.294	1999.29	5549.89	10948.4	187.056	7064.53	5345.04	6346.89	2119.98	145.938	150.072	8165.85	337.155	730.291	738.79	2407.55	117.977	250.263	1598.29	128.328	3705.14	194.458	924.832	4324.23	145.485	154.923	3073.99	44.8261	289.783	208.443	406.671	663.055	2781.94	181.204	521.803	280.199	2166.33	225.391	541.301	649.117	260.329	197.994	310.806	307.658	113.32	2600.43	1260.29	196.392	434.168	6333.24	11707.5	8135.33	5119.37	5007.42	15459.0	6225.12	4883.75	6056.45	5217.1	4640.49	5735.68	6100.46	3053.93	4965.51	3921.55	4106.04	7376.55	4794.84	4067.69	4900.95	6342.25	7535.51	6699.55	4562.11	272.034	5858.0	710.331	14593.8	2885.3	388.922	6989.15	10603.5	4592.05	10926.3	4976.95	5908.34	11810.0	3277.65	7179.18	9779.29	6041.67	1196.88	7388.68	281.14	9000.52	8791.21	8519.76	6710.43	105.152	423.766	2063.83	605.8	198.454	298.224	768.763	135.872	451.872	605.158	201.685	332.476	354.576	168.318	153.921	735.799	171.203	344.328	210.004	83.078	670.93	280.903	236.062	315.664	597.388	157.837	820.065	52.5185	669.959	613.426	94.0008	174.358	414.939	108.829	494.184	68.834	75.4902	172.416	42.0217	62.4764	262.492	144.248	972.881	239.209	295.781	582.391	334.09	154.186	124.951	130.978	210.183	209.333	306.035	249.235	310.496	187.541	360.493	510.352	234.749	872.985	112.07	49.3442	768.762	335.314	316.808	310.874	386.866	181.295	275.847
MT_M158	61.0657	111.057	46.3792	19.3046	109.552	33.4044	2604.83	53.2662	37.5542	21.4992	22.4493	46.9848	441.09	47.3487	263.463	58.0665	131.504	111.896	68.5626	246.462	30.6844	13.6983	71.7872	61.3976	58.5038	91.8023	34.3922	133.531	265.76	10.1934	100.028	43.1596	450.581	142.508	258.561	25.5439	249.94	62.8839	97.0089	74.6134	70.8135	100.52	0.0	62.2811	0.0	506.403	93.5756	27.2201	39.368	0.0	170.576	84.2153	263.999	15.5874	32.2286	61.7954	526.603	68.8304	196.29	68.2243	37.7439	239.571	56.3049	139.053	13.4803	104.098	374.88	210.879	112.7	214.1	39.582	60.2245	16.3373	214.761	49.3191	44288.9	56.5518	74.8327	29.8991	6735.05	395.686	139.499	75.4575	806.722	10190.8	121.73	40.39	152.518	340.221	189.721	54.7102	41.3963	157.256	228.022	104.167	370.514	41.356	183.876	0.0	0.0	67.9997	4441.77	112.534	78.9406	153.241	326.265	424.463	258.506	32.2391	16.6205	165.711	0.0	64.8628	162.687	191.722	213.304	244.316	23.6934	68.1442	68.0894	241.974	127.323	39.0777	29.56	35.0672	80.6164	24.0998	65.6254	200.283	50.0008	125.154	56.6806	116.388	0.0	37.796	49.4925	21.451	37.4643	294.373	218.676	32.5583	187.656	334.398	116.768	149.275	155.351	0.0	164.971	241.628	81.7585	391.72	0.0	0.0	0.0	86.3245	121.94	42.1991	21.5799	821.856	64.8492	94.38	89.7051	101.466	36.7344	53.0357	211.865	0.0	19.6104	414.06	77.0143	54.7801	39.024	122.631	34.3354	53.3669	220.081	12.436	31.0089	30.9981	844.198	121.877	280.899	105.164	123.542	59.0042	72.0004	105.183	90.2672	15.8627	74.7285	54.8984	81.4013	22.669	53.696	18.4304	21.0506	34.9386	27.2018	393.167	83.5222	19.5932	103.635	29.0345	195.795	61.1996	30.345	244.73	207.809	51.2926	53.7692	53.4904	37.5586	135.408	20.2487	254.671	35.8285	79.1378	20.1199	18.0399	21.02
MT_M159	1994.12	1555.09	2388.34	1856.53	1047.3	347.493	0.0	2856.5	1661.36	210.905	501.073	1659.87	2524.22	1707.24	459.927	4765.67	2283.34	633.201	423.515	307.832	4815.41	643.87	1156.31	546.418	2005.12	1354.7	4345.52	2579.14	1505.54	1060.6	2889.42	348.273	232.221	1578.86	3367.5	3342.22	1021.46	608.1	6777.49	2413.36	1459.03	2877.03	100.177	586.825	1085.54	7118.56	662.932	545.716	31.2661	1654.79	103.458	2702.46	249.47	271.605	455.697	4091.42	11.9238	757.319	53.4283	1146.08	54.3166	1792.56	1284.12	2306.9	1680.54	3963.07	26.2694	1865.74	139.597	4861.61	1953.89	271.99	1070.58	701.519	397.459	373.348	696.929	2278.5	307.528	107.387	23.3475	1813.94	1983.28	7684.0	408.207	13.9013	121.01	173.589	1239.47	79.7044	436.966	3068.34	7600.52	837.327	671.795	603.583	747.846	2684.44	551.617	1037.66	750.972	83.6246	103.322	458.354	54.6494	2217.68	111.245	24.1811	572.653	818.478	2003.67	236.65	4289.63	8600.92	2739.65	1220.97	210.026	1308.49	1412.89	2465.19	1379.32	1940.5	1222.44	536.498	2109.33	92.6851	1390.39	58.8413	173.146	82.9981	154.641	32.9071	11.7119	1535.63	84.7455	2041.93	2022.12	21.6374	711.578	294.541	745.911	5330.67	692.916	5175.7	385.789	831.477	174.927	5296.89	268.975	1850.73	1455.93	231.266	552.506	181.593	882.246	3811.24	4557.47	2700.44	26.479	3123.48	3511.09	46.6278	32.218	3331.78	2075.39	1347.06	1521.1	211.27	2068.73	963.897	41.8182	479.087	25.0088	1989.57	1838.38	69.5759	1429.11	682.033	633.223	280.945	1077.75	13.0846	576.132	1347.0	1090.32	247.254	1489.0	1173.07	1384.48	3283.24	536.649	1759.47	1439.33	36.5116	2929.56	1468.59	376.821	1571.33	2683.08	136.92	954.354	834.838	1899.37	2761.72	1316.03	286.272	798.4	2395.04	1677.81	2712.69	7606.03	602.109	1507.36	823.53	109.359	2700.97	1218.96	468.699	1124.28	1972.8
MT_M160	1871.59	359.453	139.545	713.782	2126.33	3724.82	96.6953	1655.19	171.262	3309.11	1361.16	297.209	64.2643	177.038	497.707	94.3371	0.0	959.899	61.8851	1265.8	515.982	2261.2	180.746	2367.46	65.5862	400.005	43.8723	633.775	126.478	575.618	841.008	1405.58	68.3319	859.736	98.252	191.468	32.0507	407.663	31.7599	49.7849	655.609	363.166	5200.39	1026.24	858.469	1764.2	179.881	36.5356	373.691	1940.49	2922.48	55.0611	1097.65	674.03	3386.18	1285.81	256.039	1373.29	359.61	1271.0	2728.06	1011.16	1669.62	1981.24	308.516	14.1141	166.877	23.7345	3047.98	535.829	3367.46	725.961	558.252	772.828	4618.34	3307.95	1501.54	1441.75	1760.71	1652.67	69.4571	982.542	286.037	525.42	5160.61	699.989	964.055	3332.55	183.715	802.577	113.526	475.023	343.698	1796.57	1664.77	3887.4	361.875	41.5659	983.192	736.777	144.068	91.042	90.044	516.508	337.402	875.542	131.896	3347.24	1087.25	1154.81	58.2825	3091.23	23.16	29.5402	319.525	178.717	32.2833	1242.57	1437.81	485.33	94.4056	72.6382	535.224	200.216	1525.83	376.191	166.945	859.745	1200.48	2321.12	1190.05	716.865	454.398	3412.24	176.098	706.671	693.578	1527.34	2553.62	1766.05	839.837	197.856	2119.39	124.659	2689.31	74.8293	362.122	1191.59	974.828	2290.03	43.8543	1512.41	311.125	1659.31	457.895	33.2158	447.929	34.793	408.651	44.0439	37.7791	33.298	27.7408	71.7726	56.3669	1183.26	695.924	43.0646	219.135	567.726	22.2215	311.596	53.3224	1517.25	428.469	21.7981	72.3277	590.779	8046.21	715.491	29.7083	24.9145	1387.77	1012.39	644.181	490.994	67.5858	3734.09	307.736	203.567	2854.94	181.278	11.9608	1297.13	311.49	234.288	249.589	435.256	745.289	615.881	1632.73	535.298	307.044	562.283	25.771	1465.13	758.016	86.8927	487.949	56.406	386.972	1239.97	571.345	172.179	1414.23	555.06	409.207	1497.81	352.702	806.603
MT_M161	849.069	663.666	271.314	69.103	678.937	66.3069	148.997	129.54	157.822	138.831	86.2832	44.008	195.379	275.064	565.682	8.43993	205.732	510.631	94.2158	313.818	121.923	23.1057	70.242	799.761	103.79	164.906	823.527	360.952	840.452	12.2788	88.8917	209.388	9.9636	324.042	35.8656	553.557	0.0	252.476	105.731	299.183	350.759	55.1163	138.973	1204.84	39.8065	42.6683	6.33175	1328.28	107.69	2488.8	124.956	419.791	144.457	1090.9	425.389	420.018	599.208	50.7925	146.75	147.017	196.006	742.193	110.672	226.383	189.8	26.1942	9.44597	21.7711	424.409	187.119	336.637	1535.98	94.7328	152.508	53.3891	197.983	385.853	79.1103	8287.79	45.5247	13.297	167.746	43.9908	235.002	58.7318	549.448	322.24	788.82	472.131	2129.0	332.722	51.609	106.168	47.7778	323.777	83.0578	354.37	265.036	454.539	166.813	1479.88	204.853	0.0	168.877	156.287	64.1208	218.228	323.543	94.7372	58.577	6.84299	129.861	79.2391	11.4956	6.57668	38.6376	0.0	364.586	0.0	410.183	24.9285	190.762	220.472	23.6675	158.518	4.11576	794.354	60.7184	55.6434	768.928	1042.83	215.391	537.839	54.6616	74.4176	184.077	14.4602	179.268	269.537	396.888	232.131	606.434	128.147	245.885	1667.41	0.0	444.357	373.967	174.86	205.947	83.7722	449.244	305.89	412.568	223.301	8.28435	35.1521	135.805	77.1451	98.303	9.54163	27.3825	0.0	13.9716	119.719	224.837	171.858	7.16067	166.139	185.314	11.1261	333.378	12.8358	88.2455	209.593	12.6347	31.0219	83.1732	310.317	45.413	90.3875	20.5912	61.0281	147.987	322.557	148.424	40.984	171.214	142.629	1589.19	488.276	483.196	220.237	213.875	252.285	179.146	175.97	78.2497	118.699	475.259	108.16	179.297	159.519	144.556	1621.78	97.9744	442.933	210.252	160.764	175.83	33.2292	118.084	154.403	50.3896	73.741	171.571	299.417	80.9308	213.307	69.9723
MT_M162	32.4396	12.8977	0.0	0.0	32.448	349.777	0.0	49.168	34.7299	640.061	300.3	62.0662	0.0	17.1514	28.0208	127.958	38.2657	49.2251	26.7142	45.4408	48.2376	450.063	177.639	43.474	140.507	51.5455	95.2103	76.8605	99.8776	436.537	181.236	138.047	114.687	118.936	91.2545	111.48	36.7307	0.0	228.098	124.076	58.4897	142.402	442.968	36.5991	15.4104	431.136	156.395	93.671	35.1377	21.7698	103.89	67.556	101.892	364.307	23.2065	33.7856	0.0	150.216	47.5574	26.2702	44.4588	80.8133	684.714	113.014	15.552	289.257	187.7	47.3249	27.9536	93.6819	31.3538	128.753	33.889	157.889	229.819	113.057	28.3106	226.594	34.8732	55.5632	201.37	194.769	301.543	19.9768	205.318	27.0742	375.641	110.656	14.6877	69.4052	73.0117	118.765	257.275	44.1553	11.5995	520.625	52.0706	70.7131	0.0	61.6378	57.6667	51.6631	30.9405	0.0	48.5827	14.471	0.0	0.0	34.9622	15.0079	19.388	43.6097	80.9372	26.1308	38.6666	692.378	38.7056	11.7595	13.6546	20.7606	0.0	57.1382	22.165	14.7791	44.0773	76.659	0.0	160.237	24.9383	134.447	44.0794	36.5256	75.1684	15.1012	38.0127	17.8599	0.0	36.7052	22.1646	40.7149	190.37	70.9954	20.7814	16.856	95.2184	21.2505	86.0599	30.2734	34.3358	0.0	0.0	42.2355	37.2187	0.0	66.9816	352.987	641.355	12.3697	213.745	304.4	240.872	401.352	87.2635	350.485	325.904	216.05	200.251	190.099	84.493	307.571	59.4303	252.96	183.679	117.384	90.6384	137.651	321.198	200.078	51.4549	51.1004	43.5391	28.2711	299.176	91.9125	45.5509	25.2528	30.745	991.889	89.4238	111.888	78.1895	159.982	43.8024	28.396	38.4757	13.0156	50.2018	360.334	12.7157	87.0797	481.949	40.3619	207.867	24.5934	259.443	58.3546	167.811	47.1959	47.4471	197.695	35.1913	34.1169	46.219	92.7834	165.372	95.2549	247.149	256.357	39.5552	78.4486
MT_M163	118.376	318.987	32.1472	20.8686	326.273	134.013	85.7157	247.176	32.3804	11.5241	36.0772	283.469	503.404	59.2127	139.937	13.4871	4.13749	161.479	261.103	39.732	12.7027	30.5383	301.239	172.004	219.441	260.198	0.0	17.6764	177.939	0.0	151.851	86.3072	135.784	458.267	26.3118	105.684	79.0653	261.182	6.91039	88.568	21.2398	202.393	30.5093	181.143	101.621	3.72041	284.092	171.754	35.3564	154.722	30.7327	164.159	21.1413	53.2875	35.8672	16.837	93.7564	29.6167	88.2614	116.586	65.0214	57.2168	148.706	18.3382	459.197	468.787	73.778	230.257	107.218	7.5751	3.93852	299.2	4.40338	67.7587	19.4745	114.428	27.3228	0.0	167.765	10.131	51.824	38.0083	11.784	17.4068	113.711	95.8407	0.0	236.008	235.365	192.793	102.044	0.0	178.155	216.858	26.6448	62.0911	19.8372	36.3698	269.565	0.0	239.625	26.9576	63.4616	410.783	51.3676	220.862	306.417	173.156	357.69	369.408	389.026	206.973	21.0971	0.0	26.6279	576.019	39.042	204.905	6.39001	135.391	297.426	532.898	143.414	9.94515	104.974	174.297	307.208	68.7567	177.581	103.082	185.722	95.0232	85.3221	75.6852	356.402	329.551	22.3406	27.1417	1336.15	169.322	275.22	12.2542	134.163	59.7788	519.676	11.1732	48.2496	515.279	556.122	193.507	585.747	0.0	117.312	19.8727	140.495	13.0524	189.3	23.0597	139.822	17.8518	99.1609	31.7873	13.0693	31.8657	198.013	305.178	366.178	41.4366	95.1313	121.331	85.806	253.091	119.358	14.0657	196.561	149.405	102.241	15.7489	53.5452	139.787	139.106	0.0	138.334	294.748	34.6113	96.2736	278.579	68.2593	67.8233	240.786	179.713	235.454	95.7927	105.504	126.352	213.648	185.488	228.994	318.557	36.8575	302.091	14.353	103.801	23.11	168.835	7.1866	80.9493	87.4095	111.126	27.0096	212.075	4.59953	348.932	0.0	13.4619	347.225	254.08	19.7126	43.3569	10.1276
MT_M164	1143.26	65.0007	5492.72	167.95	7881.59	655.398	148.735	4016.22	7455.36	3543.5	3169.11	4959.81	635.196	746.786	2900.83	4899.07	7962.2	4946.62	2233.76	6936.22	7426.95	2738.2	5329.09	9142.31	7730.33	9616.45	4192.55	6145.34	4473.22	1882.39	6889.63	2266.75	3569.47	5426.5	2335.69	5687.56	3964.07	6826.36	9221.53	6370.23	2493.71	9214.37	2402.23	2481.8	3613.92	1380.64	14667.7	740.969	3371.91	1780.86	4451.65	1233.03	2665.0	7621.36	1631.66	1385.36	22.9687	4207.16	206.208	961.965	954.133	6069.32	9471.42	6471.91	2428.82	7171.86	2892.6	9339.21	1875.67	4018.97	2914.57	2658.56	3122.06	11520.9	8870.09	3123.54	6028.34	2811.08	2202.31	2469.8	8419.39	2489.92	7415.88	2583.87	5370.21	318.891	828.185	4159.03	3455.08	1555.16	3817.55	8109.91	6251.72	8841.57	2636.3	3708.24	4956.3	6690.27	523.932	484.402	1396.55	4175.85	207.261	33.4154	331.119	414.466	0.0	1304.38	140.151	997.782	48.4828	80.5567	752.029	592.906	1074.44	1083.33	847.623	1006.47	234.106	3557.4	1009.81	592.875	66.1236	495.735	371.195	1114.05	808.939	2529.44	548.965	3931.13	49.0632	775.858	1475.19	2663.35	0.0	915.308	677.135	1248.83	1121.73	2335.38	3679.9	2319.98	583.711	378.993	2993.85	611.893	374.175	1262.75	13.2516	668.203	88.907	895.194	1185.57	1564.19	86.3907	5696.61	6239.59	1782.89	5552.46	11678.6	6767.56	5403.99	5957.08	17456.5	4559.7	3334.62	7197.89	7006.57	4547.93	9168.33	1391.97	12148.5	8387.19	7986.08	10415.1	8609.18	5684.54	3182.2	5942.31	2070.98	6875.65	2066.09	4897.71	2818.46	2554.75	755.281	3095.85	6038.03	2236.87	1632.93	2534.53	4106.42	1918.92	571.633	5312.53	1859.65	942.998	5619.07	3561.18	5634.71	2178.09	7537.0	6918.3	4469.57	2336.92	5641.21	2601.88	6738.93	7232.83	5793.15	3269.23	7346.62	717.205	2622.76	2291.12	7059.78	2972.49	6973.97	4201.74	2831.2
MT_M165	186.473	166.283	402.919	202.288	253.373	93.9984	500.475	421.749	3955.88	3095.12	1828.71	2114.08	129.509	203.133	2702.66	243.31	554.984	21.8107	547.979	3591.52	647.355	1465.33	2246.21	2287.8	4560.97	1865.0	654.32	630.386	723.823	496.171	538.215	794.533	1996.6	1858.6	387.139	631.165	883.217	699.839	761.277	1426.06	422.509	512.724	443.931	1503.38	403.391	121.725	710.174	3922.25	5943.61	4527.63	2072.85	559.654	574.408	2662.3	640.628	257.923	136.668	5746.16	132.58	265.714	1897.04	687.145	690.369	906.584	1456.75	425.369	284.06	5542.52	1806.52	805.753	300.374	542.113	79.8148	614.199	936.668	55.6809	685.888	890.917	771.676	304.304	170.684	1017.17	458.58	436.897	71.3649	353.451	1105.22	350.534	1135.18	559.76	628.477	835.134	1121.79	727.073	872.418	615.048	389.865	108.897	7121.15	762.595	336.615	54.7776	290.958	142.57	236.923	168.351	1291.74	142.499	2482.48	5027.29	188.386	87.3516	346.419	352.531	609.833	130.365	155.593	140.473	191.81	411.022	174.134	478.542	723.635	194.509	443.953	107.73	521.712	1368.43	294.687	1445.14	1249.93	3536.83	18277.6	71.5313	3731.3	176.01	303.712	274.238	564.057	143.145	4108.52	270.774	359.044	146.388	17197.8	208.542	409.584	250.443	71.5953	0.0	54.9203	362.933	213.239	0.0	242.72	335.015	670.109	2095.85	1197.33	2122.46	1541.19	1773.61	327.89	534.431	265.459	656.097	1975.27	1439.01	659.026	429.941	286.152	2343.57	157.633	2252.2	317.92	3758.71	699.172	6368.49	398.504	512.552	448.079	363.786	290.085	266.464	432.658	0.0	2777.96	484.673	513.097	464.125	871.442	1477.13	176.916	153.689	303.563	240.452	9240.41	0.0	3043.18	464.072	830.921	504.625	716.426	684.862	851.633	570.727	1310.3	1759.57	959.389	125.776	213.738	386.912	423.077	592.431	1220.73	195.771	285.322	536.39	388.398	0.0
MT_M166	4110.89	3048.53	3501.28	2204.29	587.725	150.399	4060.07	946.964	4456.76	287.041	1653.44	2805.33	1967.83	3198.82	2619.24	2355.67	636.025	4034.11	3280.61	895.039	3734.95	41.7335	7160.0	916.133	657.155	1530.19	3299.27	1637.33	3541.22	859.958	812.05	2637.27	1868.98	623.575	3513.19	1300.13	3139.22	2979.09	960.768	4821.77	1991.92	4103.67	0.0	2064.69	130.969	539.406	1240.42	2846.68	0.0	35.0784	1232.63	2717.75	1197.59	882.426	56.5807	906.106	458.682	358.9	439.044	2509.42	59.6112	2108.85	407.985	1576.0	2639.86	336.523	836.87	1079.73	2085.04	2913.68	596.247	3110.99	1809.69	3456.01	100.44	3005.67	980.607	1243.51	1900.3	5369.75	781.08	3708.35	396.969	2551.52	3984.27	145.921	748.562	640.55	3892.85	393.886	5861.79	384.536	1373.05	1324.04	5163.61	1356.33	1838.36	860.981	3703.28	1156.35	5430.15	3084.58	2685.62	4201.18	1179.46	3279.31	2019.06	2170.25	2373.75	230.172	4087.1	441.283	4069.18	476.441	1329.84	1700.59	616.166	247.143	275.655	520.005	5509.74	1182.78	2832.89	438.072	3464.17	1089.58	4645.48	949.627	312.598	788.714	131.843	544.118	113.873	297.032	3095.9	2844.45	5615.84	50.1151	1377.15	5927.76	1676.67	1157.14	3459.07	837.395	161.711	1134.03	1046.91	1495.15	301.581	630.325	3359.05	6519.59	3885.01	269.923	569.774	1099.21	2959.45	474.083	2044.49	382.376	3763.12	278.126	506.386	135.026	621.943	2653.92	1121.87	275.177	2338.78	494.099	682.35	555.709	708.471	867.952	380.371	1528.05	328.712	2444.25	837.324	967.227	471.019	1137.59	179.705	2698.12	1137.02	436.93	1868.27	804.647	2548.33	926.38	870.674	689.854	3203.37	0.0	4464.64	7181.09	2839.02	2544.91	2393.57	1239.18	275.914	3059.83	158.758	3808.28	3526.47	76.0509	1017.02	847.522	52.6345	1281.65	3438.86	1686.98	2793.45	3779.82	0.0	7009.22	1570.09	249.31	749.187	120.606
MT_M167	119.766	115.556	381.781	43.0961	400.394	48.4604	10.9577	28.8922	998.704	39.6429	106.149	560.365	36.0052	135.64	280.431	542.713	476.602	175.266	78.7093	88.6714	669.773	458.358	301.176	234.367	253.203	323.939	570.048	1091.88	419.493	738.635	580.723	15.7453	716.344	380.068	455.16	739.229	279.712	244.064	1087.56	357.663	153.846	930.029	1073.87	59.3678	66.0576	728.962	366.634	20.0866	13.9448	21.079	7.43636	326.36	22.655	16.1977	8.07486	152.02	8.06733	82.317	181.714	165.189	12.7574	573.975	139.74	425.197	448.517	645.497	1088.34	352.875	29.9746	779.498	334.739	49.5702	1207.83	297.013	80.6011	19.8807	103.628	601.343	215.479	189.284	1076.9	356.598	349.919	532.212	25.0836	15.468	94.8662	14.474	29978.6	47.5906	167.046	5009.87	298.184	111.134	896.73	485.225	535.602	419.696	15.3902	588.16	51.2175	4.98128	57.9663	21.3659	356.808	193.682	11.265	14.3849	8.9943	45.1465	154.554	9.19516	178.498	331.941	187.614	132.907	312.136	40.5803	72.0678	325.054	112.087	232.623	118.273	108.073	87.286	253.077	90.5135	9.16481	13.831	22.5588	21.9068	23.1302	13.3629	19.639	11.2021	5.32874	127.743	18.6966	72.7072	2005.56	60.2991	274.501	29.4165	167.113	34.1213	106.28	55.7367	221.674	10.1851	187.229	19.5919	38.2384	188.852	2537.95	247.346	380.493	862.859	908.599	882.967	438.381	677.11	798.314	1087.43	736.02	541.451	281.209	304.568	1036.71	443.674	492.955	1085.5	848.333	546.057	331.131	289.99	369.122	464.841	149.065	229.705	22.0788	569.458	1018.95	37.0716	215.539	296.832	67.2234	404.574	162.91	419.812	746.012	137.746	387.715	185.097	17.2692	519.633	339.077	10.4149	327.163	914.548	14.5098	1015.25	398.545	714.483	505.036	132.887	203.928	199.517	1365.44	450.9	412.43	173.94	290.636	112.313	508.695	31.4279	281.426	269.126	169.199	255.93	358.69
MT_M168	202.812	134.078	3340.93	409.949	1224.01	1117.62	146.085	882.498	1382.11	645.519	518.777	757.059	259.065	369.582	1093.64	1435.54	1907.53	1773.84	1425.06	194.331	1134.08	8292.87	2538.9	46.5008	1449.58	1102.62	507.629	522.314	1336.05	167.396	779.181	1898.8	581.716	1059.05	386.49	385.78	384.202	3412.52	433.562	731.863	523.85	687.822	981.701	56.8718	214.758	510.577	565.745	6115.06	1654.54	1080.63	23.6465	876.415	219.393	27.6695	348.068	665.351	415.252	334.779	138.725	496.326	2910.35	1192.9	111.517	253.744	292.744	275.855	342.418	232.901	1136.53	393.584	43.2844	1714.19	101.168	1577.41	139.463	4613.85	812.234	146.927	0.0	783.85	513.315	987.441	625.114	864.573	1690.73	0.0	2796.49	0.295502	218.58	140.688	963.308	197.928	816.524	90.219	1492.53	2375.19	326.388	536.74	15278.9	146.432	20.1802	202.335	498.636	54.0447	975.468	591.722	38.014	1068.89	198.875	869.413	627.267	541.236	794.053	760.962	471.347	114.855	208.004	455.166	698.23	2728.28	180.097	1376.22	1111.66	654.12	294.66	2667.91	138.166	168.122	179.26	11.9373	3318.66	590.527	250.966	298.517	709.921	122.571	382.461	951.284	783.239	1238.26	1899.85	3252.15	664.011	231.082	553.591	642.658	99.2222	578.321	102.37	1305.38	93.6678	117.828	1016.9	127.07	727.845	363.652	282.211	109.094	52.2563	2653.24	93.1667	175.83	63.7216	260.95	142.367	576.271	523.308	10.6681	1676.65	222.794	1.45337	121.281	143.706	1181.07	174.279	419.605	554.654	521.366	136.845	72.3782	101.135	192.915	62.0885	283.188	839.97	367.029	48.4799	1645.0	204.755	172.366	115.734	571.659	354.844	1667.88	394.844	670.486	113.547	3258.56	60.9459	11.8099	1341.99	193.076	754.831	141.989	1222.01	704.49	406.797	435.479	225.521	42.7708	383.626	519.211	158.699	103.159	6530.4	1603.43	725.578	961.179	101.083	511.425
MT_M169	33.6062	26.7825	16.4467	56.7279	37.5538	31.4449	0.0	30.7946	10.6732	0.0	5.70933	11.4718	129.716	0.0	6.05609	9.9788	31.37	0.0	0.0	8.93189	36.8484	3.14942	0.0	24.2979	15.127	15.9152	0.0	0.0	0.0	24.9741	23.4148	14.6576	0.0	27.231	11.6986	21.9487	0.0	22.5147	16.2582	0.0	37.6881	12.7056	6.55423	5.58373	5.15724	23.6926	15.903	0.0	0.0	7.62335	11.1734	0.0	56.0681	8.33411	16.551	22.5571	0.0	23.532	16.9706	23.3229	23.5156	8.72663	11.9082	47.5927	0.0	19.8763	0.0	27.453	25.1142	37.8934	32.1715	25.7258	11.7801	11.8531	4.01192	102.877	9.09883	22.7984	0.0	72.1094	59.128	25.0415	22.8684	47.0766	25.5954	51.9901	0.0	7.04701	8.36483	0.0	0.0	55.7919	7.92743	0.0	16.3721	19.4518	21.9652	22.8785	22.9639	0.0	0.0	7.5789	53.7861	0.0	0.0	22.8594	0.0	0.0	23.9854	15.9538	0.0	0.0	44.2065	37.2962	54.9654	0.0	12.2468	25.5072	85.0452	0.0	11.9792	0.0	0.0	0.0	25.7435	12.258	93.993	9.38067	26.607	21.2265	0.0	0.0	0.0	251.852	28.2036	23.3343	29.2707	0.0	71.3107	11.1288	0.0	63.3407	25.9533	0.0	14.7897	8.44831	22.6835	18.7484	0.0	161.317	21.2386	0.0	0.0	50.9288	0.0	23.1082	34.4322	16.1704	27.461	55.4035	6.9984	28.6157	98.6062	50.5573	6.528	12.043	24.5944	11.421	35.6555	9.81928	23.2373	0.0	14.9988	24.9256	24.2477	16.126	160.928	18.1717	6.55667	12.3715	34.5017	14.81	19.9723	13.4346	0.0	15.4138	6.07342	35.4584	30.5843	7.38135	26.3616	6.02543	8.76107	49.4704	70.225	8.46914	4.59366	13.0705	30.2114	20.1614	13.0276	10.6043	0.0	63.3557	5.25488	19.8971	4.02285	35.5788	13.867	22.0879	19.052	70.4711	11.3819	7.23401	25.6798	41.1746	14.2515	28.6702	0.0	11.802
MT_M170	32.7535	31.7497	692.326	64.7021	81.3763	65.193	198.875	56.8318	39.3652	315.049	36.5397	510.767	49.7763	45.3802	159.661	78.0582	65.4554	181.723	168.184	2630.9	62.6553	2312.62	97.3626	1024.46	182.664	261.187	174.769	37.5091	220.379	82.4284	289.554	4146.32	82.5208	121.964	41.9079	72.8588	28.0657	135.675	48.1267	70.5641	77.7021	77.998	224.665	188.716	129.675	110.751	503.366	211.474	2212.82	736.248	225.76	83.9247	2632.24	190.573	7522.6	19.9791	1503.33	509.29	15.8274	56.4614	523.856	781.142	132.97	508.196	637.904	88.3294	19.7606	43.034	2303.44	28.9847	41.8674	259.566	26.5675	82.9941	113.736	8523.93	66.0432	210.314	21.3967	5098.94	73.6175	437.8	367.862	33.2005	8341.25	219.379	143.809	1505.27	113.383	904.006	98.4422	61.2948	186.225	317.555	188.22	5361.74	103.258	21.6741	797.936	351.823	106.83	125.962	90.193	38.1527	63.588	17.3597	35.3156	236.923	122.14	147.318	46.9175	102.056	35.3912	34.0321	301.265	144.302	31.7778	42.1454	8.36082	99.5907	227.725	183.511	75.5179	24.8234	106.441	14.5116	145.139	1915.25	29.4897	48.2602	1434.19	568.91	2466.87	17.9099	34.041	21.0465	88.6843	1743.8	29.0286	2444.12	289.008	67.136	54.0847	9.83568	1148.71	31.9395	573.769	74.0161	17.6797	33.9755	24.2117	35.1848	35.8957	273.722	258.059	20.4951	60.9061	17.5936	59.515	170.542	192.925	280.954	35.0142	71.8149	44.4973	94.9731	100.395	105.684	27.7212	80.7687	19.9217	120.005	30.7226	16.2232	5.92615	115.413	197.606	23.0877	32.5231	80.0562	23.4256	6.20046	412.996	207.307	51.1859	642.358	507.526	164.191	60.1182	45.4553	113.225	152.961	372.63	3249.17	87.0489	167.256	489.352	160.578	31.6356	84.7931	321.107	44.3443	386.77	34.9066	37.0171	23.254	132.663	73.5751	215.391	16.1682	444.412	23.5249	84.2377	25.7406	3311.39	171.747	62.7832	268.555	9.72144	117.028
MT_M171	22302.4	14313.8	32732.9	18518.8	8320.5	282.857	729.921	25285.3	3150.6	678.141	224.689	13783.4	18990.9	24444.8	3936.23	5346.37	6497.18	7674.86	128.76	3034.15	19856.9	249.868	1241.93	9455.5	19726.6	12465.5	6103.72	8614.88	6746.51	2701.04	6832.54	657.348	1505.03	378.919	12591.4	3731.01	4250.49	1338.74	8327.96	3597.02	6563.78	5224.51	397.925	4273.28	22861.0	1414.36	9389.77	531.553	4021.83	833.859	457.574	30092.0	273.779	369.217	361.953	22864.4	326.671	1521.4	31401.4	39500.9	535.002	987.478	3682.99	2769.71	596.404	3733.99	3381.62	5275.52	1442.5	20553.3	1925.65	445.559	19977.2	1955.75	495.361	1751.64	1575.88	570.634	10184.4	625.421	4648.12	7238.89	6688.3	2630.04	5821.5	798.668	512.952	706.007	440.603	1310.48	1457.51	10384.2	2072.22	437.738	3237.66	758.139	8640.15	9350.16	1699.32	697.865	176.712	320.294	14095.6	1330.33	9549.98	48744.8	372.364	9385.47	2340.15	2975.95	29947.7	767.244	20222.3	9636.35	11542.0	13635.9	23320.2	2496.95	37256.8	12074.2	23385.9	18370.9	1160.0	11425.5	1859.97	22210.0	20449.6	299.448	1325.13	665.724	1464.31	859.698	448.255	4515.4	1272.73	948.15	2522.92	1534.59	1165.84	668.741	446.767	33486.9	1283.19	7921.14	13500.1	12445.2	458.224	18516.1	613.44	1605.47	15416.1	26604.8	20591.1	16082.4	570.361	2869.91	20639.8	8461.58	16378.9	7512.67	6609.13	4801.26	3665.66	6655.1	3480.06	8588.06	11653.8	18029.0	3090.58	3701.85	963.146	6543.62	3528.56	357.542	10306.4	1118.51	3836.76	259.817	6023.93	345.215	5462.28	2251.94	527.261	8449.06	334.61	704.053	2541.95	377.033	154.72	3805.41	289.501	4841.47	3219.52	469.677	9832.12	2765.62	263.573	15816.6	4170.23	481.001	456.874	1306.81	4201.1	8334.62	1896.24	3361.81	2574.58	4811.67	3175.01	4766.14	5572.84	532.496	1000.7	4125.83	179.099	14082.3	3932.04	1319.01	420.037	387.185
MT_M172	743.538	348.924	649.08	246.533	559.341	20.7311	0.0	400.381	150.371	250.265	195.879	90.0502	79.7228	228.392	67.6498	948.713	664.415	169.874	44.3807	131.313	363.726	570.089	342.011	168.343	340.842	85.7157	649.869	448.466	298.894	710.208	442.397	7.52963	429.373	406.652	544.208	585.081	215.381	4.39604	1503.21	509.753	341.497	510.551	1066.46	916.248	223.682	330.919	159.709	108.304	28.9592	456.845	29.5878	206.101	248.716	24.5863	27.8042	182.043	0.0	539.284	324.69	197.745	0.0	287.608	814.458	1319.06	280.918	422.28	322.836	171.732	7.70369	577.269	784.572	305.785	372.693	162.841	954.902	0.0	522.914	569.131	323.503	4.65777	722.077	349.628	231.63	240.615	78.5833	4.83953	158.183	304.838	289.591	34.4693	57.0602	429.229	533.781	315.742	233.574	89.5801	308.541	116.797	7.80248	177.295	574.992	16.6959	400.603	11.9397	220.727	184.415	29.895	0.0	102.271	378.466	322.768	0.0	335.119	394.414	662.175	488.419	469.764	212.597	176.767	218.576	394.572	252.105	247.876	220.09	163.528	41.9626	113.23	15.1038	352.777	503.481	132.127	484.549	17.1352	304.784	130.206	40.323	93.0398	23.6858	463.399	3.5352	36.1516	173.23	849.887	176.677	612.213	274.237	155.702	161.211	0.0	89.973	73.579	38.1834	132.203	62.9854	198.1	228.986	594.983	148.153	322.212	396.276	376.297	301.085	448.709	946.551	266.309	342.334	105.099	482.286	76.0987	212.218	427.553	300.811	243.923	250.847	94.7066	302.628	174.826	109.091	183.959	139.974	251.624	449.968	162.616	138.824	146.378	102.403	139.253	439.725	208.601	172.407	324.786	160.756	70.2818	6.83464	339.447	67.5299	7.40344	191.481	156.388	220.743	303.696	417.373	331.925	130.375	112.978	370.363	228.946	139.003	314.217	739.92	72.4941	58.1282	198.41	589.497	58.4575	90.4468	305.007	186.46	124.629	178.873
MT_M173	354.803	1055.21	248.617	6957.91	49.6406	2457.8	839.922	102.941	859.125	3792.64	1041.03	618.699	3010.72	788.494	539.332	343.461	326.634	707.444	18.3714	5036.26	117.292	30.1545	788.187	2076.21	230.225	38.1526	1130.6	587.64	1209.85	2814.09	1106.37	2899.98	103.718	1684.14	248.206	277.432	97.0144	844.845	83.174	667.866	1178.68	261.7	1865.6	194.076	1002.96	852.858	691.635	1120.15	4676.28	70.6744	1559.53	1806.83	2352.43	558.291	253.251	5037.87	584.152	4465.53	1760.43	815.599	2313.32	1275.74	847.851	250.02	1537.4	793.58	93.4122	134.169	1927.52	2185.14	3706.85	1291.68	1478.58	150.881	0.0	15.9328	6005.8	791.7	1246.63	1810.59	76.226	888.437	393.719	1736.08	210.811	2520.1	995.872	2295.5	5573.72	73.0085	454.269	304.708	531.198	1149.65	2460.01	313.332	1603.14	528.173	4890.38	5886.87	397.732	459.466	1272.37	6841.34	172.945	6824.31	3671.92	12311.8	10488.3	3786.6	654.802	13797.3	253.501	941.581	1184.98	174.224	174.049	19096.0	7883.24	2232.78	306.287	442.782	1993.87	130.126	1657.79	3097.18	1102.4	153.786	2059.92	540.374	64.3515	900.902	8381.23	7309.73	8573.05	5646.17	1613.03	2037.84	5958.33	1435.17	3946.15	2245.3	984.77	2985.39	353.393	1286.73	767.356	565.9	423.506	2281.67	304.036	5733.14	178.743	1069.98	918.677	402.272	57.0202	160.09	632.915	568.598	650.655	140.253	99.4436	104.172	244.99	540.553	1242.91	358.664	410.063	234.18	509.728	1532.62	122.314	507.213	822.823	291.986	42.8879	2398.92	561.185	1036.7	168.345	120.929	216.745	315.135	654.102	2264.3	323.313	210.143	837.33	660.821	1560.63	915.373	990.926	1027.47	955.334	476.08	6642.82	28.4952	531.388	645.831	1404.59	3287.83	675.814	146.62	1066.1	408.754	201.76	772.337	634.911	326.098	662.264	3111.17	1723.54	23.7378	74.7007	1705.3	23.4485	777.465	251.939	1899.48
MT_M174	4469.27	455.466	4553.68	474.641	3747.49	1041.89	739.637	123.909	4116.37	648.192	16849.0	13471.5	584.4	594.138	6050.56	5526.08	4162.56	7793.38	2441.6	6446.05	5502.82	4034.38	15397.9	11008.4	15372.4	5576.45	11663.7	5313.15	5300.02	2220.61	9458.42	26650.1	8595.95	7344.3	9577.46	7692.19	2894.28	7379.21	5668.09	14209.0	10462.7	4656.87	9161.62	3325.4	476.074	8134.66	4536.46	1370.49	776.681	266.717	23209.7	345.826	21700.1	10349.9	9875.06	1000.75	11761.5	3358.83	468.879	766.467	22982.2	9957.12	14582.4	8655.06	1211.77	14643.3	3176.19	7245.21	20932.7	10432.3	4282.57	2418.96	768.823	12692.7	5243.61	46244.2	5737.62	5219.33	10038.7	46527.7	2879.28	19354.8	10500.3	7476.7	45566.2	6347.6	4758.38	3184.35	6298.68	18278.1	4651.29	3965.52	11473.2	7522.3	3534.89	61048.8	14551.8	5632.71	17499.7	1205.79	3137.58	1408.02	1098.13	275.671	288.316	338.23	250.661	468.944	226.511	266.909	553.889	191.125	523.444	562.705	1567.87	351.046	248.573	570.222	1008.19	434.302	752.695	535.896	520.093	87.6415	320.881	579.44	1177.5	18170.3	43.2611	1914.93	643.752	4399.53	767.791	924.336	152.343	972.262	333.764	12895.7	754.598	23812.2	11339.5	1378.58	183.284	508.671	18296.4	334.767	2390.29	493.616	395.97	259.269	209.796	1689.35	5167.46	11392.2	10569.7	7411.52	10184.9	4115.56	7429.95	8808.08	10281.6	10748.0	3134.31	8090.84	18727.3	21875.0	13910.1	6432.37	6022.23	20359.2	6479.78	22831.8	5900.86	13002.6	17544.3	7385.6	7883.88	5356.18	6419.91	2871.6	3597.94	4020.6	13183.3	12912.1	12251.2	11259.7	5942.47	9051.68	4743.62	13988.1	10712.2	16480.9	8266.23	8644.67	7136.61	1309.38	929.286	18379.9	9630.72	6673.47	5318.41	6863.45	21615.0	3525.41	11359.7	9994.39	29603.7	10338.1	7224.39	7402.91	7458.59	4231.11	6974.62	2783.71	1043.83	6037.19	18146.5	12319.7	6080.23	4762.75
MT_M175	111.577	55.204	77.7248	66.9741	99.9924	272.0	24.1069	25.0695	47.6184	373.238	106.755	22.3762	11.1669	62.241	90.7237	28.9666	17.2469	50.3341	24.2132	43.7013	55.273	246.854	13.9588	211.396	193.07	88.3122	16.5978	44.4952	44.0727	61.1795	86.8166	280.994	27.8761	83.5154	43.0322	34.3163	26.2618	33.8104	23.993	24.5955	35.5537	64.271	231.49	237.435	17.4224	92.0535	96.9294	15.3772	0.0	38.0206	140.011	0.0	70.7449	30.1257	172.031	82.575	17.4052	98.2699	589.389	98.0697	163.848	40.2376	59.6286	288.269	43.5995	15.2941	30.6522	45.0481	257.686	29.5787	352.104	59.6006	95.9485	89.8312	827.767	427.26	46.5312	47.9372	188.577	245.674	28.4782	97.2259	99.4886	55.0267	726.321	0.0	0.0	263.351	31.6174	29.8214	24.2582	71.943	41.6475	210.841	144.515	295.136	45.0225	32.7006	66.4206	0.0	60.9383	40.1259	29.2649	0.0	27.5496	81.0114	26.0378	662.3	127.983	65.6165	23.323	256.587	12.5947	11.8055	55.0106	8.60167	40.6644	66.3918	75.5286	70.137	16.423	28.1842	63.3168	45.916	46.3817	0.0	33.1524	49.9659	135.192	146.917	83.7647	0.0	0.0	608.366	21.5611	90.2189	53.0098	91.8742	134.659	80.4677	44.9032	48.7594	246.557	19.7929	306.377	21.4464	25.0973	112.041	56.7604	86.4015	16.9614	0.0	42.1187	0.0	0.0	0.0	110.196	131.251	42.822	163.924	251.665	83.7345	213.391	1110.12	114.257	80.9414	40.2179	109.436	0.0	51.3697	12.27	55.2999	311.077	69.7532	246.613	585.533	24.0015	16.676	277.958	85.6555	13.4966	117.972	84.4885	45.6433	27.6838	171.123	71.619	303.426	31.728	56.464	150.721	35.1854	950.358	32.8415	32.5942	82.6696	36.9577	95.645	49.5467	21.3792	82.0548	15.697	95.469	66.7091	72.7511	51.3251	108.84	1353.54	0.0	16.5061	108.809	86.8037	47.1415	23.029	489.361	19.4252	55.081	97.3912	33.1945	110.694
MT_M176	19.5119	307.444	23.4939	28.2053	321.344	250.63	284.822	157.649	54.9032	122.768	249.931	150.515	161.474	91.311	176.147	38.3333	18.0912	116.667	115.305	529.079	0.0	110.171	164.173	4741.76	73.7698	113.925	45.1212	23.0627	196.357	22.7688	37.3788	95.5363	31.3019	304.525	65.2144	58.4628	200.644	210.756	17.5519	106.3	127.498	23.0208	95.3766	88.5758	21.1468	389.623	235.619	40.5384	59.8322	216.883	357.05	132.806	144.813	1849.07	91.1021	4.54078	34.8389	468.08	10.2775	317.099	46.0196	81.9906	29.7863	53.9555	257.263	21.261	139.328	39.0931	31.0478	56.0828	139.148	564.103	15.2775	41.0028	58.18	22.4902	425.63	674.259	216.46	637.44	48.164	25.7554	72.3712	3.27098	59.2298	49.3117	303.639	824.086	871.822	75.632	639.123	0.0	375.734	17.4013	88.786	284.7	61.3813	181.589	72.7195	394.768	268.753	236.288	93.3233	736.069	27.1289	37.3487	129.902	165.05	73.6645	58.0757	67.8788	139.85	32.463	52.3311	42.7029	68.1534	44.6752	41.1931	50.5093	59.8614	116.954	113.338	398.085	26.714	97.0178	845.46	69.5518	457.632	986.172	524.643	933.915	296.782	255.768	32.1595	208.004	1237.14	99.1998	266.34	57.2072	216.118	485.159	679.612	162.251	70.9388	430.942	58.4691	625.557	352.039	143.423	2825.43	43.1078	498.851	1125.83	83.3437	29.6016	53.1298	402.579	63.7253	0.0	14.6352	483.429	11.1113	19.3742	47.9639	13.6103	36.3925	82.0065	21.8151	41.9542	223.721	0.0	13.4201	114.089	146.019	284.937	53.2044	0.0	89.1699	93.6887	92.2771	24.1019	146.263	41.8142	116.67	30.7476	17.6124	39.4221	76.3335	30.6781	178.847	71.6116	112.066	117.196	94.5501	42.1685	48.9101	49.8642	40.5623	92.8928	20.6191	79.4903	4.29201	55.2485	17.577	44.3234	40.5151	44.4304	261.605	0.0	0.0	38.8132	28.3119	22.6968	9.01633	17.9747	36.8087	109.601	224.529	22.6765	20.969
MT_M177	210.752	23.7645	359.982	190.391	45.9292	9.97964	37.7002	32.5376	75.2186	82.7138	101.724	192.064	174.756	33.0444	100.998	592.864	99.6607	49.2859	18.231	121.54	245.24	65.6484	76.6127	178.403	30.5471	763.987	225.442	249.915	43.27	277.127	411.318	11.6805	130.804	100.659	175.906	745.407	396.93	310.744	600.25	49.4962	91.017	74.9699	8.92318	55.806	83.0106	77.468	118.231	47.8845	0.0	15.1896	24.0793	59.0846	41.5517	64.8042	21.3066	241.303	0.0	232.008	86.1763	74.4084	25.8303	310.351	144.208	10.3398	91.3197	50.2509	298.486	94.2471	27.694	96.1905	132.379	218.336	82.5763	37.043	305.677	0.0	30.802	69.207	136.377	0.0	113.645	129.78	106.687	26.264	0.0	24.5652	28.6131	130.071	139.637	0.0	31.0141	334.732	98.18	158.547	51.2666	0.0	158.061	85.8568	174.778	46.3216	67.3489	14.5036	180.805	441.572	149.387	58.4181	6.96508	0.0	50.9968	66.8732	251.878	22.0876	55.2679	643.751	318.789	8.71072	56.3939	50.8732	129.843	51.7829	53.7234	328.882	74.0934	36.1308	31.3612	19.563	128.904	17.373	33.738	8.82836	0.0	27.6956	0.0	0.0	28.1051	96.756	61.4675	62.2382	22.4909	0.0	105.397	94.6328	18.237	89.194	0.0	23.0764	26.4372	252.712	140.535	116.316	10.4345	23.5167	129.167	41.1595	48.3834	38.4206	141.349	119.628	150.16	53.4259	55.0506	159.585	161.529	330.675	223.51	32.2171	74.6972	431.325	69.6111	186.474	209.144	100.345	54.4176	47.9909	25.4764	349.186	298.49	69.1491	68.5173	103.833	180.006	102.033	91.8844	466.678	58.4888	69.3686	95.0217	34.7471	127.718	61.9212	88.5054	142.451	240.106	0.0	77.551	79.4585	30.2013	55.6471	130.078	52.5842	14.6644	38.2607	503.662	63.9289	30.2118	30.0963	84.7099	172.123	147.691	25.2867	19.1128	74.2413	200.164	42.9478	3.97689	55.5309	27.9643	234.823	120.184	43.251
MT_M178	1247.23	1253.29	232.238	1190.02	1573.34	3673.56	341.387	2023.08	12601.7	4602.86	14216.6	3101.01	594.954	1358.34	4022.3	1265.61	1782.9	5211.81	8805.57	9428.5	188.522	3585.47	5555.95	7479.6	3326.53	21406.8	3993.45	609.102	2054.86	3548.08	2201.31	5451.73	554.945	3971.71	5644.8	2368.42	3173.43	23491.4	1795.5	11589.4	10091.3	2958.46	13435.6	16532.7	4673.91	3475.56	8438.88	313.912	2232.9	2257.12	3839.72	1568.04	2944.04	5751.24	2625.01	756.104	678.515	11933.7	71.5059	557.703	1255.31	1004.65	10916.3	3063.61	5731.75	1265.34	489.374	1740.78	2774.32	2058.19	14017.2	17083.6	2368.85	11608.7	14435.6	1215.34	5127.03	5453.68	9866.18	3249.77	976.502	3281.81	727.062	3148.06	2979.52	1027.82	1590.7	2343.82	9223.53	1244.72	3902.98	2102.71	2281.19	6133.83	5369.56	1312.68	1591.28	1530.84	4405.37	2553.19	20969.5	18910.6	477.689	815.644	307.114	155.707	634.383	386.392	539.203	1174.26	497.509	272.905	178.944	59.2384	1142.15	1052.8	66.0811	209.222	60.5982	390.736	1587.08	1684.61	4743.78	416.396	7961.76	18.5025	410.142	2936.02	560.122	7610.59	812.335	6176.61	5349.41	165.766	84.9044	373.435	152.478	1808.75	662.664	1978.27	16893.1	388.142	308.011	163.529	8051.16	63.8419	3556.38	307.442	1120.64	1045.99	104.659	11555.2	1109.18	2724.09	2183.41	312.137	6735.33	406.26	7552.62	9644.26	1790.44	2923.7	734.058	2779.6	9469.36	4704.35	15465.6	10051.4	10700.6	15634.1	6741.09	17327.0	982.484	8864.52	8374.49	2496.87	16705.5	9331.26	2192.37	18171.6	5277.5	91.9372	7390.96	16412.4	6538.91	3631.73	9936.2	954.987	8759.97	189.892	1208.55	5668.15	1332.59	2220.3	1680.89	299.947	4631.54	6812.87	2638.42	3370.1	13984.4	12651.7	7080.82	766.475	1191.37	9249.01	1661.26	8588.67	1818.53	422.904	284.35	5060.02	1891.56	3406.69	3331.97	3546.3	3575.95	9434.5	4824.16	21383.3
MT_M179	605.905	441.008	130.968	357.984	472.476	454.084	191.742	72.3717	46.3507	404.29	142.811	74.3788	381.817	139.221	99.8524	103.556	36.5806	46.8814	72.3692	31.4585	297.159	576.973	197.316	52.6042	731.089	97.2386	20.2052	43.8643	218.321	6.15556	94.7062	98.0052	435.437	136.32	90.2016	14.7238	166.335	147.331	19.141	97.3854	62.976	379.349	38.9959	736.237	321.921	74.4375	141.855	56.5748	104.636	600.282	70.0621	285.96	75.8236	107.337	105.558	333.183	171.782	779.205	498.768	225.27	48.3304	23.5646	60.5883	66.73	170.81	243.24	120.268	42.6256	147.74	80.0697	149.601	24.8289	142.66	209.998	82.7944	0.0	51.2041	144.299	75.8682	280.227	93.7143	72.1778	206.768	42.8847	108.554	497.941	36.935	80.7104	22.0446	65.6904	34.3464	122.651	67.6778	185.808	70.6692	134.384	23.3249	166.716	47.5035	0.0	86.6609	827.64	1963.31	102.952	422.339	168.986	925.168	76.5549	393.82	369.035	1334.46	240.667	954.23	240.223	992.566	1654.38	981.125	91.161	1549.51	155.098	259.659	285.828	196.309	5085.19	125.665	1344.74	1114.71	74.9408	110.564	167.059	32.7531	22.6495	22.7452	550.011	151.617	224.282	169.074	79.6654	584.133	0.0	53.0636	850.779	248.555	574.194	45.5331	554.797	83.9286	677.738	53.6071	129.42	555.507	33.2026	0.0	56.9431	54.0259	122.731	70.027	171.314	153.513	95.106	87.4468	27.7377	221.248	168.988	323.922	174.618	306.386	189.018	2109.49	32.6735	128.223	48.1778	440.657	270.127	65.2204	1625.84	54.4766	881.897	45.1828	6604.49	1509.02	186.214	28.459	38.4939	96.1996	226.273	45.3425	331.168	1257.6	47.2341	232.312	67.4448	41.0573	141.421	84.5524	764.792	53.2223	217.649	54.0939	24.9951	0.0	39.4218	54.1425	55.8039	306.022	180.104	49.3669	322.573	308.649	62.1584	72.4525	33.9819	34.9108	4921.07	2610.5	334.864	66.9666	246.446	7914.37	113.384
MT_M180	10711.4	65958.3	5691.99	5892.4	51430.9	16767.7	13799.9	834.895	5511.65	10568.9	32645.2	8492.94	70113.2	18586.4	15190.8	13923.1	1059.17	2900.07	24470.0	2079.02	31640.6	14819.3	25159.9	3087.5	25227.6	20425.1	19611.3	1908.13	34293.5	2257.88	8058.95	28922.2	14621.8	81785.8	11896.9	1403.96	79303.9	38008.6	337.887	44447.0	27494.4	11221.7	2415.87	42137.1	11019.1	8968.67	5889.25	32361.4	3271.55	8505.97	2710.03	18055.4	4077.39	29790.4	37178.6	12250.5	76506.6	35489.1	13062.5	35477.0	3682.51	757.895	7087.34	28351.1	17367.1	16339.1	16883.8	16834.4	2574.66	541.422	3974.93	744.289	14880.0	8189.55	13836.7	1245.09	8289.81	3258.29	4134.58	7038.57	1316.48	10208.7	17533.4	30066.4	3530.44	18303.0	2567.71	804.489	863.317	3953.28	9735.62	26249.7	64320.0	11871.4	27813.2	6940.51	3154.17	2141.21	1061.46	645.581	4244.95	61270.7	77198.2	5802.21	43199.8	172.89	71590.9	2393.33	6213.32	9605.53	35982.5	289.36	73092.9	9642.11	24904.6	51107.9	23482.0	2697.63	31910.9	3847.51	14301.3	19002.6	6005.61	10203.1	1331.44	14078.1	56439.2	19928.1	6246.68	7144.13	420.423	819.024	623.014	5140.81	6450.19	9901.62	1802.71	9587.31	7389.13	4946.29	4537.12	6553.2	4682.73	18409.3	513.207	4774.12	97109.8	1526.22	732.795	1761.82	61993.2	888.291	1670.27	2807.45	10971.1	32052.3	18811.4	16924.4	23174.2	29702.9	30709.8	1807.23	2998.22	15891.3	37077.6	27494.5	20037.2	10423.7	57153.7	5205.67	30999.2	10038.1	37206.1	26213.9	27427.7	61477.9	43690.2	56743.5	14383.5	53638.7	66525.4	29808.4	708.809	11882.0	58455.0	19305.0	25882.1	6869.18	42411.6	3815.8	11816.6	39343.7	6313.3	94609.0	4153.1	70652.7	16055.3	18152.3	1745.37	603.061	227.449	2349.98	9024.49	1334.38	56967.8	43904.3	35665.8	33612.1	50704.9	15967.3	35037.8	3437.59	15212.6	51014.2	48072.4	8968.56	42633.1	77056.4	81465.6	31745.4
MT_M181	3316.85	8168.22	5040.91	5568.24	1859.11	400.094	11592.1	1730.86	9133.21	434.515	2026.89	10337.8	7397.41	7346.92	3912.61	3533.07	999.447	7559.94	4331.31	1401.73	8875.73	60.4965	9556.06	1289.81	3355.55	4814.94	8440.91	2710.88	8838.97	2682.99	1555.87	10837.5	5289.73	7724.72	7130.02	3426.95	5414.53	7904.21	777.513	8298.72	6395.71	2584.94	53.5695	6413.06	158.026	754.799	1118.39	7574.2	146.342	54.4563	2016.97	7635.33	1992.49	2234.68	88.5099	3959.81	3400.34	1075.23	585.585	2676.13	135.993	4179.67	405.605	3931.61	6699.54	592.492	1117.68	3753.07	3106.13	3257.2	455.44	2910.94	4666.64	4392.27	155.692	6220.6	1684.62	940.621	3003.39	6122.77	975.892	8557.79	3255.21	6677.47	7915.83	194.858	2968.19	1182.39	11976.6	862.456	9674.24	693.828	4625.98	2263.77	9477.22	3869.48	3065.83	1213.2	5932.04	2472.9	6929.18	4432.24	5979.61	5652.91	4712.72	6273.02	5646.22	3046.61	2171.86	219.039	7328.32	1166.87	9535.08	586.259	3362.19	5086.0	1131.52	465.885	438.853	623.704	9781.75	4787.04	10719.5	1512.43	3915.44	2634.69	10255.7	3497.3	544.285	1479.6	296.671	698.647	305.573	182.563	9720.27	3596.69	12138.5	0.0	2238.44	8481.41	4425.71	1505.93	4967.94	1850.18	284.601	1162.14	8799.33	1383.7	227.788	1404.89	8610.35	13308.7	13668.0	1411.41	520.46	2926.49	3358.15	2319.62	6812.37	509.077	7812.25	247.423	349.349	138.001	1088.04	4412.67	1781.4	78.864	8791.08	419.49	1495.63	570.549	1115.13	897.649	1153.21	2904.62	962.349	6745.3	3120.59	3328.17	2564.53	1238.53	146.445	3096.24	4331.32	2216.24	2089.69	2274.81	6236.71	2222.45	886.657	5477.87	4335.98	419.887	7935.84	10594.8	7566.45	7465.75	3690.06	800.864	569.665	2025.13	259.036	5142.38	6781.44	242.54	7330.65	655.943	380.107	457.099	7226.8	2183.01	4286.11	5282.26	8.98752	12898.1	5686.7	1498.35	3814.92	927.949
MT_M182	35490.5	2842.03	2790.67	407.506	1566.72	261.972	41.273	611.142	3476.76	37712.7	1572.5	2634.1	1501.32	311.611	81418.9	3415.92	97488.2	17442.5	1266.31	646.191	1990.16	218.273	4683.52	2755.81	4267.48	4019.07	6087.26	3206.51	3651.28	3584.11	3773.54	264.363	4999.72	2006.42	3490.45	11403.0	2417.47	2172.71	4327.8	5040.12	2776.03	7140.6	733.782	1106.34	1164.04	1631.07	3123.68	1496.85	192.669	1276.8	512.813	2714.09	895.364	1322.49	232.69	2754.74	40.2391	1198.63	1957.27	1122.35	393.472	3515.44	2265.99	1444.66	15346.8	3399.63	7392.83	7.13456	1255.27	4719.64	1622.71	562.229	2009.73	1726.82	1562.29	64.4443	2007.29	1856.73	18065.5	50.1041	114426.0	2962.99	3364.08	4140.62	383.033	47.2764	9854.02	1773.42	984.138	234.412	989.024	2020.89	18862.7	1157.61	1677.2	224.988	1983.89	3639.95	41277.7	823.573	39005.2	1493.38	3425.89	581.316	1885.36	1561.41	897.726	453.756	151.04	1299.52	2060.82	341.389	4081.75	3597.54	1905.89	3730.14	4557.43	1832.61	3403.3	1437.64	585.901	4550.92	30416.4	628.477	1114.79	1111.78	6042.82	137.718	79.8791	361.223	20077.4	318.48	201.498	1583.54	81.23	408.481	1370.98	86.3438	1393.86	175.397	867.74	5345.72	397.653	4227.88	1084.42	904.419	426.836	1680.75	1031.98	670.126	597.885	1085.29	1610.08	833.638	2756.89	2722.21	3366.41	2987.79	3013.81	1202.92	3727.79	4550.46	4236.39	3003.47	3588.98	2634.41	2188.65	5722.43	3352.1	1867.07	4437.9	2477.91	3802.28	1288.76	1798.72	4177.41	2299.18	1111.58	7092.86	904.649	4316.86	595.837	1858.01	2329.96	1870.08	2009.89	2479.69	2029.49	2099.56	4183.29	840.141	2072.05	2008.48	44.4883	908.982	1190.27	881.412	2018.52	3226.81	557.453	917.525	1554.38	2985.08	2180.41	973.604	1114.27	2562.14	15709.8	178.309	5115.53	1583.74	11925.1	1269.95	19665.5	79.8384	2015.21	2248.52	982.166	2948.05	1306.06
MT_M183	137.732	102.925	170.873	63.0295	136.397	241.735	17.8158	66.3517	25.4776	246.747	96.3677	30.0535	15.4071	35.0747	30.5151	16.3188	22.4027	40.5147	0.0	58.1938	68.9013	163.597	0.0	84.8262	15.3924	23.07	0.0	55.3613	24.3815	47.9389	50.9868	213.41	0.0	71.4272	34.2116	25.066	16.0328	16.1327	54.9347	13.6757	42.6193	26.5702	264.386	156.538	49.9254	94.9966	0.0	0.0	0.0	68.0257	203.044	22.6169	69.6313	27.0017	80.999	56.9654	15.4705	92.9096	332.771	78.7101	91.1292	57.8871	78.8367	247.74	18.6668	13.1934	31.3021	23.8722	167.632	62.7095	277.16	60.8206	63.0934	39.035	565.326	425.916	78.4203	99.2243	102.499	231.337	140.369	107.827	27.933	62.867	567.136	0.0	0.0	281.647	39.3238	86.3563	18.1421	111.09	32.2457	173.592	243.596	349.915	25.6174	25.4101	60.454	0.0	31.1175	25.2408	37.0321	35.8725	37.896	104.437	0.0	206.377	174.907	47.0337	27.1896	190.16	18.7827	12.7375	33.9566	25.9469	25.9644	86.9508	97.4477	47.9172	17.4872	25.4208	18.4104	26.7565	92.9285	22.6164	50.0625	33.4303	29.7498	133.097	0.0	0.0	0.0	458.479	14.9546	46.2185	85.0749	0.0	216.479	170.928	59.228	0.0	225.5	18.0855	174.741	77.9298	30.9479	50.4697	47.5109	93.4803	24.6652	127.422	21.7025	116.502	0.0	0.0	42.4784	19.9616	50.9816	34.2337	20.4445	12.9869	14.3993	40.0519	27.0329	77.8023	45.7164	122.343	22.2104	48.1241	0.0	42.9164	30.6562	84.2356	216.352	13.8122	45.2771	79.4307	107.963	58.7236	37.4167	18.9458	68.5405	47.8778	25.5576	21.2626	33.0496	309.347	25.4186	71.7191	225.287	32.8304	22.4013	99.0621	54.7082	48.7516	32.8445	62.492	58.3289	29.198	113.435	40.642	65.4237	86.557	9.17342	53.7002	49.9275	51.027	52.5057	29.8072	75.4269	106.057	45.7872	43.4471	127.188	115.844	31.3555	87.4095	15.4124	27.6374
MT_M184	2003.11	28.9471	1604.83	262.92	330.765	1536.18	69.6935	127.564	68.5607	276.899	1765.53	122.946	28.0035	94.0073	150.451	119.185	85.1738	492.65	8.99121	447.711	460.559	684.507	62.0225	696.845	54.8994	54.6856	15.2701	90.7329	52.22	194.515	208.691	3249.94	52.5427	191.234	30.8858	124.711	21.7516	36.8158	145.347	35.6689	109.342	112.008	1330.96	1753.7	208.526	760.236	103.422	19.7638	43.2495	160.173	3823.2	64.0463	695.05	517.638	917.342	183.76	159.338	1176.27	111.362	130.989	2031.82	318.013	287.485	3549.54	56.3701	31.3451	465.811	56.2182	3393.77	209.876	4908.99	403.9	237.673	102.37	1007.57	6852.32	608.043	281.351	723.144	2543.55	291.51	531.49	99.664	117.861	8561.05	278.577	82.7783	5530.05	40.7452	496.608	56.4551	1057.88	315.231	449.376	795.438	6925.36	145.921	250.792	381.307	195.097	61.7003	28.9896	60.0465	80.7795	46.7424	849.58	38.439	1781.95	51.2154	527.92	63.2512	4145.26	11.7262	82.1818	123.468	20.4693	175.482	478.604	205.662	247.337	75.3638	65.1373	209.257	56.785	568.99	58.9621	29.0423	789.139	1645.34	362.094	904.145	266.222	302.66	6177.97	36.4523	173.793	325.34	208.312	2832.51	2900.76	239.322	253.411	2479.05	60.9406	3214.14	83.1245	528.835	404.204	1331.69	339.678	60.2572	717.414	43.6591	335.894	116.26	21.3386	111.9	38.4471	185.296	42.0881	79.2476	18.2393	61.9344	103.041	104.134	447.911	180.949	415.027	98.2123	216.338	131.278	258.134	49.1114	306.966	270.681	123.158	110.228	70.9842	313.236	71.5482	154.708	33.6059	567.37	343.616	104.555	107.871	59.0471	2961.0	38.385	248.488	2450.67	152.488	74.9022	105.524	126.596	707.632	172.456	46.6172	227.689	169.213	1034.14	90.8178	1404.67	107.971	144.294	215.05	1756.55	75.9713	115.8	108.433	563.243	402.033	197.47	48.7013	265.252	142.563	130.841	823.688	54.3573	277.455
MT_M185	888.105	1196.64	997.542	1269.22	708.347	378.545	2857.22	1241.62	1848.85	158.034	318.469	791.077	1806.56	3652.83	426.685	1087.14	530.694	863.192	2770.08	1988.19	2450.48	14.9724	1915.39	1226.73	959.191	498.122	1510.73	964.478	2849.15	429.99	706.747	4146.26	955.952	551.971	3478.05	829.369	2720.59	2874.26	199.062	1581.99	931.853	411.048	0.0	917.353	54.7425	196.563	464.203	1525.66	254.317	0.0	594.546	733.556	1300.92	104.928	28.0226	1696.05	158.652	133.804	1072.69	474.1	231.73	1168.98	289.32	1106.3	579.914	614.43	325.177	1223.64	1247.84	1063.96	133.397	615.847	1254.29	258.927	121.132	2595.89	320.768	175.575	506.282	1692.19	2833.53	2124.71	429.066	1401.93	2635.27	439.067	429.631	1316.33	2994.02	64.7006	4591.73	838.139	2448.1	915.492	5116.54	1280.7	809.235	597.616	342.805	269.316	1051.73	3493.13	1445.66	1748.07	229.52	1815.53	569.934	159.473	508.023	74.5564	1063.45	4714.99	1910.33	244.21	1514.23	951.848	152.294	675.935	254.344	192.724	2987.91	515.075	1109.08	45.4757	679.365	314.426	5665.28	189.037	65.2024	185.343	292.416	219.216	616.324	146.023	1795.08	1728.87	2273.17	0.0	644.851	1124.95	456.05	408.866	1210.62	557.302	436.847	441.639	247.892	703.255	172.646	2546.87	4911.33	3981.0	947.879	1196.6	193.272	665.876	1711.25	857.098	1470.87	356.481	3258.1	275.73	691.388	311.937	184.376	943.728	948.062	149.855	1319.74	497.251	434.627	211.403	435.397	1220.81	996.503	889.125	1491.17	2192.27	588.072	346.449	865.011	867.548	153.498	1732.79	653.097	736.683	1316.85	769.691	1047.75	228.797	479.327	977.696	1155.18	55.2748	2952.67	5213.77	1701.56	743.347	1653.43	243.492	858.493	406.585	79.7395	1141.3	3269.29	158.175	1314.01	462.511	74.036	196.6	1927.07	638.659	1129.05	2119.94	0.0	9861.03	793.97	59.8713	401.677	150.732
MT_M186	203.581	167.526	737.486	84.4193	274.743	9.06466	0.0	89.2059	349.51	80.2691	58.1033	498.067	302.621	81.1163	273.195	661.914	281.029	203.395	89.9327	35.2824	442.49	120.058	527.617	281.268	1464.89	257.706	617.69	1501.83	746.974	486.443	475.818	58.0269	2026.53	318.073	613.731	675.529	207.145	194.498	873.807	1879.68	304.265	601.766	238.263	132.51	42.8383	69.2913	707.422	125.372	33.7498	93.8346	57.3427	764.662	114.597	140.886	93.4924	587.333	13.4008	112.485	79.3319	644.389	23.6276	174.072	99.0657	205.034	199.25	816.109	613.278	193.268	54.6917	250.308	139.73	66.6532	137.877	560.375	485.988	297.748	100.111	154.765	254.517	0.0	1496.8	228.443	1025.8	482.635	100.272	0.0	45.7284	44.4567	121.688	18.7916	134.692	705.499	513.179	73.7168	136.836	36.7158	233.004	164.516	0.0	164.446	44.2253	53.4892	244.587	138.843	886.61	171.79	92.6509	48.5027	35.1465	136.032	614.364	0.0	246.736	709.93	452.303	135.11	196.348	68.5381	506.075	509.326	340.239	663.301	379.345	354.786	370.463	741.219	115.849	31.5709	43.8842	84.7431	0.0	23.9648	34.7462	29.3588	0.0	89.4761	255.868	84.9491	64.4211	108.528	47.5025	1243.47	86.0588	1267.96	44.0704	168.768	74.6924	585.366	44.0269	98.5796	38.9722	46.0999	270.303	86.3367	269.471	728.251	679.936	155.967	233.77	1105.84	359.035	608.81	330.876	928.927	566.165	332.562	278.386	241.587	352.286	238.087	360.635	575.487	1014.08	153.96	239.601	404.496	418.702	122.864	83.2045	74.3547	59.6417	1070.35	76.3589	237.73	468.738	16.5802	178.122	284.651	152.744	104.877	57.0192	341.808	130.703	40.5111	115.3	85.8889	19.2417	340.446	25.629	37.8473	69.5473	137.601	636.393	54.2204	148.39	90.1393	374.953	229.394	176.799	312.209	34.2306	53.1959	163.258	248.144	42.6277	294.572	198.137	145.208	220.865	169.277
MT_M187	10964.2	1056.03	12451.7	404.082	14820.1	1825.25	678.229	4830.47	12405.8	10970.4	3719.1	11838.9	806.404	2239.23	13373.7	11639.5	16147.6	10229.4	2852.71	13426.8	12729.6	6950.34	15707.4	13925.1	13477.6	17286.1	11390.1	10754.5	10435.5	13209.6	15411.0	12099.9	9110.86	16045.3	12365.5	13794.4	9466.66	10251.3	20301.5	15131.0	9745.96	15373.9	7465.61	10908.9	6624.54	6298.09	20120.6	2943.44	4077.12	6305.87	10455.2	3082.44	12511.0	10995.7	9462.84	1453.6	660.247	10989.5	444.458	2051.63	5680.6	10665.2	17874.4	13809.6	4004.9	9755.83	7585.92	9827.18	7508.25	11373.8	12810.3	15252.2	9613.13	17027.2	11814.6	12435.8	15764.8	9086.02	6740.13	13690.3	12565.3	9719.49	15849.7	6281.51	12276.2	0.0	1432.07	7775.11	7443.41	7747.42	5751.52	15266.6	13904.2	13528.5	7899.3	11620.4	12435.0	8306.59	883.016	388.022	10134.8	8406.69	2291.19	231.766	777.399	1408.52	138.584	3763.44	172.735	1815.49	1309.51	46.1998	1321.21	2093.28	2534.4	2597.02	1592.3	1695.87	1321.32	15574.1	1024.49	3287.85	895.406	1746.68	2300.59	2446.73	1773.47	7091.95	304.858	9298.48	177.534	4923.45	9991.34	2037.17	87.1721	946.667	1511.56	2648.73	2333.17	6095.8	8932.64	1305.91	2763.66	247.867	12662.8	1981.61	485.282	1507.62	29.694	245.817	296.094	510.385	2008.58	1770.39	1691.58	10108.6	16342.7	12428.1	13306.3	12291.0	14158.0	13309.4	11190.0	19362.5	16559.5	8346.14	16230.9	19514.5	13309.3	21782.7	8127.26	19776.3	10663.6	17672.6	20438.9	15874.1	17389.0	13383.4	11014.2	5711.83	13080.9	4874.09	17645.9	16269.1	9092.89	2635.88	10670.6	10936.1	9913.58	10920.7	13612.8	15660.3	7382.44	3938.95	12649.6	8182.45	5043.58	18804.7	12982.6	17007.7	8845.72	17132.4	17412.4	10517.7	8721.26	13735.8	9314.4	16976.5	14100.5	12475.9	10358.1	16197.7	7052.39	9630.22	2425.97	12105.4	11389.5	18839.4	12298.0	8949.59
MT_M188	983.554	479.314	3666.58	640.691	458.678	74.7262	447.372	2648.04	2479.52	338.52	408.145	1149.04	266.491	1096.66	3096.43	2521.13	5859.94	2065.02	223.156	2519.37	2381.98	398.118	1504.4	731.286	5169.83	944.392	1289.83	3796.36	1894.99	3133.41	4220.82	977.749	1489.39	1366.89	4995.15	4379.94	453.469	149.814	3635.39	1635.98	1370.54	839.503	144.969	765.477	1339.85	4305.58	3246.3	473.849	217.744	151.463	148.98	1727.47	1162.5	443.319	3322.63	2000.24	8003.6	457.546	622.471	1370.51	16830.0	29251.9	1848.83	3957.4	2666.56	4011.41	1435.3	1699.76	34473.0	5230.62	778.992	787.064	1672.03	1305.49	1571.81	227.772	421.391	2004.92	421.351	4908.34	3192.04	4914.59	3441.71	2165.48	68.0148	10366.8	1933.46	228.658	472.3	7310.3	557.206	1623.44	1091.23	1581.07	687.261	589.514	9686.47	805.822	39312.4	708.669	246.241	551.343	1062.81	140.748	1113.89	876.241	648.878	3075.9	20.2472	455.139	347.384	72.2686	536.88	883.586	1834.51	394.252	1447.21	1932.81	1860.19	589.526	412.684	2041.76	531.569	816.421	86.1389	2887.07	1190.15	241.739	51.1347	766.097	136.129	699.039	7439.47	8464.23	15.4059	1513.95	612.051	15209.5	830.794	4271.12	450.435	5390.61	203.014	1053.48	1191.57	1383.1	909.818	1459.87	13.1911	50.5201	61.3293	118.823	432.492	814.871	1845.19	210.602	652.114	251.129	1596.4	1414.62	348.163	589.278	948.567	826.084	954.27	4237.38	299.845	759.042	772.746	1394.4	157.592	954.424	424.494	888.131	610.312	486.212	360.152	175.286	88.1696	41.6046	466.063	184.623	718.733	419.917	148.992	772.817	98.3387	2888.12	665.387	301.894	435.681	294.356	112.44	21159.0	468.845	106.0	463.423	502.771	694.739	36.9777	224.751	1365.03	1467.32	363.476	55.1901	273.771	813.53	76.6186	761.277	2849.17	100.361	447.191	1203.98	124.311	88.2542	130.799	1368.87	129.487	195.544	198.629
MT_M189	12086.4	234.76	1407.71	5532.83	2165.76	966.892	2348.97	106.216	224.375	169.094	6836.95	1010.3	628.392	373.231	350.912	110.27	166.821	957.008	1150.52	1240.08	1591.28	15456.2	630.915	4978.79	517.955	941.712	264.137	118.256	258.89	169.153	258.132	4111.51	106.388	678.145	246.795	135.816	1144.62	2577.03	83.8856	472.855	245.647	138.994	1539.3	503.968	1163.39	1841.8	464.421	555.07	729.283	865.429	13048.6	234.492	8431.36	9906.17	18092.3	720.275	763.351	5239.44	131.483	1693.21	9121.63	355.314	432.949	154.326	362.975	281.634	683.699	309.83	4429.1	181.824	33058.8	221.59	2202.63	7312.03	1416.2	7707.93	509.446	277.97	1745.35	14361.9	121.632	6393.07	981.354	682.12	11329.3	1519.83	166.567	3861.15	106.038	9134.05	821.891	353.866	464.223	3374.87	867.448	7250.6	285.717	542.397	4270.58	133.189	345.258	6526.55	132.257	3656.89	191.145	396.988	1767.8	5383.65	253.087	1524.77	637.263	16970.7	329.442	430.983	196.911	103.669	493.28	1293.59	393.732	489.408	412.386	112.907	28843.9	247.985	465.586	540.931	131.491	20179.9	8366.26	577.682	578.439	2265.45	1027.9	1864.89	2659.36	477.65	1947.3	2242.51	2586.13	6024.43	483.473	285.787	3152.63	99.6971	712.777	264.172	1099.91	148.213	10881.2	366.927	258.737	608.291	791.393	4398.04	185.667	743.779	2574.91	164.796	873.784	181.435	369.292	190.982	434.481	1693.89	338.488	1250.29	512.575	565.719	216.958	839.196	171.288	292.56	94.508	2120.53	203.598	164.208	452.068	374.857	301.876	2465.33	875.615	341.493	472.971	1411.94	322.486	383.911	221.951	4501.32	140.253	201.944	4810.74	1066.58	481.113	2255.7	341.78	25918.0	2068.72	3309.96	274.463	173.719	1154.05	859.023	46.353	526.224	334.158	4704.32	198.415	423.3	334.742	418.608	1281.87	1540.95	223.087	2125.49	4339.77	422.649	1756.95	5911.89	469.483	450.723
MT_M190	784.469	35.1887	648.796	131.242	74.4721	777.977	40.2325	30.7452	48.9853	91.7165	605.806	49.535	19.0391	71.1935	51.4132	106.041	31.0189	117.982	12.2589	127.528	205.017	216.116	33.2422	297.072	72.5495	21.0827	15.5375	26.7566	38.1456	65.3744	63.8121	1323.29	24.781	48.6615	46.2416	28.5774	17.616	16.9623	43.5594	27.6865	45.7982	42.0764	361.179	949.678	46.5082	225.923	18.8803	15.2166	0.0	46.1651	1082.05	32.316	217.09	132.264	151.022	41.5126	39.4462	338.805	43.4043	83.8354	437.969	80.6155	72.2535	1718.57	19.2694	62.4957	157.507	94.4032	866.914	69.4254	2151.84	200.285	180.405	52.8558	476.057	3340.53	193.889	102.646	220.923	1516.1	102.528	209.948	47.1391	48.6276	4129.36	53.4883	0.0	1897.21	15.2696	95.5083	44.6688	382.369	76.7869	300.172	340.616	2304.62	71.7099	99.9387	159.489	0.0	57.8124	28.4287	49.0312	28.5684	15.0431	233.041	40.8455	385.601	23.8401	116.411	19.3402	1014.59	11.058	53.7735	61.2424	21.1332	79.0523	115.214	68.3641	70.3614	44.4658	37.8713	117.789	21.7327	156.478	27.9749	20.8271	180.281	512.148	98.523	179.345	54.5911	61.7378	3542.85	25.0013	45.3728	128.416	0.0	949.33	799.621	47.6599	58.9702	1187.46	30.7768	634.076	35.004	131.928	99.0474	299.354	75.4396	40.8312	159.064	30.6401	63.8201	0.0	12.4487	49.3485	23.2083	59.2655	22.6458	52.0425	34.9408	30.1445	40.235	55.1869	129.996	56.5793	138.191	32.7206	59.4111	118.544	71.2855	45.6643	86.7262	78.8956	99.5124	130.207	27.7305	150.02	33.9756	36.0854	42.6535	144.869	111.346	20.63	29.9346	31.0573	922.805	13.8397	78.1057	742.459	39.9216	41.4242	27.1212	81.8502	286.197	99.325	17.7697	74.6094	43.9122	247.077	26.7197	440.325	131.209	110.563	50.251	467.304	57.47	27.8031	49.3537	328.164	154.485	68.8485	32.1762	89.424	40.2518	29.911	235.59	14.2581	66.3445
MT_M191	12.848	7.94633	11.7399	46.1612	20.3021	0.0	23.8968	46.3821	189.427	663.783	229.934	29.8549	0.0	74.9796	210.724	33.9272	26.5694	217.232	187.79	52.0711	11.2462	135.529	73.8201	122.315	67.8255	249.411	24.054	20.1356	127.78	22.3084	20.8635	46.659	30.9185	187.411	43.5254	6.5951	735.866	82.6734	18.2622	33.5591	24.7986	17.8372	74.3815	119.665	22.8194	525.296	26.5368	724.58	27.5999	171.511	65.3295	56.7077	239.782	74.1466	10.5882	22.0376	27.6865	439.751	9.76003	6.44486	16.4453	175.314	49.2077	8.49882	294.595	64.4682	22.8874	16.7646	75.1013	15.1097	201.085	81.9918	125.574	118.157	442.102	64.234	480.004	223.549	207.75	246.043	38.3646	420.238	133.476	350.199	82.4323	20.5498	48.8572	83.7454	304.912	100.313	146.427	28.0538	70.3582	168.065	301.478	60.4775	228.743	126.951	44.2281	184.555	284.956	87.4132	10.1447	57.1003	12.7298	0.0	44.3555	0.0	34.9129	27.9393	0.0	0.0	0.0	23.0341	6.07069	12.7634	20.7143	7.82482	0.0	18.9686	15.2298	23.6184	104.564	70.0597	55.3335	19.0548	37.3913	24.7874	13.2098	23.9034	28.7122	17.2349	28.6191	52.7867	20.4919	19.8681	0.0	107.928	51.1241	65.5514	189.904	88.7215	55.3762	0.0	66.6988	12.2274	81.9279	14.8547	22.6074	82.3129	0.0	66.2444	95.7604	39.1938	867.009	45.2966	222.459	30.5466	47.4491	34.5524	43.2021	61.8778	80.9902	461.158	65.0769	505.087	102.451	57.982	34.7498	303.397	57.3986	385.439	82.6887	139.676	78.7573	83.1983	30.8859	77.5474	7.42791	220.265	21.1543	67.689	241.281	28.8157	37.0559	123.325	18.5183	51.0247	22.1797	25.8298	70.0488	124.046	90.6892	39.8402	87.2338	323.556	130.486	348.746	22.0475	108.068	133.454	48.2977	724.44	13.6316	12.5892	74.3969	233.247	36.9237	16.853	31.0205	20.4621	236.252	18.3111	27.2234	27.484	61.5459	61.4335	155.554	23.3596	142.061
MT_M192	4414.52	7932.26	11480.2	12082.9	440.767	311.706	10608.1	1017.62	13340.6	1074.95	5017.06	13130.5	7419.53	9185.71	11421.2	7780.52	2912.41	10841.4	5909.07	2157.17	7520.43	60.9616	20482.6	4116.94	11972.8	11134.1	11032.1	7274.06	11124.7	4593.39	8054.45	5044.33	14919.5	1377.04	10187.2	6586.73	7275.94	9670.64	4090.9	8930.98	12852.7	7993.38	48.2288	5229.58	1319.44	2518.09	3130.95	10330.6	81.3665	126.173	3262.65	12913.8	5320.27	713.652	508.142	2202.07	2132.35	1632.21	2354.48	10244.8	145.419	3324.8	1503.87	8288.42	9891.04	2883.64	1551.8	8008.46	4073.2	9699.41	1988.18	14065.2	7555.77	18667.6	608.004	739.474	8472.57	4251.57	7634.22	4284.32	1495.33	4777.79	13151.9	7282.23	1323.5	88.3327	4358.62	1248.5	8010.61	846.96	13360.2	679.307	3217.45	9526.13	3128.43	690.711	18854.4	3781.73	13087.4	1927.36	9811.08	4775.52	7290.4	10606.6	3596.62	7073.72	7206.82	6994.58	1018.61	595.636	5640.3	521.888	10542.3	3289.73	12752.6	4524.18	2249.94	2074.23	1394.51	3466.83	9123.15	3903.09	9227.33	6696.59	11260.5	4154.61	9123.31	4993.1	1250.23	7964.43	352.456	1007.36	56.2516	970.316	11564.5	12087.5	18965.2	67.216	2623.24	6870.14	2920.75	4112.11	13280.6	5912.71	175.814	1972.68	6254.84	5753.36	1053.38	1196.88	7191.27	13974.8	14889.9	522.757	2052.6	1872.45	6119.19	6543.24	3599.43	1040.75	10974.3	1300.71	5483.83	3660.05	1917.34	6488.96	2558.46	164.851	611.347	8436.79	1186.18	640.256	1170.61	3445.01	1681.63	6668.81	236.935	4036.05	4951.61	984.341	160.128	5821.38	1087.39	8633.22	2711.77	6504.85	2756.4	528.727	3494.29	1731.37	1499.58	2078.14	7724.32	43.5903	11008.1	5362.76	7724.45	3966.0	3365.85	2950.48	448.108	7964.93	639.564	10131.1	6355.18	28.6692	6617.18	2292.54	98.7403	1557.41	12833.3	5245.89	9984.59	2392.9	35.4466	1478.98	4321.04	279.6	751.762	4555.92
MT_M193	5700.41	8338.84	8187.6	9554.22	795.939	96.4671	10890.7	1182.87	13227.0	607.844	4983.43	11887.3	7346.53	9278.06	10097.6	6257.33	1795.13	11265.6	5770.11	1463.22	8001.86	60.3474	20705.6	3736.52	8805.73	7554.2	10938.0	5873.04	12224.2	3319.46	2929.99	6311.64	10540.3	1348.94	10485.7	4951.7	7082.88	8601.6	2808.56	9881.26	7427.34	9159.39	40.6411	5349.05	688.052	1820.87	3615.12	10738.6	65.3051	107.965	3542.31	9815.01	3382.74	1024.59	206.661	1736.49	2129.25	1074.16	1109.93	3312.95	100.318	3343.2	1491.12	5577.61	8853.36	972.562	1793.41	6873.66	4685.54	9760.38	1648.32	12282.8	6624.52	15565.3	443.544	3672.66	5584.95	3317.96	5974.08	7173.54	1345.36	6105.93	2779.88	6243.84	4515.13	183.9	2674.54	1630.9	8418.9	1071.86	12708.8	708.632	2572.74	7372.47	4501.93	2498.31	13769.0	1495.55	7448.7	2642.92	10225.4	4198.04	7549.56	11596.0	3677.3	5710.85	6897.19	6958.31	1379.36	598.417	7498.65	577.777	10431.7	1616.03	8949.75	4584.94	2157.77	839.826	1064.86	1248.26	12342.1	3574.96	8300.01	4346.06	9950.46	3390.62	10062.1	3791.79	1013.98	5649.53	369.96	1419.46	80.3252	1076.08	10850.4	10045.8	16084.0	59.4752	3087.86	10243.2	3735.41	3658.3	11176.6	3441.1	213.051	2107.34	5918.93	5688.23	735.553	1234.74	7378.39	15419.9	13367.6	418.539	2439.5	1649.57	5125.0	3581.28	3129.32	605.258	11006.1	400.673	1520.25	446.458	1127.62	6601.1	2469.24	138.092	2414.15	2409.59	2283.7	705.61	965.981	2473.52	719.755	4584.8	267.976	4608.7	3092.36	1173.38	282.334	3053.0	850.007	7535.77	2358.1	1463.92	3195.43	617.635	5130.37	1716.5	1842.36	1405.38	3979.78	21.6548	10170.9	7988.32	7583.76	5646.06	3763.4	3134.91	378.922	7773.16	591.745	13279.3	8173.3	33.4554	4623.65	1385.97	112.334	2035.27	12173.6	4834.54	8820.24	4284.21	26.9704	3479.77	5092.38	556.573	1092.48	737.258
MT_M194	244.588	105.54	508.638	153.133	569.729	180.152	1783.17	86.4864	1086.86	3875.81	563.581	1749.23	114.101	67.2075	373.992	527.684	649.01	1004.93	275.891	9430.45	255.966	5417.11	609.928	1490.88	838.17	2614.29	419.418	190.833	895.872	317.032	440.458	4952.35	561.863	957.327	1471.29	637.013	493.969	1250.36	410.114	839.087	1371.64	755.558	1246.82	376.282	282.541	248.065	2008.24	8201.65	4493.76	12215.0	2584.33	519.143	2242.11	1505.76	3765.16	184.311	2501.86	13123.3	58.0532	317.531	5930.77	3151.62	621.612	440.983	338.945	477.661	458.349	904.305	10106.4	491.86	582.164	7187.68	432.011	1272.52	606.336	4302.63	386.032	792.365	832.245	5011.64	166.048	1432.09	358.698	411.849	3321.89	8970.88	1819.67	210.703	641.38	3255.29	329.408	5926.14	1011.36	706.507	341.8	3206.14	549.144	841.012	11490.3	143.883	806.251	6455.41	89.6052	6316.77	170.744	53.6946	1212.37	1251.81	132.817	3088.71	150.005	5228.54	319.257	76.3778	381.687	95.0879	516.132	194.209	77.4865	80.0694	65.1921	155.165	109.207	38.135	444.308	67.1343	123.072	8738.5	4342.49	959.458	20294.8	9716.2	21679.8	180.228	1535.64	228.928	62.6747	6341.27	153.653	7014.97	11350.0	218.793	1997.73	140.34	13259.1	71.6345	5806.07	43.1169	90.3434	133.378	58.3827	267.2	5676.94	1620.95	444.482	128.934	1094.71	377.367	381.916	594.007	1374.21	962.01	256.77	1369.83	867.915	863.114	1518.4	1033.8	666.552	9210.58	385.413	672.121	784.275	994.667	612.657	728.368	667.454	635.517	390.737	9133.03	1240.82	606.67	726.908	537.884	463.452	1178.83	244.909	1132.06	181.706	433.488	829.715	400.132	646.347	14514.7	351.421	472.349	3175.66	587.88	457.235	457.523	1294.16	444.457	921.274	572.86	637.126	1048.62	783.733	1357.36	501.074	865.147	234.909	420.773	519.067	494.11	5364.68	344.708	781.34	1444.8	766.242	2648.08
MT_M195	3342.72	7798.82	5010.77	7692.99	2831.13	798.743	8046.66	842.784	10327.2	1278.83	3833.49	15001.9	5279.17	6393.72	4666.06	4142.56	1787.74	9395.67	4500.7	1170.64	10813.0	281.395	13651.9	856.369	4615.26	4390.42	5866.41	5292.72	11408.4	6871.96	1180.37	13955.0	8049.13	17732.3	7287.94	5252.23	4957.79	9178.38	927.088	7648.13	8779.28	1905.87	98.6855	7798.23	174.937	1739.24	594.376	5456.77	152.805	123.679	2285.85	14130.2	2265.48	2109.83	258.431	6994.74	5987.13	2390.48	365.886	3344.26	166.456	4725.52	962.36	6387.79	10279.0	522.313	1833.87	3774.16	2429.94	2729.67	555.039	2119.81	5629.86	6604.41	441.76	3519.38	2275.98	953.554	4053.68	6352.25	753.872	10605.8	8902.68	9808.17	5046.47	150.308	7091.53	814.756	10469.9	1010.72	9205.29	782.121	7414.33	3466.98	9643.75	3719.12	4152.92	1695.83	6202.23	2640.51	6370.2	4597.02	7105.64	5723.79	9338.42	8796.91	7711.66	3132.58	1965.73	173.359	6942.31	354.23	8741.66	655.046	4385.18	6902.0	3559.11	179.229	716.39	550.355	10967.8	8489.19	16362.4	5077.81	3178.58	6416.97	9506.38	10215.9	616.898	1969.82	372.813	447.194	226.286	155.758	9516.48	3510.66	17204.1	41.5295	2319.58	7022.38	5167.26	1035.19	4608.88	2058.21	250.671	1646.22	14010.8	1324.51	1986.95	713.511	6955.36	15030.5	17075.1	1356.89	485.106	4308.99	2252.34	3203.33	14632.0	374.8	6563.35	519.392	267.775	76.8418	1018.77	5351.52	7623.09	177.697	10103.8	645.629	2042.55	297.231	1130.74	1774.38	4096.41	3719.72	473.075	8343.42	8390.94	4384.66	7924.95	1069.32	59.0862	2299.02	10993.5	4478.99	1580.2	1888.36	7797.83	4643.78	485.106	11781.1	3646.48	2028.39	9411.2	9841.11	9003.97	10687.7	4382.82	283.46	3552.22	1105.77	234.353	5014.11	5645.82	928.443	15139.0	706.743	661.352	856.46	9828.09	2347.38	7493.58	4254.35	18.571	6076.37	12686.2	3804.73	6519.9	4101.09
MT_M196	43.4791	779.622	99.0469	271.17	611.721	0.0	135.413	732.926	534.184	1569.0	138.306	418.379	308.309	1470.24	464.672	409.121	89.4734	680.11	48.4732	1223.84	448.412	0.0	538.923	804.273	2426.21	821.444	226.726	1720.77	353.532	164.686	784.358	193.935	181.405	378.537	565.872	449.901	240.765	1896.39	84.3872	506.004	1247.69	416.241	382.829	166.346	710.928	82.3456	228.89	0.0	1970.0	110.844	414.522	424.622	278.833	353.721	287.169	1588.05	1171.2	864.584	188.609	388.708	0.0	2192.94	772.496	973.283	846.047	285.534	72.3407	522.689	23.9744	277.483	517.242	2541.98	277.324	2574.85	151.272	1716.45	958.849	42.6035	253.399	127.591	231.503	61.125	561.593	210.669	1441.29	94.7447	137.184	314.095	1219.57	2272.42	300.604	199.829	2428.03	113.543	1274.9	1779.02	2936.97	110.199	150.312	308.79	120.936	91.8392	713.333	685.683	171.136	1319.49	234.719	125.959	52.7243	1122.22	694.294	62.6045	1781.77	254.19	830.913	433.428	407.277	1485.43	607.242	817.041	280.449	413.182	630.858	1726.76	508.828	889.92	927.165	1054.28	99.2557	602.08	207.495	422.681	2508.07	2694.15	170.898	870.826	1350.83	763.534	401.753	1162.43	102.998	181.979	267.807	140.133	193.089	633.52	645.537	675.91	73.386	694.408	390.273	395.023	390.246	677.827	1046.68	192.244	307.907	233.791	535.159	841.481	325.634	139.876	348.529	1514.4	551.132	1796.71	1077.13	393.667	173.613	3459.88	284.184	3435.11	606.441	2607.68	1901.27	1672.78	353.091	758.206	2503.05	752.928	174.899	300.086	1408.67	380.21	596.197	940.972	38.206	3559.82	927.474	199.375	434.308	803.245	1178.55	685.22	1255.88	351.226	824.193	699.401	14.9671	4263.27	260.794	1707.97	2235.69	392.559	378.58	3166.47	3864.07	1377.89	2260.81	95.8586	1723.95	2766.31	1264.63	214.307	44.0957	1089.35	453.455	979.284	493.04	2558.83
MT_M197	249.132	34.5946	2389.58	78.6808	3736.01	459.872	189.921	625.624	2869.27	973.146	232.574	1535.33	47.5144	123.545	1763.29	2894.72	2807.03	1552.49	212.737	1305.44	3043.83	709.834	1152.19	1649.72	1970.7	2228.27	1047.29	1667.75	615.841	2131.59	4113.47	550.739	1512.58	2028.57	1824.25	2338.07	1279.81	1493.66	4240.31	2430.82	1144.6	2958.34	162.155	460.447	1104.85	446.546	4687.35	331.694	873.884	71.2041	604.047	214.063	455.389	2768.36	2136.11	218.781	510.921	1173.98	51.5886	102.249	801.45	935.161	2124.91	1399.12	125.069	3446.57	1134.04	2286.41	673.841	2226.76	920.198	392.126	1591.0	2041.47	1406.51	36.4413	1568.85	760.258	649.247	203.178	2772.61	1064.28	4472.58	875.829	939.894	102.86	197.967	2754.78	489.05	896.931	545.374	2279.89	947.377	2935.84	736.746	534.023	1230.79	1981.34	62.9895	179.891	284.355	1235.31	54.7559	47.6426	70.0244	91.0717	20.7676	610.8	26.6872	49.3577	27.4748	14.0914	37.8798	96.8102	97.9088	78.3451	163.646	201.349	62.7809	398.391	60.0106	145.153	17.9039	99.2135	42.8191	259.249	83.7352	688.7	599.235	822.725	123.33	128.857	333.092	215.747	32.5538	106.042	85.5179	326.042	62.3148	247.811	570.584	913.412	228.678	51.2071	1030.25	133.527	152.054	186.337	13.3071	311.402	13.865	60.9547	251.931	477.61	364.047	471.462	1366.01	1192.67	1827.74	2764.04	2444.65	1980.72	982.805	4936.81	4235.13	807.514	852.868	4721.39	1576.2	1152.56	364.899	1353.42	2029.62	1435.96	1447.23	3624.6	1308.32	1189.68	649.512	366.115	3027.44	180.431	1913.6	1173.62	240.473	300.119	371.696	665.338	295.276	804.084	914.752	1435.58	203.314	707.359	793.381	439.458	354.51	1028.73	2464.61	712.654	389.749	940.585	1215.68	603.997	445.683	617.215	822.109	898.837	2232.96	2290.64	738.865	522.772	768.876	595.0	450.304	659.639	888.075	613.339	706.34	227.216
MT_M198	614.656	23.2725	67.4919	9.56054	110.929	155.258	13.5861	161.053	111.937	330.801	70.3185	23.1805	13.0409	19.1839	148.566	43.2407	129.545	214.151	13.4311	91.8147	207.847	102.667	119.127	119.678	72.0739	141.198	212.713	971.932	46.1098	152.458	51.8575	581.371	15.6222	120.372	14.527	58.7247	35.6109	138.794	45.2102	133.105	11.5388	41.6847	213.232	389.387	49.6874	1625.35	161.757	242.8	57.4416	57.2782	133.617	74.516	692.639	27.2522	365.115	19.3319	84.854	553.353	8.54944	57.1863	487.699	511.133	761.456	158.302	351.837	162.82	37.6366	187.498	405.631	116.521	168.084	104.938	143.993	2419.87	133.137	39.5297	138.124	1694.06	117.288	109.012	44.6197	325.871	32.8972	0.0	27.0457	146.785	158.578	16.3702	316.717	104.515	0.0	69.3691	85.4115	71.8567	111.156	156.582	1188.69	30.0583	319.596	0.0	86.7975	86.2203	16.9084	72.0474	10.2006	55.1373	20.5307	21.5017	65.6651	84.4808	69.9712	31.1782	5.89017	80.9259	55.0871	47.3053	9.98607	203.556	13.5902	216.395	17.9176	87.1303	129.528	76.7721	231.689	90.9721	20.7795	39.3699	72.0102	143.385	16.7086	219.01	0.0	22.1136	76.111	57.135	26.087	306.212	47.7925	3171.37	200.824	37.0502	64.138	5.81885	1349.23	6.0906	18.8071	12.1947	85.6373	114.894	15.0601	527.947	65.8012	0.0	539.483	50.2782	822.017	468.112	207.481	123.463	276.948	130.595	113.263	51.4512	99.127	966.879	120.199	209.167	138.378	462.417	82.8309	72.9102	55.7401	730.117	612.668	195.035	172.364	452.982	79.7202	133.275	72.8759	53.2992	207.339	69.7949	163.518	84.1049	43.7905	59.9729	207.45	158.483	83.7739	144.52	5.57493	162.321	76.2955	23.343	152.056	372.751	49.9671	429.482	574.649	285.879	141.006	40.1579	133.333	38.7603	174.065	165.862	75.9212	40.9466	82.8775	404.685	110.164	237.922	139.666	46.928	241.952	66.4322	75.9148	128.656
MT_M199	292.494	367.213	803.603	646.483	38.5472	287.637	447.722	44.1352	911.112	278.397	1196.1	467.952	1323.21	418.169	238.158	8459.87	145.865	412.645	1738.87	118.183	212.236	187.739	922.681	133.501	5363.51	616.176	513.881	270.374	381.93	208.908	435.055	269.011	1018.8	69.2342	366.685	330.623	671.039	485.356	357.223	652.062	1454.21	295.531	56.9632	489.711	38.11	181.22	208.75	1693.95	29.0978	273.168	212.37	224.794	147.683	344.207	633.98	293.292	3514.31	838.324	132.891	271.052	94.9689	203.868	54.9001	429.578	996.713	767.29	57.4321	5014.13	182.08	597.235	234.395	817.576	1712.69	423.537	56.5306	101.494	238.262	121.255	1218.64	846.814	44.6093	288.128	228.231	497.294	323.385	196.182	559.841	85.6876	258.235	48.0941	1136.2	46.3064	363.921	189.791	393.142	169.592	2200.92	238.737	905.611	655.801	680.096	701.984	497.415	829.222	244.393	281.9	1116.94	255.575	95.7729	99.9716	164.249	82.6224	558.939	202.336	1514.63	186.926	65.3567	103.044	34.3293	729.568	80.3144	160.554	1672.02	870.166	218.726	106.359	519.825	326.586	146.843	181.493	0.0	74.9204	0.0	102.187	291.707	256.284	264.345	0.0	96.8582	321.74	313.932	115.503	265.336	561.273	63.5412	103.52	879.989	857.802	119.117	371.748	160.026	136.322	1255.66	0.0	412.056	62.6033	415.968	3875.05	333.246	1355.08	557.345	129.9	2001.61	1296.53	120.971	1216.04	156.137	857.026	654.769	555.819	1847.79	118.234	141.803	147.937	195.727	10225.7	58.601	439.199	997.772	878.791	114.394	416.942	141.163	1722.49	114.836	386.543	306.515	70.4624	398.1	170.26	216.528	443.531	6814.54	40.1056	619.186	174.995	942.799	345.5	360.313	174.785	46.3327	1530.02	129.895	493.526	635.183	113.857	558.765	354.896	41.7081	133.317	442.981	364.463	789.196	557.551	111.308	937.415	491.943	1064.97	56.733	667.964
MT_M200	4717.83	7880.42	8315.1	10570.2	3475.7	698.243	14105.5	1295.33	12804.7	2475.01	4166.45	18118.2	7375.61	8806.0	9294.49	5610.0	2331.41	12370.8	4830.23	1904.51	11875.5	336.068	13351.7	2021.12	6903.91	7814.2	8733.61	5103.34	12032.7	4575.16	3026.1	13535.5	10218.6	5470.18	7819.69	7026.08	5550.28	9872.57	1901.59	9755.4	8449.67	5379.19	76.0424	8541.57	529.112	2255.25	1569.96	7988.83	155.82	147.766	3527.99	8030.49	3003.29	1262.7	838.571	5057.09	7004.45	4044.77	870.288	5464.87	128.972	4235.0	922.828	7319.11	10483.8	1144.81	1908.94	5924.25	3124.98	4695.98	1132.08	5940.36	6247.92	15519.9	579.448	2867.95	5058.46	2127.69	5366.36	7409.35	1044.2	12581.9	9858.48	8091.89	4399.85	158.3	6807.01	904.61	12805.4	1483.84	10548.6	1268.39	6674.46	5790.13	8460.11	3573.19	9598.21	1878.98	9656.2	3693.23	7982.37	4834.89	6628.12	7582.85	7370.68	10316.0	9212.2	6739.57	1965.79	390.15	11732.4	308.694	10090.2	1820.3	7565.31	6946.73	5581.9	693.424	950.077	1322.38	12040.1	10203.7	16165.2	6871.45	6457.95	7256.72	12673.7	5825.14	1380.81	4878.64	519.711	638.439	264.38	434.372	11468.5	6495.7	16227.7	0.0	3459.4	8669.78	6033.84	2402.82	8641.19	1454.74	265.343	4078.86	12435.6	2526.2	2671.92	606.235	7952.91	21375.7	20157.1	1397.13	799.462	3824.59	3446.05	4250.92	7548.47	574.726	10233.3	269.644	1170.94	612.91	948.4	6558.75	13758.7	90.5886	5952.71	1327.71	1192.63	469.368	1137.75	1203.22	1887.37	4622.42	490.405	8222.5	5059.59	4757.87	5091.33	1992.79	269.999	4297.68	4349.12	4240.66	2037.37	1220.43	7838.99	2953.85	784.646	6301.53	5564.61	785.879	8648.43	9481.71	9621.05	9763.36	4177.89	760.243	866.345	3120.57	368.276	8863.88	6354.53	46.1759	8109.45	1177.6	426.78	745.983	11015.6	4086.6	6914.97	5465.31	243.401	2841.78	12455.1	3425.58	2878.1	5990.67
MT_M201	57.9458	438.951	296.616	74.7872	89.1398	17.3648	90.6193	58.3023	60.0778	31.9456	54.1447	213.701	258.634	93.5754	99.8843	139.006	588.34	73.1126	42.3664	71.8317	133.074	134.967	49.3702	19.7277	129.042	159.639	1298.63	91.0521	397.419	17.8998	355.124	32.5472	521.528	188.029	98.9113	214.008	50.9833	126.232	407.487	354.29	175.289	783.155	699.325	25.6459	66.3735	300.729	291.702	16.6345	23.3065	604.52	61.4374	623.876	37.471	19.6387	76.5711	435.735	6.03185	41.1401	552.167	151.018	21.228	1209.03	78.6603	103.547	68.9962	48.6702	129.069	60.1523	33.5455	45.2338	52.2157	65.0014	133.106	112.201	145.159	52.6637	40.8613	12.668	10.9106	19.4791	658.423	117.253	217.283	52.768	113.566	38.0348	2329.98	41.7245	61.6975	21.5279	453.196	249.653	77.6704	129.512	30.4002	40.8982	41.9056	62.4129	36.4426	2343.57	150.649	94.1475	342.947	221.937	273.312	261.571	120.693	685.199	501.276	530.038	4836.25	86.4051	149.644	2294.36	126.483	360.743	782.84	58.4143	282.398	311.402	829.375	7448.91	237.091	79.9525	1341.05	1136.05	29.0149	32.2274	323.367	138.655	765.39	59.04	61.6943	51.9339	208.401	24.4217	40.8577	113.469	324.475	19.9916	270.52	281.238	543.291	61.8191	77.8027	154.317	6034.63	248.797	857.265	208.538	917.912	4414.04	6609.82	9677.52	6909.96	995.069	224.73	249.216	266.992	541.448	403.352	763.11	524.581	952.694	173.692	34.3853	68.9004	207.625	367.164	28.3306	250.879	152.115	195.695	21.6569	123.902	545.802	149.648	90.6891	86.5952	40.6035	272.024	230.21	42.0874	127.679	107.394	178.142	3310.45	59.7473	306.048	120.9	82.5541	39.472	24.2794	22.4993	71.3729	121.111	104.725	30.0179	1062.11	38.9254	43.245	256.411	422.882	157.471	32.5802	146.117	95.8727	83.6277	214.054	282.217	182.675	48.4889	22.0329	100.134	82.9291	379.613	52.5122	155.489	112.529	54.5696
MT_M202	42.9904	46.2752	69.067	28.8582	105.043	48.7984	996.408	65.0342	38.7577	28.445	36.6875	38.6241	65.3986	26.8392	344.208	100.577	176.441	84.0746	90.5471	672.732	24.1311	35.9273	110.321	114.974	94.8098	177.433	30.305	183.88	163.894	23.3681	183.452	160.092	486.349	70.6376	232.77	49.8352	155.076	122.941	161.764	62.2235	127.763	245.919	32.3661	31.6436	31.9963	3538.64	105.968	54.4351	220.74	17.9974	242.241	85.2713	249.538	61.3281	57.2236	117.33	75.3443	38.3393	253.491	144.12	95.6663	450.798	560.673	129.451	0.0	152.338	487.132	230.396	142.171	102.913	108.28	97.2696	45.0664	578.847	37.3078	45153.6	74.4003	157.969	60.4162	7184.56	233.277	225.878	87.7217	99.165	8297.13	199.261	92.0029	150.322	109.518	401.36	86.4905	57.9722	201.953	1648.83	103.544	322.908	63.4892	307.973	39.1718	0.0	116.347	12980.2	186.555	164.546	138.899	443.565	229.754	741.65	52.6804	49.4969	184.066	0.0	36.7876	241.232	469.492	102.689	159.351	59.4532	102.534	138.632	78.7451	178.574	61.0946	27.0461	43.6524	182.457	41.9565	60.2153	265.387	92.2693	174.449	104.391	69.6982	8.77823	35.6538	125.222	34.6356	170.181	205.933	212.453	66.8347	454.852	292.021	182.468	184.306	210.465	0.0	144.413	310.34	182.276	99.2581	47.2771	0.0	45.8595	290.272	147.043	112.925	20.4933	383.1	60.5751	90.0313	113.356	223.169	41.6263	33.9798	270.342	126.632	20.7754	27.0088	174.686	89.2509	66.0483	174.15	40.7945	20.8542	89.4471	34.6037	33.437	63.9111	70.1339	81.8254	220.914	65.0087	267.359	46.845	128.011	94.0987	84.7355	15.9545	85.228	69.3984	397.034	24.1997	215.207	23.081	20.1177	39.168	11.8511	493.252	230.635	25.3931	161.709	49.8643	399.969	37.5664	25.3331	216.532	166.337	66.5783	80.9789	71.0714	57.0663	227.706	21.1684	179.854	52.7938	125.822	36.8573	19.6763	29.1571
MT_M203	42.9918	9.34138	73.1228	13.9901	42.3715	77.1618	129.408	8.23447	63.5227	25.3866	137.944	111.367	54.6793	39.096	79.1635	54.7385	74.3812	40.2667	49.0314	150.212	50.8869	0.0	164.814	574.133	42.259	114.855	168.393	34.2257	33.5516	78.0219	78.2669	1856.16	45.4444	165.43	67.1831	41.3017	11.6234	126.671	93.9652	228.598	35.037	62.0648	35.3717	14.8103	16.1337	47.9445	90.0328	130.568	18.9868	12.1247	2370.36	24.9176	206.25	156.771	94.8859	199.01	68.8194	111.607	25.4832	21.4559	3821.88	13.0131	131.8	164.998	19.1659	108.984	53.1301	73.8125	1556.98	77.7254	121.546	68.2555	24.5284	99.5757	19.708	4137.22	88.2009	32.2482	185.713	1915.37	67.3996	60.5341	54.6161	74.8344	2011.96	17.0183	24.1137	237.035	81.1573	101.802	37.9882	33.4212	107.763	257.364	34.3467	2705.4	62.9594	47.4088	3272.66	6.39223	144.437	116.812	65.298	33.5542	18.3802	60.2153	22.1303	57.8735	0.0	12.2978	109.571	226.371	152.513	19.9656	76.0756	6.1938	67.9304	35.502	25.3448	51.3598	58.9952	19.7411	29.8586	3.88785	14.4595	10.0962	19.3664	970.653	10.2566	25.2439	26.0146	137.268	178.987	25.2077	0.0	17.6483	83.4559	56.1084	29.1648	176.331	19.2088	23.8981	0.0	54.2343	612.323	15.5576	64.0138	16.0969	74.5925	19.8845	6.42185	655.546	34.1516	47.4101	37.9423	176.768	305.747	86.8324	64.1215	196.911	167.167	158.584	31.3856	214.38	184.485	91.2069	170.618	155.452	240.13	198.717	50.5365	46.3538	82.8831	118.537	491.553	181.769	129.196	114.361	96.7924	45.2789	99.6086	18.9133	115.948	114.145	150.752	17.0898	41.089	65.604	50.5438	244.728	746.777	181.49	98.3958	39.8477	47.9005	35.2349	52.4991	108.291	149.203	63.605	490.602	84.5068	139.768	106.786	163.403	163.308	34.1203	493.11	22.2826	77.1497	60.2512	23.3189	18.58	68.3262	6.18939	170.972	193.571	207.987	106.809	19.0944
MT_M204	1216.43	502.266	1919.81	323.669	1383.4	81691.6	2276.82	3406.4	1083.01	690.281	859.651	639.961	2720.03	1881.6	744.179	277.362	546.086	2466.55	808.7	4605.7	1627.05	214.967	1522.9	6156.41	1208.58	1452.26	272.515	642.046	1564.68	1391.03	1164.58	5904.0	1302.18	4114.02	835.05	1047.81	748.035	578.477	1815.09	3119.4	2187.69	2849.21	1507.43	1848.13	9161.15	415.811	4375.36	3949.96	2969.36	976.817	1351.05	1533.97	7997.91	1664.22	12898.1	1605.75	191894.0	3724.55	837.879	467.886	69689.8	15166.1	894.703	1732.33	5837.02	1501.19	2292.23	6388.31	13648.2	1500.85	2042.51	4482.36	1274.41	571.869	703.721	25110.4	4756.0	7120.41	1786.47	12776.8	1758.31	2469.82	4868.29	934.312	10205.4	76023.1	4386.97	8426.99	4062.87	14045.8	977.672	3149.65	834.34	2563.29	570.362	5394.02	1709.96	1229.1	127528.0	690.498	480.143	1345.93	883.765	1855.01	1366.51	2049.47	1868.72	6181.14	3530.63	5192.67	296.188	15105.0	413.742	1785.24	704.642	0.0	1559.47	4294.25	897.152	1212.34	837.982	578.932	1250.66	734.634	1039.8	873.845	7085.87	2180.28	2459.39	60975.8	2563.95	10762.4	33754.6	2296.8	1598.86	1597.0	3086.95	2405.71	2410.67	11362.1	2499.13	1004.87	1204.35	3140.1	8479.21	1654.87	1291.06	1088.47	15234.2	2202.86	487.688	4331.33	1484.91	79946.8	1956.24	1118.65	454.149	1063.19	1540.44	1322.01	683.057	948.114	3727.64	1428.18	594.556	1955.76	3605.61	347.024	736.65	364.193	1326.0	1074.13	2272.83	1600.28	2251.55	854.592	1177.87	482.639	1327.2	519.578	1150.09	3934.06	2763.16	2612.4	1166.68	17471.0	453.654	1136.34	573.395	432.013	7634.95	11312.8	795.769	31493.2	587.915	2732.15	71999.8	706.563	7650.15	2568.64	2163.59	781.833	477.96	978.237	697.199	929.047	1032.7	1426.18	1017.54	3623.6	2112.82	3200.57	2014.4	786.252	2964.2	646.318	678.864	5382.94	533.731	2403.35
MT_M205	23.0191	63.0206	99.3222	60.0884	21.0716	51.6744	379.246	262.06	40.2485	0.0	54.7271	75.0587	79.643	14.9643	81.5713	111.517	122.932	35.3985	2390.05	47.5136	20.1113	758.283	213.619	177.029	117.037	295.705	140.093	591.873	66.5758	40.9091	374.019	52.1351	295.67	59.0994	194.295	2289.36	15.8065	36.1758	325.911	64.6112	195.092	126.413	126.885	16.8277	65.6115	295.361	419.111	124.555	0.0	31.2691	325.871	244.284	241.704	72.2822	800.273	70.6144	69.097	25.5657	143.67	23.3999	129.072	116.65	136.461	102.411	46.9691	18.5809	85.3135	100.129	309.693	216.901	32.7213	89.5762	81.8496	101.614	47.2138	187.697	68.7574	352.231	122.789	340.12	53.279	522.661	52.6458	13.6764	307.985	484.129	43.1418	107.187	552.767	40.0178	248.71	199.51	34.3639	226.16	60.8947	157.16	1075.93	6311.69	195.599	134.213	55.0182	4182.36	148.643	125.7	140.122	201.828	136.451	44.9986	5319.73	16.312	369.981	130.439	29.4378	86.7688	214.116	828.65	100.424	131.362	116.845	91.1984	316.382	559.8	47.2397	15.7918	106.066	310.148	29.8162	80.3799	58.1745	42.5338	176.377	329.422	80.2285	412.822	628.56	75.7804	180.962	0.0	96.3829	190.614	30.597	532.592	241.438	1081.43	137.566	227.86	0.0	364.48	3053.12	616.856	68.3575	125.13	177.832	57.0242	56.7277	475.12	1246.35	29.9456	241.128	141.77	45.3606	80.0444	130.364	61.3007	128.081	354.034	76.6552	661.931	86.2261	238.214	17.4437	308.52	74.2951	29.2688	180.45	56.6608	68.0598	69.8346	178.603	200.082	442.546	151.701	90.417	72.8127	95.7626	214.984	119.591	302.646	84.4883	134.517	225.707	609.406	1124.35	166.875	655.086	42.7545	800.28	117.883	172.873	51.9429	74.1835	194.567	331.651	67.6843	41.0868	665.082	314.667	81.866	43.7622	83.4208	589.451	90.4441	184.909	217.969	3135.24	846.739	252.935	73.0756	37.8666	47.7385
MT_M206	5348.8	10454.5	8349.94	8176.61	2272.33	557.734	12025.1	1554.65	11831.8	948.505	3219.25	14203.4	8301.69	9577.67	7421.19	4739.36	1666.03	10803.3	5241.18	1793.41	10454.2	123.951	12029.3	1854.0	4470.73	7232.92	9643.04	3817.01	11454.4	2744.53	1963.61	10507.6	6543.16	1439.77	9173.78	4785.09	6611.25	9147.87	1496.58	9612.81	5765.7	6325.34	63.6808	7784.25	453.867	1340.05	2162.99	9164.29	108.631	95.0471	3157.82	6021.16	3196.97	1686.43	219.997	2952.81	3916.47	1847.93	603.452	6405.79	99.6921	4008.32	768.652	6115.68	7964.81	721.803	1575.15	4235.24	3791.56	6012.5	1329.07	6891.02	5493.94	13076.2	352.782	7716.58	3461.18	2311.75	4005.69	8858.12	1000.33	10147.5	3638.25	5658.45	8870.98	203.054	3249.79	1095.17	9086.8	1235.71	11199.6	1199.38	4093.64	5225.87	8090.27	4813.03	7059.66	2406.23	8944.75	2898.57	8656.23	5119.82	6912.48	8072.3	4299.11	8125.3	7653.0	5509.41	2141.01	470.774	10006.3	555.059	10300.6	1346.93	5266.64	6366.55	3253.03	467.407	784.348	1011.38	10866.6	5974.67	12602.8	3364.57	7411.48	3196.66	11201.2	3875.68	926.037	3889.17	351.249	788.313	180.296	646.434	10821.7	6666.15	13750.0	70.2601	3604.69	13105.6	5401.39	2501.92	8534.45	2173.45	254.532	2756.28	9532.98	3021.88	500.829	1039.2	8748.52	16572.9	16080.6	599.452	861.426	2453.21	3888.75	2819.77	2497.31	508.073	9453.4	252.951	895.577	306.028	813.822	5770.13	5815.84	94.4587	5779.86	876.203	1193.26	666.501	978.125	1460.95	541.513	3540.85	552.238	6893.31	2660.71	3274.77	1370.67	1978.55	291.947	4860.5	2378.34	2374.94	2329.41	1643.16	7608.75	2254.31	1238.99	2187.01	5222.69	148.914	8712.07	10040.8	9707.18	7358.25	4035.32	1350.15	417.284	4207.26	474.159	8840.2	8137.47	63.1438	3643.75	1045.26	277.55	1077.88	10995.9	3598.7	5203.81	5613.95	17.321	9025.12	7278.52	1395.07	2024.68	1008.19
MT_M207	568.94	614.399	762.135	408.197	485.777	76.7609	1354.4	60.0387	1164.91	280.01	399.088	705.899	140.106	549.65	803.139	132.962	767.908	998.973	490.612	786.063	252.864	1013.86	1383.32	863.073	153.122	1017.12	930.774	12.0025	875.829	1840.2	926.183	1335.26	260.847	1270.46	230.889	161.783	517.854	1123.67	127.036	2611.29	737.237	1284.61	249.923	441.514	285.366	441.549	1665.73	1164.32	454.236	287.989	662.085	651.097	681.359	254.448	0.0	454.811	540.95	488.086	182.399	193.402	414.65	943.75	2166.21	290.268	463.541	200.189	64.3401	715.327	366.536	226.734	955.645	645.112	1184.84	1852.8	2139.65	0.0	967.336	477.603	702.997	1066.85	69.5373	1182.89	249.427	2430.62	204.355	304.45	532.537	421.335	476.115	556.136	217.068	430.889	1555.87	1027.99	619.11	128.747	532.471	51.8972	146.648	144.73	1040.12	575.023	1250.91	245.861	3.47394	263.313	4707.05	392.514	1184.19	853.769	451.336	97.6811	437.775	268.079	264.674	1448.04	40.3503	234.493	84.6487	178.198	281.831	384.369	648.772	210.735	1444.75	220.107	498.726	882.329	340.862	265.742	128.14	243.461	1095.74	537.759	906.944	759.306	80.8601	725.509	292.712	1644.74	2613.08	105.669	329.218	83.3908	121.168	92.6047	926.855	86.6767	148.112	666.184	709.779	387.936	57.0758	0.0	0.0	382.281	2124.28	278.565	697.57	2076.5	1886.06	546.577	71.7262	2392.66	1186.36	1203.27	764.047	646.175	1383.87	1224.11	222.071	828.834	141.825	640.164	480.476	350.429	3256.83	972.767	437.792	2536.41	539.425	171.393	304.251	36.3949	388.96	149.574	280.56	175.099	810.149	403.14	33.528	383.957	253.134	391.733	328.327	450.138	1477.83	456.497	537.998	53.2773	1111.13	947.852	568.567	311.564	557.14	285.605	695.392	905.72	425.054	982.202	482.88	200.191	1128.24	2166.7	691.333	542.338	597.592	1838.92	560.681	325.674
MT_M208	59.467	48.3631	215.393	138.428	54.9717	1122.78	0.0	1328.22	149.487	436.748	841.658	90.7639	85.3014	46.0371	76.222	9.36597	73.6833	322.586	20.8376	263.104	480.514	171.257	83.4339	336.544	139.495	124.717	70.1507	36.9598	33.9706	43.4364	28.9205	229.901	23.9551	124.39	11.6077	77.23	28.5594	65.8842	45.7911	24.5671	112.482	38.3761	358.759	315.883	522.445	704.151	77.4773	20.004	468.643	860.9	565.111	86.73	594.616	741.242	193.309	127.671	62.4968	590.897	89.7991	248.131	407.102	611.075	295.352	162.364	104.342	34.2953	56.4104	30.4955	579.741	43.5247	1515.58	542.596	498.461	219.972	72.484	127.24	985.204	2176.57	144.858	399.405	47.51	126.274	18.3525	371.473	203.85	648.464	110.096	1521.86	157.679	600.239	99.391	100.999	147.527	407.861	95.5998	229.039	139.219	109.735	320.461	184.7	231.794	118.528	43.0213	90.9844	33.1739	364.247	0.0	83.7914	123.678	749.503	40.937	565.122	16.6202	31.3753	346.272	22.0981	183.425	1034.03	234.802	98.714	49.7539	165.006	70.7342	181.014	805.585	203.357	26.0194	212.938	649.573	747.884	221.828	593.877	152.286	4317.81	97.7657	464.135	1076.28	460.777	2581.0	212.216	178.856	246.465	1440.74	26.4422	684.217	66.5334	68.0047	43.1175	87.2681	567.569	22.3883	429.623	53.1073	218.323	157.538	29.8984	239.063	38.9715	229.466	138.48	47.0713	46.6591	72.0315	249.69	153.9	94.0425	111.034	74.4283	74.9859	159.2	15.5639	475.326	26.1022	822.84	120.362	36.6705	65.4056	124.775	71.648	149.572	111.571	28.6099	831.404	593.183	130.986	239.588	65.7635	4284.48	250.918	128.385	727.506	76.5709	39.2566	353.51	205.594	110.93	315.083	0.0	788.29	666.134	564.735	508.29	33.0309	54.2024	100.926	526.553	40.4394	144.725	280.372	78.447	144.824	817.693	151.576	194.373	115.077	67.8546	185.938	612.366	126.095	170.306
MT_M209	7051.67	32288.5	7165.41	5086.04	33900.6	8312.41	3828.14	429.494	5847.39	12360.7	7629.06	6368.85	29102.0	11829.4	44957.8	31236.6	419.529	5107.07	55950.2	3991.23	24779.5	18252.1	28333.0	5668.16	17069.6	22608.7	10779.1	3156.23	66235.5	4776.24	3988.64	12361.7	12482.9	9839.92	25047.4	1790.37	93135.5	29609.4	521.034	33750.6	9655.47	13008.2	2208.15	46013.1	4290.18	9519.92	3791.26	24755.2	5014.99	3412.53	2572.57	7487.46	2673.3	5368.2	78762.2	5427.13	42054.3	29939.5	10289.1	38562.9	5232.31	1001.41	3905.59	47900.2	11728.5	27758.1	4648.01	10804.0	3240.68	1203.23	6536.78	3919.02	12532.7	15933.6	9553.76	2053.25	27874.2	5539.94	5302.18	7336.42	891.343	5915.25	29896.5	19003.8	3685.71	4061.84	1894.63	847.673	963.079	6127.45	7143.77	4374.67	27340.5	16724.0	21643.9	3682.71	27599.3	2011.48	2143.39	1716.84	11184.1	58984.4	86492.0	3062.06	16185.4	347.861	48723.7	10033.4	3247.99	9061.1	13437.7	129.154	36143.7	5602.08	60363.0	43090.1	3881.18	3559.73	12500.3	4020.29	9448.64	6244.2	3206.75	12370.2	1868.45	3166.51	29745.7	12078.6	4070.31	14099.7	1341.22	1523.25	1106.1	2822.2	4271.5	19695.3	1115.86	4401.36	5137.66	7453.15	4730.19	5079.64	3850.71	1902.24	256.509	1433.86	48080.9	952.086	3457.06	771.375	9445.57	1526.43	1961.63	3571.94	5081.29	8960.06	42533.7	21839.2	6235.53	38003.7	47859.1	1392.21	7614.73	12544.3	32770.7	33995.4	23672.0	4364.98	11408.5	28278.1	12209.8	19892.5	16923.5	19632.4	10336.8	72405.6	13104.8	62155.4	16330.2	45696.6	15989.5	16162.0	2423.79	13106.6	59056.1	40354.3	23047.5	4692.11	51721.0	3651.6	8494.08	21452.5	21314.8	20578.6	8752.13	78071.0	19644.4	20755.6	2113.28	1295.68	744.795	7061.93	13797.0	12959.3	65049.6	6698.59	22336.2	49853.6	68230.3	1432.79	77322.6	7940.22	29867.0	57773.3	46125.1	2504.38	47453.2	24965.5	49235.4	67270.8
MT_M210	120.952	45.5003	45.5734	523.857	126.233	726.881	80.0155	379.676	58.8056	52.8165	62.838	26.1067	364.191	92.1214	34.499	0.0	20.565	11.889	19.9184	26.2413	52.7771	31.6415	13.9868	130.426	27.936	69.4133	0.0	11.2163	51.4128	60.8723	7.71309	94.5941	0.0	54.1015	21.0719	9.48681	69.9521	94.2314	0.0	0.0	197.433	12.4016	41.5209	51.9724	135.128	179.768	59.2058	12.3543	43.2721	52.869	54.786	28.2259	137.446	67.9466	108.964	88.4315	10.1805	109.083	93.6461	0.0	85.5709	40.231	100.84	143.515	21.176	10.6969	6.02053	6.32102	118.479	20.1916	329.954	36.0603	89.9452	88.4591	30.795	287.971	104.196	121.827	269.429	337.763	17.6684	54.1176	27.8681	11.1125	203.196	287.976	17.2796	124.346	73.5755	41.637	20.5429	27.9346	49.7335	38.9813	87.659	57.3325	138.57	87.8617	45.781	38.2909	23.3499	70.9356	17.7519	47.489	0.0	79.8448	21.3356	159.598	256.995	185.636	14.1809	113.744	118.302	54.4021	361.934	39.6354	21.0776	120.71	109.637	33.4887	38.2194	17.1899	0.0	15.7473	89.0674	25.8447	186.036	49.5793	129.776	115.244	51.4956	56.162	22.8604	785.121	171.09	25.001	148.214	27.7685	327.5	76.0832	44.1857	22.1302	165.733	0.0	36.0143	13.9957	52.0703	16.3335	43.6313	274.343	113.813	15.221	35.4973	222.021	12.6644	32.9755	13.3616	34.7921	7.53148	20.0348	9.57672	86.2128	22.5899	61.7797	8.96255	73.44	113.34	21.0054	52.442	36.6097	18.9521	16.2169	30.1429	137.952	61.6615	19.7254	131.027	162.284	46.8144	25.2219	140.615	0.0	57.7756	23.1232	24.0814	142.581	14.7737	97.486	104.562	28.5202	110.801	24.9623	41.1387	377.634	127.296	17.4024	112.6	62.3253	171.419	105.373	75.0586	73.9507	14.7174	202.65	26.8818	84.5058	34.6515	65.2788	37.8365	0.0	50.5334	364.374	26.6525	50.5838	43.05	278.637	57.5056	193.841	9.24785	65.0566
MT_M211	6.91623	12.0239	57.1093	0.0	167.38	157.379	21.1559	36.5152	27.9369	164.281	184.431	107.511	11.5461	8.61796	54.1833	102.784	60.0509	141.787	89.9874	123.286	45.3359	168.974	250.91	74.3444	43.9948	121.866	60.9641	95.6711	57.3052	12.8732	86.652	367.285	95.3702	75.3183	79.547	166.937	35.0928	253.731	167.993	107.809	322.491	80.3947	89.9003	23.2155	139.633	14.04	47.9043	125.733	204.455	96.3495	331.799	29.1868	933.153	249.206	160.527	28.0469	144.313	124.008	18.5521	12.0039	265.13	171.368	122.664	35.927	53.8419	113.178	113.621	119.55	337.255	41.673	45.9532	44.494	151.461	368.782	95.0081	1115.48	350.497	25.0551	211.808	1263.58	31.3389	185.941	23.1945	58.4817	1265.42	97.6783	103.785	163.554	49.1491	164.077	124.468	75.3014	128.967	118.24	36.525	1349.69	148.967	53.6364	229.85	22.116	199.698	105.39	10.2539	0.0	23.1106	22.8369	29.165	0.0	39.3754	29.3367	47.202	61.8627	33.9685	30.9148	44.3531	17.3445	11.3845	7.3242	0.0	26.3251	22.0682	30.9004	24.1419	0.0	25.616	5.07834	7.58619	214.24	68.682	86.7913	29.8041	31.7292	200.265	12.6708	14.3657	0.0	0.0	141.794	14.4864	465.799	202.728	13.642	40.4328	10.1022	225.015	9.94568	90.8595	0.0	45.9474	13.8771	7.93667	218.147	41.0841	39.7735	35.5341	32.4541	97.5651	57.7236	54.6984	69.8605	199.517	76.1591	24.1264	126.055	180.43	116.982	208.309	139.257	85.054	447.999	90.3449	109.253	125.248	58.1644	188.708	69.3289	138.513	119.832	29.3383	119.792	76.0622	41.9958	64.2078	276.897	40.2248	54.0323	42.6684	123.808	25.0293	59.617	151.814	52.6994	333.467	117.956	69.1861	17.9115	116.05	85.5061	241.439	57.0879	107.048	122.059	113.533	44.7165	45.0132	66.6981	55.115	209.436	10.5039	73.0507	70.8235	13.9261	16.2097	75.8537	26.5953	51.2804	44.6813	191.225	112.074	22.9432
MT_M212	5303.31	11061.1	10383.7	11263.4	2401.8	332.012	13131.9	1212.86	13173.7	2330.09	4900.54	17256.5	9209.49	10832.4	11964.5	6892.92	2726.38	11950.9	5843.01	2015.35	11466.2	191.682	14717.6	3222.48	10671.0	12362.1	11614.8	6175.3	12396.0	4687.83	5176.59	10623.1	13439.9	1255.16	9555.05	7486.14	6253.59	10271.8	2441.98	10954.9	11235.8	7453.1	67.8173	9889.6	1063.06	2280.53	2540.4	10374.7	145.453	136.038	3907.24	11152.4	4592.37	849.94	956.642	2889.96	5935.77	3843.12	1467.15	8275.86	141.302	3944.85	1239.43	10605.3	11002.9	1782.71	1773.43	7721.91	3649.33	8365.17	1662.21	11653.2	7058.91	20788.0	669.803	1379.58	7063.28	3338.61	6685.45	6514.67	1316.06	11769.8	10887.4	7046.26	2444.49	122.221	5715.14	1113.49	9970.97	1348.21	12544.8	995.392	6042.13	7675.29	6908.29	2230.23	13829.2	2965.27	11773.0	2965.81	8845.88	5509.55	7324.89	9541.65	4753.22	10060.7	9987.38	6893.53	1405.0	590.689	11162.8	407.85	11139.6	2699.11	10733.4	7295.44	4639.84	1033.26	1312.37	2470.83	13577.7	7724.34	14277.3	7961.89	10460.8	5639.58	12956.1	7511.45	1678.24	7695.08	464.907	794.744	158.776	833.591	12779.0	10135.8	19075.2	73.7498	3649.61	12247.7	5620.04	3558.25	12513.9	4200.29	268.269	3238.72	13255.6	4366.96	813.945	900.585	9042.45	17872.7	18366.1	1033.74	1210.77	1924.67	5034.25	6235.5	2992.6	1170.78	11285.4	817.039	3006.71	1975.84	1460.8	6788.23	4479.8	110.583	1821.24	4401.48	1162.58	617.2	1089.69	2208.12	1312.48	5878.7	323.384	7511.55	5828.6	3535.94	1110.95	4331.99	520.99	6336.12	3270.46	4739.98	2311.09	783.658	7905.84	2099.34	1050.79	2562.65	7063.44	150.951	10150.7	6789.26	10139.2	7667.92	3701.64	1710.29	539.676	5593.34	518.385	10467.1	8146.4	33.6447	6597.89	1904.76	199.677	989.409	15389.4	5040.84	7932.77	4212.56	125.312	1394.71	9799.88	1480.3	1292.21	6763.02
MT_M213	23.5702	42.4987	13.9084	23.0509	234.976	3.56562	0.0	12.4725	210.903	67.5122	86.2992	64.2385	79.9179	47.4746	37.875	234.586	32.6063	4.75074	38.4279	236.528	5.39033	2.07247	172.897	196.463	28.2489	679.034	24.0933	28.9496	116.457	18.21	137.535	3.52272	20.3337	77.3859	38.7931	61.6017	52.6008	119.791	99.4404	135.563	47.3099	209.426	466.058	22.6332	43.2389	21.233	113.768	7.84189	0.0	7.7004	155.253	165.936	19.2221	11.0305	4.05146	40.1066	0.0	24.8812	32.7642	24.4913	0.0	13.6633	132.576	25.5361	31.9872	36.9114	22.5428	45.0486	0.0	20.3732	158.047	1058.07	30.7624	87.3517	128.242	0.0	189.799	68.6694	69.3817	4.11497	153.649	12.08	21.1467	14.2529	0.0	9.40648	32.5385	69.2239	76.6831	11.0088	65.3624	38.1904	76.5905	109.087	42.91	7.17213	43.239	40.3442	12.1843	9.42985	42.6784	91.0897	33.2599	134.887	43.6792	49.3611	31.036	135.87	65.5866	55.469	315.505	2.22633	40.5715	65.8384	96.2161	162.025	22.4977	178.156	20.8146	55.2831	118.229	350.091	76.4116	36.1671	131.799	17.9023	12.9157	83.0895	95.48	50.4005	31.8475	299.558	119.233	11.2749	38.9962	109.873	10.0646	0.0	70.475	6.17234	146.6	22.0514	157.024	28.571	76.5858	6.39642	9.17121	29.5241	148.988	98.4685	12.0638	11.4652	16.9625	13.8199	9.60915	13.7465	41.4979	17.1095	33.8365	98.3507	43.9377	11.5936	21.1622	71.2185	39.474	31.0265	68.9775	140.415	50.5973	118.089	10.662	341.568	103.662	32.462	20.8376	34.4058	35.6063	109.273	69.0574	40.7468	148.602	60.7323	98.8654	16.2321	14.6692	6.18253	10.6365	14.222	17.7344	22.5351	18.1743	4.40617	35.5575	0.0	45.1714	5.62709	45.8973	22.1456	16.2575	102.195	91.5193	29.1499	64.3548	18.0187	76.9108	6.92692	18.8387	19.8466	8.89574	109.528	17.6632	64.2837	24.7939	10.1316	4.66278	75.48	42.4564	25.3214	36.8165	167.805
MT_M214	83.3099	142.242	117.402	45.7391	142.343	136.609	1794.57	73.0987	41.1203	41.1975	54.8273	278.198	230.337	53.5156	331.117	89.5812	220.556	373.386	108.083	1884.35	48.937	74.844	126.551	122.25	180.921	259.419	49.6556	222.235	298.858	68.5934	270.43	335.746	464.349	242.234	267.89	90.4818	243.03	116.898	92.3792	81.3857	114.355	168.098	100.357	74.3587	51.8381	1983.21	347.604	90.2519	148.35	10.6092	2075.18	89.4672	3311.69	343.244	92.7721	82.3753	361.788	182.601	397.62	123.096	109.374	786.81	436.496	141.717	19.3225	169.872	698.72	202.971	736.372	240.965	187.626	277.138	17.9934	471.361	35.1853	74432.4	74.501	141.476	40.3797	25189.6	434.517	539.014	116.508	183.367	27396.7	269.351	58.0573	1620.35	248.388	1696.16	102.649	56.8621	170.227	1571.11	136.862	2443.84	77.6212	385.318	213.941	145.438	153.913	14343.3	348.58	331.318	151.541	866.322	600.671	567.678	53.7124	39.9944	438.461	107.867	68.8404	298.775	363.655	248.513	432.566	129.783	92.1734	220.304	149.42	204.786	84.0088	50.6987	153.636	196.467	23.2478	231.588	1500.24	95.9381	1570.11	1330.83	384.802	73.4325	70.0384	196.753	60.135	162.12	1408.81	1026.06	133.527	561.856	1402.98	143.215	648.315	263.569	41.4277	387.729	531.989	428.875	456.153	0.0	23.7338	114.338	191.044	240.262	88.1871	31.7687	871.541	93.5763	123.152	189.876	284.481	99.8224	206.439	301.711	94.6969	121.776	176.816	206.84	156.876	223.112	136.038	159.053	184.26	127.878	42.7231	54.5376	61.4036	462.303	216.429	344.261	835.085	380.693	183.18	966.106	193.648	403.887	60.4956	401.213	346.717	258.162	51.8133	247.872	47.9317	36.0479	323.907	86.4918	1315.8	1250.76	105.638	345.939	159.65	390.412	70.471	48.1283	836.881	219.735	81.0122	135.818	150.631	140.314	344.983	62.0307	584.703	63.2601	534.967	125.66	89.1134	54.6948
MT_M215	215.134	58.8638	348.819	1464.73	33.9602	148.673	2008.32	218.661	54.2071	87.362	46.7256	33.7888	515.197	33.5256	42.9273	32.7643	365.019	18.9126	20.3837	56.9204	16.1718	5.60812	32.1532	24.3825	187.634	119.577	65.3842	31.1283	26.5818	85.8132	111.346	43.6016	19.7752	220.544	103.492	36.077	158.529	25.9397	142.383	18.0273	97.1257	524.451	9.93727	20.0044	71.6251	26.5852	121.851	144.211	319.121	23.7478	27.7709	301.193	16.584	32.3982	49.928	590.651	53.0331	45.1607	218.126	69.1109	33.2505	21.6565	73.3448	0.0	228.352	28.8009	18.09	195.536	132.549	54.7615	42.4555	20.8989	0.0	653.485	0.0	73.2541	25.5345	11.1759	298.09	26.2714	186.712	16.98	79.752	196.51	17.8784	168.943	24.607	144.661	49.3316	66.53	16.352	17.5634	29.8704	26.7932	34.1087	36.7648	71.7436	79.0486	40.6984	158.602	15.1987	16.74	84.2111	434.014	36.1798	1032.21	295.773	864.205	49.2003	303.349	96.4281	628.595	805.345	57.6205	53.5531	62.7509	30.0646	750.702	315.499	59.1515	147.349	96.0979	156.463	14.2735	36.6941	223.015	51.2564	33.3915	142.549	23.5654	292.646	209.04	287.317	181.912	114.83	190.768	63.9768	54.5765	37.8305	45.7412	19.5811	327.23	10368.0	1085.89	69.3413	30.8788	305.813	70.1915	409.217	55.9018	51.4171	19.6611	98.6679	43.7427	69.8364	20.5506	13.4632	121.499	50.2077	21.6068	26.2867	175.621	63.157	74.9614	39.8367	49.7476	35.609	7.12452	40.2247	40.4191	44.5321	93.6503	82.332	9.10612	77.828	96.1405	22.5674	0.0	7.52015	26.3724	272.608	66.6462	44.4728	58.9221	49.2101	69.381	51.1066	11.1757	11.6964	26.5367	249.076	23.6614	75.5877	110.87	150.465	10.8152	20.1059	38.2056	13.8537	105.316	25.635	32.9939	24.5975	22.1949	21.1776	342.721	54.0439	35.9949	13.2972	60.8864	83.1428	19.7417	159.39	16.5299	43.0452	58.527	94.1262	42.6251	59.2018	16.4718
MT_M216	85.4941	68.2156	57.6006	29.4696	69.5616	14.5927	57.2965	35.5413	73.2462	27.6434	35.6173	88.5635	65.3271	34.6497	181.176	200.85	118.688	62.5094	73.5288	32.0646	151.744	58.0839	272.244	63.5677	1073.98	88.9652	260.354	1616.78	224.257	138.313	143.221	56.5316	5316.09	208.884	157.51	166.032	68.2279	77.9663	2834.17	38.2139	85.7479	235.547	34.839	34.0441	25.074	31.2084	135.688	49.7456	47.8074	27.8145	33.8993	795.134	29.6948	26.6596	79.645	324.481	22.4573	36.9627	54.7568	239.451	20.8387	55.2669	31.1023	88.3144	78.678	318.409	1991.37	62.4942	57.1583	92.5329	66.6248	46.7056	45.1942	141.179	250.223	257.01	45.7064	56.2648	47.6766	40.4262	3559.37	120.518	788.428	153.889	116.344	34.3806	30.8837	51.977	28.9481	32.0688	53.5928	224.79	129.862	47.7589	41.0559	36.1506	79.3733	165.695	48.0253	45.0075	30.4118	21.257	234.12	75.0659	1028.2	40.225	61.541	67.265	38.4426	68.1388	48.8455	35.8254	106.499	215.005	104.802	87.8218	454.659	89.5241	346.474	259.672	175.18	166.887	386.171	135.137	59.6585	3932.22	52.1152	41.9249	74.8106	37.5442	36.1836	29.6894	45.582	0.0	25.4081	66.6633	41.4363	45.4227	50.2144	112.487	29.1183	1315.75	46.3971	1284.66	50.3579	732.872	28.6581	338.189	68.6345	37.9424	16.3257	53.0853	83.4928	36.667	185.044	355.541	157.86	46.33	120.57	487.677	0.0	638.574	1139.72	313.572	595.799	125.784	163.209	63.8432	104.527	144.872	1335.18	254.344	1103.78	90.5421	44.9628	264.248	206.28	40.9659	119.587	17.6414	46.954	1582.41	41.3342	41.3115	129.753	43.3004	0.0	44.7055	49.287	71.4159	49.5829	79.6298	36.4788	48.3762	51.7669	112.997	19.6916	103.792	22.1762	31.3191	37.6307	82.2502	213.399	21.3688	53.0029	64.4326	228.457	37.7973	86.4284	182.275	32.7053	18.8865	86.6562	35.8788	25.3497	32.192	186.493	89.1115	84.068	0.0
MT_M217	3171.35	6350.38	6048.68	12272.2	1314.13	208.003	8185.85	432.022	13504.9	6591.9	8069.65	11100.2	13017.4	7481.49	7776.86	9199.38	877.776	6927.59	14744.8	3342.32	8193.67	1047.17	21710.8	2673.2	12248.3	12383.9	9341.58	5249.08	15669.0	3122.16	4407.59	7265.63	8265.52	1526.66	12645.6	4327.53	12451.7	12381.8	1309.9	12304.4	10601.1	3820.16	79.5111	16936.3	821.158	2852.13	2244.06	14520.2	49.4783	873.565	2757.41	7766.08	1588.32	1670.76	10264.4	1178.72	18259.4	16390.7	1302.72	10406.6	591.753	1863.28	769.665	16247.0	12277.9	1988.92	863.668	10233.9	2033.13	5159.17	1816.78	14213.9	6851.87	12450.9	956.653	252.741	10584.8	2057.55	6516.26	3818.27	518.7	4611.59	11648.4	9291.31	1263.2	295.188	4478.89	330.395	3475.28	1126.85	12991.1	432.717	2455.57	4090.85	10317.0	1289.96	21210.1	2411.43	23687.1	16726.9	10354.5	7235.83	9424.84	10418.6	3438.49	2474.22	24134.9	7281.62	950.872	876.377	6025.61	518.628	8953.52	2090.46	12256.8	4129.09	725.015	2227.34	698.737	4109.52	4414.95	2685.26	6974.39	4060.72	7008.41	1990.54	6346.38	8439.4	3887.23	9546.02	307.506	362.475	213.17	307.664	7071.18	14199.1	5940.81	105.21	1444.26	7656.35	5940.85	2367.86	7219.94	2187.4	535.802	915.756	18733.5	2316.6	4056.91	1032.09	2981.78	4655.58	21215.5	314.715	7064.05	798.985	5744.15	11893.0	3895.03	3897.43	13548.4	1292.94	8166.99	6051.01	1284.32	20378.5	2203.41	501.773	3276.27	8124.91	2281.17	604.796	2395.35	1764.36	2901.64	13626.2	225.718	16472.0	5156.26	5875.33	1387.86	3929.46	2266.12	11148.7	4109.79	15404.5	2174.65	667.3	16357.1	1676.08	1979.05	3192.9	9672.86	855.044	18387.0	7258.83	12432.0	5595.62	7263.3	1443.64	198.382	12897.6	2976.65	19674.1	14697.4	277.024	2264.1	2439.98	542.823	1155.1	18151.4	4709.07	12853.0	3400.48	464.173	1261.82	6249.96	4109.41	1044.13	19808.1
MT_M218	2024.02	183.939	1652.17	412.669	800.962	104.065	168.359	203.646	1083.01	385.655	1209.35	2962.89	326.923	564.199	2163.44	2276.41	353.368	1271.36	3160.19	1203.53	2065.85	209.535	3999.64	36.0446	4007.88	916.814	4746.17	2956.1	1840.77	394.439	2416.67	1646.5	2204.4	3795.01	92.949	277.063	1985.77	2895.72	1613.67	1924.87	3352.25	878.946	953.847	1641.16	284.095	1370.61	1033.51	412.208	914.233	90.4433	3670.49	242.235	3719.11	1549.38	974.147	188.801	281.381	2670.79	111.859	481.68	2153.02	3222.46	1706.07	2881.71	766.044	1479.06	458.585	1396.93	2093.77	3770.56	714.296	657.128	466.368	1368.28	1419.2	5156.91	2017.68	350.434	82.0939	2702.9	562.319	1800.47	2956.04	1620.18	6609.45	1413.83	534.675	342.198	279.713	1061.5	1878.16	957.084	150.372	1361.98	1688.1	8304.09	2786.0	1304.78	430.784	195.991	1892.8	281.288	451.341	138.018	121.511	114.077	564.47	643.565	255.852	321.994	290.748	730.65	195.176	238.159	479.279	355.725	125.787	358.167	228.281	320.837	445.739	283.015	554.409	87.1344	339.077	165.403	478.868	1888.89	60.1549	51.6664	372.056	450.563	48.8003	686.254	883.04	339.887	162.769	127.398	1107.28	3660.21	596.654	215.471	482.313	160.152	1846.17	467.115	2736.61	281.241	1279.15	400.302	48.5006	1224.05	1114.25	6296.71	1986.91	2950.57	2211.67	1403.48	1932.55	2265.07	3869.58	2513.49	1453.6	2687.5	4037.57	3878.7	2953.71	1362.34	1111.16	5036.19	543.248	4998.3	2107.51	3180.32	3794.2	2125.6	1016.96	1971.24	1330.06	1581.81	406.322	833.087	3341.63	4423.91	4291.64	0.0	1924.06	1899.78	1835.13	4630.87	2971.63	4592.54	2351.82	1483.98	3420.72	321.995	1829.03	4019.99	2547.2	2325.17	1745.73	2460.59	3322.12	1031.03	3841.31	3143.29	41.8908	2502.5	1634.63	1561.75	2840.64	2383.95	2774.38	1611.09	1170.08	2317.46	4146.95	3466.56	2993.44	1620.99
MT_M219	2007.78	236.264	1484.12	350.573	3417.04	360.706	82.2737	1521.32	1754.01	3602.0	1235.8	1049.1	199.069	714.75	2375.9	2879.63	2112.72	2163.24	558.424	1654.01	1159.57	1425.66	2720.55	2983.68	1973.84	3065.69	4449.13	1617.01	1516.82	2867.83	1661.24	816.437	713.789	3154.57	2030.36	1810.99	913.463	4193.85	3374.04	2630.32	1768.4	1446.12	1868.22	1423.82	1221.7	669.8	4542.18	638.579	965.505	1453.77	334.388	880.433	767.1	1460.19	378.365	398.949	32.4214	2520.96	308.565	158.981	0.0	831.913	1531.26	3814.66	1671.7	1410.5	547.856	569.293	9.94008	1649.77	2765.82	963.079	1111.81	2097.98	3270.91	15.6084	2962.4	2915.5	1359.03	90.5157	1348.85	890.913	1333.36	367.709	2018.0	218.688	751.183	237.957	1487.81	953.364	880.532	1399.57	2270.71	734.313	1295.12	1208.63	1270.25	533.5	0.0	610.291	1057.51	1994.41	240.845	264.656	189.585	223.355	229.294	168.906	597.636	770.977	531.575	55.8157	405.723	296.071	1273.82	983.44	320.405	542.594	76.0505	2454.89	813.359	574.832	525.886	330.7	747.983	305.266	101.792	180.772	168.547	947.477	223.066	458.216	204.813	171.339	108.927	222.4	219.28	16.7427	361.74	839.364	1990.4	185.77	1078.29	46.9364	4103.64	89.6565	825.934	319.969	148.023	964.801	66.8942	119.195	983.842	525.185	1334.6	713.104	1773.47	768.221	1285.08	1912.53	1020.06	688.436	717.727	3991.87	999.769	964.359	1675.31	871.861	731.895	3278.57	1129.72	1709.64	538.169	1338.42	2788.71	1160.7	1538.37	1788.62	1028.13	1302.3	1018.18	586.515	2414.25	947.37	755.631	549.422	480.954	1999.52	755.123	460.432	1037.99	935.135	284.351	134.283	1634.08	312.139	2594.32	1116.71	432.925	800.13	3779.62	1785.44	1306.25	429.517	812.379	1492.88	1637.79	1524.88	857.65	975.527	216.319	1631.83	296.65	2575.29	679.519	918.009	858.132	2534.44	634.179	1606.8
MT_M220	507.955	162.325	123.417	1027.72	566.753	147.648	4120.85	41.0762	931.189	273.897	2743.15	1342.91	485.21	702.694	904.689	456.799	45.3954	433.5	886.264	655.769	286.362	875.593	1509.47	1152.7	260.575	1491.93	1633.49	221.023	765.166	3161.24	356.969	2091.95	96.0652	2566.18	424.183	135.842	515.256	964.594	127.484	1221.92	919.591	193.994	255.187	392.573	133.254	1008.92	1009.33	1060.17	226.278	544.664	1454.97	845.412	645.43	453.588	358.898	659.263	1301.42	697.1	80.7371	354.434	243.628	2000.35	3459.37	369.122	587.345	294.049	595.671	84.0576	891.985	475.908	1387.24	2180.62	1253.84	1882.82	0.0	0.0	1283.45	773.342	1157.82	987.057	182.466	1763.54	320.044	1648.53	244.253	802.304	447.28	423.986	577.656	1555.51	744.081	0.0	1948.08	2618.35	910.864	286.637	578.391	172.091	167.172	220.054	438.239	1970.06	343.175	1793.45	271.505	151.524	6608.61	742.494	1978.23	1124.6	222.398	155.616	294.695	93.964	360.096	774.065	104.348	303.749	384.707	252.974	589.111	251.194	549.655	181.892	1492.69	207.905	99.6676	654.458	474.014	230.843	107.609	448.107	1265.76	775.657	2797.22	760.887	44.7084	1532.47	481.795	892.487	3024.1	146.296	369.406	69.7476	205.056	69.7883	3702.84	301.148	260.098	1570.53	73.5577	654.015	252.628	91.1345	319.086	380.829	1271.31	301.383	192.299	377.346	1124.2	48.8851	145.798	130.52	255.379	1606.76	740.315	326.2	426.364	1389.62	142.271	400.599	242.191	2510.85	525.337	172.471	269.907	1779.4	224.608	170.915	317.881	144.84	285.949	133.031	616.967	210.579	158.892	272.339	648.288	432.95	70.2397	309.759	137.601	480.001	621.586	85.8585	2551.26	482.585	82.4844	45.0663	760.512	1869.6	275.966	64.816	566.07	558.276	701.292	594.786	249.298	147.704	90.2423	306.986	1032.85	263.892	276.599	774.146	1188.53	2601.85	389.19	753.2
MT_M221	485.537	80.7022	1565.21	565.886	624.299	6020.14	117.105	11264.3	1457.11	3292.36	5534.48	870.552	829.579	485.489	833.766	99.7526	549.751	3331.56	198.698	2748.97	4051.34	1310.36	914.731	3457.62	1133.94	1366.77	709.361	332.833	322.105	395.174	240.596	2332.62	234.992	1263.37	101.974	667.527	271.594	610.008	489.333	226.802	1110.59	169.393	3817.57	2651.22	2829.8	4861.32	816.92	252.561	5161.1	5218.03	5424.42	464.936	4580.23	5256.64	2005.57	1293.09	693.695	4227.5	267.935	2236.93	3660.55	4357.04	2661.54	1323.58	1037.39	297.387	442.766	266.579	6088.6	422.268	9387.86	5019.02	3411.4	2202.35	517.608	1582.09	6510.09	8798.09	1375.21	4257.0	352.406	1309.1	196.375	3561.14	2467.82	4149.19	1200.85	11191.3	1548.51	6019.26	971.32	555.647	1505.36	2824.11	905.501	2738.38	1483.81	656.231	3345.23	2168.39	1951.63	390.466	147.742	937.173	148.534	3449.5	101.605	1123.26	1242.6	4975.25	293.89	5849.08	69.9298	96.1649	1443.55	50.4136	491.449	6809.66	819.456	949.313	534.288	799.171	755.407	1683.83	7316.06	964.021	154.992	2308.89	6089.11	6323.64	2600.2	6796.82	1992.88	12465.8	1003.72	4317.57	8711.48	5291.28	11689.6	2713.86	1773.61	1100.01	9712.25	83.0472	6997.73	188.709	803.424	387.998	1195.03	6030.15	89.5546	4968.14	639.304	2468.78	1950.12	164.987	2163.38	236.906	2057.71	896.596	306.059	349.348	479.494	1126.16	1218.3	1010.99	1023.48	645.875	600.683	1588.08	154.706	4606.23	187.469	6177.57	1296.5	227.209	604.872	1173.14	514.283	773.708	532.45	316.336	6971.26	5948.69	1286.65	2279.29	593.97	19164.1	2122.34	1254.69	4904.84	706.348	403.821	3562.21	1904.08	1044.85	2316.99	131.876	5821.12	5712.04	5038.37	4342.87	314.434	566.172	1104.19	4540.65	406.712	1082.63	2944.85	672.65	1309.8	4982.65	1538.29	1598.51	898.543	487.222	1849.14	4430.71	1168.28	1704.42
MT_M222	2791.65	12743.1	3395.19	7814.52	4494.64	742.103	20864.7	635.93	13577.2	5923.38	13568.5	19768.2	17243.6	12228.3	4017.02	4616.28	1619.62	6592.28	9217.67	2738.36	13150.8	2523.95	11448.2	1195.51	5354.52	10521.9	14214.5	3117.86	15195.1	4862.0	1522.12	20262.9	5292.41	24546.8	9065.84	3952.35	10319.0	14259.5	829.478	16323.1	12524.1	2372.66	338.834	16975.7	526.615	4415.44	1132.76	17533.0	94.0867	1417.58	2623.78	11985.6	2041.03	7195.81	7194.4	3565.0	18985.7	14586.1	595.333	3707.5	920.793	2421.17	1946.0	12573.4	15428.7	601.909	1414.47	6834.44	1681.96	1756.18	1067.92	3176.18	6833.05	4139.28	1236.39	3456.14	2792.33	330.865	4031.41	5757.43	615.595	8358.52	6630.13	19148.5	5291.54	1022.08	5337.71	1146.42	9443.69	1053.44	14507.1	1271.19	4714.63	1636.59	16917.3	4213.11	4744.87	1507.03	12930.2	11999.3	8263.17	8714.58	9962.75	8632.26	9253.76	3948.46	20064.3	3701.1	343.604	755.846	9790.47	404.907	12786.7	1048.98	4606.14	7618.73	3717.26	405.414	456.78	2332.75	8637.38	7302.09	11449.0	3783.72	2938.74	2767.09	16829.1	16709.8	1806.84	3599.45	317.173	489.382	692.455	118.661	3818.15	5614.76	10431.7	85.5017	2320.3	9084.91	7674.9	1020.13	4453.96	1066.62	801.747	1480.03	25948.5	1188.3	1332.69	1142.46	10549.8	6676.56	24778.5	427.774	7021.82	1384.92	1847.49	5799.1	18086.7	3274.09	9798.41	416.154	1140.49	1255.71	2134.62	16190.5	15433.5	817.235	20930.1	1182.12	3495.08	462.413	3980.26	1756.76	11385.7	9968.49	708.845	16925.2	7225.35	10388.3	22900.5	1343.17	415.299	4568.01	16306.3	7851.71	2322.26	2490.0	16567.2	3316.6	1172.36	16667.1	1547.15	12644.5	12429.1	15950.2	14004.7	15794.4	9137.06	417.623	223.378	3185.49	1670.99	5591.77	15280.7	2707.72	9713.74	2844.09	1975.84	1141.23	13176.5	2641.52	9450.44	9491.65	1398.21	5413.93	16948.5	18377.8	7784.58	19363.2
MT_M223	57.9815	24.2795	214.326	254.629	622.014	2777.64	295.103	196.258	307.907	1072.23	824.669	211.31	65.2997	64.754	484.476	183.35	402.397	660.968	744.077	600.697	30.7485	1321.84	599.154	661.417	293.396	634.44	267.009	86.7608	814.988	121.335	103.244	1178.5	87.4546	347.37	227.531	186.601	236.747	576.241	84.8388	418.704	266.23	492.103	1452.62	521.851	4338.75	237.359	382.306	2356.2	3062.32	4137.28	1487.19	189.266	3609.32	1671.91	2451.4	110.902	840.363	488.609	32.027	80.7266	1622.15	1602.7	316.24	288.106	386.021	135.792	54.5456	209.904	4105.97	105.131	317.253	455.861	532.117	464.513	456.918	6699.31	2139.98	640.618	1058.21	4796.88	30.7441	1080.14	96.6149	89.43	5131.11	968.049	894.086	1704.52	190.632	3079.17	668.557	273.524	359.805	259.837	593.453	3738.55	773.128	370.028	2722.0	757.985	368.342	260.694	66.5514	70.816	46.6699	43.9094	233.318	441.676	994.946	723.273	105.495	839.286	121.225	61.4681	198.801	62.0278	83.136	73.8002	19.7737	112.749	117.131	177.215	154.804	43.5989	252.334	56.818	44.757	1267.8	1222.74	1881.77	2041.29	1985.29	2233.09	472.475	304.141	63.9421	23.5551	1824.05	237.097	2623.72	2018.27	64.672	849.676	27.2142	2249.9	22.5026	1045.4	30.5671	995.498	193.079	24.4141	1787.46	330.569	378.538	240.416	69.2087	414.803	152.117	148.423	245.1	264.604	133.387	49.1779	386.343	231.046	232.251	517.972	300.458	222.039	530.422	88.154	285.377	113.416	236.644	425.304	339.469	283.147	226.345	306.406	464.631	402.824	112.77	805.962	152.49	116.974	398.751	312.887	544.928	64.5237	93.2109	951.073	200.117	483.785	1914.83	165.408	204.339	1319.35	462.54	215.666	592.645	741.883	242.808	446.864	171.36	253.524	454.061	400.586	349.748	85.6322	598.142	162.026	229.046	222.373	83.6988	1510.93	172.661	264.214	1868.66	325.269	232.778
MT_M224	12.6369	50.1514	8.65496	72.6086	29.4991	128.382	614.922	111.808	47.581	243.422	37.3632	40.3798	162.536	122.331	58.1469	26.652	11.4058	52.7559	42.125	70.2469	9.31554	95.2446	56.1586	168.69	36.9487	39.1138	17.444	11.8843	31.7512	12.2991	13.5868	30.2821	24.8326	68.7116	55.3742	22.7347	14.2992	22.3453	24.4393	38.812	26.1524	30.1395	35.3391	56.4541	11.6026	9.57236	57.035	231.2	113.291	32.6553	15.3806	195.48	30.565	12.0061	16.0897	93.8099	34.0908	224.72	98.2703	98.1046	610.02	95.3341	19.2415	26.7313	112.634	50.8556	7.70349	24.9737	770.663	24.5938	22.8386	135.354	6.89844	45.0532	19.6117	210.049	51.3593	3.37608	15.0705	124.118	16.9849	23.2549	28.1123	11.3534	124.584	236.619	107.038	12.999	485.606	93.3904	11.7142	29.4184	38.8377	47.3906	14.3445	121.731	13.5825	13.2118	455.659	10.6349	54.2351	43.6066	128.91	108.706	108.491	68.1662	278.355	1450.61	984.814	116.389	149.429	2553.37	272.245	68.5438	138.862	97.9353	108.001	40.9594	116.242	82.7192	235.813	140.802	251.43	43.3276	135.206	52.0597	150.075	21.6696	183.291	221.226	3430.09	55.3949	236.744	86.254	1737.92	425.205	127.495	24.1276	95.9989	407.41	2366.66	73.8928	142.61	33.5721	110.223	38.6775	197.64	154.309	449.474	463.857	110.108	25.016	11.6879	25.9168	14.4088	18.2523	16.2407	11.4213	18.1274	30.38	29.5757	28.9639	13.4145	22.7497	34.9173	24.787	180.435	35.8656	73.1758	22.394	22.1506	25.2291	24.7935	58.4274	104.874	58.8142	32.188	143.814	14.3206	20.9758	29.6572	17.3414	323.894	19.7947	8.70023	47.3681	9.38321	39.925	27.7136	5.79342	27.0744	33.3036	14.2348	793.748	14.1494	5.78597	76.0967	32.1434	14.5183	113.861	377.701	17.2503	16.5386	20.1454	19.9877	15.3165	57.7515	86.3629	38.7755	23.0778	14.0907	6.88073	14.1072	7.24198	296.195	91.8587	24.3681	17.0344	31.9745	76.4675
MT_M225	514.713	673.172	239.658	249.14	1215.87	2148.42	610.385	482.668	904.111	662.466	1385.32	292.635	1747.6	1476.45	689.751	158.198	2532.85	789.565	70.524	496.486	526.215	236.187	304.028	824.581	754.118	575.226	254.367	45.3598	233.667	272.216	46.7722	563.399	78.5379	396.585	87.2094	1902.16	1265.73	708.211	163.853	165.651	348.029	59.0621	632.024	1615.32	1296.81	2723.75	154.9	15.8881	1894.53	1530.59	520.367	184.921	657.472	865.943	2554.34	166.336	512.221	3558.69	136.362	206.098	646.979	1309.65	1243.62	463.872	262.56	99.6441	49.8414	526.618	466.404	89.6079	2013.66	549.925	2437.52	296.186	345.582	878.051	8543.87	7494.81	1089.62	136.326	673.348	107.715	244.854	1822.75	479.414	1382.72	355.967	1714.13	1388.68	1504.99	407.365	7020.12	1707.3	1849.43	842.523	266.5	405.257	234.189	747.761	188.215	873.538	485.27	296.852	314.66	37.5996	219.71	93.3024	2364.42	2109.43	2407.91	227.55	736.519	96.7486	161.593	2812.16	2315.66	462.624	2746.63	191.99	1140.05	945.154	93.8289	228.077	388.88	1736.74	62.7601	90.9957	230.126	390.715	2448.96	958.963	2580.37	1573.63	5250.21	566.925	655.113	2054.62	2572.94	3997.01	239.735	600.162	126.953	1268.58	44.8161	1677.28	37.0281	178.76	50.0684	655.537	716.438	479.766	793.912	638.69	1464.4	343.867	99.2073	2626.13	1511.26	59.4001	176.415	33.7114	170.219	194.889	1378.58	161.929	137.46	340.752	112.193	821.155	1560.12	58.2543	862.567	185.324	2491.97	648.002	225.457	143.979	346.955	561.036	507.646	752.295	29.0195	386.053	211.308	373.954	594.232	201.031	300.559	423.892	127.884	134.574	364.774	49.641	643.183	2317.81	206.074	533.779	42.7818	1196.89	1112.14	1216.61	2178.97	310.716	6541.47	1620.12	671.031	61.8642	283.111	642.387	394.328	91.9191	3971.36	126.454	1241.36	112.044	944.415	456.47	1687.71	319.099	894.015
MT_M226	142.129	91.9306	142.669	164.544	35.4285	28.9933	64.6253	87.4351	43.3796	10.0346	31.8355	83.4285	160.358	138.3	52.3007	249.869	114.912	143.315	0.0	35.0767	91.3003	2.70173	147.961	92.5354	128.221	108.555	162.189	185.585	207.61	123.399	195.435	28.5853	111.382	99.839	228.194	92.1451	365.66	47.8221	324.974	228.752	150.554	139.634	10.1555	21.5624	20.8373	28.0311	142.735	11.3995	29.4307	9.4646	32.0072	190.918	24.2905	9.70046	27.5855	128.923	0.0	14.1282	247.197	156.299	0.0	109.285	41.9167	48.0456	63.7361	69.6523	59.7389	52.6183	4.66352	150.56	40.5607	137.329	87.975	45.0116	36.0876	0.0	27.0016	66.5796	46.0053	13.3397	82.819	148.734	115.233	214.059	18.2694	0.0	0.0	50.4044	35.2745	0.0	49.7036	117.868	116.765	26.3459	34.1835	41.0561	127.016	180.217	78.9091	34.411	63.1119	0.0	77.1084	85.0445	76.7505	73.329	81.0144	22.2004	23.2103	65.0392	208.256	130.756	256.806	40.6959	237.418	65.7828	141.175	134.819	169.519	96.1216	262.349	249.417	559.259	27.1262	61.5699	95.4712	97.1728	7.78375	0.0	44.9098	68.224	161.146	14.562	84.3068	20.4929	74.767	119.574	19.1605	141.508	35.7949	250.04	163.765	136.365	263.782	35.335	120.318	20.4029	345.901	186.45	53.637	72.2251	25.5496	26.4875	27.998	18.3351	60.9422	39.0482	22.6359	92.5292	106.214	144.635	82.3596	113.822	57.3247	94.8303	71.5379	116.667	160.977	109.525	50.9671	54.7372	70.8486	60.825	25.2	152.186	59.6558	39.5243	36.3516	162.684	9.8803	51.6041	73.1775	54.372	30.4603	28.7073	50.7975	54.1216	28.7359	71.38	75.0696	36.6516	41.2668	37.5008	0.0	68.9259	37.0956	32.2189	33.8393	89.5609	24.9223	71.7605	102.968	113.339	61.2403	77.3488	28.5103	53.5511	58.916	46.8082	153.429	108.559	18.4441	100.598	10.0767	4.49325	60.9702	64.8076	12.761	27.101	51.5786
MT_M227	18344.7	3070.72	25506.0	12292.7	3954.14	2710.35	329.261	45786.0	6158.24	6868.25	1727.32	9397.67	9179.33	20939.2	7067.65	9363.74	36249.3	6554.26	688.092	5602.18	18998.0	1001.36	12405.8	8312.47	11835.7	7001.24	19115.1	47657.4	5954.35	20764.5	38389.6	202.376	17292.7	7770.12	19571.1	24316.9	1627.03	10494.4	68806.8	6238.02	10758.3	9806.35	1443.66	306.517	25598.1	5066.79	22258.1	852.537	4089.54	7703.81	1889.91	30583.8	388.628	2632.48	3574.24	25421.0	183.726	4268.47	18759.6	14008.9	1196.54	24783.3	18506.4	6627.61	7920.32	9398.89	11690.0	10876.4	1465.32	69482.6	5269.42	418.756	15004.7	8545.94	6438.25	417.848	11562.5	11649.7	3808.51	787.511	30706.7	4562.29	23531.1	5858.47	4724.89	7611.98	4157.91	347.84	7609.38	2292.98	7309.53	15167.7	5877.96	8567.45	5456.73	1551.45	12088.2	18411.3	431.405	7302.76	538.5	5820.1	5332.73	10263.8	34181.9	20183.5	972.743	1804.13	7399.63	15293.1	28360.6	5994.91	7798.3	44152.8	5913.97	2871.45	20926.4	26375.8	27522.9	16798.0	27224.8	37186.0	4785.99	15372.1	12531.6	20097.3	10623.1	261.569	2393.93	2411.04	2130.46	421.332	1427.09	22440.4	13386.1	3051.12	19942.2	548.02	18614.4	878.322	3783.33	33493.8	29282.1	11906.1	4486.49	29956.9	1376.5	27839.5	1672.3	17217.9	4953.06	2036.69	14900.5	8211.46	6056.96	7460.55	11257.7	12228.1	15696.6	12031.1	8052.05	20587.6	39456.7	6931.01	13630.3	4236.71	9394.15	12045.8	5019.52	7005.06	9373.08	15875.6	9898.23	3780.06	15240.4	3271.6	4590.45	2309.76	8433.97	358.586	12621.2	9376.67	8704.86	9816.17	2573.55	4499.66	11239.2	6570.03	4587.32	9281.26	1854.3	5448.4	3395.27	451.335	20431.5	1301.55	10837.4	7915.1	10699.5	8521.72	4743.59	11265.0	4880.41	5287.77	697.654	8224.32	4593.39	6491.45	9046.43	10432.7	6732.84	11656.8	2903.91	3219.68	668.798	8250.76	3556.32	1676.33	1441.73	2135.49
MT_M228	1670.58	1265.22	2225.59	923.439	573.164	223.411	3120.33	814.096	2693.33	173.288	514.102	1043.23	828.802	1989.82	1396.24	962.255	510.087	2187.11	1800.76	1145.48	2711.11	38.1748	2627.5	360.539	777.454	464.749	1094.65	886.777	2226.6	485.821	578.333	3248.83	1268.01	444.454	2181.96	803.698	1758.3	2225.29	489.272	2327.56	1265.35	1114.97	0.0	1127.57	104.124	230.652	428.646	1019.04	89.0015	58.28	870.924	1199.03	1192.6	651.373	25.2984	1513.68	185.27	191.26	827.72	889.265	195.094	2319.62	249.581	1220.78	1324.47	457.74	430.497	2500.56	1543.81	1278.78	183.286	825.968	1042.02	942.824	79.5315	3284.74	458.234	423.686	883.623	3459.46	1568.46	2555.56	361.227	1403.93	3853.23	275.427	808.079	716.969	3184.57	224.28	3938.21	442.796	2445.59	1021.33	4652.19	1268.08	1117.07	612.337	1521.16	1148.8	3092.74	3029.56	1487.15	1907.17	379.793	2496.19	754.696	968.145	1808.06	87.7323	1644.86	1686.63	1379.42	223.583	1430.06	726.001	235.32	534.52	252.597	251.772	2586.0	561.723	1770.83	173.817	1597.9	849.802	4195.68	383.121	127.642	335.873	125.494	337.339	364.31	206.557	1708.62	2051.97	3169.38	0.0	880.614	5385.96	1152.1	485.997	1799.24	940.921	484.62	655.624	318.804	666.719	199.718	1031.43	3176.17	4497.74	1594.66	1163.4	339.027	1481.14	1380.22	535.546	1200.41	357.157	1764.55	236.984	842.423	130.124	434.04	2284.28	359.881	850.328	3126.83	1774.38	480.062	347.822	375.974	528.424	321.654	656.858	797.875	1448.16	708.344	627.696	750.231	1555.43	340.505	1056.16	675.808	748.545	1323.11	1470.08	1429.4	865.38	513.668	982.625	1951.27	93.6057	3412.63	4685.86	1601.0	2495.29	1754.14	714.481	498.454	1559.72	207.26	856.715	1816.71	319.811	1308.36	531.313	84.9332	555.161	2255.41	763.551	1021.43	2797.1	7.32313	7535.86	757.019	207.083	956.182	122.4
MT_M229	21.8923	201.838	65.509	367.558	336.853	180.322	63.4967	175.503	130.662	39.2692	1417.7	369.635	90.2835	57.1758	40.8723	86.839	61.9027	554.584	687.728	2795.15	57.8753	344.251	854.55	212.42	615.108	192.119	97.2309	71.3263	1230.07	408.249	34.9924	202.657	31.5934	788.018	246.505	1432.38	56.1879	384.838	98.0382	35.6234	195.867	509.136	106.714	28.0786	23.809	47.8987	61.0465	211.089	192.262	35.4379	371.995	1035.17	127.828	375.161	196.883	232.345	99.8745	359.72	52.4352	24.7593	381.485	1016.05	859.023	675.002	84.032	139.484	30.7064	454.338	568.326	51.2879	305.983	197.922	29.2983	381.699	44.4059	744.481	720.968	437.929	29.8829	415.961	88.1463	629.854	378.914	96.1085	151.983	27.4433	368.538	412.573	1036.44	846.752	708.752	43.7283	157.003	53.567	322.879	339.967	336.403	280.452	275.318	908.986	609.71	1190.76	126.74	255.17	170.238	181.474	180.481	51.4495	213.067	290.524	526.343	389.111	417.14	127.562	70.7411	74.1961	53.7524	47.5781	23.6943	60.9207	1571.86	33.015	360.681	44.9036	517.309	152.17	68.8612	532.626	277.509	325.559	379.63	167.811	352.573	96.5839	120.604	130.458	1219.29	181.502	208.303	43.1923	246.776	102.851	283.986	53.6347	193.728	58.2698	240.987	299.193	607.806	91.54	31.0879	2471.27	449.777	408.417	52.2922	19.5419	149.135	21.9813	27.2876	27.9829	128.012	27.2019	6.92142	185.71	124.392	118.73	117.481	152.713	30.4493	128.251	29.7041	347.087	70.9097	143.776	79.635	122.621	160.14	79.652	86.7402	217.496	207.717	15.3029	86.6318	1999.6	52.6031	151.647	16.9505	124.121	36.0529	40.6563	52.2912	91.71	50.6524	63.2263	549.246	427.601	66.2852	13.5712	68.5883	58.6615	98.9179	28.4342	22.5099	562.713	1363.47	411.876	16.3537	44.6475	11.9197	513.315	1573.67	22.5668	25.3922	78.2524	272.945	909.633	324.847	252.649	79.3247	45.5711
MT_M230	166.554	230.447	65.1043	321.457	334.148	158.345	360.299	56.059	195.671	100.147	301.25	220.084	634.57	453.966	240.533	131.99	69.7357	78.404	477.121	256.031	0.0	200.818	317.005	173.765	245.682	882.161	1012.88	277.073	532.962	89.9045	149.973	282.529	71.2364	93.8481	391.631	57.9394	470.185	1182.11	10.4677	189.955	559.272	139.989	248.386	118.644	206.024	154.228	195.372	201.399	75.0824	170.948	216.497	334.019	179.823	324.207	1009.96	525.343	560.163	552.684	223.653	471.733	74.567	164.535	60.3796	212.922	545.964	15.7587	39.9776	120.458	76.3855	85.4823	321.723	14.9969	158.915	255.486	614.429	45.6628	198.099	64.362	278.13	678.58	32.8391	78.6603	98.9867	68.1689	527.14	283.884	112.627	109.488	543.641	187.523	258.334	106.508	23.4004	216.947	196.254	173.262	67.9446	146.465	11.7946	342.414	202.359	1756.61	767.078	943.212	88.236	634.942	1314.55	1597.23	476.288	1939.18	1111.85	149.915	180.588	341.59	791.514	809.08	110.821	1520.68	394.807	1171.6	440.71	490.857	769.248	385.711	1158.92	82.3867	227.866	132.957	1476.32	67.0842	1393.44	851.592	265.317	455.297	1540.07	325.497	780.143	20.5087	1920.24	377.149	132.627	30.1395	1428.26	74.2209	195.183	113.79	320.33	288.197	895.098	1498.83	444.114	0.0	803.326	144.255	490.087	46.0357	216.785	237.966	195.626	80.8225	32.7188	125.024	123.115	86.2016	38.1241	345.967	130.535	55.5763	63.3289	239.313	70.6177	69.2502	44.7468	67.1827	1123.66	137.951	60.2051	196.905	373.654	1625.46	405.57	31.3072	120.512	159.406	503.164	308.48	28.1833	858.435	663.96	125.229	356.354	145.786	142.79	85.8828	554.856	65.1743	1971.4	94.2518	262.45	1035.6	368.956	596.76	63.957	291.642	333.324	499.397	171.972	365.685	127.271	59.9706	132.361	1113.35	75.7885	298.918	728.011	1453.99	156.961	684.643	111.806	739.589
MT_M231	1123.42	473.616	749.021	352.548	568.216	427.702	371.953	558.593	969.046	558.604	764.747	1369.57	699.91	332.418	990.054	845.031	253.867	1107.62	1341.63	1679.68	1204.16	319.987	1983.66	1017.73	1604.87	817.986	1896.62	817.533	900.08	416.754	718.41	5043.72	1093.28	1137.77	942.592	749.793	1053.79	1047.03	316.359	1321.15	1908.78	1026.01	1988.21	1565.84	469.525	483.538	281.479	472.992	2225.19	119.58	1880.33	660.715	4866.74	973.975	752.463	973.563	14109.7	1791.34	133.731	261.157	7846.56	1429.93	1656.28	1931.19	2683.31	1391.29	274.093	702.041	7063.03	904.362	598.484	380.936	912.0	2855.81	1495.31	2101.31	909.907	457.571	1857.65	7505.31	445.51	1895.97	1042.9	1528.59	5420.4	2077.7	184.368	1031.49	1321.78	7726.5	1081.25	525.437	1862.33	1878.85	941.613	7857.29	1332.29	832.988	1593.26	372.392	955.292	369.132	251.599	115.486	693.673	104.835	742.956	1362.1	50.2244	642.243	38.211	2687.94	385.676	268.436	2384.42	381.067	490.667	2046.21	1353.18	287.961	0.0	207.337	273.178	126.67	35.7805	1142.38	2364.31	840.17	43.7279	1803.9	267.617	1150.57	350.579	659.972	0.0	2356.32	322.381	7536.97	584.064	7808.11	1285.86	3180.45	88.0675	1323.39	1478.02	561.149	1063.45	1197.75	305.879	114.812	41.4845	274.607	1017.67	1176.36	466.042	946.105	2286.41	1308.04	992.947	830.52	1278.47	549.838	776.939	749.806	696.667	2965.61	1536.8	1163.06	806.25	1841.64	963.102	1587.0	579.16	1684.76	1209.56	518.033	618.732	2229.09	609.507	681.441	865.964	863.491	2874.39	1272.26	2266.78	1916.94	718.556	1966.26	992.982	2703.85	1607.93	2580.2	1057.59	2215.34	1103.25	661.653	1028.97	3935.31	1464.96	1436.29	845.432	1435.72	2513.07	367.027	1704.5	1455.67	5433.55	2048.41	1288.05	333.199	874.842	1015.02	1001.7	347.711	5914.93	675.658	2506.11	2386.99	1903.53	878.325
MT_M232	4072.04	11385.2	5893.52	12469.2	4589.83	575.205	15912.8	561.773	15840.1	8800.83	12429.6	18928.1	22299.2	13720.2	8218.85	5011.28	1163.75	7910.08	11865.5	3558.11	14092.2	1722.73	13984.1	1933.63	6201.36	15604.7	13913.5	3759.18	18085.0	3152.56	2542.22	19179.4	5920.26	4363.79	12186.8	5007.51	13960.8	15816.5	1112.1	18343.4	9918.57	3631.2	247.642	22201.7	1074.34	4417.65	1668.86	22738.3	80.4337	2308.98	3409.94	7065.73	1953.34	4194.88	14337.4	2255.27	24283.7	20958.9	859.753	8560.88	1258.23	2205.14	1100.01	20286.5	13614.6	870.941	1301.69	6204.48	2254.59	3979.06	2241.66	10859.8	7823.99	11575.2	1888.86	1741.89	8837.48	1938.76	5071.88	6002.75	567.615	9014.76	7871.85	13319.2	4187.64	715.113	3969.77	840.686	5124.54	1915.41	15687.6	1084.38	4313.76	3669.58	16751.4	3548.41	11783.1	1770.0	19059.5	20337.7	11426.9	9554.96	8954.24	10421.6	5830.57	3754.77	26808.9	8066.25	2839.86	1384.21	12183.1	531.866	14378.1	1667.13	8162.17	3093.52	2969.08	1161.8	645.847	4204.79	9877.67	5783.19	11414.4	5519.49	6100.15	2718.23	15402.2	19174.0	4514.15	9697.86	397.563	454.618	650.522	440.696	10430.9	12298.0	7708.87	72.2986	3303.83	14385.7	11134.5	1880.91	7663.51	1130.79	835.777	1426.69	33098.9	1674.12	2711.77	851.129	7429.84	8523.36	27439.7	495.345	6991.45	1612.13	5800.18	6862.69	4492.08	2146.17	13052.4	844.597	5044.1	3761.89	1007.71	18005.8	12297.3	489.801	11460.6	3465.91	1556.03	491.432	2555.57	1701.89	5520.29	7646.74	281.194	20764.4	5367.72	11160.8	11578.7	2423.44	982.237	7007.76	9047.67	8358.56	2041.57	1578.15	20111.2	2321.83	1587.07	6743.54	5824.22	7366.63	14660.0	12501.6	17925.7	12606.8	10145.8	848.438	394.091	7153.35	2215.01	9019.75	19274.9	1177.17	2874.84	2698.09	1464.11	857.956	19502.3	4548.14	9293.34	7738.89	709.377	2640.46	14774.6	16408.2	3762.75	27050.5
MT_M233	449.624	297.547	852.708	102.032	332.802	757.037	88.9589	264.897	189.016	703.377	1339.78	302.735	106.698	257.117	413.627	27.1853	597.213	593.958	50.022	274.611	271.464	395.641	404.953	517.34	290.745	202.456	125.503	64.129	125.316	101.09	119.128	705.867	35.4818	399.054	25.1456	349.815	131.496	137.365	59.382	167.071	194.011	32.751	1615.33	1737.79	735.795	583.993	99.174	63.2896	831.11	1547.25	1335.75	89.3671	996.299	915.78	1389.13	118.379	78.0195	2672.9	55.9292	74.5647	738.179	749.239	1323.26	486.454	236.135	98.4594	182.491	100.79	738.02	45.5549	1761.11	607.311	544.223	708.882	2469.38	557.071	2228.2	2184.28	2187.77	974.614	423.241	205.891	39.5313	134.965	1285.89	1002.97	202.472	2671.11	205.803	1622.44	193.505	1546.52	558.356	1098.31	258.016	726.202	356.727	249.303	373.007	379.973	474.64	203.623	24.89	247.635	26.1879	353.667	19.7568	839.176	332.788	813.485	113.042	1051.8	41.3269	66.2401	961.33	201.596	134.125	629.164	37.834	209.954	75.9898	94.7655	210.615	204.368	1347.92	76.585	22.3986	398.952	729.257	1246.84	481.279	2061.13	587.186	3396.09	90.2545	604.993	1891.23	1564.51	3207.72	546.679	369.776	48.5051	1146.72	67.6058	1230.8	135.971	119.666	151.488	284.41	514.497	46.6305	416.535	22.9004	449.214	362.817	79.1923	477.932	166.494	294.703	57.8028	43.4344	116.78	129.214	724.049	179.825	130.059	233.431	167.18	117.352	380.312	29.7043	322.073	123.07	1134.28	334.762	43.8469	138.767	157.401	206.279	345.619	508.827	62.4063	798.504	79.4534	218.692	211.48	158.734	2809.79	495.315	411.613	1021.76	218.615	60.7829	344.162	683.729	207.021	568.225	38.2385	1191.26	1735.55	1232.76	620.252	148.285	701.401	212.458	524.736	104.225	319.709	193.972	262.509	214.016	1442.2	220.739	265.454	220.281	396.691	524.041	1315.56	335.079	351.708
MT_M234	216.059	135.477	76.2215	65.3455	130.409	22.6219	369.255	102.406	118.885	63.2438	460.257	115.33	74.369	56.2155	46.4988	139.184	71.6302	100.883	129.372	582.707	80.2993	362.564	302.631	46.7203	208.979	478.948	1075.96	513.285	59.5451	188.935	1058.63	1765.61	182.632	92.887	138.161	887.477	394.366	849.565	429.783	706.23	1054.93	109.788	427.619	210.94	351.603	328.517	127.531	67.2414	1363.01	186.483	1861.46	254.837	1248.24	362.505	796.004	256.506	362.052	1394.27	92.0452	262.235	2918.86	187.445	128.85	489.872	988.363	116.983	124.077	50.3969	980.751	138.498	200.62	114.141	208.278	257.365	189.143	1353.9	532.923	2891.13	90.391	1061.98	32.6387	132.719	47.7432	83.6419	267.327	168.672	188.354	52.8006	58.0101	297.668	356.131	28.2095	54.0213	523.591	87.4535	2083.65	59.546	0.0	1825.22	519.076	297.881	1406.18	58.8339	163.049	240.409	103.66	335.273	2192.33	48.8356	176.307	76.8226	636.053	114.925	66.6332	263.273	109.687	158.284	473.371	210.33	177.542	50.0967	105.229	72.1423	84.7458	137.33	588.616	372.929	549.924	63.4692	187.613	1419.36	325.406	107.392	567.974	364.188	357.712	114.68	324.897	87.278	1208.5	839.033	832.065	167.38	219.039	138.494	120.927	816.358	355.974	1317.26	82.2801	38.0539	193.667	66.4285	391.127	155.752	57.7646	1360.69	124.365	159.842	68.208	112.149	23.2049	74.7	274.647	628.604	424.702	63.1383	149.004	36.6716	877.569	94.5038	758.765	50.2984	453.154	202.363	127.645	389.877	549.326	81.9323	595.151	29.4459	17.0999	656.84	709.706	143.002	1262.7	44.9416	178.087	431.937	1534.23	269.519	315.762	110.279	667.075	47.3402	235.712	2254.96	2580.04	1081.99	763.757	66.4326	211.546	931.577	91.4607	454.601	510.504	505.611	192.48	970.218	1361.64	117.38	220.173	420.315	194.076	36.8909	284.495	205.728	374.321	197.104	123.955
MT_M235	22.2161	53.1684	29.0283	11.8511	19.4046	133.631	43.3909	36.2629	45.9429	317.661	218.305	42.7123	24.3943	12.8601	108.825	21.2245	10.1124	88.9802	154.836	1238.15	16.855	64.0796	50.0723	35.8111	72.5225	152.957	53.0038	49.3837	143.622	13.0787	60.9232	289.162	53.9677	61.7321	57.2657	141.174	46.4319	591.179	29.5717	36.9649	45.8804	113.988	100.303	15.8671	1710.07	35.7655	94.6678	73.0174	840.446	553.695	163.47	177.15	4.43231	64.2355	225.642	83.0256	68.183	251.04	32.3322	24.7357	306.96	2113.06	5.50376	10.42	24.8351	12.1192	19.8711	38.7182	182.868	56.0159	100.135	32.6966	16.9779	84.5381	18.1619	958.601	122.922	908.26	22.2143	59.8804	46.7432	72.0929	58.3178	7.74729	104.566	50.1575	103.145	69.1427	128.616	821.719	66.2797	37.8336	21.8182	1067.74	30.3742	532.757	65.3274	40.0778	144.486	71.0767	6.04359	237.806	27.3706	58.498	68.194	43.9148	146.906	216.663	231.116	827.563	42.944	93.7516	43.7485	61.6284	27.8114	29.3903	73.6673	29.4664	40.0447	72.2406	18.1074	68.9506	48.8981	14.7276	46.9779	42.5434	39.936	122.137	98.6284	13.4738	655.039	252.095	209.953	16.8487	464.251	72.6664	71.6064	149.444	17.0028	354.58	512.983	146.017	38.3971	21.6249	2848.88	24.9715	196.412	31.4601	336.732	30.9103	13.7213	161.367	51.9459	46.7768	84.5591	54.4204	83.3945	26.5557	40.7162	71.5552	46.3735	41.9884	61.8155	18.1636	21.4498	19.0912	98.1958	18.8289	72.1499	77.8414	21.7476	64.5784	49.6991	11.0399	70.7362	37.4165	47.8655	679.847	47.5701	731.978	51.6878	38.2698	1193.61	55.5398	18.6652	168.14	51.3602	49.1425	21.9999	49.7462	33.6827	46.4114	48.6947	154.7	42.3218	130.132	212.661	25.6733	32.9657	112.46	344.601	46.7336	43.7677	56.451	35.5579	28.4089	35.3953	50.5732	66.6204	63.2534	66.3867	307.903	28.3044	21.3085	868.849	92.7385	26.74	16.5658	15.3261	427.752
MT_M236	31.6747	40.874	100.49	44.718	35.6774	114.5	78.4124	24.2478	146.019	87.599	55.3609	67.2519	39.7963	38.1939	31.4453	49.875	23.3865	1186.54	28.7115	2538.55	12.3126	89.6839	152.924	203.705	61.3889	157.592	25.0225	12.6104	63.3103	21.4388	85.474	862.789	74.5139	61.8654	129.423	35.073	101.84	27.3515	50.3924	78.4358	23.9995	105.643	68.3644	339.771	80.6602	50.1445	50.4848	258.366	92.901	234.62	388.868	67.2223	50.6384	132.769	1005.7	55.0877	309.775	245.596	38.0883	29.2918	6191.93	163.028	37.1374	13.4917	24.1006	120.889	45.5247	113.291	4159.84	43.4312	15.7942	330.513	25.985	150.844	60.0819	22.7212	34.5431	20.9703	26.7684	36.1573	29.2572	96.9892	100.633	20.0639	21.1356	8645.4	66.5523	50.4101	27.9624	391.308	71.7323	80.2762	127.842	42.2524	74.6321	24.5658	79.5594	37.1223	1625.31	23.9345	90.1948	60.9008	25.638	110.874	39.0858	29.031	72.5112	68.6112	117.746	53.6364	46.4147	29.7488	26.3443	43.0979	57.5217	39.0964	60.7321	25.6734	63.8075	47.5405	40.9805	49.6122	95.4261	29.2685	45.2685	63.5385	48.2161	24.2522	154.492	67.4789	159.049	200.365	155.409	391.647	223.103	16.2141	32.2113	208.683	21.5783	1814.92	333.013	51.0213	14.5226	41.9796	1145.42	40.1533	30.9083	34.6764	44.6223	84.7411	36.2567	61.9626	49.7261	4382.02	77.3341	59.2288	47.2455	136.245	70.8151	168.39	104.262	31.1361	93.1965	161.325	73.568	81.6847	65.6117	140.921	92.0266	149.401	29.983	76.8413	55.0024	102.295	39.7629	48.1492	124.347	54.5834	50.7827	278.124	56.8263	52.3632	105.707	46.162	56.6937	194.284	52.7336	40.5582	28.7164	124.002	54.4595	141.366	311.361	663.05	22.8183	12.3764	1181.06	49.9785	80.8026	71.8087	1362.21	85.8978	185.628	32.976	57.5489	158.645	125.076	179.054	153.293	954.413	32.3742	47.3741	40.9358	56.7148	2747.84	126.138	80.3429	60.3479	56.241	32.6327
MT_M237	5751.9	1538.6	8604.46	531.664	2312.11	2975.38	173.878	1769.13	15757.4	2085.87	1305.55	4280.19	840.818	1368.55	13778.7	4212.77	5786.46	7939.11	1163.69	4605.84	4669.96	1120.7	6379.78	2108.37	4941.97	2321.16	6495.9	10493.1	8097.24	4867.92	3491.6	730.007	11.9015	6761.62	18408.7	7159.11	5070.06	3647.33	8165.68	4751.52	3882.05	4845.82	876.639	1962.73	1387.36	2411.37	6330.13	4880.99	272.143	2277.37	1442.13	1848.57	3360.62	1279.67	1364.67	1678.46	863.421	3990.91	1285.61	2215.68	1025.78	2716.3	2798.14	3718.89	6346.46	6754.94	27181.3	4405.1	2861.71	6508.47	2682.09	7346.4	5796.88	4718.04	4272.88	56.0495	3571.61	1467.71	5309.04	185.09	16.6859	3200.74	12242.1	3772.43	368.686	1892.73	2541.21	1739.2	4410.17	4096.18	4200.04	2365.04	4947.07	3298.77	2502.61	648.04	3793.39	26349.6	4770.1	2660.39	19671.0	745.176	1079.58	620.915	33.7435	2578.91	407.992	567.357	360.868	810.004	150.865	557.767	1590.71	3153.17	1601.61	1877.74	1520.03	3549.28	1663.59	1415.2	707.035	3460.55	7646.86	2039.43	1265.61	234.611	3106.05	2399.88	702.943	4172.65	3782.67	1953.86	1678.65	268.275	521.037	1791.36	1360.25	630.859	2870.09	1273.51	2889.16	14.9481	843.967	4602.0	5058.27	4224.91	814.746	3928.99	335.329	969.088	369.571	1919.61	982.752	1668.94	1068.25	2896.8	1906.85	2077.71	2450.9	2307.03	3186.02	3324.34	1803.2	3295.05	2179.34	3887.5	1622.76	8854.1	2085.08	1456.27	4840.72	6216.63	5358.84	2636.05	2639.79	3120.67	3980.13	1237.66	1731.25	984.256	2780.46	5194.5	1330.86	1633.11	3562.43	517.5	5004.62	1425.56	2340.73	3629.63	2067.51	2244.35	4335.29	384.253	5783.85	1845.03	1362.96	4911.55	2212.7	1524.21	1324.9	2012.33	3688.22	4364.57	1582.17	978.457	3425.74	5170.34	1175.99	3526.42	1846.88	2639.74	1888.81	2611.11	176.672	1672.23	1942.51	632.754	1500.6	2690.02
MT_M238	106057.0	45430.3	8982.42	14178.6	31180.4	264.241	987.222	100325.0	131517.0	15774.0	26015.5	20637.6	17575.8	56475.8	27838.4	14134.1	2123.87	67751.7	27540.9	52255.5	137180.0	27062.6	6903.05	52892.2	24382.5	64008.7	14642.3	2957.19	20512.6	35541.4	23454.1	65353.9	5716.17	24857.9	9199.05	141645.0	43951.0	52065.7	5626.07	84684.2	70562.4	40574.4	10299.5	53944.4	46068.6	60404.2	42563.5	25890.8	6674.14	30430.2	13482.5	35517.3	90174.1	20559.3	97817.8	27689.8	2558.36	28688.8	14682.3	3405.06	823.082	19671.1	58474.5	39981.6	35461.6	14276.1	12665.4	54124.4	13682.2	21947.9	85204.8	153562.0	45097.6	14336.5	28648.6	8475.63	49147.4	49154.0	59309.3	23393.1	18328.2	63985.9	19576.5	1359.92	35887.4	1501.72	43170.4	14341.6	15301.6	14839.7	10139.1	10071.4	6788.89	30654.5	18420.4	7376.83	18842.1	14983.0	1790.97	50423.6	42258.7	14691.1	22508.3	22210.0	10835.4	12186.2	3251.98	1449.52	13868.1	15462.3	2932.86	828.227	1685.81	8123.01	1746.23	5554.02	2862.29	15316.0	5761.39	34920.8	1666.22	16389.2	32280.9	36649.2	22578.6	7772.92	16842.0	6830.84	13823.5	1189.58	12061.8	19890.3	4000.08	12163.4	5911.61	11410.6	15578.8	549.197	2280.65	27201.8	15678.5	12791.6	12456.9	22307.5	23827.7	25928.8	138564.0	20482.3	31079.7	132317.0	9757.58	79259.5	7803.6	84496.7	46894.5	23663.4	66645.0	7902.66	18827.7	12708.2	11728.8	9962.6	19724.5	7009.31	2125.13	37917.4	34436.3	30536.7	30165.0	6205.25	15100.1	6200.99	30389.0	46287.7	28347.0	8268.56	4205.66	21584.2	36109.3	8875.93	22864.9	18200.7	8719.88	31667.4	10655.2	26062.6	19015.7	77445.8	17089.2	8073.27	32762.6	60492.4	5446.36	16195.2	23986.9	7486.84	43159.1	10792.9	63063.3	70130.5	97411.5	62005.0	30131.8	24763.4	14012.0	66146.1	33988.6	35353.5	65453.6	8242.57	23863.3	6917.14	37505.4	47819.5	11136.5	31093.5	18959.7	37016.8	38123.8	76950.8
MT_M239	132.402	58.5786	197.944	78.3484	138.55	875.379	68.8873	117.922	250.491	1059.65	335.654	480.857	131.105	137.43	511.132	86.9453	142.734	763.638	657.667	1210.64	179.569	770.78	268.683	350.72	161.673	338.065	163.669	255.626	1164.71	57.3492	160.333	488.217	124.245	263.046	161.415	180.974	132.875	1434.95	57.0558	81.6544	89.6523	157.728	506.87	2900.38	686.94	577.809	154.104	1405.63	2576.04	961.772	289.596	225.372	331.635	157.316	1466.88	94.8224	723.679	1571.27	62.5711	110.845	7767.53	3041.97	276.716	183.181	663.524	173.837	88.2215	99.6689	1318.65	105.886	81.3511	4499.26	2493.62	282.353	2056.7	2468.66	166.071	637.053	248.274	856.814	246.474	354.128	205.141	54.5687	1473.94	1119.57	492.526	202.446	648.016	4168.96	207.822	194.607	222.808	1219.91	344.633	966.331	272.519	97.7658	2819.93	337.024	1536.44	91.6842	72.842	181.648	131.108	77.72	170.041	255.322	387.125	141.289	64.9049	671.401	85.8607	74.4043	113.266	78.545	75.1974	138.786	65.2086	71.4728	62.5599	76.2178	921.182	74.4477	342.788	251.532	52.7677	414.028	45.2504	304.95	2958.43	1211.18	3237.24	57.3125	921.786	172.045	146.705	3079.9	281.705	422.492	1244.81	245.961	79.7165	283.461	7231.82	75.0936	362.649	179.963	313.946	366.416	57.3698	1237.63	1167.11	521.712	371.351	262.938	317.888	1079.06	363.734	340.729	698.322	383.579	252.739	291.214	550.499	1721.55	1066.98	396.502	572.31	859.868	129.73	2789.77	358.661	1434.41	449.479	171.997	728.458	3048.27	274.65	1173.29	899.658	57.1431	947.872	532.258	392.968	1020.32	168.492	920.911	213.011	622.002	374.425	568.591	286.318	1460.42	337.148	165.201	678.56	2074.37	145.834	1448.39	2651.35	267.169	266.661	236.417	503.534	639.982	212.066	446.934	225.153	710.755	73.1307	469.835	84.283	51.3075	1607.19	851.982	302.211	1225.12	86.794	192.935
MT_M240	1055.27	248.444	1553.99	3713.86	524.457	958.78	792.769	5364.97	265.722	351.755	229.171	477.625	1215.15	1250.19	383.222	478.863	3042.73	388.463	110.291	434.846	785.907	462.199	428.631	351.321	258.37	443.049	663.385	4009.19	348.118	904.153	1902.88	276.662	1174.17	333.099	594.185	1643.7	131.493	227.924	3780.7	218.075	308.171	601.722	783.052	172.642	2871.25	488.522	1427.24	150.048	734.592	755.987	311.836	2768.84	369.454	134.94	800.141	4901.45	159.105	191.445	2246.11	1129.72	1363.6	1229.14	1464.06	142.54	677.292	238.483	1001.18	465.767	1725.25	9601.92	735.411	672.312	429.643	622.583	644.273	633.193	194.281	488.606	215.51	385.144	3882.09	309.668	693.952	251.277	1077.52	4515.69	841.055	1018.35	726.811	876.023	471.941	1439.97	179.465	529.226	279.783	368.684	330.952	3028.22	487.886	2539.7	199.005	1098.1	495.668	3351.1	4828.0	3814.05	412.813	2095.06	1316.74	1732.4	2996.02	5236.69	1516.89	5607.76	769.938	406.971	2420.99	3794.77	3401.88	2138.98	1903.59	2263.9	1503.45	2681.71	3172.55	3322.61	869.23	191.992	1461.88	823.562	4300.08	889.934	338.564	3222.0	1493.19	609.957	3620.96	634.984	3376.85	325.003	370.052	4223.82	3075.08	2341.73	668.553	4746.92	355.501	4909.35	485.751	5067.99	1288.53	1557.06	1689.32	3175.42	774.766	823.269	447.674	646.824	1129.3	303.458	286.771	1366.44	2978.28	350.63	473.949	146.428	381.254	1515.84	255.06	176.947	279.19	421.736	902.256	190.798	577.787	155.041	217.178	0.0	590.25	211.115	1218.35	744.016	444.312	429.581	157.497	273.717	455.606	664.168	145.403	558.294	329.583	311.432	179.525	289.874	1822.02	157.759	310.065	486.805	776.32	879.609	567.076	494.952	318.34	721.013	41.0354	652.938	95.0747	261.993	463.924	1188.34	299.372	639.139	135.967	98.79	305.035	686.9	184.466	179.054	183.608	77.7116
MT_M241	1308.99	1932.04	721.571	732.586	3321.76	4678.2	1466.13	1366.45	2781.01	3385.36	3494.91	782.113	4560.34	3640.95	1876.28	540.057	6827.09	3114.83	183.148	1316.12	1549.66	874.402	818.67	2051.28	2012.96	1998.16	833.138	239.245	635.579	764.176	341.551	1656.26	311.459	1127.49	333.211	4919.72	3492.04	1886.63	493.44	445.208	1026.45	279.813	1626.9	4185.22	3616.83	9162.62	530.406	36.3536	4831.26	3799.05	1387.95	7408.19	1583.74	2248.55	6779.1	583.487	1218.81	8583.17	519.44	726.968	1600.03	3331.32	3383.79	1232.29	670.72	437.502	167.8	1533.35	1163.74	477.399	5276.9	1359.92	6716.85	835.146	838.1	2315.62	21327.5	17066.8	3298.08	356.187	1650.8	336.381	705.95	4901.63	1287.1	3256.04	1120.81	4425.24	3271.42	3818.41	1085.61	18337.4	4281.69	4832.12	2059.64	708.859	1099.97	696.749	1853.94	469.051	2362.14	1818.61	824.854	817.57	169.824	770.389	494.844	6276.88	5011.76	6628.19	631.864	1886.57	414.581	468.164	6689.75	6432.6	1577.67	7054.56	679.871	2824.11	2507.65	276.799	608.916	1426.7	4256.84	179.299	236.652	645.422	999.026	5866.98	2666.06	6492.42	3932.02	13640.0	1528.52	1726.34	5158.89	6478.15	9592.41	630.462	1537.03	361.505	3268.62	174.123	3965.97	152.507	488.885	141.272	1612.54	1867.04	1280.33	2095.36	2077.77	4037.19	945.133	359.046	6836.85	3833.95	237.298	577.535	113.976	605.116	706.898	3703.53	449.395	390.882	1050.71	329.679	2511.82	4244.47	197.614	2505.86	598.649	6540.49	1807.46	750.765	450.595	986.929	1448.75	1537.24	2007.29	124.151	1065.91	896.679	1177.32	1828.0	639.527	803.821	1207.94	393.747	393.379	1059.94	196.2	1739.5	5970.59	557.822	1703.21	247.702	3997.95	2755.52	3293.83	6033.11	1075.72	16725.9	4357.64	1838.18	235.814	894.09	1738.12	1138.62	337.708	9990.41	387.754	3210.96	339.574	2583.1	1188.86	4811.77	953.444	2460.53
MT_M242	187.254	64.6808	4023.77	86.5631	97.6904	335.148	82.3141	579.43	1319.95	289.737	622.882	207.808	111.6	306.047	272.469	586.733	740.908	841.878	804.462	2210.85	436.613	6078.19	661.109	1752.69	271.321	730.252	311.57	162.386	326.274	407.599	833.244	1039.15	210.213	610.158	201.264	378.677	152.508	839.541	469.482	1165.76	189.812	34.9343	778.278	2949.3	372.867	549.306	755.974	4402.56	1347.24	428.31	2035.42	260.422	1046.21	1054.32	8506.4	122.093	310.96	178.706	105.32	62.8541	1190.18	2725.3	392.706	375.447	623.434	952.408	571.875	415.443	666.05	983.932	85.8441	822.206	115.626	194.952	239.921	1913.01	99.1806	72.686	467.99	1195.31	291.744	985.188	360.14	983.075	3703.01	64.1549	546.353	1458.59	234.399	916.719	205.789	400.294	279.346	615.797	438.189	4509.06	682.235	100.017	5826.59	102.271	850.336	2723.71	65.3794	76.736	289.146	171.79	111.154	364.121	642.696	338.373	144.042	642.745	106.806	131.682	188.017	152.311	367.317	89.3682	110.851	269.82	24.5963	123.431	150.385	166.041	650.846	175.515	63.515	1944.35	248.405	549.188	1069.98	1183.1	827.411	176.659	286.835	140.144	131.926	1238.65	156.056	1227.75	3850.46	270.595	276.88	404.947	3977.62	66.4985	1864.96	128.537	256.139	296.219	30.7244	49.2514	133.543	228.873	792.143	111.542	176.252	97.4073	150.343	919.764	424.907	975.779	130.353	130.674	466.91	367.379	299.161	231.39	317.239	336.017	139.583	302.509	331.261	146.553	348.782	516.023	424.654	485.517	165.514	3577.3	98.9981	65.3272	1947.58	416.603	71.4594	386.761	175.626	1449.08	58.9295	88.8905	541.938	189.027	278.698	332.988	235.811	227.88	858.538	278.639	195.004	1021.92	4801.65	456.466	267.485	159.336	247.73	100.764	272.198	181.177	210.041	161.104	207.472	257.483	91.6015	682.862	4098.25	146.214	124.606	1618.32	133.667	824.74
MT_M243	11835.6	470.687	6589.15	674.133	6520.31	11066.6	506.603	1732.88	7210.46	7495.78	6635.44	12471.2	341.285	1018.66	6664.16	8013.02	4682.33	9326.11	8116.38	6977.76	14090.2	7407.26	12626.4	8102.73	17219.3	6360.26	12295.8	14636.2	7413.65	6088.17	12416.8	13242.4	10576.9	10690.9	7992.16	9810.49	6272.53	7709.48	7733.16	9845.85	11180.1	9966.59	3772.53	4378.32	2706.36	5311.57	5245.51	2727.38	8857.89	3022.57	8033.68	1280.75	11870.1	9983.89	5775.34	3043.63	6459.91	6371.83	744.171	2546.89	11869.9	13703.6	13806.2	10143.3	8688.68	18999.4	7154.8	7802.01	18023.7	15938.1	6085.54	2079.9	6884.83	12708.2	9464.2	9888.08	7760.78	2729.41	13147.9	13099.7	8358.07	13472.7	15884.3	9761.94	10682.5	3769.33	3548.11	3705.39	6446.68	7491.41	6681.15	6636.64	12030.7	9325.58	7392.22	18324.9	12221.5	9175.05	5288.03	1666.98	2785.68	2964.89	506.37	301.742	983.315	383.358	464.64	1640.53	337.448	1207.74	242.09	8808.45	481.916	666.853	5055.74	544.14	959.116	6163.58	3392.88	1371.12	350.053	1185.86	324.911	306.756	361.055	1748.14	3621.54	5983.97	3091.43	6141.59	808.262	2884.23	4771.85	7919.78	964.056	4486.73	706.396	10325.9	1180.16	6890.05	7153.79	5948.34	789.86	2379.7	7114.73	1162.48	1572.15	1838.09	484.868	201.293	115.472	3924.05	2523.55	4328.28	3539.96	16436.7	17545.5	10659.7	15243.0	12942.7	15736.4	14707.1	9136.14	16818.9	19933.0	18536.8	10627.6	11210.2	8218.67	13245.7	8997.63	15630.0	9301.91	14079.6	14329.9	13706.8	8300.59	9813.24	4927.84	2842.09	8629.97	8184.77	13224.7	8005.4	15148.2	9707.16	6971.3	7262.76	8316.06	17963.0	9443.14	14864.5	6834.16	5552.66	7677.04	4270.49	8602.57	17662.0	12047.4	6705.03	8911.74	9831.81	17494.3	2580.54	7814.56	7938.44	22534.4	13456.3	8042.89	9496.21	5189.46	8209.99	8918.37	8538.1	14745.5	4650.37	13299.1	10591.1	12136.8	6215.41
MT_M244	155.13	5795.78	369.897	325.144	733.481	97.8884	1349.24	955.209	911.738	337.884	1220.38	773.632	1626.02	2946.1	935.188	889.541	416.852	1922.51	871.639	592.177	159.303	352.779	2233.2	3634.79	231.844	1690.71	1273.35	243.5	1037.01	400.064	189.859	69.6978	190.558	1684.59	965.44	1951.99	425.508	4530.6	137.404	873.525	1811.49	199.791	1056.51	577.362	164.708	185.949	1130.98	230.832	225.201	424.358	746.103	1487.13	641.467	892.235	217.655	684.87	139.967	889.887	118.716	534.619	41.923	342.865	723.574	768.726	1361.06	322.673	135.576	962.117	115.692	119.078	693.227	3014.35	259.98	2217.11	5499.17	0.0	1588.5	480.081	503.895	124.412	222.112	333.961	343.414	154.5	17.336	140.244	495.095	293.16	871.106	108.101	1411.78	152.466	885.232	393.908	717.243	107.136	620.619	178.838	144.49	716.9	286.323	412.782	221.27	5401.05	172.317	2450.37	1031.9	1185.3	177.809	963.342	756.961	4969.85	69.9397	542.531	1273.61	174.032	59.3153	694.377	250.236	1183.63	1957.15	1252.61	1597.23	422.389	2929.22	1764.7	2711.35	480.855	774.274	1308.5	1525.93	1946.38	975.015	129.771	160.957	2987.23	519.302	96.9984	267.706	640.715	912.047	430.898	1132.54	583.593	924.209	1152.71	625.427	1476.19	1023.18	2072.55	1695.95	309.006	991.31	1072.22	1082.7	176.658	163.55	171.234	106.319	507.824	1261.59	209.791	141.457	446.447	270.781	815.112	1415.69	426.618	252.205	1503.72	142.61	576.364	144.975	184.166	1960.52	373.342	358.076	542.134	610.68	2513.25	326.127	154.242	902.148	673.452	395.653	270.87	393.662	2045.84	262.657	170.986	828.519	446.763	377.048	243.626	335.19	279.376	311.531	254.602	102.062	752.431	1021.43	464.804	1164.25	190.066	455.777	476.782	513.839	409.508	351.8	416.215	128.683	411.251	440.229	97.4153	83.9709	1947.9	1202.26	631.419	135.205	395.601
MT_M245	2089.11	7342.11	340.747	3807.8	7540.73	7618.31	2935.44	1749.69	974.969	6181.79	2117.84	377.184	1858.32	7175.89	660.743	1406.64	735.388	314.579	1278.22	380.731	3043.29	10085.0	840.465	1230.2	488.614	5645.89	2019.26	1306.46	2248.97	961.771	1121.73	2400.55	6207.03	888.597	1046.09	452.706	5295.54	7259.34	1022.35	1901.97	1660.37	4171.5	5705.46	2764.73	4007.32	3550.94	1408.28	2480.19	1570.35	6488.46	748.163	1301.74	235.125	504.674	5802.54	3378.71	170.209	1074.16	4348.89	2440.18	3448.02	453.827	3382.55	1033.9	1349.77	358.68	4998.07	1311.7	648.674	935.431	2582.85	280.835	2515.99	692.725	2069.98	54.3736	1177.62	4544.86	5481.31	102.054	613.034	3477.4	1724.41	1516.5	116.046	1046.65	5267.37	426.791	640.064	698.537	1658.31	2120.01	6441.63	1994.52	2293.43	678.956	737.241	1011.32	907.633	1248.29	953.15	14196.2	10233.7	1463.76	1565.69	177.911	1508.37	41.0067	5621.72	2551.08	4083.93	2643.01	16224.1	955.879	3944.23	24831.7	5282.66	500.81	5674.35	1374.65	3099.87	6145.46	4639.79	1279.27	1217.83	468.309	3393.79	787.7	1727.22	1919.0	1213.96	1205.41	478.675	4044.44	91.4253	594.612	860.221	738.912	4204.4	284.85	2034.68	3570.23	1043.15	18122.2	1121.07	2409.43	948.959	1054.16	520.258	2112.61	22419.4	1149.46	1242.9	1230.69	5705.0	3912.18	844.338	3017.27	6739.58	2732.45	1877.86	5127.32	1071.21	4734.71	3624.95	2666.32	2619.84	1268.67	9001.58	716.453	1466.25	1748.01	7441.79	3136.29	846.689	3771.75	4257.52	1492.76	758.818	10617.4	2154.13	13369.8	629.013	2007.03	5122.7	904.231	2668.85	1405.64	2553.11	955.198	3237.0	632.333	676.614	567.907	1551.2	6251.79	1087.12	4529.29	1547.23	1026.45	1349.36	1617.56	766.544	839.008	1660.72	2890.14	1514.21	1947.72	3430.42	21828.6	489.358	2609.39	1727.45	21811.3	11362.4	1535.84	1229.83	3561.05	21508.5	3506.15
MT_M246	174.406	82.2969	154.547	87.201	73.0385	31.9592	265.957	81.0969	311.906	1598.33	72.4507	233.588	615.267	47.9396	466.346	86.8752	40.4927	742.179	415.391	415.201	290.797	209.131	135.852	239.714	68.1723	387.209	67.8009	167.635	119.2	68.2163	361.247	489.558	87.3235	154.678	1266.77	113.53	345.263	102.0	80.0313	90.8778	336.728	71.511	1319.2	109.893	96.8375	183.279	373.267	938.439	193.492	611.075	1144.97	388.103	1225.41	615.096	126.863	162.513	236.013	305.642	77.6038	80.5936	348.517	166.043	65.7352	18.3678	457.364	92.7776	64.6461	55.0972	426.583	36.1245	58.0243	3369.49	122.011	308.369	1851.52	42.5267	65.2756	757.698	1051.88	165.868	55.7463	343.186	234.711	50.1352	82.552	321.485	489.064	909.076	478.056	69.9323	329.842	111.371	175.94	88.6208	79.5076	284.216	90.1311	42.8346	1134.22	173.23	874.84	238.74	76.5325	439.995	220.579	109.71	164.979	511.679	212.975	454.06	117.638	119.426	103.817	161.909	109.658	92.3298	84.5598	39.5691	72.1218	76.1368	143.864	136.621	139.061	58.8593	179.691	239.765	171.987	2108.86	1364.58	806.291	2014.03	1063.83	597.571	22.8993	90.1943	669.901	75.43	412.49	73.5427	296.968	621.178	223.779	112.273	82.5208	1143.54	80.2729	1125.21	219.262	1319.94	755.807	70.4462	640.829	380.049	2241.96	133.865	114.123	78.6888	40.4725	50.3707	86.2536	159.643	59.4257	83.1845	100.466	191.292	249.598	807.643	173.633	59.8428	497.084	70.9886	381.624	84.6933	606.674	219.534	82.9972	351.429	412.465	41.5312	722.56	54.6221	68.4203	1015.8	507.654	133.102	1155.6	40.6649	123.023	41.5636	36.2087	221.25	694.454	123.807	439.449	119.358	34.9688	191.846	1339.62	34.6898	1174.61	1100.23	163.231	285.094	64.5172	333.463	260.004	1132.1	109.776	59.4595	47.4681	45.123	29.0174	21.0085	101.628	106.592	69.2117	224.241	256.669	54.9555	873.038
MT_M247	578.381	261.444	691.985	232.804	567.823	952.582	45.4795	408.917	80.6119	1035.89	459.614	144.141	51.5327	93.1805	180.748	50.4019	95.4864	198.416	11.6517	318.125	234.99	704.374	35.9047	324.18	67.8633	69.4623	31.5648	271.911	79.8517	203.348	217.848	875.686	47.1079	365.64	89.5033	190.513	48.3158	51.6145	72.9879	35.9615	157.166	86.3702	1323.82	520.899	255.589	408.889	111.439	17.6794	142.677	335.866	1050.02	78.95	361.31	145.645	613.295	321.31	73.3213	431.726	1226.29	309.354	542.3	346.809	377.37	944.473	88.2792	51.9214	118.893	70.2339	866.052	207.97	1003.41	297.358	176.891	158.342	1944.21	1629.26	336.718	383.548	414.611	766.845	622.586	389.425	105.808	236.494	2146.12	130.77	181.221	1291.29	134.494	550.181	56.8179	480.579	122.336	667.963	850.764	1632.85	125.151	147.433	365.671	260.231	91.3688	63.4648	101.638	210.476	206.739	493.088	37.5609	1013.03	689.232	219.107	90.7316	1109.08	63.642	67.9024	153.618	83.5686	116.903	400.051	342.769	192.641	52.1413	117.092	92.5753	86.6701	553.689	95.3873	145.719	226.711	201.356	752.679	271.758	155.152	99.1535	1594.4	59.4423	243.734	322.875	246.768	907.948	704.814	324.491	103.261	855.473	64.689	1077.18	161.159	122.395	335.064	296.725	605.575	85.945	828.121	85.8116	545.515	0.0	14.751	169.866	41.9927	244.8	127.089	62.1831	25.6045	57.1411	140.0	77.3615	389.725	127.026	576.127	91.17	199.664	18.9213	225.576	103.379	423.818	864.572	17.5919	186.269	309.553	370.188	223.737	150.703	75.8031	456.329	257.088	152.171	92.0848	88.5492	1385.02	87.0399	376.95	1033.69	131.784	77.9591	491.307	173.968	167.109	119.539	126.13	282.413	196.118	572.423	213.425	301.215	308.847	40.6118	270.213	282.398	185.459	174.789	117.365	286.367	405.849	222.378	64.3936	570.579	457.204	149.679	389.878	67.9826	145.273
MT_M248	505.271	209.747	511.882	269.578	142.497	19.4416	58.6616	363.353	55.2289	18.7469	15.9691	307.516	231.979	903.345	101.128	267.835	248.713	87.3344	18.8323	66.0991	432.737	23.8313	74.0903	164.155	413.929	327.812	167.974	458.972	180.887	73.2321	342.117	25.2412	205.419	31.4437	366.783	228.566	111.032	48.5215	320.354	116.046	126.79	122.523	29.5309	99.8717	478.778	53.4317	325.766	68.0603	80.9447	19.1955	25.2551	583.212	20.3814	23.4643	31.8854	367.591	17.3051	56.1184	910.335	2191.84	34.9428	27.5613	134.457	123.05	24.1257	170.716	167.374	183.922	77.8982	440.72	65.5099	28.7881	362.994	71.443	29.5602	154.2	45.7452	27.4062	216.595	23.7362	329.601	235.647	564.943	70.7657	99.7202	43.5643	31.7686	26.3251	17.5771	41.1419	50.9475	290.554	79.9291	34.0382	104.493	26.1502	231.357	142.861	95.5999	38.8269	16.6592	35.6521	336.778	59.5945	294.539	541.58	32.3687	635.506	59.1199	47.5009	387.212	43.7053	524.246	524.652	176.546	262.716	536.324	58.8622	724.121	209.239	330.482	293.68	58.8396	99.1293	34.9348	222.624	284.869	25.1884	32.882	25.7009	51.9883	35.3837	29.8509	98.3095	30.2213	23.9932	50.144	42.4662	44.0687	42.245	22.3087	626.534	27.0287	254.964	103.644	390.131	48.1387	360.116	33.8439	44.1897	207.646	297.726	245.344	305.73	46.8403	157.583	306.604	215.07	379.671	151.398	181.393	159.203	135.8	214.003	172.027	312.181	247.918	320.452	88.195	105.672	68.6567	141.125	149.617	27.1015	249.104	60.2258	128.955	23.4932	239.002	14.9445	111.944	145.813	21.4062	162.393	30.1975	26.0613	99.8003	39.4039	17.7264	209.977	30.056	181.212	107.679	46.6956	292.554	84.7464	17.4613	1261.85	98.3047	16.2304	21.6164	52.0449	160.088	150.267	57.7775	117.809	213.655	165.086	127.355	196.831	224.656	25.2019	78.1543	160.639	19.1749	288.235	174.358	53.638	23.0944	17.7816
MT_M249	90.7895	38.2314	67.5632	414.545	52.7557	83.6998	87.1946	22.8744	15.0712	35.2854	22.6705	30.7474	65.3963	21.4595	36.9947	35.5479	39.765	22.6862	216.917	16.0875	29.696	212.942	52.4721	43.7809	314.791	42.2617	28.6132	35.869	28.6644	23.0548	71.2201	21.6767	76.7142	40.2911	35.1657	34.3442	39.422	19.2857	41.4752	28.5629	20.801	48.8888	44.8968	19.2777	284.717	121.548	61.1846	42.6316	107.416	27.4486	29.851	73.7232	21.7477	33.6259	394.761	225.996	56.2118	24.1345	247.206	451.176	121.763	15.7217	43.7857	30.1809	27.4556	15.2214	67.0807	58.0443	138.699	13.1571	91.5032	20.4315	37.0102	51.7121	133.044	0.0	21.8572	98.6311	14.8988	40.2521	94.8792	66.9571	78.1981	21.921	55.5349	438.761	57.2609	20.6307	14.6141	58.4188	47.555	124.205	36.9813	231.869	38.0156	46.3858	29.6578	726.642	53.9982	40.5658	15.1207	2170.08	209.049	280.808	99.5613	22.9092	287.316	78.2363	3036.17	132.77	62.9059	157.84	125.687	134.647	354.872	552.398	96.8118	150.404	119.991	194.96	25.6997	22.0918	41.6537	148.195	31.5346	99.6595	100.14	54.2785	56.1152	61.0213	77.6405	31.2968	28.4986	561.428	178.145	31.7591	36.3789	40.1732	288.472	39.136	22.7463	186.434	25.6385	1012.96	44.9985	216.967	52.4297	71.4692	1189.74	161.895	21.1671	164.045	0.0	106.685	84.2834	1539.75	282.499	48.8461	101.145	36.669	29.9951	33.9379	58.0921	75.7585	90.1104	72.8141	46.8291	57.6862	50.143	39.7525	56.5845	62.196	60.4697	30.6275	33.7555	61.3163	52.7557	24.1441	250.921	242.849	397.2	78.4135	24.5491	39.2575	80.2061	23.9051	105.898	87.8426	30.8304	122.224	81.0966	203.191	179.317	45.1658	47.0287	33.3351	28.0552	53.4657	20.8299	31.394	9.88129	72.8947	149.893	42.4572	31.405	595.344	40.4887	90.9737	109.387	46.462	51.1064	40.8483	91.6586	414.829	430.866	46.6359	51.8313	58.4393	35.7021	36.1039
MT_M250	3148.15	824.974	1520.63	1313.87	1669.0	755.964	250.737	3022.72	1433.07	2778.43	1135.64	518.921	2526.47	1750.3	1611.58	1095.55	30767.0	1252.81	564.141	1135.03	4216.32	764.643	1260.92	1276.79	5220.34	1985.66	6220.41	1279.03	944.449	5167.99	1199.51	229.196	1134.31	1594.8	951.527	5921.41	5032.68	2279.53	3298.12	437.739	1717.86	780.678	146.439	697.651	5705.83	4467.28	579.299	20.1221	1454.39	930.443	850.499	561.588	384.007	924.108	2398.84	1814.24	87.2824	2030.25	2118.77	1707.45	253.821	3750.32	6879.0	2950.48	1757.53	676.336	612.06	4860.67	555.595	13016.1	3054.09	167.564	8064.02	926.0	1320.46	478.989	5378.39	4307.08	2014.89	352.761	4889.89	993.689	1810.19	6920.2	978.914	533.294	876.066	362.926	1987.82	697.514	974.001	11312.6	4672.44	1818.36	1419.26	195.088	1173.36	607.786	467.201	974.559	293.089	656.854	621.374	555.042	645.45	699.496	219.543	719.649	713.04	3143.36	1276.78	192.687	1206.27	1132.5	4618.88	14914.7	2042.14	6110.4	1052.79	3298.49	4730.54	1180.59	1151.89	890.508	1827.93	286.272	385.941	186.585	197.006	557.181	244.373	781.794	527.923	5525.84	430.861	644.648	5882.88	821.615	3598.34	309.764	1064.42	846.398	1916.5	749.017	1126.04	566.28	299.471	261.165	418.119	658.74	3050.22	729.251	4393.93	1783.06	1145.64	890.754	5144.16	9415.11	573.317	2358.16	326.744	2651.59	1007.78	2290.52	1214.89	646.956	1316.71	1136.28	4084.13	2662.76	966.731	7776.71	1177.54	2528.63	2092.49	1636.27	885.615	690.033	2254.93	1950.74	2992.25	510.821	2437.66	1168.89	2456.15	1546.17	3205.35	1007.85	3322.31	1205.98	281.209	861.248	581.76	348.315	7735.3	526.407	1789.54	1075.01	8162.7	5102.31	1999.91	4826.63	2518.3	7871.61	1411.09	1765.1	226.099	765.301	9609.5	9313.6	450.891	4007.76	843.748	10731.8	324.014	1783.47	574.667	2135.92	2246.72	2498.81
MT_M251	3489.66	5737.71	3995.89	7112.19	2467.16	379.67	6815.38	691.372	9830.9	2161.81	4850.01	6939.29	10470.0	6067.43	4443.57	6681.57	1211.71	6317.63	10567.8	2606.44	5860.19	955.55	16101.2	1783.31	3273.94	7204.78	7124.25	3417.65	11110.4	1654.62	1819.27	4869.52	4362.24	1019.12	8126.23	3673.77	9394.48	7588.74	1327.21	10427.5	5692.48	3938.87	169.989	7337.8	480.407	2754.6	2304.62	10875.1	70.6603	767.335	3320.31	3744.81	2373.13	2844.52	5043.32	1535.74	8043.88	4991.52	610.944	6923.17	651.49	2195.44	989.276	7084.47	8289.93	576.114	1087.78	4296.31	2728.63	3943.91	1549.98	7633.45	3114.59	7095.2	638.458	1892.07	2365.8	690.386	4226.51	6450.93	497.785	5209.04	2436.45	5634.91	5310.83	1697.93	1118.78	1340.44	2439.32	763.057	9605.82	624.477	1706.26	2523.98	7777.68	3455.58	7920.92	1411.63	14605.8	12877.3	9372.86	7438.12	8158.6	7878.9	2960.9	3105.35	15709.0	4600.54	401.009	580.698	7645.24	586.135	6846.02	939.268	5710.3	3515.7	732.588	682.553	424.826	1671.44	4639.79	2751.62	4493.65	1938.0	5171.65	1633.26	6616.21	3526.0	1873.64	3487.11	360.822	820.406	289.564	260.351	1259.72	5694.64	5954.09	227.715	1655.62	7816.03	3879.36	1872.93	4900.89	1200.76	687.646	1050.43	8257.15	1644.56	1808.53	2161.26	3455.83	4805.32	13260.2	206.931	4391.62	528.712	3238.75	2895.82	2906.36	1777.17	9649.05	815.754	3813.24	1838.03	1066.1	14809.1	1714.46	614.079	7982.39	1431.92	1039.31	947.524	2616.94	1364.54	1234.72	8306.13	262.106	10011.8	1563.02	6942.17	2535.84	2102.11	1390.75	8177.98	2558.35	4488.19	2575.62	1610.55	13450.4	1785.78	2223.1	2233.55	2656.87	638.338	8857.46	12744.1	9499.85	7612.78	6072.72	1659.26	274.981	9717.76	1971.62	11073.0	12660.3	780.865	1915.12	2051.25	700.436	1304.02	12967.9	4169.45	8798.72	5692.68	691.309	8361.47	5955.19	6387.6	1457.82	3238.44
MT_M252	78.2271	42.5463	235.723	16.833	59.3884	12.5557	3.79424	42.1342	84.0037	21.3694	33.071	60.6407	24.6681	48.1515	75.3855	257.443	214.185	50.6963	30.6531	20.278	151.849	22.2639	99.6068	43.7509	83.2367	112.309	161.116	271.683	99.5418	206.2	217.672	11.7342	578.237	96.2947	263.413	380.722	43.2383	81.6449	354.527	450.997	99.4232	211.671	191.766	95.4684	38.8731	26.9064	121.135	37.2686	9.46961	37.1665	16.0792	96.8534	92.8874	51.4765	9.54359	55.5076	7.91841	32.0238	48.3789	86.8174	13.87	84.2933	34.2346	120.071	64.3346	367.16	276.735	65.9853	89.6955	136.552	62.1531	147.248	91.5707	104.573	81.65	8.11342	57.7445	37.7944	23.3556	6.04815	519.452	62.4114	205.708	95.21	14.4629	9.68422	20.7284	25.832	37.4036	23.91	61.0208	146.366	103.909	28.9259	47.3074	6.57387	83.885	178.053	22.0494	70.2725	59.1712	25.7923	51.9283	26.2818	140.282	119.413	10.2069	0.0	7.22309	50.9675	76.0088	6.09957	34.6572	238.493	71.4627	21.0151	168.732	21.1053	38.7564	192.002	46.8561	191.982	27.0274	40.5972	64.7752	57.0641	22.2259	20.8774	15.6742	49.0206	20.9678	194.893	8.85477	4.83033	15.5216	13.9301	114.583	67.0828	17.3301	20.2305	48.1449	195.154	19.912	142.192	16.0357	93.2033	17.8705	103.179	12.8923	18.6479	13.721	20.0453	38.6092	79.9151	88.7362	219.166	236.062	265.022	182.704	163.985	166.532	317.089	564.253	202.469	131.98	38.0352	105.16	178.673	117.263	46.6987	416.226	166.146	286.515	48.3908	33.5589	143.97	72.4233	47.4841	37.0954	34.9863	46.9105	408.438	23.8354	74.0948	71.6906	16.0912	42.9813	34.0544	80.1838	48.6709	29.3564	43.7339	32.3117	15.4343	73.0948	33.0116	9.54785	80.5129	59.7177	20.3878	24.7951	52.2287	106.777	36.9815	24.3551	30.8046	45.7601	123.07	44.8004	164.777	54.7137	41.5672	66.292	43.8401	10.7768	93.3422	72.4466	49.7987	49.4495	46.8917
MT_M253	95.1357	83.4831	42.3255	130.468	324.29	690.807	967.102	104.279	633.363	847.373	743.611	295.764	114.739	99.265	557.312	627.789	122.382	1402.25	241.822	206.299	73.5045	189.501	166.59	285.642	163.862	214.178	591.936	47.8972	193.001	318.076	52.2172	91.9969	61.2381	412.636	40.0086	144.382	281.071	990.344	88.849	241.368	264.931	74.9703	353.117	464.549	105.387	1442.45	97.3123	69.6008	440.509	121.976	394.451	37.2694	148.997	607.773	772.427	47.9	278.616	1009.73	57.9444	60.7864	128.833	665.556	288.263	53.2193	541.124	176.174	24.5907	39.0304	265.436	81.2163	390.594	99.7004	149.254	219.162	313.007	40.6778	1573.61	909.674	1887.2	181.074	46.7508	65.1428	60.8416	184.399	60.2974	627.416	207.403	271.84	768.034	472.899	470.359	746.298	215.352	678.295	856.193	100.584	75.5569	46.8451	799.768	431.833	822.972	189.416	95.4072	432.662	253.709	52.7847	446.651	657.134	413.218	506.729	118.426	142.805	80.0409	43.1977	313.884	416.971	45.3922	445.502	49.1921	176.752	146.276	53.6171	601.456	158.008	192.089	30.2991	78.7647	470.685	70.9514	307.611	196.731	487.634	259.561	276.133	214.139	918.811	998.617	223.107	186.744	906.484	768.949	74.4517	124.456	70.0718	167.682	150.778	139.416	36.8265	170.842	368.264	81.3699	299.81	125.232	330.233	109.656	92.4078	108.55	96.5321	40.5501	67.6265	32.8019	43.2292	67.2814	148.345	34.6443	172.093	167.577	15.7092	57.4736	94.5278	58.4829	69.4725	38.7209	579.352	223.041	42.7193	183.051	319.432	70.8891	125.335	36.47	27.699	304.701	70.799	823.17	228.156	64.2247	207.776	542.056	73.7842	28.9909	251.83	158.169	335.786	313.484	84.721	188.934	53.8962	71.1838	531.12	210.147	2357.62	61.8171	87.2608	77.964	304.667	46.9133	118.515	70.1461	188.353	39.4089	803.988	428.74	391.521	38.0968	78.941	89.054	146.686	321.24	323.951
MT_M254	158.366	252.865	368.616	210.486	116.18	180.815	290.603	186.145	214.657	141.881	245.479	241.027	70.7915	126.525	365.59	125.476	570.097	371.376	846.69	341.96	488.559	290.515	405.876	381.93	161.453	233.569	193.056	285.307	418.482	112.578	158.869	644.429	173.656	195.206	142.853	230.725	169.145	221.818	76.2671	250.769	312.536	427.303	135.952	80.1204	156.422	532.62	217.938	167.172	47.6279	127.71	1638.15	370.008	1403.48	715.119	1492.25	549.33	26.0154	74.6246	356.316	213.938	324.217	585.748	267.042	1658.62	282.156	125.57	132.792	1144.19	1107.24	297.653	124.691	343.596	93.4916	304.76	142.293	1459.71	107.961	148.786	317.903	1395.19	1505.98	929.626	168.819	121.358	2736.77	1083.02	220.24	834.378	524.861	200.294	458.617	330.296	527.59	398.709	392.641	1775.38	500.12	3183.33	506.632	1444.57	214.599	4305.53	217.171	521.893	53.7375	569.862	157.341	252.474	1084.9	101.034	377.375	355.693	182.048	121.884	429.427	187.365	116.844	304.483	140.357	333.384	105.489	157.29	158.166	101.85	481.909	443.068	298.016	186.437	302.201	137.232	251.711	440.183	173.087	153.188	209.042	634.985	408.366	68.7759	571.083	1638.29	333.661	250.982	1119.3	751.978	523.723	385.521	36.632	253.031	760.237	1212.89	307.176	353.374	119.239	221.831	189.978	612.8	500.827	281.706	2760.1	3748.77	213.382	786.033	1421.6	1211.15	396.913	4760.46	572.868	11395.3	515.751	2535.4	166.339	361.514	1186.14	215.907	3350.5	239.387	170.203	206.651	646.576	1954.16	1350.06	3125.57	569.738	594.454	230.789	430.507	1108.46	1657.19	570.458	1053.95	1450.51	646.103	415.184	1028.22	1468.8	788.177	1047.6	552.651	781.916	295.182	243.394	3282.4	803.709	396.112	147.206	2696.12	442.702	1071.48	446.419	798.404	3616.45	274.318	549.343	474.734	379.168	6179.08	1181.7	434.186	311.516	315.086
MT_M255	3874.95	3593.28	1623.7	12529.5	2175.52	1758.2	506.447	1132.61	351.149	1359.78	1075.41	424.132	5813.66	924.898	1754.36	1022.88	446.323	293.001	1066.71	319.523	2027.29	2429.92	1562.49	397.238	9333.61	1045.1	384.05	555.468	1324.3	167.15	527.856	1466.52	905.959	950.542	800.004	226.794	4902.07	1007.88	234.205	580.773	1104.9	2084.26	819.913	1702.26	5700.08	628.395	859.229	928.634	543.715	1479.69	370.369	3180.89	350.835	1009.38	1983.08	8755.06	2931.05	1393.65	5124.58	4530.19	1369.41	195.959	404.157	1643.5	1683.0	691.611	973.417	1055.02	3580.43	509.667	1359.43	371.51	1291.49	880.23	1928.03	237.768	754.27	910.623	437.624	639.486	1869.51	724.292	1001.83	324.627	1187.99	9674.47	1283.57	795.26	188.746	1098.98	573.023	1861.91	839.066	1490.41	1325.2	599.623	762.843	3482.89	482.345	706.061	744.677	10784.6	8492.33	6384.37	5404.65	1898.4	6253.29	1304.65	9644.6	6660.03	6137.43	2417.66	8293.7	3722.2	9759.14	7218.53	4153.05	2379.71	7847.23	4315.2	1031.57	1358.83	1040.18	4373.71	2257.04	7533.48	8136.04	1061.34	2247.34	1985.17	1499.37	789.194	134.923	7940.59	3727.9	2641.21	1522.12	574.345	11806.6	612.995	652.159	6644.78	2162.41	4828.03	1467.0	7380.91	2163.09	2134.47	1012.24	4587.63	6813.22	1373.63	103.31	2678.13	971.861	3486.45	1361.2	1301.54	1869.96	1136.94	1314.45	392.287	947.684	1079.19	909.616	2787.29	1278.18	1441.81	1911.92	547.877	625.726	737.159	2041.19	673.739	599.954	3724.79	991.391	1690.8	1711.26	9842.88	5792.63	990.077	219.745	900.339	1911.9	679.521	1229.12	1845.59	1681.72	1053.55	1734.57	1101.84	994.647	1559.99	801.22	3199.74	480.236	1887.56	301.357	580.021	44.2908	1202.42	934.737	943.231	1721.27	3945.23	570.143	1341.69	2551.36	1628.94	2011.47	633.719	359.153	5600.06	8024.67	1891.44	1410.93	3083.21	3521.4	1632.31
MT_M256	17.7946	18.3749	52.3568	8.49972	8.94483	3.23761	137.765	35.9041	50.3719	10.8773	35.2095	15.8839	14.304	23.6773	31.7111	27.0856	36.4772	91.9871	10.2365	79.0376	12.6278	61.5417	68.351	21.2475	74.9866	61.986	11.2776	34.4497	88.7256	29.6742	27.0323	61.3007	36.4441	30.048	18.3343	29.082	25.1272	23.1071	51.1377	34.0478	22.0887	54.1194	19.5201	21.7578	19.3157	24.8427	79.0784	51.0601	118.653	19.3834	45.6858	40.1184	11.8379	31.6369	24.2352	26.2644	80.5825	126.973	15.6007	12.8146	73.5318	127.764	34.4321	50.0375	15.8333	27.5593	21.4476	51.7447	556.538	27.2181	7.83048	30.4414	9.10783	29.8158	16.6926	92.505	8.70539	3.11743	5.97892	90.7679	59.1218	18.0298	83.2327	5.28677	7.18565	237.81	13.2093	14.8627	7.34006	258.714	28.9398	37.1135	28.6621	24.5193	13.1671	10.2925	13.3811	19.9044	262.038	6.2128	21.4263	2.72359	10.8289	21.428	21.7654	15.8879	22.0457	134.279	20.8076	15.4138	22.7988	14.7804	14.3807	41.1112	14.8524	14.9915	12.4686	8.6345	16.1868	23.4806	5.31245	31.7739	17.1335	8.11989	13.6183	44.008	11.6698	32.2273	173.855	1410.4	270.912	68.0547	250.106	11.5622	167.069	12.1747	6.0926	34.4092	8.39788	74.0779	190.6	33.388	10.4923	8.20106	46.9635	13.5183	6.33276	33.4084	11.5663	14.1537	12.2518	12.723	19.6193	77.9728	32.038	50.4645	106.992	36.2455	78.7014	216.852	61.0352	86.6316	27.5449	71.2284	97.4463	30.6814	40.7649	151.269	46.802	66.7966	39.1962	85.5416	90.3717	23.8905	34.3431	35.5296	45.0735	19.2177	16.462	27.4427	30.8496	35.2188	18.9434	45.3218	12.4803	9.56909	19.0502	10.0618	16.299	19.7988	10.1884	33.3515	21.9263	209.131	17.2442	0.0	165.773	22.8261	49.22	11.3927	48.7061	30.1708	86.2566	20.0215	12.3839	23.8608	31.2881	33.4553	29.674	101.492	8.03717	20.1256	11.2504	3.85326	154.961	23.2095	22.3396	11.8967	42.1433	5.30399
MT_M257	9547.11	1043.0	18768.2	759.124	17977.4	1986.35	1862.62	2995.72	7158.84	7899.34	10407.4	7103.79	1959.64	1024.32	18002.3	13234.3	10332.8	9632.27	3471.29	16257.5	10760.4	12659.7	15549.2	20739.4	9416.37	20582.7	14061.7	5221.87	16275.4	7686.12	17386.6	7839.04	12101.7	18017.4	19540.2	15776.3	15004.9	14411.8	9652.79	19256.3	10755.5	15890.0	20249.1	15102.3	11135.1	5991.2	25126.9	5270.77	10195.4	12934.0	15163.7	3924.18	17664.0	8310.89	6940.54	1632.86	6980.88	14075.3	572.689	1810.87	2325.54	3174.8	6162.34	12221.3	2295.81	12752.0	10886.1	15287.0	3324.27	8708.92	13246.4	13381.2	12513.9	14387.9	19255.9	26123.3	12582.1	10598.4	11522.4	14181.9	15343.9	7611.79	19708.6	1739.77	19310.0	1734.66	1689.43	9138.08	4128.41	5341.33	2904.05	17936.3	15383.0	11887.3	6447.27	22933.9	9041.11	10108.1	11686.3	3929.83	6468.36	8990.75	1228.49	2568.43	4165.9	1305.17	2223.45	1523.58	954.047	2592.97	996.496	846.808	1730.53	2230.73	2089.81	1543.3	2070.87	2307.27	1170.59	2733.17	2958.98	1895.04	1369.73	1556.62	1479.48	3115.93	1115.43	7955.9	931.246	9511.72	2985.36	12720.4	16943.6	4122.19	3707.79	4224.65	1264.4	8498.26	1441.63	15081.3	16061.3	4888.19	1933.72	1368.07	22101.7	1858.12	3819.94	1710.51	905.554	1240.13	710.851	1170.19	2384.49	3612.66	1500.99	12450.8	15924.4	9210.23	12217.7	18550.9	18443.1	14413.7	8478.04	14017.4	16228.9	5551.25	22093.6	22499.2	14763.4	8457.18	6847.03	25797.6	15239.8	13964.1	16467.4	13169.4	18049.0	13667.3	5208.84	5342.52	13972.5	3416.22	10875.2	11268.1	8196.61	3252.23	8577.95	7396.75	9216.39	2407.65	2695.02	14604.9	2818.38	5092.24	9629.41	5339.9	11299.5	7327.6	5281.71	3557.04	10610.2	11163.9	17026.4	13009.3	6643.05	12538.9	2406.83	18852.2	13843.3	12403.9	4087.43	6661.7	838.361	8203.66	12082.8	9723.87	9404.3	16819.0	9185.78	8023.7
MT_M258	79.6174	216.149	17.3843	202.835	195.057	16.6943	356.663	312.084	137.143	110.183	82.7355	93.7138	90.9545	332.918	83.9956	234.304	29.0433	169.593	68.5398	67.5354	54.1497	20.0927	259.342	68.9903	596.117	361.53	446.55	112.192	377.528	165.562	177.308	181.166	205.669	60.1161	423.274	306.265	318.455	147.046	173.804	536.629	337.423	231.735	165.952	365.726	27.6814	321.828	253.093	174.98	174.188	11.6737	36.234	534.08	205.097	129.54	50.8571	611.119	160.838	20.221	79.4503	365.703	64.5641	588.358	43.2425	123.578	205.886	140.175	32.7929	54.5539	169.05	692.878	91.817	725.805	88.4577	281.31	128.61	32.1927	51.8107	38.0466	110.324	24.5233	57.7323	661.392	334.41	16.769	199.618	155.764	198.65	371.57	86.8803	344.307	73.0791	179.946	264.221	84.0114	94.3556	72.7495	115.956	43.4273	48.8087	97.0666	343.684	273.283	200.291	64.8125	206.738	275.906	198.796	326.554	503.342	68.3571	583.955	25.4774	352.575	286.539	753.704	112.398	116.219	416.103	247.196	653.577	296.327	639.831	564.539	198.194	170.963	282.998	51.804	71.8878	53.3029	667.775	98.0852	175.274	429.135	74.9691	51.1589	102.261	15.6295	278.181	220.673	62.7839	423.006	466.293	109.528	242.413	460.421	37.7104	314.991	379.861	99.378	142.694	39.8997	41.0275	449.082	370.715	908.188	204.443	729.985	688.841	185.143	233.834	193.423	103.462	92.5286	314.482	376.869	309.745	159.85	152.586	323.337	530.134	149.52	521.595	132.292	413.897	122.351	243.853	244.619	115.506	39.978	83.9283	66.6137	94.0397	282.854	239.26	255.388	102.46	34.0378	43.7468	51.3504	59.3393	108.998	487.569	87.4856	94.6686	40.7471	18.983	48.4109	763.633	95.4888	95.4565	258.439	81.1705	567.168	27.7716	98.1694	100.82	592.029	144.209	199.688	58.8342	19.9105	137.935	143.63	39.3654	18.2218	106.262	399.652	67.2994	458.3	104.69
MT_M259	13644.5	2257.11	14939.6	1474.72	7435.23	4017.53	181.107	7205.84	11394.8	9707.27	10196.9	19815.1	1311.42	1811.83	13098.4	8465.32	6570.26	20135.9	5087.74	26230.7	18707.4	17311.6	17351.5	10443.9	17786.2	8895.38	15978.5	20749.1	8292.24	6193.03	14653.5	31905.5	10566.3	19013.1	11396.6	22996.0	7411.31	9886.07	10658.5	11592.0	15422.2	13239.2	11851.0	18174.0	6101.4	12228.9	8378.92	12832.6	12650.2	5609.05	7410.72	9739.51	24308.1	11383.0	8623.58	5961.56	7809.85	18124.0	2315.02	8971.63	18842.1	21664.0	19758.5	17963.9	15252.8	14845.5	10132.5	7850.18	27304.1	18951.4	11052.3	15709.4	16553.2	26288.4	18766.8	27672.9	17927.9	13879.2	11852.6	13791.4	15982.1	17408.3	8801.34	8987.05	25389.6	3575.39	13725.9	12268.3	16301.4	12571.6	14421.5	10662.2	8004.01	13597.0	11945.0	27484.1	15907.2	7483.82	20765.4	9937.35	15683.7	3357.43	2790.31	1903.02	5818.55	2635.44	927.048	258.099	474.592	7662.17	1668.06	747.407	3025.42	3798.97	13461.5	2787.31	5533.85	10447.8	6231.9	3914.08	1201.84	6758.17	2923.87	2252.6	4794.2	5571.32	6019.2	12130.1	789.654	16677.4	1399.89	11882.4	2137.52	15608.9	133.073	10539.4	2283.55	19100.0	3795.91	21117.2	14199.5	15230.0	1386.39	3861.86	25109.4	6659.77	10351.0	5831.04	666.914	2272.44	567.172	7474.37	13567.8	25269.4	11620.9	9498.77	19586.9	9383.79	16897.4	12300.6	11452.1	11872.0	17054.9	20682.5	13429.2	19466.1	12182.1	15588.9	6250.46	23511.7	8029.91	16368.7	8287.09	19395.3	19620.6	11975.3	9814.57	16602.8	6709.86	5489.51	13261.5	7521.83	21054.5	12947.3	7732.17	18923.1	6411.08	13309.0	9090.91	19763.3	9527.46	18758.2	6705.5	12092.7	11092.8	6160.08	5419.16	25130.0	12393.5	11143.2	11234.5	19229.3	26389.4	4018.65	9983.02	13938.4	25818.3	16483.5	11340.3	12529.0	9999.95	15222.8	8971.28	8697.71	11924.5	9063.76	19817.5	11183.4	10409.3	7391.34
MT_M260	6458.45	9817.1	24272.5	3455.29	6105.21	66029.1	18504.7	5632.41	4991.57	3681.75	17010.9	6918.63	30146.7	6442.36	17101.0	5261.92	5219.38	12114.1	13029.9	25859.3	2783.58	18166.4	12133.8	17079.6	11736.8	12967.1	3655.14	4627.32	31617.5	4359.23	3346.07	45599.0	12852.7	18843.9	18933.1	2124.57	49082.1	8302.7	2048.26	13899.2	20242.2	7883.35	15246.5	13644.0	4703.87	4767.6	6507.58	23251.7	70770.9	2673.21	30148.3	5109.97	44684.3	24163.9	53208.0	5954.09	34922.7	28704.4	1253.72	4781.83	62556.0	7284.78	4630.93	14593.6	10853.2	9027.08	6883.43	18370.7	40612.6	6441.65	12923.9	12534.9	6188.53	26339.9	3938.3	54438.3	10596.3	1051.8	7756.0	63422.3	3773.25	29076.0	3113.82	7931.1	58534.4	50971.7	2999.11	21678.8	8496.04	94243.4	22609.7	2223.33	17974.3	20110.9	6243.21	57306.3	9282.96	7375.21	18349.1	2954.28	9837.6	57800.4	35133.1	15630.1	5993.98	4086.94	7287.52	20921.5	18449.2	10986.6	4237.0	1402.95	6289.86	23801.0	15448.1	8314.73	7502.38	11575.2	3627.29	16760.3	2446.43	9576.55	4440.82	2142.61	2378.87	2318.54	7344.37	11899.8	6964.98	21730.5	14225.2	67689.6	32122.7	8940.24	1974.34	19285.1	7089.87	65478.0	32124.1	55518.4	28053.6	5109.52	10989.7	3664.95	34209.8	1618.65	19913.2	10864.3	2774.37	11510.3	8955.79	2674.87	5146.28	15578.9	9508.66	19463.1	24550.9	26859.3	9987.22	15441.3	51850.0	20962.9	15913.1	20535.1	12899.9	35704.1	21859.4	10659.9	27961.6	24618.0	7889.77	8585.09	20270.1	14341.0	12708.0	54651.9	6630.38	13514.5	8436.07	13763.4	10859.1	31248.3	17447.2	15779.3	14992.5	27340.8	9748.03	15638.8	6984.51	2507.0	31405.3	12394.4	29950.2	57360.8	6623.96	24774.8	25593.3	5134.08	11363.5	9336.77	25328.5	11256.4	8467.72	10564.8	18353.9	22354.3	7659.35	21248.0	21335.4	8761.88	28078.2	5852.19	9202.85	14892.3	44484.2	4498.24	15910.5	45424.3	15655.6	9099.24
MT_M261	1492.37	544.207	5126.41	376.044	302.201	647.134	590.192	343.584	602.873	158.012	217.841	2899.41	304.886	528.233	477.562	564.294	4984.54	1230.53	243.654	762.128	5963.39	539.246	505.247	1247.46	1076.89	383.448	888.067	970.925	552.905	1650.35	728.203	307.436	1103.94	1638.02	1006.73	939.095	195.935	102.484	1965.9	861.061	1022.59	357.065	108.654	796.623	210.621	673.755	1530.27	1708.32	201.564	199.577	83.5334	510.437	741.201	392.953	105.155	406.39	49.9297	502.805	346.463	357.67	100.762	8923.29	2150.66	1898.35	345.993	4394.15	2416.46	1067.9	430.213	3839.62	442.053	611.897	610.857	1366.71	439.066	86.0486	387.979	717.803	631.675	918.338	1004.44	5688.75	5182.15	1314.12	1233.69	100.482	2301.62	1364.21	1976.03	193.082	319.19	3519.2	625.473	1590.99	280.5	2067.14	2778.27	859.945	64.5131	1206.88	1466.59	152.692	312.478	409.432	513.429	565.89	230.276	365.3	887.1	548.438	369.334	354.695	466.344	289.099	413.464	598.246	393.263	391.985	308.035	310.648	222.828	419.66	267.328	344.776	487.866	1214.39	666.749	107.907	228.197	261.591	462.407	483.98	463.085	125.318	268.449	964.084	138.299	285.773	272.519	236.795	278.277	1435.08	171.002	445.449	837.937	192.516	195.982	1167.59	361.729	251.12	440.933	390.716	867.792	290.402	1214.62	702.762	213.017	662.259	739.019	731.327	1191.63	2405.16	2234.66	721.028	808.585	1491.96	841.949	326.974	657.936	619.282	837.936	1460.74	905.037	771.703	464.22	912.833	521.684	179.545	553.238	74.8274	366.484	1160.94	903.477	835.423	312.869	440.542	776.361	854.629	403.623	594.048	373.027	1956.27	525.507	189.054	759.78	800.485	164.104	456.05	1263.07	541.409	227.783	858.428	1503.74	550.662	442.38	364.091	1142.65	512.987	258.839	859.498	720.574	155.416	1091.02	219.561	196.951	535.532	924.22	555.129	311.996	201.103
MT_M262	205.549	170.352	969.514	211.185	552.678	184.076	109.674	1543.03	887.696	325.896	461.474	629.6	358.543	508.832	627.008	283.786	1744.9	490.899	350.74	1680.67	1802.81	484.707	5225.39	849.976	907.057	3057.78	2209.14	457.392	2686.39	328.563	358.228	2268.3	571.124	3393.75	502.677	3342.84	605.256	3160.26	565.441	451.148	1642.63	767.089	272.049	523.103	1070.29	727.957	2546.03	987.866	595.644	818.185	787.643	1583.71	1459.5	265.995	1402.92	889.208	348.876	558.246	212.031	498.292	1000.44	875.022	375.946	957.943	985.785	398.412	327.933	151.547	738.462	619.292	610.31	840.243	838.878	3313.58	486.801	5560.57	659.406	221.562	417.623	4277.3	773.379	1161.14	1000.19	120.786	6353.36	305.351	635.523	424.623	366.707	650.771	119.032	190.807	2719.39	798.13	250.885	2260.04	1540.82	1025.83	483.667	591.186	336.274	547.048	540.134	292.151	477.091	188.299	232.035	206.335	255.681	324.572	635.163	120.241	574.977	1207.39	848.339	1224.28	561.35	310.706	468.175	950.966	210.012	1325.91	1625.32	261.078	1566.94	1122.04	95.568	317.74	42.9364	632.718	443.049	682.118	483.7	572.289	131.467	265.938	312.603	926.301	584.528	2170.7	286.072	1170.87	414.951	159.482	920.476	511.755	3632.66	438.532	83.496	311.763	94.1194	1256.17	1943.99	5558.11	2802.05	1234.35	902.875	457.086	501.988	2749.01	2060.46	1083.98	713.581	1461.3	978.839	1497.96	1678.44	772.89	1428.63	2494.83	465.787	2660.96	1226.13	1480.94	1211.86	1591.34	2241.28	794.002	196.186	991.023	2316.91	307.559	716.409	1319.76	488.867	567.821	584.018	442.275	293.895	232.43	511.125	1547.94	373.994	914.687	457.983	203.586	630.257	785.605	731.553	757.562	927.623	886.6	1388.41	349.236	506.71	2008.74	590.904	547.495	788.138	581.789	385.299	692.709	82.0549	427.202	1828.28	3583.61	1757.02	2072.78	311.504	646.371
MT_M263	191.942	107.359	429.054	403.676	296.719	246.805	94.8504	317.51	326.4	81.9173	157.831	401.855	207.451	215.305	323.832	147.171	264.063	318.066	160.49	281.689	374.575	471.448	323.84	234.091	380.801	324.11	382.497	495.078	269.975	81.1819	181.604	2874.61	351.954	345.736	170.058	254.988	314.851	186.944	142.966	185.742	203.216	320.503	165.987	298.169	54.8218	46.8117	101.623	122.038	309.832	116.692	308.295	213.28	541.336	81.9003	899.133	352.94	785.623	540.855	142.803	516.003	415.451	488.147	136.774	300.369	1501.89	592.287	331.115	302.142	789.134	639.138	121.639	105.296	230.031	723.349	491.41	1785.07	207.025	92.1062	173.664	1439.01	400.697	401.543	469.147	211.134	470.963	86.2259	67.5323	200.38	197.492	962.219	194.66	188.485	410.443	267.606	158.657	771.145	294.874	385.427	184.16	65.2624	53.9464	311.778	268.231	166.493	359.809	106.643	926.438	2596.92	123.933	314.506	99.207	2990.77	185.428	113.467	825.311	218.108	402.796	663.233	252.056	762.468	126.166	228.251	199.672	223.068	315.281	275.129	896.131	257.473	152.693	906.048	411.776	203.367	266.309	759.563	28.1911	302.106	240.601	607.952	675.786	1275.39	238.692	941.311	809.509	336.919	839.382	133.574	270.593	606.085	302.887	189.451	59.719	26.5407	235.314	223.608	83.192	1339.1	1593.86	1462.16	1486.55	1170.65	2290.92	1661.06	929.303	1956.59	1787.43	1000.6	1243.97	849.913	757.607	620.852	530.321	2021.82	1398.95	1170.85	1847.97	1557.2	526.215	743.192	124.788	255.834	734.043	307.885	1055.23	317.287	1020.86	342.63	174.84	160.291	178.191	656.647	290.882	669.6	291.583	366.297	363.421	287.276	749.167	1096.32	470.207	352.029	190.939	165.397	560.553	140.052	450.197	551.176	602.849	890.215	417.734	366.598	320.841	229.506	167.597	306.654	1411.95	287.5	665.367	1558.02	689.106	316.12
MT_M264	432.96	172.54	180.342	180.68	191.091	1518.8	275.669	544.396	288.964	637.681	161.631	217.009	66.705	229.447	404.67	641.667	171.399	232.575	226.169	105.439	150.482	189.188	258.511	2610.47	387.924	227.656	76.7565	320.598	325.918	406.167	598.227	181.698	330.93	119.311	266.595	140.615	162.875	169.432	283.309	139.743	262.842	529.709	495.784	853.336	103.087	280.477	190.879	134.682	0.0	139.792	177.412	242.574	233.645	132.562	201.027	402.61	62.5361	142.932	175.922	363.257	151.916	129.48	326.786	526.101	161.974	84.7675	279.445	207.644	124.41	266.223	1028.51	303.072	291.399	555.434	559.894	220.85	239.214	433.141	402.338	179.838	130.205	157.884	136.877	866.795	424.63	0.0	95.8373	298.731	139.186	50.2459	231.308	243.049	302.973	502.588	397.46	204.712	258.705	93.0248	172.318	157.389	368.757	90.0629	76.6732	138.468	318.446	115.463	75.2985	549.989	180.554	124.193	120.764	213.637	157.63	147.76	147.327	137.247	30.8797	188.425	598.308	459.676	107.882	190.839	228.696	189.207	202.067	77.1018	242.137	143.024	123.225	563.687	121.92	59.2109	39.7483	1473.46	62.3928	277.971	554.916	68.5175	566.408	159.833	213.225	182.858	356.595	389.803	182.991	130.258	237.748	984.06	210.43	354.908	39.3533	153.783	284.938	114.89	148.816	51.8106	732.029	190.679	303.409	223.509	175.414	672.466	168.521	355.106	223.556	338.883	192.068	185.068	431.99	337.075	290.628	365.727	232.389	468.505	334.651	721.271	186.136	288.131	336.154	155.635	128.77	219.014	413.664	297.087	478.014	262.996	154.759	219.127	138.844	280.022	348.388	175.001	346.944	47.606	301.005	161.276	121.927	336.935	253.203	190.984	240.978	166.514	444.203	250.599	128.016	157.112	467.562	391.012	154.159	42.9458	197.33	293.691	329.469	270.312	318.96	86.068	394.078	234.903	139.385	346.637
MT_M265	7.48121	15.0843	6.60221	6.42076	6.94303	0.0	0.0	7.23457	8.06273	4.85848	24.6561	10.5771	6.75534	4.39778	7.19908	10.2903	14.4155	26.0164	11.1027	6.76655	13.6245	6.1012	7.38917	27.4035	10.3675	12.1563	4.42364	6.55862	6.62517	9.17339	15.5078	13.8642	6.93186	28.4641	18.4902	7.68208	8.52163	5.94662	20.0472	14.0291	3.93163	12.267	7.54388	4.65998	13.8976	6.41301	11.6475	13.747	5.42899	7.57391	16.3317	8.12313	4.3633	6.96644	0.0	16.2082	0.0	14.0538	0.0	4.87955	0.0	15.1495	11.9904	8.27865	3.08472	8.35836	7.24498	5.67102	0.0	12.2051	5.02618	8.42776	10.2003	7.78473	9.43284	3.79544	10.9369	5.86517	4.96835	2.71027	17.4094	6.59588	7.87666	0.0	8.98262	0.0	32.9449	6.77166	4.90527	0.0	8.96103	33.6394	12.6655	9.38602	5.63304	5.18991	9.46679	10.3994	0.0	5.41178	30.4753	4.74983	21.5821	4.46961	5.42067	12.0962	0.0	0.0	2.93007	7.18894	8.19119	0.0	6.00289	12.4325	5.67797	11.1731	5.3217	13.3816	22.0902	11.662	11.2953	13.1475	8.87528	10.6393	7.36924	8.47439	5.09536	0.0	5.95794	6.17232	17.2876	7.86698	7.01147	14.1824	12.6839	5.60067	8.36434	0.0	21.4021	0.0	6.30027	17.9015	8.30187	3.15827	10.3336	8.17795	3.50775	18.5256	0.0	9.89938	3.64522	7.76549	8.24306	12.1367	17.5731	8.54916	38.5208	5.36265	13.2015	23.5141	14.1442	4.91076	9.50836	30.5234	7.30189	11.874	9.15273	24.7877	16.4289	17.2872	11.8856	15.4275	8.66601	18.4995	15.452	14.5883	19.4578	24.666	6.29779	4.86738	13.8147	3.56773	11.2738	13.7845	10.2995	8.9178	5.13107	8.34341	9.64185	0.0	4.22486	5.5952	4.3206	0.0	6.10977	3.01972	2.48272	66.4488	8.12846	12.3039	22.8988	12.5407	22.3781	5.28175	5.96014	7.21172	12.4095	12.9936	12.5268	12.646	8.75928	10.4055	5.69894	8.59184	25.3853	11.4842	16.3793	49.4992	14.5786	9.38818
MT_M266	597.692	191.814	1984.7	192.886	206.98	53.6971	222.108	305.859	129.45	128.69	192.126	402.25	169.885	168.298	304.469	605.727	451.602	440.713	454.393	274.233	300.259	179.618	303.228	185.291	426.66	193.726	143.049	528.527	1128.85	185.274	4601.94	273.7	207.319	239.35	316.433	286.668	127.666	562.092	291.562	240.038	187.669	284.115	734.792	166.277	167.635	140.08	898.212	101.576	452.001	89.5213	483.1	418.513	355.299	269.515	621.564	416.35	101.298	124.827	234.267	92.7147	369.668	535.148	161.063	332.26	8705.3	2696.55	128.03	120.756	750.606	298.411	754.39	431.932	94.5166	321.498	168.719	418.352	252.982	145.565	214.798	225.282	1694.03	352.684	257.838	146.691	475.298	1566.44	376.021	1277.8	302.599	425.523	195.476	288.891	405.569	204.108	272.438	508.34	349.879	860.403	1924.21	756.747	1572.92	1876.86	170.937	375.084	391.733	797.031	186.769	532.671	37.4393	1802.56	278.23	721.536	185.626	154.461	196.913	112.541	116.24	399.786	227.332	164.939	135.189	202.837	284.98	175.33	446.874	307.775	240.582	329.322	261.177	256.063	2278.61	1147.29	3150.16	112.729	101.299	312.063	289.111	574.994	306.408	457.616	274.231	359.447	589.731	385.454	810.196	334.98	213.913	443.7	502.225	467.378	195.082	825.297	252.513	535.968	595.461	131.661	141.854	91.2899	1451.39	208.099	202.298	193.705	577.712	580.992	371.61	943.303	358.439	831.442	284.477	403.083	128.147	319.796	617.221	329.592	3627.29	302.521	177.018	175.72	387.818	401.492	593.165	194.142	369.935	298.258	270.323	200.91	289.526	690.326	256.66	373.14	315.969	309.56	103.698	550.395	324.036	502.701	216.428	176.999	277.206	249.937	234.291	199.273	721.369	147.128	177.564	166.397	605.809	432.759	318.598	130.915	6483.52	137.947	253.593	149.316	34.9349	836.352	536.936	271.77	124.577	325.549
MT_M267	82.9523	149.366	259.745	38.2441	91.3083	41.0556	241.552	57.7097	48.5998	30.569	75.3817	99.8362	153.335	76.0518	115.917	135.526	42.4314	127.436	87.0714	37.0263	91.8969	67.3994	346.716	106.626	178.725	112.918	321.227	195.752	209.188	23.9201	279.68	129.495	242.092	198.007	114.487	142.851	130.155	53.6036	83.2914	174.958	83.1647	190.387	73.946	42.0916	67.8221	8.81254	238.91	119.676	102.24	58.6023	145.365	209.99	141.586	177.157	128.052	102.822	79.0519	60.8328	119.333	136.033	95.8718	146.768	0.0	80.1727	80.2561	196.72	354.386	204.153	161.482	72.3985	47.3828	157.895	43.2591	231.066	106.407	607.601	31.6419	27.1286	37.9441	126.418	356.474	58.9002	219.451	110.68	223.684	78.1706	80.9002	87.7428	43.9308	140.887	116.502	184.475	167.006	0.0	34.6601	141.571	77.3323	148.375	104.461	166.079	50.4323	59.2286	97.0656	217.254	307.325	148.596	133.563	206.377	94.2012	67.5988	124.631	124.964	200.63	290.24	110.386	94.6566	203.944	55.451	177.497	67.4918	109.42	172.481	188.017	98.8698	91.5923	111.36	139.029	128.311	112.369	92.0806	212.036	113.736	108.722	42.0485	137.638	92.8459	105.176	183.286	63.1254	210.075	103.148	234.107	99.8216	176.092	142.539	208.771	241.307	146.294	145.522	102.138	96.3637	242.641	234.14	179.078	231.401	142.124	185.852	123.755	192.658	95.9087	74.3137	133.657	148.826	153.28	192.249	112.299	99.6703	93.8192	107.259	230.154	81.9714	183.769	170.516	90.1593	85.6732	154.169	87.3703	67.2439	204.294	27.0118	117.325	369.411	68.8099	107.492	127.889	64.3434	116.019	108.011	59.6394	187.123	127.464	143.523	100.106	99.3997	102.508	66.7413	74.4143	99.3869	55.4645	26.101	83.663	35.4761	75.5057	52.6697	123.256	105.771	178.599	59.8112	36.2155	146.053	105.83	0.0	84.0495	29.9924	45.0297	99.4859	176.488	125.827	78.43	71.1035
MT_M268	25.6215	9.05772	67.0502	18.2726	20.4126	5.91638	26.7207	27.3625	14.1663	10.5374	52.4331	22.3332	17.9615	24.2502	26.767	7.16158	20.101	25.3438	5.68373	51.444	21.6647	45.8312	185.693	74.8729	13.188	55.3549	14.096	10.4894	12.4858	20.6829	11.8076	77.2065	7.66987	50.5296	63.8504	10.5146	32.4262	20.9046	16.7557	39.533	12.6873	16.8513	125.013	189.54	51.346	14.6425	42.7912	18.9374	32.1529	23.3754	7.77051	46.6172	52.3263	10.9677	30.8913	49.4965	17.4662	14.0723	20.0105	14.9814	22.1678	34.109	17.3662	12.6767	14.217	16.2161	10.4599	6.62868	53.7838	17.0598	20.8647	67.3813	19.5179	53.5561	29.1779	391.56	39.2021	41.0137	26.2941	51.9629	7.21534	17.0426	16.2693	126.138	10.8423	17.1681	32.5033	24.1932	32.927	22.5931	13.641	25.0328	18.5702	20.1863	30.5404	11.2907	18.1099	5.5405	88.3714	18.2637	32.4552	17.361	6.71873	18.5592	12.8313	41.3301	99.0114	10.9958	3.22736	39.1272	8.44969	15.9928	18.7141	36.82	7.94792	12.7673	21.6949	32.0022	15.583	59.7885	10.8076	20.4171	35.6273	395.622	82.9357	10.9898	17.8827	22.3579	59.4233	21.8086	27.1649	111.981	49.4036	20.2044	22.6399	20.6418	89.3304	39.3409	45.2985	30.8189	34.627	15.7059	53.5546	0.0	100.823	6.67182	25.3664	9.36076	23.5858	39.7288	12.751	9.84331	52.5815	52.8868	13.4259	12.9406	32.5867	53.8417	28.5112	18.6769	29.2056	14.2876	26.4578	20.9526	39.9789	14.1096	50.4847	44.7459	27.2207	32.9246	4.34332	53.4665	10.1102	43.5704	29.2667	24.7899	35.6443	66.5631	19.0832	35.6414	44.4638	21.1924	58.6271	14.0214	33.9342	44.9531	26.9933	14.2005	18.0014	31.4083	17.5369	19.0738	26.1418	64.6556	10.5495	7.83171	28.7967	25.1164	64.7529	65.1681	97.2171	92.1262	23.7359	18.1944	19.9908	43.434	31.0891	26.5582	16.4326	12.3368	27.0465	32.9194	37.0902	18.6606	20.1393	24.8944	29.4583	28.2698	28.0438	32.6716
MT_M269	63.5365	46.2778	87.4474	34.112	97.1015	56.3631	37.546	108.116	65.8621	51.5089	42.7499	83.5412	28.1536	34.0242	112.931	163.238	81.1246	143.168	37.9245	64.32	59.3457	144.563	63.418	115.519	416.206	87.4342	39.1831	107.292	47.6268	55.3725	75.2932	89.8973	91.767	127.224	36.0307	47.8204	19.3003	65.6316	97.2306	44.3475	66.4182	62.3778	126.702	66.729	55.8621	45.2462	117.677	22.7095	212.414	280.821	204.296	77.6667	72.5594	24.3237	395.033	138.557	23.0339	71.4764	104.465	71.6398	117.182	78.0673	47.665	53.0715	75.7791	48.8922	52.0832	151.735	176.472	148.556	109.9	137.306	96.714	113.308	82.6759	91.6449	81.9449	48.4689	87.2336	63.0741	72.265	61.1075	99.1171	40.2757	126.795	254.601	124.358	123.833	48.1087	237.723	60.7907	51.2715	244.473	63.848	40.1171	146.252	165.041	75.8622	76.3834	205.591	15.137	51.0607	39.5468	50.1818	97.321	101.422	15.7434	159.087	23.6021	77.8057	75.9309	296.538	43.8189	22.9985	281.041	32.7266	33.6001	119.33	113.266	78.6896	50.0701	104.49	173.34	259.283	111.277	111.397	43.7971	137.237	133.897	303.245	373.857	286.81	152.6	85.9132	30.0292	60.9605	81.5739	218.933	83.911	154.29	70.4307	191.05	152.073	101.838	189.75	88.055	44.2156	159.2	178.007	156.043	31.7111	215.581	111.259	340.523	214.674	56.8976	107.004	76.0623	82.927	240.895	138.053	184.983	284.75	289.548	381.512	100.136	63.2402	80.2106	53.6911	494.049	126.249	395.213	170.713	91.5393	247.171	507.27	87.0377	12.0727	329.171	14.5507	143.452	398.785	176.729	345.258	141.369	42.3109	362.36	101.903	41.5638	114.723	76.3345	191.384	223.747	403.624	35.2994	76.6172	23.8255	70.567	47.6524	53.0582	92.5336	41.3903	89.6929	36.2129	66.0167	357.755	517.754	326.148	117.34	49.4018	59.5298	62.1485	88.8682	82.3515	209.787	47.2357	270.243	105.351	97.404	289.913
MT_M270	153.594	261.725	148.455	313.753	116.115	279.73	197.577	213.997	663.891	97.3858	522.934	283.72	191.711	249.263	340.568	119.966	152.605	294.88	493.311	744.417	122.245	71.4087	311.717	197.275	198.097	192.569	115.244	263.252	155.189	105.587	194.837	334.523	118.259	202.091	114.658	110.744	191.437	269.529	157.252	191.245	1084.28	179.424	135.888	318.436	217.233	190.101	214.309	341.458	233.888	73.9685	471.493	122.651	1298.58	334.71	141.109	277.11	126.153	295.065	124.892	122.748	92.7019	530.547	235.584	321.377	331.92	81.4426	79.7387	498.476	642.188	223.526	255.354	658.428	150.568	294.0	170.127	162.232	215.027	107.683	364.899	367.003	97.6228	291.487	159.059	248.098	290.784	526.535	304.674	1807.69	392.103	435.048	323.956	126.431	152.477	428.78	419.266	319.115	307.343	162.908	431.417	592.792	459.133	1684.99	224.472	389.315	107.71	245.117	346.776	760.454	342.343	251.897	212.451	401.806	207.516	61.4512	169.428	208.368	73.1159	396.023	141.683	501.668	94.7609	123.514	220.646	185.879	298.737	178.512	246.506	302.27	395.264	155.505	602.935	791.341	186.463	236.591	367.308	827.207	463.546	259.069	739.061	882.731	309.513	216.169	641.067	133.04	286.885	134.066	170.747	311.471	1192.14	1042.32	90.3786	325.524	340.332	384.246	470.831	133.438	381.845	132.462	207.023	119.648	168.598	147.477	165.518	140.778	188.856	615.284	402.162	164.28	193.857	297.183	115.903	310.9	131.068	345.639	503.812	305.925	144.417	426.11	324.332	5890.27	359.619	130.981	709.108	320.392	458.466	1109.27	208.318	588.657	609.922	359.151	809.374	277.152	363.078	239.679	482.277	214.891	973.913	301.976	216.928	1564.76	572.427	583.567	190.484	274.735	373.499	1057.42	353.212	242.124	268.197	100.128	670.281	596.817	464.364	827.027	291.942	491.439	315.034	767.307	216.34	393.165
MT_M271	1666.24	1278.49	3153.58	2173.86	1444.27	2841.36	2762.57	3667.63	2999.84	1360.71	3310.56	3249.67	2399.01	2388.94	3843.57	1604.06	2964.18	4556.71	3612.42	4226.41	1674.29	858.28	3587.12	4144.9	2616.51	2114.51	1685.39	5089.67	2698.76	1924.22	2593.33	5823.72	2102.77	3961.28	1666.76	2017.29	1054.31	2263.61	3457.91	1916.2	5168.77	1727.64	4500.18	1869.91	1342.02	4574.49	4267.17	2255.94	4358.62	1102.84	9677.02	2666.28	6713.29	2776.96	2055.44	5159.49	1491.54	2762.97	1891.08	1570.55	2554.77	4269.5	1971.22	3023.21	4257.02	831.257	1236.31	1907.3	10076.4	3868.97	2879.04	5128.44	1256.34	3277.05	2643.7	3146.53	2753.76	851.937	2288.86	6484.23	2390.36	3677.58	3333.9	2617.5	6816.96	5402.47	4743.06	10814.0	2902.45	5552.0	2901.24	1537.27	2626.51	2909.77	4482.55	7668.27	3638.59	3187.7	4244.73	8181.35	1753.7	6250.93	1261.94	3551.3	1378.13	4055.29	2325.82	6456.94	2292.01	3674.87	2493.37	10390.8	1401.8	952.47	1886.61	1479.73	803.961	3647.17	1804.25	2520.75	1919.51	1559.43	3379.96	2272.7	5075.66	3966.09	3871.74	4315.22	6522.2	3068.53	10756.0	7117.68	2881.54	2546.2	3057.02	5675.27	5299.37	5674.94	10892.6	8786.84	3990.6	3451.45	15160.7	1899.28	6285.21	2466.58	2755.42	5215.98	6998.34	10183.6	1317.95	7434.16	3081.66	6661.29	7882.44	1222.4	2744.68	1179.35	2646.51	1369.86	1772.76	1310.71	1444.31	1239.5	1630.45	3648.46	2961.72	2396.24	1312.93	2876.04	1078.63	4435.49	1543.12	2080.16	3607.96	1478.53	1523.56	2738.8	3698.73	1945.27	3616.19	1264.2	6054.65	3664.22	3708.73	5919.96	2429.34	4085.79	2670.12	4492.21	6007.31	3255.22	3192.49	3499.75	3575.17	2320.8	6420.45	1717.38	3115.47	5565.58	5208.59	3739.27	2866.16	2085.91	2660.7	4103.7	3887.18	2591.41	3593.54	1270.01	9941.88	5444.98	3554.25	3774.89	206.283	3569.23	3846.22	4330.92	1183.09	3100.96
MT_M272	81.9157	53.8282	91.9557	59.3592	89.1248	50.0834	69.7664	122.416	79.1462	62.1959	42.9029	105.229	42.2518	42.7298	136.568	32.2461	83.4958	175.262	19.4815	96.7145	76.2002	29.3695	85.9885	109.287	84.3367	86.9497	50.9331	103.822	63.131	55.7976	102.307	101.967	61.0296	122.069	44.3299	51.9826	29.4894	54.6655	107.085	46.6867	80.4429	97.9437	140.658	43.3962	75.2549	55.0948	138.826	48.7461	204.954	64.7095	134.577	86.0777	76.0574	60.0048	89.0212	161.943	44.9273	42.7846	85.7208	61.1754	115.181	95.0764	67.417	63.5834	71.8832	44.6999	46.0117	36.3588	241.903	107.5	79.5373	144.122	41.7196	135.818	80.4452	128.128	80.1605	42.2277	86.1421	111.956	75.0826	83.5307	120.675	61.903	150.633	248.555	176.583	141.409	68.4834	170.878	46.5991	68.1387	106.049	51.2298	67.552	165.561	86.1955	91.4467	121.23	297.427	44.1542	21.4765	29.4282	112.953	72.9114	132.032	55.9307	226.292	46.1792	83.3341	72.4467	254.257	54.3586	31.4281	70.6952	35.1083	40.6296	107.337	80.5918	66.2739	45.9488	65.6654	92.5388	65.2801	153.497	115.453	60.1509	109.724	135.493	109.184	339.701	228.058	184.393	69.1352	44.0736	129.682	106.295	242.08	72.9428	180.848	97.7852	151.289	87.0409	89.1639	234.869	87.9337	99.534	164.021	259.959	180.987	39.2911	276.315	100.151	256.493	282.378	97.4424	90.8057	47.5814	113.517	94.8821	71.5795	107.189	86.7442	81.0697	136.698	116.922	145.468	123.194	87.3699	163.425	72.0374	201.674	95.533	109.685	142.73	61.0194	113.025	71.2162	57.7591	7.19416	109.335	110.655	229.835	156.397	161.593	116.914	158.474	157.071	68.9724	194.459	158.364	129.045	61.2429	148.535	86.2192	92.067	70.9336	106.075	105.372	181.11	148.619	111.08	122.977	55.5138	56.839	106.848	199.98	107.849	181.274	75.0118	88.3756	82.3699	149.888	40.3008	39.4491	110.183	173.051	74.3525	85.6061	122.41
MT_M273	52.2181	31.9736	57.135	37.063	53.8737	43.3907	49.0936	103.421	46.9448	44.1706	37.4254	68.7237	27.5877	32.4431	89.0927	25.1994	49.1679	120.373	16.7388	67.4624	45.9759	35.945	66.3325	78.9846	52.4494	53.989	35.1051	87.6804	46.6614	39.5524	74.5626	62.2243	56.7623	85.0939	28.2136	41.8364	18.5524	35.6955	59.4643	35.0682	55.9517	49.1297	115.063	34.1095	44.909	35.506	99.0638	33.5229	135.65	45.4427	98.6611	48.2422	53.3866	35.5101	79.435	104.926	35.7045	32.7557	52.9787	42.628	88.0611	77.5681	39.9846	40.707	50.0995	28.2277	37.2944	22.9579	165.378	67.2245	56.6135	107.526	24.7745	89.6257	58.4142	83.9652	57.6431	32.0183	72.2871	69.1941	53.5612	64.8403	75.4644	40.594	112.673	163.681	117.08	89.8187	49.877	116.146	37.8352	38.7328	78.5925	29.4408	47.7366	130.37	58.2948	58.4296	79.1479	185.322	25.6048	23.2918	20.5215	75.303	55.3858	91.7545	33.6642	160.408	31.553	54.3658	55.1767	174.826	34.3459	24.1964	47.243	37.886	25.2778	68.3974	53.0403	49.3952	35.8117	50.0162	83.7631	44.6675	109.023	71.6299	40.5254	84.6417	85.5662	89.9759	263.807	149.793	113.982	43.5168	35.3984	87.1757	88.7647	191.146	56.4548	136.727	75.6691	104.748	61.4548	55.2573	178.806	59.278	65.0682	106.071	143.512	163.854	27.2354	197.562	82.1279	145.908	170.413	46.7663	43.1678	29.0037	57.6359	49.7657	33.8287	54.5747	52.3028	48.6781	68.6796	68.396	76.6694	52.1948	54.0663	78.8423	39.0043	107.341	49.1782	53.8357	76.8069	33.4005	48.9582	35.8818	59.1843	12.4022	54.4512	57.2642	114.909	84.8227	83.9204	103.888	88.9543	86.4347	40.1291	109.353	89.2589	66.9932	31.5334	65.4009	42.5303	52.8816	34.1396	47.1308	53.713	81.3921	71.3264	57.8175	65.0598	32.635	29.5258	75.6814	197.064	55.4952	92.6281	37.7069	47.6344	46.8997	77.3151	18.5105	25.2903	52.912	92.3141	37.5427	61.7681	64.2299
MT_M274	149.753	95.4602	168.997	107.961	149.572	102.272	141.141	274.63	136.518	117.629	100.546	183.76	86.8398	95.0148	255.481	71.1336	146.803	379.391	48.2835	169.962	142.991	74.4292	194.662	251.877	151.708	168.075	99.0216	259.977	130.72	105.67	195.996	191.15	167.551	198.041	81.9332	134.879	55.6994	107.806	214.933	92.7354	179.588	164.209	306.947	93.4272	135.733	105.059	263.652	89.9916	378.551	110.681	303.024	148.207	163.041	129.751	246.677	297.944	91.5277	95.3371	163.406	116.283	230.643	208.857	116.142	123.367	137.899	85.146	107.179	70.7346	466.514	222.764	160.459	316.256	72.0966	237.452	179.153	245.853	136.756	104.62	191.838	193.371	151.462	181.557	233.124	115.395	355.489	464.305	291.2	240.817	133.47	354.074	123.845	111.602	228.337	88.6813	150.655	353.464	153.502	156.198	210.443	542.243	77.3322	50.1655	65.4058	194.821	150.596	242.81	101.41	393.091	82.293	134.274	180.132	477.847	98.4502	74.8218	140.506	70.5293	76.5505	184.566	145.116	152.453	116.21	164.47	221.357	140.548	322.556	224.849	115.438	246.045	241.131	234.912	788.774	411.882	337.264	123.189	107.699	228.975	231.082	514.82	185.464	375.927	228.997	292.216	194.612	171.069	507.599	247.711	191.889	299.851	437.292	426.251	85.2634	568.126	204.739	432.571	510.984	139.617	129.82	67.7984	167.884	149.77	103.625	159.12	145.143	121.351	201.208	187.49	229.792	183.637	134.345	229.372	117.296	327.525	150.875	162.701	231.795	95.7675	157.571	101.195	158.698	51.6247	171.236	157.644	348.962	247.768	240.149	170.525	246.112	256.745	117.523	288.551	250.036	215.693	98.7125	217.347	128.676	142.928	119.236	155.939	159.122	226.632	196.302	166.675	204.08	99.8953	79.5412	159.169	303.721	152.079	259.968	119.351	145.194	126.483	208.672	50.9796	55.8318	180.664	264.831	115.727	128.31	187.506
MT_M275	1701.92	1157.55	1962.86	1391.1	1526.41	1230.0	1646.51	3372.21	1527.25	1329.88	1324.26	2052.39	956.433	1025.56	3258.86	786.916	1813.97	3949.02	604.594	2218.2	1300.43	972.722	2215.46	2776.75	1822.55	1735.3	1116.85	2629.22	1834.38	1241.39	2074.55	2672.67	1737.45	2539.29	1020.79	1565.64	658.17	1226.85	2542.38	997.43	1927.38	1980.4	3851.62	1176.25	1451.71	1201.79	3267.77	1095.62	3778.26	1425.36	4138.1	1845.03	2305.54	1562.77	3552.21	3432.82	1157.16	1295.55	1846.32	1478.29	3120.66	2492.2	1198.66	1446.0	1569.23	1362.06	1203.85	807.42	5686.91	2491.29	1805.25	3699.57	839.098	2860.9	1977.55	2669.52	1585.16	1044.18	2072.99	3010.83	1480.92	1998.67	2900.61	1278.51	4532.97	6683.01	3721.8	3302.86	1585.97	4384.13	1137.43	1375.1	2681.26	1296.06	1695.06	4779.63	1636.26	1711.19	2281.14	6230.91	948.904	899.662	844.913	2684.86	1690.36	2910.99	1300.79	5504.38	992.66	1599.17	1940.81	5488.58	1219.87	989.989	1664.47	845.626	1079.16	2231.11	1661.18	2011.37	1339.66	1767.91	2369.25	1801.02	3986.43	2705.23	1373.91	2935.49	3031.3	2801.66	9144.22	4982.3	3668.01	1333.6	1301.0	2520.23	2839.28	6091.96	2602.6	4886.64	2721.26	3040.57	2688.4	1761.49	5946.34	2611.71	2389.34	3681.15	5062.7	5056.22	993.489	6086.64	2456.26	5314.44	5429.73	1389.49	1429.15	827.696	1868.09	1533.63	1137.72	1896.08	1408.41	1346.68	2194.69	2043.66	2731.53	2067.67	1662.13	2958.49	1231.49	3440.12	1715.18	1772.96	2529.92	1345.88	1810.28	1229.59	2002.51	790.689	1931.86	1858.37	3763.91	2790.5	2790.41	2387.3	2647.2	3060.56	1219.24	3132.16	3056.82	2236.63	984.166	2605.51	1378.77	1603.71	1513.8	1761.48	1595.84	3011.13	2664.7	1864.17	2001.41	1083.09	926.754	2116.06	3809.18	1853.18	3039.16	1555.85	1924.33	1417.75	1818.67	743.791	1250.83	2080.5	2912.9	1891.62	1461.54	2100.84
MT_M276	137.451	174.811	112.481	182.855	138.911	398.137	101.892	189.893	128.594	111.109	246.612	123.596	113.301	125.559	142.543	101.594	118.018	157.162	307.985	189.087	141.762	140.803	145.988	171.882	176.783	163.432	62.6455	215.922	143.872	74.0135	170.967	331.284	150.19	192.924	95.5689	79.4761	94.0373	145.833	126.48	103.99	238.566	155.334	159.464	130.806	190.359	573.635	148.88	78.7806	166.471	149.386	482.832	112.113	428.596	180.79	233.882	217.142	66.2592	191.008	238.218	133.988	109.284	192.929	218.414	222.094	218.049	103.232	109.01	157.799	426.556	152.897	166.019	189.767	106.866	140.015	109.757	117.843	162.997	114.222	229.222	315.566	98.1688	204.443	141.522	250.876	267.261	390.664	189.096	703.68	108.707	220.76	121.46	122.49	240.576	378.607	237.908	365.102	152.69	136.589	173.028	246.191	83.8549	1120.09	163.035	126.893	171.391	137.166	97.03	211.839	89.2066	188.071	192.216	362.64	169.64	86.8382	185.785	183.273	108.112	187.634	237.335	121.401	69.4065	171.976	132.707	92.3704	209.343	182.556	213.792	178.306	324.459	131.96	352.353	282.647	125.585	358.37	119.359	263.16	205.05	204.054	925.11	379.358	155.561	269.769	1333.76	256.131	233.215	283.831	94.19	172.433	243.807	411.408	175.089	254.746	109.787	265.311	298.539	145.926	176.51	83.9897	156.219	145.691	132.565	204.41	159.58	160.531	218.44	195.971	249.886	113.192	150.6	121.745	103.46	298.329	218.636	159.385	155.043	216.494	154.033	203.624	177.754	333.77	223.828	197.198	303.172	170.59	286.124	337.432	228.241	326.96	201.443	196.387	378.446	173.832	148.097	178.104	217.553	275.47	433.292	183.72	148.835	263.14	257.861	194.3	145.126	73.8654	143.444	373.112	260.908	136.961	208.533	111.428	747.788	450.206	212.51	500.276	59.8525	168.765	226.059	498.408	174.125	213.419
MT_M277	200.958	241.183	323.626	95.25	162.599	72.4836	446.093	157.929	88.3851	85.4319	138.245	167.76	211.255	122.633	208.661	172.513	112.825	229.836	97.9043	173.413	161.898	111.815	498.308	217.843	204.838	186.85	269.497	214.324	258.804	124.833	273.927	250.607	272.606	260.089	134.575	193.528	152.198	99.3449	202.524	148.799	138.45	359.387	239.672	127.194	147.678	63.5666	293.807	207.696	289.132	104.873	169.813	304.288	221.684	180.115	322.37	219.842	204.078	121.504	248.773	144.568	246.454	173.226	90.721	107.023	150.769	219.783	252.129	211.089	399.537	153.495	142.228	222.892	110.025	262.693	182.577	1630.43	119.697	165.037	110.376	305.762	346.194	191.838	317.33	162.095	567.832	207.311	135.223	113.341	21.4066	341.134	222.126	261.443	250.327	110.071	107.946	339.508	170.009	283.091	245.152	362.194	153.201	93.4668	159.097	347.115	308.445	220.204	297.882	497.097	225.354	133.806	177.652	170.457	287.544	202.062	184.286	195.888	190.519	152.399	167.215	145.248	229.675	180.833	292.523	160.986	149.171	232.258	186.943	153.118	235.957	196.428	553.477	296.332	267.003	138.082	295.173	64.5743	213.823	382.655	147.518	482.594	163.583	253.971	199.015	207.084	324.173	289.718	525.091	258.909	308.528	128.337	200.136	569.586	440.189	457.624	453.98	219.402	154.692	114.082	274.521	240.906	173.66	209.946	175.739	192.321	250.17	238.556	237.224	199.125	123.083	278.588	126.175	305.812	202.472	114.499	189.893	146.701	200.763	129.166	315.725	77.7465	217.828	199.683	151.508	220.969	166.416	154.778	175.084	218.649	116.506	242.752	241.581	206.454	161.376	283.069	139.775	176.193	135.462	166.012	96.7011	36.5404	157.546	133.364	228.076	149.309	237.292	151.424	328.459	123.238	125.131	182.198	212.276	64.8569	148.844	82.7963	111.459	183.129	225.776	153.542	133.041	89.8154
