FeatureID	PRISM.7122	PRISM.7147	PRISM.7150	PRISM.7153	PRISM.7184	PRISM.7238	PRISM.7406	PRISM.7408	PRISM.7421	PRISM.7445	PRISM.7486	PRISM.7496	PRISM.7506	PRISM.7547	PRISM.7658	PRISM.7662	PRISM.7744	PRISM.7759	PRISM.7762	PRISM.7776	PRISM.7791	PRISM.7843	PRISM.7847	PRISM.7852	PRISM.7855	PRISM.7858	PRISM.7860	PRISM.7861	PRISM.7862	PRISM.7870	PRISM.7874	PRISM.7875	PRISM.7879	PRISM.7897	PRISM.7899	PRISM.7904	PRISM.7906	PRISM.7908	PRISM.7909	PRISM.7910	PRISM.7911	PRISM.7912	PRISM.7938	PRISM.7941	PRISM.7947	PRISM.7948	PRISM.7955	PRISM.7971	PRISM.7989	PRISM.8095	PRISM.8096	PRISM.8101	PRISM.8106	PRISM.8129	PRISM.8226	PRISM.8244	PRISM.8264	PRISM.8275	PRISM.8283	PRISM.8332	PRISM.8336	PRISM.8361	PRISM.8374	PRISM.8377	PRISM.8406	PRISM.8441	PRISM.8444	PRISM.8447	PRISM.8452	PRISM.8458	PRISM.8462	PRISM.8464	PRISM.8466	PRISM.8467	PRISM.8475	PRISM.8480	PRISM.8483	PRISM.8485	PRISM.8496	PRISM.8502	PRISM.8503	PRISM.8511	PRISM.8513	PRISM.8515	PRISM.8523	PRISM.8534	PRISM.8537	PRISM.8550	PRISM.8564	PRISM.8565	PRISM.8573	PRISM.8577	PRISM.8589	PRISM.8591	PRISM.8592	PRISM.8605	PRISM.8624	PRISM.8628	PRISM.8629	PRISM.8667	PRISM.8675	PRISM.8683	PRISM.8692	PRISM.8696	PRISM.8728	PRISM.8734	PRISM.8735	PRISM.8746	PRISM.8749	PRISM.8753	PRISM.8754	PRISM.8758	PRISM.8764	PRISM.8765	PRISM.8774	PRISM.8776	PRISM.8778	PRISM.8783	PRISM.8784	PRISM.8785	PRISM.8788	PRISM.8789	PRISM.8794	PRISM.8795	PRISM.8800	PRISM.8802	PRISM.8803	PRISM.8805	PRISM.8806	PRISM.8807	PRISM.8809	PRISM.8815	PRISM.8841	PRISM.8843	PRISM.8844	PRISM.8846	PRISM.8847	PRISM.8849	PRISM.8878	PRISM.8882	PRISM.8892	PRISM.8894	PRISM.8898	PRISM.8924	PRISM.8932	PRISM.8982	PRISM.8998	PRISM.9010	PRISM.9018	PRISM.9030	PRISM.9033	PRISM.9074	PRISM.9079	PRISM.9126	PRISM.9148	Validation.LLDeep_0001	Validation.LLDeep_0003	Validation.LLDeep_0010	Validation.LLDeep_0011	Validation.LLDeep_0012	Validation.LLDeep_0015	Validation.LLDeep_0018	Validation.LLDeep_0021	Validation.LLDeep_0022	Validation.LLDeep_0024	Validation.LLDeep_0026	Validation.LLDeep_0027	Validation.LLDeep_0028	Validation.LLDeep_0029	Validation.LLDeep_0030	Validation.LLDeep_0033	Validation.LLDeep_0034	Validation.LLDeep_0037	Validation.LLDeep_0039	Validation.LLDeep_0043	Validation.LLDeep_0047	Validation.LLDeep_0052	Validation.UMCG0333264	Validation.UMCG1180653	Validation.UMCG1576297	Validation.UMCG1705352	Validation.UMCG1708847	Validation.UMCG2023308	Validation.UMCG2136686	Validation.UMCG2739287	Validation.UMCG2788516	Validation.UMCG3243705	Validation.UMCG3299495	Validation.UMCG3321127	Validation.UMCG3595094	Validation.UMCG3748218	Validation.UMCG4000898	Validation.UMCG4081271	Validation.UMCG4268471	Validation.UMCG4722506	Validation.UMCG4789724	Validation.UMCG4851027	Validation.UMCG5113553	Validation.UMCG5308346	Validation.UMCG5437940	Validation.UMCG5613882	Validation.UMCG5792346	Validation.UMCG5921444	Validation.UMCG6047689	Validation.UMCG6054655	Validation.UMCG6262744	Validation.UMCG6628208	Validation.UMCG6720116	Validation.UMCG6738619	Validation.UMCG6868484	Validation.UMCG6966873	Validation.UMCG7115152	Validation.UMCG7198526	Validation.UMCG7563651	Validation.UMCG8089650	Validation.UMCG8255148	Validation.UMCG8438880	Validation.UMCG9119812	Validation.UMCG9189151	Validation.UMCG9830707
MB_G001	453719	10530766	11892271	7512181	1046534	407116	38358	26009939	4287111	34911	955477	136890	13540224	11078401	437668	1542882	479390	401941	621077	243485	662899	48547	5369572	1759761	2107094	961834	3531807	1253791	1229336	382900	1193792	3607	932221	87151	5377271	2591841	463851	1442478	1882508	1163808	435159	2953937	12704	9635	3445387	2192924	504235	2865	385746	779535	588095	4376002	12854	757947	1572709	20878740	19820	935001	14888031	4267484	6938	278020	2720365	1023626	11197549	2284295	1474784	454291	7928	1089150	1958100	3433	5218814	1453927	2199328	12798	719457	8718756	140597	80743	772081	10755	5363704	245582	744211	22855	18503	3179	628858	751216	83571	836932	83029	31636	130418	171563	1671309	1020845	18468	9141629	3673	37727	2330890	4131005	4583054	17289565	1333822	27031	4372591	26478500	6494410	8802	13004887	1331739	7224321	1259771	8671450	14393824	10429026	17670622	3296733	833612	4241660	7368613	7861097	4264275	22371021	122199	18697	315920	91751	26871	14604837	24511692	7087167	386552	21494970	23424	7272696	119847	59914	3942342	2266229	677166	199823	2463624	5080594	1437616	135265	2915025	214161	3113	959666	3852406	5528482	373863	731060	2241105	2784613	735913	558844	459110	3861531	666431	142967	71989	681418	863611	168281	261557	2385441	132937	518250	161836	23044	1188868	685497	81346	41135	1198333	550202	269334	2079140	1694200	1209331	9404	187351	3094695	1664063	570855	189137	1593760	267109	883	131546	1367912	27035	1593555	4452569	3109275	3953	1309031	355193	385253	1289001	135672	796333	554635	1163274	817106	41392	71131	484669	1848860	407	90438	891982	364767	624518	1824932
MB_G002	869654	6592783	3427735	922276	3202362	661664	615804	5099113	1427299	2530899	2846086	2923092	4037145	8616268	2261754	1450074	1981748	3036839	5722949	6142840	4411467	176999	1949589	1568057	3875176	2924466	2839351	6151204	2333198	8421748	2646592	23123	1371221	2111936	2634158	2171281	2849875	2146203	1598936	2162980	5905290	1384237	2069703	174608	936514	4018365	2597386	3742	56961	15843	809650	610228	694655	7303944	21488	7999271	16941	3860883	3321335	4454411	10304	2906547	86260	5590456	6647418	2012495	2385016	2101956	10758	6217582	3728120	3291275	988096	840743	497287	1494	4450555	438300	7756501	2523	2089214	5541985	2262265	1043767	240263	50537	3847372	115445	4714476	24191	3774364	776090	4239037	5495177	4046382	244561	4202513	2571709	10811	714067	4911717	1309642	1136457	3643592	3845133	6707935	1961146	13508	1948801	4236635	4958610	72211	4794236	3110937	5499372	4034478	944479	6028424	5432289	1747476	4587880	769937	5454548	740368	4593898	671215	8226442	10405701	13401	777202	104674	1238342	11834424	4233106	13851	8263910	3497700	81554	1146544	130077	6371424	1163537	542402	915437	5780781	680969	591753	828183	935973	1273228	327983	2409383	1009113	2286399	1644672	1088513	854119	3311231	2350823	5446477	2163597	3184994	2747740	1226563	5418472	8087888	3011026	1779152	1510955	5040399	1312321	10213576	1455897	9753932	2350434	4990509	6819565	1982788	840983	1099640	1405743	186872	5818409	1561956	3493927	129540	687261	863781	1726289	1301288	1862617	1238422	3551832	540	1736749	1500095	784684	1411800	1671825	2673135	5840543	2732776	3842007	3092511	3493519	5438560	1764784	1366973	3792921	2341172	1440145	2899246	1925388	3958560	6087	1719236	2844364	290917	2896547	2971181
MB_G003	10991530	8375177	6081649	38477	513707	11385227	19324	15756531	4191294	105368	2099568	199901	12151556	11168737	241448	701611	372168	865516	2378575	184630	100695	576391	3306708	533838	808304	2007063	1196251	311096	1584278	141985	693744	6087	806045	86042	3313162	1239734	331318	1111716	546774	815816	274534	2573356	7302	9120	3762996	976594	754051	3910	5458988	13761528	1416996	2616248	948	1119034	866625	306127	28128	1268000	7946717	13823209	13330	653115	1036029	805040	17128488	103681	1615293	499902	15061	22630	521077	795	4713760	2840217	2559597	16439	702258	985338	498294	1053	886607	2038	1072939	136471	1142608	6773	2614	4592	220927	8310917	155105	555877	61461	22434	48714	549383	918638	625996	14203	3782260	2997	82361	3557421	3458323	5162263	17840584	2608070	19286	35390588	30272894	4764459	6331	2892218	2949178	9906969	1228715	5463478	13243438	14628641	6440196	9336207	1367492	15719201	230414	13621005	1152871	8852312	45790	19769	141926	17405	18181	188108	17057656	1295185	10026151	15519830	25065	5393185	329067	89194	1825577	1448662	492729	10580	1661455	2874723	1127954	1452314	2017050	107101	1162	2708175	1897681	2515753	382062	358680	1168161	1278359	453998	536326	251370	418098	875888	158747	52110	476880	213211	186877	156707	1660389	73976	153646	3556	13028	869436	397633	593236	276702	2064311	463865	112496	28199	744109	2029641	2703	286970	1903474	904388	6284	533641	1413367	224304	264	276531	768430	688741	592741	19800	31396	1653	354232	331375	822001	1479067	135384	733934	1425450	476801	1160094	337583	2365304	753492	322829	346	52229	7165	500462	692627	1080421
MB_G004	23786	8482569	411525	2994933	25506	98646	44026	391879	3285913	464343	3857740	998063	1471570	986071	2695483	872197	3486135	1832526	1687391	1407470	117743	7795	1069011	2062573	1136144	564193	2029103	2974916	2522453	945811	1222571	339151	520784	2038426	2525398	2738579	2862007	5622140	686460	4694858	2261160	2354348	1906064	432327	5902	1785479	5129258	2087	21264	3712	1352548	334412	13526	4342764	3513	2020996	17994	1767210	6161929	8533253	4970	4814986	7564	84416	13790961	682804	252379	1108040	4433	346913	2270738	18206	2123466	1614424	629278	809	13779	5503	903298	1007	1213701	15096	73760	9715	110434	5521	4554	4792	598437	10668	508354	738310	406133	18145	2582567	87863	8944	428452	6135	2214	16153	7915849	1510869	2680515	4462678	5484935	120367	8542	17258	5901307	2024260	5017	1107927	977697	3816140	6474316	980576	1679529	8968344	1536736	5195662	602380	19255650	1910700	14794074	21934	68830	163885	8733	77063	22927	48330	1820517	539576	5949	6708165	28061	23678	524978	118879	2033616	638675	77750	46584	14879	59782	543646	904191	544196	3798	954805	1795675	1185366	1313374	704590	1151617	75095	7770	1595167	1697454	745529	247568	61800	477977	370372	2608604	3687829	2768731	2214259	1881586	58727	1066918	270919	3202836	717269	2934545	3284190	3140941	1033209	373636	839128	84294	1425466	925068	579378	8642	992501	348555	486581	51222	5828	1253984	253429	691	822535	14935	699898	324225	114886	10275	659646	675195	582078	1855445	870392	11077	242580	1530535	1773836	122738	432658	1332736	544838	1052684	902202	5061	430421	40725	986188	2372071
MB_G005	20363	4186641	1152397	24974	1631929	3640	33070	23576	1769486	9970	5602008	1401695	8112989	893761	2613147	1079043	87196	3428672	3415893	1726685	253071	280446	1579173	2831003	1011750	3372290	936083	419395	1891667	340004	352436	223109	1512789	1217989	1672042	1675718	2618955	3772811	762499	2458529	606242	1345917	8754	13540	2867	10473	1733394	13623	8006	1914	1536947	1150839	5452	4357513	2167	871406	10095	20788	2074661	5650697	4540	7088	6690	484352	35882	495443	764010	2306965	6179	14439	1001127	6676	284292	1564085	1013374	539	22331	114931	11613	736	1414531	29303	766237	89064	256064	10907	2958	6241	328421	31608	3732469	992171	217046	7667	348059	284703	6115	1065975	14388	6222	9340	2277931	2031948	2434039	8228524	3253648	2194180	21291	16959	109527	8656067	29533	1983225	5709821	6720738	2471400	2882820	36828	367851	5306609	4360232	2288411	8316935	2298503	4713922	85544	12707246	42477	12411	18792	8965	13617	557080	48229	3935	8441918	35570	274210	2292688	584077	980359	2560207	448501	890745	12079	215018	2633201	2778893	931814	15181	1717952	5657	589861	917841	1786164	968793	896163	955497	1213025	1667417	1337335	886554	520267	375551	1374341	801224	989878	1426411	744356	1486878	122511	1941242	370542	62367	1288122	2331197	1837591	48386	1143820	1409	454466	90411	709837	997376	1368596	1704	806573	1718886	700282	367881	1844964	1464574	901721	943	1261955	517690	166555	330461	2769	64223	4536	7733	1273892	849468	1262292	7743	1463815	501898	521239	633798	698040	5790	23058	10292	344	1395450	759787	241369	584519	10705
MB_G006	42243	1231904	12103817	959	536343	3982	5429	2745800	7085	3711	13548	48933	3118162	7259141	62980	370225	203139	1562	2961	33658	65590	1047	1101615	169448	347739	315037	179102	170720	715851	140234	2802410	460	1967290	57476	1223274	1240051	141397	2213	1117950	342932	31008	1663129	1816	711	378703	5946	201010	806	10402	65712	2579	3060412	275	62446	4375	10280048	6672	225197	6426362	5141189	865	406931	9644	69840	57161	432351	392031	548946	1382	1311230	1977	679	10052	637650	2703	6292	222697	332657	752	325	3247081	919	1227494	62626	2401	665	662	476	126722	23413	4177	544226	69125	1044	28202	20145	752508	1142729	1233	373479	621	11405	1671340	12045	4747113	8709615	128760	4503	58599	528009	3330640	1447	2434355	5624578	9319662	658657	7427242	56481	3259775	2033079	2251202	714247	5808184	1079616	1739056	2358759	1589485	28331	5183	35772090	4615	7668	281438	4610670	8955	13162	3678846	5069	1025627	2297	2514	2217476	270388	1100408	12329	1347936	3800	4311508	21169	4192	60482	517	209644	743196	1057170	61105	50157	1022647	866627	138205	228797	1468181	866091	193967	232897	23404	95443	232384	195413	148789	588667	120530	595145	159682	129577	313589	102911	7030	26323	1058	219912	439834	4092	540927	118714	818555	40531	5479	134542	109543	39483	183648	790578	86	182719	325659	1104	1233	178562	5479	229	225203	829	754215	6475	6631	950	139390	265759	460787	249434	103925	431805	313984	172	17996	207279	67298	212385	42520
MB_G007	1636	9227	2650096	11515	2293	1043004	7313	4222	5237	10882	842553	5863815	238270	209755	1371229	241985	2269	1981240	1726603	4325391	1094278	5861457	482482	103590	113775	1122677	1345098	2413	8061	529972	1258521	11412	257346	6193319	1051	1391	342477	906	2332189	1529852	3200	497388	43559	21808	56167	633033	988289	4224	3105	2066896	312812	218559	493138	2239165	312937	3694	42970	1665290	2194392	11597	2004	3121920	2164	354948	701639	1029468	157274	865121	2081	296841	2727918	1338	452694	106546	17596	948	374775	343873	7158	8926	222651	3100891	11983	2503951	27698	35128	74459	1465	859283	6241	1435475	138629	273954	2928	1330266	67071	1816	3738	28966	1526190	1649931	511132	2346	344604	1383088	2404486	784896	4461	94089	1902777	1180805	5406213	2083168	704691	489298	1417047	1103020	3795	7749	482630	5443	1602998	562573	24497	4605373	4981	5558	32750	3421	1261468	8276	3788	2027221	124901	1080	5336923	111535	7557472	261588	33681	10715612	1043054	136888	961800	765745	119897	43726	159926	208793	1329719	3828483	495388	907	39987	147673	180174	306057	1155559	1489539	1270240	739257	233814	473218	337197	814888	5274	463597	895873	557266	379742	2326078	4278673	1867702	10862	2840826	3786946	1165362	2387419	391760	940	422159	521	95667	657449	597823	300527	342826	234602	1978745	2489225	1599854	235899	405745	9727	2713256	1215113	727104	290828	858850	783	2738315	1296520	2321736	1721500	1873944	52277	12787	1058126	743558	1513145	444291	569	312874	526203	3040956	1571516	610355	219690	542	705755
MB_G008	2242	3395	2264871	69660	13137	3772	9115976	4594924	49297	3340880	7187	195	18255	4957	4306	11581	5489	76839	129	340	33951	64622	138	3513	133233	915	13275	168	136	1143	10539	4578	133	46879	2952	1116	3965	3873	1017	108107	1166153	4757	2039125	478553	4200	160698	74798	258694	8994692	216845	265	210	95985	8998	824104	4911	5981627	96606	20939	31808	2607	2555	39077	766362	35264	32872	232	452	3508	66314	25135	71368	443328	6205	7446483	274	2434815	275037	317699	123100	4458	124035	5896	10569	52885	3571	602585	3689	79678	4305	3747	648	903	750701	2562	309	6648	3419	3353	2551581	59082	526	109	10167	5173	8298	35625	184297	2250954	76953	10618	1675	4887	115197	7005	11169	239197	525706	9056	22554	82904	754	7757	1937	2977	2415	4185	1842117	39192958	3554	42324698	24022728	3211621	668448	3731487	129624	344955	9028589	1302	58053	85906	8770	470	61781	937334	964689	261075	164	6264	288	190	8411	4127	13532	884	461	44712	30003	21044	4920	6507	11028	39153	28318	5226	10225	6461	673249	55	107	357280	3224	15400	231893	1063	40153	9234	5431	1670	109085	56226	7957	171	309	581	241640	4107	23	1097	847	4979	639	1370	190708	10803	148313	193	493	6631	543590	439760	34	511	618	612	2600	585	134	25939	238095	2483	57592	7976	13763	53097	208	3685	44554	89	7843
MB_G009	3086313	325810	101564	25909	205951	1704990	4554	2295713	52757	3542	319604	23371	2678159	1573148	7253	182736	260087	79640	232462	3177	47927	11086	844383	60556	137381	86529	167973	50252	213412	52923	70187	1042	374975	7219	1198776	201513	12700	8328	534012	52961	22452	333031	1393	1451	33548	12478	41916	768	138747	125076	100426	403746	329	103053	211921	4315324	2706	93482	1481525	1417927	1879	316134	407425	69343	468876	52204	631463	145894	2048	7618	30495	484	446987	656054	84129	1900	248146	3140803	4793	436	140799	230213	477850	18959	8806	1171	321	1056	1093090	61541	44681	108761	10616	1151551	19992	15805	405025	15826	1763	453635	293	20369	255389	166286	8667587	278107	192577	6127	27215616	2240195	2790490	2753	5756679	745034	2364089	350089	2199438	10705323	3107305	7820062	811516	333632	111721	807875	1273748	3575323	1199493	6630	4003	30166	4218	4697	123986	2619580	6839949	2520343	2404440	7252	1027018	30162	2366	284769	391913	822944	7490089	294122	258355	643843	9866	1173545	144603	448	19545	916915	1575962	232924	30768	267667	742140	68468	53522	77366	1605655	38980	75954	3894	18392	174203	10613	32810	395875	94014	55961	1654	13374	319868	24064	7179	28763	26642	182855	96687	7912	297242	20704	1463	111588	138158	239560	338086	79279	217958	77441	50	52160	59828	49818	90048	38732	38860	133615	97983	4924	315708	18879	37617	9576	80783	207684	73293	28010	940547	97699	51758	106	55389	8230	26875	111116	8972
MB_G010	16420	137825	69062	13209	9383	38464	34517	173975	32146	4973	20451	6441	142690	178708	4986	19864	1975243	8329	18478	6303	10632	2973	62866	1160774	21544	3042762	24627	27215	20773	6158	27833	895	957935	858278	58422	36068	8384	2868023	397655	15379	5256	32580	4716	14848	44280	23579	419237	1265	27661	17936	6950	31039	5899	12516	12103	119797	15345	14259	130691	178261	697	24677	1122709	14801	306728	16540	140316	326626	405	510915	29212	7012	46196	16624	37847	742	12674	97035	4596	775	22300	2959	30989	4174	434289	1699	2886	1143	12384	60382	162009	11383	125784	361488	3044	2738	258771	291143	1489	54966	2461	4801925	34852	48568	3692284	100098	21554	27033	215751	225748	5737129	1996	3689798	5645659	100552	34166958	143770	216309	261553	101670	26781969	8988438	148997	44760	202888	39920	84028	32212	17661	73267	20233	19318	66855	307369	175255	41943	168028	11184	54072	5537	6297	37336	7071909	12528	13611	58502	32754	22295	7604	6303892	3051570	2468	12357709	34249	62893	499939	7131	16172	61882	145063	9005	108948	52145	462971	128528	7892	9367	139695	4506	233555	38012	173758	10434	4970	320675	30003	12958	14367	1739924	14866	878979	11508	9539	12898	24036	3593	560579	22604	18445	7501	5887	15275	6515	992	701325	15587	4044892	7352	16413	9146	2219	9651	8623	16821	27568	181912	6823	21670	366340	93084	123979	23099	7762	341092	13775	2271	3553	6283	8166	22037
MB_G011	133197	39413	20046	63662	21697	522521	21725217	1707417	122777	617514	80428	45283	30933	59041	11313	5196	21722	160384	51717	681442	58403	36048	17162	37374	15983	5319	252820	245699	5385	428348	10159	55698	3837	11374	11770	128465	10023	19663	14829	4205	2197321	4819	293315	3993482	72207	88191	5240	735	3449825	343134	6250	70353	1844778	107085	738334	101474	4506	219046	238175	25138	1941	194246	1717934	1621027	559166	33322	6538	4920	1821	182994	47767	8371212	34762	65159	78619	168	1337721	39938	313022	1939	5337	1904492	7355	8778	47925	1704582	1232374	5776	578799	5094	21935	3201	48906	936556	10076	6845	901260	6060	2480	98879	928246	5477	3992	15456	14950	24446	10121	2320	1273170	1520279	17203	2261333	11076	8347	132366	16101	22197	2876800	41639	11798	16579	3827	247717	129126	121622	932559	12387	307247	3006	9925561	7965373	26078785	3972552	628831	1753	2357935	3476246	16564	147249	71053	243602	18892	112478	9278	1047	17434	33436	9684	1892	700865	1152	137731	11041	23881	273162	9819	1528	33429	4619	9988	2242	5792	3996	718	11737	54935	24292	2260641	8824	9893	2759	5783	1743	982451	2228	12816	62888	552431	2494	103077	3340	1040	439998	36869	83176	1759402	2701	2792	295003	7501	13044	5414	43286	2060	35274	1547	6431	17591	46487	2024841	260004	101833	21523	13439	5716	829724	4250	5786	95473	29919	1097	125667	196711	8734	211	4941	8818	66543	21865	243650
MB_G012	7555	186516	190176	7507	536233	35270	32510	2889230	31631	34535	638304	5448798	992995	71096	222511	413480	707347	78345	1135134	2988585	1206643	799748	227843	238579	36678	173780	1072412	1958764	64064	42667	933072	3226	877479	1169362	41144	446906	43235	253916	902036	641192	641249	333067	6694	22463	7229	24321	717796	6540	101429	866908	14692	272373	8703	71947	12925	977338	16744	3294165	2431326	1458210	1578	732221	915164	80719	4828773	520951	570155	2314999	1538	43833	740391	9101	807961	25802	63820	350	1248586	197434	1137868	682	404146	129891	29058	5569239	9970	4381	5848	2777	64356	2975	881683	344205	339841	10718	482808	81351	324369	716657	3623	239242	31950	85887	163059	21966	2343685	1379595	220143	22177	144609	2069005	1575975	43606	1134123	635402	495886	870148	722397	33233	62525	648623	79744	470510	178589	24414	1736118	106564	104184	40782	45555	319311	27122	55712	541019	1404049	20336	329137	471168	63189	245621	5817	262245	880549	661838	275495	11478	455668	14153	78800	89946	1200807	873569	10291	17118	495016	580526	246783	28025	68426	625796	898839	517901	850654	430876	201196	680909	1171260	390650	1411008	285211	926421	854405	3683155	234119	45059	2742377	1088042	669231	1271454	964084	24535	480969	19568	30870	844931	656945	23737	221201	420174	101040	1598564	44454	296907	1028432	3788	1332564	50922	79533	89869	32024	15851	52717	871848	725149	741246	83459	1035523	35645	736646	313460	1489423	457107	18531	34577	1743617	21306	1053942	39267	12324	23737	36533
MB_G013	205073	760122	193303	199657	121311	10752	142677	91642	422343	3188356	663019	864947	59343	960460	1316758	365838	138514	417755	708199	518499	369487	11397	723810	158052	304673	642669	677714	498527	235300	713924	298907	24612	103228	592777	219210	542690	933538	837915	462237	246986	836054	236314	835281	3170721	97723	2714610	184017	854	39054	6116	357745	32432	355428	424232	7908	985248	3133	943718	632683	671164	1848	397544	275397	319789	77338	494103	798292	144650	3187	230074	1040761	191195	519227	403958	216734	214	49926	7649	947532	1625	235014	1653976	545550	130706	48152	15124	1194818	37387	823339	6580	1001906	31083	1321228	203188	778003	44166	65973	82704	3000	593247	141681	71391	50731	525048	241536	206507	516851	1825	49063	1162773	1065299	422150	1575125	233719	710919	647535	627119	742407	987096	184677	942429	338803	1622811	537937	804903	266902	1900902	3483548	1831	417792	76875	260801	3412405	341163	1462	1694099	139540	5634	73116	138024	1185312	147304	36800	93764	270181	8700	35908	238454	166697	21909	5490	255996	315174	217459	88050	206973	67423	165873	632116	424673	232595	282660	377323	92773	402295	657956	367499	64760	219895	480123	876439	617579	254828	2047590	42821	973879	871720	279331	299114	356406	29240	49860	921338	415113	506975	454176	117283	203251	408468	492666	12210	73392	1240063	187	192664	200660	266541	113657	43360	323894	431497	356253	247330	718023	557383	2672749	196677	46021	125729	117082	90187	1506175	708887	585901	337	205072	445264	62340	542794	400210
MB_G014	3298	1513944	83269	162438	133102	31802	4956	452486	736240	18683	85713	157907	742769	16161	719022	240672	204536	912349	284757	255015	346260	191758	1064635	7175	1330535	634081	21240	618292	1390321	408456	246683	17776	148613	641082	582190	220321	1380963	388493	229629	815681	1327800	351734	256477	3204467	1585	4628	743589	707	3976	1002	2548	81533	4382	7387	1076	206146	4672	7038	1433689	510996	1447	12248	2512	9177	14149	498817	1007815	90582	2628	220756	875085	3979	81849	397908	105147	189	722290	2999	1292849	288	1472177	5798	213225	185171	4339	5745	2040	1688	6597	3294	302783	181600	1753226	1677747	1289828	2034	13118	344052	1728	2297	1008299	200859	136119	6785	10801	8774	343123	1924	4504	302089	965547	2437	5293458	473876	2120743	1194517	649609	86644	681239	655438	246846	294888	2066670	1595	886630	154101	14884	13854	2000	14835	6921	18170	7509872	1378654	1261	8034	6922	2739	593446	116861	1705644	413554	939	837796	1272	3338	917	223005	353812	1974	1250	1518	156878	963745	1020611	218969	296674	125746	380950	621920	141876	84612	51875	91566	288045	1479963	698438	594945	705799	831079	212603	835435	165893	1598157	270081	993340	730895	1122973	408469	74047	2101	15624	2245509	151152	1098079	3524	135003	128759	43930	25955	2605	183555	141476	55	44006	3045	907	381880	238210	2572	22232	1133165	1886413	382586	843002	108813	614565	146450	342537	269061	4544	1386785	7199	181196	764	100073	1303645	81262	541348	1665732
MB_G015	661124	1921	12920976	945	401041	13395	1901	6151	2592	7117	1580	309	1776	57068	9011	1291017	169743	1328	349	297	1408	1292	913	9545	1027805	2239681	1243395	3629060	1203	527	786	1212	552	339	7790	600	407	398	395472	29872	467	238651	3235064	1761	7379223	1828	2555	689	3914	1595358	192	150652	191	463	1052	2138	4443	21474	7748868	1600241	1292	1142	1922726	191998	1313	8738295	3689979	1271	1853	1574318	1472	581	509950	1153	1468	290	2086	1866	1582	172	222827	304	114826	745	1103	1061	2608870	798	1243	1970	110171	1376	948695	1332	1007	195	1626	182790	1368	542	1258	215	590	513	3509	1997	1110	1676	4426	1640	1265208	484	3290	1840212	208261	3329	6541936	2656	4917221	840911	1329	351	1780	449	2827	422941	4217	23364	2733	1848	1428	5079	5984	5240	24334	1546	2091	1814	391	195	260	173043	370	1229793	437	11869	410	213631	1138	1042	502	201	468	967	379949	333	148	638	1226197	172781	407	1992612	2132716	301	596741	679	5133	2734	615873	43716	2095661	27494	458689	288	20508	1184895	2214	85	188	13	145	302026	87	182748	246	2908797	82	312	135103	193	196	147	110	28	141	242	29	119	106	295	3400	102346	170671	324	244	345	397977	76648	1384	31263	150	431	279	438	36	105	284364	98	198	424
MB_G016	44403	146475	510988	17908	66583	70521	10084993	1040787	655488	150574	39594	326899	45930	105356	500747	103285	35691	1453749	56433	1059520	35505	30677	150040	97785	123510	30701	221464	118520	118155	32512	34283	2262	46598	1727273	56815	47949	333742	35242	41926	209867	112061	555456	154898	85878	11913	89768	139835	394498	51347	30404	26471	20631	19789	148037	165007	44502	97225	62557	120592	280559	229904	103569	12378	49939	689860	218396	95944	49717	95441	48943	1168592	538316	49335	162994	23346	1147	540722	121403	52548	1982	90886	53267	26025	493930	21365	11505660	57977	8967	330485	665878	2082259	405814	175441	185867	192140	4455	19246	306592	966265	24658	64814	2583159	7202	387251	257865	547726	3021062	181389	116659	145543	517665	1993006	290298	40334	47088	272174	11792	367389	99942	995527	102572	26621	533119	18408	144172	20550	571776	440354	154243	229953	283481	116218	571054	933205	95800	547085	358488	16081890	43823	46255	282128	50768	4932	46993	2796296	725395	15255	134274	17725	32123	34629	114336	9791	44810	45174	32636	16747	54456	307332	94188	45889	245302	69801	43792	436476	587899	25199	15246	18104	200197	39161	81860	16762	515331	400993	115637	520695	80197	44310	226475	310959	7136	38642	39249	353671	47453	93464	20233	305237	256686	538088	468228	208975	1636294	366555	310426	50713	85078	70060	713555	21415	27884	22979	83433	320006	1496715	212891	1279207	27097	205403	20425	55554	20910	762630	71191	10077	2610	6915	193451	229676
MB_G017	369	2538	7300	816	1092	2476	14126	43212	1547	19709	487	78	5410	10067	450	308	1185	1393	82	150	1687	1000	98	4800286	553	30386	298	232	287	155	165	629	69	4242	415	211	243	112	103	1471	11151	69381	28296	2745	966156	1240	427	323398	1553682	885971	120	1154	705	164	15922	2561	43819	3597	7823	2667	2387	1149	1267	2650	152331	239	81	181	588	1937	1143	1222	5858	430	43309	114	13285	1968	3012	3116	17498	629	2928	481	775	419	16108	9004	1148	14521	263	3666	219	6258	395	106	1541	10623	2514	29236	65618	408335	7780	175	2463	339777	2700	59525299	934769	1212492	2940	904	3725	3745	2261	2900	6536	5202	3476	3123	2349	446	6079	108	1947	1791	2524	19433	14127777	2409	5594817	1790781	26848	5765	629083	26970	133007	20115	107	876	12316	120	33386	504	17300	87393	1631	95	1916	105	2293	216	69	206	131	89	510	3542	431	217	103	106	487	64	116	117	139	1460	34	30	3989	130	307	1552	50	740	223	217	66	1038	678	106	108	35	44	140592	101	23	90	50	6667	44	52	2131	179	2962	55	83	179	3958	2458	29	74	134	223	81	49	554	543	1446	61	341	230	303	3682	30	113	301	71	212
MB_G018	468211	199956	252283	365791	655995	1706266	35521	1123736	201790	1353418	84315	48502	479704	397857	136208	30128	465283	121183	71252	47782	153100	229525	66136	35678	87373	167685	182322	40834	86209	91294	54816	27650	57747	26340	105789	67845	86908	269862	104928	37988	101940	68754	4395636	1929285	2802978	125581	31923	3693	63330	2670	32539	76609	374206	42806	185992	1828232	14042	714711	86092	106907	1929	136599	1528465	157082	971516	33722	246311	29091	1905	400824	734847	129101	176593	104055	143046	1417	1991641	528127	220047	9301	36611	61510	124211	16770	40163	52199	116315	1582913	412010	227348	66857	24268	23557	1080729	43153	8044	521835	42753	3143	363460	115980	139172	104358	156308	163459	385602	78403	3190	8982178	1770202	315080	10271	97989	207159	410675	244243	137953	1930450	473253	504228	410857	52801	703107	212640	443004	86142	1183948	2995635	30995	12384503	21901	256346	788873	2975182	15193	291770	3537131	1940307	124858	13371	189428	57834	92126	87851	183017	23985	193701	45186	132926	721589	29798	221264	572355	427053	135080	19704	17862	634880	28874	106309	40804	40369	94588	12408	26108	23361	162304	82326	22641	32958	42596	22528	14059	212361	13831	53130	53374	160949	17610	169530	14374	11856	56997	24811	91283	1113794	15572	39469	62738	26592	38154	14577	32790	1050	17485	32661	203868	90104	84074	1400149	473471	101013	41552	59668	31503	230126	27895	15550	179655	68721	16852	1554884	81158	1251309	1649	30087	27465	8392	99245	194717
MB_G019	4043	2412214	48108	11823	1817128	2677	37205	8079	17752	10741	27715	47494	503799	29938	237676	886300	300696	20800	674109	189970	11731	34364	359955	315452	1085119	251489	12048	183742	1132482	658819	1155732	1836	318942	572401	259197	1840844	363596	37730	266239	732709	473808	1200866	2620	2885	1798	7552	491613	860	3401	15230	12325	960009	910	968151	740	771262	1876	7929	1387593	2780792	1206	4358	2891	14567	15748	715027	395700	1093528	855	15117	77778	4585	22816	439187	144863	372	193103	3228	72652	182	887617	4493	89700	1222338	78979	404	1308	7927	8450	27080	116689	623398	712926	5808	1487177	10901	4683	889977	853	10102	17202	68114	812071	1273178	214937	132161	147311	3968	17271	9764	2219864	1127	158023	2293670	1203982	966408	1612630	164558	2777499	895913	1640871	274511	1463453	84277	1086090	537116	87637	12679	1717	7795	1915	4956	212210	119808	911	75443	423819	1959	55161	3232	58618	278416	156345	103375	5701	316545	17921	912269	145604	1432	99037	6223	362033	499363	267829	397876	321559	15057	480822	559825	2151164	649278	501292	333915	725937	1212814	935217	744319	7888	891333	410732	1758942	1217191	667089	878287	2513832	590158	37300	424543	9068	120642	137122	274331	226374	13464	2249	102047	318363	13098	691705	23960	712923	12463	23	224830	266860	5109	88500	155569	3566	104178	4260	32474	182873	704485	3695	544798	334128	125538	588079	643942	7376	38276	95621	481	56886	279077	2885	481099	468999
MB_G020	1199301	1008617	61538	188339	282004	22355	66061	434148	573002	19220	525706	20045	1735233	56510	104453	455812	2311656	3190249	123487	96727	360511	5213	289570	540118	219956	1505388	26625	236074	373583	253187	130887	16233	435696	217428	133464	493329	647589	755288	156398	384448	46968	250310	416200	33845	3604	19227	440399	628	17809	2988	9779	8681	8777	116785	2369	368509	3834	36796	341097	854078	1560	105091	7157	361772	2459806	84245	64941	130654	1216	15611	55222	549686	149199	1412379	675764	146	100884	7817	153671	155	47754	599057	245541	10690	3067	42617	5645	6925	18301	5285	257601	108901	525911	471914	339739	4082	24174	130343	2693	2280	9798	1821511	742510	774680	174729	1906215	2168596	2276	20465	60429	1527195	13031	836162	1115922	1174063	1237306	389340	32892	2048301	529346	1236959	101193	1988648	23607	159160	50995	45071	6063523	2809	10192349	21556	55346	103843	123482	379	92595	33072	34906	10854	79708	19646	42444	5558	202305	6215	14811	581860	294702	1432655	12644	21733	20911	51746	930705	850577	200159	114070	182308	90892	271397	87978	91716	40681	60159	139686	95958	147619	99813	95970	251137	90644	61867	46418	281879	43181	90578	546587	29015	56378	210987	265691	19809	527582	120398	214751	7034	43078	46894	6822	31075	3757	837220	254115	99	13674	192487	6356	23034	45068	951877	11199	24414	47948	57183	421126	13746	67609	118287	577587	26067	28770	34233	39253	250195	5303	227255	705553	35147	442675	18784
MB_G021	41479	1790138	42599	397090	13141	2442	20704077	25694	139150	5551	135753	5848	2740214	413576	669955	16378	41494	55316	616946	17234	17836	3622	517280	540176	530508	132406	11568	30856	204608	21523	44496	32585	339918	90798	105075	112871	161271	128401	327291	132391	43001	397134	232118	579527	1258	14954	97072	585	7289	1335	80810	214769	310725	175331	2190	554198	73232	12190	271316	1026982	682	30330	5800	10676	199937	23492	55383	83191	650	24901	16808	223169	125350	1617145	144185	108	5705	4617	94560	227	251203	31152	18227	3207	22502	4341	3134	111106	7640	5016	59565	55069	66473	7989	53650	32082	6371	118282	852	853	15897	21699	294027	587787	647993	577296	698711	4254	7617	146301	2632824	5133	267297	363674	2521697	613298	521367	22657	1178350	948061	1056844	730160	5362775	485672	805940	294691	3243376	257583	3876	60170	732364	72798	229159	17679	326	534654	25360	2292737	10628	25903	133551	141380	2537	183293	3144043	380162	129251	470644	1671724	2173	18261	489215	46119	1169376	90426	331620	45084	7741	117808	39741	145788	242285	416341	67691	81903	28388	92459	42689	39226	95500	30427	33896	32581	40212	6462	105624	246286	89550	60098	170659	38074	49493	278414	115712	654990	6056	554588	76974	68842	181180	20711	121464	52836	703	100599	27213	47585	63192	23314	9842	35920	11338	207158	91464	349094	10083	33659	44280	23468	48665	39758	11357	71814	56767	3104	20094	105906	40552	135938	186115
MB_G022	236418	146635	167957	240835	70912	720220	164293	2352703	166407	3099868	219016	343417	67546	958138	110180	98474	28875	115079	592073	175363	87460	9567	62315	219329	32317	119468	288137	30034	22849	407270	46996	3956	12279	13710	44144	28690	359433	330311	50669	19517	440507	17158	175635	2839407	295865	496152	144001	3560	58739	12344	53286	19117	999021	47060	24318	2331563	3996	175563	52026	376304	1490	1196238	1574578	108274	342493	27053	47529	14075	1191	275729	656167	1263416	194104	51038	155486	67	120976	106259	866822	17499	18598	1630244	40181	244649	15063	62890	2612169	1564443	1157263	1397421	99282	7739	35502	209947	491173	7794	675674	25226	1918	1148424	438722	27846	18399	107880	74480	368118	64504	922	339177	551735	41356	916351	76225	24421	90158	196782	26762	2378020	734105	28709	165624	12036	202732	115203	92787	284289	1655770	581383	1670	8505119	152593	775125	3856607	97308	1700	2351256	1764770	103606	46539	5378	140847	16383	12624	29274	9147	20154	23628	22391	10446	428380	6634	1144538	9959	29410	145068	7875	35346	750038	14530	24594	10459	11887	15995	16174	22918	41472	23643	49375	17865	44035	14432	27395	6673	2135726	10810	23551	46557	79040	13670	10577	8637	3200	100722	89643	89258	1590825	9054	12976	305984	50279	503502	14557	41156	168	47529	46990	7087	86686	72171	338593	315706	89950	50352	273216	127827	1132507	20857	23756	30708	64639	46318	754968	864699	48662	1733	377363	82209	10171	96829	157409
MB_G023	64747	39122	235892	300874	64811	678479	6308858	1082410	64103	1225145	43646	20029	38324	616642	13243	14024	89166	71751	132362	45694	117285	6379	16012	16597	26259	19017	54962	40764	15264	102053	23742	19098	10303	8627	17428	32925	25340	16589	16736	23729	92831	20888	110614	2779872	24546	103126	17076	532	1464420	447420	69497	16515	125472	224788	18885	200217	321353	155836	45163	58994	896	117591	79277	80438	96022	16904	13541	15664	809	76855	218539	612098	129818	25778	34653	38	1193058	420950	835311	12067	35778	412523	22395	8038	108403	51760	336427	225630	95424	27384	32108	9596	43450	1450476	49759	1794	134756	12066	4225	81624	376582	15485	12844	9950	83097	102446	14934	1210	41155	1397090	53641	104051	32781	23988	48107	29462	23134	260323	117859	17314	25243	10092	67255	147075	81256	255204	354340	12069185	2617	3062031	1354639	6516260	4262834	502837	1292	870351	2815314	6401826	18892	8799	23047	11922	14442	7320	12453	9969	47660	7214	9464	18559	2028	167936	5632	17598	38201	7973	3463	164895	14630	19282	8123	16158	21250	4560	25985	40589	18124	86362	18526	32464	17040	24119	8687	464163	10015	20803	35275	76842	8512	63188	6822	2736	431154	32856	40845	2664229	3318	6373	15488	7173	25671	12739	15487	2053	9926	19159	8533	10026	24947	647968	196793	42924	20639	44287	20450	1786338	16278	5842	36025	1165759	2560	170551	53478	66694	490	10110	23244	10599	11709	104718
MB_G024	16927	408710	154326	435030	102306	76783	238506	1403760	65729	89984	13836	282550	1549646	407728	194930	305597	1190562	18689	19195	691854	2392028	774703	228114	192960	307576	321505	808977	702655	252042	1426644	807982	2198	374255	102753	509198	362854	361555	598441	475098	243345	855136	144033	11249	75063	6062	298217	197624	1752	44131	4014	152794	295069	25496	207167	7252	1607167	2181	199884	970867	602257	750	401848	117486	291519	174278	344581	233119	63371	1034	615609	1073391	126633	263157	70724	62386	646	682222	524231	211973	384	322515	774690	316244	83701	3182	21094	19274	8554	1017763	7087	98129	105450	721381	80897	526880	2286	993887	384545	930	14875	84381	343971	68662	49202	802862	239395	106306	2385	739542	423525	1038467	21372	285831	1284722	281319	741235	216050	3234512	2331490	492914	1137842	165604	465869	7999	150686	864000	163098	119604	1878	390224	91724	378461	445365	886290	573	99637	116806	20074	562648	74381	16056	100751	208324	69789	142416	471581	115082	174791	70522	12638	11712	74776	310958	281640	316864	115216	165173	103454	168209	266253	155024	434382	901444	54934	338434	394579	122328	274309	88286	501386	360101	392040	57140	1056067	140029	373350	512283	688299	152463	5254	231682	113195	31322	722380	29598	76389	40370	43551	71041	277683	46591	139942	531466	171	51376	211001	140142	26131	608459	27552	42910	1312313	102926	173166	89208	1052317	194410	97873	447357	397183	39686	1334350	1070351	599671	805	193974	475841	55151	120038	202785
MB_G025	1344	1715578	10999	26204	855026	1030	4455	10849	299117	3081	4602	1714266	15356	449752	11603	1065468	6692	4027	4423	231655	6083	2712	6393	1003001	771109	3529	979260	5196	497952	14886	1976166	358	536690	2322	492886	6745	6162	8853	557062	558966	2284728	510253	1781	2821	827	2912	990590	1469	1847	718	1371	6249	3768	3226	708	14308	2482	639479	4010934	3294841	794	1811	4194	2595	681769	1046370	1085868	11281	1857	3517	2846	4725	242406	768258	1553	576	2546	1021	2755	193	847955	1747678	1634443	2674	30963	2985	653	1953	1666	6888	60521	631257	375127	2775	3301	947	3121	1945519	617	1186	1120	2673	624887	556744	428847	13268	3620	2046	3300	4746	1277978	1063	507036	108804	878314	58181	1189362	15218	2047641	702118	104530	225762	11813	1945	1554265	45700	22777	9724	1420	5748	1555	3817	5508	4353	561	7499	7107	4794	2689	793	2283	135434	1184	789628	1078	8450	732	404600	3133	1035	52973	4668	2047	3493	7320	1019564	343238	641434	22385	708112	486522	307803	797914	884077	1007470	622455	7098	1962278	366810	6770	618683	1926921	220150	6251	2956	833166	22354	2424	5179	1214	48720	23739	5554	290212	2298	779	2412	1997	1956	9495	6070	1014138	3801	61	3494	203440	870	1420	545907	708	652	2132	2045302	2142297	7201	7209	324141	653061	2171060	30021	228812	4115	4164	7386	566	2123985	2826	109286	715838	1885
MB_G026	7072	656223	541954	272467	570624	2989	9545	14950	309111	9569	7176	6382	541659	1885239	11653	591556	344326	1198853	636963	521477	330320	12481	168705	170495	301039	123182	317108	320276	311168	425722	342983	791	38442	547960	200327	243317	473904	622579	267870	328188	1103580	237740	134738	14546	1301	13015	653092	300	4033	619	80795	364507	6100	345476	1492	19581	1773	1143242	1364940	476837	1330	1608130	2809	27245	52401	425675	125796	194699	881	8617	1858847	4972	5927	75165	180681	225	37414	1337	12415	279	289007	12385	282440	3490	822	4471	2659	2216	22987	1507	1334411	321201	2354526	7976	357336	21758	568119	275444	1120	1146	26247	252352	154743	241462	526114	1054692	6442	2294	3268	10406	635365	6767	2018488	369304	1053374	624204	405941	12848	1117685	9421	533911	124268	355179	141317	15145	19842	2231780	493526	1300	49649	5518	21393	983052	35037	492	12480	14481	3255	403445	1314	13201	17112	312871	59395	3519	3350	864	130886	97660	4068	58053	5849	96092	275140	191297	183754	36427	687305	186585	384004	331802	242673	101945	104460	331707	787579	600238	250839	188709	856150	294889	686932	446770	954903	336533	218210	516539	651470	352148	1950	72043	122938	839872	237045	3196	2494	107968	226892	4669	11410	4279	198460	18020	42	232318	168011	229488	109236	36283	5502	5348	15870	415867	785284	499352	1217919	342943	158187	379497	155594	167821	7201	7979	682330	3537	2836	9863	100319	210037	11876
MB_G027	27379	446917	313600	75166	466295	2675	16075	299262	170967	10342	364002	294545	335465	947472	226459	671018	630862	584268	334848	585412	1381935	3213	181674	130094	344561	282876	326319	549380	375555	646637	481834	578	439457	288143	210481	331801	455654	329270	338427	307507	182358	335059	3615	8980	3140	533804	589816	2809	2698	771	48376	177053	6676	492921	633	333550	1568	153070	682869	565826	881	18564	9468	14757	578951	548802	225134	423249	904	94662	16346	169799	140175	130072	59143	181	665072	1873	7571	160	239295	5151	267938	109161	9403	2087	3402	2496	31505	2437	914140	80401	434803	9115	925643	18794	729630	204407	3358	1554	470391	194244	157238	4434	415561	709369	125704	1232	5202	50889	1198933	1953	446280	147506	231058	1827311	650530	21825	382915	104576	208028	128327	720577	183559	165452	58265	14083	24490	895	4831186	5232	34173	620131	225857	879	17420	13171	6714	107484	14440	12329	227421	52215	143717	1812	60367	2202	135738	70725	1782	25430	2997	38529	268719	42060	137324	64389	2015354	310261	337757	91626	386838	187923	88449	504062	276919	464707	87099	231498	518583	524574	707925	267594	49425	176309	524219	731827	173781	107315	173240	141698	17499	308743	224234	91798	7976	39798	110942	253690	350420	5000	84892	177575	57	170723	87343	45525	136082	94007	144354	5039	6349	284976	362614	287367	285527	107629	136407	620245	236237	76634	15755	188945	895369	534	121468	88719	56229	50445	200745
MB_G028	140232	1511624	668203	225601	2155262	2190	4242	7104	764002	2271	3306	118623	4494	9361	831165	211889	43515	1515868	173766	286834	478688	713653	5710	1969	7934	2800	1498	2967	3478	1711	315242	938	2510	360338	177004	791080	448466	4867	5110	521474	875702	462570	4281	919318	1251	1161687	888338	621	3583	218493	2154	399013	2101	266514	990	4641	2881	2933	7113	336896	2264	176536	2232051	7744	1004345	4144	9348	885315	1178	1153	5357	81878	656152	466250	1871	134	4228	9906	3945	128	4023	99926	568399	756	1073	1612	321252	774	196071	1093	1028951	78598	8795	1795587	845747	23127	7375	3294	1487	579380	609	171326	1794	198997	14046	3429	2957	2157	1878	412208	14522	334	15211	1177416	8336	1521946	6521	3650	9010	4969	182444	502307	21090	1783	985294	1827	56801	13065	8250	11826	2242	5958	48284	1723039	722	98450	4688	1809	2069	9548	803413	1573	302329	10669	186	541	128323	176176	10187	538908	740487	7973	309385	242743	2512	196702	78362	4676	111389	445025	3406	2516	5402	49149	4111	4087	350361	3358	2270	468824	2896	320077	1747	475964	2224	5372	723191	3912	3352	715	2412	1332	228579	4112	220462	317	928	144013	164422	73921	50391	105349	2474	126	397940	22386	357116	130400	14509	1365	6453	156512	170385	3019	224883	326752	269402	1439	461577	233140	1505	184119	759	708573	30813	8994	151197	54299	199454	296981
MB_G029	3393	282905	19838	3258	10558	3242	6435	14205	3566	1779	8262	9840	413478	30644	16765	670241	450946	7471	15893	10311	32040	3002	150204	99867	123222	38857	7257	140405	218406	24412	398625	774	1116307	24728	305797	227271	15838	11877	1437888	63269	64165	368569	6813	5385	2444	3262	428892	1062	17413	1526	3089	124227	1975	44572	1465	1092173	4731	7143	1356229	1160438	170	1683	4468	224733	14004	102302	251747	238855	549	15307	18206	4242	5675	217758	6973	188	10075	3522	5685	164	504670	7295	410531	3178	1370	258	1698	3109	7751	2979	113133	192039	879050	2605	8014	8726	3397	96753	295	19099	2402	10910	319449	12440	1774621	200458	29718	1048	10142	4362	1401661	6281	5829056	4105118	274308	477034	2878420	21474	1131465	40385	331226	676575	33892	5599	18075	92582	1278057	15598	18227	9297	1913	7206	9470	57688	3271	11642	14017	2863	48586	1372	6609	71176	34261	46900	4951	683710	3875	597243	3685	2255	527461	15549	57332	30807	30009	424103	54627	14780	542248	43638	364115	937753	1078319	252954	332308	45407	72182	81712	150538	54395	1465547	77537	694401	7032	23611	432303	92275	1472	30946	1107	152154	286989	5937	25876	3543	689	99611	96750	5299	183421	68269	87513	197305	132	6255	303770	879	2135	2355	1998	9882	5281	65353	16570	12289	3327	92851	33207	69910	286208	126901	2179	412539	128214	310	4651	66830	846	41179	8672
MB_G030	3998	828201	90634	8430	11327	3330	45093	193035	13741	8850	204679	636992	774550	26155	180452	317843	270351	18630	17527	12381	260832	1692462	113183	261541	48277	16151	178886	342539	202968	24231	467522	1216	103049	302093	236818	310876	466616	266610	168904	271233	1331099	167796	3849	29411	3122	29276	160306	349	4383	895	194571	6505	5621	291870	1179	271677	1307	15332	743175	291073	671	30309	1028012	1685605	30309	433457	114964	17597	743	8931	478395	9556	7723	61443	76063	164	18551	2330	36466	87	287202	8767	129114	681880	981	4033	3598	1550	15425	2510	52683	155776	415655	9576	308690	56025	509203	240787	1335	1410	15655	83081	225182	242908	355182	51688	207056	1712	4441	14400	480552	2324	687168	622617	734265	775123	393394	21261	843456	13411	238595	7271	578748	5791	236121	8276	1144275	51535	628	27874	4783	19147	130855	22446	1230	15236	16606	7726	192655	2571	27400	143300	4221	102920	8833	137198	76814	8158	12754	2330	132738	3619	41771	112716	377088	74419	101622	13325	156151	182832	174318	392692	153593	125304	238995	486582	320465	169014	218814	465438	30090	496715	62597	470394	225671	416012	588864	392701	196956	144296	133980	65090	37848	305411	20436	3575	93374	380734	65572	158601	262935	218976	15481	32	422440	3554	4286	57268	9052	4894	10935	23695	67674	24559	93947	35401	196778	30646	61609	50949	182578	13763	129306	19104	1418	4125	112905	3106	9520	40199
MB_G031	55465	425640	48139	104792	169081	8055	4686	94147	77525	2319	73035	55725	685296	1028659	13711	106597	113870	4753	436890	11963	31793	633	145951	102119	67450	95874	132408	56310	255557	81550	24455	1773	142357	26846	231770	45286	35853	56720	102312	54193	88576	428387	7538	12255	12075	5545	71707	1669	15877	4924	9108	176194	77303	46152	882	915101	6211	29139	1697536	1083164	291	86075	68439	32199	483218	56867	70749	308124	235	412154	44056	4776	209952	68264	27808	104	33399	83750	14070	149	275843	39579	285399	46971	9553	241	3491	9892	103086	3924	27673	213282	58833	76305	11291	9583	113131	278837	200	486564	9103	31520	420456	118881	863879	950067	120038	1454	7144	114609	1214907	20763	1951900	2153207	344642	584552	1040016	481673	711881	373519	791974	233262	318321	142584	307662	346116	646964	13969	13412	45160	1165	5696	13441	141710	11594	105485	991874	1734	133588	2031	1964	60843	102021	350068	2794	136038	34787	141434	13951	230716	384462	880432	109847	58691	143920	114041	46877	38774	144489	49720	99186	368306	168343	42075	47979	16049	62971	256739	72393	21653	330170	24045	112644	78262	13029	97431	81843	1502	81010	575	59378	39937	6732	54919	86013	6433	57326	341205	94725	122918	148986	61807	67864	287	63067	238949	1128	21510	31840	4635	20069	65134	53210	147707	141343	7175	47417	48647	107045	35801	125887	180191	46995	76711	225	40235	38337	7310	88673	48558
MB_G032	667	36197	8957	4154	34780	1415	1077564	10636	8023	1284	3738	3775	483805	6346	1782	2468	1405	30784	3083	253445	3762	565	892	3006	1823	4630	2126	3320	1120	5947	31628	176	3278	76709	1432	9817	9229	8299	2247	3320	7536	3428	3007	3271	4269	5501	17235	780	7877	4960	787	19859	23910	4591	338117	9574	266835	2823	59239	25640	474	4154	701	14627	24590	10216	22359	43680	245	1127	16843	9925	2196	6686	967	51	3204	913	2361	1826	4561	65176	2322	89055	569	2947	409	6550	1750	10023916	6043	24340	10186	11007	1324	4199	4025	87387	1673	706	1543	210508	56644	25966	11949	5042	3817	2029	4246	21616	14917	433228	24444	26615	5445	7634	23763	4465	8676	14286	3652	2334	288039	58744	18506	95544	9746	3073610	3734	4995	2352443	1646617	571293	3475	335	1662759	164296	7420579	13664	20833	3347	2227	5320	28707	1916351	8637	828	630	992	33109	1784	6831	17409	1628	10208	31266	3237	4608	10875	1003	14516	1063	132209	78966	38050	3983	1839	10617	754	21340	133064	10251	22442	24321	71305	5077	4807	99366	114587	654	483	81681	7883	94759	990	3570	23683	4950	3271	1377	150328	36011	9529	1156804	31552	7563	7978	573	5491	630	527	2912	14537	1769	145058	3239	18118	6388	1185	18964	21301	769	11037	100579	25019	6761	1285	1052	1484	7101
MB_G033	16847	298950	123160	27075	10471	4179	25400	18371	43089	1936205	16227	314793	278812	923354	270050	84050	307008	479520	328326	556975	336700	3671	160229	103432	335683	8834	33197	302626	209130	1123755	176838	704	202341	206389	68222	12298	492468	191406	96332	177936	13417	172569	13135	28219	5274	270735	280677	282	6105	1892	79054	5355	12493	626501	1356	2039209	1119	160728	23470	316346	485	676127	72777	17099	49822	52263	83602	168283	559	27890	135894	27796	19884	13610	4467	91	139323	334102	187759	140	381004	13709	141864	94638	1477	8175	5258	13751	1194116	1697	365505	41492	316201	14010	19448	24625	18470	104862	624	4579	48424	9207	133359	18395	113365	19070	14206	1843	16450	24716	437026	4611	100810	315510	110367	828316	354020	38686	650606	12116	251779	59454	790213	9508	43220	10577	1154547	73921	729	70876	9622	30485	81829	175663	250	30149	945629	3539	6877	1945	8691	5860	72137	8037	8896	16629	3974	45224	187210	162667	13602	4611	103004	14550	8845	55517	2736	12777	84490	232624	116492	151639	61673	81631	368825	582678	152783	54884	91891	674521	10461	614965	23569	835280	48841	934228	508062	796080	49846	57284	81699	39630	511565	178554	390648	14193	6452	28784	4176	5158	4515	222793	5492	44	109245	7961	65193	61154	4925	7474	7937	11096	376395	56211	384530	86810	67283	95097	16146	15631	35633	25136	8011	25121	2558	4672	9063	18854	10051	11700
MB_G034	99056	567399	303009	184229	158708	103794	1454	424269	142225	76557	63218	101148	708220	1834179	22220	37590	72832	108678	68679	102687	111939	3093	117843	150310	109871	113055	76401	59659	113856	111359	68736	1411	122297	22941	111167	60081	142376	34649	93507	86384	136321	81599	23274	40176	4058	180193	30206	2958	2586	982	6071	167886	12066	26441	2795	1089436	1414	48593	950512	812053	443	60843	360377	31631	165796	27737	114985	604972	506	544467	176969	21260	182953	109165	79175	79	178624	170898	264020	105	93147	30450	220713	41639	19005	704	6516	89219	482212	10232	26813	76845	43219	22694	29320	6812	247616	119133	598	598158	14459	5673	114808	114544	882043	1219810	20488	26489	46658	63651	503895	209947	285082	321339	254222	103634	373051	781832	878714	156468	180057	93938	623434	277113	186615	727878	1831176	52148	1717	211120	3962	17708	9378	685593	2776	97983	1113525	3248	133044	3231	15942	155592	143856	276561	649	289990	16366	123717	5028	72660	77185	67318	61283	46595	237030	31091	8762	84850	85096	61590	46461	57688	104006	8057	47359	54369	48358	121180	100477	46032	464017	27770	40834	44070	11126	61521	44704	9225	113724	2316	29711	39303	41512	90843	47838	33955	15502	37600	103113	77312	193357	30537	196653	60	85534	109070	1791	42405	42611	32831	8993	71686	141501	254714	199937	25440	117803	34582	202884	27251	97704	229279	136652	26591	49	35798	91283	4404	155481	64036
MB_G035	0	482	5031	17	33	28	698	746	18	13	25	42	713	392	73	12	106	84	22	529	514	0	21	31	0	37	42	53	16	40	47	0	45	77	0	38	122	42	27	33	57	64	26	139	67	19	68	17	43	56	10	41	36	27	20	501	27	616	989	575	45	65	61	23	495	142	29	53	0	17	11	99	0	15	19	0	13	27	69	0	54	44	25	214	17	26	0	0	33	1081	85	11	87	178	42	0	0	79	0	78	17	35	58	68	697	1137	468	387	1346	663	724	170	848	1058	549	598	672	453	563	431	414	57	856	39	466	665	1315	751	1031	503	935	625	34718325	392	190	958	422	995	22	84	54	85	15	28	216	12	18	0	10	0	0	0	0	31	14	22	20	14	22	32	26	27	79	0	123	120	35	13	0	37	26	59	639	58	133	61	36	47	37	19	0	45	0	28	32	73	41	22	24	0	29	22	36	143	26	40	0	11	0	0	10	29	29	14	101	12	22	0	15	32	62	0	29	29	0	33	12	0	12	65
MB_G036	11715	83422	37937	4532	14317	1040079	1299095	112325	42091	8368	28294	11220	58847	70589	148804	6082	5634	290618	20781	6484	3250	1915993	17449	23358	11027	29963	9670	2307	9380	2483	6721	1389	2812	120639	13226	7609	38811	22407	7730	14962	5741	35802	892140	127334	495140	7085	18010	2914054	530654	400390	38849	10896	205813	27719	287345	3648	157674	9720	86095	74013	3407	8539	3925	4967	111328	6778	12237	1923	1121	1217	11567	247922	32957	13245	642388	42	15381	40637	6404	2111	9207	2067	11065	1090	17787	851544	49643	2555	4625	139295	14899	3419	38349	2714	3248	7828	9279	14779	4763	44109	3969	1275808	26910	30467	30484	47582	324288	3451507	217451	559139	52392	13531	23923	22440	107520	8948	36210	113847	79672	67229	30076	9733	159279	3759	334254	5520	106129	329255	5588134	12530	180509	33983	237862	85857	3257	148889	100332	186015	42547	97078	4990	9442	16277	5864	314916	10788	25602	4950	11374	4557	3241	2900	15358	23005	26311	2440	3315	6874	8997	4768	4970	2091	4530	3403	4403	1915	5043	6796	2179	4430	10136	3659	1965	4517	2546	8683	10178	18545	2802	20113	6056	874	2696	6609	20245	115422	4696	16256	4525	392	10846	17354	2734	657575	7522	2457	9292	9039	643	1465	655037	3727	4212	18197	156078	4199	6436	13274	5061	10717	1986	6865	5705	12466	1843323	2323	664	3451	4248	4991
MB_G037	2571	58776	5219	8265	7711	864	2189	1982	2665	335	2626	2889	772240	53556	4130	501775	403242	1810	5989	12426	4135	3573	383258	179364	361151	3180	4102	22071	226165	3171	31097	259	161770	362532	643362	52217	7699	2103	103335	191762	3670	454683	1140	2757	244	3594	338909	520	488	568	759	355706	1493	15682	208	61366	754	2495	2307605	45318	102	1712	1838	8880	10181	16790	39209	69227	158	6634	4125	1144	1807	5915	3206	62	3459	724	1185	82	385173	1606	478838	2119	1463	111	206	2085	5261	1841	118409	346517	556040	1456	3660	339	1702	853481	170	4145	864	1855	474574	4748	855159	42391	4827	1052	6676	2141	1386226	2551	2799777	2977208	1562997	1295428	1322109	8924	54586	249300	754051	210804	9838	3385	6908	42760	117376	9865	634	5587	673	2295	3825	6061	114	5993	24630	1259	263928	594	925	216094	16045	7962	783	451717	1571	308610	910	424	473199	5596	244075	75636	5932	155024	80833	2806	256669	19629	105534	440337	127846	40152	123423	3013	123773	275046	79548	91459	204691	58731	98810	1452	25566	201430	190092	1035	116274	129	95337	102293	914	77203	1624	763	71412	714015	1299	89693	5793	123392	20779	0	4919	125181	281	638	994	1152	545	93903	12843	8262	11817	529	4647	26791	9127	27904	181610	1354	4927	6529	172	18229	109805	408	2422	1741
MB_G038	29689	751997	99588	3965	4578	397	1817	2034	23300	585	401976	68057	512149	2819	222762	208569	8654	1043	485534	4010	1066	1114	1247	319745	1818281	746462	861	7383	309623	98504	941692	148	441018	675	706496	291335	4179	62146	445096	307815	1392	321440	945	554	474	141845	14639	820	997	262	230	2472	10190	1627	193	4156	398	2438	669303	1757665	127	626	487	1221	7892	13937	185667	6056	514	4984	792	6575	1857	133264	11551	255	1137	186	284396	70	52850	5858	11260	13052	13369	209	638	232	507	1639	213432	247491	24770	168534	990	30300	899	33574	200	397	785	841	669936	197222	25654	2679	123189	742	1133	1561	442063	464	11784	14346	395013	4654	103283	1340	1523376	62485	2747	345609	414951	583	3571	675731	5588	8895	683	2219	913	1817	7744	5080	143	3062	1668	764	1917	280	783	167213	577	165229	642	811303	670	11377	10266	473	3096	1008	1851	3197	846	73190	14925	3241	355333	464448	104640	20550	6389	50903	322881	655747	185731	204864	203396	6415	242626	2755	138310	361962	4498	408797	12971	2775	773	466	1165	2524	939	4074	310052	825	747	14840	545	145323	1147	825099	1017718	93	2777	324206	410	561177	124718	652	313	1552	1117090	393934	722620	844	858913	337151	9291	161126	1438	340966	543734	1345	249	54700	209036	199	8405	1139
MB_G039	8576	91571	2382452	39572	15452	6730	3456	6348	54247	3202	23759	433319	616143	18771	71038	197309	17645	1739	6835	4448	57734	260	11246	61583	12362	2830	20681	72487	7698	183320	184350	223	14290	1994	165892	5474	10486	1356	20318	29825	72738	15907	1293	2326	2136	3325	6781	838	416	147	466	187897	1916	3732	197	2111443	614	4338	707587	82681	76	66754	63998	11594	496054	49120	29207	541254	109	96828	26861	29999	20803	24245	1203	109	21570	3681	2484	101	54801	12836	507480	749867	24392	867	718	3689	133819	5439	13725	92458	23240	40558	208219	3111	3111	275587	2297	1101701	18474	960	36890	113344	568282	2307650	2988	512	3027	2950	229293	9032	15900	27217	22126	12714	40832	1429746	773948	55685	12179	17505	11031	19509	101864	2459171	313882	9346	1103	8840	482	2782	2663	52501	120	2736131	52057	927	9776	544	918	121094	5377	1050880	209	62943	2348	40524	588	2413	20723	3217	2318	4055	29640	6307	777	29023	36763	4630	7159	8930	40689	1643	14054	23946	7667	95606	22900	11851	223991	13214	121824	22301	19061	15899	6604	1382	63374	147	33361	14441	1275	12245	73396	22925	3688	1751	167132	99089	888055	43210	177875	0	4172	340609	360	728	361420	1696	15931	3700	43934	231732	133824	978	53048	64051	46687	11739	286299	4496	577271	1535	27	267443	459695	290	47188	90541
MB_G040	310014	373714	257599	14791	170624	11237	49742	35353	35180	13730	65607	413020	315548	496962	425956	220068	30528	9215	11685	18887	443934	1730	132716	17705	145055	306376	121400	46903	293221	254169	83054	535	36193	50067	28368	149590	13887	49623	36337	68921	29487	30770	44810	739287	6679	35324	40686	672	1697	784	1533	115058	1585639	96674	2308	1217309	891	11206	99824	267039	495	21976	48270	881746	919485	21444	38558	126200	527	441487	12758	1424818	23219	27748	18485	293	28486	3454	404666	105	117481	340740	144520	93103	1446	10316	5131	528204	36698	5650	30901	64770	17854	28635	40009	4989	453644	246827	564	6682	1477814	17816	156635	75574	312511	263079	44331	1268	17599	20549	76717	9228	86424	64772	99911	72824	107230	350195	150990	399224	74300	22832	276033	4356	23435	239092	569200	77899	694	83561	8332	1833061	57202	174908	13370	18717	1357615	7892	50250	4188	8762	291471	10619	21929	2543	88026	43112	48400	47232	4804	7038	16131	18183	16886	122192	7546	14374	8411	103174	29311	73758	84133	42029	15639	149495	91554	91708	113375	23672	232860	83704	257457	38574	205856	19848	47859	43102	8867	48564	1887	46327	23084	37538	21141	22746	9388	15167	34898	8436	88808	280782	164953	117861	30	23447	67972	1463	3333	635279	8659	11492	5953	238078	13658	37828	6967	171561	25457	101052	16379	15803	14238	160529	32075	541	17515	105507	782	104359	12379
MB_G041	84036	10252	17872	16439	5276	11443	3078	39332	16712	485852	26493	20611	42196	15964	7800	1435	2243	70949	15050	2871	80946	693	9428	8454	7742	8103	68486	21204	1149	175289	12135	1155	815	7328	4453	20077	2113	3848	12177	10287	40010	6970	25468	59632	149266	265387	596	688	90595	354656	2691	32381	172513	85203	17483	375672	658	48567	17808	25231	439	105845	46494	1013607	56516	1379	5889	1383	405	28089	43040	328400	5660	6532	1737	44	38398	3757	46046	297	3703	355802	2896	23401	6058	1763	121709	426858	52670	7776768	35770	1528	8963	136852	40425	2485	63203	34080	1628779	11238	162425	1054	19942	27314	10098	29305	6709	514	3469	179131	50835	377451	4794	2010	30347	2955	48137	921401	273066	52250	6712	731	69072	60620	24241	441925	296300	220741	802	1159017	9771	4229419	9487	36395	217	120123	971773	1155	6490	3627	7047	4792	1176	14603	1311248	2196	22396	10847	1278	193319	218	41837	1496	7201	40113	552	624	224747	4176	2474	403	2900	4473	3045	16227	6460	2963	6813	4896	9131	8381	3973	1874	27860	962	10484	6615	3738	2885	6820	1121	2743	191190	21916	24146	1041910	1611	1233	9496	16353	3590	2186	34966	334	1597	3083	1689	323	13524	162054	25065	18716	7146	15722	6987	124801	11973	2124	1825	5216	677	13895	128028	15140	85	4171	28659	425	13888	20199
MB_G042	86277	752182	90764	84096	28293	3059	7784	143260	6516	13466	339558	13083	393751	555074	111530	40603	376618	26140	204603	25554	189586	13081	127467	29338	75263	51428	25118	17808	60065	64850	55826	17207	94414	24550	53894	57485	81359	165589	74482	66948	63666	65575	370744	11976	2411	13642	20842	303	1348	446	157971	39200	3600	32482	792	219428	968	157229	53215	36095	306	43534	164585	233072	332652	24907	17554	28985	389	61556	101656	9407	88148	191487	75227	27	13648	12425	19814	7210	28172	18142	49022	22991	13234	1465	3586	85047	5001	4314	11887	9486	18947	81432	30023	53449	4475	18221	521	136020	8239	62560	127035	280286	163943	192881	180535	1141	7234	300460	303191	20310	205570	198292	919452	741859	69066	229892	257494	496322	449631	54104	707631	91187	262197	49065	207025	9134054	1102	36018	3252	18011	314428	733704	1245	607552	240556	17372	85041	20756	27961	65619	328911	47730	1423	7578	311801	52417	211629	4043	18855	298413	55372	67025	88622	37602	14186	3668	23704	18585	23703	12848	67196	21963	17783	15523	51479	34257	18376	31331	35063	18778	9454	35749	10608	37961	24254	16446	21814	104655	11589	6539	19079	10640	191546	2917	27745	44114	30512	9214	23360	16644	24890	25	14766	11747	37323	29736	5402	4286	2823	13929	50853	61623	72618	51243	20112	7895	39976	13889	11378	6511	45273	56385	445	11017	18944	19011	81459	6385
MB_G043	239	4957096	599837	164	689	235	952	1506	383	457	354	1107	3374	940	94558	156289	317902	339	4773	600	535	174	12746	46886	51555	660	299	16741	81429	1169	1687	41	203357	71521	1488	158256	335350	287	42730	119914	400	403562	160	165	127	258	115740	65	274	71	260	294352	70	706	90	3846	471	695	2082699	5977	37	191	293	518	1094	26701	319047	732988	531	403	582	78	500	593	180788	24	436	99	193	27	146027	289	104752	456	11791	46	55	147	260	739	62742	119356	411123	124799	683	124	269	20384	79	1298	336	433	201463	601	17512	172904	671	898	946	739	286440	354	1552008	671683	84819	6593817	561331	4879	7264	196734	120952	2128	2152	202	1110	8643	1482189	8194	554	2286	499	826	4222	796	67	841	1194	683	470	85	89	51869	147	8101	100	253603	232	1652	274	90	757199	1267	11694	13126	609	23803	463	34583	21842	176515	92974	161222	138471	98650	105135	946	12221	38258	759	20733	35982	10303	214987	592	38500	33641	294854	115	49831	72	2582	9395	267	852	150	62	72628	579	163	91292	351	27793	89537	0	231	1022	68	66	205	173	625	165	480989	250218	62809	257	65106	77898	853	108493	40169	177	561	734	0	249	751	90	512	139
MB_G044	3158	56004	42739	638	9304	173	582	2005	1711	4021	16474	51924	7824	354489	3091	283029	340206	15794	1290	433444	2698	22617	602248	151359	103253	140260	282134	409652	428698	949137	197480	187	35560	342325	736810	56790	441065	1612	63495	12205	5248	788845	369	390	153	425	30324	177	139	56	452	14505	384	4462	135	1145299	264	15470	1040067	53399	75	1533	620	52677	56296	59662	36815	42899	99	390996	2526	491	53087	21445	807	83	3213	355	6911	93	117534	1121808	8538	4441	275	74	547	285	1125	1036	53517	3534	510502	821	5184	351	758	1023465	57	2054	529	3798	9839	16588	514155	314277	54208	1201	817	1092	2912785	116	125039	247544	586727	27494	107289	4007	28449	4576	69000	53664	476880	1013	4030	202563	965979	1812	309	7664	329	715	2148	19237	92	8087	686981	432	313543	859	2629	13067	47805	105510	185	67437	906	51621	936	548	101066	3971	7473	75649	475417	36454	12644	1691	67593	18645	83924	51016	63458	37139	143242	40953	44368	49698	69902	97962	361743	177217	112681	5718	21570	635353	292950	3939	88946	259	28458	32406	6908	29908	3071	42943	47495	2568	1017	2136304	4359	52509	128526	108	120879	3736	684	915	16305	1621	940	1421	6429	35119	223454	1595	82124	16088	64100	30222	252400	2539	286006	6825	305	31288	23259	144	10377	1463
MB_G045	172964	390751	174782	117946	81216	459848	2101	377565	134253	12064	16084	81423	162144	448419	7984	21782	14075	48166	422223	48058	31537	545	12972	27950	74428	51479	51313	15214	16071	47208	15586	3951	8642	6943	80452	11759	43207	9884	17231	10413	64712	12958	106308	336136	1485	304033	3682	370	688	289	8867	77036	249807	54444	19279	212770	889	80854	162581	160260	344	200912	208938	10059	317046	33037	63809	94422	275	197258	86706	75021	85501	61152	26513	138	144119	560416	67038	210	17762	164925	28851	61960	37387	402	13210	398599	328638	6925	45614	25889	11041	225589	8921	7243	171763	86685	268	202386	16688	1441	22979	108578	165701	606709	11882	817	29430	120991	43436	4351516	56316	26627	65484	17715	152100	565161	144801	222561	64669	22474	225242	106221	95628	369091	1170176	184216	782	2876044	1015	119406	6247	1091823	2939	630082	866008	870	80173	1575	18842	18232	46090	112348	139	14754	24084	29371	1160	182908	28703	433467	10476	15914	31346	4264	2909	130003	23778	8992	5434	10777	57218	1847	7027	7367	4191	38754	12871	6739	136053	4527	12600	52283	3291	12008	8944	1920	13021	4221	9314	9269	8521	52466	54417	40001	3000	24926	76919	31318	61715	5530	29236	0	20496	152708	1258	17266	30055	166438	22653	85519	6711	115475	177495	26400	9228	16926	77662	32597	16010	288400	50357	7201	209	35767	40100	2982	42926	46244
MB_G046	7013	598775	36847	28265	457927	3898	39676	33638	10005	22048	176152	11060	1034697	20340	23133	17377	75727	29004	164206	15913	218274	2361	489133	55940	758731	140084	247737	29473	107908	46572	135272	1198	144810	18236	36691	163790	122048	169682	132943	50380	15518	62455	10722	14397	5635	12007	421145	3071	5158	1437	4595	6927	11795	25252	992	83418	1526	15564	107230	555618	466	16260	4897	40514	29472	16360	197478	155100	764	292183	17381	14559	6840	50315	22043	91	11998	1495	17765	68	73342	27788	677248	7067	1303	1774	2732	5632	36369	4325	175952	79576	92548	181394	28787	66953	8513	84192	420	3308	313308	25125	306669	28927	1219234	281562	10157	6261	18427	18406	1363483	2682	703619	131212	135322	943382	348275	21233	830044	1651279	177736	63084	157157	46901	60039	1027118	33594	53537	2018	77213	9231	45504	71717	62066	2056	31151	15417	5549	12919	84021	14207	100108	5632	49418	5974	6882	3896	285288	34349	3847	14117	9907	183720	190126	196998	127648	22514	9052	47054	49476	32286	29106	74204	103733	159446	26635	133078	201008	180300	206265	298453	65269	196112	32152	7695	144059	41031	8974	39199	4830	296120	6185	22294	133878	105091	5965	55132	24983	34000	15725	6015	255019	47800	137	7230	22870	2518	159775	23519	24186	12062	8363	31644	14709	87641	9189	230852	25945	11652	14711	50751	13434	56443	12661	3035	8051	31223	1716	34479	9979
MB_G047	409013	13330	161622	37997	4431	371286	50919	518090	11367	12566	79000	7656	41813	56250	70585	15109	10458	8982	8125	154671	219286	128798	3246	235677	6863	11748	26526	56152	9367	247209	7558	652	26111	18639	4182	37657	26713	6906	17138	56754	14656	22833	11334	16040	1870	1895189	13878	158	4031	893	1732	2628	73869	29572	1255	613885	546	10908	49719	110552	606	10256	5380	537198	375324	20964	5481	23831	443	346206	96741	81407	366529	4703	2589	28	511798	7003	350402	68	4788	9050	73034	217710	17974	4408	2329	1565	15084	1138	9458	12506	39389	15829	14013	288	14733	11601	367	158061	118358	6415	51458	4361	51997	33989	29832	486	8130	232458	80834	4736	15580	25574	14329	131131	9949	435678	146655	182660	23707	15973	23120	5191	436776	3608	31651	40832	494	6275874	8552	35753	238785	940081	147	887592	246207	10472	3318	364	8764	82079	5095	53446	2108	92204	57913	8430	1599	203754	824	182811	1665	8154	6288	12938	23404	9768	9120	43355	19153	26641	7277	14658	80292	82361	22873	45828	2520	47116	15050	212409	11309	38599	46867	5920	43007	10225	16486	1204	14339	1240	51215	6443	3415	4888	10040	2828	50940	3008	6963	5471	257601	14	3045	1273	1662	1515	2251	4886	333016	33117	83022	20920	3334	19158	13315	1372	143176	71303	1637	739010	483731	55477	401	2564	2017	825	3046	162030
MB_G048	511	966	947	420	798	738	562	812	551	4350	79058	188	992	596	632	204	828	559073	305	751	754	4576862	209	151	123	72	129	194	169	204	376	704	6909	168	85	243	176	1054	631	731	245	111277	468	810	655	853	330	1617923	528	592	92	174	96	196	660	1303	2841	1337515	873923	802825	623	675	817	690	2007307	217	263	265714	554	530020	509127	115	2350	1032	46411	444	2489233	118890	571	45	152	78	293	102	550	598	218184	482	687	593	676	317	380	597	632	39	173373	584	675	2550	383	104	264	106	76602	738	45359	537	468	671	1088	203	1278	4131	559	3144	661	596	976	704	2884	16675	1885	91	1998118	1588	822	2230	903	702	385	571	1781	4571190	50	810	933	4502	139	17	186	112	217	635	18	130	128	489	58	461199	261302	65	57	112	137	122	49	111	136	123	148	130	241	27	181	1257	88	627	53	139	935	246	139	222	750	180	215	96	101	74	10185	51	111	104	112278	36	75	63	89	80	100	384	212	0	150	137	89	43	113	53	265	37	142910	175	162	641	123	195531	125	45	140	106	378	152	90	177	129	29	155	109
MB_G049	218425	83237	947186	26926	105424	1623	10497	60596	22165	1096	11002	99634	100867	501153	17691	81188	186613	49802	1333	33722	2763729	656	81240	27408	42888	34231	77929	197968	27762	631380	121683	688	32969	57579	169158	87112	85045	9969	111031	29455	59707	47335	2658	57665	1404	1128494	23251	726	15137	560	559	94008	464	2611	2874	846264	2163	25440	261043	152363	842	137430	127906	126461	260341	94319	117595	80340	672	1185132	48590	39528	403733	62954	7384	104	69846	1751434	338123	120	34006	195742	70035	106509	13590	679	312	37013	118488	4424	100275	33059	142547	349590	57360	899	82999	67591	943	83489	12539	1302	20178	31440	297658	227384	6088	550	4223	32881	124172	509	123272	33003	48302	7093	114004	345750	604351	97241	47462	12276	4420	34011	39612	385833	615053	11942	1559	28177	710	1079	3871	53379	3899	6384	1421511	1091	30837	432	530	18203	17799	83708	574	101074	20509	28004	387	227	23833	13189	19368	20422	40942	4714	5030	77056	24259	20387	12998	21205	128562	4984	28893	15406	14858	36344	9153	11349	435017	34929	17851	17356	6675	15391	31679	806	4226	227	33844	34471	4084	56397	25054	37861	4221	862	28316	78885	138831	10577	125644	43	7051	41313	350	399	128709	7318	8578	23909	19815	22588	79933	6480	18222	17420	20656	24598	15762	44315	658100	6588	26	8873	54810	3999	42572	9055
MB_G050	720	410	1740	638	940	5854	1089	396513	1441	11802	916	267	2109	558	827	303	1196	98750	93	199	1134	1886140	140	178	737	160	118	504	846	7258	225	729	264	206781	140	766	14467	647	864	7474	2018	370	265512	1038	1292	1159	324	54852	2666	3393	191	101	357	6959	38982	540	996	524	485	1232	11854459	1463	20915	908	2522	3208	206	227	106442	1129	1665	4514	876	6711	230216	0	16334	725	910	645	1162	801	203	66	1478	406007	674	1606	1350	974	81069	102369	984	1112	12378	19	2720	1998	47320	45120	144	6473	98	232	1148	1363	210	1320	22209	1396	722	763166	708	551	408	585	480	1426	2163	20566	284	236	1244	115	1602	1374	1369	4676	3323	1907	7463	5682	1982	26480	1851	991	1212	1067337	222	135	411	138	62	180	164324	447	53	161	56	894	53	654837	230	47	54	17146	46	298	2972	153	126	815	302	87	160404	7148	90	4405	379	174	24514	597	20579	1038	70098	576	610	223	80	677	5489	139	63	218	35387	981	701	97	744	4546	5126	2220	99449	298	66237	287	1019	30	202400	654531	90	289	375	1132	6547	2170	78911	4334	5226	2671	139	3263	5128	150	3668017	168	107	72	10099	1507
MB_G051	574	1130146	5101	499	2403	179	893	1822	834	309	1948	1032	23581	11781	9720	157559	13484	10413	2612	1432	4011	390	82388	11907	315844	3019	21090	38049	26090	3122	119753	248	814157	19003	160873	130174	6615	2187	428119	10718	1962	1173507	424	1674	41	535	201842	18	325	31	895	10237	233	2535	106	8342	381	785	1638230	30644	28	552	926	1944	2614	71658	1119051	166045	1174	2203	4282	495	1176	2812	1883	64	2011	421	1376	44	283917	1052	279285	615	236	24	53	277	2459	765	26107	38848	135438	2580	2320	1316	572	90768	20	840	359	1212	207118	8802	2783858	9176	3344	595	718	1364	688767	1138	1352953	1423911	26270	227354	940563	2441	21405	131010	97316	304168	35981	1244	4753	530149	62333	4077	572	3081	387	1275	6988	3372	885	10604	2988	381	11041	425	3316	107760	2583	533865	77	269749	751	19622	2272	248	260276	4847	5499	7145	5350	150275	2240	1368	156184	7935	95054	128864	556310	35296	40348	8223	32362	232735	2035	43177	956964	19464	151872	1584	10993	509483	35286	579	7850	116	159538	264175	2392	22208	3881	77	105323	17179	2792	8038	9614	51131	3422	40	3946	42191	165	358	289	353	488	3008	9909	8732	5170	434	35720	56187	1960	90765	181410	8040	2797	1749	70	3827	3576	960	2248	890
MB_G052	366	20792	2160	243	824	107	767	2344	241	571	813	751	63700	1188	2645	4185	842	358	668	414	665	184	12088	4955	10889	28865	1509	67673	6363	2792	12102	0	3070	949	5686	1223	525	2489	8710	1424	2150	3757	550	258	514	448	13855	367	718	96	173	1637809	407	447	45	21038	855	2032	5829	2358438	11	275	158	323	366833	102187	2680	398761	12	467	286	225	636	1248	390	32	457	87	813	18	395669	881	381608	662	95	99	251	141	196	2292	677	2659	1694	700	404	95	331	129579	31	237	356	350	9416	1826	7602811	126898	912	430	874	1280	42296	181	1959786	14255	5714	8263	531208	1316	1184034	3348	3204	2658	1904	345	1243	2128805	230430	1786	1470	729	1470	2336	2364	846	285	1609	1090	982	854	111	301	178730	156	7647	208	2114	222	301700	315	165	3862	324	2505	586	6831	1030512	290	1084	2169	2473	9667	6812	141474	15427	1700	2604	25011	110075	14417	1234	287370	9431	35105	1260	887	2998	46103	351	1163	93	74789	145053	351	10415	21333	134	140783	304	124	1905	311	6027	4280	34	210	18549	67	957	709	115	135	203	2519	3520	4481	413	2050	1034	1119	1506	20345	1272	9153	516	114	1082	984	57	1469	371
MB_G053	78507	185922	142763	186358	300832	832282	5631	98157	185753	10009	7155	4326	77687	271790	7280	22803	188235	8774	4267	50516	69246	1192	32984	14111	43538	88737	34227	13577	64829	237077	19066	19989	64895	6849	120386	12028	34062	220991	72823	85460	11944	71410	139901	944564	17308	10982	12225	510	1444	537	12694	12248	127670	59939	204207	297932	946	89989	63289	48195	485	54159	30926	92077	197744	18366	22748	6417	316	81218	884727	35031	55774	29455	61377	23	527514	7551	22312	865	35807	63278	35820	18454	54988	1177	1942	656278	342328	2749	5590	22702	8901	6126	9625	2606	21629	11094	721	57536	55487	198007	8748	60116	80958	303748	96183	973	7402	448553	134146	1208	51458	23204	274467	550084	40256	1488131	241266	16876	134914	24920	374919	94182	213492	9786	175273	737500	565	2982200	5538	261976	15844	712214	2345	112057	290694	4447	92065	2563	8494	36688	44078	26058	22810	4306	118702	30713	37115	37145	2509	15575	84483	155348	150200	14570	10255	8334	9842	34195	19295	17540	19983	8296	11425	6836	76886	33675	12907	54840	5384	9253	7602	27801	3423	30771	18242	7460	12950	30374	8565	3878	49205	8966	51567	31964	9307	6860	28605	8127	5768	14106	10257	27	11333	9029	1356	2365	29116	170366	4818	17495	20734	96413	23749	96146	4161	3155	71673	21849	2088	47843	10595	165200	184	8668	18991	8912	27341	59181
MB_G054	750	203	221	862	648	3129	364229	472	712	126323	805	588	190	253	712	108	903	1244	150	3757	868	943	154	697164	353	444	135	217	172	3931	218	694	192	8393	141	504	274	143	443067	852062	8843	179	2356	1301	182850	1078	244	711	843	2010	97	115	7051	12299	623	315	49940	520	235	283	4809769	841	8894	58146	1387	254	233	226	1220	332	945	732	881	705	712	45	1251	638	827	258	11896	266	223	330	744	25738	222	75590	805	764	1687	78	471	8066	698	78	871	2876	11368806	498	124	712	122	394	749	267	255	121	199	738	302	365880	373	208	213	257	291	269	101808	1033	141	489	270077	6114	106	393	2006	2228	665	2735	625	1534	521	47004	321	224	665259	12712	143	89	213	145	226	347	50175	502739	101	154	61	715	114	3818	68	122	132	195	2252	11352	164	112	108	133	288	94	106	174	89	105	56	140	163	167	100	286	100	276	473	119	91	8243	71	40	105	127	170	257	74	44	116	85	1795	152	79	232	1842	1106	52	100	129	169	18825	56	51	1658	257	366	194	72585	59	255	63	106	124	145	17612	2120	70	88	200	293
MB_G055	573	2577	814	822	2897	624	745	2048	1363	806	2376	1796	71752	279	149882	959	610	62889	442	39660	1070	519	3631	1499	1083	976	2314	91	11187	21	15	940	158	60920	122	104	2635	9554	549	10433	553	48811	967	13472	489	672	5857	403	1547	1697	12077	2125	2087	147394	7444	878	2664	512	367	443	738	465	447	1224	48145	51	555	184	693	28	4568	18980	1270	4526	968	31	2582	490	1041	1426	161	94	2585	60	4439	16590547	166	6756	603	95793	2935	57	8405	1000	516	8201	996	714	601	125	3390	1179	408	7640	964	243	789976	130	781	3098	3060	47	590	8087	238	1616	2336	359	5117	5037	723	638	265652	127	1556	20249	6006	34423	13002	710853	10999	2880	128805	22224	305	207725	673	62272	608	38164	745	2223	52431	156	6430	1598	1022	221	3528	97	81	4865	214	2428	3711	592	238	126	682	64	151	57	97	40	206	10	22	123	10	477	244	45	18	100	335	577	2242	16	56	37	1225	217	43	121	890	25	3167	813	22	116	3090	220	189	810152	359	85	779	651	79	31	18	199	432	37	1128	111	23	24043	81	110	37	17	57	178	1907	41	0	5695	47	1651
MB_G056	1306	1705215	4856	5643	3055	884	140612	6337	4310	3174	8939	4621	12505	12494	31542	275622	9108	6488	10866	6474	6008	2242	6556	7133	6077	6185	5615	10752	6294	44987	3824	435	661457	4047	7209	5980	7198	13730	13918	1215919	8901	832276	3393	2016	271	9027	1017964	18	501	154	2130	2825	1759	7341	185	10156	76	6161	30760	15472	27	8302	734	7382	35490	517811	4085	5345	39	3306	6119	3342	2724	5284	2047	51	2868	380	7152	48	5516	3000	476196	1344	638	730	458	511	4453	1275	4877	3740	8211	2509	6111	554	2344	3980	39	566	3434	8684	4318	5785	18314	11801	2960	616	2012	8971	4516028	393	21361	707101	18210	414054	839819	8473	20401	482078	10486	614158	27007	3967	12907	7020	21151	49300	487	13084	2127	3850	11514	7164	36	14407	5526	3786	7065	539	6371	6436	1243	54669	2284	2580	1234	269108	6799	1298	2424	2094	3614	5805	3280	456662	438522	608105	8445	271252	87704	204508	44134	281656	365829	9128	201937	11759	4138	8607	163489	212503	147200	14953	24361	450283	7621	8333	3658	1256	1993	3604	8774	4019	4774	1433	719937	3125	1558	2786	1598	6117	3052	214	2334	2005	2677	1929	920	2136	2983	3302	4976	4818	5305	4545	3443	131095	6567	4966	2638	4961	2953	40547	1224	2441	3617	899	3359	9114
MB_G057	8028	492655	27076	98297	345931	90068	1521	238852	75885	2077	113188	206976	359944	21050	139931	37132	68496	35937	3383	99696	70302	18245	72282	461980	53371	334519	39330	19092	103805	51344	45864	426	26633	210792	89925	33021	207923	120449	66454	203828	254044	103480	1850	10281	51510	55555	91541	413	352	233	25088	38392	1973	4885	635	173190	471	151065	46575	118234	332	67593	3015	46481	278824	38761	32195	65630	232	38710	224918	2035	89416	143853	82968	46	29950	5519	150079	49	82139	34456	44001	22148	932	192	1647	1890	183082	14890	41652	28181	40041	49237	124177	24287	67212	113357	160	6189	2496	78684	48476	72602	109498	344919	82513	535	3037	189905	599691	3874	294285	410049	454521	620104	197816	108372	286937	121122	558928	176790	691297	48795	28078	129932	1018125	51870	1104	9040	558	4067	438637	187086	712	8139	149405	4972	40402	636	21888	32049	64867	60679	706	49731	17642	80554	49857	41481	62666	4567	104001	90678	135897	41752	8654	68659	75897	88820	112312	85686	61646	30955	69966	69552	90661	48891	63278	115796	25120	129408	48119	41636	61024	87915	216168	53581	64660	31126	34617	7637	62354	159920	37940	113768	24610	33892	58231	61917	86858	78200	169182	0	40831	96657	42840	24155	25221	2759	8835	46509	132766	77637	104755	98780	75512	26144	137721	12975	85776	170620	77950	49930	61	25157	67207	14313	97840	45555
MB_G058	56011	546775	3576	15828	588969	559	4680	1406	171303	290	41665	155385	500628	65147	294033	44236	14284	358	223	50191	20754	82739	351712	454900	69664	398818	226	5523	138081	126523	22595	143	136280	71177	108500	55764	317445	283354	76878	310115	466267	22545	292	315	234	2748	270086	109	248	190	6117	39180	64243	214	185	43799	872	668	7447	8616	478	457	529	159488	177297	18892	8278	46444	198	7770	82144	455	35367	398775	91619	46	298	1649	340	54	27827	183022	262323	198	152	241	401	247	424	751	8826	23526	42426	667	255	33736	352	229717	302	144	284	12765	49807	55354	187208	454590	71684	551	5190	2059	827625	210	611833	59786	427060	70127	135714	5094	386065	533053	128276	20048	1835	76824	208119	3892	1139	1443	1772	700	1914	8958	23405	136803	856	1159	257515	813	29145	182	203	28444	3749	5006	1010	28159	402	84117	86819	324	2041	167	159063	61678	84812	14390	3499	1246	106591	53256	103143	168370	148127	43435	192376	182013	86541	103360	118889	432328	44698	362531	38316	179308	45158	349289	445721	40667	3788	11252	62727	16246	67	159827	241488	102	12307	49469	26521	1275	72	102439	59649	15	60081	102665	2602	11333	1385	90066	10661	32566	134246	127273	235895	274	125269	14176	84401	53288	92242	41882	241	84114	26	21087	243248	13862	174862	56440
MB_G059	92536	202784	674106	370	70474	6933	343	128237	867	288	1811	109230	156395	367618	653	191998	101805	616	1586	49868	316513	399	71887	68559	152626	126214	68381	179329	94365	348516	296291	135	150256	8582	107420	123458	1093	18082	134714	82230	124168	64062	431	1676	434	623	143813	477	234	226	147	47739	339	20728	370	500953	396	1021	792113	434813	172	237523	98140	304584	188728	306891	122452	262729	273	355054	117078	921	4016	44782	271	145	269182	739	252684	50	96606	208849	106499	151148	389	189	101	1864	1303	867	54751	49543	522683	1675	176892	260	1067	93094	313	4814	411	416	88239	1195	303391	3482	562	364	4352	1323	177832	9741	237578	195637	91970	162375	184190	217753	667348	208158	154709	44104	1976	949	88116	90151	266306	2855	329	8486	235	1166	9337	340504	164	6189	348734	281	82569	210	178	56416	3236	197500	99	56254	1667	89138	238	987	16700	2346	39309	30241	115727	28544	35463	68173	134298	95297	48973	60340	178899	43815	37660	110920	67693	76587	38154	131187	162917	205877	101293	1010	41676	113448	116149	127	35769	86	23555	18643	482	68032	38651	369	17000	605	87350	91139	35347	22958	62058	0	471	62718	64	97	24966	356	185	122604	134733	115221	71340	61973	90152	35340	73141	45242	38324	243287	160585	94725	16	31348	76785	60	82719	422
MB_G060	4273	79442	21386	3404	35660	3987	3690	7032	5761	2233	17871	12871	142109	20844	13661	131679	27522	13985	14743	18142	13985	8557	55471	29059	107263	10168	53061	78701	31654	22222	39330	1056	309700	12956	110205	19778	30866	10210	213314	30741	7572	153521	3254	11177	2714	5182	135598	1150	1588	4193	3531	49113	2476	16084	689	322524	582	3698	119960	409063	917	2759	5670	8557	72768	60527	41957	506393	184	13967	6412	3399	5792	8766	4490	58	5631	2628	5102	69	140074	6983	47199	285868	2127	374	1333	2499	8588	3501	21193	83709	166304	4239	9480	1437	5505	158594	221	11834	8587	8673	485206	11702	367959	33781	8589	3749	4948	11276	1392812	4177	322664	1692104	84656	78733	276741	32825	992662	709155	116756	40593	41806	7955	25994	1397840	118687	13304	858	20975	1232	11586	11575	13675	709	43728	19241	2421	18976	1326	12154	67427	6666	145120	1610	922146	6386	421781	5718	4093	64017	503706	12174	9406	32146	62719	36305	12006	89784	13899	65205	120502	440606	45264	59281	12927	57396	97123	16832	42607	257041	23489	54938	7986	25497	131095	39785	2446	14035	866	15360	111787	6153	26533	7897	3291	23982	21138	38447	43558	10563	20322	61461	180	10997	34152	1699	2025	5115	2843	2297	4438	58122	92502	27029	1798	153778	21365	51356	129317	85682	7649	102384	8827	500	31152	14677	1148	7060	4412
MB_G061	303	14811	1649	526	945	1772	1153	1043	1365	329	6349	526	3187	1448	651	576	954	1322	300	1378	677	2714	608	701	455	492	319	442	988	876	20962	726	544	482	1149	846	441	545	1083	1207	592	1352	621	3157	813481	773	1131	328	377	1104	274	1744	63	804	363	1356	376	2526693	2782	127146	299	545	1181	885	880	621	543	1563	306	830094	1284	83	803	622	764	17	5026348	336	738	0	1305	644	757	356	336	373	605	254	430	551	1014	508	831	3276	445	84	245005	1508	435	3927	539	791	560	1867	3583	1547	807	271	44477	2425263	6685	203	2432	1924	1533	1854	1481	2240	2711	1658	250444	253807	3398	256	1849	1907	5364	989	4403	671	341	742	1476	4082218	24	2498	963	643	665	41	332	793	581	1389	117	1106	104	797	244	572408	1968	847	332	400	485	494	186	476	729	1003	317	551	808	326	557	424	331	215894	374	500	911	829	266	621	412423	1064	956	272	218	96	234	288	548	443	414	124	182	206	250	435	310	293	299	13	279	342	81	134	273	204	398	184	776	700	497	254237	387	412	295	438	319	309	736	348	495	309	457	73	426	304
MB_G062	96	1033	856	99	148	232	527	494153	137	182	195	32	303524	914143	173	82446	188	121	35	28	104	107	270725	217785	297892	308103	204737	190408	168344	140697	74	212	639069	33	39	28	55	135	200900	30	65	18975	132	171	213	155	194593	92	348	130	45	33	34	39	86	792	395	637088	827	359743	105	103	125	303715	454	164301	1863	58299	110	920469	213473	62	237	321	119	287	1127980	102	149	26	142179	78	178	1714	64486	118	76	79	78	599	435	402	1039	401	73	26	332133	390	156	22	88	101692	300	34	1317733	290302	63868	412	430	682	703	148	1051726	776	396520	1165	263228	840795	1078281	493	17916	694	376567	297886	383	113134	445	610	888	426	393	576	503	510	698	322	880668	429	197503	28	51	329	25693	75017	38	130527	54	33	27	45	100	26	27	56	61628	39	6578	379696	27019	43	19	91	766195	44386	29	117	0	30	38	27	181	55	101	17	67	75	69	27241	42	0	79	46505	0	35	10	0	21	28	12	16	64	22	0	0	19	48985	0	0	11	0	0	0	31	169695	15	11	12	74	280	12	13	0	19	0	0	18284	25	0	12	0
MB_G063	3454	226865	24993	92281	367658	4484	50741	11246	8412	7745	6108	9134	244462	191617	71225	26020	33976	13384	317872	224276	19055	3345	41066	49700	11450	161506	16387	110967	85018	22662	134380	984	69395	107421	196536	69548	357147	69781	29894	45694	26076	22836	6961	51094	2423	12168	135696	124	3468	1422	2641	8162	7024	19411	840	149438	283	51329	67721	80558	352	28923	6297	9287	54044	106961	12429	25491	157	17446	21551	24049	6627	13035	38520	55	396081	3102	292285	83	68984	34681	45900	6306	859	3381	3565	2091	33135	1733	163178	20817	205650	8646	28397	996	19267	58638	695	252090	11239	58657	15059	7639	62357	69122	7485	638	8169	583197	230664	7147	819587	190449	532327	479624	287626	27211	111821	15015	132941	11509	382026	103656	22429	19321	487349	347704	353	34784	9571	288291	619496	16724	68	42850	65291	18571	114253	1427	7789	32870	3698	29845	4378	5655	4885	5482	38163	3025	6575	10333	59879	108504	461524	33207	14012	5294	36278	59157	114272	162110	34315	28541	100221	250927	89593	19196	48918	187030	11066	111598	10115	176115	33790	172778	324657	98685	12965	2241	4957	5618	318097	434632	11550	49339	47526	236590	9973	35247	19948	62133	101335	108	86526	10135	28779	26594	7391	7061	20924	9543	73032	81500	11436	218591	65019	7176	6823	49415	3782	16358	11257	74088	1423	152461	32407	34010	71137	34599
MB_G064	1554	14237	4587	8983	4410	1078	1593	12379	3618	1563	1604	3013	427534	12566	2300	68600	505751	2481	2749	2198	15747	370	2845	1100544	231691	282922	4755	3630	3362	4232	4687	169	450258	1224	3996	216081	329872	171859	8870	2425	3836	10119	1011	1099	531	3446	133314	1249	1070	6331	621	4088	779	2578	291	16530	1352	82828	11221	842639	404	1388	1626	3471	5894	129105	7789	437302	164	3241	3025	1867	290519	2855	971	45	1922	647	2144	64	471179	4126	5036	4917	22966	528	8305	1026	1154	1298	59370	62019	550886	6060	1830	189	1575	7738	396	2931	1966	1236	6654	3433	367845	7395	1462	647	1441	5891	616106	7336	30516	177127	127506	5825	547759	3651	156014	1546909	9405	4908	4372	1817	4664	19222	11021	6819	508	7456	981	2316	5462	5442	2310	4637	6922	1486	2340	211	2803	6880	557	8459	275214	7937	549	5995	1998	812	42180	6608	290880	436510	4036	156525	63348	131734	5332	7485	5212	95691	70098	65081	132204	7595	2705	8770	91066	327392	637158	697831	195907	9267	3254	278524	8066	1450	6750	653	1892	24218	2306	7526	4354	1161	7254	2322	1686	371668	1411	4508	11253	523	364376	11443	1059	1094	313730	2539	1730	4128	278405	597115	524474	3163	2035	2718	10523	5525	6055	2396	4734	4389	1425	4155	3112	1355	2413	30712
MB_G065	232269	893460	687845	162	74662	105	295	1687	450	95	45770	134732	257135	912971	35307	193731	227	660	151973	54540	213661	82	15544	84332	5495	242580	56468	314269	169819	61410	199312	59	36150	73105	193139	228741	384769	166	146057	44539	39126	124980	86	2363	95	1447	108210	36	130	85	3494	107129	29	312	173	175566	200	49170	669982	273530	156	5173	332	54219	1361	177128	58815	206532	93	614652	530583	389	32434	62461	180	47	30575	268	358	70	82599	951	2074	345075	98	84	76	125	380	432	9167	36679	43970	69	90834	4427	394	69173	100	22569	305	5987	38703	29555	140120	400746	4555	316	365	682	247317	87	41388	27108	259915	106913	142653	590672	408131	289143	31371	54398	328534	444	52053	34800	344376	13968	383	312	239	328	17473	1021	349	587	42492	549	67257	59	256	36245	6468	26246	18	11384	1169	121807	609	298	7123	74	118888	77139	91369	7879	96	469	45635	9493	50945	2640	90346	38551	31221	134152	61259	74536	99206	129515	10765	103869	50749	771	58229	2690	117032	1974	11987	88	901	13466	1350	17690	119	43	3699	76	471	578	192	50338	72593	0	96	219231	19	42	632	298	4345	126	77841	80555	25200	220	2066	8548	108526	6522	4112	489	1433	15787	0	21046	396	4294	204715	399
MB_G066	2446	189758	1053	922	1082	453	7033	1218	65651	1953	533626	119289	259417	632130	7802	1326	3330	2820	490738	1669	1183984	467	1312	90324	51855	89675	1054	379747	102736	2284	122498	179	65837	64534	32815	39344	416621	85635	1666	203524	1812	16968	686	2464	283	2062	13407	164	352	262	86639	10827	410	1384	151	19633	476	1740	352212	201909	500	993	321	1952	1037	7339	15783	60775	201	4413	20447	11373	584	108825	54521	70	1253	213	2602	86	60326	1034	126812	84222	5528	215	1130	401	756	1647	788261	662	110324	2918	122011	12851	14535	240335	2663	269	552	863	34391	341461	71223	30416	64921	685	6662	3688	334508	1383	67269	87432	677939	138465	182471	2831	1962	2814	104681	31733	280719	985	155029	2872	45304	1168342	328	5789	473	23695	971427	1745	34	2247	4077	2319	127262	269	260893	56070	51313	25423	1197	654	195	575	30047	365	813	878	17056	47102	520	24793	30091	1574	28478	26048	21295	112179	71200	23765	214819	112437	734	258686	37431	183677	34367	274964	11826	158462	12384	50586	229737	144861	8491	366	546	28886	2464	34906	838	440	66529	26602	1249	54557	666	32881	909	42	80615	8449	26590	47177	422	370	189	3798	50996	10950	80497	2407	23285	4195	107804	56673	6732	783	13489	111476	196	667	126799	11424	74158	924
MB_G067	588	497078	925	164747	352	381	552	807	818	593766	518	2296	864	1284316	8311	611	7331	531	151640	41	177	603778	88318	1451	22951	59110	41687	2982	107756	4449	224	197	26838	20175	109549	305	14997	4781	4837	3888	26	72375	165	242	2177	199	1151	91	309	873	53	131089	19	46	417	324917	343	1055	451523	504300	392	5380	152941	401	574424	3991	110	44	242	68070	9631	11	619584	54688	286	0	69886	856	948	23	52119	16	32429	521	552	150	1216	114	172	845	224	453	166	404	10359	62	6951	53822	240	97068	97	157	488	226	39041	704	1496	684	928	5494	33678	139	1262	7803	1067750	5278	39979	864	666565	719636	549951	52775	672926	135463	141839	386	1300	4154	489	1578	468	476	1024813	1341162	700	590	369806	564	280769	97	24	100	299339	67	31	648	70	190894	138	774	120	188820	88	117590	79207	10349	51133	6981	2638	507	4870	1437	4375	924	661	208	959	2311	315	7075	4587	286	2382	426	473	1628	705	115	1423	190	433	9382	229	3461	81715	1465	1898	240	303	229	1833	284	728	166	583	219	318	40698	475	186	156	1113	11728	63588	330	249	216	2346	55725	1191	227	393	2606	3755	154703	234	155	1171	338	87217
MB_G068	2442	4188	1360	1170	836	1789	3545	2171	1257	703	2205	1367	5108	8856	1329	78136	660156	7488	4688	1704	4508	34818	1326	1302	63213	993	658	2112	1003	8729	1599	215	1247	455866	1804	1492	2703	2560	168778	2385	3894	1987	492	2258	283	2367	2309	50	265	187	917	1987	531	2023	96	3336	88	2005	6474	592897	104	1232	303	1509	6093	3826	869	1305	78	718	1815	1266	632	1258	595	0	1852	160	1530	0	1776	1660	1372	2395	246	710	6041	471	1132	724	1712	58567	2178	2257	622897	179	608	2086	153	170	615	1101	1538	1984	279230	2755397	1055	2527	1424	9583	6577	471	6194	3487	8768	2965	2101	11768	3702	2566	421599	17231	7159	269	11653	925	6055	9571	232	14434	278	1479	17976	3245	16	2335	3221	687	742	462	5821	1970	72782	880	515	434	1164	859	460	234	154030	2391	760	1154	1225	133372	246	1032	1957	1242	1657	1025	17584	8311	739109	2098	1065	152431	906	2563	1359	1804397	869	7045	850834	2164	2639	626	606277	392	59011	52252	1807	609	1757	834	52224	618	1068	645	263628	522	907	0	743208	514	239	716	690	977	993	307609	1341	977607	2830	1255	671	327835	608511	161460	1028628	941	732	1756	102	378	1409	232	1087	948
MB_G069	8684	126951	28194	6926	17049	5437	909	322394	5986	585	14484	1817	437067	296108	2708	5006	9632	3291	4934	1692	3522	475	93823	12950	21924	11359	25565	13684	30846	6067	26742	57	117611	1372	20312	6893	8041	2401	22935	11140	4617	62925	1764	4142	8332	6540	6035	24	3633	1134	1605	8786	145	3758	993	27984	243	30735	590613	197334	51	12902	22232	14326	23802	6967	49401	6798	345	2837	5653	295	11812	4893	3065	4959	3911	11584	3508	505	71691	2314	55092	985	1536	49	129	40	3910	2675	1686	8131	6952	5060	3209	412	60914	376542	61	241727	3702	1241	178353	7555	2153545	31918	27956	677	44872	59935	358109	213	75358	516018	377864	19056	288706	84832	21802	572283	235710	71426	23322	206465	22800	390047	43482	3079	488	18991	571	713	39799	901475	7176	9780	2423363	744	209980	571	3857	93509	98713	34911	1862	456847	3815	174336	752	8657	73554	705	109744	70521	127273	5104	3007	14032	51506	8376	18867	26024	126965	20031	7417	3137	4073	7444	3524	9578	52318	6555	6842	2728	1085	43548	14220	2685	1289	1487	24277	42627	4884	34964	4772	146	12822	4421	36309	1903	1844	24861	1121	11	9347	19866	1660	1537	16291	1471	4707	18263	3858	36245	4081	2407	4180	16205	27764	91712	10409	4374	34649	5361	62	799	28694	1718	13389	5231
MB_G070	601	4797	3841	114	1007	821	309	6967	1050	689	987	134	4114	13182	112	108279	78909	289	180	17012	1460	34	5047	68255	38702	4337	43665	13698	2006	636	1282	0	135025	89	2680	269	5458	211	3297	18817	14480	187711	174	31	2692	334	11899	0	45243	157	91	3858	19	34532	727	1609	371	1459	1933067	331017	11	207	632	271	12164	42270	71942	12559	107	1834	847	30	775	674	948	2904	730	5693	184	14	4050	43	1318	154	104	22	0	0	750	2675	2409	869	29429	65	52	91	312	57230	22	3156	0	11283	462744	2330	1474992	22163	12276	489	3627	3498	939388	89	5882	804880	1977417	2127	1275464	7456	12546	256613	9269	28632	1385	1756	363781	3041	5228	728	386	552	327	927	553110	7149	2351	3466	167519	232	340352	1584	21	4039	147982	545	144	324306	3524	2253	56	344	768	12	706	1218	223459	6656	458	109665	297812	13037	22994	106107	57404	64736	24467	48	3539	124565	17436	17205	201364	6683	18451	15511	2411	26446	21348	478	11750	92	116558	49832	1446	37692	258593	68	19173	883	544	53	51462	80725	21072	0	16724	85490	323	449	76762	577	0	233	92	313536	983	15202	195	1058	441	70256	16152	1405	515	60002	0	33770	124	17654	435	658
MB_G071	50174	81691	979642	58297	25064	366	334	117233	184141	415	11257	17958	139370	227287	10169	6941	13824	234494	140110	17808	81305	1376	13985	15736	28181	45183	43252	33619	72577	21323	15771	345	725	8515	6754	17745	5849	3528	25360	2096	218554	2958	224	197737	239	154771	6603	159	350	153	19584	14778	12	301216	9757	113937	568	122996	77189	12900	201	400955	36289	826613	168262	11156	1308	7957	167	91458	254808	152403	25668	28707	13650	19	60341	6202	39617	2241	11303	478086	72701	852566	281	174	178	4931	135569	311	89428	6437	2831	167	176175	2443	53475	20047	190	68838	78497	5224	1623	61953	5684	141704	9692	250	217	49392	13082	84	23633	9346	31345	6385	8266	151106	344281	4637	4546	1671	187350	87067	13082	61648	135987	607815	293	249	187	288	13042	98642	3514	302039	848057	268	11550	344	57354	8815	4265	100757	19	5680	65112	5833	1453	112549	2585	46	21957	14616	7896	352	24772	292336	3510	2109	3467	665	8476	1278	3279	4382	5303	3839	19273	4928	19001	12336	4545	562982	1924	5696	33491	1150	1098	12617	1447	968	138774	65472	25545	62	1225	221	160420	68098	3551	5849	50398	0	9785	18814	330	17830	47445	152561	140708	66657	6269	33351	288957	3907	248697	3954	30317	6623	1109	8890	130051	28386	16	459	152360	24490	4936	169677
MB_G072	342	873	1259	305	393	11097	1307	697168	9359	17284	384	167	231	948	379	947	461	152289	30	85	411	1071064	41	537	209	37	59	388	94	468	256	487	64	405473	47	42	38	1387	611	506	727	97	852533	804	711	559	117	141435	3520	1067	254	51	431	165	70609	948	2791	1363	758	2843	4256691	430	6855	664	3725	149	109	118	9694	984	31676	649	505	394	2511	97	4654	513	759	189	89	2205	50	121	522	7348	438	327	1569	1162	472	155439	135	1576	18668	275	469	4768	13187	277	172	73317	57	45	418	921	717	4288870	476652	337	415	23685	696	319	256	460	290	704	362	404	2691	494	498	36	412	621	342	1119	12791	744	3227	2012	1263	27779	1597	1698	451	2666	80	348	11922	42	127	521	281094	1849	77	91	19	262	127	13157	101	39	23	58	45	145	189	109	109	402	96	53	4721	143	87	624	20	70	185	782	179	411	1147	145	322	225	37	409	395	27	29	61	59	597	6456	60	49	8140	6185	14764	391	469	1777	94	113	24	606216	1903	170	139	32	367	20319	147	3233	56243	5503	3912	67	106	327	876	968274	86	23	50	136	644
MB_G073	1299	9990	18367	908	1915	739	1911	1721	1099	423	4388	2495	319037	3615	2943	20387	1985	1714	844	920	2537	467	2532	6467	30943	10631	667	340460	2565	34721	355134	76	23203	3358	27553	13069	1157	630	21386	2037	1414	14462	342	1144	319	839	3464	370	121	125	391	94090	387	703	66	143706	134	790	36030	8694	46	487	493	1301	3029	26115	102017	187768	121	3697	2167	726	896	1305	333	450	1278	1002	563	26	25376	936	61598	370234	405	89	214	1590	1058	1875	2780	8626	2447	1207	914	289	1001	992940	53	4796	1505	1977	27655	3337	6237476	7824	13271	243	1467	956	25955	1713	22244	17774	54436	9342	107610	2891	1246488	3883	4979	25322	4988	1141	7943	2010662	19148	746	258	3253	339	1261	792	3370	63	9322	5367	399	1342	414	8088	263446	391	213508	530	54354	477	121091	319	1899	58907	4263	713	2937	1464	5744	357	221356	1926	2867	6300	5336	87793	1162	7579	2575	4385	9196	3851	2093	53591	9208	8081	1259	2636	13097	17672	115	1568	39	18001	35157	3995	31971	1159	959	1405	3071	2704	8740	14928	2106	26455	0	26047	32781	122	246	36458	214	490	723	14213	7157	3438	142	8136	9514	1050	3342	16655	1743	3117	304	31	51690	5498	104	855	1589
MB_G074	198	8387	1012	140	93356	1310	1222	1295	495	179	8351	147	3124	495853	386	41630	114803	760	408	31136	571	1692	35639	42040	39527	81559	29051	30844	656	12996	22546	318	109329	4200	155081	399	958	5352	82641	12359	332	37980	192	227	559	333352	1377	35	421	959	794	14449	108	1151	78000	1522	625	41155	1667	279409	90	49568	244	11164	461515	25529	42132	2712	147	21766	201	60	478	958	653	4259	87329	56170	125	20	117853	266	68186	9416	185	135	25635	374	428	711	382	3191	6599	120	67	178	354	210	93	218	63	12293	32699	783	251061	331466	10769	356	12166	686579	90827	3786	2107	84252	53109	111711	247368	1235879	477484	519148	260252	69726	4766	4162	150719	92709	2980	1275	2540477	2030	304	559	362414	938892	2551	13639	637266	525	120551	29	70	19905	168327	73164	12	388	50830	189	331	244	153	168	162645	104932	61898	1533	13293	117936	54412	9233	43503	86210	42846	3265	1878	60	18013	6134	4931	5941	25748	1212	14673	3205	718	4069	4584	261	930	124	14385	17477	17	140	32609	26	104	453	29093	114	27	506	153	0	17480	90	71	230	1525	343	29	20857	5249	38358	27119	752	478	8703	23104	64486	78	22475	152	48104	0	9765	4512	131	755	82
MB_G075	29921	872445	16489	1964	78197	1487	7470	6407	21251	7140	4115	4760	137029	147711	4012	38446	13987	12269	2876	3758	6846	868	427194	198007	144609	145884	3019	76048	448810	12208	42285	345	266350	5245	2750	137145	356006	10459	35464	100064	24458	193503	3332	5524	876	6648	304898	91	1130	120	34607	177149	9184	3374	375	11640	570	4074	85398	677620	117	2606	2091	5538	20735	236231	118081	116770	496	5879	4370	6388	7552	3148	2413	42	2539	1607	5069	37	169994	4359	203024	1062	364	714	776	2395	3017	1478	12125	49231	46683	1781	4637	880	2728	59569	98	1542	2170	21481	40122	8283	691638	13379	75452	490	15288	18075	648360	519	1045007	71222	233132	55470	313018	12014	305263	35182	8259	135948	527127	7657	53096	67072	6207	9038	537	13858	3879	6932	9828	3702	3534	19007	4971	2907	1734	9083	3752	240706	926	18168	5445	37232	85692	205373	4875	1648	1734	5242	3742	14593	2991	125368	37744	3044	31967	7735	39933	70695	40815	20551	66871	6985	41498	35443	165630	85345	360752	10032	47958	41088	13941	51430	6146	1836	1492	895	1187	17922	88202	19019	2520	1462	103510	1978	1545	17384	1036	57423	91203	32	7997	59189	1536	962	1310	2350	1953	2556	185683	2424	3059	4312	80849	12079	6124	6215	47779	13879	4559	3449	1071	1070	261193	387	50431	2167
MB_G076	2997	186829	24246	83122	49542	1731	14908	42669	5966	64148	116924	12335	288926	49961	87738	48812	10964	152998	19278	10577	39205	2734	141904	49485	77867	24412	43826	89117	67641	19141	34923	599	32751	58263	37049	102681	151805	93611	120663	84587	63031	84980	3354	9268	34095	4875	138389	262	4590	201407	2693	87391	2424	12446	398	99625	765	10299	89146	227206	480	21301	22209	15173	107685	82998	55661	366688	335	9835	33349	6290	15720	83649	26581	31	9188	2978	1350813	51	29277	6179	137507	7459	921	2192	1546	968	12774	2859	24691	43298	68320	6616	80161	2002	6207	46189	791	1737	2981	6637	80385	22229	296181	809283	9811	487	2675	183563	228857	2066	39595	46119	316862	32539	247519	40222	375589	124688	52022	78627	516188	26380	24247	7420	41430	22147	489	9533	2855	10533	47773	137237	116	22602	12217	3742	4526	4028	8073	53768	57499	26878	2652	10906	33741	28736	21509	1362	2060	2619	61388	57263	49596	69754	17679	12662	69058	90919	31084	86797	187769	32189	44581	58755	232047	58647	27889	91183	20611	76237	10397	108901	11440	50133	199413	10409	65204	2449	8164	9685	169423	26915	9473	1103	6993	15519	124202	42118	1361	35631	64763	94	29217	46063	45947	24502	1139	13467	3023	7596	80200	84740	94274	107530	120074	22803	9730	43411	37149	27039	208702	24257	575	50815	52235	17395	7492	49907
MB_G077	911	1912	1729	217	1020	53	385	990	478	785	362	1432	2827	27724	624	887	1550	305	483	274	511	74	3768	1010	11399	887	958	1578	1325	2196	15905	29	5600	245	1264	626	1138	419	565	750	1981	975	976	1119	3316	126	783	200	12	0	106	1727978	145	551	0	9386322	0	1202	4303	3598	0	830	2680	1837	1742	4164	1483	3729	0	910	843	333	1663	846	179	19	1100	35	1639	0	1368	21394	2777	4961	190	0	194	715	320	840	612	1284	1446	491	817	81	616	1736	0	378	479	200	12871	247	10436	1883	639	253	991	821	7287	251	4972	2083	6847	749	4223	5468	9543	1764	740	435	2429	268	3491	617548	3138	1064	265	860	304	618	1621	922	15	3177	8162	254	1940	236	2653	2090	3351	5989	60	1666459	181	5344	419	132	1284	811	156	1114	755	10510	214	1625	580	1584	5967	1072	934	269	2770	16396	3982	737	5821	660	5609	810	1602	1102	414	1304	1476	419	287	154	204	441	2749	1163	1057	491	186	575	266	1186	1426	338	2058	0	123	602	139	1215	786	309	218	264	218	1933	2271	142	1162	263	561	811	871	192	1484	307	16	2858	2306	38	5145	433
MB_G078	20683	21762	25702	8563	19076	113437	140838	32350	8073	107382	10643	83013	69454	53884	18821	17138	15096	86283	34799	14258	69507	5665	7281	8298	4816	5734	12003	20879	15386	162143	10062	1411	7444	7482	11605	12203	48507	9621	9519	3623	30355	8431	21816	526837	100799	193789	8193	112	1412	892	5782	3760	630677	56493	9053	24527	558	45061	58398	19379	288	71984	136361	331519	54132	19467	4873	30874	221	70612	13070	1394808	42068	15301	10452	17	45486	7026	15347	1866	25868	512901	25454	107820	14444	1015	147160	343339	265651	1710	53245	6851	8540	257050	24301	2192	56318	31135	468	30043	19130	20325	4954	11469	22885	51503	11836	204	317010	73554	27261	559334	24137	3752	42035	7452	16906	720983	18738	87374	14507	2201	33155	10848	30756	16061	122589	179450	189	7153	2950	182525	19072	35729	12560	62073	284078	987	15789	646	36966	3221	3776	10060	1107	31426	6734	8835	1119	122289	1409	16805	5672	4664	39090	2935	1093	496475	9158	8763	2008	4570	27840	2902	5763	6604	8485	3530	6216	10879	5169	11321	2266	166085	2708	9191	17999	6525	10769	4810	58674	925	13616	35693	9661	383061	1458	5611	10433	37255	12285	2425	79018	468	5355	12900	1169	3235	169272	167875	73638	21851	5209	8363	22388	26448	3744	5033	9412	501225	9795	141100	41893	23050	555	20874	10362	3414	10799	30476
MB_G079	126	3951900	1638	49	263	18	766	472	185	22	313	251	4270	556	167	192657	231	287	231	154	156	100	305	102814	2234	274	156	2417	736	872	1309	15	702108	262	787	439635	212	149	123616	1106	629	226352	95	130	39	130	478871	88	102	12	89	519	108	1234	0	2392	31	670	2753	3771	36	35	41	259	932	23427	2355	2595	0	302	155	57	184	146	81	14	109	147	93	20	831	113	892	1568	22	0	53	109	113	738	141766	248	1192381	109	1081	79	97	2255	13	315	178	271	1253	181	5471	1013	87444	398	655	481	788543	197	1207219	1058399	839	8198	3979	630	5406	2317	1619	100561	1383	287	835	9892	1370	933	433	1036	616	611	873	596	18	1135	985	347	206	35	86	689	69	3822	14	1024	150	1133	377	47	416	250	175	254	328	212570	196	420	193525	800	257570	35749	32562	2730	63727	434	404	84813	139	165130	181001	4620	267146	558	26058	459148	106056	50	389	29	286	85118	128	361	212	68	3900	293	133	1763	232	273	260	0	103	1030	52	29	131	76	21	90	215	924	693	37	5124	4169	139	17947	92125	161	197	219	33	346	409	19	148	169
MB_G080	563	1458852	3083	1184	8555	670	1569	2488	2983	364	5869	1722	18724	12469	5025	41228	4603	8279	6849	1223	6077	1030	3032	159196	49783	482216	9086	8592	9470	168112	24535	47	131562	2405	340286	7056	3692	203018	178948	326770	2459	292644	254	294	82	8748	238684	19	100	43	934	113904	720	3804	155	3569	28	2055	283429	41083	16	5742	214	6019	9748	833908	8042	322644	34	3624	5423	798	1711	7063	1312	51	4234	485	17608	21	4606	13861	3427	478	6632	52	268	641	2231	443	18100	5261	141008	13841	3679	1034	1080	3857	34	1779	381	2092	13508	8709	8507	2780	3250	421	1107	8900	781126	278	5389	14433	8013	362848	289942	2886	46512	237809	9549	244406	18645	690	8684	3626	5299	18734	331	1752	474	1401	5252	4062	65	6880	4613	360	4388	577	385	4617	512	158203	236	87978	1436	423043	5367	406	1216	6639	1007	2540	1439	59438	124680	272443	224001	323301	81534	72250	50900	112183	222858	13739	29363	4851	122277	172182	191663	69663	4475	8573	23639	9197	3753	5191	1228	222	63950	2321	1110	4385	3568	291	129703	2700	1261	290285	474	140454	13619	53	565	4857	490	347681	3619	1341	11925	3016	343107	19878	11659	1907	110466	113095	2404	47254	1884	2889	9896	78958	450	158289	5573	759	1040	2394
MB_G081	10365	101507	2388	11765	2595	642	3110	4263	61894	1755	71414	6689	4775	5917	19601	108848	92085	4916	250099	82211	473733	2991	58572	45680	43838	200648	96280	332084	49432	39625	75768	1917	66473	127203	30657	53252	55189	119911	92477	61372	138190	47547	910	2414	506	136267	186031	80	547	173	1371	16460	1037	282160	198	112882	296	193088	144799	206946	105	6201	1174	162662	4895	37970	40114	125078	185	1841	30685	2347	1080	18539	74508	36	67780	404	2912	174	60081	1131	76619	5996	224	476	299	255	2749	293	102865	13667	175994	1367	365259	4578	3105	48667	145	418	1062	78273	1472	10500	137679	306809	38124	382	1532	9918	110130	327	200906	95020	292934	151973	108497	3851	52837	57585	174034	23931	141296	118823	6299	13724	7224	11291	191	6133	1955	3076	13252	3522	40	9859	5831	1724	60312	320	250112	16755	133791	21895	561	18647	334	42376	57851	528	47609	888	44892	96489	1673	46927	1143	3498	62792	75432	60580	147254	23307	33732	133405	75531	102172	71673	39238	151366	16393	285013	52598	44279	52947	68900	127842	54028	35408	664	54368	13778	189003	150329	38758	611	20901	14837	74100	6142	1123	27061	83329	0	85977	43390	93665	27928	2066	880	1469	65782	110435	284240	201022	261801	11158	46573	2706	95483	42517	1601	1139	2339	175764	1492	76093	40527	42815	99771
MB_G082	7546	865081	6061	53649	6135	2956	159440	8703	17244	7498	14530	6970	18229	12525	52053	18456	10881	161924	9518	5621	10703	1811	106197	10656	230488	66296	13582	92930	35815	93809	56811	3819	255051	60167	15045	186591	566348	33547	11863	590449	11608	320048	5131	8386	782	9261	158032	123	1853	1705	3758	9208	5069	26372	587	17546	382	6981	62740	329755	104	14703	4266	11025	59348	13636	25915	12141	167	4430	19669	13306	6220	73187	112223	46	4972	968	23511	68	34608	6867	131221	1580	1392	2346	1558	4730	6910	9784	22619	29296	68457	4768	9384	1048	6658	103934	445	1580	24399	18512	8801	7401	283602	32435	17701	454	4901	17497	496392	4824	32323	88066	62164	91588	70225	17671	44116	758972	109122	110398	1894917	10135	21183	9096	16766	31235	531	166636	5963	12548	26445	7425	50	39338	9108	5563	4543	6464	55042	24271	1431	9046	2369	14780	2663	11459	68611	2005	4510	7685	4989	122457	5835	49524	18692	87230	16045	77893	99681	209428	8922	46062	56313	9553	22879	28074	7925	125807	16427	29826	30853	16620	48648	48385	13295	9414	2828	45221	4000	2675	8133	10287	6271	5742	9228	27579	2694	7195	1954	33506	8766	365	3253	3677	1731	33146	2697	3672	4178	5341	183672	9958	19207	5061	119892	20920	46157	38558	3725	9947	19073	6547	1512	1593	57903	3322	18946	7427
MB_G083	99386	1723	4109	293	276152	889	261	1230	73487	560	315	247622	1262	924426	29377	353	768	253	632	156	935	198	16893	1141	353	406	242395	462824	99236	746741	792929	193	384	172	272896	955	505	302	1945	593	197358	332	324	132735	113082	10338	244	107	522	190	62	643	749	84	189	653474	610	460	1432557	2303	260	770	213080	601739	2489	410	449	648	151	554698	84832	371	648	20338	257	222	346	747	253594	24	391	303268	316549	908	202	151	46	241	1342	500	531	4156	424	906	277418	146	174973	2144	186	1204	509	75	265	241	41980	1659	303	209	322	672	1957	404	1270	829	664	569	1347	1487	684213	851	524	551	1291	185	1379	6561	1186919	443	261	2210	259	794	557	28271	25	744	8115	443	314	32	114	441	59	1800	27	261	96	508	41	222	347	930	157	130	206	151	25	859	285	144	180	198	381	75	213	201	138947	412	106	122	1029	398	172	244	80	243	221	46	144	0	89	103	85	217	703	409	38	58	297	367	380	84	311	0	38883	273	0	152655	288	69	108	105	172	239	242	117	178882	65	493	287	196	1144	957	108	0	241	74686	80	3868	141
MB_G084	390	5498	1974	967585	3390	243	458	1848	623	194	698	966	2407	2313	557	1524	1422	574	491	476	2056	127	3135	2669	3066	862	705	2111	1209	1384	2340	102	2890	736	11738	2073	1312	1041	825314	955	2087	659307	360	439	384	570	573661	225	126	126	109	1478	533	633	89	3668	117	765	3886	4553	131	1164	404	1110	2707	1159	3229	2044	90	1301	280	1588	796	737	188	21	600	251	444	34	3312	1013	2708	1005	165	272	45	344	545	218	800	1649	2300	736	694	99	1267	101529	125	507	117	1016	411409	1351	33225	2827	467	92	512	620	8440	153	2095438	188846	10589	2429	8950	2848	5987	12802	1924	1060	1595	713	1237	21779	4638	838	369	3012	189	402	1538	680	38	1586	8940	402	382	96	524	479538	509	2983	109	3413	137	420766	133	198	962656	1013	1248	929	527	2528	12251	1661	2000	777	458900	1501	180122	732	2268	228818	931	395863	486	1056	6403	2109	1729	1377	619	4861	699029	845	508578	137	4012	21490	555	3297	422	320	1318	359	388	1855	912	784	2829	85	480	971980	184	302	1363	197	91	384	1836	1187	2355	501	1148	748	88151	239917	1330	1909	321692	599	575	22346	790	131	630	868
MB_G085	18069	127670	12959	186520	438084	2763	214113	114606	38001	1819	32182	30855	85108	372926	26938	87884	164694	3886	4058	7875	13796	1168	138571	14700	13728	4750	18271	49092	20879	153032	27304	339	37027	19353	125757	4064	65386	5143	8147	17683	59168	18807	3233	6252	1116	757881	46575	277327	918	259	603	4935	1607	2348	30216	192759	673	19414	56633	177092	392	3627	2888	413307	16289	75605	4783	13125	244	10586	266850	22566	102198	20103	2090	25	5460	2331	5259	52	11179	18728	24353	25789	874	2061	5296	6209	5459	2508	9143	2967	35537	3725	60831	26036	3960	52832	907	5985	5418	7268	29505	20716	64367	425659	26959	302	5047	3744	139467	47368	202517	426370	339761	126061	175636	507943	479486	13056	92832	6521	9557	127973	177542	55448	33145	15442	353	43611	1910	4638	24280	20787	49	12057	175438	1450	162438	546	1737	33519	276223	8929	1502	6954	147816	8926	2402	845	6747	6288	52744	41091	55907	5662	13391	5675	10585	24763	8031	4725	30714	9325	20441	39643	9926	15382	2539	16333	28124	24489	13358	40443	2183	29879	58413	1840	6225	565	9599	4230	5159	6517	54840	170975	1433	277834	23983	6455	15693	2677	75805	39	5121	7381	2586	1505	47396	2618	663	8524	19854	7412	14328	2319	21799	2493	7094	11204	4427	8875	14084	64884	759	12546	65433	6637	4532	10401
MB_G086	122	213	12045	509	428	408	26494	12981	246	12548	145	45	302	258	126	106	188	940	101	40	155	250	67	22877	681	189	80	68	310	91	115	107	96	462	111	86	145	67	107	74	14642	882	254459	2140	7758	1169	11297	2852	50069	14226	272	141	470	94	667	284	15363	1053	589	298	3447	162	437	2939	19610	172	86	101	341	192	317	382	20266	50	15538	107	16343	376	1244	282	157	1167	96	145	241	128	2013	2188	1425	3499	216	2074	272	11518	54	152	127	219	3132	5530	1027	3612	81	71	487	2626	4163	920577	3897583	17197	375	101	355	672	289	466	786	6672	12854	339	433	32331	391877	137	172	515	281	4415	162347	1113	110710	40987	7024	4272	4838953	753	4022	14710	71	340	854	94	92181	416	11835	9372	459	74	61	91	84	104	76	151	81	103	1414	388	335	54	228	144	1110	38	40	297	63	2032	0	60	580	91	69	396	22	115	226	67	25	618	227	30	49	52	104	3228	384	18	16	29	2024	168	36	1071	57	229	0	41	205	977	2839	45	49	27	22	68	23	37	92	932	48	314	50	99	332	27	78	337	21	32
MB_G087	2577	33508	21610	506	2984	7475	497	81153	8158	811	3436	1219	18652	30942	3363	7995	149316	3789	3142	2757	1508	495	9844	12564	8117	22856	5586	2139	8335	4683	6032	100	10800	3775	57732	7302	3560	10661	9468	4528	2053	12306	1393	581	27013	2673	98047	75	2526	6060	925	10077	143	3422	1510	40726	75	2705	62545	35087	124	2740	7913	1228	29065	14818	8656	7196	47	3513	2145	291	3343	4488	2833	25	1919	3072	1173	40	5264	1569	6757	542	1405	466	2401	162	8599	2255	3100	3414	8817	2498	786	511	4378	10481	1875	6241	255	91469	11796	4854	502969	17604	3768	308	43120	11992	50472	135	3427589	2568035	123445	1356758	34356	14254	39541	16254	68768	23914	31291	5122	40379	16756	22334	3033	856	52888	554	1155	14212	46263	14324	9509	20404	445	7808	363	1629	13107	24176	2874	900	30457	7959	8534	1740	19140	446172	3042	12087	3965	6875	124945	1486	3083	8854	5834	6351	14955	11049	4456	7533	2618	2919	6678	2010	4740	18117	4298	4496	2674	5659	15683	3923	948	64467	826	8951	4537	1689	4766	2570	10525	3352	4296	2510	4058	2783	2342	1811	170	2750	3341	7183	1264	2159	1698	280	2180	3249	72567	3198	817	2047	2202	2482	4689	33688	742	1802	11217	223	1164	1279	1856	1751	4072
MB_G088	103405	43260	27049	39945	69860	12506	160743	163252	63463	119196	21943	31240	76712	42580	28250	9030	112890	58198	117629	93829	55706	20763	11377	34106	12506	45093	16136	32657	11440	48289	16890	878	17258	23402	17442	12614	24510	31382	19708	18904	231956	8678	28005	93034	88745	30231	25213	4551	65714	16188	7272	13203	26961	67429	12667	285665	8483	217639	62061	53416	155	89461	27744	31923	102851	22826	20123	8131	165	86617	96596	61354	36536	20048	19723	46	64131	53846	53765	228	15083	28553	36689	14699	1957	14998	19423	15912	76390	6035	10362	6739	22548	35295	81650	933	34731	12682	1241	27489	13764	21303	13505	104909	46850	152820	9492	231	33360	137210	50732	13930	40795	24490	86186	67008	57784	656764	141194	21259	41924	5220	60578	46918	21531	25870	67436	1328145	70081	240387	88017	387015	83902	93318	13011	53031	139251	31627	18565	3129	11006	7955	11372	11025	12182	11252	6428	10049	6902	14727	3221	11165	8284	36952	27149	6343	3269	46612	10464	22621	67743	28982	16977	4678	11606	13618	12777	43997	8329	20999	11859	46892	6776	73676	6087	49151	41920	82610	33897	3807	5961	3690	26341	31590	8229	29727	10466	4825	18468	20928	5764	13193	34207	541	6513	5744	8884	9337	5918	29178	9987	41045	11385	15406	12090	159331	9753	5268	39443	19533	4280	196687	39890	14287	1957	5810	17172	7114	14215	11815
MB_G089	5051	176751	10359	42303	16874	8116	25650	9741	7174	44117	109986	9657	67253	26129	37313	18418	225251	25967	32306	14144	24853	5021	52655	22117	29420	36511	32632	16771	55514	32520	37972	4825	56026	11481	34491	11076	51885	90348	53643	28522	25232	61630	9928	12468	3083	96687	16025	713	6921	497	32304	11349	247279	10637	916	56452	901	24254	38404	53031	375	20243	5033	30286	59479	12997	15600	12532	251	151980	32607	14615	8996	84713	27730	23	20641	1140	14943	91	17263	21131	54240	5813	1291	1162	2998	678404	32130	2814	11591	8112	19684	8642	11838	901	8640	18892	608	156157	6980	28520	44925	65593	69047	87333	125519	439	16465	271807	282806	1785	84590	167380	71932	227775	44984	465471	313340	36461	141238	37722	257130	51102	16926	60927	117391	125541	425	50572	5733	45654	557733	233757	273	399085	64828	32629	40876	1610	15040	29250	28459	17875	1585	12465	3805	37040	193959	1896	10156	192859	88831	57144	20145	42598	8619	5816	13355	32668	16624	24795	31068	9142	22344	25066	33443	14706	12953	38285	15670	14519	10178	19979	4664	50830	24782	11802	10030	2427	6503	7717	35102	11789	18755	7676	16662	17614	10202	4874	3126	11811	8123	83	6971	5305	32724	35977	3218	8267	6560	112786	32740	18902	7654	87021	10046	5651	7842	9700	7824	49163	6761	64721	368	6041	6698	4268	17385	13431
MB_G090	24988	10822	24563	11019	156106	898	8415	27667	12051	286998	768	6550	5643	122541	4638	8054	1957	45833	3679	23489	15501	323	889	1524	3494	37344	11272	48616	1101	24301	6424	3750	958	691	3835	1392	3480	5264	4661	2392	175876	1112	75644	439326	1234	566516	1344	160	1257	332	896	2402	61994	4603	421	13356	449	113558	16881	219454	267	1752	675429	24046	137507	6429	2301	2099	284	398045	57079	86185	5813	5504	1766	19	31138	1587	282701	1076	2187	576323	8638	6272	11930	2063	1128	2186	2798	861	8431	1121	4571	1079522	172476	1125	157452	4385	277	77777	21565	6132	1000	14100	9337	1778	20393	148	1990	9542	5805	673	3738	1918	4167	1817	6503	99552	21060	28059	2447	804	2673	3218	40933	11589	44993	4810	468	27188	2963	31702	7799	193365	29	281345	478159	515	617	2325	137861	2991	4830	39126	483	1064	33464	9346	465	1112	1615	258567	634	504	6128	514	1114	558687	1152	6768	462	1109	782	331	1134	4894	1195	777	12062	9540	1388	4011	1358	1568	375	1170	987	548	491	19819	406	421	21437	5739	95471	2101	194	572	21944	3452	1475	1044	1740	0	459	1531	171	122	1250	414326	465	218525	3261	1687	689	7117	10347	846	116387	1168	1501	242888	135229	16004	47	2299	17812	590	555	39859
MB_G091	109	1459	528	141	146	12441	2341	233048	166	1909	147	68	2238	287	228	254391	278	475	109	86	193	63391	105	88	278	75	166	155	120	167	121	101	80	608	136	134	214	116	116	97	150	276	3317	385	140	227	239	1448932	200	146	35	38	62	331	201	430	382	519	696	661	3263	151	246	226	363	105	82	95	9922	198499	270	136	135	416	155	10	301	104	223	42	121	90	120	103	113	3042	62	136	323	1019	298	49710	131	309	22242	28	175	2218	423	52	49	190	103	104	2313	502	490	896	962	664	561	1501	713	2273	439	500	590	413	1233	421	385	72215	1219	71	283	760	786	612	6782071	462	947	312	684	425778	244	12104	417	1711	103	31	84	121	58	122876	224	124	20	124	21	56	163	182	74	76	57	100	20	180	154	157	145	128	114	53	296	223	46	154	63	130	347	249889	97	319	194	202	203	239	86	15	80	36	183	179	143	706	46	53	69	83	7704	81696	259	187	140	120	103	40	2545	741	40	240	73	143	309	93	177	35258	1603	259	8504	75	64	421	134983	345	73	20	42	84
MB_G092	4802	75607	44983	30366	13627	5784	47539	103632	35271	15051	101531	295729	59446	21367	29143	53243	23396	7912	13755	58955	16261	19123	30214	36225	20717	5832	37689	67836	25908	44775	128408	1096	34419	21654	21854	21312	55130	23267	27183	15858	47935	15163	4988	19878	2674	10106	38945	566	6794	407	2608	23530	11919	157855	966	78907	585	10486	56054	33738	97	43160	3150	458617	14128	107053	32927	30570	118	32650	50705	18847	9422	5148	10583	31	81469	4445	15823	60	40916	21038	23832	998454	902	2699	8871	2155	35748	2389	63603	10111	79249	7161	16305	760	21200	144576	97	7332	14661	23531	71597	27568	79928	65115	6836	192	7343	18854	90548	3914	30609	40858	53698	23055	34580	73211	129192	12429	39789	31143	154698	26878	18888	347082	93340	30865	272	39173	8382	45246	78805	17107	2797	273944	79314	6018	14029	913	13362	17212	9622	29141	1505	28041	1698	23527	9764	2873	7389	3132	18753	44344	43035	23683	9795	37015	51998	7827	45494	144113	105028	20616	105423	100508	30825	32764	24833	132380	36285	112140	38505	36997	37093	251021	68198	10311	16122	2772	16321	23408	25669	104007	49647	10960	8683	7154	92456	210445	12650	20781	67932	23	35044	106790	3370	13614	71778	5286	6548	32813	15086	24513	113448	19736	31199	22676	10422	48588	31360	85367	20570	51682	386	114448	99435	1224	160834	40996
MB_G093	48542	7068	184078	212	133424	324	382	36850	365501	284	4838	84918	433230	18062	130098	53664	206908	284	147	11107	33304	177	68021	19573	5906	11570	10697	26670	62558	120182	15545	196	9818	6723	44102	492171	72326	15575	4321	13123	37952	18983	639	349	390	314	7820	368	430	167	39	4627	38	81	195	363955	854	7749	113788	40901	204	18348	32945	104633	176475	9096	4625	156964	190	21329	45110	3983	338	357400	253	18	195099	286	7459	10	69534	2325	254420	632548	8185	159	207	167	160730	258	4607	99406	32843	58771	894	443	781069	64332	202	520	217	165	46056	457	84817	22568	273	127	131	329	210891	65	15074	6117	53415	1576	18372	205344	351293	36592	7480	9741	1278	181	127339	44131	30261	1115	131	313	135	243	277	9731	66	7240	70265	513	140	65	43	89564	4082	720123	25	5158	37	2573	217	35	9844	79	5251	3778	15963	987	2635	23147	8415	6146	9252	8521	20459	5354	6226	6016	2889	5056	5229	3134	47165	23777	3694	30333	6108	19757	63465	4142	2732	28	2560	1805	101	4675	297426	169	921	80	192917	98105	99318	4395	588	0	2649	10833	44	1527	45740	45	1479	27478	6885	12069	10108	1701	30638	3106	11911	3120	18605	74	14791	1364	0	1082	85952	35	6810	94
MB_G094	1981	7435	1927	114	515	102	337	405	365	137	64060	426	19718	2857	240	348449	7122	237	515	322	469	30938	39254	55084	33367	604	539	66443	410	21622	310007	16	130370	133757	77865	1377	65378	12280	157383	69659	746	132719	86	181	93	238	68879	110	92	31	530	122172	212	787	54	65924	147	15053	776650	27276	28	419	11481	583	561	34538	18721	92580	22	1113	1086	472	774	400	1041	91	2949	138	661	14	73577	693	965	1448	47	70	54	155	537	672	20444	39649	145852	199	507	86	18467	107486	50	240	80	8684	42205	1041	276840	2026	236	304	13063	1328	217837	143	153685	211295	57802	23740	93006	1204	1093	317796	10632	194635	1248	1508	20621	163489	1023	682	148	298	106	565	229	8785	138	412	69201	434	1965	144	72	85415	6048	641	172	3203	59	497	79	224433	34999	131	316	16146	7942	40306	201	1368	88164	7803	32055	58135	168076	101134	278316	182936	36940	91505	349	270347	80313	392558	179725	2140	292720	214888	137550	8507	222134	84	35632	113073	393	64451	198	120	10834	510	272	347	195411	672	593	36	11731	515	89	89	183	240	287	127778	41259	1989	287440	385	601	17552	305	42188	89203	760	311443	42239	65	937	402	76	121479	320
MB_G095	472	5459	4860	565	20991	728	3972	1983	700	1481	440950	1831	2483	4192	537	22831	732	3152	1789	16655	426	3282	1434	28225	1516	3147	573	474	1871	1222	4633	369	1678	1354	1658	1472	1332	62909	21519	15445	2450	1585	113992	275	7156	880	1314	71	982	2232	148211	3456	1076	293	44118	14297	202864	2020	7653	2916	119	1112	549	17535	2067	3160	1844	2902	139	2415	26144	618	1177	1785	763	847	550	68735	276	108	1498	7892	831	1033	459	89	97	139	786	1103	1622	14390	19467	383	455	240	15645	1779	114	788	818	813	1309	419	170032	335242	569018	654	956125	1970569	663318	838	3806	44404	2191	795832	128518	28090	3454	4907	1748	38677	7173	366	722666	2523	3186	3412	2016	52609	13183	9100	6236	3651	576	5429	2351	672	1037	808	13825	2773	898	143321	127	938	472794	5092	520	371935	6127	779	632	948	58755	8874	315	9472	62747	5846	9524	3398	11250	19905	3753	737	22529	2156	1340	766	40423	4714	3376	716	2824	8980	9242	29668	6273	56133	1526	188	13933	490	1201	9332	24030	81803	40616	3078	1481	19967	1049	124	10896	6929	76689	579	297	92	11020	6309	2236	41787	861	6716	1139	3777	930	6546	1821	39322	700	72048	243	726	7486	51624	16729	496
MB_G096	952	12255	48149	3571	1469	443	37775	62110	2508	2027	5986	1579	3340	3944	10766	2459	5533	4324	2156	6384	78347	534	7978	3411	4103	2412	3549	40673	13570	3486	67229	247	8204	3682	3957	18637	5973	11319	554458	8092	3962	89066	3983	2743	214	3513	6904	20	831	399	1423	887	1018	6077	270	5462	178	2239	13319	639351	39	7617	872	1990	14473	1849	27242	5572	85	1516	10445	3155	2919	651673	1451	38	903	192	3711	22	3306	1171	854250	478	186	991	549	180	1798	471	1974	2029	3431	2074	5985	207	1503	101434	90	517	899	11104	3468	3699	115329	10077	2037	209	681	12899	1989949	564	1534334	6198	14190	329362	3156	6647	250958	4286	6891	1690	15391	3191	14531	7731	3375	20294	207	8795	2189	8370	9813	2038	23	26044	3200	1791	1277	384	997	72090	426	14135	169145	25615	12059	1181	3492	357	1763	1482	571474	3873	5445	5185	31519	1249	2631	3586	75971	514783	1076	18221	148402	7613	9626	33582	3883	3207	2426	25717	917	3528	2211	4578	5620	4810	1264	694	1844	392	2929	31647	1714	1789	2033	1026	611	1045	362	15396	808	13	5711	705	1498	1302	460	1070	595	5347	2612	4161	2467	1397	12017	5538	3743	1658	2545	1692	1688	2076	1800	342	2233	206	4243	2735
MB_G097	389	218918	5748	168110	1112	370	7180	2685	937	1885	135736	1063	133493	3359	97515	49809	49643	2846	1022	43007	5101	1242	92235	38026	70008	80115	957	154327	73157	4267	102515	95	65756	28354	17801	2087	97407	39493	58842	43553	26000	23263	1008	5799	323	4136	68861	32	583	187	689	879	1000	2925	124	57732	441	1470	24491	229066	69	1343	376	1692	3795	5565	40934	11257	190	1165	25276	1166	5044	96569	27557	27	1723	169	3664	20	75227	1435	29267	556	134	527	212	260	813	360	50529	15288	59472	75677	3797	164	2574	36719	69	230	1044	14398	148328	1457	139412	208708	1534	194	1145	1643	323482	126	438148	219126	221827	271604	25907	3219	175248	3039	130488	13277	9203	526895	96410	2143	6277	4734	211	2915	733	9521	34243	15708	48	3366	2720	824	1162	464	3522	94534	2949	10680	1470	1721	745	50604	65034	211	726	755	19629	43541	58062	58239	38062	76797	22613	95442	103112	169598	56154	88675	39415	78244	82990	24252	115284	155871	596463	14594	9322	3049	40792	153227	158932	15328	549	12951	809	5298	1669	50433	135290	738	19068	85146	474	1091	670	1215	1791	0	68778	879	356	88822	339	153332	441	18248	131518	46183	1600	2237	180955	1063	133991	3213	786	28533	52943	21529	61	517	888	3519	1151	72153
MB_G098	192	6702	1165	722	915	60	824	503	179	220	276	731	1851	1239	408	71448	2085	181	282	538	665	206	461	1641	1576	519	314	649	611	2848	1349	20	84040	257	852	663	625	301	3104	176030	809	3025	106	308	70	363	52947	112	52	51	125	1110	183	412	18	3293	60	452	5086	3226	23	205	198	461	637	87253	1399	1277	0	529	436	250	200	832	213	11	225	90	316	14	929	672	1880	511	69	100	86	78	327	477	378	478	1625	335	222	67	635	253824	90	296	190	142	1229	2736	15639	1033	420	200	456	312	555670	66	1297283	62374	2664	414024	870822	4017	3102	1326	20604	914	1190	263	627	648984	2658	690	604	429	513	752	472	462	148	1013	732	273	405	114	112	1128	334	173985	126	1153172	192	1554	167	120	1807503	1368	242	406	311	23007	162	108411	777	722	2263	165948	298113	30489	1686	637	651	67665	217	2297	418457	1052	837	685	4808	19674	905	231	713	47	139962	82388	162	703	151	175	43553	258	160	3032	535	14713	593	0	156	2107	43	146	238	113	102	128	1686	981	954	171	481	160361	676	211251	60191	201	565	527	249	114403	392	148	349	88
MB_G099	2793	15103	4640	23605	2339	932	12963	12384	4315	4318	84009	6832	11086	46844	277114	45905	4907	278153	125803	5666	9171	5700	280093	3493	7351	5985	2260	5294	136765	35918	3969	273	22815	83492	4172	4445	381670	269296	21502	6376	15650	71841	3110	8934	2027	2989	59703	37	1378	505	5390	951	7345	7322	538	12024	232	2913	63920	87723	142	3902	1301	7522	5138	19299	85125	63986	342	5229	5624	15343	1955	2871	132872	24	4652	638	6444	33	79770	3584	105394	4935	415	656	1316	2887	4517	678	12055	2153	11733	10570	8234	450	6054	62543	295	648	7397	4014	92448	4538	6837	5816	116179	196	4570	38895	419464	1494	76049	40053	37636	263999	5738	17313	18071	14837	458132	65138	396571	1599	11941	2663	34530	20566	282	17071	2814	9258	40420	18463	78	8294	5940	1543	3013	1062	3767	95410	783	2146	2890	1452	1109	4124	33603	915	2024	2051	3043	318849	8825	71254	1947	3909	178869	296877	35944	156105	6685	54301	33334	7551	319160	93839	72012	251229	2982	143590	4214	9748	20165	12666	9139	21850	107268	45595	48298	2590	890051	26504	3710	1887	19032	10632	2659	2414	1758	2855	5683	50	3097	53095	1232	64668	1004	1804	3223	5151	55381	4127	5596	6505	3335	1850	3690	8352	6452	1963	2673	6875	63	1011	3575	673	158142	3541
MB_G100	46	275	299	37	41	39	814	139436	21	56	120	63	1103	226	56	53	119	395	98	907	54	163	27	45	51	33	56	48	31	118	80	69	87	172	51	65	45	84	62	49	698	50	3346	192	73	129	59	32	10502	58	50	35	1827	339	16920	376	232602	327	958	600	36	43	78	317	1076	107	72	264	14	52	120	6849	133	179	10177	0	64	167	40	31	58	195	41	5850	19	9273	199	21	74	173250	149	1654	164	88	59	16	83	2073	388	22	52	7489	71	152	470	315	294	323	364	3601	477	223	577	506	533	362	524	303	683	251	319	154	2314	224	246	829	332	955	585	816	7587542	1062	3234	249	0	893	8427	655255	21	1686	38	151	129	80	344893	11436	28	24	20	36	12	227	21	42	60	66	14	35	74	57	26	31	200	62	49	75	30	69	16	107	198	152	29	91	26391	53	47	295	669	26	28	47	22	86	61	43	38	20	16	22	4096	2870	21	43455	170	36	20	32	30	19	38	12	22	166	87	119	30	64	46	335	35	45	51	114	275	49	28	15	25	52
MB_G101	16443	6191	394024	11438	20032	63530	6703	2190	25458	8304	10112	54960	22048	232336	1186	1339	1886	20313	25013	20601	6871	523	1439	2480	6418	48857	2291	4169	2383	100985	3247	123	1835	1312	3798	45540	3437	1095	1410	2587	35770	1231	1264	5143	99055	14966	1465	1646	2729	441	2054	19516	135286	1446	458	22483	557	14566	17972	8016	130	97915	1907	3515	202069	3241	2297	3325	96	565640	36933	357197	51566	14991	632	13	4878	641	50088	32	2199	599103	2690	42366	5939	975	285650	49713	436398	1178	11842	14487	2658	4956	2003	4318	2228	3813	114	185037	44922	516	1973	115005	22755	37321	14412	155	77772	5692	4605	1084718	2786	2615	5540	2279	3890	109877	8214	55070	2179	6565	4493	5549	49797	16758	66938	5924	216	12958	4382	21323	6522	12637	408	374874	76091	4746	814	757	1111	1824	6146	10390	590	2985	609	36434	484	1204	867	3810	880	741	5607	672	2606	69363	1754	1185	1716	1031	1149	616	1887	4978	953	3296	2381	1857	6814	2750	803	19676	922	1618	2153	2048	1081	392	884	802	8540	3356	37120	138923	291	417	80713	106668	139867	11818	45017	57	4216	110954	1857	960	116354	1884	64199	88665	10153	188434	169232	2569	4377	2059	39342	2367	1969	8373	427028	885	62	95281	60098	1991	29682	72608
MB_G102	934	72779	4348	5633	4048	1282	13336	258662	4389	1886	5418	7456	154343	19417	40008	83778	58593	9034	5513	80440	7656	2027	59197	39540	68491	93752	4205	85827	24818	14760	55172	193	54308	68288	52725	32961	10138	66045	56242	67964	10934	69877	2257	14814	466	4614	82624	48	3365	883	2375	28494	690	159719	1051	62538	247	4152	306346	201153	35	4280	3478	5767	18720	118548	4578	184321	47	5068	5791	5239	5188	4122	8113	39	4784	339	11457	32	83156	10966	39841	36012	303	589	1714	3963	4969	1748	10601	43049	10335	5624	12297	18256	8531	59665	31	414	2637	61393	31082	11367	51951	11285	4224	356	2366	10487	265663	608	185451	208513	184799	190785	124884	12838	199916	49064	45311	3973	160129	2222	138633	5112	27941	16969	287	13815	923	33022	59474	7528	201	9218	9529	982	30673	795	5924	37348	20007	3751	9634	17390	2296	4865	18525	1354	12281	2312	17767	58392	4542	67102	25244	9171	73863	13755	80939	89176	117104	32824	114597	67244	87707	78865	3901	92943	171914	156316	66244	12054	35267	181666	164907	39049	48296	1638	69867	32051	10000	7486	3068	2518	34152	111126	3612	215528	71413	68637	108282	61	69949	29634	3791	19864	27332	3003	4402	76774	105051	7289	8202	8089	5518	16500	74606	78190	66661	2765	7612	66507	182	1489	45978	17261	6096	48088
MB_G103	169	117	178	155	193	1622347	225	738	794	249	189	109	687	161	760	55	269	284	34	16	206	237	14	45	579	0	0	71	0	139	42	578	21	54	0	0	0	27	46	60	29	49	360	266	774	1136	72	396026	362	308	0	10	8327	13	184	170	208	169	226	385	824871	3974	2224	262	2687	124	37	58	380	66	253	67	233	245	208738	0	383	210	243	4793	24	27	251	15	227	154741	43	152	12598	538	792	176	1418	560035	375	0	232	261	986	17890	40	159	55	38	213	225	170	71724	518	205	227	3718374	268	162	117	153	173	176	180	416	102	20	226	13	144	409	369	467	224299	209	188434	232	1280	10280	210	471	837	2634	14	0	82175	55	13	131	264	479	0	0	0	284	0	295318	0	14	0	49	10	35	95	26	11	35	30	13	72	29	24	15	218	64	26	191	0	106	42	48	109	20	17	0	48	0	180	100	27	37	54	28	26	34	1840	394	81	53	65	174	19	0	207195	75	17854	20	0	478	1461	756	0	117	33	25	18	60	57	52	29740	66	16	0	13	1046
MB_G104	298	196951	3069	857	716	312	254	2893	167	318	582	689	5954	950	627	172178	25229	780	526	818	463	189	27772	83806	232777	1423	691	46751	54643	38734	13780	60	93682	945	42549	27041	30782	1662	77490	62216	959	133560	190	141	143	292	121719	360	134	46	249	1787	176	34183	41	17508	109	490	195568	178400	29	208	94	1076	972	50338	120840	84743	199	679	751	258	302	405	787	0	332	120	549	20	66695	656	22021	2432	66	191	83	317	496	877	7522	3918	59077	246	269	2255	241	18794	134	612	313	1308	3807	650	793938	2084	1308	361	600	422	441803	131	810864	611602	5237	196472	162188	2883	522041	312795	171122	44918	2568	561	1541	154365	6297	905	379	1517	170	799	1015	1374	260	1370	910	406	660	281	363	3283	408	8846	159	4208	311	131860	1068	588	2894	375	782	11434	31022	49043	10460	933	44219	28139	39252	116983	128478	21401	74050	846	23719	70428	1488	65457	112373	90129	25745	1520	39968	84393	90395	388	9720	83	13083	28466	279	17490	606	168	7497	10724	279	150662	993	22357	644	0	454	59357	188	312	282	100	77	742	804	57748	38422	236	1621	17728	2121	32233	33211	266	590	62816	14	793	1117	54	1058	391
MB_G105	5927	176141	39440	2383	99451	1088	3082	5465	34292	6453	55318	20336	148770	26100	43663	57564	33017	43573	100637	25611	14289	2157	41304	49305	66355	37218	27294	15894	49563	66706	60648	4064	65273	14365	52308	119662	39504	23731	29372	68783	24496	65261	2740	13933	419	2240	36120	201	2516	25	11814	149671	1193	50536	1194	117819	370	4533	94261	190074	154	2737	4384	22569	50779	36006	31598	70518	185	7847	15702	11954	10431	41381	17329	82	7980	7334	7272	42	41016	9371	42179	11305	4567	83	3436	7151	8259	5916	42510	34984	151973	14669	51229	5940	13279	35531	135	8878	16037	21889	41770	41100	175016	51644	22784	324	16644	10938	188823	1516	81078	356596	89438	63454	81128	55592	139050	100888	93180	43123	117299	25935	37475	80733	148161	37883	400	14925	7773	8352	29842	140736	335	116822	29313	529	48696	5432	18873	61586	10012	30091	2772	30633	46086	68564	13498	8879	24999	7814	13652	22937	31798	34553	21469	30498	35533	26853	65309	32009	56496	30405	97766	61141	32218	46043	16215	41349	62726	72953	119909	48117	37125	158329	38245	4292	19771	1883	57312	20456	22825	35332	28627	3895	11470	28410	12113	26653	38724	38096	22856	81	19955	19106	3419	12670	13699	9157	9261	5475	80419	24877	27729	6695	33458	32263	52355	39797	27929	4203	43546	5060	19	43135	13584	4015	14377	75642
MB_G106	13867	35059	211811	3417	3239	1407	147	1442	27934	599	3965	10810	14591	12180	1452	4040	1783	9441	19150	10346	30321	196	3028	3653	4608	2571	1540	25841	2891	5990	5038	149	4462	1793	12083	3816	6095	1737	10593	3368	2427	6560	628	1202	365	6781	2060	691	377	85	639	4165	324	2868	42	19688	169	1590	414777	12214	27	693	1721	3414	15854	14456	144441	14331	33	10162	902	1437	8011	2582	867	24	904	12727	1302	270	48627	4009	21671	9111	501	46	78	816	3417	2158785	2461	3656	4603	12815	1010	7460	1414	39744	20	8377	625	2106	4144	14508	34302	13745	1083	147	617	1166	12532	1060	13304	21671	8371	3345	19663	5800	8336	5529	7672	3582	47690	2165	5782	137354	1554233	931	460	2930	135	1081	1218	2137	82	2165242	7752	557	1769	230	457	14795	1590	25878	98	77758	927	10870	564	4572	11544	174329	2616	1009	2331	1681	910	2502	2935	1897	4203	3250	5804	529	3704	2850	2000	6312	2214	1984	21392	5478	2835	3010	1396	5171	3852	363	3339	99	1692	3215	2465	2251	2566	1740	993	2343	2075	6762	15796	2017	13770	0	2362	13311	85	571	51983	382	1826	983	2041	7864	63372	288	2230	5982	3659	5005	18557	3733	15123	544	10	7243	52904	102	2592	2201
MB_G107	23522	501027	2472	3930	2859	1469	6367	7795	7144	6372	9031	10604	13237	13009	4078	6579	10913	7921	4699	3418	2559	432	1835	5559	4188	2960	3641	11249	3394	5450	10019	98	89340	3533	3453	15332	12586	4220	57126	25264	8472	109362	4632	5783	694	34875	535090	50	8323	1615	28993	4135	826	11349	564	78819	341	3424	11969	13452	374	4940	1305	2041	30303	218454	5654	14206	42	8768	7169	1269	3734	47178	1662	32	3034	7415	11034	24	106423	8781	9151	4999	2786	1541	662	260	1946	41992	18115	1412	33395	1830	6920	1500	2210	17168	1860	1235	5794	3834	123097	13169	212521	27647	5141	276	7039	24326	600062	1301	8624	204320	175980	39056	1777621	14335	63903	181659	7844	77457	530292	3789	10991	201480	6884	32557	1161	4253	3984	9627	28851	34445	2002	33302	30530	9264	2158	536	4660	36650	3424	49993	1999	1737	3125	96864	12964	2818	12313	12967	1399	4601	2963	96939	1327	2793	76550	3889	74285	9328	41515	14900	14696	5519	7962	13126	13361	19151	4386	79586	2393	6411	1656	56960	54305	10859	3931	2148	2865	24092	2755	1979	2919	1056	4913	36258	1321	207658	901	3089	14176	1560	2948	2245	1324	1174	2999	753	1055	1853	14961	3542	121184	2929	17247	11791	4257	2246	26531	2531	4099	3570	367	5055	7264	527	3723	2434
MB_G108	510	4802	13044	720	911	1117	455	10036	1412	50	1257	275	6260	20661	345	948	1558	573	456	319	322	340	5146	1237	1026	1604	934	602	2146	522	2447	129	2377	650	3402	2632	1050	2641	1598	1406	371	4033	58	0	4181	788	64930	0	456	1936	1125	6884	19	1055	384	74401	36	2839	13867	20459	0	368	1088	730	9965	808	1716	2377	0	1933	703	43	1310	964	979	0	640	1421	122	0	2330	78	1166	214	244	700	31	0	894	563	314	808	508	329	713	90	1835	1630	0	3484	0	2265	2766	1676	18424	13574	2089	177	9246	6395	10739	72	2496900	16426	14053	1867769	15684	180889	16712	6221	10941	4212	6871	1935	2739608	6105	16613	1806	250	93071	219	245	4645	10617	1864	4199	10561	539	4206	133	56	5719	4231	1411	386	145719	2367	4975	220	3237	107349	37	5964	2269	4204	770	1049	1576	4583	26066	869	5102	2122	902	1018	620	1008	722	1039	785	2634	783	858	403	542	2965	920	358	6494	129	826	869	692	2130	1891	3863	522	1114	413	687	272	2239	608	0	894	964	433	482	1506	1127	36	653	540	2426	2188	872	487	1641	1066	1212	922	720	359	1950	12	198	799	395	1885	674
MB_G109	1353	4678	1291	182	280288	436	299	994	2074	201	377	482	1420	2197	576	785	622	598	1784	268	541	203	649	1772	3530	2623	481	620312	5135	849	258414	43	12015	624	1654	220019	430	1172	1552	721	982	1000	103	2885	1152	524	4564	37	196	1702	310	1056	441	342	299	1136	164	1496	5783	2414650	185	2058	189	490	949	2705	147235	950	198	373	330	585	553	2343	211	54	407	314	896	0	104813	2747	248959	364	652	72	50	114	308	2556	496	29556	870	764	171	118	1597	82017	38	435	1306	460	136050	483	1913064	3202	807	162	2638	2555	3585	103	1966	2018	31257	1632	2750	4217	890881	2348	1419	1052	2311	171	5406	77847	1101	2273	231	2185	667	498	1007	1215	501	4235	1005	226	562	176	544	145784	208	1295	98	1322	1052	1379	360	224	185	382	514	341	297	799	217	732	977	2182	1198	675	1594	327	623	1577	839	52711	464	470	1702	838	5266	772	333	44222	353078	159	237	132	464	172	608	61115	466	180	179	270	373	916	101	1090	1077	0	310	589	144	944	492	126	87	64	1523	1046	638	437	720	389	1210	894	188	293	658	423	0	1092	480	81	313	709
MB_G110	262	517872	27640	716	594905	130	242	681	85454	198	5313	290	319488	1055335	491	35178	613	177	172	5078	16949	143	623	26220	61324	695	117	965	24796	308	212840	90	431	2553	53174	122567	554	1116	34971	731	814782	84864	152	381	109	5877	669	63	218	107	42	111676	75	93	93	225938	326	581	161098	174220	386	111	125	119379	1560388	447	69745	35628	249	98562	4815	27	137	11334	173	67	180	81	129096	31	109289	680	199274	1443	109	91	83	126	265	520	228	66814	808	218	138	22	202	71581	189	225	110	220	26885	203	63279	867	423	201	424	396	3722	98	4820	1383	1963	1559	2242	648	178959	21162	527	217	1168	259	3008	5728	797	699	215	939	275	231	586	513	55	279	806	546	85	104	49	34748	139	7435	244	142245	2701	91568	208	45	679	146	40546	31447	237	347	96	269	9630	405	299	537	870	301	416	428	98	535	273	823	1807	396	292	729	141	974	10358	70	35	14	251	170	93	470	375	70	126	65	91	372	70	470	683	0	89	302	12	189	41605	25673	17	12159	32539	44064	399	54	89009	55564	290	939	275	120	89	179	22	1794	339	24	1803	99
MB_G111	5563	30252	19686	4315	8895	6045	4123	111687	8442	9688	10985	17951	38680	28423	18487	52492	144983	12103	13307	10877	12967	3278	36719	33485	38333	8271	158339	29591	41898	146663	59697	340	186988	53104	33938	28179	29021	39849	104180	89382	15988	62990	11382	15815	18516	30951	61249	40	1344	252	3145	6490	4168	143433	415	182826	156	12229	79489	60493	38	31589	2958	98696	88549	53946	29606	84696	62	20324	22972	33443	6071	4944	6375	16	17132	756	47513	32	23457	6455	33591	8412	825	836	3016	2001	12535	1034	11604	22253	68262	14319	16651	1275	31262	59250	65	2990	7658	10470	28278	6817	80959	16892	32891	197	9184	13594	153647	931	182194	164887	118713	115750	65045	23852	210946	14733	95244	42981	39909	21852	16457	53303	39831	21636	387	52872	2683	15617	66155	15832	98	17684	22498	4076	8546	2050	12271	35534	2938	26101	4982	43795	3253	8294	7272	9742	12753	4778	15815	24020	6612	62492	9059	30258	33786	53231	65760	201506	97188	24860	141812	44165	38435	80890	26882	196583	115860	161024	30586	78094	52489	106957	73969	15437	34060	2492	31708	15071	52590	19318	10407	4611	17766	9253	3065	16040	8692	26295	34501	13	27678	7562	3545	2297	4548	6893	5950	7325	57145	41730	10338	28798	49618	22478	28058	28667	15467	71405	9368	84850	113	7503	11660	2743	111817	11756
MB_G112	116116	2812	1166	412	878	629	167	882	1294	576	472	539	6199	1262	428	475	3670	470	365	204	606	1210	374	443	515	729	213	8159	547	432	9449	361	2229	144	548	910	667	110	1098	388	868	5535	669	898	415	764	828	6243839	551	469	175	5494	181	98	8835	1800	590	8255	1871	2316	286	476	1090	613	795	1780	1439	926	322	3938	613	194	9697	2100	337	43	6774	381	459	47	2969	926	5379	1099	4354	440	52	415	597	278	487	337	691	584	429	165	1249	2602	355	137	125	537	3549	2329	124497	1179	350	103	50529	267	7987	625	9711	20010	124579	930	27374	16974	2394	78096	1146	3090	885	70	964	517817	866	887	222	1256	362	1825	419	989	142	375	148337	465	706	76	1276	4818	141	1593	84	28339	189	661	525	285	2518	76	95	402	22395	973	288	5221	2716	216	498	586	1231	1612	467	298	175	1114	344	241	4230	889	525	761	182	933	450	677	511	19	201	1145	208	222	282	455	2126	138	131	11691	12892	372	346	40	250	530	77	85	412	197	66	304	1308	908	311	182	424	398	208	508	5216	388	393	604	44	774	321	69	325	210
MB_G113	13639	1126354	12061	1767	118561	649	1097	3522	3348	801	2591	3919	60815	7552	4877	27620	3600	5419	5701	6339	4768	303	53852	4483	84661	2791	18074	24875	43536	10404	62006	701	208557	5985	21598	36550	53243	39055	8615	11819	12566	143568	2843	3239	1385	3124	11745	41	387	267	689	575	694	5861	85	18850	87	5536	267407	157637	93	2491	200	16992	11600	72890	55173	44897	62	2493	6440	374	1056	1479	967	25	2138	92	10944	17	26430	4933	38520	283	337	110	519	30	1498	276	80214	14012	177000	79363	4689	242	2620	25215	15	33	3878	705978	55327	5408	166356	7810	1256	95	506	3411	159669	154	71441	220276	26476	246411	101939	2385	167082	3610	28159	74180	5785	696	6065	6138	2136	11194	121	5417	898	3608	17452	4223	98	8167	3410	812	1418	338	6866	29502	819	47121	269	30307	34186	6944	1060	247	272185	4269	1067	5516	5289	184853	784	5698	7630	9688	20891	218207	31463	17352	32003	6550	12375	6808	24925	8896	64830	32174	81329	8355	2115	73864	60197	2716	2523	1237	967	47057	6683	1806	2938	1878	57049	896	1774	45928	3070	3531	1210	0	1404	33570	1163	1609	1767	2898	5538	4167	13177	3446	2965	4836	45459	8661	18442	16834	2428	3083	53045	2972	58	1358	9884	253	49341	2861
MB_G114	7880	127366	11851	7710	9766	4800	8258	16633	8368	8987	106717	13426	162723	24527	23227	16261	43583	29126	10507	9924	21569	5161	93420	12935	28656	33771	48495	72448	106010	18141	25401	625	41158	16426	31273	40902	37681	110013	36496	30450	20763	42978	8623	13224	9729	10647	35647	794	1274	375	2492	30117	5836	14689	880	37518	318	11881	43170	118094	59	13669	4984	12469	78616	24058	45129	24414	180	10685	15692	26150	3781	27306	21693	17	10969	1852	12567	47	35126	12385	35310	7433	926	1128	3274	10447	22465	2515	11950	9820	16766	7278	12120	851	10506	22370	89	4314	7285	164986	63560	15507	181936	44080	10898	524	8335	12887	581692	2884	152155	180181	304034	194805	76931	24169	179678	378092	250825	44727	209747	5322	17740	32349	40775	62847	383	76804	3703	22461	38134	18158	197	23114	13751	5647	48647	950	11296	7903	3836	7693	14796	9478	3561	19610	50915	4249	20430	4430	7753	106120	8505	45278	6808	6611	31534	23690	31462	50308	13222	7726	32073	21059	44516	40486	6748	32298	21154	25360	18897	18185	8639	48145	75923	16125	17949	2484	8635	8935	27332	16744	6149	3755	23138	27983	3963	25681	8643	24557	7564	206	9479	5553	3167	9273	4284	5032	7471	11051	20131	20712	13684	8533	11874	7547	11362	14228	18807	14087	7987	32949	768	8918	16111	4979	28844	8526
MB_G115	2635	117889	5910	2692	3312	2592	8336	6675	5161	8990	127495	3747	37462	15455	24910	31186	68607	10595	4878	11231	9000	2283	81190	54275	50856	6944	9978	77037	87677	18826	47369	227	43331	154776	57055	87268	83287	49564	62730	65961	59178	87131	3611	14578	1950	6634	149617	62	5014	1804	3627	3050	3379	16486	507	32054	129	20762	105241	147851	40	6757	1925	13418	9497	81486	14365	47579	46	8441	28086	9435	2937	3379	26086	25	10640	556	37788	39	53661	5092	21237	2718	406	902	7377	957	10742	3051	35043	18473	261753	7998	9605	466	14522	117073	42	1459	9459	17687	16108	5168	48414	12491	6634	119	4251	6625	247649	1360	226084	230573	141997	160986	35385	16282	60141	20192	135268	35806	101500	3945	6840	23856	18054	10489	157	30934	8532	41215	26907	11903	81	12080	8557	1526	5836	1018	8585	19381	17058	14444	2676	5405	2011	10087	55653	2287	18400	2171	30615	43658	41958	66263	12238	17537	44186	41925	43278	63667	69661	19350	75801	41190	55823	75893	8057	169465	27997	137996	22616	59364	71609	69160	99597	16342	56685	5421	41521	3426	107274	12514	21386	2954	40590	5747	2862	41656	3895	20454	10168	23	33948	4656	1281	9225	5313	67652	2248	6943	110555	22134	46573	10096	36546	9952	9299	50532	7432	19711	5300	30076	118	10449	9196	1205	7309	7657
MB_G116	0	460	956	0	233543	0	703	537	22	0	75	0	1160869	1854497	0	0	14	50	0	0	25	0	0	0	0	0	0	0	0	0	0	0	6226	0	0	0	0	0	0	0	0	0	14	0	11	0	0	0	32	28	0	3327	0	0	0	585	36	685	572	513	85	14	0	14	496	0	0	13	0	0	17	0	0	11	0	0	0	13	0	0	0	0	0	0	0	0	115	0	0	677	11	110	0	13	0	0	0	27069	14	0	112	0	156	0	675	439	514	816	544	517	592	180	524	432	409	465	911	461	498	3419008	359	0	1336	3325	427	359410	477	752	496	470	439	503	579	421	0	396	399	492	0	0	0	0	0	17	0	0	0	107	0	0	0	0	0	0	696	14	0	0	10363	452	0	0	54	10	237	0	0	0	787	114	20197	73	0	0	0	11	1965	0	0	0	14	0	0	0	225	0	0	0	0	0	0	0	0	0	0	0	46	0	424	0	0	0	0	31038	0	0	0	0	2877	0	0	0	84073	27	0	0	0	0	2215	0
MB_G117	1505	25983	3419	7401	1745	1006	8333	4083	15415	3825	6599	2502	13278	8298	8584	3813	5632	6151	9616	5099	4182	867	6537	6655	144025	7410	6585	6654	8222	41645	4258	291	5925	2620	9318	7289	7753	221499	1265359	17230	7177	149316	2085	2950	288	6017	24884	267	722	157	2277	1977	1685	17807	187	10479	151	2108	14622	18432	283	10491	1879	3258	31127	38956	2982	4687	22	2989	3267	2239	6599	6654	2063	0	1459	434	3106	34	4079	2057	297509	466	53236	1057	456	1386	2723	1138	29776	3030	192702	2230	7059	339	1174	3472	476	367	2293	26785	6198	4155	28930	12357	6981	131	981	16182	381094	915	25057	357224	16475	21037	8724	10721	36400	189143	12488	3742	24476	8440	28107	5740	10580	23675	281	18439	2345	6479	9395	3218	27	21952	3961	2482	3545	727	3273	3570	625	2236	1990	3028	2056	7250	5628	525	6983	2669	2191	4991	3486	182462	1412	3911	54936	354674	101137	665811	64806	2493	86198	6572	15765	8729	41888	499574	6195	90544	2160	6745	4821	10419	9044	9765	3479	1427	2855	28646	6446	3949	2295	901	3589	3905	1327	13748	3934	3943	3049	261	2393	1398	1150	1457	1038	1730	2242	2307	14865	9449	4468	3137	52539	4404	6911	32566	2808	4189	2816	4039	4226	940	4111	490	4851	3606
MB_G118	5645	33086	93940	5998	13387	43820	434	81954	71223	349	7902	1300	46218	42884	723	6065	7023	819	3027	4229	3637	121	50012	2710	8519	2282	16737	2285	7436	2184	25227	46	21403	2699	128169	5615	2211	4013	24431	2222	1442	12979	110	99	5448	3273	6625	217	2661	182355	2745	16797	17	43156	2057	25767	276	16809	45980	23337	52	7534	6093	17862	96886	5679	28316	4384	120	3076	16769	93	26923	4221	13755	638	2156	38816	139	0	29643	1047	6970	354	1716	75	29	28	3439	6249	478	19247	2591	4406	535	488	62734	20638	90	32515	945	1825	85221	25994	210997	87914	2938	323	215122	57891	180041	200	63104	76458	61479	27625	295012	140858	479907	597176	283556	24486	28580	14870	14949	33472	34226	571	198	5770	263	298	12799	160840	76762	35325	553301	209	23349	702	149	28698	5530	75990	50483	106559	7580	24638	1830	8240	17047	68	16006	136505	54239	16356	1808	13262	62192	5449	1763	15004	52331	7104	6446	199	4098	13116	1204	3073	25931	2970	6845	969	303	13268	4087	1731	1252	11302	15981	8604	675	14051	6163	33	1632	5815	7054	3174	1968	5878	1689	28	3520	2057	243	4741	4851	4527	779	9486	109	1762	4714	618	2383	5228	2612	20801	1372	8690	6894	4859	11	959	3535	488	1508	14672
MB_G119	24106	83692	473403	11270	12625	35	78	21424	17500	187	3612	18830	9800	125991	5997	16743	513	4936	2159	8247	49274	2500	16542	2913	55261	77551	6291	143715	23736	82462	154641	33	7099	32364	10923	86753	56114	2717	107693	5949	95864	52171	33	7239	22	20386	52720	0	52	13	3684	30314	0	70461	274	156395	100	15870	26181	34828	25	17242	11736	56402	4507	49432	2371	9512	14	3735	6770	4990	5054	674	123	42	14385	184	736	63	14411	152672	42816	47083	9844	13	59	127	3571	111	13695	2890	89479	84	5828	391	22636	21177	27	32104	1593	1600	7209	1105	13285	8174	3734	79	127	3216	31186	36	195722	28644	71917	117421	61707	3971	490123	82476	6095	3833	5577	15034	6110	72984	80659	12939	95	294	82	100	2097	14147	517	84469	61175	141	9267	94	1232	3633	4950	40529	0	3051	2175	14242	591	2239	1087	46	650	879	37289	226	11324	212549	10605	429	4739	9979	28441	4935	1366	31013	11482	2748	14401	7540	5512	24903	5519	64365	33767	14283	27742	1663	2735	323	2769	2567	13247	102206	1395	25	1055	582	57867	42812	29076	37001	124562	0	12386	25224	171	6066	23056	6657	4621	41752	63251	39612	14138	521	76777	2149	67133	1890	16551	228675	73657	959	0	1279	60505	2747	42199	34145
MB_G120	88	131589	106721	20878	27954	725	218767	201	15589	62	2254	33224	162523	411	10656	8188	71	27247	10149	339849	2277	79	49	171	2063	32633	1850	2277	1143	2852	19876	1989	431	123737	1461	31140	67916	35584	11041	37656	25635	9522	106	252	64	108	23861	45	127	698	7954	19533	1788	6036	499	2223	325	17862	147317	157658	49	6249	47	3318	56566	4764	3182	71949	40	1295	22011	2958	2728	6060	26	28	148	98	24579	1425	12091	61835	23251	210954	205	170358	94	120	32708	14535	29950	2693	47462	200	23924	546	269	14880	41	32	14457	67	1138	1943	68193	13222	104356	99	167	2850	41996	58	1204	7106	267	184	16015	1911	1875	12263	2490	9603	25481	79	52236	12055	3743	20512	317	319	1975	1228	2425	2786	27	208931	277	1344	755	1171	5355	5562	8928	21210	173266	70	30864	1920	107	9579	2200	12484	7344	17170	163	20714	21377	7202	6139	3357	27662	5167	130322	139682	39806	176303	13131	1164	168	3451	16023	2493	94158	100388	190842	18642	57816	5918	6498	177	13	23440	933	63542	1657	204	40166	9573	24859	31101	13032	10385	13716	731863	79217	99069	4554	25851	8551	88	18	430	1131	747	79400	157	7961	48694	51	19435	8707	34	46220	163	10	23001	2247	2436	33725	19390
MB_G121	121	21668	269468	216	120	267705	1325	191	38876	618	263	216	335	3494	53355	15442	283	1502	164	329	13898	741	3799	102	151	13185	14561	39	35	4803	272	156	1128	107	36816	7936	948	326	23039	1003	24852	156	170	335	26063	450287	898	48	122	98	34	70	47	134	77	271	216	551	122607	67767	143	180	94	279	137660	8872	3256	7679	123	197	842	46	2583	55307	137	0	248	64	172	0	407	48	986	187	158	1387	159	99	232812	498	24955	34	23094	130	66648	16	107	29234	459	1569	35	2064	413	329	31920	968	15702	251	493	230	30890	856	353	24586	1454	722	6316	270	430	1811793	362	132	1905968	172	191	9059	2808	909	208	1239	375	324	766	4325	1337	321	352	2830	1731	97	135	704	92	2209	192	34633	876	235	34	105	269	151	34	30	24224	909	106	90	709	37	424	83	819	3083	214	7689	15476	1132	189	529	146	182	17040	184	296	7390	305	14008	1398	39	697	233	14	51	16	45	26	57478	7474	353	4210	4941	105	657	10953	11647	30	144	12	25	28	673	347	132	464	26903	256	122	399	3298	27	31	109	682	0	101	339	20	63	38
MB_G122	9439	6449	111183	958	2605	136	305	2206	834	9688	4383	2830	92658	1775	319	245	311	283980	5971	400424	129694	1977	31	34573	24415	6454	7228	688	1563	1049	1694	85	244	40089	183	21467	3177	3082	4620	29700	9640	8460	49422	93133	104	2397	19933	33	77141	186	6747	18180	25407	2531	112202	189	9484	293	45375	14505	67	27203	12869	107699	40871	2299	925	153541	68	3838	5447	175108	3350	7679	2355	13	243	114	858	179	2507	28533	7150	4464	1318	406	4727	44147	61358	201492	43760	25855	2084	155462	180	357	107	5782	65	52	34953	4697	15087	2924	366	3063	961	132	154	565	5991	61	2049	215	1183	241	181	2186	1055	13080	227	5026	78582	1522	5166	24625	1661	110722	97	1518	1316	479321	1478	860	768	5781	12539	1120684	360	201	8344	1264	147	6824	6534	35	191	541	326	238	15	13302	304	92	272	9307	6268	12629	45739	1197	22046	3260	3149	14820	512	78523	7486	28181	2747	25507	45831	686	4163	87093	26823	23400	2220	25056	20252	13067	22	1446	3013	32109	109	1227	22906	3586	11472	35820	107948	120986	3374	1821	59955	648	119	17167	11264	75829	1365	14856	8552	38507	4152	112	12938	14699	15385	28274	3588	58	92795	8438	15	8148	632	4564	23603	12946
MB_G123	148	262	107165	540	269	38	353	835	95	61	43	367	650	199	150	335	629	77	92	26	575304	63	74	1026	550	107	231	146	181	432	269	427	665	223	275	261	385	290	225	149	664	365	86	127	92	71	746	25	28	56	40	145174	17	195	41	379	59	155	648	2613	24	20	61	57	439	159968	339089	807	425	93	66	99	300	126	83	0	53	25	187	43	613	89	314	382	69	31	21	50	70	97	135	172	510	104	704	16	262	8633	41	67	36	6393	28534	39	648	278	135	1023	56	291	1559	124	1936	74875	521	229777	1079	101	741	1312	463737	202452	211	132	319	79667	689	564	353	158	280	153	447	1010	26	105	168	72	70	14	442	411	161	393204	232	36	25	179	62	56	275	487538	512	189	131	11216	165	1022	200936	290974	257	188	668	400	186391	113706	133	92656	176	433	527	597	321	267	238759	587	228	1817	305	0	21	85	286	352508	102	41	94798	198	27	912	70	103367	359287	0	287	163	31	33	817	122	29	56	1439	328	785	473	291	97	219869	268	304143	285	116	223536	37	178	230	12128	71	50
MB_G124	141	365	450	110	141	1287	1218	429	284	177	231	75	1278	434	185	53	351	488	46	223	423	387	36	90	195	105	54	85	45	208	103	181	135	236	91	118	187	127	106	46	251	89	148766	252932	636025	270	129	88994	328	397889	79	34	1391	36	395	358	51821	688	356	382	241	166	228191	35568	293	166	7409	109	140	41	393	8868	201	230	215	85	246	2729	230	18	80	102	105	37	4180	136558	44	198	153	1008	239	36	170	22124	348	33	203	88	265	37	66	5631	54	116	454	584	5710	183	1416	749	448	86	358	428	294	378	776	673	406	1211	402	47	423	57	341	823	429	2015	3974669	441	1880	2813	10607	737	14	7415	288	2871	24	240	52	105	1294	130	184	26	478	31	27	173	32	86	39	632	68	43	21	114	542	52	30	44	142	469	104	52	35	74	29	40	65	45	30	145	23	130	116	67	29	58	33	23	47	39	93	118	51	15	30	34	45	28	54	1721	68	61	10	24	33	23	40066	25	22	50	35	75	22	41	81	165	67	217	50	51	1232	26	51	16	32	56
MB_G125	469	61451	474355	684	1874	162	934	2199	719	473	687	13357	53013	31286	2477	75404	23608	929	811	1312	60778	82	20426	15113	12969	18235	16153	101692	23000	38170	82945	39	27231	20983	48057	26010	1041	12327	102066	19770	48238	33678	279	1685	267	896	47666	77	314	128	431	38844	225	20872	197	59414	233	15721	181499	236888	32	44821	604	25008	1492	62135	51514	71749	98	37559	755	629	13608	660	249	257	4510	275	575	19	39247	2882	14284	934	67	69	206	174	2548	158	20992	14810	254764	18257	932	209	682	118303	58	423	407	1309	24764	982	72729	2685	1215	109	602	962	115081	656	144924	90487	26450	64780	98411	2044	154735	17272	25432	17928	39896	846	1628	26541	28489	5326	215	1180	627	2058	2815	17554	25	1257	43444	291	3893	85	1094	14923	9867	54761	1304	32467	305	24579	466	938	4643	292	2676	4149	2595	29710	4929	51635	32740	33849	37429	88920	102797	20471	67655	57733	19291	65121	10790	37277	178211	196138	47603	2065	14963	45326	32941	3723	8354	129	16847	18285	680	28361	625	5213	14264	1059	12168	50399	11502	8210	15463	23	48419	32838	259	415	33210	127	375	962	36183	32968	3031	1134	10717	9605	28525	66213	22277	1379	69018	208563	107	1465	16237	146	7662	893
MB_G126	74	20020	291002	216	255	228185	422	608	36993	247	846	923	169	1788	52856	15229	153	624	210	781	13118	84	3448	90	145	14100	16537	258	206	6268	331	98	5267	893	31300	3868	123	501	18989	1665	23725	684	121	156	27313	391615	32262	47	97	79	56	1133	21	640	60	264	182	700	120322	57115	77	64	65	332	133749	1900	5009	336	97	54	177	13	3021	36578	483	0	177	114	661	0	359	55	1142	59	97	259	0	106	200496	443	25469	289	23298	132	52374	16	1611	1936	414	1247	80	177	197	532	33295	10939	14464	227	4610	1114	29570	160	2611	26348	665	880	11655	7058	450	1452212	301	507	1968439	372	167	129744	382	1438	174	772	174	234	553	3300	971	1472	3994	881	1104	57	274	1502	168	5528	28	31980	1197	290	78	89	189	22	59	154	19599	1357	293	1072	295	509	347	199	1037	2671	293	6801	16310	298	240	583	252	422	14784	110	812	5839	911	12252	1854	349	1255	21744	559	87	93	43	106	51033	7964	337	2695	4531	185	710	9796	8744	82	266	204	59	14	41	65	368	226	21594	171	238	1647	3276	64	25	111	368	15	75	143371	42	99	332
MB_G127	95683	5251	92521	28172	16035	2526	527	16130	36294	1491	870	2192	15216	58756	1506	1101	11657	793	349	523	64387	992	1451	693	4723	3430	13824	3725	1804	6478	1908	235	1689	407	3729	16970	1740	1500	6717	1334	5560	853	7000	402327	4680	4721	937	188	474	298	469	3499	24114	2383	20995	34895	356	4735	15345	1103	287	858	26199	11460	57973	2866	2371	1813	202	49436	3929	7951	29576	14233	12683	242	5663	1204	2653	0	6988	20982	2427	603	18170	377	4965	2961597	8460	562	2404	4231	801	971	936	58	8700	11636	526	70171	3335	5485	586	4381	4698	16082	1201	152	6660	13270	4277	277	5269	1399	9474	1005	1635	404945	12336	13402	5840	2438	44266	20541	13507	1742	48095	14953	88	367316	492	17289	3634	22027	2271	2213	86516	451	7183	1202	284	5678	2676	1367	184	3420	41839	2022	198	16927	348	25746	1925	1677	11513	179	159	71055	3541	737	288	194	7936	118	716	291	1521	355	453	754	3925	425	285	1492	125	668	539	89	246	230	1044	15703	478	650	11259	938	720	78	4934	985	402	1774	1012	0	330	23389	78	4906	9627	16364	277	2352	2210	1807	458	1113	2240	256	8192	653	213	12335	11850	86436	95	532	2990	383	3410	4334
MB_G128	23993	42087	328	41871	1391	1060	229	258	15022	291	6942	2935	15576	29699	243	83	171	2015	404	609	258734	162	93	235	7793	5374	1678	14772	93	25649	1564	2099	58	132	1917	77	23882	146	343	120	718	343	173	930	193	147856	67	79	263	160	4628	826	623	108	95	80577	183	747	309	3300	128	5405	224	569	323	769	841	84	108	366706	292	711	17795	206	147	18	271	165	1087151	4321	7898	461082	23298	2123	107311	461	255	1117	109003	187	5746	459	1086	265501	1393	1318	174260	1478	160	138	248295	62	13101	10378	1783	33858	228	87	335	7932	664	4399	130	144	3701	136	2178	2181	32218	273	121	74	57279	33483	2958	278	107084	1795	126	1341	207	1112	915	388	38	252382	120846	161	911	32	101	3075	44	2096	44	29800	43413	4835	37	169412	25	1198863	141	94	108	45	0	556	57	57	44	84	48	39	24	23	92	78	77	59	48	197	0	415	40	44	307	690	52	40	74	0	182	528	416	232	306	941	62471	68	131	28	3916	0	71	24496	47	36	172	112	155	111	81	1694	6604	139	1777	46	138	496	30	224	81726	47	0	322	32	25	103	453
MB_G129	55	1900	5275	41	14495	217	101	2478	484	171	280	127	15522	13023	129	63281	318	160	74	5037	13631	107	24920	6883	43317	24899	1917	31431	2294	401	206922	27	98213	61	2029	1429	10602	43	7413	974	220	68989	393	68	1322	298	1553	35	1814	21541	115	25445	0	388	64	36890	59	5868	526082	11219	33	673	167733	4910	24366	47004	55281	46445	80	1447	114	10	276	333	171	162	16259	1928	62	29	2376	76	25944	956	36	29	51	12	136	825	4433	802	72368	47	70	31	478	18443	0	6192	10	720	5885	460	772488	7221	1017	122	8017	3833	279872	19	8943	427752	159019	76149	406862	2639	262831	48032	71501	59748	3667	2739	1109	40023	3476	178	490	11617	587	271	3574	17873	2011	1516	208329	136	8406	16	30	11042	7048	40954	784	134718	201	57808	65	2082	15289	30	2806	8934	23981	10342	101	778	65210	8202	4810	71389	62298	21789	34233	3842	17452	26417	2361	15731	198797	27588	55816	141	589	25908	13649	453	3492	107	10551	9100	1111	42878	858	328	698	469	361	12367	1312	462	324	0	17936	4292	59	37	228	680	16	388	147	36185	148	433	100	11887	17957	88547	1411	1514	15498	4339	136	838	223	88	7114	200
MB_G130	447	5240	1167	495	4270	283	822	95	2422	770	260	44	458	111	2086	313	211	5570	299	27	4082	1614435	48	15	68	89	35	48	14	26	671	246	43	366	710	1424	1486	20	117	1524	1079	714	98978	4369	36423	3129	1216	188	605	1072211	114	1110	2067	520	176	743	1327	3141	273	3270	251	554	986232	313	2373	27	96	2210	223	1304	1298	314	1778	2623	6294	0	866	717	219	0	15	179	908	25	251	341	1493	227	1342	63	2111	0	64	84325	1008	38	343	46	261	11	0	438	13	396	1012	154	11872	124	126	2130	191	20	113	425	80	152	106	215	128	149	539	33	681	31	6112	173	186	4470	1492632	1283	27764	2755	3544	6606	0	3674	131	3944	363	699	1754	44	559	57	0	17	285	292	283	1130	100	71	637	1024	80	301	154	30	57	737	16	15	33	135	0	0	535	126	0	1492	35	49	16	1146	154	76	1735	13	44	79	82	74	630	16	359	12	0	297	380	460	150	0	16	84	685	80	687	281	34	66	57	305	0	23	670	229	681	362	985	450	22	1038	244	1578	392285	50	108	261	211	292
MB_G131	58170	39046	51024	5114	2496	13780	289	371018	21474	387	1509	978	50839	96638	1045	3646	23932	3003	6985	2007	1158	517	19260	2712	8060	25128	3417	3024	9401	1306	5857	31	86759	523	185932	5905	1636	4760	5126	3862	408	6793	74	112	12580	5159	4233	297	25524	44342	1559	19125	182	11295	5589	53445	82	4767	40339	27996	69	16446	12541	6616	73624	3273	8086	7896	46	2932	2987	337	20470	4434	4306	45	5356	14584	1148	60	6090	1451	4516	451	3177	116	132	32	2561	3283	1150	52983	1590	5110	478	309	6353	5835	56	13205	75	3604	12556	11983	971055	29918	3907	186	37330	139717	26142	57	43615	257308	77319	24951	40326	24336	22494	44440	483805	9084	13426	9026	23427	19975	12979	326	208	2268	636	359	28101	79810	30677	37946	618920	467	50010	232	547	7823	4170	5904	5695	59276	16610	2433	965	55801	53599	56	4251	11888	16689	37074	1012	2293	77162	17497	1091	14260	5476	32535	1449	160	1348	2771	309	1001	5884	5719	2146	1021	5810	2245	761	19322	13322	100166	21714	1247	2468	2995	1396	2624	35421	6971	3100	961	15212	223269	869	32	1179	3120	30158	3334	11300	1404	114	38499	351	1588	3640	542	2602	4063	1959	3005	1112	1199	3327	13023	415	445	2789	1447	1571	2617
MB_G132	413	211498	191371	67336	1903	375	8528	3060	31280	1690	56967	8622	208179	4128	2212	45696	267440	618	1116	106185	1330	182	1422	58715	3387	742	1116	6862	5657	10909	20742	88	6044	4283	27140	1881	14252	642	12358	22496	2465	2353	80021	776	240	76951	1809	225	353	382	163	73326	120	4200	477	356544	307	1814	81589	157661	47	54920	3226	7930	1065	8296	30370	123279	151	152076	80068	726	31462	9962	1152	0	1385	415	1427	16	27079	859	17093	4040	7082	89	126	253	9386	598	1843	69323	3992	670	11409	5597	810	11351	358	30255	533	549	37206	22169	108281	328203	23673	290	1519	1243	42171	1371	8364	13982	33239	2611	21500	59769	223543	56473	32471	17296	2944	125077	33451	144362	120675	2989	445	1671	341	616	1814	1626	753	3650	11723	843	38125	311	1914	14618	1595	8687	214	23944	185	48112	369	112	41402	1603	7568	5799	39730	3727	372	1753	22600	5780	9361	7020	11404	1516	17121	6736	10371	38914	5103	1877	104917	4759	20483	688	5166	8092	2982	115	27555	121	10292	6447	15544	2594	10765	461	1627	485	9832	66595	113990	15258	41617	0	30156	101012	143	1306	44116	204	259	501	1054	100618	37402	2351	14530	31410	28389	11089	23436	678	93872	459	27	30513	39208	64	12038	395
MB_G133	1686	2880	3722	290	458	1395	320	1347	477	865	1031	116814	4094	691	957	471	3535	4655	838	3284	3344	109	553	1283	1275	563	911	629	562	364	1228	89	125001	758	694	1354	80423	1276	2928	1424	835	2077	2053	3832	249	1316	66558	35	2551	220	1642	661	564	1319	1104	817	339	358	2940	3573	21	1452	514	1947	7739	1971780	6002	1685	20	437	433	4551	526	1088	253	44	140	224	460	43	48649	820	612	415	138	201	246	1534	1827	4758	7494	527	51098	2840	2281	36428	109	1122	13	72	1337	975	165206	864761	136144	3756	815	335	3310	3284	601304	70	851	5381	22815	3232	8054	1078	4377	3465	1207	723	25487	408	2967	45561	610	3391	208	554	574	15783	2262	988	184	4887	2790	29538	485	106	389	8496	1752	2067	3837	207	106	3395	266	96	291	351	1182	677	195	2610	383	237	1613	371	11110	159642	23510	57041	161112	1916	663	1139	24991	90936	4881	60232	174	1713	818	130192	11885	4859	513	2041	1104	4176	339	1348	505	1118	3112	216368	642	1242	249	1758	24895	69	2854	93823	240	785	242	2354	84	475	499	1094	1349	451	69902	462	1607	1346	199	288	1785	380	37	1272	42153	80	483	664
MB_G134	4033	125	7738	810	647	1703	17854	15869	719	11783	413	23	99	162	453	50	88	1793	21	17	182	430	0	5177	450	77	50	24	115	26	43	137	35	589	28	19	27	35	11	91	10403	4803	7205	154246	12023	2584	326	25565	38399	378802	14	1939	5541	66	1753	169	25207	396	287	209	12673	105	709	1801	793	152	13	43	832	156	1124	867	1165	112	29384	0	41989	479	1395	220	42	865	87	43	151	134	2491	262215	1155	260	1231	36	3383	10841	56	0	128	52	9740	5599	633	1039	13	64	252	574	174	98698	3782475	1937	184	126	183	441	89	270	395	3793	493	116	351	179	2992	39	97	376	155	6667	161945	178	120823	57173	11984	2229	45894	629	1966	30722	42	92	638	80	247518	244	3146	11820	440	23	33	29	30	60	62	75	33	17	562	120	191	39	71	61	206	22	20	128	185	2055	0	13	847	20	32	669	15	353	62	11	11	558	314	32	29	11	10	3552	56	0	21	0	29	1526	0	919	58	294	13	35	36	2159	2523	0	15	19	27	14	0	60	128	760	15	169	31	82	177	0	496	174	21	53
MB_G135	32	230	343	78	76	296	323	282	55	131	351	108	214	328	39	152	191	63	76	103	232	48	89	170	151	565	151	68	60	81	67	17	258958	48	252	117	84	128	374631	78	125	80	297	226	25	498	90169	27	11	293	63	116	96	46	30	277	119	184	358	267	515	26	82	62	108	144	77	88	0	219	106	87	186	548	239	0	88	7526	74	17	53	229	128	87	15	29	21	30	105	375	154	92	204	148	34	0	66	116	1660	153	270	99	102	198	509	163	78	58	748	1028	205364	249	530	750	622	924296	327	865	422	146	157	108	494	2682	72	391	372	300	665	328	40	1014	1100	387	93	282	348	177	72	17	52	111	1135900	477	123	38	40	58	75	82	15	24	58	139	68	114	51	89	111	82	61	52	3468	19	45	74	273	37	38	36	135	83	109	204	58	74	108	2678774	0	98	55	46	49	69	75	516	41	58	79	81	16	87	61	0	25	78	15	28	79	24	33	103	62	89	61	38	76	93	409	58	29	720	106	205	25	93	35	19	296	43
MB_G136	253	8331	3769	389	2906	202	108	4461	754	1301	670	3392	125188	2103	689	27265	1405	820	1928	748	6917	441	3543	1766	27584	826	14666	69199	3512	53419	235328	33	56228	853	8646	20196	834	440	62015	3225	5254	8443	2001	1769	118	567	7690	770	6750	845	160	78915	367	637	241	86381	2057	1087	474019	44860	11	176	184	1140	2082	9524	63649	54337	66	1269	373	469	961	816	2910	75	2258	349	496	42	55200	2225	58610	70281	165	20	529	234	410	339	4632	21107	18450	1445	822	91	182	372901	0	1674	1294	784	43951	970	661505	4461	1500	87	2477	724	49462	247	150371	157470	3496	8111	181113	1277	6592	3943	7113	28173	2555	386	3753	734686	3102	2206	18488	2132	156	769	6129	1811	2925	1646	1189	3141	1126	189	2150	72079	513	167300	985	57084	328	2915	387	103	2405	571	456	789	874	9068	869	2308	11134	1274	8379	11863	86062	3566	22630	1591	7242	25124	2525	7719	232946	13415	51241	888	2623	24703	2135	291	1172	48	5173	31579	1167	20099	560	308	1180	1950	4295	1499	1046	5229	942	61	349	2635	23	405	1148	482	461	1165	3243	2319	2247	82	8477	7710	12160	28308	13624	599	836	1209	170	8153	1493	63	1049	614
MB_G137	230	1046	426	225	198	606	3320942	3849	246	25403	179	509	490	823	181	227	346	316	347	479	568	221	144	228	742	315	546	136	410	801	235	18	222	106	255	144	347	198	177	124	366	150	1313	1194	63	1534	298	2852	607	85	155	92	1743	196	66	2195	85	507	612	603	0	768	3276	1603	1527	211	481	144	46	488	860	449	150	214	91	0	524	141	8667	103	218	3165	523	138	23	186	224	566	8840	1782378	305	540	545	683	918	10	483	162	2313	203	1179	423	106	265	971	754	266	138	504	1539	833	487	736	445	1258	679	757	9050	3943	716	441	115	1056	157	446	3467	1309	2251	206	4204	2368	5177	6136	2015	0	1540	3376	4661	105	26	151	305	70	207	511	345	81	248	120	697	76	299	70	158	235	121	55	1320	223	267	205	212	313	99	304	219	149	544	224	270	344	353	159	16831	85	397	418	305	68	127	145	62	447	161	291	2773	57	75	128	391	154	271	215	103	315	151	60	73	116	865	691	181	106	325	318	418	198	129	207	388	81	6387	3300	224	103	225	412	29	401	121
MB_G138	8506	20080	13337	1507	2665	3048	1576	18532	4869	415	5903	1485	13284	28526	1421	4402	4599	748	4087	854	2301	952	12204	4412	4531	4863	3789	2542	6759	1788	4164	35	6935	1188	5593	3010	2143	2441	2529	4221	1591	3860	1706	615	2926	1799	3670	1578	1805	796	668	5891	294	2106	2233	73334	92	3299	30496	11100	100	2173	3370	2339	43994	1875	135532	3952	466	2600	1678	1108	6829	2070	949	35	1032	6455	584	37	5615	813	8540	908	652	530	147	182	1493	12908	804	1928	2761	922	1080	282	3251	6041	548	9778	647	3248	5287	4192	24208	47455	1681	407	20973	35017	17100	283	31987	21192	22292	17950	17804	19605	18343	24873	19523	8396	20084	8293	15093	21198	15590	2986	345	85147	879	1692	6984	35712	9842	6741	27303	467	9231	663	632	9466	9094	4339	4059	2608429	1463	8362	3313	6907	442630	748	5982	6170	10793	266082	1164	3221	5510	2406	2336	4784	7239	1244	1757	974	2065	264740	972	30604	6138	1887	2758	1782	982	57190	2084	966	1631	664	9151	2835	1772	2515	4260	1410	1383	2595	2939	1522	680	2008	1775	41	1204	2735	1853	1169	2075	1905	737	2277	853	4236	2082	340	1998	1636	2963	1839	4282	2037	2273	2140	298	697	998	404	1840	1686
MB_G139	983	5903	1052	272	772	1924	435	1656	409	1100	291476	685	2847	1751	1404	1336	214118	998	1255	1422	1342	1438	1314	1059	1134	1204	721	1613	1335	1212	791	116	3027	830	2136	971	881	1113113	1808	781	1361	1881	511	2951	200	563	2426	765	134	4818	514	895	85	1051	579	3260	85	992	212739	4755	58	2480	2035	835	1465	575	2609	1374	43	2927	1666	2181	607	631	663	11	1773	3097	1095	10	2094	326	1074	1001	226	1794	110	195	816	2283	3282	452	13363	680	789	349	565	2057	84	1056	303	1846	1485	1893	5051	5163	886	831	11029	12163	1088028	3803	5212	99749	4057	2750	2070	9828	4735	633554	4291	1010	7203	523	3219	5190	1633	3905	286	1239	491	326	1755	3672	1286	2145	3770	554	1454	105	1343	1183	621	1206	1619	607	719	1320	1191	723	3550	383	490	592	1852	1179	480	1456	1149	1283	108718	260472	1737	291	51448	935	1017	94505	438	1586	2013	1268	1598	839	783	136409	1534	935	105284	292	857	738	2663	953	280	204	86513	614	416	434	399	1100	779	249	640	246	205	176	287	289	592	882	621	656	847	122908	892	720	547	749	56804	529	602	846	127	229	1277	106	247	190
MB_G140	37	162	197	31	28	259	320	186	20	51	141	55	1463	156	102	163	56	230	222088	51	5578	802	60	40	60	50	21	267	31	99	137	16793	50	124	41	60	113	303	209	59	35	145	301	70	4085	57	130	347	235	99	10	60	304	73	44	643	92	3329	548	1011	28	150	281	51	432	173	103	73	0	611	226	77	1124	63	323	0	19613	68833	49	0	53	23	45	47	47	394	363	17	0	255	58	97	121	2764	0	0	1716	130	58	36	82	600	30	26	684	202	218	870	27608	654	412	123	243	257	229	576	171	335	310	308	420	128	274	27	234	294	296	386	4354672	461	249	148	700	20101	41	7549	205	288	79	52	30	64	94	39	40	185	90	27	11	2904	495	21	57	38	23	28	0	50	16	29	26	63	55	23	45	46	23	104	13	30	83	159	18	73	3972	40	50	250	23	51226	102	78	156	38	15	32	0	12	26	186	28	13	248	401	11	65	0	12	0	17	928	49	37	0	31	91	28	90	71	24	24	51	730	87	741	10	44	0	27	0
MB_G141	4347	55490	12136	5413	8571	3049	4860	7368	6628	6861	8890	12118	125038	15366	11259	10802	18366	8009	13780	6714	9562	2655	94792	93824	22208	12213	5356	7430	35867	27986	32481	308	21993	51328	21220	11565	23182	15227	12509	21484	16607	39589	6543	8205	2128	4245	29306	757	2031	429	1887	9971	2627	33735	491	97888	482	4931	49052	41316	183	6143	4800	19733	27656	22374	19200	30037	90	8772	11524	5202	4306	14891	4181	17	21767	1042	14480	44	18707	10825	24363	7344	1153	1087	2244	2786	6708	2706	8426	5204	23674	9918	8470	648	5022	27513	53	4199	8571	24726	14460	20788	103248	29506	8000	450	15228	10899	189127	1213	45611	157966	128221	34511	23608	17155	57261	131073	102395	40678	54551	3311	18613	60510	396380	17782	212	24425	3561	15056	26576	11131	56	15595	12867	7827	22379	1043	6802	17117	1785	14742	1370	9560	3537	36674	3443	2910	11512	3378	13284	27755	14941	13720	5291	106684	19033	14215	29681	25097	14523	6010	27168	14001	35834	16549	10450	21085	21518	17046	9789	13680	8206	18327	29809	4020	21086	1157	4788	2810	9243	8839	11761	4155	30139	58475	12229	15093	4491	20559	48662	12	22926	14989	1125	2842	14713	2881	2596	5567	9268	27321	14508	5584	17721	11313	15797	9175	38505	18087	54118	6393	295	80023	21197	679	8356	9011
MB_G142	339	8358	2675	1065	7046	4652	5432	22918	1838	49375	6437	2235	4995	7773	1731	108510	467727	2752	4085	5923	7163	1323	1229	6206	3047	3799	3924	2899	2486	11965	2491	235	6491	4233	2556	2569	8233	10855	6877	3363	12779	3712	1563	2571	1519	7070	357545	71	2840	94	1011	1962	732	4920	146	6091	146	27768	28001	11137	213	5603	1396	5947	22094	1157	7934	1812	92	3921	52117	26359	8783	3046	1988	0	19690	1536	9262	0	4302	20356	2751	580	1170	107	1052	4194	1786	340	7243	58146	9938	3201	9330	4414	4299	17970	651	1767	1494	6385	1275	4880	953464	46375	9758	149	9378	10585	22009	40084	9977	12916	11006	25302	23280	19610	8679	5150	40740	22819	23688	4080	200954	1951	5842	12306	110	2657	5487	3204	11894	17619	26	4879	3273	364	4505	1971	5742	3391	25873	1833	241	3313	874	1340	724	16869	109826	1491	3616	8378	12510	3247	1007	1884	1572	2387	1239	2914	1863	673	8210	5913	4924	5201	2075	4927	3036	11355	1137	4932	6971	3184	3699	2736	140134	718	126539	977	3488	2201	2056	1992	1565	1076	712	923	2085	2422	2575	26	10283	528	5457	1255	574	1899	5951	5412	1405	776160	1722	5624	897	2357	4550	4323	9013	969	10322	3342	119	576	1561	564	1010	37119
MB_G143	190	7612	990	130	368	63	266	5709	167	93	316	295	1479	1023	432	11652	1600	318	366	686	2128	15	405	3273	2516	1022	46833	561	1291	1288	6853	29	1193	297	1752	750	579	329	915	795	477	45942	122	127	74	301	42427	867	32	0	82	4383	231	127	12	1055	57	550	2529	6438	0	70	103	189	4134	3767	2053	7964	12	1272	150	373	131	339	119	0	84	759	602	0	3376	219	1860	311	3844	15	17	72	533	813	2219	653	7432	337	115	46	154	1626	0	237	114	659	32054	399	14074	1250	268	124	472	618	2692032	79	20572	507386	309407	1827	49976	558	5167	208043	4786	51609	724	1303	4021	6747	2676	799	150	509	148	533	476	372	12	588	6160	872	174	20	145	1658	242	2437	888	1050	253	1029	6544	761	1092	1871	153	1427	342	40508	129	667	11454	2474	1918	10447	6206	4522	19208	1412	503	990	21477	64429	10520	952	8351	1048	857	19617	69326	60	553	20	482	968	201	1654	1133	182	1283	611	62	1146	232	1956	2203	11	71	662	712	468	328	82	66	143	56909	817	1065	144	4924	322	1192	346	1535	348	823	1043	41	399	567	210	63415	176
MB_G144	49	12384	114115	934	3865	242	182	1057	4853	929	3709	390	2202	1906	716	17359	652	415	1466	3768	389	140	1650	2784	3487	455	14717	773	9047	92847	8597	18	1952	884	4755	984	1378	3826	162507	3036	2714	1586	1834	276	65	208	2122	21	158	15	90	2363	253	709	123	1390	40	1611	2696	9163	0	873	539	526	3040	2891	8421	1357	28	1673	209	20419	1084	2913	112	0	986	38	280	0	1674	6589	120389	103	183	346	177	159	251	600	410	1681	1416	360	261	54	70	2577	0	215	747	357	220614	2729	3855	2483	603	211	480	1104	4447	1957	8191	6258	2410	2006	13612	1579	11994	4888	1773	4459	2180	64	1120	1090973	1830	18899	214	1902	764	1159	3270	1442	0	866	825	331	607	97	1628	173376	177	3903	114	1729	350	1686	506	932	2024	677	330	621	407	1137694	196	761	497181	9968	1664	3231	18043	17837	4456	2049	346378	2732	6253	4730	2290	1496	5902	619	234	3766	687	290	331	66	570	758	919	1125	642	131	710	300	274	422	902	17289	1929	0	1821	1054	80	464	488	213	162	657	1279	1410	2564	1448	573	500	10618	1576	480	731	812	682	187	784	805	1543	755	108
MB_G145	311	289	522	50	85	18568	196	7123	59	6166	66	57	858	211	114	147	66	206	128	148	105	1468	39	158	189	63	43	122	48	134	96	53	103	363	61	50	80	40	82	71	86	70	1913	147	114	195	155	435220	216	59	29	192	78	124	354	209	101	144	649	1110	6460	132	168	163	1810	138	103	155	233	149	120	178	99	177	81	0	455	71	115	0	184	130	46450	50	42	256777	63	36	211	688	19592	1341	120	1411	470	0	107	139	9638	193	61	1102	23	98	1239	329	1173	1983	631	310	439	3560	813	356	229	211	235	668	1124	21799	132	232	6970	52	235	542	993	871	2443471	623	1029	901	632	8961	4221	4443	307	1021423	20	0	681	135	16	158	480	69	37	102	16	26452	56	624	13	20	34	478	10	127	98	78	44	117	74	29	105	134	52	121	32	65	121	538	46	165	39	93	256	31	32	0	821	58	64	126	117	116	105	149	106	83	404	4936	513	71	52	763	18	11	414	218	78	19	49	60	152	2673	66	7586	61	56	41	62	81	39	1619	64	24	0	35	257
MB_G146	650	37736	5238	358	2027	239	1491	908	527	102	3745	1328	225428	6327	2370	11144	10411	2667	5773	5956	7853	492	6660	4834	6464	2917	1705	4945	6733	14652	6389	53	34673	3329	14299	9221	5880	517	20792	4537	1194	15497	153	1184	40	303	10207	233	71	0	368	16418	241	2170	38	9008	14	610	41312	27550	0	173	439	712	1997	168657	7325	10459	27	6734	865	276	721	1294	1642	17	591	1065	377	0	12915	988	10864	2828	129	56	0	163	2814	3922	3462	3022	9690	1547	8220	310	339	17999	0	755	82	3048	8227	4677	92388	5571	1693	86	127	452	64393	292	448928	404844	19700	29723	30448	4330	19772	8285	11739	131459	13834	1132	2969	20206	30197	385	77	591	191	755	2447	2072	22	1079	6288	84	5943	114	336	5177	2312	599481	16	28952	1278	5042	817	171	10979	2308	1581	2041	6820	351922	2516	5360	23924	2259	15545	100556	115683	5292	12313	3049	3737	4220	54535	6431	91913	5828	56450	2546	2794	337342	6800	260	3895	37	4252	92336	504	5686	364	1200	2867	5643	553	33136	3251	6781	4467	0	5924	2701	106	240	583	238	388	532	2711	5735	4222	971	3322	5437	3272	4974	13070	1301	1896	1223	14	1253	2895	88	805	5322
MB_G147	167545	57086	134093	7400	68407	2626	151	2597	19570	517	1845	6076	50954	259867	2106	8963	21542	1650	2731	1078	2970	93	5715	8172	15320	12916	32990	7910	10526	6051	6814	92	6576	3205	12293	4496	11165	5781	4266	3936	8306	10821	2443	4634	1760	14526	4206	278	296	34	483	25162	1285	1904	183	38248	211	1568	43654	183999	56	1685	4043	5188	152459	4598	35866	14579	58	29603	1738	1979	5651	28974	721	14	3791	3013	1992	53	22100	3469	82245	2900	6127	113	117	5396	8737	2252	3890	4913	8622	1740	866	570	4045	37437	62	66102	1375	1496	8981	40513	394523	64307	4384	168	1813	1627	26529	14661	28956	37185	183338	13414	54160	24172	62277	30739	22143	6090	5728	5041	2412	154234	47890	3110	203	17524	191	2700	2478	5942	90	7613	142383	439	4512	403	244	8015	2274	205468	250	12986	40376	35257	294	2374	12626	203213	8360	1989	7163	3194	1584	25915	4949	5880	4977	8479	23269	1752	6356	1919	4267	9008	4414	2931	79090	2782	6842	2423	820	45650	9509	315	7213	395	6031	24943	1193	30086	13944	498	2426	7402	6262	8167	4697	1650	30974	0	4616	9634	100	6875	1644	1270	583	3021	3636	7266	14336	742	14545	4076	3982	2243	6959	4435	2916	3309	13	6159	11927	125	3288	864
MB_G148	5434	23464	5646	5312	8986	2078	69917	9253	5367	7912	8655	5175	31464	11129	7306	6293	10326	14653	8625	6158	7918	1465	19767	10488	11674	16403	5772	12378	9649	13515	9072	1029	92160	4115	7193	15572	11630	13599	23654	10989	10397	16097	9626	9736	1117	7358	101490	766	6210	561	1859	2382	5280	10522	825	19826	160	3636	23058	20319	331	8678	4607	9742	21257	22339	6928	5902	43	8486	5808	10958	2585	8962	3493	0	6557	1439	11239	27	6461	8761	17400	2790	640	684	3966	3044	4752	1349	6817	3404	8484	6432	6158	943	4004	10891	124	1682	18562	14389	9171	9627	19788	21112	19798	254	8082	11325	71423	3073	66173	657915	31198	29189	12095	20712	23479	230556	33951	4397	30393	3362	23820	887579	23921	64874	1262	54439	5146	35637	13687	10364	74	12829	13970	8252	2891	1308	5365	4357	1129	3642	1991	2318	2224	6804	8843	2077	2620	3668	4034	7652	5064	191813	1907	6576	7345	7819	6179	82311	90572	4663	9359	7728	5157	11020	4994	10163	12105	11530	3940	12269	2999	16722	14195	3923	3263	1261	3425	8003	7774	5715	6013	3695	7987	6485	1804	3709	2254	10631	4644	65	3130	2594	1099	2108	3330	12058	3181	5281	5373	5071	6431	5137	15853	4342	7710	3953	4356	6078	4841	4565	891	4106	4735	486	5088	4613
MB_G149	7841	17196	39628	1484	6027	372	26981	1274	9218	8322	8631	9066	21476	13309	14148	6768	5508	13344	1535	65694	13470	5922	4171	1501	11161	22033	4644	9453	4426	11100	9464	81	3441	21695	7196	3026	8784	9553	4920	7131	6839	9072	5787	4118	1860	8345	5528	49	2747	3751	2884	2483	4062	19381	303	10565	6751	16047	43968	10883	14313	29297	2218	13335	19618	22597	6564	10250	5559	14332	32071	24745	6002	672	2252	28	70398	3651	1268	246	2299	25685	4578	281778	289	185223	9666	279	25633	8365	5779	471	15620	25621	7567	254	1815	20301	23139	2561	20520	722	5187	9400	8749	70083	161638	861	9591	36642	35276	37663	16961	41799	4368	5408	2489	89568	16408	11705	35064	2984	75396	5163	40954	4242	72827	64441	31509	43326	107425	70469	192196	30378	5060	29193	26486	116576	1730	654	13391	20123	3937	2135	83	2110	3936	4409	5136	14046	4976	26319	4589	9097	12307	5834	9777	12633	10181	29049	6928	12629	15848	34687	4877	6124	4382	14725	1548	33757	6427	55687	18556	17184	17530	15426	11369	15599	19421	2710	34946	5480	21359	9681	14519	3498	2046	483	9629	13943	199347	2571	12741	14105	55191	14312	11979	3175	8577	13567	3005	10687	10021	3609	42635	4458	7411	42425	1727	24728	8069	4612	2085	40194	12694	25935	234	1292	6311	13810
MB_G150	16563	45035	27730	4850	65965	996	214	3852	61928	991	6291	153385	31482	38088	1767	23934	1689	2933	1978	13081	50552	258	4889	5713	10651	4758	10823	9953	21967	43994	19896	68	4491	2742	32401	16041	3935	979	5962	20724	64741	22602	673	1375	511	10550	3059	204	209	78	170	13895	746	1391	77	128840	157	999	81153	31536	65	4730	748	1549	5955	19113	4994	14725	41	92959	8538	30027	18341	11633	298	15	5412	647	1279	39	6840	29264	9756	99578	3478	226	122	465	53568	2624	5921	12504	10124	18053	27422	1212	26313	26196	77	26245	6056	385	4742	16170	203273	112751	984	57	5187	405	87475	674	8686	5259	5580	1278	39862	111631	52637	10809	9594	12395	6724	1677	10729	211026	69935	2252	65	3726	333	1763	1292	61992	19	7853	18524	204	798	165	480	10235	4640	42495	298	6152	5737	9588	422	278	15318	511544	929	971	1012	4114	2700	10022	14252	862	5562	1673	6910	842	8912	6763	3590	29097	13332	1420	49986	17863	7363	23389	4422	7307	13899	1498	8953	71	9062	6682	786	10128	16845	12096	824	13399	11411	10486	40398	3979	20500	0	26926	26221	137	250	15099	576	3297	3744	16070	36201	16618	450	74500	14706	8566	4936	13564	2521	18905	430	0	19966	34427	350	1856	24150
MB_G151	7668	45020	79720	8420	34220	11222	74683	13134	22167	1531	11929	18975	40755	32888	21210	24066	1088	25754	31477	36368	29256	4375	18779	11434	13263	28247	9288	29325	12513	35768	52245	455	700	959	18804	47093	32700	13144	22434	24022	51032	1037	8985	11998	3264	24362	64162	27	141	50	3392	18796	4060	15943	129	25290	153	8102	124424	121339	56	11028	15917	19569	20252	28098	23820	45113	42	18962	9143	8955	9174	13085	4038	18	16427	65715	37937	83	25610	28622	36576	8092	1362	8781	4199	1454	14419	15721	11885	5442	27982	11987	19029	1554	7136	27270	38	13813	8410	1070	13785	21396	96161	26747	5796	146	11362	24010	2354	14004	3598	1141	37826	3809	1335	34013	59693	7554	27099	456	55928	14097	21633	59438	155899	62355	67	72974	333	164002	11245	4316	3082	56864	61198	260	5571	740	2792	12411	5050	861	3738	569	2325	32012	1445	18046	10211	9688	6460	950	9209	344	2327	13946	1102	2391	376	612	771	9829	13652	10618	9358	16444	5136	10776	27772	1139	8393	11842	7037	1248	29123	3735	1260	262	500	123	18599	18300	11373	25837	2262	4221	11259	49853	5712	11620	16337	0	3144	12512	4084	1894	23198	205	4214	5799	6318	20198	21179	14267	6815	5620	6048	19428	739	4113	36468	2078	164	8209	9031	1766	12076	6723
MB_G152	321	471	673	27	369	152	72	436	183	0	693	60	738	401	154	101	352	328	197	88	38	20	210	122	239	224	236	97	87	349	99	0	226	98	169	630	158	504	197	206	118	152	0	11	1253	295	160	3734	0	150	366	221	0	192	267	388	0	164	2204	1012	0	194	45	267	478	116	616	209	0	100	169	0	330	328	77	0	225	381	15	0	142	11	99	96	72	0	56	18	100	2057	213	72	120	101	33	0	40	115	0	13	0	54	287	595	3494297	1719	198	61	709	11379	690	32	1812	1086	922	557	1631	3094	1416	426	325	123	5056	363	4166	241886	328	390	117	721	67	105	116	383	559	347	513	90	546	134	201	902	36	432	600	5977	44	172	475	58	225	14	66	612	243	203	311	620	362	492	223	207	574	132	188	109	165	370	133	109	401	179	231	166	73	538	385	35	141	100	200	230	198	186	695	204	105	217	308	167	134	261	169	68	201	160	225	69	172	149	70	81	232	126	224	146	160	148	308	189	111	850	442	199	125	191	189	57	199	145
MB_G153	19263	45245	276490	1047	31557	2571	1149	2336	4900	736	4361	7501	25626	50785	4304	15877	31740	2477	6949	938	43433	226	9961	4619	10227	6545	33964	22087	13169	11105	17121	119	30974	2381	18371	48788	2381	1830	11074	9171	9933	13169	1429	1226	2214	1219	8608	36	147	23	808	15280	1422	2872	319	200393	195	1946	94791	35935	29	3032	73087	10422	61035	6213	47191	15427	117	28594	4307	4587	4070	16887	1218	20	1795	33987	6074	0	22026	55752	41925	9958	1605	36	425	2105	8978	17005	6704	5707	6446	3895	2949	577	42064	75779	60	8080	2923	1938	22628	10543	436488	51756	2352	101	2018	5944	37992	563	11119	14337	39017	5415	136474	32353	213915	53705	17263	5694	52805	1378	3418	164171	84722	2625	193	1966	381	1356	3685	29753	84	5479	38936	937	6063	790	925	15866	3534	77403	280	10928	9883	37232	940	1408	4690	3744	1013	8190	4863	2665	3751	4293	15952	3483	3766	5436	22548	1410	6569	1113	4414	5906	3638	3344	20390	3830	4037	5832	762	4817	4036	185	1356	191	6655	3097	1427	2921	8176	3197	690	2695	5303	2919	1582	2101	4584	0	1962	2069	419	1029	1409	1150	2244	1242	13190	2572	2193	2901	4785	1538	15558	3450	3384	3743	11018	814	29	2862	3295	167	6293	3148
MB_G154	36553	14933	76896	10071	36771	2744	19325	20543	9544	7325	3780	8008	21528	40790	5602	10940	11679	19218	7203	4867	97775	2293	6923	7077	20959	16561	21340	28983	5565	20400	46613	261	9980	4743	10467	44508	23077	8058	21934	5962	18124	6716	3098	91896	5921	54116	6709	78	9325	777	1709	6729	16000	8896	2191	37278	203	4761	62202	30123	73	7203	37693	59982	40418	25665	11219	7374	70	20429	18378	35342	9441	12862	1544	34	9309	5298	8326	52	17241	100596	13239	45568	933	9771	4298	7472	5875	3753	26621	9451	27880	7718	19408	349	35617	49088	436	24576	4180	7632	7922	4100	34029	34313	2822	92	5091	8949	28052	2731	15870	28579	25670	13182	125565	88113	66017	9990	9137	3124	34601	10162	10567	13797	53194	39140	1850	48156	10901	57208	23981	30793	207	19896	47917	4228	5604	1725	8449	7776	1937	24315	749	63222	2403	11101	1547	4810	31551	24936	5618	5266	12833	4354	4935	62328	11196	7125	5931	18287	46013	3545	17599	19918	6168	9521	7639	15294	39266	16378	2354	21071	5351	22080	16965	4250	4794	951	2744	1357	9871	16995	14749	5025	1443	2280	19000	12541	14103	4266	18037	44	7673	7034	1368	1300	7402	8611	7493	12027	10315	13075	8320	35140	5752	2448	17008	10762	9894	27496	34361	11798	261	2329	6926	1046	13646	8166
MB_G155	30879	38458	96025	10718	1472	1154	3982	343	10306	310	5956	19251	89704	103720	459	3433	11939	58511	125	18029	18094	118	6702	24328	19315	21762	18949	9866	13126	70682	4886	933	12274	3884	16999	16400	16194	3950	6208	6427	4820	4258	225	44357	222	379	9755	177	118	50	2454	9726	415	25144	41	83872	104	14133	31335	20538	30	24428	25224	26573	534	4610	9598	17477	77	29039	5072	298	18243	22583	252	0	248	2508	2647	25	4303	68475	10345	3462	13105	180	98	433	279	406	36040	2473	65741	10700	8343	6597	168	23190	69	321	939	564	19343	67590	30347	90024	24792	88	247	16181	17059	227	26962	17360	54124	4811	53362	45742	99698	19736	8443	4719	96622	18132	26939	17569	155882	432	164	914	123	897	3125	37198	181	453462	123592	1257	27956	479	128	3085	3495	13465	329	7948	27177	14583	133	52671	6695	130284	3326	17618	16776	1051	564	172	2957	3494	2358	3298	8864	1286	2591	2538	7128	4659	1487	3128	15647	2176	3024	257	285	3538	7419	144	2870	105	2015	1660	2596	18240	20747	133	3052	95	11706	9234	2613	2096	7464	0	1468	4822	57	132	2033	64	38	5255	4031	5174	10509	250	6467	2356	5544	2551	5480	122	27011	6402	0	2037	1283	1606	9067	301
MB_G156	53	46942	161741	59	55	138040	223	86	16929	98	67	47	118	267	28429	8417	1151	118	3372	124	6604	59	2275	255	52	29530	8307	71	27	3170	185	123	1469	30	14349	624	694	50	17796	436	15785	74	58	65	14229	206981	490	41	107	35	39	26	0	14	62	89	133	647	68571	30191	59	58	57	88	75582	204	2691	102	165	44	178	18	1239	23033	85	0	290382	875	69	0	21882	113	798	73	51	118	0	45	106271	157	12413	0	12355	41	32635	0	506	5277	207	56	72	0	71	147	15378	146	8130	208	1329	232	16701	75	223	14801	2357	282	1286	183	153	836386	107	62	1030415	317	129	7033	392	486	90	130	253	95	1383	2028	1081	124	432	583	129	0	0	201	6504	1272	649	18446	438	25	0	144	272	0	40	35	51804	437	94	69	289	16	87	23	2221	4915	14	3846	21316	119	18	11	132	950	10022	61	78	3279	49	7208	625	0	299	372	10	38	0	0	23	29185	3828	59	1730	2687	25	242	5031	5057	0	36	0	0	0	4147	80	89	39	13693	29	0	0	2199	0	17	27	51	0	15	38	0	19	19
MB_G157	133	1326	1535	253	2400	354	14951	294	302	845	1636	1061	24630	759	325	247	226	11110	217	5408	1023	62	157	1748	306	1052	239	333	277	2890	454	52	187	17905	144	907	1228	1490	363	567	490	272	1097	1508	36973	134	458	87	8167	51738	391	1376	929	414	774	292	190	673	2505	6663	0	399	1600	1470	15075	767	534	14339	14	528	1470	1318	455	264	94	0	72	114	210	96	800	5448	657	708	102	5730	5873	304	8489	1712444	2648	221	3765	1033	325	3406	146	3823	34	24	274	109	571	833	961	995	765	91	27997	8558	2277	143	7245	843	688	365	661	549	792	1027	381	124	20521	1650	372	1436	470	16899	440	277812	111710	708506	3490	248	27	33216	601	10880	85	228	1154	768	169	456	1466	38	209	229	46	415	27	335	71	739	64	10594	193	17183	8238	251	2841	251	1672	2225	419	5952	350	422	106	5140	2996	530	413	14202	1528	529	520	1173	8692	231	68	176	238	57867	269	316	13398	312	287	578	1136	36503	846	40653	18842	570	70	194	1221	464	109	123	281	583	13650	128	8731	352	142	3253	381	51	988	257	21	361	219	150	1839	1793
MB_G158	896	1739	398	35	78	211	786	55	205	122	1860	1093	981	1751	60	22146	70	71	158	349	116	27	39	189	858	600	191	45	87	24027	43114	10	8045	135	217	517	1565	416	165289	222	299	1584	34	74	6048	281	62300	0	50	164	420	132	34	57	25	925	36	177	6349	561	277	99	69	72	367	3185	1214	470	0	367	124	632	311	495	131	61	61	19	184	0	7626	107	1247	2321	275	125	151	16	189	1956	10718	132	1901	35	52000	116	15	27469	18	17	31	61	14432	2432	80726	169	289	79	158	167	64236	54	674	94001	7791	1094	9176	114	1269	4971	445	612	1334	43	121	316378	357	729	217	116	1295	130	2400	91	25	531	126	711	527	34	107	85033	833	1422129	2518	43	60	8739	153	208	432	50	93	200	43	34952	88	173	133261	310	1774	1787	182507	1388	186112	543	5266	836	4991	1380	3087	26933	22662	245	499	96230	2280	1779	132	0	7016	3154	12	355	27	1003	297	498	94	6853	126	212	18838	862	985	250	48	274	73	17	14	60	422	53	23659	62	1028	2216	271	13724	163	23	12332	405	17	1391	199	15	3283	97
MB_G159	129	1374	541	227	658	27	235	810984	423	69	69	1239	491	669	184	325	438	110	162	129478	642	25	331	661	393	189	1506	175	214	986	1151	17	804	291	1770	393	372	161	738	250	960	1349	35	1108	41	297	484	0	22	0	314	445	107	243	0	889	0	158	2486	716	0	35	51	289	292	615	617	735	0	552	203	66	189	203	43	0	158	35	101	17	1479	1228	1137	889692	39	21	16	88	150	100	45880	503	917	243	3062	19	288	2044	0	72	23	147	512	76	7085	1304243	258	41	121	8778	2799	21	1391	1310	907	486	1216	432	2186	1905	986	474	1232	220	799	3288	1642	215	45	103	31	183	724	909	0	363	907	62	216	15	160	725	109	1311	72	306	18	2127	111	11	995	422	201	222	384	725	262	633	453	494	983	550	710	228	2440	2175	403	1257	226	1331	1162	1488	383	293	297	1596	691	139	356	90	498	352	385	775	243	123	218	205	191	1497	162	218	501	46	783	329	81	123	605	37	111	169	1406	3554	593	87438	310	3362	739	387	573	252	287	357	113	8774	435	54	241	1882
MB_G160	10148	30184	9308	1760	3321	950	1818	3557	3961	625	4024	3999	18112	9318	2080	13180	8365	2076	1764	2124	2212	538	5380	5065	7805	3069	1442	4494	21971	4492	11122	208	104103	4134	9202	4454	4211	4906	10653	5236	2771	18413	2322	2222	2580	1523	65474	434	317	219	651	15382	1515	2418	107	35311	37	2049	42849	17568	135	1519	2444	2872	25541	4726	8076	16990	21	4313	1948	829	1858	2241	1668	56	3483	1033	3660	12	10835	1781	129830	2978	392	110	123	3994	8455	864	12071	4386	11031	1933	2173	1077	1198	47026	20	4168	795	2659	11135	3485	48453	8006	1685	355	727	1365	34170	2942	376222	615732	13206	186717	116006	9299	25102	9725	19003	10357	11426	2727	3870	207359	26576	4826	1474	13624	516	3195	31126	4576	191	7293	8714	578	6997	922	1206	6429	829	11487	225	13994	2552	8281	1148	3081	14806	6919	2583	5345	3898	39547	1622	4277	34187	2953	34955	58993	20038	4183	7011	3916	3285	15244	3133	3804	22318	18091	42109	2201	3045	47097	7526	795	3220	280	16252	32252	973	3222	2750	546	2525	4169	1487	8253	3793	5017	5167	13	1782	7292	231	791	1410	1155	438	2642	6559	6637	4602	505	3238	2214	8778	5315	11658	6865	2930	2498	197	2286	2985	280	1440	1415
MB_G161	1491	48589	13839	2048	19222	5624	527	5203	3864	471	35610	9555	35823	11993	7242	8219	4842	8765	34800	12440	8612	1250	6425	5969	11479	7777	5326	3182	8478	4622	6134	221	30132	2846	7925	40356	5002	3204	34935	10664	7331	19745	1778	4983	145	2674	10030	32	111	12	3011	5016	3551	5724	254	31724	160	1693	23345	214255	23	2622	1188	2050	8695	33217	29730	15767	65	4636	4209	1027	2518	2801	1345	0	2832	4303	2659	0	21121	2155	4551	1065	964	84	95	8516	5685	552	16330	3936	32824	8062	1335	1495	1266	34149	0	6416	1862	10333	10819	5237	36569	21754	3198	301	1863	9520	233214	126848	32796	98441	16999	353661	19098	12318	15318	64609	16107	7032	28188	3008	6203	8241	24284	7222	141	120995	112	2346	5025	16394	115	25252	13173	429	4392	1300	3207	9522	2510	6309	199	8818	2286	11464	1975	6842	8730	6426	4473	8095	5948	22279	6752	9156	17166	21057	12893	42265	15737	4487	72335	14850	15590	8037	4278	4388	24197	6266	17481	3373	3183	41411	13441	732	3884	380	2252	6556	2203	77035	3609	565	9042	3392	3221	13750	1974	11105	33077	0	3862	22038	821	684	1900	4997	3516	1343	4814	18974	5949	1087	7312	9588	11571	27070	45394	5793	1645	59771	0	1771	4763	365	2401	1400
MB_G162	4023	7185	837375	513	3887	669	1274	3374	886	1189	1129	15307	68795	158954	949	1611	1743	1160	1527	2246	6749	273	1116	9519	11701	3583	1612	44030	4557	32051	38600	51	3743	3424	8298	36440	786	903	2031	2203	2589	2660	376	1373	2031	11912	1338	18	254	676	159	124976	1982	554	224	49967	50	1983	104679	27047	10	1051	1491	15418	6660	10977	26691	15700	26	2135	1137	1362	4834	1796	541	17	2178	203	973	12	5323	11002	14345	1524	190	641	379	4146	1911	1746	2565	3276	17299	2654	1246	117	2577	138320	0	2251	1059	857	5402	617	79177	4199	1413	69	2080	1948	10150	300	6080	7238	20268	3998	89383	25316	75568	27510	1878	1633	4095	578	6498	36498	33402	2949	440	1809	580	1815	1751	7228	108	5177	5833	367	1726	165	612	14522	896	2069	73	9087	1136	9156	319	1001	7140	916	664	3127	672	1050	197	59927	4193	3653	5297	1966	3842	655	2318	5115	2791	4657	5256	2151	104079	1997	12754	5083	2543	6990	2910	1030	1063	135	1993	1784	923	18148	1802	1084	404	220	935	20814	866	1637	1144	18	29859	9661	130	214	53119	666	556	1050	143530	1484	1459	4364	16351	7862	9661	4914	3669	2122	67268	1151	14	3331	3329	132	4661	4205
MB_G163	41	2119	4864	37	65	35	35	86	49	52	34	271	13559	2439	65	21961	121	40	75	18	54	11	819	1039	17546	111	262	161914	2056	60891	95024	0	18940	73	12827	23953	253	94	27056	419	3851	5770	26	39	14	63	10620	65	39	0	26	20990	19	70	10	229837	51	127	187361	149146	0	61	66	2184	305	38332	37877	31250	34	2299	56	111	12	200	84	35	121	38	38	0	46795	108	31673	18028	95	0	0	21	40	333	183	8627	953	77	129	27	66	109259	0	242	90	85	9896	178	398160	458	88	33	59	141	46947	111	2869	8169	457	2195	100385	107	87689	303	11647	12941	252	60	103	560252	1465	91	47	290	42	271	74	128	53	352	348	25	178	32	29	24696	50	83725	18	19513	13	2650	15	0	2868	152	26	64	84	3516	37	23969	5508	1517	1903	7261	28560	100	10597	147	4033	15978	4802	330	105144	20999	23614	106	791	22553	1415	0	202	0	4398	11932	12	14124	81	63	158	67	1059	1191	167	933	137	0	1689	627	0	0	5142	0	18	44	146	385	2689	61	4026	9078	6174	3084	17085	76	396	32	0	1788	1168	0	214	15
MB_G164	13332	35175	22541	12662	13624	27080	201	21142	9349	622	5173	10388	53173	49076	2721	6755	7808	10119	51782	4595	4733	1217	6965	4854	9962	6496	7590	4781	9802	8932	4583	277	6141	2165	12418	2896	6931	3671	6260	2824	10569	6887	5927	9767	455	11922	4978	947	38	42	2633	12794	6079	10898	2217	49897	110	5156	29871	29376	38	12343	9505	12781	30742	4046	7224	18692	37	31777	8352	5694	8969	13096	2072	13	10125	14073	10490	15	11778	38183	12308	4574	3741	43	605	28589	41899	1232	6568	6731	7531	16750	1834	659	10699	19480	36	21396	3228	497	34322	26126	56944	75544	5934	96	6975	14160	31389	270837	52516	28516	14868	14681	23282	47974	35402	35502	15968	11087	74421	14610	30183	103349	116424	13412	106	107005	89	9500	3291	80973	301	30410	122143	1134	10286	371	979	8584	7242	26098	140	6684	1750	9760	534	14599	12977	29061	3837	3275	9445	3104	1336	7061	6105	5377	3982	8053	12696	825	3182	1708	2138	7773	3238	6017	24747	5225	4122	3579	1000	6045	4963	488	7013	447	2428	4201	3772	7507	5894	2418	1548	3755	7983	6712	8476	2437	9073	11	5707	13364	174	1691	5460	13032	1601	5560	5784	12168	21655	4859	5227	3222	10086	3999	15148	28849	9242	1089	59	6028	8898	1646	3469	6049
MB_G165	1513	3380	23041	1167	635	0	67	3266	8162	0	304	412	7265	7873	323	4001	26050	9033	3559	425	2294	51	1787	1201	548	1603	887	14973	1476	891	1088	21	262	1807	1146	865	1351	236	1002	399	2038	1012	18	11550	0	4988	698	0	0	0	476	575	518	2880	447	3677	99	2103	988961	1117	0	16148	738	26375	8502	672	62962	3684	95	3795	5172	7506	455	839	35	0	4654	245	1800	184	576	11052	3389	21965	49	0	16	222	6665	86	1946	216	639	0	3680	401	1612	865	19	1180	3237	117	794	1510	3137	2977	246	137	65	2306	3051	15	1532	293632	2657	3558	1410	2226	6877	423	15640	452	6214	2015	878	1350	4127	29019	148	17	32	481	265	2153	103	5645	38903	104	369	1391	2772	2412	180	1199	0	38989	3947	1190	129	3404	40020	23	732	6556	329	29434	332	4175	25614	24922	17062	63507	1217	178	164840	726	345	57701	5150	246744	11990	186921	111861	11326	7218	62716	1022	173	26051	707	31131	41822	5471	1508	1442	0	11375	197	2771	1792	677	852	677	0	245	760	17	208	1139	9109	9364	1764	509	1178	10501	345	5276	241	1055	23613	592	617	3684	693	22	291	3971	223	875	3969
MB_G166	211	685	220	354	115	18	483	89	103	38	101	154	564	267	414	497	179	56	441	72	248	0	303	263	17867	147	82	420	166	447	1054	0	10207	131	264	431	116	79	22882	213	181	846	66	409	43	157	768	0	57	0	21	257	37	231	0	687	57	39	877	376	0	20	88	435	232	5784	34238	1017	30	183	118	906	47	155	41	0	174	97	43	21	43059	199	61297	177	28	0	40	117	27	181	109	222	549	141	62	77	29	8482	0	69	307	164	1321	177	3298	263	61	0	96	156	936	12	5820	3947	644	532	57966	440	620	451	614	359	160	70	88	6640	904	655	0	96	14	181	61	179	87	93	449	0	240	17	68	1218	75	2769170	116	5329	98	378	86	17	377	130	165	71	148	563	40	175	835	84	448	619	1013	68	190	76	401	278	65	294	9145	126	767	174	319	2652	270	12	104	21	270	13281	65	193	298	73	68	48	27	491	64	104	67	0	31	316	10	58	52	29	21	24	277	138	125	69	256	156	683	329	209	85	88	118	0	36	213	0	75	19
MB_G167	1322	19911	19423	660	2055	2988	8374	16264	3387	2859	1946	12084	16304	25823	2547	3962	1761	24777	5317	2423	2839	3058	4061	3750	3016	2939	3389	3420	4624	3024	5880	8674	5476	8074	5777	9559	1897	6650	97671	3124	2843	3966	4080	2911	4097	1892	3410	2670	20410	2835	4514	3451	5677	97135	2997	10534	11887	41240	20610	10749	411	5447	850	4689	5299	5123	3388	6641	2719	3397	3980	2067	4508	1984	4193	2949	5860	2459	155562	3753	5103	5197	5502	7036	4252	2634	1227	1629	3781	16111	3457	1746	3658	1966	2757	7501	2143	6228	5033	9888	1644	3342	9386	2374	36739	9457	11130	14807	16675	4570	17337	5305	20635	22753	7295	20923	18472	24844	15305	16836	33735	16921	52600	4512	7004	47726	9460	17521	14375	15605	4502	4744	12652	14095	8914	14085	16305	15209	1985	2203	10138	3524	8278	8285	3102	14437	2016	4983	702	1156499	6522	3234	5139	1283	2476	3441	2795	6290	8291	6053	5430	4694	22563	4604	7754	6010	8188	10695	2388	3232	10781	10622	5357	2801	5349	9057	8964	4352	3721	3558	3007	3520	1860	3713	3037	2539	1884	5352	7369	3807	6281	3655	7004	1145	2525	6591	3936	2781	3463	1785	6849	2675	2375	3013	5407	2641	2411	5562	4163	3214	5087	2588	3335	3207	3441	6361	6538	1093	4434	2667
MB_G168	8338	3624	34432	765	2693	225	552	106	14587	171	1433	29950	1123	2634	181	568	70	946860	577	546	3199	95	503	657	3207	233	1556	3748	3953	95202	6242	24	224	357	14150	569	1212	208	1484	5274	9189	609	83	189	1503	1579	484	33	105	398	587	7811	455	422	42	161081	110	183	13126	1512	36	12403	806	2298	1838	15216	857	1235	42	172540	191	20603	738	1628	95	0	483	68	424	0	1013	3593	22836	1966	12702	1150	93	1360	514	311	383	1094	433	10122	813	72	32438	4394	100	281	8925	160	474	9380	2126	519219	441	28	167	262	3072	58473	2908	385	1153	204	660	93857	2320	2500	1874	8652	21896	290	3698	37253	4290	500	89	1310	257	5727	5670	248	20	3305	96519	98	672	23	672	1108	461	3281	849	518	4937	384	48	302	184	797	578	86	8607	121	38	730	1211	735	709	155	1773	78	11801	3292	4637	566	2179	181	12740	808	145	4581	1299	278	3282	2592	400	43	151	178	3593	301	3704	3936	175	68	15737	13696	884	389	1448	0	3036	1126	182	27	33236	174	771	9750	1475	5392	22102	320	1522	1845	1540	627	9747	925	103118	141	0	6862	9658	765	8014	18419
MB_G169	11688	80278	115662	285	2565	951	1064	7838	775	1532	571	33406	5452	16921	5821	12380	2201	925	751	4312	131721	108	2373	15518	10714	1464	7720	69162	11829	27274	14647	69	11276	6453	9624	45925	41534	4285	19662	16562	8504	8196	297	4443	2789	1267	2669	35	4230	87	268	13262	1916	2775	611	18606	155	1413	16003	112161	25	22070	65430	81084	2763	18373	12147	69942	70	38384	2101	1526	1139	4135	885	18	3202	250	2284	18	11822	57493	14070	49159	240	7853	589	629	72009	3800	2249	13759	4571	111494	892	972	5367	26578	51	1488	1700	617	5275	1903	58604	49526	649	48	869	3104	29591	415	2032	2608	4026	884	5378	23616	87554	6284	1469	5019	2214	515	6321	11191	16983	3162	50	7309	24309	5349	7298	9141	16	9073	73489	149	402	169	770	4913	922	11811	141	6688	1568	6046	331	387	3291	1318	972	710	833	1277	113	149799	2201	12454	11416	801	8500	10763	5301	7118	5828	2711	3640	3107	12581	8621	8058	132898	2689	3726	3517	1753	3500	202	6691	2604	1810	16537	17855	1635	574	451	14919	11586	1188	9077	8981	13	27563	43094	367	177	15494	584	1778	16246	872	48842	43314	1702	13037	7886	26965	1496	570	1094	11315	1123	0	5997	5631	96	8700	22664
MB_G170	1426	329	3715	227	490	11389	63986	440	4883	11198	3885	5172	12733	124	3295	1717	3248	2725	4806	310	164	125	1579	553	15680	1267	525	17626	501	6080	5638	41	36155	282	893	5114	1900	1000	2485	304	2166	15093	73	326	13858	1220	4392	1642	8975	78	525	840	9193	76	472	251	5558	1170	585	412	18900	12977	1437	9617	9726	32471	885	29467	1599	12880	9446	1520	19917	1603	791	0	22938	1790	755	126	6897	884	57	180	136	300232	3999	311	5661	314010	72133	241	783	31108	2194	34	2258	2760	15859	180	28	7621	1703	3089	45709	6918	9084	444	4441	102908	7672	30544	579	1287	859	179	11699	11076	8558	39499	4431	2661	4071	2199	913	985	351449	672251	676	3797	5657	2967	2632	11430	825	134	27709	112333	125	204	2128	482	1373	29972	245	844	13417	414	43	1329	60	2450	25	1676	74	7432	27	7452	88	604	2905	6092	5450	594	1110	577	211	77	129	200	119	298	248	32666	467	353	3781	149	1273	63	184	64	135	133	917	3111	169	209	501	524	32905	140	475	751	637	30356	1057	30	1762	790	31	72	817	7907	77	762	149	1995	181	223	302	2919	700	45	419	586	61	642	209	1744
MB_G171	5687	20186	9188	3577	7807	4242	1092	21638	5842	12685	7167	7285	26589	59693	2177	3974	4669	71422	31015	7031	4115	493	6123	15469	3682	11993	2827	3100	3787	16681	9291	860	5419	3397	5966	4666	6186	4770	6109	4776	7196	4711	19986	68270	1809	21483	2369	7227	962	139	2608	5073	3814	30480	410	23248	500	4445	10498	19632	38	64369	88319	10844	8266	4121	4424	39028	52	13988	5692	39381	4973	6934	3840	0	79501	17632	13140	2484	4623	6891	9019	3461	2710	67	1617	53030	8558	2816	3210	2017	4590	16587	9971	2678	22344	16035	25	6013	4388	2063	7911	4884	61772	17458	2129	72	26982	4393	32499	19428	9259	12239	16238	7593	9900	27761	30181	7307	8927	15551	23927	7256	58627	85644	77861	37739	2488	16396	1501	13774	55098	21201	1252	96896	392838	892	2572	1582	711	5381	2125	11374	28157	4051	3027	12164	1227	1621	11550	7002	3388	5376	15632	2207	474	47021	5420	3090	3573	2673	10033	2245	3587	3712	2604	4139	2479	3504	17326	5536	3200	15194	1511	4060	4752	5268	3409	988	2037	2648	5084	9985	5246	4580	972	1350	3564	4225	3241	2256	5948	51	2450	6391	387	714	3270	66061	1269	2532	3435	8203	6246	5238	3350	2766	6962	2423	4939	10116	12933	1706	44	5267	10760	355	3463	1321
MB_G172	261	8934	846	151	236	109	77	163	175	117	857	133	3544	1560	193	8007	510	182	146	180	317	103	431	332	719	155	294	1725	679	421	835	47	211423	312	736	766	194	140	179744	205	175	3526	124	787	79	137	3006	61	177	97	46	993	93	195	38	8989	246	145	2329	3439	56	229	139	340	553	20655	497197	6755	1190	399	235	195	110	995	110	96	356	76	97	0	151241	133	92014	244	65	82	81	108	100	174	5094	387	46062	309	159	31	143	1103	67	74	56	285	17011	97	4076	596	140	50	333	873	1807	42	69374	39715	3608	4402	269357	225	1694	1260	8629	2722	479	184	1301	146579	1358	634	108	1011	38	297	242	284	0	338	478	28	382	14	160	62253	129	180910	55	2334	88	640	63	42	1069	357	103	216	107	71799	119	429	50735	213	3851	10855	148284	1071	1574	303	643	1552	275	447	346553	2054	36812	318	916	7719	614	57	532	14	938	19687	164	268	94	52	219	100	82	382	409	188	173	0	119	609	0	34	119	63	45	94	187	278	813	33	200	11429	375	106930	1741	135	458	153	0	246	169	25	171	39
MB_G173	24	19	53	21	1016	0	22	75	0	71	0	16	2621	36785	0	13	0	0	0	10	60	74	0	15	0	13	26	187	0	36	656	0	2062	12	39	0	0	10	16	10	40	1282	405	47	36	0	21	0	0	0	12	590118	46	11	259	43	0	245	47	52	0	0	108	12	20	0	14	65	0	14878	0	37	0	0	0	0	0	2405	0	0	0	11	17	36	0	0	0	12	0	43	19	0	44	70	30	0	0	40	0	0	0	0	73089	0	78024	35	20	24	31	150	40	12	75	38	35	39	17515	42	91	8497	37	12	1061614	555921	88	1379	30	31	27	31891	23	67	42	2516	0	24	74	24	16	0	0	0	14	11	73	11	18	44059	1710	174	0	0	16	45	284488	17	0	428	3654	10	21	0	5857	2523	78	0	0	0	10	747	1326	0	483	0	0	992	772	11	0	12	0	424	0	12	69745	222	0	0	0	0	0	0	0	28	0	0	18	0	18	76	21	116	0	200	0	24	0	475	76	0	0	421	410	50	0	231	0	0	17420	10
MB_G174	107	933	587	163	579	53	37	515	111	65	300	333	1613	3149	176	969	218	74	1428	151	97	60	187	279	444	376	247	947	378	397	843	0	6973	144	526	365	277	128	3768	270	481	644	33	410	14	104	440	61	16	12	74	611	20	127	0	2126	0	234	3570	2241	11	275	269	152	1648	3346	1604	470	10	747	245	97	358	252	195	0	315	44	133	0	3401	369	5268	289	29	10	0	65	465	154	320	325	1210	120	151	43	100	325699	0	386	106	131	947	198	1269955	1331	124	58	519	435	20285	45	1276	2603	736	809	10100	1014	3130	1277	512	705	748	348	1308	814475	1666	693	57	321	45	83	195	621	25	678	1973	30	145	117	18	101029	70	190383	506	9117	124	477	32	303	300	158	175	208	267	738	110	289	487	224	421	865	8890	310	519	291	202	1674	187	175	5582	229	2014	348	138	1835	990	53	278	0	442	4417	113	328	156	34	33	188	339	355	244	147	165	0	130	295	18	58	244	93	64	157	378	329	369	64	130	628	410	302	415	411	234	57	0	127	305	20	148	68
MB_G175	37	1230	336	54	81	315	42	463	187	64	1177	720	333	493	108	60	29	151	1013	58	334	0	108	205	130	296	104	107	68	164	31445	16	82020	124	225	1534	652	270	341597	179	131	1337	422	416	302	144	36776	0	11	772	300	32	45	45	28	71	17	148	2534	171	33	143	11	55	59	1292	480727	579	832	31	90	12	264	647	77	10	101	47	942	0	209	94	860	243	61	24	0	0	123	124	128041	11	435028	51	313	61	44	120233	0	0	10	318	431	552	362	773	168	20	2472	70	102435	25	728	404361	1325	49343	233044	1281	256	353	410	176	483	84	107	7219	502	1282	156	145	250	180	2038	80	120	543	865	253	849	55	395	690	371	91	64	43	61	140	232	24	150760	54	419	121	31	23304	72	44	239	108	10596	385	55911	599	407	540	67	269	49	1116	194	663	2505	152	67	314	1299	747	21	135	94	856	11	71	75	0	98	177	21	189	22	188	81	27	550	41	80	28	28	20	19	0	172	96	225	56	113	10	103	335	19	51	94	136	62	35	102	16	142	31
MB_G176	184	1975	3733	111	644	337	81	479	196	91	541	750	1717	1409	1010	141702	16722	696	1921	536	551	10559	520	1278	1036	911	420	4539	904	85646	69536	47	7591	2254	561	1371	538	3983	1156	2120	773	2418	36	319	67	196	699	0	29	46	421	998	158	1318	77	61072	0	572	391327	2420	0	2186	747	1006	441	927	631	5338	0	869	1814	247	406	528	198	25	490	42655	99	0	534	1171	504	2206	117	20	30	12	401	80	12517	740	20108	25	641	95	13579	786	39	716	192	36737	814	242	163436	1789	738	97	404	1670	7539	191	30808	171796	1831	90672	1891	501	1419	1469	109609	769	2656	449	3650	684	849	672	90	3658	67	87	3274	3119	28	20714	2157	80	806	1252	942	833	227	13761	77	743	130	1007	232	1047	74231	170	265	1776	1253	11447	409	1394	40027	6816	1753	37372	752	12481	17062	1313	3824	34526	540	153157	1208	191002	1772	969	1835	10791	911	28661	42315	53	10540	48910	393	590	628	111	14544	32595	437	24529	16459	582	966	0	15236	518	17841	261	236	231	989	3515	33616	1059	1133	90014	771	3206	586	18639	597	514	1359	21520	0	50273	666	81	627	528
MB_G177	59	522	403	34	3957	50	259	273	59	67	58	112	521	1168	77	1013	180824	84	60	94	101	48	123	462	12829	301	550	34171	181	351	285	26	203084	100	1368	101	78	124	49939	7414	118	2196	146	109	110	1339	595	31	307	48	85	276	40	67	1034	1328	179	623	772	951	20	276	41	17645	2631	3255	309	20378	19	343	213	38	56	178	55	508	413	531	154	0	382	87	894	294	56	71	149	30	53	1071	160	95	163	58	52	13	79	281	90	111	12	229	136480	96	594277	4298	154	12717	214	922	666136	113	528	107564	405	9949	2728	2248	1360	1283	4416	53277	458	58	85293	1964	380	377	7195	610	1373	179	1389	83950	202	413	1334	332	15403	15	182	44488	316	16540	31	31673	178	235	29	28	651	99	397	2379	177	8156	383	1109	40727	12404	212	10791	44786	142	4648	74	301	1435	81	166	636	2156	325	163	72	9559	13488	25	121	32	359	29786	48	106	565	46	36	93	95	95	163	95	131	20	406	123	43	52	120	87	45	254	72	636	286	55	150	13093	271	324	148	1821	129	34009	57	131	135	17	86	42
MB_G178	2403	142740	13794	3315	8569	7718	3887	3252	2151	2736	2448	12427	121621	95064	1784	1850	3481	1615	29322	1227	3696	487	1703	6191	9018	2263	2084	2259	2296	8347	4902	129	3084	1336	7168	2083	1538	1677	3885	1862	6405	3674	5971	2428	1924	8567	1193	110	319	86	641	14723	4106	1126	307	24514	91	28087	10916	19520	23	1910	3733	2412	23780	2148	8731	6164	40	5054	6360	1275	24248	2305	547	0	4191	3302	2300	72	6861	6360	4489	11603	642	902	742	2368	3006	914	1747	2944	1250	2463	1740	185	2993	11968	30	2250	2379	1429	4180	88627	63441	116655	1834	88	7760	11022	10104	391	2861	5900	12062	2702	5511	13401	8560	3632	2160	29315	97361	6408	72695	78688	30792	83613	151	13353	948	5972	2816	9719	77	498168	22205	11716	1221	608	1170	7631	1590	9084	350	1528	826	3846	996	1122	9204	3014	873	4252	3487	2251	257	3308	2679	1156	2414	3419	3837	476	4400	8388	2998	4413	7545	3928	18382	2636	2401	3038	2832	2671	1917	619	1099	169	3689	602	2736	1807	16604	27906	9811	2015	17389	14552	1835	5253	19004	0	1239	8458	310	701	2782	1495	1329	1704	2264	27945	46383	2340	7253	4878	4822	1655	40818	2456	45889	2223	66	9792	11625	131	41853	2897
MB_G179	7944	15452	27708	6615	4845	3349	1794	4617	2906	1820	3021	12632	116894	23061	1496	16510	5998	2004	4846	2386	2886	369	18902	5493	9509	3413	3596	11764	10402	13625	13620	88	18363	23277	14594	13352	2456	4196	4808	7680	5048	21427	967	3179	4330	5450	2666	461	131	38	460	40109	1955	4198	171	90902	55	5037	59099	33519	0	4417	2262	4095	15725	4091	14539	17172	29	69498	2791	2574	3272	2884	840	16	3086	3823	2213	15	10256	4490	18551	10850	1221	84	266	6659	11447	1891	2586	6625	4615	5238	1417	388	3005	31971	0	15871	2219	2351	7793	6495	155237	30790	2372	149	2492	1953	18388	22654	26706	24001	118076	8539	25190	11709	29368	7538	5205	22740	8223	3737	6065	265506	36629	9372	243	21778	444	2947	6385	10896	98	44120	38548	194	2102	122	415	6808	1071	22304	115	10611	1241	35604	496	3341	7720	6776	1825	12585	23528	5498	740	5019	12991	4755	3668	14388	10557	917	5089	4866	5138	10805	4987	2541	48770	6576	9365	3664	2256	12422	5328	272	4030	179	2605	6944	1402	56836	5822	2334	1220	2192	6161	7881	12488	3041	45778	0	2366	11176	174	816	9414	9363	1055	1820	2734	13256	10072	755	42394	3393	7881	2445	10849	6837	26820	730	67	10404	14143	193	6454	1959
MB_G180	109	338	343	51	54	85	493	496	254	14	60	92	494	228	140	49	1063	101	67	188	109	0	71	102	55	67	101	118	62	130	105	0	88	211	23	148	181	7965	105	52	54	76	97	241	341	85	83	83	32	425	30	46	30	55	75	203	42	132	189	234	104	27	83	61	425	69	87	50	0	79	256	64	42	52	22	0	126	10397	36	0	69	170	67	23	35	162	18	15	43	906	68	19	55	71	45	0	209	78	24	34	46	11511	102	77	238	132	324	37	2530389	772	284	45	603	183	153	324	361	324	394	242	204	53	356	193	395	470	397	217	1391	365	977	172	17084	404	99	311	208	276	85	19	98	105	90	39	226	83	38	37	33	64	20	31	46	58	110	54	24	71	101	68	44	95	43	51	73	93	23	38	23	97	158	64	26	77	28	104	104	24	14	84	77	23	57	49	58	129	41	60	59	49	48	39	19	36	137	73	0	59	37	105	22	69	52	37	89	69	61	55	40	56	0	127	60	14	15	10	12	16	41	39
MB_G181	21	60595	33803	331	45	844	32940	86	3828	27	12390	15462	61807	121	512	152	107	28209	1388	14360	2597	64	480	39	6208	21743	13934	8042	3829	8040	3349	23	204	80052	746	8107	8511	1482	428	6142	685	13663	36	99	63	47	14391	20	48	40	1306	1676	2030	22578	27	143	63	1437	19214	12369	21	688	34	13710	91942	49681	1308	15930	11	1552	682	3348	3195	112	41	0	69	38	1399	1381	2183	1738	5228	265	82	793	13	24	824	2335	12727	5939	23638	76	741	1640	57	2777	56	163	944	72	836	3469	3317	32574	23427	138	131	8274	3017	79	6381	2225	5194	185	2874	8329	594	11453	121	10482	25746	57	3027	543	390	40149	657	200	669	148	813521	214	15	19632	1804	529	23	2945	5582	60	2204	22670	182	39	1054	186	11	5805	37	3014	82	2714	57	3112	4019	1274	7156	784	14745	70	64224	393	101	115	786	229	240	109717	2719	1337	266	338	10502	693	892	363	52390	67	23	162	33	141491	2466	32	249	233	172	79	32120	20010	3326	128347	37221	7331	9849	72	1986	38	32	94	101	1531	1035	105	162	240	51	10612	2241	38	58596	54	40	843	82	64	358	7275
MB_G182	222	972	5147	83	306	0	56	212	877	68	89	1930	586	1417	87	1743	32465	202	416	35928	1350	74	110	282	25331	923	171	1287	246	603	889	0	19410	603	247	300	487	10170	577	108670	585	718	15	165	0	415	481	0	16	0	43	174	0	281	13	1941	14	385	17529	935	0	479	154	2775	207	331	67542	598	59	1158	518	187	83	311	33	0	4203	83	150	0	376	417	477	2192	34	0	0	0	132	65	964	211	296	0	983	13334	520	311	0	210	194	75	32140	87	2428	1294	94	165	1203	249	267219	0	117549	292014	1181	342373	67344	497	955	409	74858	227	1261	162	659	421	837	481	52	61	56	64	287	352	0	725	1332	22	172	1273	240	158	53	559	0	17651	72	234	66	510	13023	28	123	135	264	514	124	102125	666	58291	745	61696	587	229	40535	1371	353	1958	400	237822	58188	61646	853	1116	27112	85224	561	34638	1072	20	18196	728	186	232	49	0	4115	313	247	94	518	30805	1081	0	22000	353	25	71	129	189	180	353	346	289	974	545	245	10006	951	29836	28289	256	1290	25459	0	574	313	43	422	199
MB_G183	12	0	0	20	26	24	0	0	27	39	21	60	0	0	0	29	22	8256	737	0	829	11	83	13	878	39	17	25	962	4292	2492	19	1815	3085	3063	43403	29	21	197367	42	38	22	11	43	20	26	40	15	68	12	25	74	10	97261	11	23	19	8425	0	0	13	40	15	29	0	2764	21	214	21	44	16	55	84	17	25	0	38	19	156213	24	24	13	13	50	12	20	0	15	14	0	26	11075	93	0	10	96	20	813	30	0	0	18	5503	12	18545	0	0	0	0	0	0	12	0	210	21757	139	15	0	0	0	13693	16932	0	600793	0	14517	0	0	0	71	0	0	0	0	245	0	0	0	19	11	35	1006	19	112417	21	10988	18	25	0	1107329	12	17	0	529	535	0	0	0	0	606	2240	0	0	0	0	1841	13205	214	0	0	10	4982	0	0	604	154	0	0	0	0	592	956	0	0	78	0	386	2278	0	0	0	77	3641	0	66	1908	0	0	0	0	0	0	0	0	0	38	0	3315	0	0	41	0	0	0	0	0	0	0	48888	0
MB_G184	80	75	115	0	33	55171	48	1197357	103	34	368	10	92	1487	40	134	47	34	0	11	1135	70	8885	69	53	116	195	29	60	125	200	0	16398	0	26999	19	23	23	451	675	19	2578	27	11	165	128	98	0	178	0	18	91	0	35	17	71	17	180	741	808	0	271	43	16	1008	569	18717	56618	41	29	23	0	79	89	12	12	49	152	0	0	9621	0	26	16	31	0	0	0	32253	47	255	10031	922	0	19169	0	53	217	17	67	0	0	550	14	34006	424	50	78	388	147	40834	0	218	52869	1332	452	12789	2835	1649	96	11218	130	129	217518	205	182	114	51	34	309	53	32	136	102	516535	22	13968	37	1126	0	0	5362	244	99	152	31436	0	29	0	14	25	12	29	48	1460	433	0	22	432	55	70	38180	7778	161	32	6358	0	68	12395	30	10925	34	130	47	4716	8757	323	0	31	0	36	757	10	93	730	0	512	169	0	10	25	84	0	0	2883	200	57	80	0	13	0	64	87	30	18	11478	0	60	167	2410	281	187	25	35	0	1982	50	0	33	19
MB_G185	683	16083	3743	15294	1219	966	97	1527	1757	85	10303	51177	100102	1132	4428	4613	271	656	173	645	3288	227	1002	21406	1080	296	2216	1310	25878	18119	44853	24	31998	447	6238	3780	592	270	11465	1563	682	18466	585	361	60	255	361	41	88	21	75	22600	1197	197	20	8638	151	337	74650	4485	479	291	88	1138	1154	28588	17384	100825	35	1623	1004	239	520	350	249	17	616	123	4120	24	37430	1031	2152	23866	543	142	26	252	455	321	11972	487	5979	4217	3606	141	199	52493	42	3084	1680	367	50094	1419	26478	102336	288	77	532	290	18333	129	108812	13204	1537	1151	127601	2164	2302	820	1975	10274	3046	531	2941	51486	57586	984	69	349	42	153	156	385	0	50594	2392	46	765	25	137	4922	870	14031	18	46354	163	9046	119	766	1432	271	1223	165	402	281	118	671	39010	397	21604	2924	7202	5061	1738	1172	5168	26934	8822	18352	108063	7382	10422	5238	5068	14680	4558	444	17036	23	31036	10736	447	10940	37380	1568	1332	2849	6495	22961	49034	6021	14245	0	12144	211256	324	217	13483	57	1966	935	6469	6127	69198	130	6666	12373	7602	19502	11489	616	23395	99	51	28329	16669	59	5441	9456
MB_G186	4373	26070	6890	9277	5187	2975	3492	8223	5576	6141	6470	11580	11209	12821	9465	17545	7462	26604	7527	9482	13685	2776	7142	4803	12462	6567	4600	9679	8285	14108	35430	480	8961	8778	13613	13603	11626	16316	7574	20626	14445	33992	3581	8020	1216	7609	16567	249	1708	206	2345	3538	5533	12433	604	34547	97	6148	21442	23897	11	12850	2811	10021	27082	42687	6739	12338	27	17665	8568	9540	2301	5442	2485	21	9649	773	11751	0	8056	16118	12234	1584	524	997	1896	1193	7467	745	7691	4931	19475	19540	13717	1325	6676	12883	56	1103	8600	9660	8367	7012	23341	11721	6370	51	4005	9980	64519	1363	38909	56826	27068	36322	11543	16397	29191	8222	32521	3627	23914	4791	27112	6385	13765	46873	184	49608	4039	11149	21072	9471	130	11485	12402	1930	4734	435	10295	7001	1597	29888	4699	6090	2404	5392	6331	2270	2365	3125	3641	6755	5246	17200	1865	8697	6437	13243	30065	30414	19830	12409	74894	18268	8517	13975	6835	94155	15444	40182	3586	18007	6405	67922	14949	9227	5490	2569	3252	2939	12110	5931	9329	2578	9804	5140	7270	3824	3498	10130	6636	22	2725	4229	12182	4952	1739	3370	8467	6124	10258	7218	9852	8984	12229	4871	12408	7378	4378	4468	6625	8054	428	7208	5552	1069	28594	10386
MB_G187	1160	10114	1414	9509	1711	439	5815	1413	4407	1065	1948	1134	6421	2405	2264	2166	5338	2986	1664	12278	1750	644	8753	104160	2463	2493	1102	1331	1705	1401	5598	89	3468	1807	13734	3493	3753	8528	2218	30643	2267	92616	1663	660	358	1829	22959	0	164	150	592	752	352	6156	70	2625	133	525	6717	5404	15	1048	443	1551	4758	1640	1219	94633	0	2245	2263	1019	846	3091	1236	0	373	67	2148	0	1601	608	3216	420	100	233	117	555	684	497	1710	960	2018	1277	1075	197	294	2209	186	123	1270	17700	2462	19705	12619	32733	1165	18	1188	4005	12094	75	13361	446605	13380	21089	2908	4088	12013	4200	3706	1860	6354	8183	7873	9825	6648	4728	113	14373	665	1329	1781	2102	53	6077	1055	1499	457	289	550	1656	216	784	2271	564	404	2034	1608	174	615	2042	1313	1845	2018	438693	646	720	13162	1373	5180	4758	2124	2189	1754	1738	2983	6970	1961	2753	2201	1731	1429	3349	375	58605	22511	1749	2831	496	1106	351172	1733	2202	1336	198	1595	1480	487	620	556	3511	747	0	3860	339	222	2077	1002	439	313	1842	1999	6947	1550	439	2422	1210	9150	470	240072	1397	1248	1861	796	281	4839	132	1459	4679
MB_G188	102	4581	778	58	342	33	43	153	156	24	324	286	2932	2546	210	24830	1345	189	239	241	542	18	898	2725	44823	271	295	771	684	347	1131	13	119741	568	59286	447	1539	168	3122	651	255	26582	177	45	36	84	100098	0	27	0	56	868	90	454	0	912	59	81	7492	1306	0	33	70	146	407	692	1075	2566	0	277	233	50	77	322	121	0	30	83	65	0	22319	231	1415	208	31	0	13	73	168	203	431	1084	1855	116	176	14	75	1429	0	511	171	207	31394	295	8855	928	210	13	186	86	197454	298	30325	218303	2774	55594	6873	214	918269	1067	49496	1385	1037	255	666	6272	1851	288	50	357	39	147	98	239	14	955	605	39	488	0	69	718	105	1235	0	59909	38	821	52	38	92709	576	541	279	256	66240	247	407	1812	444	21985	20367	63331	369	638	348	7671	1230	195	537	5516	662	52374	77	226	6484	1276	16	578	11	2752	35396	439	370	79	18	302	819	125	640	245	771	428	0	147	509	0	14	154	36	149	129	387	604	508	31	343	483	234	684	5422	74	342	630	0	146	385	12	160	70
MB_G189	7404	7904	8611	23200	996	1766	3173	2328	1215	2850	920	83329	7792	32248	2345	1236	1381	771	145197	896	29369	1156	12643	5731	16100	12685	28352	10815	8185	35573	19451	45	2464	599	5113	8168	4495	1585	10765	2886	24654	3482	3097	4658	4495	1450	1229	105	356	302	157	8021	1489	981	247	27527	86	943	23711	7062	36	10545	2178	2019	9485	5149	3626	10119	33	19383	2574	3022	1567	895	339	0	2134	410	531252	0	2341	1654	4232	5063	377	279	1447	3131	2174	1994	18509	2409	6253	1106	2366	170	34555	10944	56	23311	4362	3765	2325	8554	49372	128554	637	34	4102	3088	12684	707	2193	1792	3562	1334	4738	7313	16732	2248	2640	8390	10675	518	2509	17108	77261	8077	206	16107	434	9377	3335	2382	251	5895	15938	1900	474	127	803	1127	602	7670	645	8177	416	4928	300	850	707	686	1316	5061	1295	558	182	4394	6628	2899	890	976	3909	562	6991	10396	994	5084	5126	1193	12500	2374	1714	13606	1401	1319	4183	630	3347	616	3157	880	2108	5521	34000	63680	307	660	7633	21563	3923	1457	12917	31	6991	23515	357	281	15552	2650	636	15897	8491	16327	10155	6834	2932	6790	1735	15100	77645	11364	38940	2960	11	21025	18899	43	3501	5234
MB_G190	1864	7504	25470	2244	707	7498	24890	15538	6272	3589	1314	6866	5319	5163	1762	3601	2036	7934	4154	39384	5313	1553	1074	583	4611	6031	3682	3680	573	3216	1862	40	4036	25130	1631	497	1558	2773	1738	1240	7292	1468	2492	5629	2781	999	2009	309	3724	3968	377	1430	1575	13287	2302	2241	8545	6929	7499	10431	6504	6791	1079	10353	11812	4158	3451	11504	4361	5759	13177	18363	4041	608	1706	0	22086	1363	2825	84	3845	20603	422	70995	314	683979	5964	181	8025	25213	7786	4756	12936	4140	4186	182	3032	10545	1709	6394	2754	9151	847	4715	5251	28487	26986	4356	888	8765	11708	7684	8707	4244	3163	8206	1845	10909	8762	2531	6420	1909	7568	755	11277	1268	6439	22745	21069	24673	20129	14615	68551	11722	2262	20331	5723	39040	1273	31	4649	6134	1130	1724	171	1668	1310	996	1369	9213	3337	12307	1657	3335	1347	2991	2575	7806	12312	9035	5288	14513	6354	2639	14090	10089	2032	5938	2491	9831	3518	20574	6931	15932	15166	10516	6657	11020	2551	1699	11185	971	4394	1027	2381	2718	1488	744	4824	3692	74102	5789	4632	27823	13084	8267	4815	2943	7443	2623	1643	6004	7549	7473	10665	11292	9331	8682	1679	13215	7603	2556	267	18551	5505	14549	3161	230	2665	4725
MB_G191	1915	18459	1502	1766	1754	454	3268	2878	3939	1279	3516	5593	36837	8914	3162	10234	3167	3898	3537	2953	4060	1662	6245	7028	23017	160686	4129	3172	22275	13397	60170	292	5864	2155	6453	4826	3913	43144	15233	115574	3413	12635	1449	4220	74	1746	28979	0	469	255	1176	7124	443	3904	163	8990	99	3292	9460	7027	23	2661	3189	1717	120815	4493	14470	26123	30	2498	4255	1136	2115	8519	1002	15	1261	132	77857	0	29501	2228	11498	536	1001	194	747	239	2279	70	2481	2950	2842	1842	2743	184	1260	3533	38	267	3823	4294	2857	10855	105679	43181	1577	67	350	4029	15748	469	21448	4874	5240	125799	42761	2865	7399	2727	3588	9912	384097	1753	4110	11427	3591	6317	68	4620	503	2465	4804	4592	15	6408	2615	847	1880	172	3171	1714	869	18089	2841	817	811	11710	31900	607	1610	1891	1204	2252	1942	8092	537	986	2600	2796	2645	16787	3298	2701	6278	4797	7736	5587	11301	19976	15749	4826	1270	4739	2113	6432	6787	1695	20658	447	7151	2945	8591	1889	29699	759	2841	2297	10395	14100	672	2244	6751	0	8457	1148	408	23521	525	927	794	3837	2373	9831	3280	1684	1149	3739	4691	2480	645	2086	14879	2528	31	2669	8154	255	2284	4931
MB_G192	669	46198	3345	631	6170	735	773	6264	488	1062	633	105872	14234	3580	451	5284	653	759	6517	524	4073	8434	462	10292	5618	674	9135	14222	914	9054	90733	78	2502	581	33272	4298	538	1194	36353	980	3975	1975	105	1087	82	1026	2889	15	325	50	115	25234	329	841	111	18352	48	743	139227	1964	0	1512	522	15344	1706	4250	5103	130288	15	1743	604	899	325	968	372	37	15635	256	428	0	35709	916	6356	167396	150	113	351	626	1079	132	3602	31349	1047	1041	3184	1125	602	15328	0	1298	2464	945	4892	400	290191	2352	3702	54	261	1271	42518	1509	1722	2107	1512	990	11296	3089	15089	7479	1262	7503	1507	651	768	71489	41876	2730	52	3797	791	4390	672	5002	19	4063	58145	121	218	508	308	6980	220	67144	662	23606	176	12213	1029	343	17958	736	1218	716	453	601	133	1190	3484	991	4060	1785	5968	730	4037	7290	1395	12389	9218	644	124575	3298	7180	3296	1142	8609	2758	391	2549	77	4404	14208	1488	2190	956	1434	815	279	1746	26568	7088	3170	13297	0	684	59910	62	127	6959	681	226	435	704	5333	6773	2826	408	25069	1171	5441	31290	2466	61111	588	25	23521	4183	51	1504	590
MB_G193	302	232	9428	50	94	36885	1034	10448	151	692	429	1585	789	183	212	107	1160	4482	33	43	81	38436	134	130	105	67	66	142	52	37	939	40	133	2904	64	494	117	3005	2290	517	1185	593	1750	182	122	408	72161	413913	83	123	70	34	452	39595	1227	134	123	94	32277	268	5536	667	112	75	37904	238	182	273	538	625	990	105	126	12602	5011	0	1787	936	75	676	17922	299	248	108	83	2178	308	63	836	384	12401	2977	133	4395	8469	12	83	639	19631	479	83	10345	587	2849	2284	92955	161	3454	3344	387	474	279853	2169	367	204	878	191	9899	1922	27474	130	225	3424	179	180	700	334	598	581912	260	463	313	100	13735	5073	5679	252	154529	66	14	451	71	27	233	9310	455	25	4448	15	23151	73	47378	29	30	122	68	42	79	90	55	31	94	81	32	1065	62	18	57	16	89	7733	107	103	196	299	173	903	20	131	18	27	53	63	41	694	298	37	14268	28	384	8681	349	55311	147	59	76499	17	0	281	263	362	29	97	116	166	797	94	5893	4106	139	270	27	78	30	8598	51	25	0	50	170
MB_G194	236	1813	291	290	479	33	25	50	99	10	186	74	1329	568	277	49296	1463	169	188	168	198	37	2054	529	1082	492	616	69948	4497	256	1249	0	221192	529	4612	547	242	82	4061	1141	267	14632	61	11	23	778	13821	0	42	16	31	674	70	121	0	1447	46	64	7167	1875	0	100	48	165	237	1018	201037	10238	279	597	397	105	121	281	314	0	164	11	58	0	62402	196	1838	176	19	0	0	123	249	69	403	520	2105	23	45	31	73	3487	0	105	175	89	3537	217	9116	1827	329	20	28	208	6424	0	36579	136753	908	3379	264349	670	7709	1096	6052	4245	2966	379	292	8599	1917	216	31	300	30	166	114	231	10	314	320	24	512	16	35	54645	125	2443	24	3389	140	3099	119	86	4281	545	383	222	393	77102	194	266	16376	232	7984	8641	291707	990	2292	191	587	741	457	343	115299	2305	177781	205	274	187491	1240	10	376	16	45245	68681	89	544	100	43	543	1026	56	883	254	808	423	0	128	611	21	29	553	32	26	267	714	1154	477	32	557	176	970	12222	853	220	267	431	0	165	130	49	201	59
MB_G195	1434	33791	5110	4287	2731	1727	8253	2912	1089	618	3809	2020	22696	9914	3819	6833	7964	1333	8357	12680	1495	698	6750	7698	76094	15839	1679	8115	12812	30772	25438	46	10610	942	25291	8898	4944	4755	9616	11053	2497	41210	3981	1286	550	4298	417353	2691	341	701	1055	10331	1887	1003	189	8199	103	1277	43915	50725	364	1867	1695	1085	11337	8295	14296	15787	52	3827	1464	1726	1082	4401	801	18	1386	720	6924	15	8825	3086	12818	1144	1031	1133	245	845	972	2284	4758	3826	4741	3466	986	559	2439	5464	153	927	623	7438	19229	4938	56196	18836	2785	84	2733	2197	82451	619	16832	90554	13621	21530	17260	3189	79197	10547	17003	12420	19089	1010	19977	18651	6106	10165	555	5671	355	2129	4449	2644	220	3707	5717	1598	2065	211	716	10823	3752	7365	950	15105	1184	20551	1428	3475	7303	1330	4473	2700	963	12606	1905	5310	11091	10881	5526	7099	19563	3642	7848	12906	4950	6826	7694	3979	14548	3793	4389	5252	8348	15122	3373	1847	2508	452	2913	6927	2072	1981	4118	724	3359	1591	614	128892	1094	11388	12116	158	1133	7321	2211	11366	2627	598	412	1133	14587	8294	8456	1122	21020	5858	2044	4127	2187	2682	7211	2822	300	4717	5665	165	2317	744
MB_G196	27285	7932	112681	973	2760	2091	3954	1517	1550	7471	4453	24936	4254	6297	2538	2038	3730	5443	2912	1628	3991	2664	4991	3164	49347	1722	21322	27353	2865	55859	223448	96	4255	1368	27670	2269	35557	2293	5240	7586	56058	4064	957	8304	435	7251	4071	102	1236	730	1052	7584	17373	3652	174	32555	184	1692	7394	48245	23	3366	1666	35012	52116	1629	37566	2006	52	4277	2094	10159	882	1021	958	48	3831	1524	3799	14	2402	5171	52178	2104	8775	762	2194	3321	1344	391	3892	1534	32025	1709	4791	114	2176	3704	101	779	3013	2182	2859	2293	13305	5178	2425	119	3895	3904	16034	2454	10948	13578	15635	7642	4898	4862	13709	35845	4288	1826	5728	1152	4586	111175	70822	7868	2148	41154	1769	15299	4964	12134	897	4954	5840	1876	2146	148	1153	20097	564	94342	936	9030	4899	23759	1139	896	1398	1546	644	2576	14701	2123	446	61995	2193	10917	2960	2847	3150	944	4870	3909	2702	3299	7943	5139	3243	6942	3958	3509	1701	6180	3301	2393	1342	388	19886	1020	2043	13754	1686	1283	695	2299	4581	2387	2695	2961	1201	0	1401	1358	337	721	2796	2218	1138	1580	2356	32893	2464	2688	24569	1190	3931	3438	1001	3727	107836	1590	221	832	1907	343	1904	1995
MB_G197	1493	11540	13967	613	2568	434	153	3091	1572	329	2355	2261	23116	5489	2093	5225	5181	968	2914	1800	3326	231	14949	2686	47674	6286	2170	2669	4212	4795	3280	112	304985	1178	8105	5424	1882	1000	4256	2762	2888	6533	357	365	177	994	113112	419	239	68	522	12389	449	3098	88	14166	256	916	17563	13797	15	1122	1128	2530	2188	2406	4458	11807	31	3977	1451	1095	1085	2425	384	0	946	606	751	10	181390	2318	5692	4336	1880	40	34	534	2357	1514	3566	8573	5851	913	960	250	1066	11651	46	3897	727	1894	8371	10284	37726	8456	1490	36	8092	618	25646	1069	54645	296830	7336	6795	23053	6515	9833	7428	10733	9306	9710	2400	3119	35746	23468	1177	80	7389	72	507	1158	2910	15	9605	3787	1725	2825	196	1072	9394	1216	6424	229	5613	1003	5975	314	219	9553	1714	1079	1126	2362	73808	620	6170	5450	2987	31063	89382	52939	1854	5899	2148	2517	7070	1096	6175	34552	3377	39218	1232	2039	45634	15460	370	3628	68	2746	32448	1839	6186	2412	574	1186	4140	2114	5402	8550	1559	5309	0	3370	3837	97	369	3617	217	166	636	2952	5160	4153	209	2716	2128	2290	27071	3394	4653	2400	602	17	3136	4469	120	1947	2245
MB_G198	0	792	124	379	12	0	48	76	111	0	47	58	219	288	30	199	96	0	42	115	0	175	115	208	287	70	54	99	57	437	100	0	42479	62	1077	101	52	69	1325	140	29	2861	13	0	0	0	2096	0	0	0	12	87	30	32	0	744	0	56	949	1391	0	63	57	130	118	95	534	739	0	88	0	0	12	58	182	0	0	0	28	0	160	0	129	18	0	0	0	25	10	203	33	161	291	0	28	0	31	949	0	20	0	86	159	99	1154	689	66	84	649	45	442	24	5283	259005	175	1458	1462719	234	494	386	371	194	865	62	177	2767	447	714	161	27	86	741	225	174	0	81	88	95	30	13	0	52737	57	112	0	279	19	258	27	0	361	0	26	41	51	106210	0	49	272	112	115	241	87745	254	98	32	129	206	14	53	4906	28	2439	45	42	272	75	0	52	0	215	180971	0	16	0	0	94	10	23	58	0	203	33	0	19	39	11	0	0	0	0	18	347	150	52	24	15	38	109	240	62	15	0	18	0	30	24	29	27	31
MB_G199	61103	33633	232133	1776	1945	2622	39	2509	1166	3702	690	2479	28919	13893	7513	2946	5803	769	1944	2352	2139	128	3781	4029	2901	2872	4327	5057	1707	4135	5837	111	13296	1271	12713	1736	1824	641	1734	2147	1678	6469	47140	4855	341	1917	3406	135	48	28	16503	16155	3665	1293	163	86064	33	979	11326	16813	0	1504	3453	656	6327	1858	17797	31926	30	20474	4102	3526	1042	2999	1715	0	7311	1137	1082	85	8727	5940	48171	4466	456	28	329	6333	3871	1788	5275	7514	2803	1655	1079	393	2410	16712	0	85722	1680	2829	3280	1716	122640	15924	2644	32	3859	1345	56171	33492	5246	13267	7834	2364	15487	9891	176123	6538	13165	3531	3719	3723	6707	85578	100335	2705	62	23164	88	1399	1491	11010	50	6760	12152	77	2516	259	109	23980	4381	20020	64	7487	1885	14265	337	2735	13219	108302	634	1372	5369	2096	266	6003	1310	3210	2486	4312	4154	528	2489	2983	3198	1643	792	963	8229	2670	3465	2816	499	8820	3250	86	13550	324	1228	2212	531	7119	1121	298	519	1187	1080	3380	3090	1295	1184	0	823	5166	250	244	631	1366	282	4360	31459	50617	2537	570	2996	777	2179	5702	2697	2003	14452	441	65	3562	2380	105	1127	433
MB_G200	8244	2359	70461	12037	32887	149	634	153322	492	1685	11011	7441	18288	48378	1135	13072	18710	430	254	4157	26215	85	2575	6404	25866	249	9334	6473	6347	12491	4572	41	4154	407	24226	11611	1518	509	1750	3819	14091	3635	2169	3358	116	93653	2233	59	96	33	1460	432	654	7250	58	30644	81	6460	12642	49160	42	32357	200	2863	2231	8034	611	1686	47	370	54025	844	7733	9228	573	0	3213	32377	108308	0	3094	516	21398	2823	82	66	72	6354	13845	370	6888	5906	1266	292	13554	628	674	3775	34	6501	668	4902	5402	11797	44386	31015	5691	67	256	2249	17961	213	5010	22851	16951	1955	7837	19364	2426	17466	9970	4550	21265	29336	5002	9335	36097	2015	101	1665	102	1225	1735	84913	0	123831	168183	289	10823	519	1249	12507	5101	16111	73	1015	838	7672	405	111	802	4588	409	668	5219	2274	2123	5696	1074	6568	4379	5972	2950	683	3682	3147	2978	1511	1315	350	19187	1574	1433	19765	114	6524	5874	199	588	332	1863	1082	258	10611	2718	933	901	262	3100	5509	4702	939	525	0	5693	7347	191	190	1756	460	288	357	899	9457	2187	11052	2922	4248	8120	1709	1021	48049	4197	6400	15	5043	4447	31	895	815
MB_G201	31498	47970	13435	7795	9451	823	13338	11640	8818	2565	8086	3460	19820	17234	10150	6312	11442	15734	8562	5333	7358	3777	7344	7739	5985	12735	5133	8281	7774	9544	4588	477	6398	5774	4721	5267	10751	11185	5979	9500	8229	6847	5843	6659	450	4703	10445	39	798	5403	2373	3256	1492	10740	1207	13737	172	5780	11047	17132	40	4542	8175	12856	32619	4346	4503	5309	33	4021	6963	4530	4411	11894	4804	28	4549	5867	12286	17	6234	10073	8194	1319	352	761	788	576	2419	5226	7283	2994	10787	9676	8984	461	3908	6120	264	1944	2488	9593	10787	10168	12878	30259	15534	97	4054	119773	33479	779	22314	21962	18366	31487	9175	16396	32702	16178	13474	4340	28916	4023	20143	7943	10776	39851	110	78932	3073	11266	20234	30921	23951	11338	10292	2504	2554	957	10974	188794	1426	2409	6526	2990	7227	5190	8603	908	2346	5245	6874	8518	12222	53729	2185	5718	7280	8448	4795	9707	7719	3458	8122	6914	8337	40550	3025	10611	6286	14208	2217	12980	3525	9109	12829	4847	3607	3695	8880	2184	11233	4413	4461	1258	2557	3629	2358	2626	2401	5606	4388	178	3456	1781	1814	2529	2526	9116	6497	5691	5790	4010	7508	7302	4626	2858	9350	3578	1998	5362	4129	8145	4312	2463	10421	794	5666	4079
MB_G202	12	313	27	20	0	0	42	0	0	0	0	22	52	23	0	88	42	42	36	79	0	0	19	22	54	125	17	13	35	55	102	0	924	15	37	1464579	103	22	548	11	94	78	30	10	0	0	236087	29	0	0	21	21	31	40	16	44	0	0	27	26	0	181	0	0	0	73	463	41	36	30	0	44	0	0	0	43	0	0	0	30	14	28	39	68	0	0	0	12	32	148	26558	0	245645	19	17	12	0	89964	0	16	0	157	45	86	244	0	59	0	16	20	296	42	21	583	240	162	1102	19	11	38	0	80	95	47	0	4384	52	75	31	35	99	12	42	0	21	44	47	565	48	53	30	225	21	567	41	27	13	39	11	14	567	12	19	23	18	272	16956	25	13	0	79	13	15642	1281	15	37	0	18736	0	132	19	19	48	0	0	153	0	126	0	0	83	143	40	0	0	12	0	22	0	46	0	0	0	0	0	0	11	0	0	0	0	0	0	27	34	0	0	0	0	13	35	0	18	0	0	51	338	0	0	64
MB_G203	1063	27781	20980	4723	2486	5496	80	91375	23672	198	6818	363	54464	38765	1487	4534	4341	1462	1346	775	943	103	34271	2450	9908	9578	4445	4463	3107	2348	8712	0	7335	288	4223	6404	1351	1302	8240	2555	1195	5475	114	28	6783	9908	2671	0	1981	1701	3013	28155	50	2343	477	205044	160	850	6445	4462	170	857	12029	5201	47186	2679	13183	2049	71	1982	9319	16	10849	1418	3945	23	783	3485	101	172	8762	64	2223	1021	286	21	38	0	1849	5491	141	8662	514	146	214	857	5609	23441	82	22633	25	353	35253	4149	12431	18712	1962	74	12933	72658	5466	30	59292	3786	7074	4111	25061	20770	7517	54348	14393	3496	7329	29445	22672	17788	59498	165	74	1468	206	146	35473	38873	237627	2108	29391	213	29263	230	140	22446	3714	2570	920	27293	3303	3795	1724	7645	1341	0	3789	8907	7937	931	3531	7043	3357	3236	4929	2251	1054	3879	699	222	4282	3763	104	883	4925	552	4444	83	138	5554	6393	125	166	1260	1615	2706	2312	12209	13282	79	686	3941	7433	5522	1382	5359	403	0	783	10809	244	13116	377	26244	48	8411	522	675	2743	113	725	6742	12492	2937	378	386	705	4891	0	1303	58	863	1987	7630
MB_G204	3476	18936	4662	6076	4714	2473	10524	8187	8989	5002	3972	4138	25436	9286	5959	3803	11125	10337	6442	6253	9556	1336	7430	6090	7434	10324	4761	7173	8334	7277	5612	629	70811	4525	5193	5802	11399	10194	3480	9301	7881	8781	5646	8094	2612	5336	10796	110	1577	190	1631	1644	3487	9969	442	12435	247	3320	11092	13318	128	4595	3074	5474	25686	10143	2846	6445	37	5188	5962	7865	4564	6673	2415	31	4231	582	9564	26	5428	8893	8704	1179	666	980	1545	2412	4452	1145	6343	1804	14528	8950	8506	494	3806	3074	407	723	6304	18615	6437	9544	138702	17190	11668	109	3000	7760	23730	1355	18316	169146	37262	21268	9931	7974	22302	10385	23856	14552	18287	4082	19432	9800	8675	29368	278	37266	3964	27704	19156	7349	54	15128	6809	16830	2045	708	7568	4299	3188	4813	2408	1908	3753	4626	76104	10058	1538	3884	8853	5985	3683	39591	1367	4567	5939	10267	11169	6859	4951	1964	15461	9261	5209	5808	4255	18720	3428	6248	2822	18261	2858	7378	9424	3938	2939	1578	2615	780	11331	2980	3555	3539	2524	1675	2020	2993	1427	4130	3673	51	3130	1491	2600	2095	1719	6493	8311	2757	6888	4735	5984	6844	3056	2543	6949	5901	1805	8176	8523	4563	1727	2044	37746	502	26361	5225
MB_G205	183	25734	28207	168	5673	41	54	144	205	0	1910	51028	108208	30833	3250	8686	16739	134	65	1105	13942	13	14303	5092	9362	9087	111	17476	11226	13518	27503	0	10705	63	71593	16777	88	11	4169	5105	75	22505	22	102	48	715	22420	298	32	0	0	5832	20	29	0	85645	47	1132	57049	46846	17	3148	131	15864	347	14485	7958	27284	12	21549	63	65	612	147	39	0	74	928	446	0	13456	432	16274	2045	57	0	0	49	38061	109	6800	7239	25136	8263	88	102	120	6457	22	18994	19	121	4143	70	77178	31462	70	40	103	145	30438	18	44787	26761	6168	1055	24788	15637	54454	25707	21780	8797	115	48	6377	20659	20120	248	48	58	33	158	75	83	28	591	121148	78	41	0	20	9853	1886	19407	22	933	1266	6895	0	0	224	348	4949	1074	5435	4172	53	159	14651	11001	12717	17001	13040	1671	6058	13629	7925	15506	2016	2842	57742	13346	1711	55	314	15050	11195	172	3146	0	2200	3368	0	3645	94	101	2332	63	21565	67797	4926	1647	18874	0	2453	3140	0	17	1709	29	12	996	1768	12267	12577	0	5827	3705	3316	6180	1259	42	14025	93	0	2313	2370	0	3608	44
MB_G206	1823	16875	303041	744	2470	1830	2192	2278	2471	1910	2133	24745	18286	8349	2114	1323	1906	2114	1648	2733	5117	807	1578	1926	12821	2272	1656	5786	4752	5356	6485	73	1125	2626	58319	3953	4068	2167	2452	13902	3771	2417	664	5484	1132	2323	2737	21	281	64	564	2977	459	1477	147	8709	71	3623	15724	10037	0	2147	1325	1032	2064	2276	4564	33732	27	5236	3442	3458	1153	677	423	0	2862	243	3078	15	5813	1459	3673	6041	199	727	1355	439	4886	192	3857	1635	4353	5705	3340	207	1418	3435	20	2261	2289	1582	4749	584	14285	3858	1754	31	2645	1388	5690	433	5660	4546	4309	7207	2690	3732	5498	2197	2413	11870	8638	764	3886	330620	8484	2591	20	4190	426	2658	13603	2522	47	7025	3506	215	1577	249	3357	2166	515	11551	42	1824	230	1507	789	1438	801	721	865	1922	1712	1365	5167	3228	2183	2984	1114	1094	2831	642	11741	10787	5645	7693	4330	6584	181956	8362	4356	15269	12476	2911	5264	2580	1307	490	6891	909	6981	1550	3971	3492	719	593	997	100534	7184	867	3921	0	3302	9515	698	642	22909	674	849	38055	15965	27474	11493	1945	1313	11829	3213	7949	21575	7409	5171	1733	39	25500	94895	271	2116	4090
MB_G207	2419	9197	12709	1587	1599	167	160	4156	1586	94	3570	1146	7507	5453	2336	2345	2940	981	1533	1764	461	815	2729	2509	2062	10540	2178	2613	15266	1010	2511	90	2063	1105	3819	6717	1500	3505	1708	3580	1280	5044	1034	84	3321	1586	4284	14	1184	1736	1308	3817	56	3583	3563	11246	17	534	13566	12510	0	3842	447	1114	7616	6924	2741	2617	0	1469	1174	34	2161	1721	836	0	409	973	103	18	2111	111	3683	441	971	20	789	217	3674	390	609	961	1222	131	2021	228	755	2395	17	961	225	3924	5388	2520	11532	8664	1240	182	5453	7692	11596	13	12020	16438	8484	10453	11576	3514	9352	5541	7450	4099	14926	1929	17554	3282	3993	1118	345	23943	73	126	3611	5174	829	7904	3417	315	2770	140	720	3887	1025	529	529	3341	427	3914	989	858	2699	157	1363	2532	1743	2720	655	1309	2127	1866	1646	5415	2316	925	1875	2453	5002	1872	1158	2213	4799	2899	205521	1412	1073	1169378	1274	2489	971	303	3046	2139	2132	1312	994	1920	514	1011	1035	616	338	1807	515	65	1017	1010	578	493	944	308	62	461	1109	1931	1121	169	1451	1311	1417	1274	1018	784	817	803	509	278	859	229	1536	1726
MB_G208	171	15007	732	95	403	563	86	13062	182	172	574	543	60158	3495	818	2516	1242	314	461	652	279	210	972	5038	2988	87	11675	2175	720	1696	369	96	1867	1270	16726	636	1008	1259	569	1936	480	871	226	417	322	230	1304	1317810	59	224	97	4710	23	537	54	4209	130	2675	35846	5706	60	440	186	383	1572	738	1575	3521	74	1826	598	132	4233	571	6559	29	2020	2170	183	0	3257	224	3440	455	109	102	16	69	2050	440	713	178	2121	285	354	40	3836	1839	61	898	244	145	3570	3002	64428	5470	213	45	50	145	6675	26	8890	12125	27574	7339	8799	720	4165	1016	2318	4322	347	1712	2841	29819	1220	337	121	246	34	170	677	50949	27	1094	829	173	12815	104	134	1875	293	4804	141	3699	185	726	46	968	3194	164	402	316	10142	3804	293	411	445	662	1257	581	2896	474	1638	380	335	1058	195	1112	42880	12740	624	254	442	3177	844	329	683	38	974	2563	310	315	122	72	209	5641	282	493	2899	2391	349	36	149	2235	102	72	466	101	109	933	2183	1702	2785	204	373	1043	250	375	1826	373	1800	1517	49	630	647	197	220	257
MB_G209	2061	17152	5914	2717	3039	1986	6355	14895	2864	1770	5796	1490	28301	18816	2302	11668	11820	688	4141	3443	11850	127	6248	5122	6338	2131	2542	5667	12416	4489	13319	61	85901	1750	13921	5606	4453	2818	5995	6135	3927	9559	3857	630	373	2879	6650	96	14494	62	403	5481	333	2867	975	29410	2349	1297	99244	29793	11	900	1531	2229	19394	8336	13224	40026	25	5603	5679	12419	3482	5957	2720	23	3520	1330	2148	83	6031	5523	8892	1748	1203	18	551	8124	3132	2960	2489	4872	10418	915	1837	785	3869	34552	23	3971	2805	7777	10520	3881	88788	20953	3161	593	6904	6131	91493	37	62625	123542	16950	11421	46651	9762	21858	12161	26646	15537	7158	1601	3143	22331	34408	4439	6559	4198	22844	3792	5130	8816	954	2692	34507	562	6850	596	736	12355	1564	3683	670	14284	1562	24762	3560	1476	16833	1441	2211	2270	2206	9267	1375	4177	10999	4222	9478	31449	28141	3479	6249	3135	2675	10724	1366	4052	36252	2792	7297	2250	2056	17724	3830	3319	1808	502	7349	6833	7005	3291	2825	801	1309	14674	1614	2437	1148	5146	2508	104	3019	3948	688	556	1013	1399	1021	1170	1798	6143	6092	580	1283	2395	6088	6950	7580	794	2755	1605	123	780	2027	192	1848	2822
MB_G210	6799	13865	43053	497	734	413	1999	10582	10769	3900	787	21227	25077	33905	3192	4632	7261	3884	1100	10432	32343	125	4378	5632	5851	10848	15378	27017	3348	27833	26880	25	4202	370	6524	24247	1073	964	13364	17787	30646	4241	477	2440	328	17368	3848	11	230	79	77	11027	574	308	112	24583	166	14717	29361	22263	14	27295	1780	12355	16635	16692	3770	21483	19	1202	14718	2202	1648	4087	374	0	12207	735	5965	14	6939	17504	7569	11515	102	86	1956	645	14593	197	4739	3079	71656	6014	28429	43	936	11815	17	620	1346	468	2563	572	31859	15620	1471	58	944	1792	15793	329	7234	6812	7075	3443	12734	140325	25961	6129	3507	9503	11543	7390	13314	69783	29014	2675	31	4295	5194	2436	3358	11902	37	2953	24789	3440	321	61	661	2832	1994	17620	358	7969	1579	4214	244	217	1293	527	6343	5706	6323	1419	2085	8985	9395	4589	6810	5467	4900	1479	7707	9318	3523	14095	9249	11205	42777	12959	3866	3278	3522	16321	6078	268	5869	62	2139	1921	2139	6330	5054	6698	1704	126	8042	9744	3015	1788	18294	0	391	11082	84	144	5588	3037	524	1681	23100	25459	5276	4489	4103	10308	18157	4803	4468	1312	38105	16833	14	5618	29765	77	8318	7685
MB_G211	2034	5323	36612	1006	1258	1957	358	11521	1908	216	1674	4087	7062	10924	789	2239	1671	5429	1302	1559	1263	996	3447	2035	2328	13126	1452	1599	22126	1304	3736	119	2392	1256	4824	2364	1526	1296	2379	1689	934	6670	136	57	6220	694	1903	112	1117	5115	1024	7068	80	1496	763	24288	55	1190	17679	9812	85	961	2225	1200	4987	1426	1652	1791	19	2845	1576	106	2372	2351	681	17	989	6630	759	10	6300	610	5721	3585	367	225	17	81	10675	784	621	1168	1622	1056	1245	252	2263	3178	336	3993	186	1013	4161	3104	20669	21600	2051	722	39061	15090	13398	169	25615	731760	17199	14400	9102	19464	13411	8113	9747	2628	15520	4089	24894	6703	10018	3230	317	26525	27147	333	7384	19483	9071	5331	12051	678	4358	197	1132	5630	3416	2185	5690	5041	1023	8128	1142	2935	10483	735	2511	4840	3609	5675	909	3980	3393	27538	1774	143629	4239	1149	2321	1004	7813	2438	701	35458	4010	43828	3395	1211	2884	17010	2729	528	1780	1228	1999	1519	1112	1975	1502	719	894	1462	1487	2474	815	2092	1952	169	2167	1952	1112	685	533	677	557	986	43401	2732	1559	463	1773	977	4580	1625	2683	2104	1354	2218	432	621	761	366	1175	1223
MB_G212	1434	10198	17151	4289	8047	1340	4890	4373	19897	3232	1656	2907	13558	67899	1822	1623	191407	1121	2287	4269	2652	349	2837	2358	4581	1699	33131	1906	2167	24120	10533	137	1947	1032	8596	8079	3920	1244	2502	1868	4076	1901	2000	2569	725	2506	2101	166	646	122	521	794	3589	3124	315	14408	104	3506	8319	30532	32	11685	1198	8394	250291	1933	1436	2385	50	3538	4356	1659	1921	1937	477	10	5175	560	13960	15	3318	2341	2545	772	186	510	530	6530	2637	303	1459	4726	2413	7582	2402	94	411217	2031	32	4379	2764	2987	8492	15077	23621	5545	1377	56	3918	5419	5914	1579	8453	2582	7488	4241	3574	11015	126950	3027	2980	4505	3896	1608	21377	10137	8501	14091	290	11417	1804	13152	12337	9151	89	8455	4435	2564	693	201	15419	1814	934	3874	649	554	1684	1950	646	1385	2120	1588	3739	2573	1813	640	458	7768	1700	2639	2627	1585	3924	369	1986	7359	1552	5380	1823	3519	2224	3270	1059	3819	1385	3339	4081	5772	1799	828	1326	517	51262	4399	2822	4876	1139	489	2326	1226	981	1541	4356	0	1509	819	1265	1040	1464	2102	5385	11848	1225	5004	1500	3767	1873	1998	2952	2812	449	4918	4765	1454	49	1305	2696	132	2444	1302
MB_G213	533	5909	1287	1081	1090	470	9993	1710	1981	1107	965	681	2765	2365	1350	1398	2933	1593	2213	1278	1321	729	1335	1372	3787	1185	1022	2153	1573	2305	1390	99	1360	1540	1889	1270	2421	5967	2190	2451	1423	38197	2331	1278	205	2293	371596	15	874	151	551	334	897	1831	62	3066	12	1007	3657	4988	0	2793	532	2296	5329	1000	838	534438	0	805	1812	1018	866	1118	906	0	1407	162	3386	0	932	734	2634	198	123	311	209	1325	1046	300	1400	22257	1440	1020	1304	387	1800	796	0	101	1393	3619	1545	2993	2672	4433	1635	21	237	1832	5116	302	3162	306900	5551	5150	2560	2175	4858	2387	2016	607	11052	698	5136	1660	3792	3931	83	11770	342	4257	2477	1554	12	2542	2368	1067	551	152	1975	868	262	6050	494	607	614	906	3763	262	633	436	1702	2181	925	84666	301	1063	909	1784	934	58763	77341	653	1003	1473	1124	45879	1277	36350	1219	2225	575	3041	823	1598	4173	1135	722	323	11240	681	1616	1118	901	717	5817	496	336	476	433	1202	908	0	1137	339	379	646	347	623	703	1393	4212	1514	1129	1389	1142	880	2506	2017	2622	970	741	1880	367	260	934	93	1685	1438
MB_G214	1462	313561	1762	183	330	8498	229	12133	9120	81	807	80	11176	11275	195	2140	860	181	533	104	156	437	3917	10191	1444	4990	510	2464	812	2130	9560	0	17927	53	10879	294	153	1118	710	3341	334	18523	51	48	6361	365	329	0	13653	4006	257	1209	0	481	284	2317	39	399	25036	5829	0	1238	593	104	3909	1098	2621	5735	14	149	175	0	2049	988	489	31	1222	1202	35	0	15010	53	27204	131	887	0	0	0	710	1229	310	144	208	62	97	220	478	854	21	820	11	149	19736	3331	203740	8428	5856	70	5320	20375	21503	19	8351	76799	10675	640	150262	7492	4559	4740	38997	27819	4666	982	5714	2985	9884	289	70	436	268	117	12115	6107	2645	15335	137178	102	3641	54	131	1964	95981	651	1362	10285	9439	3052	122	767	4999	0	704	583	2786	4746	188	8197	13399	2028	3289	2244	67725	1292	1393	50	280	1171	820	777	45109	295	1626	116	124	7028	476	506	380	100	14499	11333	12507	4039	1061	0	213	1095	19416	100	3483	2988	1763	0	1380	1577	227	161	433	190	22	168	4372	12756	220	1765	132	12262	292	6631	596	28417	329	70053	0	40	378	173	192	719
MB_G215	10700	23782	5793	10717	34237	3518	20986	8520	6254	7971	7357	5822	9848	17186	6533	4697	9805	11057	8863	6814	13358	1320	5020	5918	7231	11574	6900	6639	7990	13369	8348	421	4752	3639	10969	13213	7460	10547	5365	9306	8498	7680	4534	14997	11476	16887	11149	725	2713	429	2561	2457	9339	9760	664	35356	216	4532	14938	15585	103	14108	9635	13445	26660	4849	8273	5727	38	12272	7859	22848	6163	6395	2287	0	6016	1171	23949	31	5348	13485	11444	2177	694	2917	2309	4730	10837	4831	12100	2081	8230	8228	7414	483	11975	4827	425	2039	8845	22509	5544	6635	27775	20977	4132	52	22665	18886	24280	3673	14363	9884	16013	23419	8255	33564	23979	10174	13457	4043	29831	4088	26165	73115	14149	60906	674	47544	5247	34871	20270	17074	78	11689	11825	5748	3578	620	8025	4225	1388	3708	2781	3334	2125	4724	5442	2319	2736	8055	3569	5664	3900	5513	976	9762	5143	4897	3839	4963	3907	1735	4178	8591	4359	5473	5430	6844	3691	5870	2171	21087	1647	9216	7452	11916	2669	2005	2410	1201	5730	5095	12208	6139	1917	1610	4407	2388	2282	3373	3706	123	2754	2383	2662	1557	2998	6579	6342	2951	9727	5866	4925	7768	2935	3615	4519	6737	2557	9578	4514	5721	4182	3371	4940	955	5604	6760
MB_G216	4506	36827	43723	1379	2269	1499	2131	2933	1563	1878	1898	14781	15813	33847	1445	3037	4682	1373	2054	3405	10861	731	4960	3316	5470	2960	11671	6900	1993	55413	19428	249	3220	821	10009	12601	2012	1214	9825	5507	2257	3981	869	1833	528	2441	2400	0	1469	130	799	29858	972	2160	220	40664	145	2265	79036	21615	0	1516	838	14103	5008	7320	5595	12287	17	4197	2528	1499	1706	5005	680	0	4089	534	1756	0	8359	2262	16417	21666	1663	235	1079	1247	16025	1030	3636	3722	2586	1931	1872	507	7614	27403	17	21695	1333	1885	3790	2605	32638	6341	1159	57	4086	2743	15860	2181	11804	5673	6096	3835	13602	6794	197713	24108	3121	3645	8639	1435	12367	22591	33207	3343	343	9448	2148	11871	5463	4663	24	4816	56223	1893	4357	262	2486	15995	716	6848	250	7568	2469	7821	542	1472	6568	2620	838	1328	954	1405	303	1868	2105	3857	2723	2826	4125	1015	2825	5345	2634	8809	4319	2485	11241	6339	2476	5397	840	4014	2529	1237	2142	676	1292	1016	1733	7173	1580	248060	2780	1087	13487	2033	2427	3822	8926	0	25463	14564	137	579	16838	1467	4684	2349	3531	22330	13586	938	2212	4603	8825	3572	2072	6744	30972	1017	52	2631	4003	137	2185	1520
MB_G217	325	1990	5786	200	328	386	59	4123	10997	337	40628	20321	98520	22131	305	246	6726	856	219	1713	968	116	19930	14008	2729	11205	12211	4207	9774	5914	4147	32	10710	3612	14163	20157	14151	13133	16998	9535	2008	16043	388	69	23	194	4005	0	26	47	150	19326	60	18803	12	20049	58	2505	16317	2085	0	9663	101	810	35174	5219	3285	24917	14	783	4040	1898	531	9637	91	0	524	149	164	0	2292	199	5852	4294	58	0	77	249	981	274	5969	1505	1057	252	1927	2496	219	7570	0	32291	31	256	8955	42300	53615	104287	3270	62	332	131	7278	531	43782	1037	45671	400	25058	18065	4516	41807	36021	12265	100305	16046	37487	34525	113785	133	52	330	35	74	169	2601	48	49534	152337	38	259	302	63	9752	1929	11369	0	762	66	10614	87	86	8198	473	110	1890	10837	1122	35	571	2940	415	7282	8429	11625	3039	629	3552	1762	29433	6020	1335	2655	6562	3317	211	1132	291	8545	48	1033	13	1601	1378	1499	636	7927	114	380	120	6481	1868	7707	5954	5743	0	6161	5343	139	42	823	530	151	1852	3798	1092	10154	479	4197	2656	190	1508	5164	731	708	975	0	1237	6149	22	4857	40
MB_G218	212	3941	552	316	210	45	50	1123	185	187	211	251	4998	1727	221	20225	7314	286	399	277	7390	66	1672	607	1993	653	236	2522	707	410	4023	51	461749	405	4351	2054	372	231	15192	851	710	10724	189	183	97	86	27028	269	0	28	134	1215	112	359	0	4771	0	210	12962	11386	0	136	339	324	743	1984	7377	2716	0	843	127	213	129	709	190	182	223	28	358	17	4693	444	2627	195	75	0	30	279	386	46	563	787	2946	202	205	80	141	2444	0	238	60	355	2076	268	19331	2438	401	26	145	603	7632	27	20360	537449	2547	2106	13641	509	7906	1731	2573	2246	1974	198	356	20262	2588	983	22	1134	82	957	370	1055	22	638	762	22	569	36	170	2550	238	2529	18	5276	163	3481	326	35	2069	207	275	610	414	57563	732	612	3354	430	3613	12482	215982	947	8587	323	1097	4340	364	2093	11102	1328	8955	413	433	144194	2552	36	371	26	2354	31525	586	564	123	44	348	998	239	734	287	553	410	0	193	1162	17	149	116	137	158	202	851	340	428	124	325	206	395	17988	6116	340	648	210	0	207	460	14	331	150
MB_G219	14841	12834	6352	1911	6095	2215	8707	4729	3144	3974	6128	4848	15880	13755	13230	4511	9620	3942	13067	3457	6270	761	14716	4321	5606	9670	4669	3559	19511	10228	8172	303	18346	3572	11010	2769	13798	51026	6681	9746	7264	25924	4848	3715	1820	15606	5390	118	723	1085	2293	2834	2299	4644	711	21724	43	2639	14319	21516	53	11370	21263	4104	16261	3773	12612	3512	41	5647	5286	6084	3658	4694	5180	0	7401	562	13159	22	7661	4870	5751	1750	492	467	638	5637	2531	3085	18067	2740	6482	2396	4350	1172	10860	5318	20	2020	3813	6264	10174	3706	23161	9901	2940	60	8095	5940	66811	1553	41469	28197	75276	49613	6883	15278	15694	14371	61102	5612	121028	1809	14695	6994	10866	30432	53	27129	1014	13522	8241	35990	40	13340	14276	2255	4835	497	14890	15906	7164	2813	1426	2643	2428	4926	13561	822	1810	2539	8021	12394	5310	6535	2533	5548	5049	13967	7784	4986	8171	2588	8260	14151	7910	7235	3200	5421	6060	8060	3248	6846	2358	8652	7380	4167	1218	936	1637	1443	18180	3075	4242	1612	4081	2083	2062	1737	2621	5603	2081	32	1614	1810	3464	2767	897	1932	2985	3322	7160	4588	2018	6236	3142	2307	5988	3596	1553	6072	6466	12063	87	1332	1447	3207	3927	4098
MB_G220	10	5517	1995	16	284	468	681	641	26	105	1636	96	2552	374	752	1387	278	240	471	614	478	489	785	648	143	1153	432	304	1102	713	2109	0	1838	2012	338	1078	523	851	818	578	27	1002	360	10	137	46	1179	19	688	73	306	1196	147	1442	256	7789	137	147072	2140	1017	0	1854	225	198	553	955	100081	1550	200	827	1601	16	285	117	113	0	424	152	0	0	599	1172	1712	1179	28	290	37	0	308	29	1166	290	1298	34	1167	31	792	1272	0	965	10	57	1827	104	6869	3773	1955	3214	976	2826	3847	14	3591	1117632	858	3139	4561	543	886	2330	856	691	4387	379	1578	1295	967	113	127	22902	5133	2941	399	1825	133	1161	670	14592	239	26225	830	2047	135	277	1191	14242	264	2980	255	1400	156879	99	515	249	449	652	160	331	16844	382	355	2324	578	138	310	161	514	7993	476	353	1259	607	1076	89	1001	1969	775	283	324	62	1999	434	71	5164	189	129	311	587	377	614	6891	318	449	41	347	181	157	118	184	10	458	438	295	1662	398	61	341	11260	599	342	1513	486	31073	193	102	33	71	184	85	62
MB_G221	166	114	860	0	35	41	431	128	478	41	17	27	415	96	26	27	37	62	31	45	12	36	15	30	20	35	13	18	25	70	37	393	50	28	51	50	174	42	40	73	231	72	79	27522	32	647	33	0	12	28606	81	188	137	83	31	118	100	124	137	161	0	14	170	54	657	35	104	426	0	212	82	213	22	15	261	0	16	36	21	92	32	27	30	15	155	20045	21	27	40	227	54	19	35	161	18	0	15	30	16	0	0	336	22	119	312	165	6414	76	240	459	246	839017	232	536	136	283	282	104	239	130	195	43	253	17	229	310	240	355	628716	220615	2104	826	240	1133	0	2079	276	525	14	94	73	26	29	41	861	21	87	68	28	12	12	23	19	77	23	39	0	32	44	28	27	40	63	44	58	27052	22	38	33	45	44	64	25	24	13	68	128	12	18	24	45	16	20	23	10	25	23	16	13	28	86	27	22	1486	168	13231	0	12	63	12	0	51	27	63	35	17	19	44	19	13	32	16	23	244	128	46	20	86	16	21
MB_G222	29020	14465	6746	872	617087	8182	1731	11592	1281	3384	7164	4102	6164	2643	2318	3076	2807	1528	5838	2107	2745	1781	4710	2273	21337	887	2095	2113	4218	4939	9760	85	4484	1227	24564	3138	1862	2489	7881	3616	2111	5621	907	1832	8088	4163	4628	19	755	13686	1100	506	1686	1898	1170	4664	61	1227	31283	12763	250	1552	2291	1217	5943	1718	6593	1955	53	1342	1389	4783	4213	2466	1795	10	2574	1043	5039	0	2216	3759	6230	1843	1009	1193	915	1817	2245	9742	2678	1640	2209	1528	2029	245	2735	7785	93	718	1256	1699	4423	5165	18931	3850	2251	36	15336	35075	12881	5651	7345	2113	17333	5281	8386	24742	58169	2269	4644	4252	16769	937	14987	2374	9295	5634	145	7128	800	6255	8045	14472	33	3043	8122	809	5476	623	1091	9279	2337	5510	710	7231	1444	56680	2326	1020	825	1875	865	3150	1886	2960	815	6766	5246	6739	2909	3036	1674	1176	2148	6132	4405	5894	2074	3673	3939	3986	838	17616	732	105261	2841	1879	981	3027	602	582	2195	1437	4240	1277	727	833	1738	2535	1613	2042	10388	0	760	3091	654	5824	1499	1113	687	1005	3770	1256	2107	1370	11117	2382	2404	4366	1748	5630	8085	1811	27	1309	1492	223	2205	1085
MB_G223	279	6477	3698	180	1757	196	250	288	576	1415	1524	1495	3624	1237	990	1699	1003	695	854	1495	980	92	1163	1495	4065	1711	867	1674	1511	4118	8119	525	1073	450	997	1904	1170	420	1108	1733	1679	1381	84	701	115	735	1680	86	13	0	222	1683	1502	6455	45	3410	0	1025	4047	4641	11	211	341	1099	1452	1765	1489	2512	0	2190	439	6855	473	882	162	11	159	246	219	75	1991	2219	2833	1517	114	13	0	254	1152	1102	1182	581	1022	1509	510	85	1182	3489	0	1351	681	917	1174	391	22045	6181	2082	14	637	530	4105	172	2462	10479	939	999	3271	2026	4022	4079	3315	1593	4745	830	2009	10046	2625	372	266	423	29	330	756	656	20	3280	820	88	811	127	710	1432	930	2008	59	955	4606	1660	388	11991	1074	1389332	452	1022	1034	1397	402	606	2857	1369	826	681	1293	255	1565	2808	4716	1427	1303	2738	2004	2036	730	2729	623	3669	17028	428	856	123	1720	403	1370	1022	3603	361	447	549	1272	2623	1101	952	3740	0	655	2084	77	177	1367	54	309	1632	3317	2992	1166	172	3008	756	1349	585	1224	811	2331	214	14	3198	2877	299	1189	1136
MB_G224	896	6984	3368	2646	1291	307	9643	3098	3048	3029	2187	3461	8100	2810	3210	30732	22313	6387	4410	5434	5355	1354	12328	18492	15987	13684	4998	30936	14083	11613	13471	95	21107	7272	12342	20128	3777	12354	13500	13105	5850	15084	789	1901	306	1513	14726	0	758	93	1783	1918	2136	5147	196	5199	196	1140	9431	40805	0	5391	662	3637	4780	24681	11362	2179	37	1837	2852	2605	1295	1742	889	0	3362	552	17484	0	21123	2234	2259	580	116	1287	554	448	2583	343	5327	7997	21878	1310	6310	228	1718	16298	371	204	3663	2114	6536	4636	25965	5139	2505	40	741	1871	87463	555	36600	54914	17443	24241	24055	6080	75381	13404	11202	7423	17602	565	15644	1917	5376	15867	28	43774	1294	5663	4995	3362	0	5692	2777	646	14888	170	1966	1181	1574	19070	1091	3693	508	2195	1929	1255	3035	2184	7644	6268	1622	6588	2358	6836	16457	10040	15082	12989	13773	3930	6823	11329	8774	14275	1021	12192	8892	33126	11784	6946	6674	27606	8197	3654	9530	563	3835	2174	14364	3176	712	509	4956	5832	855	1053	1021	4941	2686	0	7523	32967	636	3047	849	1269	3009	23091	27438	12105	2832	2729	2611	4856	2297	13689	15781	2127	2430	16185	155	683	1365	564	996	4753
MB_G225	4656	25724	2322	6254	5107	1013	12343	4756	6004	5069	6699	3108	17825	3961	142538	5104	26032	16605	5916	2930	6672	887	52201	8254	6162	7680	3233	9261	25702	6455	5471	1134	15709	6928	4590	5091	13905	9198	3688	12388	8768	27095	2675	2580	422	6162	16693	20	827	72	1852	1055	2096	7154	139	10122	100	2601	10335	33932	121	5970	887	2450	23155	3108	3267	4277	48	2624	4114	5631	2671	10464	4437	0	2089	570	4824	0	5893	5456	47850	836	271	710	730	538	6203	629	5010	2397	14516	2530	4051	534	2457	2915	69	437	2836	19095	5695	8069	12748	17793	7914	76	1702	5160	70104	990	16505	12868	136022	33488	4359	4804	14823	6848	48913	2811	35304	2870	21276	7708	7311	16552	160	42918	1188	7295	7066	2953	23	10456	4106	8488	1463	458	1843	2547	573	1321	1962	1613	2553	3013	5200	807	3462	2700	2923	5528	2841	12823	1591	2860	3434	4673	5772	10753	3909	2577	3639	5324	4380	9838	3001	11151	3772	4216	2241	9603	3380	6120	11449	2695	2333	1616	2671	1419	3688	2471	4728	2224	2167	1760	1593	1457	1166	7445	2548	16	4859	2299	878	1602	933	4212	1497	5537	5649	5132	4288	2990	2471	2890	6111	7662	1174	2476	2640	4116	552	1666	2978	445	4745	3393
MB_G226	56	92	162	44	40	931	673941	458	281	205	82	67	107	61	62	38	77	669	1005	146	116	77	17	3863	43	14	14	40	20	48	22	30	33	85	40	39	55	15	3101	746	160	46	50	78	272	176	52	432	35	1598	14	59	738	82	38	63	770	76	133	123	28420	68	93	130	435	30	76	89	58	165	133	410	47	159	39	0	353	34	63	0	181	56	44	38	36	733	17	150	495	417	1142	34	86	26529	41	0	69	155	721017	30	70	12206	13	361	395	278	61	39	246	406	218	102079	202	131	75	72	75	384	404	673	77	24	406	20	69	171	152	438	134	107	269	91	171	280	58	99	52996	8035	34	0	938	24	45	42	37917	2473	13	83	11	27	0	71	0	0	64	38	14	1834	33	40	31	85	54	22	94	382	31	44	23	32	71	34	26	772	236	102	250	496	45	27	14	0	92	15	361	6475	24	21	214	43	4502	177	156	30	66	244	42	13	135	753	3667	124	93	404	94	160	89	712	43	30	55	149	149	20	291	86	42	0	162	52
MB_G227	2612	5529	11808	324	7190	2522	145	12060	3493	594	13828	3297	36560	30010	3418	2490	979	1154	2717	8264	1009	542	821	3735	4392	1445	3842	2198	4777	6368	6036	66	5111	2210	11947	6676	3783	3765	2119	7050	753	2730	161	1773	1322	2232	7742	94	834	6553	708	2941	483	7306	732	1313	47	1213	16079	10325	46	233	410	1504	3909	11662	2155	4318	14	178	7129	177	7680	4975	8702	0	8704	298	1018	0	4105	1379	4890	890	236	91	469	33	560	17165	18742	1410	4381	1247	8991	182	12669	2493	51	799	925	200	6057	6106	5969	47725	2824	38	6667	17308	22477	55	8423	571285	23809	19587	12082	17546	11715	13015	4231	2555	29121	4443	3211	16759	29206	2567	92	386	249	152	11152	5647	1159	2622	40400	421	3424	1032	707	4230	2126	2718	61	2424	610	2019	1992	410	667	198	1609	5206	2825	7788	1067	22198	7237	5212	3001	7780	3978	1281	18682	4479	6512	4764	2671	7361	7529	15019	4819	867	3547	5884	11997	3995	28786	992	1673	2505	2911	4670	12432	11	1690	2505	3899	786	264	2097	1789	45	1911	1237	960	2655	941	304	165	13230	3884	5883	5362	3219	795	1093	9242	3973	11277	1098	533	1569	0	318	429	705	938	2573
MB_G228	3555	8004	10073	111	3623	21	46	1639	1119	33	350	2751	32714	2207	660	8210	10141	7857	571	474	3279	237	15430	1977	3213	192	20319	8591	4594	2585	12801	11	4843	817	15211	2323	152	153	12615	542	337	6540	117	2038	23	1173	2100	0	53	0	25	24137	31	1015	13	18343	90	122	369414	29154	0	382	279	230	39523	2175	9080	9956	26	1072	171	133	674	358	209	0	237	1049	640	0	47100	10379	18968	1546	455	13	32	79	1850	49	416	3979	1467	123	223	17	547	14611	14	375	209	194	31318	137	34393	3510	1125	26	191	154	22199	115	225771	18429	6659	1116	18302	970	72173	8328	11516	6917	289	234	517	120582	4734	129	41	168	107	89	123	2017	0	2351	6556	38	272	320	5151	17639	68	12948	113	4715	50	28396	52	21	830	1881	84	498	785	3230	656	301	4009	723	2639	3388	4908	2910	10281	278	1719	3333	370	585	12989	1460	4194	338	152	6529	629	315	276	0	1251	2470	141	846	2774	167	85	113	264	7354	758	793	4449	0	178	2733	68	109	1098	30	44	1032	3323	619	421	435	1242	952	5338	3048	2177	289	3905	152	0	2857	594	0	82668	339
MB_G229	967	26252	8606	1440	4500	556	3173	2881	3486	1121	4166	1967	7672	8173	3880	3848	117456	6476	5885	5490	4333	2766	3656	3593	12705	4930	3074	4486	4911	5361	7096	116	5225	4801	6871	4965	4521	7216	5651	6410	4315	4045	1467	4437	169	2377	6971	483	944	227	1158	1676	3498	7814	851	9790	663	3542	10469	14766	130	3117	1003	2270	7172	3320	3466	4356	64	2404	4291	1183	2443	5453	894	8272	2417	798	9135	87	3562	1541	3849	3728	1980	2400	712	432	3945	790	5594	2291	5901	5933	2981	559	1052	13552	159	2292	10267	13250	4320	5289	52694	13022	6007	242	9110	5695	89099	481	16968	9365	10514	29657	6219	2482	22336	8347	8487	4293	13591	3127	9360	121230	10847	16355	3538	11964	4858	4428	8872	7458	790	6207	4459	4934	2675	379	1933	9868	2767	3188	1798	4688	1139	2581	2377	17345	4668	3842	26897	2757	1741	37518	1353	3266	6854	5995	2983	5061	11828	2237	8217	16219	9007	6416	2638	7533	5766	23528	3007	6799	3847	7902	6490	2691	5136	479	144863	9867	4670	2154	4119	498	1501	2416	1382	3517	4010	3264	4598	322	5261	7604	1539	3664	1686	1650	1040	3129	5147	19374	6352	2337	4544	4756	7192	6220	5920	3220	3999	6319	813	6388	4137	569	2458	2805
MB_G230	234	1282	624	96	1251	16	189	466	81	46	230	579	56342	945	357	3758	702	305	129	227	2436	42	476	1010	5681	330	164	666	519	7024	21919	27	12813	226	1066	712	259	125	10637	254	148	1886	48	303	11	783	900	348	45	0	34	596	0	200	0	2097	72	64	223216	1233	0	181	100	165	826	8257	17660	73604	26	589	154	67	197	350	100	0	240	859	636	0	46350	149	17716	1724	33	0	0	94	313	140	401	548	1418	210	128	14	77	18686	0	413	160	74	9013	17612	321292	1514	124	29	93	915	96850	40	6199	171234	1035	1600	37939	455	1481	780	931	16884	536	123	268	47154	1240	115	18	98	81	1412	540	1109	0	882	897	32	502	15	172	2520	77	6073	97	32219	169	4008	69	29	13364	114	227	170	212	7997	127	17409	1209	270	9805	9474	16148	198	8149	566	1983	20931	2404	583	35138	2984	14829	352	256	30017	2015	31	2456	25	1388	11334	420	4052	387	88	2082	948	164	391	354	1370	7391	0	161	6409	45	89	3451	28	56	237	324	5719	689	23	218	2812	156	3835	18372	111	847	153	71	2092	568	27	172	96
MB_G231	49	878	741	417	124	0	71	165	67	0	32	46	1512	183	66	92	86	22	132	78	98	10	144	190	305	106	75	73	90	106	225	0	492	35	184	69	149	67	622	167	116	926	45	22	0	163	426	533	14	0	14	3476	12	79	12	932	0	56	2549	416	0	58	10	86	117	183	774	171	0	14	64	127	33	34	12	0	74	40	63	0	4609	63	1715	21	42	0	0	44	31	71	118	75	436	41	140	13	21	467	0	22	62	50	878	126	4826	198	84	43	97	116	8000	11	1017964	504095	819	311	3833	143	650	1445	154	252	189	84	392	2166	1428	465	107	216	136	103	392	196	11	97	220	101	95	10	47	1223	79	946	40	611	0	1070	12	68	1478	18	82	56	206	12278	0	131	267	60	302	421	932	73	172	175	59	354	24	53	2269	156	201	88	122	640	386	64	488	0	704	3559	54	93	150	17	98	39	168	80	47	132	82	10	215	517	15	46	39	0	17	21	46	190	64	58	159	67	151	262	3785	78	382	88	0	98	75	15	74	0
MB_G232	76	1200	8091	57	2459	1134	66	9604	142	158	28	43	14898	4916	36	317	127	361	56	32	84	26	1036	1008	831	382	379	414	352	324	447	0	1019	21	2731	336	90	20	510	811	37	1081	25	47	45	356	102	0	547	189	70	3894	0	39	24	2305	69	534	8609	1815	0	70	45	87	1190	458	2232	305	0	665	14	0	104	68	946	0	88	372	11	0	64043	145	734	204	0	0	0	0	412	59	82	7322	127	0	23	24	467	55894	0	220	0	42	1042	72	15865	8627	1083	55	13499	500	2756	169	255442	6359	8323	523	11785	557	1147	2592	1263	382	1661	801	1600	2842	4630	115	50	4908	44	53	534	9310	4014	148	11446	47	21981	25	0	48022	1661	1487	4367	4084	239	1355	13	492	126	31	443	392	2658	289	20	305	8315	222	3774	67542	690	481	39177	44	7226	346	77920	448	16491	8077	15004	150	509	10373	9626	46	123	16	479	261	70	91260	393	104	59	36	102	57	9894	173214	97	0	593	4777	41	288	80131	34	0	60	22	65084	271	79	37	16374	387	2182	38590	271	627	221	0	1431	319	29	152199	773
MB_G233	163	29944	106403	85	59	0	23	208	159	19	650	143	145119	33895	44	2811	14	256	180	1892	254	0	1227	7867	7619	14933	2270	30946	10393	17134	49356	0	2893	1459	5553	19784	100	0	3017	8800	199	11575	0	238	0	165	2276	0	12	0	22	6961	31	226	0	9743	0	1573	7951	35326	0	297	37	623	222	132	1280	44960	0	459	355	216	39	58	0	0	630	68	60	0	7229	666	54347	28870	19	0	0	10	102	37	4647	1217	36863	0	218	0	81	27259	0	90	78	13	6845	103	41420	102087	217	37	40	105	29393	0	427	38773	4928	325	21091	271	55121	15080	98	7007	420	115	16440	7331	25529	655	21	38	33	59	58	472	32	434	16901	28	582	11	37	5598	714	23627	0	2986	82	34506	0	121	5850	0	44	4614	8323	1460	36	239	2836	2273	2650	4690	12000	11768	4562	2531	2655	3795	2704	3874	5880	7775	6331	388	5539	7584	6316	26	5378	0	318	1731	158	7046	15290	0	20	7410	232	18866	3346	710	22835	0	18	8564	0	12	2843	137	161	158	73	4373	529	84	321	8321	1142	3274	1629	899	80384	42	0	4549	330	17	9007	155
MB_G234	7733	7783	2484	1899	2718	6404	16519	12313	3807	35805	2177	2175	5524	27440	1772	3208	2749	3360	4500	3759	32571	1216	1442	2472	1917	2800	12071	4002	1784	125468	2048	268	1205	1088	2101	1326	2248	1835	3421	1704	6430	1740	2051	19429	12022	17556	1323	15	13139	1841	673	1861	18422	2033	1040	45354	479	3444	5829	4365	29	5904	9554	8593	10410	5572	1516	904	40	19530	30482	31528	1991	3101	953	0	16477	11853	9608	55	1458	17517	5700	3018	418	12372	2766	3070	12008	535	4428	754	3327	6638	2950	108	17774	1858	54	1404	10099	1642	3105	1406	4439	3766	1014	21	22251	5925	4271	4787	2197	5114	21687	2682	3419	51544	8237	3697	2266	649	31380	2497	2116	4297	7796	14641	16	76885	35338	137186	19587	38784	113	11639	20217	31848	1283	1299	1285	1789	752	606	488	893	1399	1607	498	2109	213	1299	1002	2554	4793	938	324	7614	1256	1484	1571	963	2314	1556	2366	4401	871	7010	1195	1764	1022	2064	1077	10197	580	2266	1811	1294	491	827	437	317	2423	2483	1504	9223	355	751	2347	789	549	735	1651	0	686	703	457	464	1650	7423	1781	1510	2780	21012	1145	12127	1616	372	1979	8142	562	7957	5749	1049	38	1189	1721	378	1246	2357
MB_G235	0	127	120	0	6169	0	121	175	0	0	278	51	16987	31778	26	148	73	10	11	11	10	105	0	331	13	10	0	57	18	20	1748	0	113	37	50	0	57	385	14	14	0	46	0	75	15	17	30	0	0	70	0	9209	0	40	0	96	0	76	114	120	0	10	18	0	99	10	16	137	0	239	23	0	0	0	21	0	21	91	0	0	14	0	33	0	0	1496	0	0	0	96	15	11	16	11	22	0	17	66	12	14	0	0	1072	0	1499	78	232	153	78	92	407	17	210	187	89	102	1538	118	177	1300926	182	0	16399	9991	103	2357	119	104	74	319	72	92	126	194	0	70	195	67	0	0	137	29	0	22	0	160	0	2904	45	99	59	0	0	12	4488	97	0	0	1500	19	3163	47	266	112	207	120	26	34	14	195	62371	488	50	11	60	98	2764	33	20	0	21	5291	20	2619	1515	0	10	62	0	0	11	78	0	0	0	0	10	0	0	0	0	23	0	517	12	23	29	11	22	29	26	13	2462	37529	0	463	10	0	8670	12
MB_G236	195	8803	1006	149	1817	65	29	227	1111	11	288	842	42790	999	741	6855	316	174	2182	539	1446	18	4976	3673	71886	1114	576	1856	518	16856	2415	23	10412	364	9445	2878	441	562	10120	5620	533	7518	54	101	24	83	2549	0	18	71	212	1448	60	886	0	86519	29	118	7362	64184	0	143	72	61	650	579	16821	78862	39	617	500	71	244	374	135	0	244	219	67	0	14989	136	9696	126583	153	0	103	54	391	42	1832	584	6557	350	197	264	65	43984	0	1662	54	213	9371	640	9844	1927	574	53	427	489	12898	64	274192	87046	806	20863	15434	839	1294	728	3039	9731	2268	111	914	49709	1552	50	14	417	18	141	943	245	205	1758	506	12	222	104	602	5014	78	2930	205	38383	62	878	128	120	6685	127	168	646	536	2935	292	111	5080	816	4476	7073	25484	1964	10285	922	2814	940	101	1316	28910	3123	7849	751	1362	12449	3072	127	6713	19	1143	10515	387	1812	490	0	2425	508	494	174	2166	10147	596	0	383	4302	93	265	606	25	56	192	473	365	15267	27	479	6217	507	2678	80151	146	539	184	0	7446	6787	30	220	571
MB_G237	92	1015	176	148	80	601	652	318	62	34	100	89	1262	344	315	83	174	111	146	240	221	0	167	271	114	97	104	130	72	255	146	0	12200	149	147	3005	118	159	1971	94	105	201	111	89	123	148	2070	21	14	88	31	125	36	100	38	284	62	117	550	624	440	70	29	183	313	439	6045	82	20	92	69	61	79	1216	79	0	73	31	233	0	118	83	85	228	26	207	31	49	471	1180	419	44	1902	73	278	18	65	1168	146	30	101	102	216	351	1074	402	329	93	443	304	2419	184	410	3019	1731	745	1437238	335	527	310	477	556	1364	177	119	20599	797	672	337	362	831	876	2336	195	20	416	564	4057	50	18	74	1475	128	525	1079	181	54	209	87	178	84	156	64	174	271	788	71	115	83	43	218	154	995	62	139	69	87	228	83	136	274	162	259	203	70	524	170	102	120	26	138	609	97	59	228	47	215	180	31	87	21	59	63	98	39	73	44	34	55	47	37	24	45	58	174	157	81	38	57	67	43	63	98	68	17	71	1608	18	36	45
MB_G238	81	467	825	508	68	54	26	181	19	0	251	310	1369	1609	101	361	352	96	126	367	213	111	87	142	210	429	251	377	234	348	415	0	484	148	122	244	186	41	483	385	722	182	42	1697	20	62	173	142	0	0	209	169	0	210	38	742	0	268	881	1184	0	648	76	1386	106	324	163	2201	0	456	1222	19	67	113	18	0	43	378	481	0	241	412	167	5805	427	26	0	0	87	26	372	82	90	13	2813	12	169	871	0	406	24	67	221	489	2573	2543	148	330	81	204	1494	16	456	1562	559	691	1273	409	559	389	237	306	603	174	617	1341	3017	872	41	561	18	48	568	710	23	394	1384	167	960	0	90	188	205	448	26	244	686	251	26	609	5701	991	194	108	55	151	181	257	677	196	293	397	3073	637	193	159	179	1043	429	410	3633	1168	149392	55	807	2203	442	586	357	80	6527	677	92	189	354	49	51	81	1082	225	1165203	215	516	0	98083	299	47	117	803	61	140	487	115	10528	330	1451	142	401	83	1370	1121	1920	794	80	242	972	845	26	315	554
MB_G239	2031	3898	4490	397	1730	1399	1418	613	530	154	985	760	3330	3359	239	5115	1678	602	772	850	2586	59	1147	1127	7504	954	318	95884	3631	1238	12076	45	11385	260	4206	19499	524	154	7232	2335	567	8847	180	894	66	694	2828	0	0	0	86	30600	476	315	198	29997	25	344	7133	2313	0	297	1485	1415	1969	18768	91874	3077	92	1139	456	1343	1166	1036	256	0	326	9603	363	0	7370	17571	172116	775	165	0	92	981	932	344	915	8323	3200	1649	340	62	341	294971	0	1460	230	134	5978	1258	56517	2674	332	30	358	674	104600	11334	8343	24107	2672	2085	17600	2480	9451	13331	2628	4279	1005	1505	1812	14461	12074	1801	32	8872	293	533	147	3562	0	1308	5171	38	871	131	157	18164	233	45025	25	2890	168	2957	140	671	2441	3167	251	533	727	2521	138	1222	9156	1081	1647	6203	72570	594	1552	262	1411	2605	456	883	11859	335	5763	812	284	7311	1968	71	504	59	606	2368	91	2292	2341	246	762	770	326	10768	486	595	885	0	245	1094	70	139	487	1556	139	1003	2839	979	1715	236	1356	522	563	815	1881	777	5142	303	0	874	1889	29	348	491
MB_G240	876	33251	10409	972	5234	904	1355	1752	584	332	936	3108	26487	12693	797	6076	2335	487	2841	1502	344	75	6401	1683	2875	1819	6379	3797	6620	4115	5410	84	12550	584	7198	10929	1650	497	28957	2069	4404	5916	346	2714	532	816	2018	10	99	0	328	8748	510	1498	39	49855	35	830	110829	40329	0	692	1770	1955	5190	5817	9602	16976	15	5595	1140	786	929	1713	166	0	2142	886	742	0	9971	1239	20922	1621	761	13	72	1047	4664	3146	3354	11199	14442	1680	774	167	1569	37549	0	5649	1086	931	8327	5632	43323	14210	1058	35	2591	417	15777	7425	41757	24804	12886	1868	23539	13659	12299	3867	9880	7370	3446	2463	1218	74858	13557	1299	23	10120	257	619	378	3255	7746	4671	23501	60	2496	192	343	6081	1238	10725	100	8832	499	7127	218	401	3233	2482	362	1402	3011	2923	649	1794	20301	2266	2766	2208	183554	1147	3659	1337	2253	5907	2725	1698	48221	1754	3615	1206	4333	9326	5696	178	2086	37	1934	2361	1566	13217	4969	692	2230	890	2723	7822	2021	1437	5497	0	971	7881	56	263	2093	981	347	558	6314	8377	3140	263	6934	1179	1573	4434	3558	1785	4808	614	0	1848	19083	325	7752	727
MB_G241	3184	8960	1815	3288	3635	484	2696	5384	3025	1398	3790	1319	7765	4497	4656	2676	5504	4383	2158	3467	8247	782	2450	4688	6129	2332	2121	3470	3471	2752	2622	789	2065	2327	3620	3902	5526	5151	6339	96322	2958	7443	1955	907	184	2685	59274	53	86	125	1287	473	851	4567	28	4966	168	1805	7959	11632	14	4825	1519	1502	9868	3528	2072	4644	16	1722	2422	2081	2193	4551	3174	0	1381	152	3641	0	7762	1981	4367	922	157	361	162	42	10136	1851	1500	2136	2524	2431	4438	324	1404	2730	17	148	1430	9668	2778	4111	5726	5591	5463	31	318	4297	13049	14	9253	153241	14875	255018	4972	5187	11460	4241	19026	6390	27093	1973	8499	3550	3843	24752	898	7985	586	3142	3188	5886	15	9772	1249	2056	1381	245	1640	1074	6618	800	1108	1425	2259	1996	4181	1931	1170	1582	1826	3614	4592	46205	378	1167	1964	2964	120729	6453	5278	1840	3384	3375	3150	3279	2450	12587	3296	11868	1407	5912	1866	4906	5473	3212	1614	842	1893	712	3020	2066	2453	486	1202	1116	579	1645	591	2550	1240	10	1330	381	494	1472	1296	822	1043	1722	1894	2192	2487	1691	1912	47517	6050	2137	1124	1601	10229	1882	1893	627	1576	419	2327	2989
MB_G242	314	18077	56593	173	170	65301	161	1078	8762	62	230	247	1214	871	11834	3986	273	242	143	223	2983	164	1375	284	280	16406	3842	243	260	1559	231	40	318	100	6216	245	214	190	8791	327	6575	435	61	101	6135	96932	282	36	223	237	74	426	124	261	82	2221	64	358	27352	16464	33	302	201	184	29752	479	839	318	34	238	257	122	827	8325	217	0	282	445	99	0	312	141	683	162	79	103	104	33	53996	725	4491	126	3400	193	14336	24	166	424	216	437	64	112	318	305	8865	1427	4188	98	2333	1653	7527	44	1663	6977	996	892	1117	2052	1720	353459	944	403	442844	643	732	1413	1596	520	195	648	351	444	1449	1937	832	871	1342	263	503	22	247	453	322	612	352	9458	303	312	64	457	204	117	326	296	31028	166	64	287	288	159	85	209	299	2442	152	1482	5238	233	109	174	341	234	4205	252	70	1893	147	2623	435	83	248	93	91	162	188	246	46	13188	1500	132	1101	1375	83	34	1936	1952	91	104	88	82	67	104	102	188	304	5453	124	183	168	962	241	233	190	157	34	71	156	40	166	116
MB_G243	29	1517	390	44	107	0	52	205	145	26	79	166	2342	424	296	647	157	320	97	68	165	275	491	702	409	545	46	272	619	214	557	0	853	337	440	170	436	166	1543	889	441	680	139	635	0	49	658	0	47	14	43	1613	13	54	10	294	0	54	2235	967	0	66	0	738	269	487	2490	266	0	325	240	46	33	151	56	0	100	0	399	0	834	335	1397	138	0	0	0	37	55	54	230	208	1025	367	248	12	67	1218	0	208	77	126	312	343	1252	261	284	827	37	809	2854	13	32684	1301385	1107	1953	9989	172	1390	580	773	251	713	78	290	3740	1080	566	43	38	237	80	1359	450	0	45	1310	62	274	29	308	748	24	1127	0	3116	16	1014	121	73	4122	91	145	248	296	985	300	330	565	265	283	746	1544	227	292	387	288	468	291	361	3874	1060	424	466	215	1376	397	225	170	0	304	1288	407	161	271	0	407	174	28	157	365	165	300	0	112	187	11	116	0	38	0	204	342	256	276	38	250	641	212	1015	359	56	112	99	53	336	328	16	80	285
MB_G244	404	8510	6855	95	881	3186	169	1626	4244	717	504	668	18034	1379	649	2572	426	1785	5363	223	3234	982	1014	1059	720	450	2493	2851	477	267	19902	14	15624	111	703	1052	754	1405	9667	4016	307	15649	266	235	301	349	118846	0	41	4371	249	2478	66	908	2104	434	14	489	7427	9240	11	694	1362	1228	1210	3383	630	15532	0	591	810	252	1608	618	4803	21	415	128	51	0	1438	4185	490	231	79687	65	0	25	1092	444	385	629	1030	288	359	114	646	50074	13	4133	177	257	11822	3000	31637	200	3025	130	18156	61835	45371	136	1495	33901	219960	1089	10103	10790	5901	1397	2272	1340	2966	1386	779	15695	917	10085	99	42	88	2175	1828	20977	5057	11012	19420	1210	978	82	1309	22439	149	65892	7304	945	515	1894	2021	1036	252	61	3670	2079	1822	13485	349	239	5685	553	12723	825	32659	5866	1448	1289	420	1237	1365	1013	1765	87531	209	581	5095	1918	789	930	14733	541	20633	11413	292	955	181	293	118	1795	366	761	50	1199	626	331	208	367	588	1039	51	154	46	196	30346	847	1100	2497	6426	3373	1269	11344	460	1701	522	846	83	146	104	277	812	251
MB_G245	216149	3514	132570	6271	114	221	14195	266	297	526	589	6034	2429	267	276	679	1490	148	180	54582	256	117	165	2621	7725	1689	5921	1230	166	54348	340	56	125	318	401	2315	213	235	202	112	1341	332	79	4401	286	424	770	13	140	70	294	79	243	503	28	1637	45	20438	1303	3985	65	40455	162	5576	27811	2001	282	1376	25	41800	23569	1665	635	1992	168	0	60371	16055	90337	0	151	1149	1659	2172	1765	64	209	629	847	66	254	661	291	3016	33989	57	712	7167	50	301	648	63	203	10288	1300	696	3603	14	139	1182	433	77	269	281	327	229	680	8188	1091	700	285	116	1654	17154	243	3634	275864	27964	26	966	121	383	657	9206	18	927	4951	252	96	14	113	2301	1818	1881	15	110	45	3917	46	89	87	397	506	145	4387	307	340	1025	421	1129	492	609	1144	251	378	858	258	687	4804	536	603	982	335	892	306	868	1432	390	303	193	282	111	385	2058	4890	5124	548	145	5688	12437	423	269	7979	146	508	4140	214	144	524	213	432	399	1100	4003	437	11684	868	300	1611	800	3832	656	11160	534	222	3540	8514	121	2514	381
MB_G246	0	129	429	0	0	0	21	21	0	0	0	48	301	62	0	136	10	0	0	0	16	0	14	28	367	0	28	698	64	226	673	0	195	10	103	131	13	12	278	23	38	67	0	0	0	0	81	0	0	0	0	261	0	15	0	838	0	21	937	417	0	0	0	16	53	229	282	434	0	126	0	0	17	0	0	0	19	11	0	0	371	22	339	264	0	0	0	0	19	64	19	43	207	0	0	0	11	1049	0	132	0	0	155	168	2470	143	28	36	35	131	330	19	249	521	43	84	1186	68	288	67	70	152	31	14	39	1397875	61	17	48	42	14	20	25	31	0	436	48	19	0	0	0	1243	0	1439	0	2150	0	64	0	0	57	10	11	17	0	107	0	156	52	20	39	100	501	12	66	0	80	102	68	24	1119	83	243	0	13	210	44	0	52	0	61	649	0	64	16	0	10	0	29	25	129	26	44	0	0	92	0	0	56	0	0	0	16	53	107	0	67	72	43	61	197	0	78	12	0	85	48	0	10	0
MB_G247	509	3614	1155	897	4100	118	32107	927	637	1630	2376	861	94965	2859	7019	7209	12109	4960	912	1156	1190	800	11442	21907	4013	988	1321	10702	11586	3242	2330	79	12579	20228	13250	3039	4859	5424	11436	26224	2635	12825	481	1401	168	4582	32492	17	87	21	336	601	3787	2904	103	17312	29	1112	20817	26813	0	8982	460	2504	7061	2370	7865	2513	20	2596	2797	752	1535	537	826	0	937	178	1202	0	15418	603	1966	509	92	2694	1698	928	1336	80	3093	8360	27984	1228	1924	144	2465	9947	0	259	1907	7421	13834	1832	32708	3946	661	60	262	1881	52445	383	30471	85041	18986	24244	16877	4367	33578	3210	19985	17476	6119	764	3334	1212	2266	5238	38	3713	255	1955	4390	1493	0	2800	3872	6314	15569	119	377	1118	568	528	342	890	446	910	2363	112	5668	1248	25068	19278	2089	8418	337	705	8285	5004	12315	11430	4907	3090	10864	2194	13723	6044	743	43278	8127	10432	7027	6042	5162	23237	37472	1580	739	517	3214	1686	13079	1047	574	491	4860	998	399	1193	431	8140	18485	0	425	567	754	588	170	477	291	1165	1224	1131	1606	1130	7886	534	1273	4453	5626	3597	1306	2032	177	585	1219	240	625	1479
MB_G248	203	19644	1507	1400	1308	94	950	2002	1407	3760	1340	1559	3384	2412	1062	9412	3034	1982	1421	1624	2209	376	12458	2860	8948	1860	1878	6703	8154	2550	1474	248	17184	14391	4402	3201	4540	1895	36183	2845	2151	16224	1771	4041	59	504	23039	13	290	13	473	1284	355	2055	259	3910	1070	2690	13792	6044	0	757	164	1109	2744	59235	4343	5833	14	1311	3026	372	681	1922	2676	18	931	278	3353	13	14355	722	2754	342	406	18	30	155	1987	1522	4182	7272	26039	3158	1988	131	575	4113	14	733	907	1851	11356	2208	35690	3605	889	34	372	4046	38552	60	142283	87032	4737	14973	10072	1306	8651	6043	13496	8626	4441	1307	2799	3862	5838	22986	8903	656	7031	4071	6502	4112	114	4420	1338	2009	1739	252	3857	2148	519	17837	90	5731	597	2482	757	303	3815	2151	639	6413	2358	27548	563	412	7486	5002	9915	47033	114654	7516	5856	2474	4667	7074	1214	4882	9019	6572	12946	4334	1577	29576	10295	1644	1469	713	5268	27584	2308	2673	3755	63	1933	2140	645	5553	393	1202	1710	0	939	2163	445	587	442	721	1546	1992	2733	2927	2885	1782	1615	1186	1429	11796	1647	432	1463	9069	0	441	1635	213	1235	1146
MB_G249	319	6854	3303	385	4677	152	7327	1271	2199	774	11631	3451	6841	1653	6061	13652	2009	2872	4496	2552	3175	206	2965	4525	2468	4551	1876	1884	4579	8271	1746	336	6266	1943	2882	6074	2384	170523	1922	4042	2198	5177	205	833	217	497	20747	685	376	42	1874	2886	211	8942	88	3737	29	1747	8043	9183	32	429	1792	1024	1562	1288	3165	5032	13	1912	1662	1688	560	3301	1167	0	950	191	916	14	7785	1118	2342	1519	1194	65	221	243	1486	165	134146	1847	2371	649	3141	273	967	2903	41	1537	886	3421	5249	3695	19662	3967	2202	69	949	870	19137	963	8499	10048	9848	23678	9330	3516	5359	6924	9356	4052	22004	1364	3289	8295	19961	1267	82	2802	98	611	1773	1081	26	7684	2239	307	1867	611	3881	4542	875	33955	275	1616	2577	5876	2055	975	6945	1582	1505	1802	3297	2894	1711	143859	1962	4488	4475	54329	3618	1296	5168	12325	1905	2384	914	3346	21408	7419	2290	3375	1771	7620	23060	943	2012	93	1471	69131	1855	1820	2165	286	25982	9489	875	2266	1861	2063	1973	0	1674	3015	41107	837	601	520	169	888	2928	1901	1654	569	4435	2198	2801	4499	4182	664	991	1319	482	2005	1649	457	1834	1005
MB_G250	410	849	72440	74	4535	472	47	306	574	108	84	7607	6846	18407	172	518	1647	276	199	292	18719	48	392	178	1598	3156	1187	2920	2967	25884	1183	0	365	3228	1995	2768	1032	1031	1507	487	5876	1444	23	393	35	128	754	17	15	121	39	428	192	224	14	23637	13	246	10839	14909	13	4786	2674	4320	20088	333	1431	706	0	6959	1984	977	382	2238	48	0	136	355	321	0	1985	9132	2034	5481	113	12	56	61	292	102	467	962	3514	275	483	0	108	1689	24	686	263	89	1409	700	4830	1467	252	26	73	283	3022	102	858142	920	2515	1563	16591	11962	2587	1881	441	280	278	498	5657	4728	3662	534	31	566	50	136	138	5072	0	3298	968	36	1897	13	168	1241	83	3003	37	425	29	1221	29	45	458	67	1740	69	374	134	47	305	670	1008	340	2260	465	77	596	633	571	323	1852	283	1555	354	470	2991	84	237	847	127	199	0	141	238	114	686	6077	124	91	46	1480	703	1046	346	3785	0	347	441	0	33	15641	40	26	5833	1312	2449	1286	393	459	266	1673	348	241	93	32334	131	0	522	3974	723	6697	4037
