FeatureID	Kingdom	Phylum	Class	Order	Family	Genus	Species	OriginalFeatureLabel
zhao_denovo369	Bacteria	Firmicutes	Clostridia	Clostridiales	Ruminococcaceae	Faecalibacterium		k__Bacteria;p__Firmicutes;c__Clostridia;o__Clostridiales;f__Ruminococcaceae;g__Faecalibacterium;s__;d__denovo369
zhao_denovo448	Bacteria	Firmicutes	Bacilli	Lactobacillales	Enterococcaceae	Enterococcus		k__Bacteria;p__Firmicutes;c__Bacilli;o__Lactobacillales;f__Enterococcaceae;g__Enterococcus;s__;d__denovo448
zhao_denovo449	Bacteria	Firmicutes	Erysipelotrichia	Erysipelotrichales	Erysipelotrichaceae			k__Bacteria;p__Firmicutes;c__Erysipelotrichia;o__Erysipelotrichales;f__Erysipelotrichaceae;g__;s__;d__denovo449
zhao_denovo446	Bacteria	Firmicutes	Clostridia	Clostridiales	Ruminococcaceae	Faecalibacterium		k__Bacteria;p__Firmicutes;c__Clostridia;o__Clostridiales;f__Ruminococcaceae;g__Faecalibacterium;s__;d__denovo446
zhao_denovo447	Bacteria	Firmicutes	Bacilli	Lactobacillales	Lactobacillaceae	Lactobacillus		k__Bacteria;p__Firmicutes;c__Bacilli;o__Lactobacillales;f__Lactobacillaceae;g__Lactobacillus;s__;d__denovo447
zhao_denovo444	Bacteria	Firmicutes	Clostridia	Clostridiales	Ruminococcaceae	Oscillibacter		k__Bacteria;p__Firmicutes;c__Clostridia;o__Clostridiales;f__Ruminococcaceae;g__Oscillibacter;s__;d__denovo444
zhao_denovo445	Bacteria	Firmicutes	Erysipelotrichia	Erysipelotrichales	Erysipelotrichaceae	Catenibacterium		k__Bacteria;p__Firmicutes;c__Erysipelotrichia;o__Erysipelotrichales;f__Erysipelotrichaceae;g__Catenibacterium;s__;d__denovo445
zhao_denovo442	Bacteria	Firmicutes	Bacilli	Lactobacillales	Streptococcaceae	Streptococcus		k__Bacteria;p__Firmicutes;c__Bacilli;o__Lactobacillales;f__Streptococcaceae;g__Streptococcus;s__;d__denovo442
zhao_denovo443	Bacteria	Bacteroidetes	Bacteroidia	Bacteroidales	Rikenellaceae	Alistipes		k__Bacteria;p__Bacteroidetes;c__Bacteroidia;o__Bacteroidales;f__Rikenellaceae;g__Alistipes;s__;d__denovo443
zhao_denovo440	Bacteria	Bacteroidetes	Bacteroidia	Bacteroidales	Bacteroidaceae	Bacteroides		k__Bacteria;p__Bacteroidetes;c__Bacteroidia;o__Bacteroidales;f__Bacteroidaceae;g__Bacteroides;s__;d__denovo440
zhao_denovo441	Bacteria	Bacteroidetes	Bacteroidia	Bacteroidales	Rikenellaceae	Alistipes		k__Bacteria;p__Bacteroidetes;c__Bacteroidia;o__Bacteroidales;f__Rikenellaceae;g__Alistipes;s__;d__denovo441
zhao_denovo367	Bacteria	Bacteroidetes	Bacteroidia	Bacteroidales	Prevotellaceae	Prevotella		k__Bacteria;p__Bacteroidetes;c__Bacteroidia;o__Bacteroidales;f__Prevotellaceae;g__Prevotella;s__;d__denovo367
zhao_denovo366	Bacteria	Firmicutes	Clostridia	Clostridiales	Lachnospiraceae	Clostridium_XlVa		k__Bacteria;p__Firmicutes;c__Clostridia;o__Clostridiales;f__Lachnospiraceae;g__Clostridium_XlVa;s__;d__denovo366
zhao_denovo365	Bacteria	Firmicutes	Negativicutes	Selenomonadales	Acidaminococcaceae	Phascolarctobacterium		k__Bacteria;p__Firmicutes;c__Negativicutes;o__Selenomonadales;f__Acidaminococcaceae;g__Phascolarctobacterium;s__;d__denovo365
zhao_denovo364	Bacteria	Firmicutes	Clostridia	Clostridiales	Ruminococcaceae	Faecalibacterium		k__Bacteria;p__Firmicutes;c__Clostridia;o__Clostridiales;f__Ruminococcaceae;g__Faecalibacterium;s__;d__denovo364
zhao_denovo288	Bacteria	Bacteroidetes	Bacteroidia	Bacteroidales	Bacteroidaceae	Bacteroides		k__Bacteria;p__Bacteroidetes;c__Bacteroidia;o__Bacteroidales;f__Bacteroidaceae;g__Bacteroides;s__;d__denovo288
zhao_denovo362	Bacteria	Firmicutes	Clostridia	Clostridiales	Peptostreptococcaceae	Clostridium_XI		k__Bacteria;p__Firmicutes;c__Clostridia;o__Clostridiales;f__Peptostreptococcaceae;g__Clostridium_XI;s__;d__denovo362
zhao_denovo361	Bacteria	Firmicutes	Clostridia	Clostridiales	Lachnospiraceae	Dorea		k__Bacteria;p__Firmicutes;c__Clostridia;o__Clostridiales;f__Lachnospiraceae;g__Dorea;s__;d__denovo361
zhao_denovo360	Bacteria	Bacteroidetes	Bacteroidia	Bacteroidales	Bacteroidaceae	Bacteroides		k__Bacteria;p__Bacteroidetes;c__Bacteroidia;o__Bacteroidales;f__Bacteroidaceae;g__Bacteroides;s__;d__denovo360
zhao_denovo284	Bacteria	Bacteroidetes	Bacteroidia	Bacteroidales	Bacteroidaceae	Bacteroides		k__Bacteria;p__Bacteroidetes;c__Bacteroidia;o__Bacteroidales;f__Bacteroidaceae;g__Bacteroides;s__;d__denovo284
zhao_denovo285	Bacteria	Proteobacteria	Gammaproteobacteria	Enterobacteriales	Enterobacteriaceae			k__Bacteria;p__Proteobacteria;c__Gammaproteobacteria;o__Enterobacteriales;f__Enterobacteriaceae;g__;s__;d__denovo285
zhao_denovo286	Bacteria	Firmicutes	Clostridia	Clostridiales				k__Bacteria;p__Firmicutes;c__Clostridia;o__Clostridiales;f__;g__;s__;d__denovo286
zhao_denovo287	Bacteria	Bacteroidetes						k__Bacteria;p__Bacteroidetes;c__;o__;f__;g__;s__;d__denovo287
zhao_denovo280	Bacteria	Bacteroidetes						k__Bacteria;p__Bacteroidetes;c__;o__;f__;g__;s__;d__denovo280
zhao_denovo281	Bacteria	Proteobacteria	Deltaproteobacteria	Desulfovibrionales	Desulfovibrionaceae	Desulfovibrio		k__Bacteria;p__Proteobacteria;c__Deltaproteobacteria;o__Desulfovibrionales;f__Desulfovibrionaceae;g__Desulfovibrio;s__;d__denovo281
zhao_denovo282	Bacteria	Bacteroidetes	Bacteroidia	Bacteroidales	Bacteroidaceae	Bacteroides		k__Bacteria;p__Bacteroidetes;c__Bacteroidia;o__Bacteroidales;f__Bacteroidaceae;g__Bacteroides;s__;d__denovo282
zhao_denovo368	Bacteria	Bacteroidetes	Bacteroidia	Bacteroidales	Bacteroidaceae	Bacteroides		k__Bacteria;p__Bacteroidetes;c__Bacteroidia;o__Bacteroidales;f__Bacteroidaceae;g__Bacteroides;s__;d__denovo368
zhao_denovo666	Bacteria	Actinobacteria	Actinobacteria	Bifidobacteriales	Bifidobacteriaceae	Bifidobacterium		k__Bacteria;p__Actinobacteria;c__Actinobacteria;o__Bifidobacteriales;f__Bifidobacteriaceae;g__Bifidobacterium;s__;d__denovo666
zhao_denovo667	Bacteria	Firmicutes	Clostridia	Clostridiales	Peptostreptococcaceae	Clostridium_XI		k__Bacteria;p__Firmicutes;c__Clostridia;o__Clostridiales;f__Peptostreptococcaceae;g__Clostridium_XI;s__;d__denovo667
zhao_denovo664	Bacteria	Firmicutes	Clostridia	Clostridiales	Lachnospiraceae			k__Bacteria;p__Firmicutes;c__Clostridia;o__Clostridiales;f__Lachnospiraceae;g__;s__;d__denovo664
zhao_denovo665	Bacteria	Firmicutes	Clostridia	Clostridiales	Lachnospiraceae	Lachnospiracea_incertae_sedis		k__Bacteria;p__Firmicutes;c__Clostridia;o__Clostridiales;f__Lachnospiraceae;g__Lachnospiracea_incertae_sedis;s__;d__denovo665
zhao_denovo662	Bacteria	Firmicutes	Clostridia	Clostridiales	Ruminococcaceae	Faecalibacterium		k__Bacteria;p__Firmicutes;c__Clostridia;o__Clostridiales;f__Ruminococcaceae;g__Faecalibacterium;s__;d__denovo662
zhao_denovo663	Bacteria	Firmicutes	Clostridia	Clostridiales	Lachnospiraceae	Clostridium_XlVb		k__Bacteria;p__Firmicutes;c__Clostridia;o__Clostridiales;f__Lachnospiraceae;g__Clostridium_XlVb;s__;d__denovo663
zhao_denovo549	Bacteria	Firmicutes	Clostridia	Clostridiales	Ruminococcaceae			k__Bacteria;p__Firmicutes;c__Clostridia;o__Clostridiales;f__Ruminococcaceae;g__;s__;d__denovo549
zhao_denovo548	Bacteria	Firmicutes	Bacilli	Bacillales	Bacillales_Incertae_Sedis_XI	Gemella		k__Bacteria;p__Firmicutes;c__Bacilli;o__Bacillales;f__Bacillales_Incertae_Sedis_XI;g__Gemella;s__;d__denovo548
zhao_denovo547	Bacteria	Firmicutes	Clostridia	Clostridiales	Lachnospiraceae			k__Bacteria;p__Firmicutes;c__Clostridia;o__Clostridiales;f__Lachnospiraceae;g__;s__;d__denovo547
zhao_denovo546	Bacteria							k__Bacteria;p__;c__;o__;f__;g__;s__;d__denovo546
zhao_denovo545	Bacteria	Firmicutes	Clostridia	Clostridiales	Ruminococcaceae	Faecalibacterium		k__Bacteria;p__Firmicutes;c__Clostridia;o__Clostridiales;f__Ruminococcaceae;g__Faecalibacterium;s__;d__denovo545
zhao_denovo544	Bacteria	Firmicutes	Clostridia	Clostridiales	Lachnospiraceae	Lachnospiracea_incertae_sedis		k__Bacteria;p__Firmicutes;c__Clostridia;o__Clostridiales;f__Lachnospiraceae;g__Lachnospiracea_incertae_sedis;s__;d__denovo544
zhao_denovo543	Bacteria	Firmicutes	Negativicutes	Selenomonadales	Veillonellaceae	Megamonas		k__Bacteria;p__Firmicutes;c__Negativicutes;o__Selenomonadales;f__Veillonellaceae;g__Megamonas;s__;d__denovo543
zhao_denovo542	Bacteria	Firmicutes	Clostridia	Clostridiales	Eubacteriaceae	Eubacterium		k__Bacteria;p__Firmicutes;c__Clostridia;o__Clostridiales;f__Eubacteriaceae;g__Eubacterium;s__;d__denovo542
zhao_denovo668	Bacteria	Firmicutes	Clostridia	Clostridiales	Lachnospiraceae			k__Bacteria;p__Firmicutes;c__Clostridia;o__Clostridiales;f__Lachnospiraceae;g__;s__;d__denovo668
zhao_denovo669	Bacteria	Firmicutes	Clostridia	Clostridiales	Lachnospiraceae	Lachnobacterium		k__Bacteria;p__Firmicutes;c__Clostridia;o__Clostridiales;f__Lachnospiraceae;g__Lachnobacterium;s__;d__denovo669
zhao_denovo149	Bacteria	Bacteroidetes	Bacteroidia	Bacteroidales	Rikenellaceae	Alistipes		k__Bacteria;p__Bacteroidetes;c__Bacteroidia;o__Bacteroidales;f__Rikenellaceae;g__Alistipes;s__;d__denovo149
zhao_denovo148	Bacteria	Firmicutes	Bacilli	Lactobacillales	Enterococcaceae	Enterococcus		k__Bacteria;p__Firmicutes;c__Bacilli;o__Lactobacillales;f__Enterococcaceae;g__Enterococcus;s__;d__denovo148
zhao_denovo143	Bacteria	Bacteroidetes	Bacteroidia	Bacteroidales	Porphyromonadaceae	Parabacteroides		k__Bacteria;p__Bacteroidetes;c__Bacteroidia;o__Bacteroidales;f__Porphyromonadaceae;g__Parabacteroides;s__;d__denovo143
zhao_denovo142	Bacteria	Firmicutes	Clostridia	Clostridiales	Lachnospiraceae			k__Bacteria;p__Firmicutes;c__Clostridia;o__Clostridiales;f__Lachnospiraceae;g__;s__;d__denovo142
zhao_denovo141	Bacteria	Bacteroidetes	Bacteroidia	Bacteroidales	Bacteroidaceae	Bacteroides		k__Bacteria;p__Bacteroidetes;c__Bacteroidia;o__Bacteroidales;f__Bacteroidaceae;g__Bacteroides;s__;d__denovo141
zhao_denovo140	Bacteria	Firmicutes	Clostridia	Clostridiales	Peptostreptococcaceae	Peptostreptococcus		k__Bacteria;p__Firmicutes;c__Clostridia;o__Clostridiales;f__Peptostreptococcaceae;g__Peptostreptococcus;s__;d__denovo140
zhao_denovo147	Bacteria	Bacteroidetes	Bacteroidia	Bacteroidales	Bacteroidaceae	Bacteroides		k__Bacteria;p__Bacteroidetes;c__Bacteroidia;o__Bacteroidales;f__Bacteroidaceae;g__Bacteroides;s__;d__denovo147
zhao_denovo146	Bacteria	Firmicutes	Bacilli	Lactobacillales	Enterococcaceae	Enterococcus		k__Bacteria;p__Firmicutes;c__Bacilli;o__Lactobacillales;f__Enterococcaceae;g__Enterococcus;s__;d__denovo146
zhao_denovo145	Bacteria	Proteobacteria	Gammaproteobacteria	Enterobacteriales	Enterobacteriaceae	Salmonella		k__Bacteria;p__Proteobacteria;c__Gammaproteobacteria;o__Enterobacteriales;f__Enterobacteriaceae;g__Salmonella;s__;d__denovo145
zhao_denovo144	Bacteria	Firmicutes	Clostridia	Clostridiales	Lachnospiraceae	Roseburia		k__Bacteria;p__Firmicutes;c__Clostridia;o__Clostridiales;f__Lachnospiraceae;g__Roseburia;s__;d__denovo144
zhao_denovo498	Bacteria	Firmicutes	Clostridia	Clostridiales	Ruminococcaceae	Faecalibacterium		k__Bacteria;p__Firmicutes;c__Clostridia;o__Clostridiales;f__Ruminococcaceae;g__Faecalibacterium;s__;d__denovo498
zhao_denovo718	Bacteria	Fusobacteria	Fusobacteriia	Fusobacteriales	Fusobacteriaceae	Fusobacterium		k__Bacteria;p__Fusobacteria;c__Fusobacteriia;o__Fusobacteriales;f__Fusobacteriaceae;g__Fusobacterium;s__;d__denovo718
zhao_denovo719	Bacteria	Firmicutes	Clostridia	Clostridiales	Lachnospiraceae			k__Bacteria;p__Firmicutes;c__Clostridia;o__Clostridiales;f__Lachnospiraceae;g__;s__;d__denovo719
zhao_denovo712	Bacteria	Proteobacteria	Gammaproteobacteria	Enterobacteriales	Enterobacteriaceae			k__Bacteria;p__Proteobacteria;c__Gammaproteobacteria;o__Enterobacteriales;f__Enterobacteriaceae;g__;s__;d__denovo712
zhao_denovo713	Bacteria	Bacteroidetes	Bacteroidia	Bacteroidales	Bacteroidaceae	Bacteroides		k__Bacteria;p__Bacteroidetes;c__Bacteroidia;o__Bacteroidales;f__Bacteroidaceae;g__Bacteroides;s__;d__denovo713
zhao_denovo710	Bacteria	Firmicutes	Clostridia	Clostridiales	Lachnospiraceae	Pseudobutyrivibrio		k__Bacteria;p__Firmicutes;c__Clostridia;o__Clostridiales;f__Lachnospiraceae;g__Pseudobutyrivibrio;s__;d__denovo710
zhao_denovo711	Bacteria	Firmicutes	Clostridia	Clostridiales	Ruminococcaceae	Ruminococcus		k__Bacteria;p__Firmicutes;c__Clostridia;o__Clostridiales;f__Ruminococcaceae;g__Ruminococcus;s__;d__denovo711
zhao_denovo716	Bacteria	Bacteroidetes	Bacteroidia	Bacteroidales	Porphyromonadaceae	Barnesiella		k__Bacteria;p__Bacteroidetes;c__Bacteroidia;o__Bacteroidales;f__Porphyromonadaceae;g__Barnesiella;s__;d__denovo716
zhao_denovo717	Bacteria	Bacteroidetes	Bacteroidia	Bacteroidales	Prevotellaceae	Paraprevotella		k__Bacteria;p__Bacteroidetes;c__Bacteroidia;o__Bacteroidales;f__Prevotellaceae;g__Paraprevotella;s__;d__denovo717
zhao_denovo714	Bacteria	Firmicutes	Clostridia	Clostridiales	Lachnospiraceae			k__Bacteria;p__Firmicutes;c__Clostridia;o__Clostridiales;f__Lachnospiraceae;g__;s__;d__denovo714
zhao_denovo715	Bacteria	Firmicutes	Negativicutes	Selenomonadales	Veillonellaceae	Megasphaera		k__Bacteria;p__Firmicutes;c__Negativicutes;o__Selenomonadales;f__Veillonellaceae;g__Megasphaera;s__;d__denovo715
zhao_denovo790	Bacteria	Firmicutes	Clostridia	Clostridiales	Lachnospiraceae	Blautia		k__Bacteria;p__Firmicutes;c__Clostridia;o__Clostridiales;f__Lachnospiraceae;g__Blautia;s__;d__denovo790
zhao_denovo781	Bacteria	Proteobacteria	Epsilonproteobacteria	Campylobacterales	Campylobacteraceae	Arcobacter		k__Bacteria;p__Proteobacteria;c__Epsilonproteobacteria;o__Campylobacterales;f__Campylobacteraceae;g__Arcobacter;s__;d__denovo781
zhao_denovo93	Bacteria	Bacteroidetes	Bacteroidia	Bacteroidales	Porphyromonadaceae	Porphyromonas		k__Bacteria;p__Bacteroidetes;c__Bacteroidia;o__Bacteroidales;f__Porphyromonadaceae;g__Porphyromonas;s__;d__denovo93
zhao_denovo783	Bacteria	Bacteroidetes	Bacteroidia	Bacteroidales	Prevotellaceae	Prevotella		k__Bacteria;p__Bacteroidetes;c__Bacteroidia;o__Bacteroidales;f__Prevotellaceae;g__Prevotella;s__;d__denovo783
zhao_denovo91	Bacteria	Firmicutes	Clostridia	Clostridiales	Lachnospiraceae	Lachnospira		k__Bacteria;p__Firmicutes;c__Clostridia;o__Clostridiales;f__Lachnospiraceae;g__Lachnospira;s__;d__denovo91
zhao_denovo785	Bacteria	Firmicutes	Clostridia	Clostridiales	Ruminococcaceae	Faecalibacterium		k__Bacteria;p__Firmicutes;c__Clostridia;o__Clostridiales;f__Ruminococcaceae;g__Faecalibacterium;s__;d__denovo785
zhao_denovo784	Bacteria	Firmicutes	Erysipelotrichia	Erysipelotrichales	Erysipelotrichaceae	Coprobacillus		k__Bacteria;p__Firmicutes;c__Erysipelotrichia;o__Erysipelotrichales;f__Erysipelotrichaceae;g__Coprobacillus;s__;d__denovo784
zhao_denovo787	Bacteria	Bacteroidetes	Bacteroidia	Bacteroidales	Bacteroidaceae	Bacteroides		k__Bacteria;p__Bacteroidetes;c__Bacteroidia;o__Bacteroidales;f__Bacteroidaceae;g__Bacteroides;s__;d__denovo787
zhao_denovo786	Bacteria	Bacteroidetes	Bacteroidia	Bacteroidales	Bacteroidaceae	Bacteroides		k__Bacteria;p__Bacteroidetes;c__Bacteroidia;o__Bacteroidales;f__Bacteroidaceae;g__Bacteroides;s__;d__denovo786
zhao_denovo789	Bacteria	Bacteroidetes	Bacteroidia	Bacteroidales	Porphyromonadaceae	Parabacteroides		k__Bacteria;p__Bacteroidetes;c__Bacteroidia;o__Bacteroidales;f__Porphyromonadaceae;g__Parabacteroides;s__;d__denovo789
zhao_denovo788	Bacteria	Bacteroidetes	Bacteroidia	Bacteroidales	Bacteroidaceae	Bacteroides		k__Bacteria;p__Bacteroidetes;c__Bacteroidia;o__Bacteroidales;f__Bacteroidaceae;g__Bacteroides;s__;d__denovo788
zhao_denovo98	Bacteria	Bacteroidetes	Bacteroidia	Bacteroidales	Bacteroidaceae	Bacteroides		k__Bacteria;p__Bacteroidetes;c__Bacteroidia;o__Bacteroidales;f__Bacteroidaceae;g__Bacteroides;s__;d__denovo98
zhao_denovo99	Bacteria	Firmicutes	Erysipelotrichia	Erysipelotrichales	Erysipelotrichaceae	Clostridium_XVIII		k__Bacteria;p__Firmicutes;c__Erysipelotrichia;o__Erysipelotrichales;f__Erysipelotrichaceae;g__Clostridium_XVIII;s__;d__denovo99
zhao_denovo513	Bacteria	Firmicutes	Clostridia	Clostridiales	Lachnospiraceae	Clostridium_XlVa		k__Bacteria;p__Firmicutes;c__Clostridia;o__Clostridiales;f__Lachnospiraceae;g__Clostridium_XlVa;s__;d__denovo513
zhao_denovo78	Bacteria	Firmicutes	Bacilli	Lactobacillales	Lactobacillaceae	Lactobacillus		k__Bacteria;p__Firmicutes;c__Bacilli;o__Lactobacillales;f__Lactobacillaceae;g__Lactobacillus;s__;d__denovo78
zhao_denovo79	Bacteria	Bacteroidetes	Bacteroidia	Bacteroidales	Bacteroidaceae	Bacteroides		k__Bacteria;p__Bacteroidetes;c__Bacteroidia;o__Bacteroidales;f__Bacteroidaceae;g__Bacteroides;s__;d__denovo79
zhao_denovo70	Bacteria	Firmicutes	Erysipelotrichia	Erysipelotrichales	Erysipelotrichaceae	Clostridium_XVIII		k__Bacteria;p__Firmicutes;c__Erysipelotrichia;o__Erysipelotrichales;f__Erysipelotrichaceae;g__Clostridium_XVIII;s__;d__denovo70
zhao_denovo71	Bacteria	Firmicutes	Clostridia	Clostridiales	Lachnospiraceae			k__Bacteria;p__Firmicutes;c__Clostridia;o__Clostridiales;f__Lachnospiraceae;g__;s__;d__denovo71
zhao_denovo72	Bacteria	Firmicutes	Clostridia	Clostridiales	Ruminococcaceae			k__Bacteria;p__Firmicutes;c__Clostridia;o__Clostridiales;f__Ruminococcaceae;g__;s__;d__denovo72
zhao_denovo73	Bacteria	Firmicutes	Clostridia	Clostridiales	Lachnospiraceae	Roseburia		k__Bacteria;p__Firmicutes;c__Clostridia;o__Clostridiales;f__Lachnospiraceae;g__Roseburia;s__;d__denovo73
zhao_denovo74	Bacteria	Bacteroidetes	Bacteroidia	Bacteroidales	Bacteroidaceae	Bacteroides		k__Bacteria;p__Bacteroidetes;c__Bacteroidia;o__Bacteroidales;f__Bacteroidaceae;g__Bacteroides;s__;d__denovo74
zhao_denovo75	Bacteria	Firmicutes	Clostridia	Clostridiales	Lachnospiraceae	Clostridium_XlVa		k__Bacteria;p__Firmicutes;c__Clostridia;o__Clostridiales;f__Lachnospiraceae;g__Clostridium_XlVa;s__;d__denovo75
zhao_denovo76	Bacteria	Firmicutes	Negativicutes	Selenomonadales	Acidaminococcaceae	Phascolarctobacterium		k__Bacteria;p__Firmicutes;c__Negativicutes;o__Selenomonadales;f__Acidaminococcaceae;g__Phascolarctobacterium;s__;d__denovo76
zhao_denovo77	Bacteria	Bacteroidetes	Bacteroidia	Bacteroidales	Prevotellaceae	Prevotella		k__Bacteria;p__Bacteroidetes;c__Bacteroidia;o__Bacteroidales;f__Prevotellaceae;g__Prevotella;s__;d__denovo77
zhao_denovo97	Bacteria	Firmicutes	Clostridia	Clostridiales	Lachnospiraceae	Lachnospiracea_incertae_sedis		k__Bacteria;p__Firmicutes;c__Clostridia;o__Clostridiales;f__Lachnospiraceae;g__Lachnospiracea_incertae_sedis;s__;d__denovo97
zhao_denovo323	Bacteria	Firmicutes	Clostridia	Clostridiales	Ruminococcaceae	Oscillibacter		k__Bacteria;p__Firmicutes;c__Clostridia;o__Clostridiales;f__Ruminococcaceae;g__Oscillibacter;s__;d__denovo323
zhao_denovo322	Bacteria	Firmicutes	Bacilli	Lactobacillales	Enterococcaceae	Enterococcus		k__Bacteria;p__Firmicutes;c__Bacilli;o__Lactobacillales;f__Enterococcaceae;g__Enterococcus;s__;d__denovo322
zhao_denovo321	Bacteria	Bacteroidetes	Bacteroidia	Bacteroidales	Bacteroidaceae	Bacteroides		k__Bacteria;p__Bacteroidetes;c__Bacteroidia;o__Bacteroidales;f__Bacteroidaceae;g__Bacteroides;s__;d__denovo321
zhao_denovo320	Bacteria	Firmicutes	Clostridia	Clostridiales	Lachnospiraceae	Blautia		k__Bacteria;p__Firmicutes;c__Clostridia;o__Clostridiales;f__Lachnospiraceae;g__Blautia;s__;d__denovo320
zhao_denovo327	Bacteria	Bacteroidetes	Bacteroidia	Bacteroidales	Bacteroidaceae	Bacteroides		k__Bacteria;p__Bacteroidetes;c__Bacteroidia;o__Bacteroidales;f__Bacteroidaceae;g__Bacteroides;s__;d__denovo327
zhao_denovo326	Bacteria	Firmicutes	Clostridia	Clostridiales				k__Bacteria;p__Firmicutes;c__Clostridia;o__Clostridiales;f__;g__;s__;d__denovo326
zhao_denovo325	Bacteria	Bacteroidetes	Bacteroidia	Bacteroidales	Bacteroidaceae	Bacteroides		k__Bacteria;p__Bacteroidetes;c__Bacteroidia;o__Bacteroidales;f__Bacteroidaceae;g__Bacteroides;s__;d__denovo325
zhao_denovo324	Bacteria	Actinobacteria	Actinobacteria	Coriobacteriales	Coriobacteriaceae	Olsenella		k__Bacteria;p__Actinobacteria;c__Actinobacteria;o__Coriobacteriales;f__Coriobacteriaceae;g__Olsenella;s__;d__denovo324
zhao_denovo240	Bacteria	Bacteroidetes	Bacteroidia	Bacteroidales	Prevotellaceae			k__Bacteria;p__Bacteroidetes;c__Bacteroidia;o__Bacteroidales;f__Prevotellaceae;g__;s__;d__denovo240
zhao_denovo241	Bacteria	Bacteroidetes	Bacteroidia	Bacteroidales	Porphyromonadaceae	Odoribacter		k__Bacteria;p__Bacteroidetes;c__Bacteroidia;o__Bacteroidales;f__Porphyromonadaceae;g__Odoribacter;s__;d__denovo241
zhao_denovo329	Bacteria	Firmicutes	Clostridia	Clostridiales	Lachnospiraceae			k__Bacteria;p__Firmicutes;c__Clostridia;o__Clostridiales;f__Lachnospiraceae;g__;s__;d__denovo329
zhao_denovo328	Bacteria	Firmicutes	Clostridia	Clostridiales	Lachnospiraceae	Clostridium_XlVa		k__Bacteria;p__Firmicutes;c__Clostridia;o__Clostridiales;f__Lachnospiraceae;g__Clostridium_XlVa;s__;d__denovo328
zhao_denovo244	Bacteria	Firmicutes	Clostridia	Clostridiales	Ruminococcaceae	Oscillibacter		k__Bacteria;p__Firmicutes;c__Clostridia;o__Clostridiales;f__Ruminococcaceae;g__Oscillibacter;s__;d__denovo244
zhao_denovo245	Bacteria	Firmicutes	Negativicutes	Selenomonadales	Acidaminococcaceae	Succiniclasticum		k__Bacteria;p__Firmicutes;c__Negativicutes;o__Selenomonadales;f__Acidaminococcaceae;g__Succiniclasticum;s__;d__denovo245
zhao_denovo246	Bacteria	Firmicutes	Bacilli	Lactobacillales	Enterococcaceae	Enterococcus		k__Bacteria;p__Firmicutes;c__Bacilli;o__Lactobacillales;f__Enterococcaceae;g__Enterococcus;s__;d__denovo246
zhao_denovo247	Bacteria	Firmicutes	Bacilli	Lactobacillales	Streptococcaceae	Streptococcus		k__Bacteria;p__Firmicutes;c__Bacilli;o__Lactobacillales;f__Streptococcaceae;g__Streptococcus;s__;d__denovo247
zhao_denovo363	Bacteria	Firmicutes	Clostridia	Clostridiales	Lachnospiraceae	Dorea		k__Bacteria;p__Firmicutes;c__Clostridia;o__Clostridiales;f__Lachnospiraceae;g__Dorea;s__;d__denovo363
zhao_denovo289	Bacteria	Firmicutes	Clostridia	Clostridiales	Lachnospiraceae			k__Bacteria;p__Firmicutes;c__Clostridia;o__Clostridiales;f__Lachnospiraceae;g__;s__;d__denovo289
zhao_denovo750	Bacteria	Firmicutes	Clostridia	Clostridiales	Lachnospiraceae	Dorea		k__Bacteria;p__Firmicutes;c__Clostridia;o__Clostridiales;f__Lachnospiraceae;g__Dorea;s__;d__denovo750
zhao_denovo491	Bacteria							k__Bacteria;p__;c__;o__;f__;g__;s__;d__denovo491
zhao_denovo611	Bacteria	Firmicutes	Erysipelotrichia	Erysipelotrichales	Erysipelotrichaceae	Erysipelotrichaceae_incertae_sedis		k__Bacteria;p__Firmicutes;c__Erysipelotrichia;o__Erysipelotrichales;f__Erysipelotrichaceae;g__Erysipelotrichaceae_incertae_sedis;s__;d__denovo611
zhao_denovo759	Bacteria	Firmicutes	Negativicutes	Selenomonadales	Acidaminococcaceae	Phascolarctobacterium		k__Bacteria;p__Firmicutes;c__Negativicutes;o__Selenomonadales;f__Acidaminococcaceae;g__Phascolarctobacterium;s__;d__denovo759
zhao_denovo187	Bacteria	Firmicutes						k__Bacteria;p__Firmicutes;c__;o__;f__;g__;s__;d__denovo187
zhao_denovo186	Bacteria	Bacteroidetes	Bacteroidia	Bacteroidales	Prevotellaceae	Prevotella		k__Bacteria;p__Bacteroidetes;c__Bacteroidia;o__Bacteroidales;f__Prevotellaceae;g__Prevotella;s__;d__denovo186
zhao_denovo185	Bacteria	Firmicutes	Clostridia	Clostridiales	Lachnospiraceae	Clostridium_XlVa		k__Bacteria;p__Firmicutes;c__Clostridia;o__Clostridiales;f__Lachnospiraceae;g__Clostridium_XlVa;s__;d__denovo185
zhao_denovo184	Bacteria	Bacteroidetes	Bacteroidia	Bacteroidales	Bacteroidaceae	Bacteroides		k__Bacteria;p__Bacteroidetes;c__Bacteroidia;o__Bacteroidales;f__Bacteroidaceae;g__Bacteroides;s__;d__denovo184
zhao_denovo183	Bacteria	Firmicutes	Clostridia	Clostridiales	Ruminococcaceae	Oscillibacter		k__Bacteria;p__Firmicutes;c__Clostridia;o__Clostridiales;f__Ruminococcaceae;g__Oscillibacter;s__;d__denovo183
zhao_denovo182	Bacteria	Firmicutes	Clostridia	Clostridiales	Lachnospiraceae			k__Bacteria;p__Firmicutes;c__Clostridia;o__Clostridiales;f__Lachnospiraceae;g__;s__;d__denovo182
zhao_denovo181	Bacteria	Bacteroidetes	Bacteroidia	Bacteroidales	Bacteroidaceae	Bacteroides		k__Bacteria;p__Bacteroidetes;c__Bacteroidia;o__Bacteroidales;f__Bacteroidaceae;g__Bacteroides;s__;d__denovo181
zhao_denovo180	Bacteria	Firmicutes	Clostridia	Clostridiales	Ruminococcaceae			k__Bacteria;p__Firmicutes;c__Clostridia;o__Clostridiales;f__Ruminococcaceae;g__;s__;d__denovo180
zhao_denovo748	Bacteria	Bacteroidetes	Bacteroidia	Bacteroidales	Prevotellaceae			k__Bacteria;p__Bacteroidetes;c__Bacteroidia;o__Bacteroidales;f__Prevotellaceae;g__;s__;d__denovo748
zhao_denovo189	Bacteria	Firmicutes	Bacilli	Lactobacillales	Enterococcaceae	Enterococcus		k__Bacteria;p__Firmicutes;c__Bacilli;o__Lactobacillales;f__Enterococcaceae;g__Enterococcus;s__;d__denovo189
zhao_denovo188	Bacteria	Bacteroidetes	Bacteroidia	Bacteroidales	Bacteroidaceae	Bacteroides		k__Bacteria;p__Bacteroidetes;c__Bacteroidia;o__Bacteroidales;f__Bacteroidaceae;g__Bacteroides;s__;d__denovo188
zhao_denovo437	Bacteria	Firmicutes	Clostridia	Clostridiales	Peptostreptococcaceae	Clostridium_XI		k__Bacteria;p__Firmicutes;c__Clostridia;o__Clostridiales;f__Peptostreptococcaceae;g__Clostridium_XI;s__;d__denovo437
zhao_denovo436	Bacteria	Proteobacteria	Gammaproteobacteria	Enterobacteriales	Enterobacteriaceae	Raoultella		k__Bacteria;p__Proteobacteria;c__Gammaproteobacteria;o__Enterobacteriales;f__Enterobacteriaceae;g__Raoultella;s__;d__denovo436
zhao_denovo435	Bacteria	Bacteroidetes	Bacteroidia	Bacteroidales	Prevotellaceae			k__Bacteria;p__Bacteroidetes;c__Bacteroidia;o__Bacteroidales;f__Prevotellaceae;g__;s__;d__denovo435
zhao_denovo434	Bacteria	Bacteroidetes	Bacteroidia	Bacteroidales	Bacteroidaceae	Bacteroides		k__Bacteria;p__Bacteroidetes;c__Bacteroidia;o__Bacteroidales;f__Bacteroidaceae;g__Bacteroides;s__;d__denovo434
zhao_denovo433	Bacteria	Firmicutes	Bacilli	Lactobacillales	Streptococcaceae	Streptococcus		k__Bacteria;p__Firmicutes;c__Bacilli;o__Lactobacillales;f__Streptococcaceae;g__Streptococcus;s__;d__denovo433
zhao_denovo432	Bacteria	Bacteroidetes	Flavobacteriia	Flavobacteriales	Flavobacteriaceae	Capnocytophaga		k__Bacteria;p__Bacteroidetes;c__Flavobacteriia;o__Flavobacteriales;f__Flavobacteriaceae;g__Capnocytophaga;s__;d__denovo432
zhao_denovo431	Bacteria	Firmicutes	Clostridia	Clostridiales	Lachnospiraceae	Lachnospiracea_incertae_sedis		k__Bacteria;p__Firmicutes;c__Clostridia;o__Clostridiales;f__Lachnospiraceae;g__Lachnospiracea_incertae_sedis;s__;d__denovo431
zhao_denovo430	Bacteria	Bacteroidetes	Bacteroidia	Bacteroidales	Bacteroidaceae	Bacteroides		k__Bacteria;p__Bacteroidetes;c__Bacteroidia;o__Bacteroidales;f__Bacteroidaceae;g__Bacteroides;s__;d__denovo430
zhao_denovo283	Bacteria	Fusobacteria	Fusobacteriia	Fusobacteriales	Fusobacteriaceae	Fusobacterium		k__Bacteria;p__Fusobacteria;c__Fusobacteriia;o__Fusobacteriales;f__Fusobacteriaceae;g__Fusobacterium;s__;d__denovo283
zhao_denovo439	Bacteria							k__Bacteria;p__;c__;o__;f__;g__;s__;d__denovo439
zhao_denovo438	Bacteria	Fusobacteria	Fusobacteriia	Fusobacteriales	Fusobacteriaceae	Fusobacterium		k__Bacteria;p__Fusobacteria;c__Fusobacteriia;o__Fusobacteriales;f__Fusobacteriaceae;g__Fusobacterium;s__;d__denovo438
zhao_denovo756	Bacteria	Actinobacteria	Actinobacteria	Bifidobacteriales	Bifidobacteriaceae	Bifidobacterium		k__Bacteria;p__Actinobacteria;c__Actinobacteria;o__Bifidobacteriales;f__Bifidobacteriaceae;g__Bifidobacterium;s__;d__denovo756
zhao_denovo757	Bacteria	Firmicutes	Clostridia	Clostridiales	Clostridiaceae_1	Clostridium_sensu_stricto		k__Bacteria;p__Firmicutes;c__Clostridia;o__Clostridiales;f__Clostridiaceae_1;g__Clostridium_sensu_stricto;s__;d__denovo757
zhao_denovo754	Bacteria	Firmicutes	Clostridia	Clostridiales	Lachnospiraceae	Pseudobutyrivibrio		k__Bacteria;p__Firmicutes;c__Clostridia;o__Clostridiales;f__Lachnospiraceae;g__Pseudobutyrivibrio;s__;d__denovo754
zhao_denovo755	Bacteria	Bacteroidetes	Bacteroidia	Bacteroidales	Porphyromonadaceae			k__Bacteria;p__Bacteroidetes;c__Bacteroidia;o__Bacteroidales;f__Porphyromonadaceae;g__;s__;d__denovo755
zhao_denovo752	Bacteria	Firmicutes	Clostridia	Clostridiales	Lachnospiraceae	Clostridium_XlVa		k__Bacteria;p__Firmicutes;c__Clostridia;o__Clostridiales;f__Lachnospiraceae;g__Clostridium_XlVa;s__;d__denovo752
zhao_denovo753	Bacteria	Bacteroidetes	Bacteroidia	Bacteroidales	Porphyromonadaceae	Butyricimonas		k__Bacteria;p__Bacteroidetes;c__Bacteroidia;o__Bacteroidales;f__Porphyromonadaceae;g__Butyricimonas;s__;d__denovo753
zhao_denovo619	Bacteria	Bacteroidetes	Bacteroidia	Bacteroidales	Porphyromonadaceae	Barnesiella		k__Bacteria;p__Bacteroidetes;c__Bacteroidia;o__Bacteroidales;f__Porphyromonadaceae;g__Barnesiella;s__;d__denovo619
zhao_denovo751	Bacteria	Bacteroidetes	Bacteroidia	Bacteroidales	Porphyromonadaceae			k__Bacteria;p__Bacteroidetes;c__Bacteroidia;o__Bacteroidales;f__Porphyromonadaceae;g__;s__;d__denovo751
zhao_denovo617	Bacteria	Proteobacteria	Gammaproteobacteria	Enterobacteriales	Enterobacteriaceae			k__Bacteria;p__Proteobacteria;c__Gammaproteobacteria;o__Enterobacteriales;f__Enterobacteriaceae;g__;s__;d__denovo617
zhao_denovo616	Bacteria	Bacteroidetes	Bacteroidia	Bacteroidales	Bacteroidaceae	Bacteroides		k__Bacteria;p__Bacteroidetes;c__Bacteroidia;o__Bacteroidales;f__Bacteroidaceae;g__Bacteroides;s__;d__denovo616
zhao_denovo615	Bacteria	Bacteroidetes	Bacteroidia	Bacteroidales	Bacteroidaceae	Bacteroides		k__Bacteria;p__Bacteroidetes;c__Bacteroidia;o__Bacteroidales;f__Bacteroidaceae;g__Bacteroides;s__;d__denovo615
zhao_denovo614	Bacteria	Firmicutes	Clostridia	Clostridiales	Lachnospiraceae			k__Bacteria;p__Firmicutes;c__Clostridia;o__Clostridiales;f__Lachnospiraceae;g__;s__;d__denovo614
zhao_denovo613	Bacteria	Bacteroidetes	Bacteroidia	Bacteroidales	Bacteroidaceae	Bacteroides		k__Bacteria;p__Bacteroidetes;c__Bacteroidia;o__Bacteroidales;f__Bacteroidaceae;g__Bacteroides;s__;d__denovo613
zhao_denovo612	Bacteria	Firmicutes	Bacilli	Lactobacillales	Lactobacillaceae	Lactobacillus		k__Bacteria;p__Firmicutes;c__Bacilli;o__Lactobacillales;f__Lactobacillaceae;g__Lactobacillus;s__;d__denovo612
zhao_denovo758	Bacteria	Proteobacteria	Gammaproteobacteria	Enterobacteriales	Enterobacteriaceae			k__Bacteria;p__Proteobacteria;c__Gammaproteobacteria;o__Enterobacteriales;f__Enterobacteriaceae;g__;s__;d__denovo758
zhao_denovo610	Bacteria	Firmicutes	Bacilli	Lactobacillales	Leuconostocaceae	Weissella		k__Bacteria;p__Firmicutes;c__Bacilli;o__Lactobacillales;f__Leuconostocaceae;g__Weissella;s__;d__denovo610
zhao_denovo129	Bacteria	Firmicutes	Negativicutes	Selenomonadales	Veillonellaceae	Dialister		k__Bacteria;p__Firmicutes;c__Negativicutes;o__Selenomonadales;f__Veillonellaceae;g__Dialister;s__;d__denovo129
zhao_denovo660	Bacteria	Bacteroidetes	Bacteroidia	Bacteroidales	Prevotellaceae	Paraprevotella		k__Bacteria;p__Bacteroidetes;c__Bacteroidia;o__Bacteroidales;f__Prevotellaceae;g__Paraprevotella;s__;d__denovo660
zhao_denovo793	Bacteria	Firmicutes	Clostridia	Clostridiales	Ruminococcaceae	Faecalibacterium		k__Bacteria;p__Firmicutes;c__Clostridia;o__Clostridiales;f__Ruminococcaceae;g__Faecalibacterium;s__;d__denovo793
zhao_denovo123	Bacteria	Bacteroidetes	Bacteroidia	Bacteroidales	Porphyromonadaceae	Parabacteroides		k__Bacteria;p__Bacteroidetes;c__Bacteroidia;o__Bacteroidales;f__Porphyromonadaceae;g__Parabacteroides;s__;d__denovo123
zhao_denovo661	Bacteria	Actinobacteria	Actinobacteria	Bifidobacteriales	Bifidobacteriaceae	Bifidobacterium		k__Bacteria;p__Actinobacteria;c__Actinobacteria;o__Bifidobacteriales;f__Bifidobacteriaceae;g__Bifidobacterium;s__;d__denovo661
zhao_denovo659	Bacteria	Fusobacteria	Fusobacteriia	Fusobacteriales	Fusobacteriaceae	Fusobacterium		k__Bacteria;p__Fusobacteria;c__Fusobacteriia;o__Fusobacteriales;f__Fusobacteriaceae;g__Fusobacterium;s__;d__denovo659
zhao_denovo110	Bacteria	Firmicutes	Clostridia	Clostridiales	Lachnospiraceae	Blautia		k__Bacteria;p__Firmicutes;c__Clostridia;o__Clostridiales;f__Lachnospiraceae;g__Blautia;s__;d__denovo110
zhao_denovo111	Bacteria	Firmicutes	Clostridia	Clostridiales	Lachnospiraceae	Ruminococcus2		k__Bacteria;p__Firmicutes;c__Clostridia;o__Clostridiales;f__Lachnospiraceae;g__Ruminococcus2;s__;d__denovo111
zhao_denovo112	Bacteria	Firmicutes	Bacilli	Lactobacillales	Enterococcaceae	Enterococcus		k__Bacteria;p__Firmicutes;c__Bacilli;o__Lactobacillales;f__Enterococcaceae;g__Enterococcus;s__;d__denovo112
zhao_denovo791	Bacteria	Firmicutes	Clostridia	Clostridiales	Lachnospiraceae	Blautia		k__Bacteria;p__Firmicutes;c__Clostridia;o__Clostridiales;f__Lachnospiraceae;g__Blautia;s__;d__denovo791
zhao_denovo114	Bacteria	Actinobacteria	Actinobacteria	Bifidobacteriales	Bifidobacteriaceae	Bifidobacterium		k__Bacteria;p__Actinobacteria;c__Actinobacteria;o__Bifidobacteriales;f__Bifidobacteriaceae;g__Bifidobacterium;s__;d__denovo114
zhao_denovo115	Bacteria	Bacteroidetes	Bacteroidia	Bacteroidales	Rikenellaceae	Alistipes		k__Bacteria;p__Bacteroidetes;c__Bacteroidia;o__Bacteroidales;f__Rikenellaceae;g__Alistipes;s__;d__denovo115
zhao_denovo116	Bacteria	Bacteroidetes	Bacteroidia	Bacteroidales	Bacteroidaceae	Bacteroides		k__Bacteria;p__Bacteroidetes;c__Bacteroidia;o__Bacteroidales;f__Bacteroidaceae;g__Bacteroides;s__;d__denovo116
zhao_denovo117	Bacteria	Bacteroidetes	Bacteroidia	Bacteroidales	Prevotellaceae	Prevotella		k__Bacteria;p__Bacteroidetes;c__Bacteroidia;o__Bacteroidales;f__Prevotellaceae;g__Prevotella;s__;d__denovo117
zhao_denovo503	Bacteria	Firmicutes	Clostridia	Clostridiales	Lachnospiraceae	Clostridium_XlVa		k__Bacteria;p__Firmicutes;c__Clostridia;o__Clostridiales;f__Lachnospiraceae;g__Clostridium_XlVa;s__;d__denovo503
zhao_denovo502	Bacteria	Bacteroidetes	Bacteroidia	Bacteroidales	Bacteroidaceae	Bacteroides		k__Bacteria;p__Bacteroidetes;c__Bacteroidia;o__Bacteroidales;f__Bacteroidaceae;g__Bacteroides;s__;d__denovo502
zhao_denovo501	Bacteria	Firmicutes	Clostridia	Clostridiales	Lachnospiraceae	Lachnospiracea_incertae_sedis		k__Bacteria;p__Firmicutes;c__Clostridia;o__Clostridiales;f__Lachnospiraceae;g__Lachnospiracea_incertae_sedis;s__;d__denovo501
zhao_denovo500	Bacteria	Firmicutes	Bacilli	Lactobacillales	Streptococcaceae	Streptococcus		k__Bacteria;p__Firmicutes;c__Bacilli;o__Lactobacillales;f__Streptococcaceae;g__Streptococcus;s__;d__denovo500
zhao_denovo507	Bacteria	Proteobacteria	Gammaproteobacteria	Enterobacteriales	Enterobacteriaceae	Klebsiella		k__Bacteria;p__Proteobacteria;c__Gammaproteobacteria;o__Enterobacteriales;f__Enterobacteriaceae;g__Klebsiella;s__;d__denovo507
zhao_denovo506	Bacteria	Firmicutes	Bacilli	Lactobacillales	Enterococcaceae	Enterococcus		k__Bacteria;p__Firmicutes;c__Bacilli;o__Lactobacillales;f__Enterococcaceae;g__Enterococcus;s__;d__denovo506
zhao_denovo505	Bacteria	Bacteroidetes	Bacteroidia	Bacteroidales	Rikenellaceae	Alistipes		k__Bacteria;p__Bacteroidetes;c__Bacteroidia;o__Bacteroidales;f__Rikenellaceae;g__Alistipes;s__;d__denovo505
zhao_denovo504	Bacteria	Firmicutes	Negativicutes	Selenomonadales				k__Bacteria;p__Firmicutes;c__Negativicutes;o__Selenomonadales;f__;g__;s__;d__denovo504
zhao_denovo794	Bacteria	Bacteroidetes	Bacteroidia	Bacteroidales	Prevotellaceae			k__Bacteria;p__Bacteroidetes;c__Bacteroidia;o__Bacteroidales;f__Prevotellaceae;g__;s__;d__denovo794
zhao_denovo122	Bacteria	Bacteroidetes	Bacteroidia	Bacteroidales	Bacteroidaceae	Bacteroides		k__Bacteria;p__Bacteroidetes;c__Bacteroidia;o__Bacteroidales;f__Bacteroidaceae;g__Bacteroides;s__;d__denovo122
zhao_denovo82	Bacteria	Bacteroidetes	Bacteroidia	Bacteroidales	Bacteroidaceae	Bacteroides		k__Bacteria;p__Bacteroidetes;c__Bacteroidia;o__Bacteroidales;f__Bacteroidaceae;g__Bacteroides;s__;d__denovo82
zhao_denovo34	Bacteria	Fusobacteria	Fusobacteriia	Fusobacteriales	Fusobacteriaceae	Fusobacterium		k__Bacteria;p__Fusobacteria;c__Fusobacteriia;o__Fusobacteriales;f__Fusobacteriaceae;g__Fusobacterium;s__;d__denovo34
zhao_denovo35	Bacteria	Bacteroidetes	Bacteroidia	Bacteroidales	Bacteroidaceae	Bacteroides		k__Bacteria;p__Bacteroidetes;c__Bacteroidia;o__Bacteroidales;f__Bacteroidaceae;g__Bacteroides;s__;d__denovo35
zhao_denovo36	Bacteria	Firmicutes	Clostridia	Clostridiales	Lachnospiraceae	Blautia		k__Bacteria;p__Firmicutes;c__Clostridia;o__Clostridiales;f__Lachnospiraceae;g__Blautia;s__;d__denovo36
zhao_denovo37	Bacteria	Bacteroidetes	Bacteroidia	Bacteroidales	Prevotellaceae	Prevotella		k__Bacteria;p__Bacteroidetes;c__Bacteroidia;o__Bacteroidales;f__Prevotellaceae;g__Prevotella;s__;d__denovo37
zhao_denovo30	Bacteria	Firmicutes	Clostridia	Clostridiales	Lachnospiraceae	Dorea		k__Bacteria;p__Firmicutes;c__Clostridia;o__Clostridiales;f__Lachnospiraceae;g__Dorea;s__;d__denovo30
zhao_denovo31	Bacteria	Bacteroidetes	Bacteroidia	Bacteroidales	Bacteroidaceae	Bacteroides		k__Bacteria;p__Bacteroidetes;c__Bacteroidia;o__Bacteroidales;f__Bacteroidaceae;g__Bacteroides;s__;d__denovo31
zhao_denovo32	Bacteria	Firmicutes	Clostridia	Clostridiales	Lachnospiraceae	Lachnospiracea_incertae_sedis		k__Bacteria;p__Firmicutes;c__Clostridia;o__Clostridiales;f__Lachnospiraceae;g__Lachnospiracea_incertae_sedis;s__;d__denovo32
zhao_denovo120	Bacteria	Firmicutes	Clostridia	Clostridiales	Lachnospiraceae			k__Bacteria;p__Firmicutes;c__Clostridia;o__Clostridiales;f__Lachnospiraceae;g__;s__;d__denovo120
zhao_denovo540	Bacteria	Bacteroidetes	Bacteroidia	Bacteroidales	Rikenellaceae	Alistipes		k__Bacteria;p__Bacteroidetes;c__Bacteroidia;o__Bacteroidales;f__Rikenellaceae;g__Alistipes;s__;d__denovo540
zhao_denovo38	Bacteria	Firmicutes	Erysipelotrichia	Erysipelotrichales	Erysipelotrichaceae	Clostridium_XVIII		k__Bacteria;p__Firmicutes;c__Erysipelotrichia;o__Erysipelotrichales;f__Erysipelotrichaceae;g__Clostridium_XVIII;s__;d__denovo38
zhao_denovo798	Bacteria	Firmicutes	Clostridia	Clostridiales	Peptostreptococcaceae	Peptostreptococcus		k__Bacteria;p__Firmicutes;c__Clostridia;o__Clostridiales;f__Peptostreptococcaceae;g__Peptostreptococcus;s__;d__denovo798
zhao_denovo799	Bacteria	Firmicutes	Bacilli	Lactobacillales	Carnobacteriaceae	Trichococcus		k__Bacteria;p__Firmicutes;c__Bacilli;o__Lactobacillales;f__Carnobacteriaceae;g__Trichococcus;s__;d__denovo799
zhao_denovo618	Bacteria	Firmicutes	Clostridia	Clostridiales	Lachnospiraceae	Ruminococcus2		k__Bacteria;p__Firmicutes;c__Clostridia;o__Clostridiales;f__Lachnospiraceae;g__Ruminococcus2;s__;d__denovo618
zhao_denovo228	Bacteria	Bacteroidetes	Bacteroidia	Bacteroidales	Prevotellaceae	Prevotella		k__Bacteria;p__Bacteroidetes;c__Bacteroidia;o__Bacteroidales;f__Prevotellaceae;g__Prevotella;s__;d__denovo228
zhao_denovo339	Bacteria	Firmicutes	Clostridia	Clostridiales	Ruminococcaceae	Flavonifractor		k__Bacteria;p__Firmicutes;c__Clostridia;o__Clostridiales;f__Ruminococcaceae;g__Flavonifractor;s__;d__denovo339
zhao_denovo89	Bacteria	Firmicutes	Clostridia	Clostridiales	Lachnospiraceae	Clostridium_XlVa		k__Bacteria;p__Firmicutes;c__Clostridia;o__Clostridiales;f__Lachnospiraceae;g__Clostridium_XlVa;s__;d__denovo89
zhao_denovo229	Bacteria	Firmicutes	Clostridia	Clostridiales	Lachnospiraceae	Lachnospiracea_incertae_sedis		k__Bacteria;p__Firmicutes;c__Clostridia;o__Clostridiales;f__Lachnospiraceae;g__Lachnospiracea_incertae_sedis;s__;d__denovo229
zhao_denovo656	Bacteria	Firmicutes	Clostridia	Clostridiales	Ruminococcaceae	Flavonifractor		k__Bacteria;p__Firmicutes;c__Clostridia;o__Clostridiales;f__Ruminococcaceae;g__Flavonifractor;s__;d__denovo656
zhao_denovo8	Bacteria	Proteobacteria	Gammaproteobacteria	Enterobacteriales	Enterobacteriaceae	Escherichia/Shigella		k__Bacteria;p__Proteobacteria;c__Gammaproteobacteria;o__Enterobacteriales;f__Enterobacteriaceae;g__Escherichia/Shigella;s__;d__denovo8
zhao_denovo655	Bacteria	Bacteroidetes	Bacteroidia	Bacteroidales	Porphyromonadaceae	Parabacteroides		k__Bacteria;p__Bacteroidetes;c__Bacteroidia;o__Bacteroidales;f__Porphyromonadaceae;g__Parabacteroides;s__;d__denovo655
zhao_denovo227	Bacteria	Firmicutes	Bacilli	Lactobacillales	Enterococcaceae	Enterococcus		k__Bacteria;p__Firmicutes;c__Bacilli;o__Lactobacillales;f__Enterococcaceae;g__Enterococcus;s__;d__denovo227
zhao_denovo654	Bacteria	Firmicutes	Clostridia	Clostridiales	Ruminococcaceae	Flavonifractor		k__Bacteria;p__Firmicutes;c__Clostridia;o__Clostridiales;f__Ruminococcaceae;g__Flavonifractor;s__;d__denovo654
zhao_denovo808	Bacteria	Firmicutes	Clostridia	Clostridiales	Ruminococcaceae	Faecalibacterium		k__Bacteria;p__Firmicutes;c__Clostridia;o__Clostridiales;f__Ruminococcaceae;g__Faecalibacterium;s__;d__denovo808
zhao_denovo809	Bacteria	Firmicutes	Clostridia	Clostridiales	Peptostreptococcaceae	Clostridium_XI		k__Bacteria;p__Firmicutes;c__Clostridia;o__Clostridiales;f__Peptostreptococcaceae;g__Clostridium_XI;s__;d__denovo809
zhao_denovo806	Bacteria	Firmicutes	Clostridia	Clostridiales	Ruminococcaceae	Flavonifractor		k__Bacteria;p__Firmicutes;c__Clostridia;o__Clostridiales;f__Ruminococcaceae;g__Flavonifractor;s__;d__denovo806
zhao_denovo807	Bacteria	Proteobacteria	Gammaproteobacteria	Enterobacteriales	Enterobacteriaceae	Escherichia/Shigella		k__Bacteria;p__Proteobacteria;c__Gammaproteobacteria;o__Enterobacteriales;f__Enterobacteriaceae;g__Escherichia/Shigella;s__;d__denovo807
zhao_denovo804	Bacteria	Bacteroidetes	Bacteroidia	Bacteroidales	Bacteroidaceae	Bacteroides		k__Bacteria;p__Bacteroidetes;c__Bacteroidia;o__Bacteroidales;f__Bacteroidaceae;g__Bacteroides;s__;d__denovo804
zhao_denovo805	Bacteria	Bacteroidetes	Bacteroidia	Bacteroidales	Porphyromonadaceae	Parabacteroides		k__Bacteria;p__Bacteroidetes;c__Bacteroidia;o__Bacteroidales;f__Porphyromonadaceae;g__Parabacteroides;s__;d__denovo805
zhao_denovo802	Bacteria	Firmicutes	Clostridia	Clostridiales	Lachnospiraceae	Clostridium_XlVb		k__Bacteria;p__Firmicutes;c__Clostridia;o__Clostridiales;f__Lachnospiraceae;g__Clostridium_XlVb;s__;d__denovo802
zhao_denovo803	Bacteria	Firmicutes	Clostridia	Clostridiales	Lachnospiraceae			k__Bacteria;p__Firmicutes;c__Clostridia;o__Clostridiales;f__Lachnospiraceae;g__;s__;d__denovo803
zhao_denovo800	Bacteria	Bacteroidetes	Bacteroidia	Bacteroidales	Prevotellaceae	Paraprevotella		k__Bacteria;p__Bacteroidetes;c__Bacteroidia;o__Bacteroidales;f__Prevotellaceae;g__Paraprevotella;s__;d__denovo800
zhao_denovo801	Bacteria	Bacteroidetes	Bacteroidia	Bacteroidales	Porphyromonadaceae	Parabacteroides		k__Bacteria;p__Bacteroidetes;c__Bacteroidia;o__Bacteroidales;f__Porphyromonadaceae;g__Parabacteroides;s__;d__denovo801
zhao_denovo535	Bacteria	Bacteroidetes	Bacteroidia	Bacteroidales	Porphyromonadaceae	Parabacteroides		k__Bacteria;p__Bacteroidetes;c__Bacteroidia;o__Bacteroidales;f__Porphyromonadaceae;g__Parabacteroides;s__;d__denovo535
zhao_denovo378	Bacteria	Proteobacteria	Deltaproteobacteria	Desulfovibrionales	Desulfovibrionaceae	Desulfovibrio		k__Bacteria;p__Proteobacteria;c__Deltaproteobacteria;o__Desulfovibrionales;f__Desulfovibrionaceae;g__Desulfovibrio;s__;d__denovo378
zhao_denovo508	Bacteria	Proteobacteria	Betaproteobacteria	Burkholderiales	Comamonadaceae			k__Bacteria;p__Proteobacteria;c__Betaproteobacteria;o__Burkholderiales;f__Comamonadaceae;g__;s__;d__denovo508
zhao_denovo204	Bacteria	Bacteroidetes	Bacteroidia	Bacteroidales	Bacteroidaceae	Bacteroides		k__Bacteria;p__Bacteroidetes;c__Bacteroidia;o__Bacteroidales;f__Bacteroidaceae;g__Bacteroides;s__;d__denovo204
zhao_denovo205	Bacteria	Bacteroidetes	Bacteroidia	Bacteroidales	Prevotellaceae	Prevotella		k__Bacteria;p__Bacteroidetes;c__Bacteroidia;o__Bacteroidales;f__Prevotellaceae;g__Prevotella;s__;d__denovo205
zhao_denovo206	Bacteria	Bacteroidetes	Bacteroidia	Bacteroidales	Porphyromonadaceae	Parabacteroides		k__Bacteria;p__Bacteroidetes;c__Bacteroidia;o__Bacteroidales;f__Porphyromonadaceae;g__Parabacteroides;s__;d__denovo206
zhao_denovo207	Bacteria	Proteobacteria	Betaproteobacteria	Burkholderiales	Sutterellaceae	Parasutterella		k__Bacteria;p__Proteobacteria;c__Betaproteobacteria;o__Burkholderiales;f__Sutterellaceae;g__Parasutterella;s__;d__denovo207
zhao_denovo200	Bacteria	Bacteroidetes	Bacteroidia	Bacteroidales	Rikenellaceae	Alistipes		k__Bacteria;p__Bacteroidetes;c__Bacteroidia;o__Bacteroidales;f__Rikenellaceae;g__Alistipes;s__;d__denovo200
zhao_denovo201	Bacteria	Bacteroidetes	Bacteroidia	Bacteroidales	Porphyromonadaceae	Butyricimonas		k__Bacteria;p__Bacteroidetes;c__Bacteroidia;o__Bacteroidales;f__Porphyromonadaceae;g__Butyricimonas;s__;d__denovo201
zhao_denovo202	Bacteria	Firmicutes	Clostridia	Clostridiales	Ruminococcaceae	Oscillibacter		k__Bacteria;p__Firmicutes;c__Clostridia;o__Clostridiales;f__Ruminococcaceae;g__Oscillibacter;s__;d__denovo202
zhao_denovo203	Bacteria	Bacteroidetes	Bacteroidia	Bacteroidales	Rikenellaceae	Alistipes		k__Bacteria;p__Bacteroidetes;c__Bacteroidia;o__Bacteroidales;f__Rikenellaceae;g__Alistipes;s__;d__denovo203
zhao_denovo208	Bacteria	Firmicutes	Clostridia	Clostridiales	Peptostreptococcaceae	Peptostreptococcus		k__Bacteria;p__Firmicutes;c__Clostridia;o__Clostridiales;f__Peptostreptococcaceae;g__Peptostreptococcus;s__;d__denovo208
zhao_denovo209	Bacteria	Firmicutes	Clostridia	Clostridiales	Lachnospiraceae	Lachnospiracea_incertae_sedis		k__Bacteria;p__Firmicutes;c__Clostridia;o__Clostridiales;f__Lachnospiraceae;g__Lachnospiracea_incertae_sedis;s__;d__denovo209
zhao_denovo113	Bacteria	Bacteroidetes	Bacteroidia	Bacteroidales	Prevotellaceae	Prevotella		k__Bacteria;p__Bacteroidetes;c__Bacteroidia;o__Bacteroidales;f__Prevotellaceae;g__Prevotella;s__;d__denovo113
zhao_denovo385	Bacteria	Firmicutes	Negativicutes	Selenomonadales	Acidaminococcaceae	Phascolarctobacterium		k__Bacteria;p__Firmicutes;c__Negativicutes;o__Selenomonadales;f__Acidaminococcaceae;g__Phascolarctobacterium;s__;d__denovo385
zhao_denovo384	Bacteria	Firmicutes	Clostridia	Clostridiales	Ruminococcaceae			k__Bacteria;p__Firmicutes;c__Clostridia;o__Clostridiales;f__Ruminococcaceae;g__;s__;d__denovo384
zhao_denovo387	Bacteria	Firmicutes	Negativicutes	Selenomonadales	Veillonellaceae	Veillonella		k__Bacteria;p__Firmicutes;c__Negativicutes;o__Selenomonadales;f__Veillonellaceae;g__Veillonella;s__;d__denovo387
zhao_denovo386	Bacteria	Bacteroidetes	Bacteroidia	Bacteroidales	Rikenellaceae	Alistipes		k__Bacteria;p__Bacteroidetes;c__Bacteroidia;o__Bacteroidales;f__Rikenellaceae;g__Alistipes;s__;d__denovo386
zhao_denovo381	Bacteria	Firmicutes	Clostridia	Clostridiales	Lachnospiraceae			k__Bacteria;p__Firmicutes;c__Clostridia;o__Clostridiales;f__Lachnospiraceae;g__;s__;d__denovo381
zhao_denovo380	Bacteria	Bacteroidetes	Bacteroidia	Bacteroidales	Bacteroidaceae	Bacteroides		k__Bacteria;p__Bacteroidetes;c__Bacteroidia;o__Bacteroidales;f__Bacteroidaceae;g__Bacteroides;s__;d__denovo380
zhao_denovo383	Bacteria	Bacteroidetes	Bacteroidia	Bacteroidales	Bacteroidaceae	Bacteroides		k__Bacteria;p__Bacteroidetes;c__Bacteroidia;o__Bacteroidales;f__Bacteroidaceae;g__Bacteroides;s__;d__denovo383
zhao_denovo382	Bacteria	Firmicutes	Bacilli	Lactobacillales	Enterococcaceae	Enterococcus		k__Bacteria;p__Firmicutes;c__Bacilli;o__Lactobacillales;f__Enterococcaceae;g__Enterococcus;s__;d__denovo382
zhao_denovo389	Bacteria	Proteobacteria	Gammaproteobacteria	Enterobacteriales	Enterobacteriaceae	Escherichia/Shigella		k__Bacteria;p__Proteobacteria;c__Gammaproteobacteria;o__Enterobacteriales;f__Enterobacteriaceae;g__Escherichia/Shigella;s__;d__denovo389
zhao_denovo388	Bacteria	Firmicutes	Clostridia	Clostridiales	Lachnospiraceae	Pseudobutyrivibrio		k__Bacteria;p__Firmicutes;c__Clostridia;o__Clostridiales;f__Lachnospiraceae;g__Pseudobutyrivibrio;s__;d__denovo388
zhao_denovo118	Bacteria	Firmicutes	Clostridia	Clostridiales	Lachnospiraceae	Clostridium_XlVa		k__Bacteria;p__Firmicutes;c__Clostridia;o__Clostridiales;f__Lachnospiraceae;g__Clostridium_XlVa;s__;d__denovo118
zhao_denovo119	Bacteria	Fusobacteria	Fusobacteriia	Fusobacteriales	Fusobacteriaceae	Fusobacterium		k__Bacteria;p__Fusobacteria;c__Fusobacteriia;o__Fusobacteriales;f__Fusobacteriaceae;g__Fusobacterium;s__;d__denovo119
zhao_denovo473	Bacteria	Firmicutes	Clostridia	Clostridiales	Lachnospiraceae			k__Bacteria;p__Firmicutes;c__Clostridia;o__Clostridiales;f__Lachnospiraceae;g__;s__;d__denovo473
zhao_denovo472	Bacteria	Firmicutes	Clostridia	Clostridiales	Ruminococcaceae	Faecalibacterium		k__Bacteria;p__Firmicutes;c__Clostridia;o__Clostridiales;f__Ruminococcaceae;g__Faecalibacterium;s__;d__denovo472
zhao_denovo471	Bacteria	Bacteroidetes	Bacteroidia	Bacteroidales	Bacteroidaceae	Bacteroides		k__Bacteria;p__Bacteroidetes;c__Bacteroidia;o__Bacteroidales;f__Bacteroidaceae;g__Bacteroides;s__;d__denovo471
zhao_denovo470	Bacteria	Bacteroidetes	Bacteroidia	Bacteroidales	Bacteroidaceae	Bacteroides		k__Bacteria;p__Bacteroidetes;c__Bacteroidia;o__Bacteroidales;f__Bacteroidaceae;g__Bacteroides;s__;d__denovo470
zhao_denovo477	Bacteria	Proteobacteria	Gammaproteobacteria	Enterobacteriales	Enterobacteriaceae			k__Bacteria;p__Proteobacteria;c__Gammaproteobacteria;o__Enterobacteriales;f__Enterobacteriaceae;g__;s__;d__denovo477
zhao_denovo476	Bacteria	Firmicutes	Bacilli	Lactobacillales	Lactobacillaceae	Lactobacillus		k__Bacteria;p__Firmicutes;c__Bacilli;o__Lactobacillales;f__Lactobacillaceae;g__Lactobacillus;s__;d__denovo476
zhao_denovo475	Bacteria	Bacteroidetes	Bacteroidia	Bacteroidales	Prevotellaceae			k__Bacteria;p__Bacteroidetes;c__Bacteroidia;o__Bacteroidales;f__Prevotellaceae;g__;s__;d__denovo475
zhao_denovo474	Bacteria	Firmicutes	Clostridia	Clostridiales	Lachnospiraceae			k__Bacteria;p__Firmicutes;c__Clostridia;o__Clostridiales;f__Lachnospiraceae;g__;s__;d__denovo474
zhao_denovo370	Bacteria	Firmicutes	Negativicutes	Selenomonadales				k__Bacteria;p__Firmicutes;c__Negativicutes;o__Selenomonadales;f__;g__;s__;d__denovo370
zhao_denovo371	Bacteria	Bacteroidetes	Bacteroidia	Bacteroidales	Bacteroidaceae	Bacteroides		k__Bacteria;p__Bacteroidetes;c__Bacteroidia;o__Bacteroidales;f__Bacteroidaceae;g__Bacteroides;s__;d__denovo371
zhao_denovo372	Bacteria	Bacteroidetes	Bacteroidia	Bacteroidales	Bacteroidaceae	Bacteroides		k__Bacteria;p__Bacteroidetes;c__Bacteroidia;o__Bacteroidales;f__Bacteroidaceae;g__Bacteroides;s__;d__denovo372
zhao_denovo373	Bacteria	Firmicutes	Negativicutes	Selenomonadales	Veillonellaceae	Mitsuokella		k__Bacteria;p__Firmicutes;c__Negativicutes;o__Selenomonadales;f__Veillonellaceae;g__Mitsuokella;s__;d__denovo373
zhao_denovo374	Bacteria	Firmicutes	Clostridia	Clostridiales	Lachnospiraceae	Blautia		k__Bacteria;p__Firmicutes;c__Clostridia;o__Clostridiales;f__Lachnospiraceae;g__Blautia;s__;d__denovo374
zhao_denovo375	Bacteria	Firmicutes	Bacilli	Lactobacillales	Enterococcaceae	Enterococcus		k__Bacteria;p__Firmicutes;c__Bacilli;o__Lactobacillales;f__Enterococcaceae;g__Enterococcus;s__;d__denovo375
zhao_denovo376	Bacteria	Bacteroidetes	Bacteroidia	Bacteroidales	Prevotellaceae	Prevotella		k__Bacteria;p__Bacteroidetes;c__Bacteroidia;o__Bacteroidales;f__Prevotellaceae;g__Prevotella;s__;d__denovo376
zhao_denovo377	Bacteria	Firmicutes	Clostridia	Clostridiales	Lachnospiraceae	Pseudobutyrivibrio		k__Bacteria;p__Firmicutes;c__Clostridia;o__Clostridiales;f__Lachnospiraceae;g__Pseudobutyrivibrio;s__;d__denovo377
zhao_denovo271	Bacteria	Firmicutes	Negativicutes	Selenomonadales	Veillonellaceae	Dialister		k__Bacteria;p__Firmicutes;c__Negativicutes;o__Selenomonadales;f__Veillonellaceae;g__Dialister;s__;d__denovo271
zhao_denovo270	Bacteria	Firmicutes	Clostridia	Clostridiales	Ruminococcaceae			k__Bacteria;p__Firmicutes;c__Clostridia;o__Clostridiales;f__Ruminococcaceae;g__;s__;d__denovo270
zhao_denovo273	Bacteria	Firmicutes	Bacilli	Lactobacillales	Streptococcaceae	Streptococcus		k__Bacteria;p__Firmicutes;c__Bacilli;o__Lactobacillales;f__Streptococcaceae;g__Streptococcus;s__;d__denovo273
zhao_denovo272	Bacteria	Firmicutes	Clostridia	Clostridiales	Peptostreptococcaceae	Peptostreptococcus		k__Bacteria;p__Firmicutes;c__Clostridia;o__Clostridiales;f__Peptostreptococcaceae;g__Peptostreptococcus;s__;d__denovo272
zhao_denovo275	Bacteria	Firmicutes	Bacilli	Lactobacillales	Enterococcaceae	Enterococcus		k__Bacteria;p__Firmicutes;c__Bacilli;o__Lactobacillales;f__Enterococcaceae;g__Enterococcus;s__;d__denovo275
zhao_denovo274	Bacteria	Firmicutes	Clostridia	Clostridiales	Lachnospiraceae			k__Bacteria;p__Firmicutes;c__Clostridia;o__Clostridiales;f__Lachnospiraceae;g__;s__;d__denovo274
zhao_denovo277	Bacteria	Firmicutes	Clostridia	Clostridiales	Lachnospiraceae	Blautia		k__Bacteria;p__Firmicutes;c__Clostridia;o__Clostridiales;f__Lachnospiraceae;g__Blautia;s__;d__denovo277
zhao_denovo276	Bacteria	Bacteroidetes	Bacteroidia	Bacteroidales	Prevotellaceae	Prevotella		k__Bacteria;p__Bacteroidetes;c__Bacteroidia;o__Bacteroidales;f__Prevotellaceae;g__Prevotella;s__;d__denovo276
zhao_denovo279	Bacteria	Firmicutes	Clostridia	Clostridiales	Ruminococcaceae	Flavonifractor		k__Bacteria;p__Firmicutes;c__Clostridia;o__Clostridiales;f__Ruminococcaceae;g__Flavonifractor;s__;d__denovo279
zhao_denovo278	Bacteria	Proteobacteria	Gammaproteobacteria	Enterobacteriales	Enterobacteriaceae	Klebsiella		k__Bacteria;p__Proteobacteria;c__Gammaproteobacteria;o__Enterobacteriales;f__Enterobacteriaceae;g__Klebsiella;s__;d__denovo278
zhao_denovo550	Bacteria	Firmicutes	Clostridia	Clostridiales	Ruminococcaceae	Pseudoflavonifractor		k__Bacteria;p__Firmicutes;c__Clostridia;o__Clostridiales;f__Ruminococcaceae;g__Pseudoflavonifractor;s__;d__denovo550
zhao_denovo551	Bacteria	Bacteroidetes	Bacteroidia	Bacteroidales	Bacteroidaceae	Bacteroides		k__Bacteria;p__Bacteroidetes;c__Bacteroidia;o__Bacteroidales;f__Bacteroidaceae;g__Bacteroides;s__;d__denovo551
zhao_denovo552	Bacteria	Firmicutes	Clostridia	Clostridiales	Lachnospiraceae	Clostridium_XlVa		k__Bacteria;p__Firmicutes;c__Clostridia;o__Clostridiales;f__Lachnospiraceae;g__Clostridium_XlVa;s__;d__denovo552
zhao_denovo553	Bacteria	Firmicutes	Clostridia	Clostridiales	Lachnospiraceae	Dorea		k__Bacteria;p__Firmicutes;c__Clostridia;o__Clostridiales;f__Lachnospiraceae;g__Dorea;s__;d__denovo553
zhao_denovo554	Bacteria	Firmicutes	Erysipelotrichia	Erysipelotrichales	Erysipelotrichaceae			k__Bacteria;p__Firmicutes;c__Erysipelotrichia;o__Erysipelotrichales;f__Erysipelotrichaceae;g__;s__;d__denovo554
zhao_denovo555	Bacteria	Firmicutes	Clostridia	Clostridiales	Lachnospiraceae	Roseburia		k__Bacteria;p__Firmicutes;c__Clostridia;o__Clostridiales;f__Lachnospiraceae;g__Roseburia;s__;d__denovo555
zhao_denovo556	Bacteria	Firmicutes	Negativicutes	Selenomonadales	Acidaminococcaceae	Phascolarctobacterium		k__Bacteria;p__Firmicutes;c__Negativicutes;o__Selenomonadales;f__Acidaminococcaceae;g__Phascolarctobacterium;s__;d__denovo556
zhao_denovo557	Bacteria	Bacteroidetes	Bacteroidia	Bacteroidales	Rikenellaceae	Alistipes		k__Bacteria;p__Bacteroidetes;c__Bacteroidia;o__Bacteroidales;f__Rikenellaceae;g__Alistipes;s__;d__denovo557
zhao_denovo558	Bacteria	Bacteroidetes	Bacteroidia	Bacteroidales	Bacteroidaceae	Bacteroides		k__Bacteria;p__Bacteroidetes;c__Bacteroidia;o__Bacteroidales;f__Bacteroidaceae;g__Bacteroides;s__;d__denovo558
zhao_denovo559	Bacteria	Proteobacteria	Gammaproteobacteria	Enterobacteriales	Enterobacteriaceae	Klebsiella		k__Bacteria;p__Proteobacteria;c__Gammaproteobacteria;o__Enterobacteriales;f__Enterobacteriaceae;g__Klebsiella;s__;d__denovo559
zhao_denovo493	Bacteria	Firmicutes	Bacilli	Lactobacillales	Lactobacillaceae	Lactobacillus		k__Bacteria;p__Firmicutes;c__Bacilli;o__Lactobacillales;f__Lactobacillaceae;g__Lactobacillus;s__;d__denovo493
zhao_denovo492	Bacteria	Bacteroidetes	Bacteroidia	Bacteroidales	Prevotellaceae	Paraprevotella		k__Bacteria;p__Bacteroidetes;c__Bacteroidia;o__Bacteroidales;f__Prevotellaceae;g__Paraprevotella;s__;d__denovo492
zhao_denovo495	Bacteria	Firmicutes	Clostridia	Clostridiales				k__Bacteria;p__Firmicutes;c__Clostridia;o__Clostridiales;f__;g__;s__;d__denovo495
zhao_denovo494	Bacteria	Firmicutes	Clostridia	Clostridiales	Lachnospiraceae	Lachnospiracea_incertae_sedis		k__Bacteria;p__Firmicutes;c__Clostridia;o__Clostridiales;f__Lachnospiraceae;g__Lachnospiracea_incertae_sedis;s__;d__denovo494
zhao_denovo497	Bacteria	Firmicutes	Negativicutes	Selenomonadales	Veillonellaceae	Megasphaera		k__Bacteria;p__Firmicutes;c__Negativicutes;o__Selenomonadales;f__Veillonellaceae;g__Megasphaera;s__;d__denovo497
zhao_denovo496	Bacteria	Proteobacteria	Betaproteobacteria	Burkholderiales	Sutterellaceae	Parasutterella		k__Bacteria;p__Proteobacteria;c__Betaproteobacteria;o__Burkholderiales;f__Sutterellaceae;g__Parasutterella;s__;d__denovo496
zhao_denovo158	Bacteria	Firmicutes	Clostridia	Clostridiales	Lachnospiraceae			k__Bacteria;p__Firmicutes;c__Clostridia;o__Clostridiales;f__Lachnospiraceae;g__;s__;d__denovo158
zhao_denovo159	Bacteria	Firmicutes	Clostridia	Clostridiales	Lachnospiraceae	Blautia		k__Bacteria;p__Firmicutes;c__Clostridia;o__Clostridiales;f__Lachnospiraceae;g__Blautia;s__;d__denovo159
zhao_denovo154	Bacteria	Firmicutes	Bacilli	Lactobacillales	Enterococcaceae	Enterococcus		k__Bacteria;p__Firmicutes;c__Bacilli;o__Lactobacillales;f__Enterococcaceae;g__Enterococcus;s__;d__denovo154
zhao_denovo155	Bacteria	Firmicutes	Clostridia	Clostridiales	Lachnospiraceae	Ruminococcus2		k__Bacteria;p__Firmicutes;c__Clostridia;o__Clostridiales;f__Lachnospiraceae;g__Ruminococcus2;s__;d__denovo155
zhao_denovo156	Bacteria	Actinobacteria	Actinobacteria	Bifidobacteriales	Bifidobacteriaceae	Bifidobacterium		k__Bacteria;p__Actinobacteria;c__Actinobacteria;o__Bifidobacteriales;f__Bifidobacteriaceae;g__Bifidobacterium;s__;d__denovo156
zhao_denovo157	Bacteria	Firmicutes	Clostridia	Clostridiales	Ruminococcaceae			k__Bacteria;p__Firmicutes;c__Clostridia;o__Clostridiales;f__Ruminococcaceae;g__;s__;d__denovo157
zhao_denovo150	Bacteria	Firmicutes	Clostridia	Clostridiales	Lachnospiraceae	Clostridium_XlVa		k__Bacteria;p__Firmicutes;c__Clostridia;o__Clostridiales;f__Lachnospiraceae;g__Clostridium_XlVa;s__;d__denovo150
zhao_denovo151	Bacteria	Proteobacteria	Gammaproteobacteria	Enterobacteriales	Enterobacteriaceae			k__Bacteria;p__Proteobacteria;c__Gammaproteobacteria;o__Enterobacteriales;f__Enterobacteriaceae;g__;s__;d__denovo151
zhao_denovo152	Bacteria	Firmicutes	Negativicutes	Selenomonadales	Veillonellaceae	Mitsuokella		k__Bacteria;p__Firmicutes;c__Negativicutes;o__Selenomonadales;f__Veillonellaceae;g__Mitsuokella;s__;d__denovo152
zhao_denovo153	Bacteria	Bacteroidetes	Bacteroidia	Bacteroidales	Porphyromonadaceae	Odoribacter		k__Bacteria;p__Bacteroidetes;c__Bacteroidia;o__Bacteroidales;f__Porphyromonadaceae;g__Odoribacter;s__;d__denovo153
zhao_denovo792	Bacteria	Bacteroidetes	Bacteroidia	Bacteroidales	Bacteroidaceae	Bacteroides		k__Bacteria;p__Bacteroidetes;c__Bacteroidia;o__Bacteroidales;f__Bacteroidaceae;g__Bacteroides;s__;d__denovo792
zhao_denovo479	Bacteria	Firmicutes	Clostridia	Clostridiales	Lachnospiraceae	Pseudobutyrivibrio		k__Bacteria;p__Firmicutes;c__Clostridia;o__Clostridiales;f__Lachnospiraceae;g__Pseudobutyrivibrio;s__;d__denovo479
zhao_denovo729	Bacteria	Firmicutes	Clostridia	Clostridiales	Lachnospiraceae	Lachnospiracea_incertae_sedis		k__Bacteria;p__Firmicutes;c__Clostridia;o__Clostridiales;f__Lachnospiraceae;g__Lachnospiracea_incertae_sedis;s__;d__denovo729
zhao_denovo728	Bacteria	Firmicutes	Clostridia	Clostridiales	Lachnospiraceae			k__Bacteria;p__Firmicutes;c__Clostridia;o__Clostridiales;f__Lachnospiraceae;g__;s__;d__denovo728
zhao_denovo727	Bacteria	Firmicutes	Bacilli	Lactobacillales	Enterococcaceae	Enterococcus		k__Bacteria;p__Firmicutes;c__Bacilli;o__Lactobacillales;f__Enterococcaceae;g__Enterococcus;s__;d__denovo727
zhao_denovo726	Bacteria	Firmicutes	Clostridia	Clostridiales	Lachnospiraceae	Blautia		k__Bacteria;p__Firmicutes;c__Clostridia;o__Clostridiales;f__Lachnospiraceae;g__Blautia;s__;d__denovo726
zhao_denovo725	Bacteria	Bacteroidetes	Bacteroidia	Bacteroidales	Bacteroidaceae	Bacteroides		k__Bacteria;p__Bacteroidetes;c__Bacteroidia;o__Bacteroidales;f__Bacteroidaceae;g__Bacteroides;s__;d__denovo725
zhao_denovo724	Bacteria	Firmicutes	Negativicutes	Selenomonadales	Veillonellaceae	Dialister		k__Bacteria;p__Firmicutes;c__Negativicutes;o__Selenomonadales;f__Veillonellaceae;g__Dialister;s__;d__denovo724
zhao_denovo723	Bacteria	Bacteroidetes	Bacteroidia	Bacteroidales	Prevotellaceae	Xylanibacter		k__Bacteria;p__Bacteroidetes;c__Bacteroidia;o__Bacteroidales;f__Prevotellaceae;g__Xylanibacter;s__;d__denovo723
zhao_denovo722	Bacteria	Bacteroidetes	Bacteroidia	Bacteroidales	Bacteroidaceae	Bacteroides		k__Bacteria;p__Bacteroidetes;c__Bacteroidia;o__Bacteroidales;f__Bacteroidaceae;g__Bacteroides;s__;d__denovo722
zhao_denovo721	Bacteria	Firmicutes	Clostridia	Clostridiales	Lachnospiraceae	Blautia		k__Bacteria;p__Firmicutes;c__Clostridia;o__Clostridiales;f__Lachnospiraceae;g__Blautia;s__;d__denovo721
zhao_denovo720	Bacteria	Firmicutes	Negativicutes	Selenomonadales	Veillonellaceae	Megamonas		k__Bacteria;p__Firmicutes;c__Negativicutes;o__Selenomonadales;f__Veillonellaceae;g__Megamonas;s__;d__denovo720
zhao_denovo84	Bacteria	Bacteroidetes	Bacteroidia	Bacteroidales	Porphyromonadaceae	Parabacteroides		k__Bacteria;p__Bacteroidetes;c__Bacteroidia;o__Bacteroidales;f__Porphyromonadaceae;g__Parabacteroides;s__;d__denovo84
zhao_denovo478	Bacteria	Firmicutes	Clostridia	Clostridiales	Ruminococcaceae	Acetanaerobacterium		k__Bacteria;p__Firmicutes;c__Clostridia;o__Clostridiales;f__Ruminococcaceae;g__Acetanaerobacterium;s__;d__denovo478
zhao_denovo85	Bacteria	Bacteroidetes	Bacteroidia	Bacteroidales	Bacteroidaceae	Bacteroides		k__Bacteria;p__Bacteroidetes;c__Bacteroidia;o__Bacteroidales;f__Bacteroidaceae;g__Bacteroides;s__;d__denovo85
zhao_denovo128	Bacteria	Actinobacteria	Actinobacteria	Bifidobacteriales	Bifidobacteriaceae	Bifidobacterium		k__Bacteria;p__Actinobacteria;c__Actinobacteria;o__Bifidobacteriales;f__Bifidobacteriaceae;g__Bifidobacterium;s__;d__denovo128
zhao_denovo87	Bacteria	Firmicutes	Clostridia	Clostridiales	Lachnospiraceae			k__Bacteria;p__Firmicutes;c__Clostridia;o__Clostridiales;f__Lachnospiraceae;g__;s__;d__denovo87
zhao_denovo658	Bacteria	Firmicutes	Clostridia	Clostridiales	Lachnospiraceae	Clostridium_XlVb		k__Bacteria;p__Firmicutes;c__Clostridia;o__Clostridiales;f__Lachnospiraceae;g__Clostridium_XlVb;s__;d__denovo658
zhao_denovo81	Bacteria	Bacteroidetes	Bacteroidia	Bacteroidales	Bacteroidaceae	Bacteroides		k__Bacteria;p__Bacteroidetes;c__Bacteroidia;o__Bacteroidales;f__Bacteroidaceae;g__Bacteroides;s__;d__denovo81
zhao_denovo797	Bacteria	Firmicutes	Bacilli	Lactobacillales	Streptococcaceae	Streptococcus		k__Bacteria;p__Firmicutes;c__Bacilli;o__Lactobacillales;f__Streptococcaceae;g__Streptococcus;s__;d__denovo797
zhao_denovo83	Bacteria	Fusobacteria	Fusobacteriia	Fusobacteriales	Fusobacteriaceae	Fusobacterium		k__Bacteria;p__Fusobacteria;c__Fusobacteriia;o__Fusobacteriales;f__Fusobacteriaceae;g__Fusobacterium;s__;d__denovo83
zhao_denovo795	Bacteria	Firmicutes	Clostridia	Clostridiales	Lachnospiraceae	Clostridium_XlVa		k__Bacteria;p__Firmicutes;c__Clostridia;o__Clostridiales;f__Lachnospiraceae;g__Clostridium_XlVa;s__;d__denovo795
zhao_denovo121	Bacteria	Proteobacteria	Betaproteobacteria	Burkholderiales	Sutterellaceae	Parasutterella		k__Bacteria;p__Proteobacteria;c__Betaproteobacteria;o__Burkholderiales;f__Sutterellaceae;g__Parasutterella;s__;d__denovo121
zhao_denovo652	Bacteria	Bacteroidetes	Cytophagia	Cytophagales	Cytophagaceae			k__Bacteria;p__Bacteroidetes;c__Cytophagia;o__Cytophagales;f__Cytophagaceae;g__;s__;d__denovo652
zhao_denovo651	Bacteria	Firmicutes	Clostridia	Clostridiales	Ruminococcaceae			k__Bacteria;p__Firmicutes;c__Clostridia;o__Clostridiales;f__Ruminococcaceae;g__;s__;d__denovo651
zhao_denovo650	Bacteria	Firmicutes	Clostridia	Clostridiales	Peptostreptococcaceae			k__Bacteria;p__Firmicutes;c__Clostridia;o__Clostridiales;f__Peptostreptococcaceae;g__;s__;d__denovo650
zhao_denovo125	Bacteria	Proteobacteria	Gammaproteobacteria	Enterobacteriales	Enterobacteriaceae	Escherichia/Shigella		k__Bacteria;p__Proteobacteria;c__Gammaproteobacteria;o__Enterobacteriales;f__Enterobacteriaceae;g__Escherichia/Shigella;s__;d__denovo125
zhao_denovo124	Bacteria	Bacteroidetes	Bacteroidia	Bacteroidales	Prevotellaceae	Prevotella		k__Bacteria;p__Bacteroidetes;c__Bacteroidia;o__Bacteroidales;f__Prevotellaceae;g__Prevotella;s__;d__denovo124
zhao_denovo127	Bacteria	Bacteroidetes	Bacteroidia	Bacteroidales	Bacteroidaceae	Bacteroides		k__Bacteria;p__Bacteroidetes;c__Bacteroidia;o__Bacteroidales;f__Bacteroidaceae;g__Bacteroides;s__;d__denovo127
zhao_denovo126	Bacteria	Firmicutes	Clostridia	Clostridiales	Lachnospiraceae			k__Bacteria;p__Firmicutes;c__Clostridia;o__Clostridiales;f__Lachnospiraceae;g__;s__;d__denovo126
zhao_denovo33	Bacteria	Firmicutes	Clostridia	Clostridiales	Lachnospiraceae	Roseburia		k__Bacteria;p__Firmicutes;c__Clostridia;o__Clostridiales;f__Lachnospiraceae;g__Roseburia;s__;d__denovo33
zhao_denovo69	Bacteria	Firmicutes	Clostridia	Clostridiales	Eubacteriaceae	Eubacterium		k__Bacteria;p__Firmicutes;c__Clostridia;o__Clostridiales;f__Eubacteriaceae;g__Eubacterium;s__;d__denovo69
zhao_denovo68	Bacteria	Firmicutes	Clostridia	Clostridiales	Lachnospiraceae	Clostridium_XlVa		k__Bacteria;p__Firmicutes;c__Clostridia;o__Clostridiales;f__Lachnospiraceae;g__Clostridium_XlVa;s__;d__denovo68
zhao_denovo86	Bacteria	Firmicutes	Clostridia	Clostridiales	Lachnospiraceae	Lachnospiracea_incertae_sedis		k__Bacteria;p__Firmicutes;c__Clostridia;o__Clostridiales;f__Lachnospiraceae;g__Lachnospiracea_incertae_sedis;s__;d__denovo86
zhao_denovo63	Bacteria	Firmicutes						k__Bacteria;p__Firmicutes;c__;o__;f__;g__;s__;d__denovo63
zhao_denovo62	Bacteria	Bacteroidetes	Bacteroidia	Bacteroidales	Bacteroidaceae	Bacteroides		k__Bacteria;p__Bacteroidetes;c__Bacteroidia;o__Bacteroidales;f__Bacteroidaceae;g__Bacteroides;s__;d__denovo62
zhao_denovo61	Bacteria	Bacteroidetes	Bacteroidia	Bacteroidales	Bacteroidaceae	Bacteroides		k__Bacteria;p__Bacteroidetes;c__Bacteroidia;o__Bacteroidales;f__Bacteroidaceae;g__Bacteroides;s__;d__denovo61
zhao_denovo60	Bacteria	Proteobacteria	Gammaproteobacteria	Enterobacteriales	Enterobacteriaceae	Klebsiella		k__Bacteria;p__Proteobacteria;c__Gammaproteobacteria;o__Enterobacteriales;f__Enterobacteriaceae;g__Klebsiella;s__;d__denovo60
zhao_denovo67	Bacteria	Firmicutes	Bacilli	Lactobacillales	Enterococcaceae	Enterococcus		k__Bacteria;p__Firmicutes;c__Bacilli;o__Lactobacillales;f__Enterococcaceae;g__Enterococcus;s__;d__denovo67
zhao_denovo66	Bacteria	Firmicutes	Clostridia	Clostridiales	Lachnospiraceae	Clostridium_XlVa		k__Bacteria;p__Firmicutes;c__Clostridia;o__Clostridiales;f__Lachnospiraceae;g__Clostridium_XlVa;s__;d__denovo66
zhao_denovo65	Bacteria	Bacteroidetes	Bacteroidia	Bacteroidales	Porphyromonadaceae	Parabacteroides		k__Bacteria;p__Bacteroidetes;c__Bacteroidia;o__Bacteroidales;f__Porphyromonadaceae;g__Parabacteroides;s__;d__denovo65
zhao_denovo64	Bacteria	Firmicutes	Clostridia	Clostridiales	Lachnospiraceae			k__Bacteria;p__Firmicutes;c__Clostridia;o__Clostridiales;f__Lachnospiraceae;g__;s__;d__denovo64
zhao_denovo39	Bacteria	Bacteroidetes	Bacteroidia	Bacteroidales	Bacteroidaceae	Bacteroides		k__Bacteria;p__Bacteroidetes;c__Bacteroidia;o__Bacteroidales;f__Bacteroidaceae;g__Bacteroides;s__;d__denovo39
zhao_denovo423	Bacteria	Synergistetes	Synergistia	Synergistales	Synergistaceae	Pyramidobacter		k__Bacteria;p__Synergistetes;c__Synergistia;o__Synergistales;f__Synergistaceae;g__Pyramidobacter;s__;d__denovo423
zhao_denovo405	Bacteria	Bacteroidetes	Bacteroidia	Bacteroidales	Prevotellaceae	Prevotella		k__Bacteria;p__Bacteroidetes;c__Bacteroidia;o__Bacteroidales;f__Prevotellaceae;g__Prevotella;s__;d__denovo405
zhao_denovo193	Bacteria	Firmicutes	Bacilli	Lactobacillales	Lactobacillaceae	Lactobacillus		k__Bacteria;p__Firmicutes;c__Bacilli;o__Lactobacillales;f__Lactobacillaceae;g__Lactobacillus;s__;d__denovo193
zhao_denovo80	Bacteria	Firmicutes	Bacilli	Lactobacillales	Streptococcaceae	Streptococcus		k__Bacteria;p__Firmicutes;c__Bacilli;o__Lactobacillales;f__Streptococcaceae;g__Streptococcus;s__;d__denovo80
zhao_denovo590	Bacteria	Firmicutes	Clostridia	Clostridiales	Lachnospiraceae	Dorea		k__Bacteria;p__Firmicutes;c__Clostridia;o__Clostridiales;f__Lachnospiraceae;g__Dorea;s__;d__denovo590
zhao_denovo591	Bacteria	Firmicutes	Negativicutes	Selenomonadales	Veillonellaceae	Dialister		k__Bacteria;p__Firmicutes;c__Negativicutes;o__Selenomonadales;f__Veillonellaceae;g__Dialister;s__;d__denovo591
zhao_denovo334	Bacteria	Firmicutes	Clostridia	Clostridiales	Lachnospiraceae	Dorea		k__Bacteria;p__Firmicutes;c__Clostridia;o__Clostridiales;f__Lachnospiraceae;g__Dorea;s__;d__denovo334
zhao_denovo335	Bacteria	Bacteroidetes	Bacteroidia	Bacteroidales	Bacteroidaceae	Bacteroides		k__Bacteria;p__Bacteroidetes;c__Bacteroidia;o__Bacteroidales;f__Bacteroidaceae;g__Bacteroides;s__;d__denovo335
zhao_denovo336	Bacteria	Proteobacteria	Gammaproteobacteria	Enterobacteriales	Enterobacteriaceae	Klebsiella		k__Bacteria;p__Proteobacteria;c__Gammaproteobacteria;o__Enterobacteriales;f__Enterobacteriaceae;g__Klebsiella;s__;d__denovo336
zhao_denovo337	Bacteria	Bacteroidetes	Bacteroidia	Bacteroidales	Prevotellaceae	Prevotella		k__Bacteria;p__Bacteroidetes;c__Bacteroidia;o__Bacteroidales;f__Prevotellaceae;g__Prevotella;s__;d__denovo337
zhao_denovo330	Bacteria	Actinobacteria	Actinobacteria	Coriobacteriales	Coriobacteriaceae	Olsenella		k__Bacteria;p__Actinobacteria;c__Actinobacteria;o__Coriobacteriales;f__Coriobacteriaceae;g__Olsenella;s__;d__denovo330
zhao_denovo331	Bacteria	Firmicutes	Clostridia	Clostridiales				k__Bacteria;p__Firmicutes;c__Clostridia;o__Clostridiales;f__;g__;s__;d__denovo331
zhao_denovo332	Bacteria	Bacteroidetes	Bacteroidia	Bacteroidales	Prevotellaceae	Prevotella		k__Bacteria;p__Bacteroidetes;c__Bacteroidia;o__Bacteroidales;f__Prevotellaceae;g__Prevotella;s__;d__denovo332
zhao_denovo333	Bacteria	Firmicutes	Bacilli	Lactobacillales	Carnobacteriaceae	Granulicatella		k__Bacteria;p__Firmicutes;c__Bacilli;o__Lactobacillales;f__Carnobacteriaceae;g__Granulicatella;s__;d__denovo333
zhao_denovo235	Bacteria	Bacteroidetes	Bacteroidia	Bacteroidales	Bacteroidaceae	Bacteroides		k__Bacteria;p__Bacteroidetes;c__Bacteroidia;o__Bacteroidales;f__Bacteroidaceae;g__Bacteroides;s__;d__denovo235
zhao_denovo234	Bacteria	Firmicutes	Negativicutes	Selenomonadales	Veillonellaceae	Dialister		k__Bacteria;p__Firmicutes;c__Negativicutes;o__Selenomonadales;f__Veillonellaceae;g__Dialister;s__;d__denovo234
zhao_denovo237	Bacteria	Firmicutes	Clostridia	Clostridiales	Ruminococcaceae			k__Bacteria;p__Firmicutes;c__Clostridia;o__Clostridiales;f__Ruminococcaceae;g__;s__;d__denovo237
zhao_denovo236	Bacteria	Firmicutes	Negativicutes	Selenomonadales	Veillonellaceae	Dialister		k__Bacteria;p__Firmicutes;c__Negativicutes;o__Selenomonadales;f__Veillonellaceae;g__Dialister;s__;d__denovo236
zhao_denovo231	Bacteria	Firmicutes	Clostridia	Clostridiales	Ruminococcaceae	Faecalibacterium		k__Bacteria;p__Firmicutes;c__Clostridia;o__Clostridiales;f__Ruminococcaceae;g__Faecalibacterium;s__;d__denovo231
zhao_denovo230	Bacteria	Bacteroidetes	Bacteroidia	Bacteroidales	Prevotellaceae	Prevotella		k__Bacteria;p__Bacteroidetes;c__Bacteroidia;o__Bacteroidales;f__Prevotellaceae;g__Prevotella;s__;d__denovo230
zhao_denovo233	Bacteria	Bacteroidetes	Bacteroidia	Bacteroidales	Bacteroidaceae	Bacteroides		k__Bacteria;p__Bacteroidetes;c__Bacteroidia;o__Bacteroidales;f__Bacteroidaceae;g__Bacteroides;s__;d__denovo233
zhao_denovo232	Bacteria	Fusobacteria	Fusobacteriia	Fusobacteriales	Fusobacteriaceae	Fusobacterium		k__Bacteria;p__Fusobacteria;c__Fusobacteriia;o__Fusobacteriales;f__Fusobacteriaceae;g__Fusobacterium;s__;d__denovo232
zhao_denovo598	Bacteria	Proteobacteria	Gammaproteobacteria	Enterobacteriales	Enterobacteriaceae			k__Bacteria;p__Proteobacteria;c__Gammaproteobacteria;o__Enterobacteriales;f__Enterobacteriaceae;g__;s__;d__denovo598
zhao_denovo628	Bacteria	Firmicutes	Clostridia	Clostridiales	Lachnospiraceae	Lachnospiracea_incertae_sedis		k__Bacteria;p__Firmicutes;c__Clostridia;o__Clostridiales;f__Lachnospiraceae;g__Lachnospiracea_incertae_sedis;s__;d__denovo628
zhao_denovo568	Bacteria	Proteobacteria	Deltaproteobacteria	Desulfovibrionales	Desulfovibrionaceae	Desulfovibrio		k__Bacteria;p__Proteobacteria;c__Deltaproteobacteria;o__Desulfovibrionales;f__Desulfovibrionaceae;g__Desulfovibrio;s__;d__denovo568
zhao_denovo198	Bacteria	Firmicutes	Clostridia	Clostridiales	Ruminococcaceae	Gemmiger		k__Bacteria;p__Firmicutes;c__Clostridia;o__Clostridiales;f__Ruminococcaceae;g__Gemmiger;s__;d__denovo198
zhao_denovo199	Bacteria	Bacteroidetes	Bacteroidia	Bacteroidales	Bacteroidaceae	Bacteroides		k__Bacteria;p__Bacteroidetes;c__Bacteroidia;o__Bacteroidales;f__Bacteroidaceae;g__Bacteroides;s__;d__denovo199
zhao_denovo746	Bacteria	Bacteroidetes	Bacteroidia	Bacteroidales	Bacteroidaceae	Bacteroides		k__Bacteria;p__Bacteroidetes;c__Bacteroidia;o__Bacteroidales;f__Bacteroidaceae;g__Bacteroides;s__;d__denovo746
zhao_denovo190	Bacteria	Firmicutes	Erysipelotrichia	Erysipelotrichales	Erysipelotrichaceae	Erysipelotrichaceae_incertae_sedis		k__Bacteria;p__Firmicutes;c__Erysipelotrichia;o__Erysipelotrichales;f__Erysipelotrichaceae;g__Erysipelotrichaceae_incertae_sedis;s__;d__denovo190
zhao_denovo191	Bacteria							k__Bacteria;p__;c__;o__;f__;g__;s__;d__denovo191
zhao_denovo192	Bacteria	Firmicutes	Clostridia	Clostridiales	Lachnospiraceae	Clostridium_XlVa		k__Bacteria;p__Firmicutes;c__Clostridia;o__Clostridiales;f__Lachnospiraceae;g__Clostridium_XlVa;s__;d__denovo192
zhao_denovo452	Bacteria	Bacteroidetes						k__Bacteria;p__Bacteroidetes;c__;o__;f__;g__;s__;d__denovo452
zhao_denovo194	Bacteria	Firmicutes	Clostridia	Clostridiales	Lachnospiraceae	Lachnospiracea_incertae_sedis		k__Bacteria;p__Firmicutes;c__Clostridia;o__Clostridiales;f__Lachnospiraceae;g__Lachnospiracea_incertae_sedis;s__;d__denovo194
zhao_denovo195	Bacteria	Fusobacteria	Fusobacteriia	Fusobacteriales	Fusobacteriaceae	Fusobacterium		k__Bacteria;p__Fusobacteria;c__Fusobacteriia;o__Fusobacteriales;f__Fusobacteriaceae;g__Fusobacterium;s__;d__denovo195
zhao_denovo196	Bacteria	Firmicutes	Negativicutes	Selenomonadales	Veillonellaceae	Megamonas		k__Bacteria;p__Firmicutes;c__Negativicutes;o__Selenomonadales;f__Veillonellaceae;g__Megamonas;s__;d__denovo196
zhao_denovo197	Bacteria	Bacteroidetes	Bacteroidia	Bacteroidales	Rikenellaceae	Alistipes		k__Bacteria;p__Bacteroidetes;c__Bacteroidia;o__Bacteroidales;f__Rikenellaceae;g__Alistipes;s__;d__denovo197
zhao_denovo583	Bacteria	Bacteroidetes	Bacteroidia	Bacteroidales	Prevotellaceae	Prevotella		k__Bacteria;p__Bacteroidetes;c__Bacteroidia;o__Bacteroidales;f__Prevotellaceae;g__Prevotella;s__;d__denovo583
zhao_denovo582	Bacteria	Firmicutes	Bacilli	Lactobacillales	Lactobacillaceae	Lactobacillus		k__Bacteria;p__Firmicutes;c__Bacilli;o__Lactobacillales;f__Lactobacillaceae;g__Lactobacillus;s__;d__denovo582
zhao_denovo581	Bacteria	Firmicutes	Clostridia	Clostridiales	Ruminococcaceae	Faecalibacterium		k__Bacteria;p__Firmicutes;c__Clostridia;o__Clostridiales;f__Ruminococcaceae;g__Faecalibacterium;s__;d__denovo581
zhao_denovo580	Bacteria	Bacteroidetes	Bacteroidia	Bacteroidales	Bacteroidaceae	Bacteroides		k__Bacteria;p__Bacteroidetes;c__Bacteroidia;o__Bacteroidales;f__Bacteroidaceae;g__Bacteroides;s__;d__denovo580
zhao_denovo587	Bacteria	Firmicutes	Negativicutes	Selenomonadales	Acidaminococcaceae	Acidaminococcus		k__Bacteria;p__Firmicutes;c__Negativicutes;o__Selenomonadales;f__Acidaminococcaceae;g__Acidaminococcus;s__;d__denovo587
zhao_denovo586	Bacteria	Firmicutes	Clostridia	Clostridiales	Lachnospiraceae	Parasporobacterium		k__Bacteria;p__Firmicutes;c__Clostridia;o__Clostridiales;f__Lachnospiraceae;g__Parasporobacterium;s__;d__denovo586
zhao_denovo585	Bacteria	Firmicutes	Negativicutes	Selenomonadales	Acidaminococcaceae	Phascolarctobacterium		k__Bacteria;p__Firmicutes;c__Negativicutes;o__Selenomonadales;f__Acidaminococcaceae;g__Phascolarctobacterium;s__;d__denovo585
zhao_denovo584	Bacteria	Bacteroidetes	Bacteroidia	Bacteroidales	Bacteroidaceae	Bacteroides		k__Bacteria;p__Bacteroidetes;c__Bacteroidia;o__Bacteroidales;f__Bacteroidaceae;g__Bacteroides;s__;d__denovo584
zhao_denovo420	Bacteria	Firmicutes	Negativicutes	Selenomonadales	Veillonellaceae	Mitsuokella		k__Bacteria;p__Firmicutes;c__Negativicutes;o__Selenomonadales;f__Veillonellaceae;g__Mitsuokella;s__;d__denovo420
zhao_denovo421	Bacteria	Firmicutes	Clostridia	Clostridiales	Ruminococcaceae	Faecalibacterium		k__Bacteria;p__Firmicutes;c__Clostridia;o__Clostridiales;f__Ruminococcaceae;g__Faecalibacterium;s__;d__denovo421
zhao_denovo589	Bacteria	Bacteroidetes	Bacteroidia	Bacteroidales	Porphyromonadaceae	Porphyromonas		k__Bacteria;p__Bacteroidetes;c__Bacteroidia;o__Bacteroidales;f__Porphyromonadaceae;g__Porphyromonas;s__;d__denovo589
zhao_denovo588	Bacteria	Bacteroidetes	Bacteroidia	Bacteroidales	Bacteroidaceae	Bacteroides		k__Bacteria;p__Bacteroidetes;c__Bacteroidia;o__Bacteroidales;f__Bacteroidaceae;g__Bacteroides;s__;d__denovo588
zhao_denovo424	Bacteria	Bacteroidetes	Bacteroidia	Bacteroidales	Prevotellaceae			k__Bacteria;p__Bacteroidetes;c__Bacteroidia;o__Bacteroidales;f__Prevotellaceae;g__;s__;d__denovo424
zhao_denovo350	Bacteria	Firmicutes	Clostridia	Clostridiales	Ruminococcaceae	Flavonifractor		k__Bacteria;p__Firmicutes;c__Clostridia;o__Clostridiales;f__Ruminococcaceae;g__Flavonifractor;s__;d__denovo350
zhao_denovo426	Bacteria	Bacteroidetes	Bacteroidia	Bacteroidales	Prevotellaceae	Prevotella		k__Bacteria;p__Bacteroidetes;c__Bacteroidia;o__Bacteroidales;f__Prevotellaceae;g__Prevotella;s__;d__denovo426
zhao_denovo427	Bacteria	Bacteroidetes	Bacteroidia	Bacteroidales	Bacteroidaceae	Bacteroides		k__Bacteria;p__Bacteroidetes;c__Bacteroidia;o__Bacteroidales;f__Bacteroidaceae;g__Bacteroides;s__;d__denovo427
zhao_denovo341	Bacteria	Proteobacteria	Gammaproteobacteria	Enterobacteriales	Enterobacteriaceae	Kluyvera		k__Bacteria;p__Proteobacteria;c__Gammaproteobacteria;o__Enterobacteriales;f__Enterobacteriaceae;g__Kluyvera;s__;d__denovo341
zhao_denovo340	Bacteria	Bacteroidetes	Bacteroidia	Bacteroidales	Bacteroidaceae	Bacteroides		k__Bacteria;p__Bacteroidetes;c__Bacteroidia;o__Bacteroidales;f__Bacteroidaceae;g__Bacteroides;s__;d__denovo340
zhao_denovo343	Bacteria	Bacteroidetes	Bacteroidia	Bacteroidales	Prevotellaceae	Prevotella		k__Bacteria;p__Bacteroidetes;c__Bacteroidia;o__Bacteroidales;f__Prevotellaceae;g__Prevotella;s__;d__denovo343
zhao_denovo342	Bacteria	Firmicutes	Negativicutes	Selenomonadales	Veillonellaceae	Megamonas		k__Bacteria;p__Firmicutes;c__Negativicutes;o__Selenomonadales;f__Veillonellaceae;g__Megamonas;s__;d__denovo342
zhao_denovo345	Bacteria	Firmicutes	Clostridia	Clostridiales	Ruminococcaceae	Flavonifractor		k__Bacteria;p__Firmicutes;c__Clostridia;o__Clostridiales;f__Ruminococcaceae;g__Flavonifractor;s__;d__denovo345
zhao_denovo344	Bacteria	Firmicutes	Bacilli	Lactobacillales	Enterococcaceae	Enterococcus		k__Bacteria;p__Firmicutes;c__Bacilli;o__Lactobacillales;f__Enterococcaceae;g__Enterococcus;s__;d__denovo344
zhao_denovo347	Bacteria	Firmicutes	Negativicutes	Selenomonadales				k__Bacteria;p__Firmicutes;c__Negativicutes;o__Selenomonadales;f__;g__;s__;d__denovo347
zhao_denovo346	Bacteria	Firmicutes	Bacilli	Lactobacillales	Carnobacteriaceae	Granulicatella		k__Bacteria;p__Firmicutes;c__Bacilli;o__Lactobacillales;f__Carnobacteriaceae;g__Granulicatella;s__;d__denovo346
zhao_denovo349	Bacteria	Firmicutes	Erysipelotrichia	Erysipelotrichales	Erysipelotrichaceae	Erysipelotrichaceae_incertae_sedis		k__Bacteria;p__Firmicutes;c__Erysipelotrichia;o__Erysipelotrichales;f__Erysipelotrichaceae;g__Erysipelotrichaceae_incertae_sedis;s__;d__denovo349
zhao_denovo348	Bacteria	Bacteroidetes	Bacteroidia	Bacteroidales	Bacteroidaceae	Bacteroides		k__Bacteria;p__Bacteroidetes;c__Bacteroidia;o__Bacteroidales;f__Bacteroidaceae;g__Bacteroides;s__;d__denovo348
zhao_denovo518	Bacteria	Firmicutes	Negativicutes	Selenomonadales	Veillonellaceae	Megasphaera		k__Bacteria;p__Firmicutes;c__Negativicutes;o__Selenomonadales;f__Veillonellaceae;g__Megasphaera;s__;d__denovo518
zhao_denovo600	Bacteria	Firmicutes	Clostridia	Clostridiales	Ruminococcaceae	Flavonifractor		k__Bacteria;p__Firmicutes;c__Clostridia;o__Clostridiales;f__Ruminococcaceae;g__Flavonifractor;s__;d__denovo600
zhao_denovo601	Bacteria	Firmicutes	Clostridia	Clostridiales	Ruminococcaceae			k__Bacteria;p__Firmicutes;c__Clostridia;o__Clostridiales;f__Ruminococcaceae;g__;s__;d__denovo601
zhao_denovo602	Bacteria	Bacteroidetes	Bacteroidia	Bacteroidales	Prevotellaceae	Prevotella		k__Bacteria;p__Bacteroidetes;c__Bacteroidia;o__Bacteroidales;f__Prevotellaceae;g__Prevotella;s__;d__denovo602
zhao_denovo603	Bacteria	Firmicutes	Clostridia	Clostridiales	Lachnospiraceae			k__Bacteria;p__Firmicutes;c__Clostridia;o__Clostridiales;f__Lachnospiraceae;g__;s__;d__denovo603
zhao_denovo604	Bacteria	Firmicutes	Clostridia	Clostridiales	Lachnospiraceae			k__Bacteria;p__Firmicutes;c__Clostridia;o__Clostridiales;f__Lachnospiraceae;g__;s__;d__denovo604
zhao_denovo605	Bacteria	Bacteroidetes	Bacteroidia	Bacteroidales	Porphyromonadaceae	Parabacteroides		k__Bacteria;p__Bacteroidetes;c__Bacteroidia;o__Bacteroidales;f__Porphyromonadaceae;g__Parabacteroides;s__;d__denovo605
zhao_denovo606	Bacteria	Firmicutes	Bacilli	Lactobacillales	Enterococcaceae	Enterococcus		k__Bacteria;p__Firmicutes;c__Bacilli;o__Lactobacillales;f__Enterococcaceae;g__Enterococcus;s__;d__denovo606
zhao_denovo607	Bacteria	Firmicutes	Negativicutes	Selenomonadales	Veillonellaceae	Megasphaera		k__Bacteria;p__Firmicutes;c__Negativicutes;o__Selenomonadales;f__Veillonellaceae;g__Megasphaera;s__;d__denovo607
zhao_denovo608	Bacteria	Actinobacteria	Actinobacteria	Actinomycetales	Propionibacteriaceae	Propionibacterium		k__Bacteria;p__Actinobacteria;c__Actinobacteria;o__Actinomycetales;f__Propionibacteriaceae;g__Propionibacterium;s__;d__denovo608
zhao_denovo560	Bacteria	Proteobacteria	Betaproteobacteria	Burkholderiales	Sutterellaceae	Parasutterella		k__Bacteria;p__Proteobacteria;c__Betaproteobacteria;o__Burkholderiales;f__Sutterellaceae;g__Parasutterella;s__;d__denovo560
zhao_denovo563	Bacteria	Bacteroidetes	Bacteroidia	Bacteroidales	Rikenellaceae	Alistipes		k__Bacteria;p__Bacteroidetes;c__Bacteroidia;o__Bacteroidales;f__Rikenellaceae;g__Alistipes;s__;d__denovo563
zhao_denovo562	Bacteria	Bacteroidetes	Bacteroidia	Bacteroidales	Bacteroidaceae	Bacteroides		k__Bacteria;p__Bacteroidetes;c__Bacteroidia;o__Bacteroidales;f__Bacteroidaceae;g__Bacteroides;s__;d__denovo562
zhao_denovo565	Bacteria	Proteobacteria	Gammaproteobacteria	Enterobacteriales	Enterobacteriaceae	Raoultella		k__Bacteria;p__Proteobacteria;c__Gammaproteobacteria;o__Enterobacteriales;f__Enterobacteriaceae;g__Raoultella;s__;d__denovo565
zhao_denovo564	Bacteria	Firmicutes	Clostridia	Clostridiales	Lachnospiraceae			k__Bacteria;p__Firmicutes;c__Clostridia;o__Clostridiales;f__Lachnospiraceae;g__;s__;d__denovo564
zhao_denovo567	Bacteria	Bacteroidetes	Bacteroidia	Bacteroidales	Bacteroidaceae	Bacteroides		k__Bacteria;p__Bacteroidetes;c__Bacteroidia;o__Bacteroidales;f__Bacteroidaceae;g__Bacteroides;s__;d__denovo567
zhao_denovo566	Bacteria	Firmicutes	Clostridia	Clostridiales	Eubacteriaceae	Eubacterium		k__Bacteria;p__Firmicutes;c__Clostridia;o__Clostridiales;f__Eubacteriaceae;g__Eubacterium;s__;d__denovo566
zhao_denovo643	Bacteria	Firmicutes	Clostridia	Clostridiales	Lachnospiraceae	Lachnospiracea_incertae_sedis		k__Bacteria;p__Firmicutes;c__Clostridia;o__Clostridiales;f__Lachnospiraceae;g__Lachnospiracea_incertae_sedis;s__;d__denovo643
zhao_denovo460	Bacteria	Bacteroidetes	Bacteroidia	Bacteroidales	Porphyromonadaceae	Parabacteroides		k__Bacteria;p__Bacteroidetes;c__Bacteroidia;o__Bacteroidales;f__Porphyromonadaceae;g__Parabacteroides;s__;d__denovo460
zhao_denovo358	Bacteria	Bacteroidetes	Bacteroidia	Bacteroidales	Bacteroidaceae	Bacteroides		k__Bacteria;p__Bacteroidetes;c__Bacteroidia;o__Bacteroidales;f__Bacteroidaceae;g__Bacteroides;s__;d__denovo358
zhao_denovo461	Bacteria	Bacteroidetes	Bacteroidia	Bacteroidales	Bacteroidaceae	Bacteroides		k__Bacteria;p__Bacteroidetes;c__Bacteroidia;o__Bacteroidales;f__Bacteroidaceae;g__Bacteroides;s__;d__denovo461
zhao_denovo359	Bacteria	Bacteroidetes	Bacteroidia	Bacteroidales	Bacteroidaceae	Bacteroides		k__Bacteria;p__Bacteroidetes;c__Bacteroidia;o__Bacteroidales;f__Bacteroidaceae;g__Bacteroides;s__;d__denovo359
zhao_denovo541	Bacteria	Bacteroidetes	Bacteroidia	Bacteroidales	Porphyromonadaceae	Parabacteroides		k__Bacteria;p__Bacteroidetes;c__Bacteroidia;o__Bacteroidales;f__Porphyromonadaceae;g__Parabacteroides;s__;d__denovo541
zhao_denovo296	Bacteria	Firmicutes	Clostridia	Clostridiales	Lachnospiraceae			k__Bacteria;p__Firmicutes;c__Clostridia;o__Clostridiales;f__Lachnospiraceae;g__;s__;d__denovo296
zhao_denovo697	Bacteria	Firmicutes	Negativicutes	Selenomonadales	Veillonellaceae	Megasphaera		k__Bacteria;p__Firmicutes;c__Negativicutes;o__Selenomonadales;f__Veillonellaceae;g__Megasphaera;s__;d__denovo697
zhao_denovo164	Bacteria	Firmicutes	Clostridia	Clostridiales	Lachnospiraceae	Clostridium_XlVa		k__Bacteria;p__Firmicutes;c__Clostridia;o__Clostridiales;f__Lachnospiraceae;g__Clostridium_XlVa;s__;d__denovo164
zhao_denovo167	Bacteria	Firmicutes	Bacilli	Lactobacillales	Enterococcaceae	Enterococcus		k__Bacteria;p__Firmicutes;c__Bacilli;o__Lactobacillales;f__Enterococcaceae;g__Enterococcus;s__;d__denovo167
zhao_denovo694	Bacteria	Firmicutes	Clostridia	Clostridiales	Lachnospiraceae			k__Bacteria;p__Firmicutes;c__Clostridia;o__Clostridiales;f__Lachnospiraceae;g__;s__;d__denovo694
zhao_denovo693	Bacteria	Firmicutes	Clostridia	Clostridiales	Lachnospiraceae	Blautia		k__Bacteria;p__Firmicutes;c__Clostridia;o__Clostridiales;f__Lachnospiraceae;g__Blautia;s__;d__denovo693
zhao_denovo692	Bacteria	Bacteroidetes	Bacteroidia	Bacteroidales	Rikenellaceae	Alistipes		k__Bacteria;p__Bacteroidetes;c__Bacteroidia;o__Bacteroidales;f__Rikenellaceae;g__Alistipes;s__;d__denovo692
zhao_denovo691	Bacteria							k__Bacteria;p__;c__;o__;f__;g__;s__;d__denovo691
zhao_denovo690	Bacteria	Bacteroidetes	Bacteroidia	Bacteroidales	Rikenellaceae	Alistipes		k__Bacteria;p__Bacteroidetes;c__Bacteroidia;o__Bacteroidales;f__Rikenellaceae;g__Alistipes;s__;d__denovo690
zhao_denovo514	Bacteria	Bacteroidetes	Bacteroidia	Bacteroidales	Rikenellaceae	Alistipes		k__Bacteria;p__Bacteroidetes;c__Bacteroidia;o__Bacteroidales;f__Rikenellaceae;g__Alistipes;s__;d__denovo514
zhao_denovo515	Bacteria	Firmicutes	Bacilli	Lactobacillales	Lactobacillaceae	Lactobacillus		k__Bacteria;p__Firmicutes;c__Bacilli;o__Lactobacillales;f__Lactobacillaceae;g__Lactobacillus;s__;d__denovo515
zhao_denovo516	Bacteria	Bacteroidetes	Bacteroidia	Bacteroidales	Bacteroidaceae	Bacteroides		k__Bacteria;p__Bacteroidetes;c__Bacteroidia;o__Bacteroidales;f__Bacteroidaceae;g__Bacteroides;s__;d__denovo516
zhao_denovo517	Bacteria	Proteobacteria	Gammaproteobacteria	Enterobacteriales	Enterobacteriaceae	Enterobacter		k__Bacteria;p__Proteobacteria;c__Gammaproteobacteria;o__Enterobacteriales;f__Enterobacteriaceae;g__Enterobacter;s__;d__denovo517
zhao_denovo510	Bacteria	Firmicutes	Clostridia	Clostridiales	Lachnospiraceae	Blautia		k__Bacteria;p__Firmicutes;c__Clostridia;o__Clostridiales;f__Lachnospiraceae;g__Blautia;s__;d__denovo510
zhao_denovo168	Bacteria	Bacteroidetes	Bacteroidia	Bacteroidales	Prevotellaceae	Prevotella		k__Bacteria;p__Bacteroidetes;c__Bacteroidia;o__Bacteroidales;f__Prevotellaceae;g__Prevotella;s__;d__denovo168
zhao_denovo512	Bacteria	Firmicutes	Clostridia	Clostridiales	Lachnospiraceae	Lachnospiracea_incertae_sedis		k__Bacteria;p__Firmicutes;c__Clostridia;o__Clostridiales;f__Lachnospiraceae;g__Lachnospiracea_incertae_sedis;s__;d__denovo512
zhao_denovo698	Bacteria	Firmicutes	Clostridia	Clostridiales	Lachnospiraceae	Roseburia		k__Bacteria;p__Firmicutes;c__Clostridia;o__Clostridiales;f__Lachnospiraceae;g__Roseburia;s__;d__denovo698
zhao_denovo674	Bacteria	Firmicutes	Clostridia	Clostridiales	Ruminococcaceae			k__Bacteria;p__Firmicutes;c__Clostridia;o__Clostridiales;f__Ruminococcaceae;g__;s__;d__denovo674
zhao_denovo468	Bacteria	Bacteroidetes	Bacteroidia	Bacteroidales	Rikenellaceae	Alistipes		k__Bacteria;p__Bacteroidetes;c__Bacteroidia;o__Bacteroidales;f__Rikenellaceae;g__Alistipes;s__;d__denovo468
zhao_denovo578	Bacteria	Proteobacteria	Gammaproteobacteria	Enterobacteriales	Enterobacteriaceae			k__Bacteria;p__Proteobacteria;c__Gammaproteobacteria;o__Enterobacteriales;f__Enterobacteriaceae;g__;s__;d__denovo578
zhao_denovo469	Bacteria	Firmicutes	Clostridia	Clostridiales	Lachnospiraceae	Clostridium_XlVb		k__Bacteria;p__Firmicutes;c__Clostridia;o__Clostridiales;f__Lachnospiraceae;g__Clostridium_XlVb;s__;d__denovo469
zhao_denovo27	Bacteria	Firmicutes	Clostridia	Clostridiales	Lachnospiraceae			k__Bacteria;p__Firmicutes;c__Clostridia;o__Clostridiales;f__Lachnospiraceae;g__;s__;d__denovo27
zhao_denovo26	Bacteria	Firmicutes	Clostridia	Clostridiales	Lachnospiraceae	Blautia		k__Bacteria;p__Firmicutes;c__Clostridia;o__Clostridiales;f__Lachnospiraceae;g__Blautia;s__;d__denovo26
zhao_denovo25	Bacteria	Firmicutes	Clostridia	Clostridiales	Lachnospiraceae	Roseburia		k__Bacteria;p__Firmicutes;c__Clostridia;o__Clostridiales;f__Lachnospiraceae;g__Roseburia;s__;d__denovo25
zhao_denovo24	Bacteria	Firmicutes	Clostridia	Clostridiales	Lachnospiraceae	Dorea		k__Bacteria;p__Firmicutes;c__Clostridia;o__Clostridiales;f__Lachnospiraceae;g__Dorea;s__;d__denovo24
zhao_denovo23	Bacteria	Firmicutes	Clostridia	Clostridiales	Peptostreptococcaceae	Clostridium_XI		k__Bacteria;p__Firmicutes;c__Clostridia;o__Clostridiales;f__Peptostreptococcaceae;g__Clostridium_XI;s__;d__denovo23
zhao_denovo22	Bacteria	Bacteroidetes	Bacteroidia	Bacteroidales	Porphyromonadaceae	Porphyromonas		k__Bacteria;p__Bacteroidetes;c__Bacteroidia;o__Bacteroidales;f__Porphyromonadaceae;g__Porphyromonas;s__;d__denovo22
zhao_denovo21	Bacteria	Bacteroidetes	Bacteroidia	Bacteroidales	Porphyromonadaceae	Porphyromonas		k__Bacteria;p__Bacteroidetes;c__Bacteroidia;o__Bacteroidales;f__Porphyromonadaceae;g__Porphyromonas;s__;d__denovo21
zhao_denovo20	Bacteria	Firmicutes	Clostridia	Clostridiales	Lachnospiraceae	Lachnospira		k__Bacteria;p__Firmicutes;c__Clostridia;o__Clostridiales;f__Lachnospiraceae;g__Lachnospira;s__;d__denovo20
zhao_denovo29	Bacteria	Firmicutes	Clostridia	Clostridiales	Lachnospiraceae	Blautia		k__Bacteria;p__Firmicutes;c__Clostridia;o__Clostridiales;f__Lachnospiraceae;g__Blautia;s__;d__denovo29
zhao_denovo28	Bacteria	Bacteroidetes	Bacteroidia	Bacteroidales	Bacteroidaceae	Bacteroides		k__Bacteria;p__Bacteroidetes;c__Bacteroidia;o__Bacteroidales;f__Bacteroidaceae;g__Bacteroides;s__;d__denovo28
zhao_denovo92	Bacteria	Firmicutes	Clostridia	Clostridiales	Lachnospiraceae	Clostridium_XlVa		k__Bacteria;p__Firmicutes;c__Clostridia;o__Clostridiales;f__Lachnospiraceae;g__Clostridium_XlVa;s__;d__denovo92
zhao_denovo780	Bacteria	Bacteroidetes	Bacteroidia	Bacteroidales	Bacteroidaceae	Bacteroides		k__Bacteria;p__Bacteroidetes;c__Bacteroidia;o__Bacteroidales;f__Bacteroidaceae;g__Bacteroides;s__;d__denovo780
zhao_denovo90	Bacteria	Proteobacteria	Gammaproteobacteria	Enterobacteriales	Enterobacteriaceae	Klebsiella		k__Bacteria;p__Proteobacteria;c__Gammaproteobacteria;o__Enterobacteriales;f__Enterobacteriaceae;g__Klebsiella;s__;d__denovo90
zhao_denovo769	Bacteria	Bacteroidetes	Bacteroidia	Bacteroidales	Porphyromonadaceae	Parabacteroides		k__Bacteria;p__Bacteroidetes;c__Bacteroidia;o__Bacteroidales;f__Porphyromonadaceae;g__Parabacteroides;s__;d__denovo769
zhao_denovo768	Bacteria	Firmicutes	Clostridia	Clostridiales	Ruminococcaceae			k__Bacteria;p__Firmicutes;c__Clostridia;o__Clostridiales;f__Ruminococcaceae;g__;s__;d__denovo768
zhao_denovo763	Bacteria	Bacteroidetes	Bacteroidia	Bacteroidales	Bacteroidaceae	Bacteroides		k__Bacteria;p__Bacteroidetes;c__Bacteroidia;o__Bacteroidales;f__Bacteroidaceae;g__Bacteroides;s__;d__denovo763
zhao_denovo762	Bacteria	Proteobacteria	Gammaproteobacteria	Enterobacteriales	Enterobacteriaceae	Salmonella		k__Bacteria;p__Proteobacteria;c__Gammaproteobacteria;o__Enterobacteriales;f__Enterobacteriaceae;g__Salmonella;s__;d__denovo762
zhao_denovo761	Bacteria	Firmicutes	Clostridia	Clostridiales	Ruminococcaceae	Flavonifractor		k__Bacteria;p__Firmicutes;c__Clostridia;o__Clostridiales;f__Ruminococcaceae;g__Flavonifractor;s__;d__denovo761
zhao_denovo760	Bacteria	Firmicutes	Negativicutes	Selenomonadales	Veillonellaceae	Selenomonas		k__Bacteria;p__Firmicutes;c__Negativicutes;o__Selenomonadales;f__Veillonellaceae;g__Selenomonas;s__;d__denovo760
zhao_denovo767	Bacteria	Firmicutes	Negativicutes	Selenomonadales	Acidaminococcaceae	Phascolarctobacterium		k__Bacteria;p__Firmicutes;c__Negativicutes;o__Selenomonadales;f__Acidaminococcaceae;g__Phascolarctobacterium;s__;d__denovo767
zhao_denovo766	Bacteria	Firmicutes	Clostridia	Clostridiales	Ruminococcaceae	Clostridium_IV		k__Bacteria;p__Firmicutes;c__Clostridia;o__Clostridiales;f__Ruminococcaceae;g__Clostridium_IV;s__;d__denovo766
zhao_denovo765	Bacteria							k__Bacteria;p__;c__;o__;f__;g__;s__;d__denovo765
zhao_denovo764	Bacteria	Firmicutes	Clostridia	Clostridiales	Lachnospiraceae	Lachnospiracea_incertae_sedis		k__Bacteria;p__Firmicutes;c__Clostridia;o__Clostridiales;f__Lachnospiraceae;g__Lachnospiracea_incertae_sedis;s__;d__denovo764
zhao_denovo833	Bacteria	Bacteroidetes	Bacteroidia	Bacteroidales	Porphyromonadaceae	Porphyromonas		k__Bacteria;p__Bacteroidetes;c__Bacteroidia;o__Bacteroidales;f__Porphyromonadaceae;g__Porphyromonas;s__;d__denovo833
zhao_denovo832	Bacteria	Bacteroidetes	Bacteroidia	Bacteroidales	Bacteroidaceae	Bacteroides		k__Bacteria;p__Bacteroidetes;c__Bacteroidia;o__Bacteroidales;f__Bacteroidaceae;g__Bacteroides;s__;d__denovo832
zhao_denovo831	Bacteria	Firmicutes	Bacilli	Lactobacillales	Enterococcaceae	Enterococcus		k__Bacteria;p__Firmicutes;c__Bacilli;o__Lactobacillales;f__Enterococcaceae;g__Enterococcus;s__;d__denovo831
zhao_denovo830	Bacteria	Bacteroidetes	Bacteroidia	Bacteroidales	Bacteroidaceae	Bacteroides		k__Bacteria;p__Bacteroidetes;c__Bacteroidia;o__Bacteroidales;f__Bacteroidaceae;g__Bacteroides;s__;d__denovo830
zhao_denovo837	Bacteria							k__Bacteria;p__;c__;o__;f__;g__;s__;d__denovo837
zhao_denovo836	Bacteria	Proteobacteria	Gammaproteobacteria	Enterobacteriales	Enterobacteriaceae			k__Bacteria;p__Proteobacteria;c__Gammaproteobacteria;o__Enterobacteriales;f__Enterobacteriaceae;g__;s__;d__denovo836
zhao_denovo835	Bacteria	Bacteroidetes	Bacteroidia	Bacteroidales	Porphyromonadaceae	Parabacteroides		k__Bacteria;p__Bacteroidetes;c__Bacteroidia;o__Bacteroidales;f__Porphyromonadaceae;g__Parabacteroides;s__;d__denovo835
zhao_denovo834	Bacteria	Firmicutes	Clostridia	Clostridiales	Ruminococcaceae	Faecalibacterium		k__Bacteria;p__Firmicutes;c__Clostridia;o__Clostridiales;f__Ruminococcaceae;g__Faecalibacterium;s__;d__denovo834
zhao_denovo576	Bacteria	Firmicutes	Negativicutes	Selenomonadales	Veillonellaceae	Dialister		k__Bacteria;p__Firmicutes;c__Negativicutes;o__Selenomonadales;f__Veillonellaceae;g__Dialister;s__;d__denovo576
zhao_denovo95	Bacteria	Bacteroidetes	Bacteroidia	Bacteroidales	Porphyromonadaceae	Porphyromonas		k__Bacteria;p__Bacteroidetes;c__Bacteroidia;o__Bacteroidales;f__Porphyromonadaceae;g__Porphyromonas;s__;d__denovo95
zhao_denovo678	Bacteria	Firmicutes	Clostridia	Clostridiales	Lachnospiraceae	Pseudobutyrivibrio		k__Bacteria;p__Firmicutes;c__Clostridia;o__Clostridiales;f__Lachnospiraceae;g__Pseudobutyrivibrio;s__;d__denovo678
zhao_denovo239	Bacteria	Actinobacteria	Actinobacteria	Bifidobacteriales	Bifidobacteriaceae	Bifidobacterium		k__Bacteria;p__Actinobacteria;c__Actinobacteria;o__Bifidobacteriales;f__Bifidobacteriaceae;g__Bifidobacterium;s__;d__denovo239
zhao_denovo238	Bacteria	Firmicutes	Clostridia	Clostridiales	Lachnospiraceae			k__Bacteria;p__Firmicutes;c__Clostridia;o__Clostridiales;f__Lachnospiraceae;g__;s__;d__denovo238
zhao_denovo796	Bacteria	Firmicutes	Clostridia	Clostridiales	Peptostreptococcaceae	Clostridium_XI		k__Bacteria;p__Firmicutes;c__Clostridia;o__Clostridiales;f__Peptostreptococcaceae;g__Clostridium_XI;s__;d__denovo796
zhao_denovo396	Bacteria	Bacteroidetes	Bacteroidia	Bacteroidales	Bacteroidaceae	Bacteroides		k__Bacteria;p__Bacteroidetes;c__Bacteroidia;o__Bacteroidales;f__Bacteroidaceae;g__Bacteroides;s__;d__denovo396
zhao_denovo397	Bacteria	Bacteroidetes	Bacteroidia	Bacteroidales	Bacteroidaceae	Bacteroides		k__Bacteria;p__Bacteroidetes;c__Bacteroidia;o__Bacteroidales;f__Bacteroidaceae;g__Bacteroides;s__;d__denovo397
zhao_denovo394	Bacteria	Bacteroidetes	Bacteroidia	Bacteroidales	Bacteroidaceae	Bacteroides		k__Bacteria;p__Bacteroidetes;c__Bacteroidia;o__Bacteroidales;f__Bacteroidaceae;g__Bacteroides;s__;d__denovo394
zhao_denovo395	Bacteria	Bacteroidetes	Bacteroidia	Bacteroidales	Porphyromonadaceae	Butyricimonas		k__Bacteria;p__Bacteroidetes;c__Bacteroidia;o__Bacteroidales;f__Porphyromonadaceae;g__Butyricimonas;s__;d__denovo395
zhao_denovo392	Bacteria	Firmicutes	Clostridia	Clostridiales				k__Bacteria;p__Firmicutes;c__Clostridia;o__Clostridiales;f__;g__;s__;d__denovo392
zhao_denovo393	Bacteria	Bacteroidetes	Bacteroidia	Bacteroidales	Rikenellaceae	Alistipes		k__Bacteria;p__Bacteroidetes;c__Bacteroidia;o__Bacteroidales;f__Rikenellaceae;g__Alistipes;s__;d__denovo393
zhao_denovo390	Bacteria	Firmicutes	Clostridia	Clostridiales	Lachnospiraceae	Anaerostipes		k__Bacteria;p__Firmicutes;c__Clostridia;o__Clostridiales;f__Lachnospiraceae;g__Anaerostipes;s__;d__denovo390
zhao_denovo391	Bacteria	Bacteroidetes	Bacteroidia	Bacteroidales	Bacteroidaceae	Bacteroides		k__Bacteria;p__Bacteroidetes;c__Bacteroidia;o__Bacteroidales;f__Bacteroidaceae;g__Bacteroides;s__;d__denovo391
zhao_denovo338	Bacteria	Firmicutes	Negativicutes	Selenomonadales				k__Bacteria;p__Firmicutes;c__Negativicutes;o__Selenomonadales;f__;g__;s__;d__denovo338
zhao_denovo527	Bacteria	Bacteroidetes	Bacteroidia	Bacteroidales	Prevotellaceae	Xylanibacter		k__Bacteria;p__Bacteroidetes;c__Bacteroidia;o__Bacteroidales;f__Prevotellaceae;g__Xylanibacter;s__;d__denovo527
zhao_denovo398	Bacteria	Firmicutes	Clostridia	Clostridiales	Ruminococcaceae	Faecalibacterium		k__Bacteria;p__Firmicutes;c__Clostridia;o__Clostridiales;f__Ruminococcaceae;g__Faecalibacterium;s__;d__denovo398
zhao_denovo399	Bacteria	Bacteroidetes	Bacteroidia	Bacteroidales	Prevotellaceae	Prevotella		k__Bacteria;p__Bacteroidetes;c__Bacteroidia;o__Bacteroidales;f__Prevotellaceae;g__Prevotella;s__;d__denovo399
zhao_denovo676	Bacteria	Firmicutes	Clostridia	Clostridiales	Ruminococcaceae			k__Bacteria;p__Firmicutes;c__Clostridia;o__Clostridiales;f__Ruminococcaceae;g__;s__;d__denovo676
zhao_denovo526	Bacteria	Firmicutes	Clostridia	Clostridiales	Clostridiaceae_1	Clostridium_sensu_stricto		k__Bacteria;p__Firmicutes;c__Clostridia;o__Clostridiales;f__Clostridiaceae_1;g__Clostridium_sensu_stricto;s__;d__denovo526
zhao_denovo657	Bacteria	Firmicutes	Erysipelotrichia	Erysipelotrichales	Erysipelotrichaceae	Catenibacterium		k__Bacteria;p__Firmicutes;c__Erysipelotrichia;o__Erysipelotrichales;f__Erysipelotrichaceae;g__Catenibacterium;s__;d__denovo657
zhao_denovo464	Bacteria	Bacteroidetes	Bacteroidia	Bacteroidales	Bacteroidaceae	Bacteroides		k__Bacteria;p__Bacteroidetes;c__Bacteroidia;o__Bacteroidales;f__Bacteroidaceae;g__Bacteroides;s__;d__denovo464
zhao_denovo465	Bacteria	Bacteroidetes	Bacteroidia	Bacteroidales	Prevotellaceae	Prevotella		k__Bacteria;p__Bacteroidetes;c__Bacteroidia;o__Bacteroidales;f__Prevotellaceae;g__Prevotella;s__;d__denovo465
zhao_denovo466	Bacteria	Firmicutes	Negativicutes	Selenomonadales				k__Bacteria;p__Firmicutes;c__Negativicutes;o__Selenomonadales;f__;g__;s__;d__denovo466
zhao_denovo467	Bacteria	Firmicutes	Clostridia	Clostridiales	Lachnospiraceae			k__Bacteria;p__Firmicutes;c__Clostridia;o__Clostridiales;f__Lachnospiraceae;g__;s__;d__denovo467
zhao_denovo309	Bacteria	Bacteroidetes	Bacteroidia	Bacteroidales	Bacteroidaceae	Bacteroides		k__Bacteria;p__Bacteroidetes;c__Bacteroidia;o__Bacteroidales;f__Bacteroidaceae;g__Bacteroides;s__;d__denovo309
zhao_denovo308	Bacteria	Firmicutes	Bacilli	Bacillales	Bacillales_Incertae_Sedis_XI	Gemella		k__Bacteria;p__Firmicutes;c__Bacilli;o__Bacillales;f__Bacillales_Incertae_Sedis_XI;g__Gemella;s__;d__denovo308
zhao_denovo462	Bacteria	Firmicutes	Clostridia	Clostridiales	Ruminococcaceae	Pseudoflavonifractor		k__Bacteria;p__Firmicutes;c__Clostridia;o__Clostridiales;f__Ruminococcaceae;g__Pseudoflavonifractor;s__;d__denovo462
zhao_denovo463	Bacteria	Proteobacteria	Deltaproteobacteria	Desulfovibrionales	Desulfovibrionaceae	Desulfovibrio		k__Bacteria;p__Proteobacteria;c__Deltaproteobacteria;o__Desulfovibrionales;f__Desulfovibrionaceae;g__Desulfovibrio;s__;d__denovo463
zhao_denovo305	Bacteria	Firmicutes	Bacilli	Lactobacillales	Enterococcaceae	Enterococcus		k__Bacteria;p__Firmicutes;c__Bacilli;o__Lactobacillales;f__Enterococcaceae;g__Enterococcus;s__;d__denovo305
zhao_denovo304	Bacteria	Firmicutes	Negativicutes	Selenomonadales				k__Bacteria;p__Firmicutes;c__Negativicutes;o__Selenomonadales;f__;g__;s__;d__denovo304
zhao_denovo307	Bacteria	Firmicutes	Clostridia	Clostridiales	Ruminococcaceae	Butyricicoccus		k__Bacteria;p__Firmicutes;c__Clostridia;o__Clostridiales;f__Ruminococcaceae;g__Butyricicoccus;s__;d__denovo307
zhao_denovo306	Bacteria	Fusobacteria	Fusobacteriia	Fusobacteriales	Fusobacteriaceae	Fusobacterium		k__Bacteria;p__Fusobacteria;c__Fusobacteriia;o__Fusobacteriales;f__Fusobacteriaceae;g__Fusobacterium;s__;d__denovo306
zhao_denovo301	Bacteria	Firmicutes	Negativicutes	Selenomonadales	Veillonellaceae	Dialister		k__Bacteria;p__Firmicutes;c__Negativicutes;o__Selenomonadales;f__Veillonellaceae;g__Dialister;s__;d__denovo301
zhao_denovo300	Bacteria	Firmicutes	Clostridia	Clostridiales	Lachnospiraceae			k__Bacteria;p__Firmicutes;c__Clostridia;o__Clostridiales;f__Lachnospiraceae;g__;s__;d__denovo300
zhao_denovo303	Bacteria	Firmicutes	Erysipelotrichia	Erysipelotrichales	Erysipelotrichaceae	Turicibacter		k__Bacteria;p__Firmicutes;c__Erysipelotrichia;o__Erysipelotrichales;f__Erysipelotrichaceae;g__Turicibacter;s__;d__denovo303
zhao_denovo302	Bacteria	Firmicutes	Bacilli	Bacillales	Bacillales_Incertae_Sedis_XI	Gemella		k__Bacteria;p__Firmicutes;c__Bacilli;o__Bacillales;f__Bacillales_Incertae_Sedis_XI;g__Gemella;s__;d__denovo302
zhao_denovo262	Bacteria	Firmicutes	Clostridia	Clostridiales	Lachnospiraceae	Blautia		k__Bacteria;p__Firmicutes;c__Clostridia;o__Clostridiales;f__Lachnospiraceae;g__Blautia;s__;d__denovo262
zhao_denovo263	Bacteria	Bacteroidetes	Bacteroidia	Bacteroidales	Bacteroidaceae	Bacteroides		k__Bacteria;p__Bacteroidetes;c__Bacteroidia;o__Bacteroidales;f__Bacteroidaceae;g__Bacteroides;s__;d__denovo263
zhao_denovo260	Bacteria							k__Bacteria;p__;c__;o__;f__;g__;s__;d__denovo260
zhao_denovo261	Bacteria	Firmicutes	Clostridia	Clostridiales	Lachnospiraceae			k__Bacteria;p__Firmicutes;c__Clostridia;o__Clostridiales;f__Lachnospiraceae;g__;s__;d__denovo261
zhao_denovo266	Bacteria	Proteobacteria	Deltaproteobacteria	Desulfovibrionales	Desulfovibrionaceae	Desulfovibrio		k__Bacteria;p__Proteobacteria;c__Deltaproteobacteria;o__Desulfovibrionales;f__Desulfovibrionaceae;g__Desulfovibrio;s__;d__denovo266
zhao_denovo267	Bacteria	Firmicutes	Bacilli	Lactobacillales	Enterococcaceae	Enterococcus		k__Bacteria;p__Firmicutes;c__Bacilli;o__Lactobacillales;f__Enterococcaceae;g__Enterococcus;s__;d__denovo267
zhao_denovo264	Bacteria	Firmicutes	Negativicutes	Selenomonadales	Veillonellaceae	Allisonella		k__Bacteria;p__Firmicutes;c__Negativicutes;o__Selenomonadales;f__Veillonellaceae;g__Allisonella;s__;d__denovo264
zhao_denovo265	Bacteria	Proteobacteria	Betaproteobacteria	Burkholderiales	Sutterellaceae	Sutterella		k__Bacteria;p__Proteobacteria;c__Betaproteobacteria;o__Burkholderiales;f__Sutterellaceae;g__Sutterella;s__;d__denovo265
zhao_denovo268	Bacteria	Firmicutes	Clostridia	Clostridiales	Lachnospiraceae	Clostridium_XlVa		k__Bacteria;p__Firmicutes;c__Clostridia;o__Clostridiales;f__Lachnospiraceae;g__Clostridium_XlVa;s__;d__denovo268
zhao_denovo269	Bacteria	Firmicutes	Clostridia	Clostridiales	Lachnospiraceae			k__Bacteria;p__Firmicutes;c__Clostridia;o__Clostridiales;f__Lachnospiraceae;g__;s__;d__denovo269
zhao_denovo525	Bacteria	Bacteroidetes	Bacteroidia	Bacteroidales	Prevotellaceae	Prevotella		k__Bacteria;p__Bacteroidetes;c__Bacteroidia;o__Bacteroidales;f__Prevotellaceae;g__Prevotella;s__;d__denovo525
zhao_denovo524	Bacteria	Firmicutes	Clostridia	Clostridiales	Ruminococcaceae	Flavonifractor		k__Bacteria;p__Firmicutes;c__Clostridia;o__Clostridiales;f__Ruminococcaceae;g__Flavonifractor;s__;d__denovo524
zhao_denovo488	Bacteria	Firmicutes	Erysipelotrichia	Erysipelotrichales	Erysipelotrichaceae	Holdemania		k__Bacteria;p__Firmicutes;c__Erysipelotrichia;o__Erysipelotrichales;f__Erysipelotrichaceae;g__Holdemania;s__;d__denovo488
zhao_denovo489	Bacteria	Bacteroidetes	Bacteroidia	Bacteroidales	Bacteroidaceae	Bacteroides		k__Bacteria;p__Bacteroidetes;c__Bacteroidia;o__Bacteroidales;f__Bacteroidaceae;g__Bacteroides;s__;d__denovo489
zhao_denovo521	Bacteria	Bacteroidetes	Bacteroidia	Bacteroidales	Porphyromonadaceae	Porphyromonas		k__Bacteria;p__Bacteroidetes;c__Bacteroidia;o__Bacteroidales;f__Porphyromonadaceae;g__Porphyromonas;s__;d__denovo521
zhao_denovo520	Bacteria	Bacteroidetes	Bacteroidia	Bacteroidales	Prevotellaceae	Prevotella		k__Bacteria;p__Bacteroidetes;c__Bacteroidia;o__Bacteroidales;f__Prevotellaceae;g__Prevotella;s__;d__denovo520
zhao_denovo523	Bacteria	Firmicutes	Clostridia	Clostridiales	Ruminococcaceae			k__Bacteria;p__Firmicutes;c__Clostridia;o__Clostridiales;f__Ruminococcaceae;g__;s__;d__denovo523
zhao_denovo522	Bacteria	Firmicutes	Clostridia	Clostridiales	Lachnospiraceae			k__Bacteria;p__Firmicutes;c__Clostridia;o__Clostridiales;f__Lachnospiraceae;g__;s__;d__denovo522
zhao_denovo482	Bacteria	Firmicutes	Clostridia	Clostridiales	Lachnospiraceae			k__Bacteria;p__Firmicutes;c__Clostridia;o__Clostridiales;f__Lachnospiraceae;g__;s__;d__denovo482
zhao_denovo483	Bacteria	Bacteroidetes	Bacteroidia	Bacteroidales	Porphyromonadaceae	Parabacteroides		k__Bacteria;p__Bacteroidetes;c__Bacteroidia;o__Bacteroidales;f__Porphyromonadaceae;g__Parabacteroides;s__;d__denovo483
zhao_denovo480	Bacteria	Firmicutes	Clostridia	Clostridiales				k__Bacteria;p__Firmicutes;c__Clostridia;o__Clostridiales;f__;g__;s__;d__denovo480
zhao_denovo481	Bacteria	Firmicutes	Clostridia	Clostridiales	Clostridiaceae_1	Clostridium_sensu_stricto		k__Bacteria;p__Firmicutes;c__Clostridia;o__Clostridiales;f__Clostridiaceae_1;g__Clostridium_sensu_stricto;s__;d__denovo481
zhao_denovo486	Bacteria	Firmicutes	Clostridia	Clostridiales	Ruminococcaceae	Ruminococcus		k__Bacteria;p__Firmicutes;c__Clostridia;o__Clostridiales;f__Ruminococcaceae;g__Ruminococcus;s__;d__denovo486
zhao_denovo528	Bacteria	Firmicutes	Clostridia	Clostridiales	Ruminococcaceae			k__Bacteria;p__Firmicutes;c__Clostridia;o__Clostridiales;f__Ruminococcaceae;g__;s__;d__denovo528
zhao_denovo484	Bacteria	Firmicutes	Negativicutes	Selenomonadales	Veillonellaceae	Megamonas		k__Bacteria;p__Firmicutes;c__Negativicutes;o__Selenomonadales;f__Veillonellaceae;g__Megamonas;s__;d__denovo484
zhao_denovo485	Bacteria	Bacteroidetes	Bacteroidia	Bacteroidales	Bacteroidaceae	Bacteroides		k__Bacteria;p__Bacteroidetes;c__Bacteroidia;o__Bacteroidales;f__Bacteroidaceae;g__Bacteroides;s__;d__denovo485
zhao_denovo537	Bacteria							k__Bacteria;p__;c__;o__;f__;g__;s__;d__denovo537
zhao_denovo88	Bacteria	Bacteroidetes	Bacteroidia	Bacteroidales	Bacteroidaceae	Bacteroides		k__Bacteria;p__Bacteroidetes;c__Bacteroidia;o__Bacteroidales;f__Bacteroidaceae;g__Bacteroides;s__;d__denovo88
zhao_denovo626	Bacteria	Firmicutes	Erysipelotrichia	Erysipelotrichales	Erysipelotrichaceae	Erysipelotrichaceae_incertae_sedis		k__Bacteria;p__Firmicutes;c__Erysipelotrichia;o__Erysipelotrichales;f__Erysipelotrichaceae;g__Erysipelotrichaceae_incertae_sedis;s__;d__denovo626
zhao_denovo411	Bacteria	Bacteroidetes	Bacteroidia	Bacteroidales	Rikenellaceae	Alistipes		k__Bacteria;p__Bacteroidetes;c__Bacteroidia;o__Bacteroidales;f__Rikenellaceae;g__Alistipes;s__;d__denovo411
zhao_denovo410	Bacteria	Firmicutes	Clostridia	Clostridiales	Lachnospiraceae	Roseburia		k__Bacteria;p__Firmicutes;c__Clostridia;o__Clostridiales;f__Lachnospiraceae;g__Roseburia;s__;d__denovo410
zhao_denovo413	Bacteria	Firmicutes	Negativicutes	Selenomonadales	Veillonellaceae	Mitsuokella		k__Bacteria;p__Firmicutes;c__Negativicutes;o__Selenomonadales;f__Veillonellaceae;g__Mitsuokella;s__;d__denovo413
zhao_denovo412	Bacteria	Firmicutes	Negativicutes	Selenomonadales	Veillonellaceae	Dialister		k__Bacteria;p__Firmicutes;c__Negativicutes;o__Selenomonadales;f__Veillonellaceae;g__Dialister;s__;d__denovo412
zhao_denovo415	Bacteria	Bacteroidetes	Bacteroidia	Bacteroidales	Rikenellaceae	Alistipes		k__Bacteria;p__Bacteroidetes;c__Bacteroidia;o__Bacteroidales;f__Rikenellaceae;g__Alistipes;s__;d__denovo415
zhao_denovo414	Bacteria	Bacteroidetes	Bacteroidia	Bacteroidales	Bacteroidaceae	Bacteroides		k__Bacteria;p__Bacteroidetes;c__Bacteroidia;o__Bacteroidales;f__Bacteroidaceae;g__Bacteroides;s__;d__denovo414
zhao_denovo417	Bacteria	Bacteroidetes	Bacteroidia	Bacteroidales	Rikenellaceae	Alistipes		k__Bacteria;p__Bacteroidetes;c__Bacteroidia;o__Bacteroidales;f__Rikenellaceae;g__Alistipes;s__;d__denovo417
zhao_denovo416	Bacteria	Firmicutes	Clostridia	Clostridiales	Lachnospiraceae			k__Bacteria;p__Firmicutes;c__Clostridia;o__Clostridiales;f__Lachnospiraceae;g__;s__;d__denovo416
zhao_denovo419	Bacteria	Firmicutes	Negativicutes	Selenomonadales	Veillonellaceae	Megamonas		k__Bacteria;p__Firmicutes;c__Negativicutes;o__Selenomonadales;f__Veillonellaceae;g__Megamonas;s__;d__denovo419
zhao_denovo418	Bacteria	Firmicutes	Negativicutes	Selenomonadales	Veillonellaceae	Mitsuokella		k__Bacteria;p__Firmicutes;c__Negativicutes;o__Selenomonadales;f__Veillonellaceae;g__Mitsuokella;s__;d__denovo418
zhao_denovo730	Bacteria	Bacteroidetes	Bacteroidia	Bacteroidales	Bacteroidaceae	Bacteroides		k__Bacteria;p__Bacteroidetes;c__Bacteroidia;o__Bacteroidales;f__Bacteroidaceae;g__Bacteroides;s__;d__denovo730
zhao_denovo638	Bacteria	Firmicutes	Negativicutes	Selenomonadales				k__Bacteria;p__Firmicutes;c__Negativicutes;o__Selenomonadales;f__;g__;s__;d__denovo638
zhao_denovo732	Bacteria	Firmicutes	Bacilli	Lactobacillales	Streptococcaceae	Streptococcus		k__Bacteria;p__Firmicutes;c__Bacilli;o__Lactobacillales;f__Streptococcaceae;g__Streptococcus;s__;d__denovo732
zhao_denovo733	Bacteria	Cyanobacteria/Chloroplast	Chloroplast		Chloroplast			k__Bacteria;p__Cyanobacteria/Chloroplast;c__Chloroplast;o__;f__Chloroplast;g__;s__;d__denovo733
zhao_denovo734	Bacteria	Bacteroidetes	Bacteroidia	Bacteroidales	Bacteroidaceae	Bacteroides		k__Bacteria;p__Bacteroidetes;c__Bacteroidia;o__Bacteroidales;f__Bacteroidaceae;g__Bacteroides;s__;d__denovo734
zhao_denovo735	Bacteria	Firmicutes	Erysipelotrichia	Erysipelotrichales	Erysipelotrichaceae	Holdemania		k__Bacteria;p__Firmicutes;c__Erysipelotrichia;o__Erysipelotrichales;f__Erysipelotrichaceae;g__Holdemania;s__;d__denovo735
zhao_denovo736	Bacteria	Bacteroidetes	Bacteroidia	Bacteroidales	Porphyromonadaceae	Parabacteroides		k__Bacteria;p__Bacteroidetes;c__Bacteroidia;o__Bacteroidales;f__Porphyromonadaceae;g__Parabacteroides;s__;d__denovo736
zhao_denovo737	Bacteria	Firmicutes	Negativicutes	Selenomonadales	Veillonellaceae	Megasphaera		k__Bacteria;p__Firmicutes;c__Negativicutes;o__Selenomonadales;f__Veillonellaceae;g__Megasphaera;s__;d__denovo737
zhao_denovo738	Bacteria	Bacteroidetes	Bacteroidia	Bacteroidales	Bacteroidaceae	Bacteroides		k__Bacteria;p__Bacteroidetes;c__Bacteroidia;o__Bacteroidales;f__Bacteroidaceae;g__Bacteroides;s__;d__denovo738
zhao_denovo630	Bacteria	Bacteroidetes	Bacteroidia	Bacteroidales	Porphyromonadaceae	Butyricimonas		k__Bacteria;p__Bacteroidetes;c__Bacteroidia;o__Bacteroidales;f__Porphyromonadaceae;g__Butyricimonas;s__;d__denovo630
zhao_denovo633	Bacteria	Firmicutes	Clostridia	Clostridiales	Lachnospiraceae			k__Bacteria;p__Firmicutes;c__Clostridia;o__Clostridiales;f__Lachnospiraceae;g__;s__;d__denovo633
zhao_denovo632	Bacteria	Bacteroidetes	Bacteroidia	Bacteroidales	Porphyromonadaceae	Butyricimonas		k__Bacteria;p__Bacteroidetes;c__Bacteroidia;o__Bacteroidales;f__Porphyromonadaceae;g__Butyricimonas;s__;d__denovo632
zhao_denovo635	Bacteria	Firmicutes	Clostridia	Clostridiales	Lachnospiraceae			k__Bacteria;p__Firmicutes;c__Clostridia;o__Clostridiales;f__Lachnospiraceae;g__;s__;d__denovo635
zhao_denovo634	Bacteria	Firmicutes	Bacilli	Lactobacillales	Lactobacillaceae	Lactobacillus		k__Bacteria;p__Firmicutes;c__Bacilli;o__Lactobacillales;f__Lactobacillaceae;g__Lactobacillus;s__;d__denovo634
zhao_denovo637	Bacteria	Firmicutes	Clostridia	Clostridiales	Ruminococcaceae	Flavonifractor		k__Bacteria;p__Firmicutes;c__Clostridia;o__Clostridiales;f__Ruminococcaceae;g__Flavonifractor;s__;d__denovo637
zhao_denovo636	Bacteria	Firmicutes	Erysipelotrichia	Erysipelotrichales	Erysipelotrichaceae	Erysipelotrichaceae_incertae_sedis		k__Bacteria;p__Firmicutes;c__Erysipelotrichia;o__Erysipelotrichales;f__Erysipelotrichaceae;g__Erysipelotrichaceae_incertae_sedis;s__;d__denovo636
zhao_denovo177	Bacteria	Firmicutes	Clostridia	Clostridiales	Lachnospiraceae			k__Bacteria;p__Firmicutes;c__Clostridia;o__Clostridiales;f__Lachnospiraceae;g__;s__;d__denovo177
zhao_denovo138	Bacteria	Firmicutes	Bacilli	Lactobacillales	Enterococcaceae	Enterococcus		k__Bacteria;p__Firmicutes;c__Bacilli;o__Lactobacillales;f__Enterococcaceae;g__Enterococcus;s__;d__denovo138
zhao_denovo139	Bacteria	Bacteroidetes	Bacteroidia	Bacteroidales	Bacteroidaceae	Bacteroides		k__Bacteria;p__Bacteroidetes;c__Bacteroidia;o__Bacteroidales;f__Bacteroidaceae;g__Bacteroides;s__;d__denovo139
zhao_denovo648	Bacteria	Firmicutes	Negativicutes	Selenomonadales	Veillonellaceae	Veillonella		k__Bacteria;p__Firmicutes;c__Negativicutes;o__Selenomonadales;f__Veillonellaceae;g__Veillonella;s__;d__denovo648
zhao_denovo649	Bacteria	Firmicutes	Clostridia	Clostridiales	Peptostreptococcaceae	Peptostreptococcus		k__Bacteria;p__Firmicutes;c__Clostridia;o__Clostridiales;f__Peptostreptococcaceae;g__Peptostreptococcus;s__;d__denovo649
zhao_denovo132	Bacteria	Firmicutes	Clostridia	Clostridiales	Lachnospiraceae	Lachnospiracea_incertae_sedis		k__Bacteria;p__Firmicutes;c__Clostridia;o__Clostridiales;f__Lachnospiraceae;g__Lachnospiracea_incertae_sedis;s__;d__denovo132
zhao_denovo645	Bacteria	Firmicutes	Clostridia	Clostridiales				k__Bacteria;p__Firmicutes;c__Clostridia;o__Clostridiales;f__;g__;s__;d__denovo645
zhao_denovo130	Bacteria	Firmicutes	Clostridia	Clostridiales	Lachnospiraceae	Lachnospira		k__Bacteria;p__Firmicutes;c__Clostridia;o__Clostridiales;f__Lachnospiraceae;g__Lachnospira;s__;d__denovo130
zhao_denovo647	Bacteria	Bacteroidetes	Bacteroidia	Bacteroidales	Bacteroidaceae	Bacteroides		k__Bacteria;p__Bacteroidetes;c__Bacteroidia;o__Bacteroidales;f__Bacteroidaceae;g__Bacteroides;s__;d__denovo647
zhao_denovo136	Bacteria							k__Bacteria;p__;c__;o__;f__;g__;s__;d__denovo136
zhao_denovo641	Bacteria							k__Bacteria;p__;c__;o__;f__;g__;s__;d__denovo641
zhao_denovo642	Bacteria	Firmicutes	Negativicutes	Selenomonadales	Veillonellaceae	Megasphaera		k__Bacteria;p__Firmicutes;c__Negativicutes;o__Selenomonadales;f__Veillonellaceae;g__Megasphaera;s__;d__denovo642
zhao_denovo135	Bacteria	Firmicutes	Clostridia	Clostridiales	Ruminococcaceae			k__Bacteria;p__Firmicutes;c__Clostridia;o__Clostridiales;f__Ruminococcaceae;g__;s__;d__denovo135
zhao_denovo58	Bacteria	Firmicutes	Clostridia	Clostridiales	Ruminococcaceae			k__Bacteria;p__Firmicutes;c__Clostridia;o__Clostridiales;f__Ruminococcaceae;g__;s__;d__denovo58
zhao_denovo59	Bacteria	Proteobacteria	Gammaproteobacteria	Enterobacteriales	Enterobacteriaceae	Enterobacter		k__Bacteria;p__Proteobacteria;c__Gammaproteobacteria;o__Enterobacteriales;f__Enterobacteriaceae;g__Enterobacter;s__;d__denovo59
zhao_denovo56	Bacteria	Firmicutes	Negativicutes	Selenomonadales	Acidaminococcaceae	Phascolarctobacterium		k__Bacteria;p__Firmicutes;c__Negativicutes;o__Selenomonadales;f__Acidaminococcaceae;g__Phascolarctobacterium;s__;d__denovo56
zhao_denovo57	Bacteria	Firmicutes	Clostridia	Clostridiales	Lachnospiraceae	Clostridium_XlVa		k__Bacteria;p__Firmicutes;c__Clostridia;o__Clostridiales;f__Lachnospiraceae;g__Clostridium_XlVa;s__;d__denovo57
zhao_denovo54	Bacteria	Firmicutes	Clostridia	Clostridiales	Ruminococcaceae	Gemmiger		k__Bacteria;p__Firmicutes;c__Clostridia;o__Clostridiales;f__Ruminococcaceae;g__Gemmiger;s__;d__denovo54
zhao_denovo55	Bacteria	Firmicutes	Bacilli	Lactobacillales	Enterococcaceae	Enterococcus		k__Bacteria;p__Firmicutes;c__Bacilli;o__Lactobacillales;f__Enterococcaceae;g__Enterococcus;s__;d__denovo55
zhao_denovo52	Bacteria	Bacteroidetes	Bacteroidia	Bacteroidales	Bacteroidaceae	Bacteroides		k__Bacteria;p__Bacteroidetes;c__Bacteroidia;o__Bacteroidales;f__Bacteroidaceae;g__Bacteroides;s__;d__denovo52
zhao_denovo53	Bacteria	Firmicutes	Clostridia	Clostridiales	Lachnospiraceae	Clostridium_XlVa		k__Bacteria;p__Firmicutes;c__Clostridia;o__Clostridiales;f__Lachnospiraceae;g__Clostridium_XlVa;s__;d__denovo53
zhao_denovo50	Bacteria	Firmicutes	Bacilli	Lactobacillales	Streptococcaceae	Streptococcus		k__Bacteria;p__Firmicutes;c__Bacilli;o__Lactobacillales;f__Streptococcaceae;g__Streptococcus;s__;d__denovo50
zhao_denovo51	Bacteria	Bacteroidetes	Bacteroidia	Bacteroidales	Bacteroidaceae	Bacteroides		k__Bacteria;p__Bacteroidetes;c__Bacteroidia;o__Bacteroidales;f__Bacteroidaceae;g__Bacteroides;s__;d__denovo51
zhao_denovo653	Bacteria	Bacteroidetes	Bacteroidia	Bacteroidales	Porphyromonadaceae	Parabacteroides		k__Bacteria;p__Bacteroidetes;c__Bacteroidia;o__Bacteroidales;f__Porphyromonadaceae;g__Parabacteroides;s__;d__denovo653
zhao_denovo731	Bacteria	Actinobacteria	Actinobacteria	Bifidobacteriales	Bifidobacteriaceae	Bifidobacterium		k__Bacteria;p__Actinobacteria;c__Actinobacteria;o__Bifidobacteriales;f__Bifidobacteriaceae;g__Bifidobacterium;s__;d__denovo731
zhao_denovo1	Bacteria	Firmicutes	Clostridia	Clostridiales	Ruminococcaceae	Faecalibacterium		k__Bacteria;p__Firmicutes;c__Clostridia;o__Clostridiales;f__Ruminococcaceae;g__Faecalibacterium;s__;d__denovo1
zhao_denovo2	Bacteria	Firmicutes	Clostridia	Clostridiales	Lachnospiraceae	Pseudobutyrivibrio		k__Bacteria;p__Firmicutes;c__Clostridia;o__Clostridiales;f__Lachnospiraceae;g__Pseudobutyrivibrio;s__;d__denovo2
zhao_denovo3	Bacteria	Firmicutes	Clostridia	Clostridiales	Lachnospiraceae	Blautia		k__Bacteria;p__Firmicutes;c__Clostridia;o__Clostridiales;f__Lachnospiraceae;g__Blautia;s__;d__denovo3
zhao_denovo4	Bacteria	Firmicutes	Clostridia	Clostridiales	Lachnospiraceae	Lachnospiracea_incertae_sedis		k__Bacteria;p__Firmicutes;c__Clostridia;o__Clostridiales;f__Lachnospiraceae;g__Lachnospiracea_incertae_sedis;s__;d__denovo4
zhao_denovo5	Bacteria	Firmicutes	Negativicutes	Selenomonadales	Acidaminococcaceae	Phascolarctobacterium		k__Bacteria;p__Firmicutes;c__Negativicutes;o__Selenomonadales;f__Acidaminococcaceae;g__Phascolarctobacterium;s__;d__denovo5
zhao_denovo6	Bacteria	Actinobacteria	Actinobacteria	Bifidobacteriales	Bifidobacteriaceae	Bifidobacterium		k__Bacteria;p__Actinobacteria;c__Actinobacteria;o__Bifidobacteriales;f__Bifidobacteriaceae;g__Bifidobacterium;s__;d__denovo6
zhao_denovo7	Bacteria	Firmicutes	Clostridia	Clostridiales	Lachnospiraceae	Lachnospiracea_incertae_sedis		k__Bacteria;p__Firmicutes;c__Clostridia;o__Clostridiales;f__Lachnospiraceae;g__Lachnospiracea_incertae_sedis;s__;d__denovo7
zhao_denovo226	Bacteria	Firmicutes	Bacilli	Lactobacillales	Streptococcaceae	Streptococcus		k__Bacteria;p__Firmicutes;c__Bacilli;o__Lactobacillales;f__Streptococcaceae;g__Streptococcus;s__;d__denovo226
zhao_denovo9	Bacteria	Firmicutes	Clostridia	Clostridiales	Ruminococcaceae	Faecalibacterium		k__Bacteria;p__Firmicutes;c__Clostridia;o__Clostridiales;f__Ruminococcaceae;g__Faecalibacterium;s__;d__denovo9
zhao_denovo224	Bacteria	Firmicutes	Clostridia	Clostridiales	Lachnospiraceae	Clostridium_XlVa		k__Bacteria;p__Firmicutes;c__Clostridia;o__Clostridiales;f__Lachnospiraceae;g__Clostridium_XlVa;s__;d__denovo224
zhao_denovo225	Bacteria	Firmicutes	Clostridia	Clostridiales	Ruminococcaceae			k__Bacteria;p__Firmicutes;c__Clostridia;o__Clostridiales;f__Ruminococcaceae;g__;s__;d__denovo225
zhao_denovo222	Bacteria	Firmicutes	Erysipelotrichia	Erysipelotrichales	Erysipelotrichaceae	Clostridium_XVIII		k__Bacteria;p__Firmicutes;c__Erysipelotrichia;o__Erysipelotrichales;f__Erysipelotrichaceae;g__Clostridium_XVIII;s__;d__denovo222
zhao_denovo223	Bacteria	Bacteroidetes	Bacteroidia	Bacteroidales	Bacteroidaceae	Bacteroides		k__Bacteria;p__Bacteroidetes;c__Bacteroidia;o__Bacteroidales;f__Bacteroidaceae;g__Bacteroides;s__;d__denovo223
zhao_denovo220	Bacteria	Firmicutes	Negativicutes	Selenomonadales	Veillonellaceae	Megamonas		k__Bacteria;p__Firmicutes;c__Negativicutes;o__Selenomonadales;f__Veillonellaceae;g__Megamonas;s__;d__denovo220
zhao_denovo221	Bacteria	Firmicutes						k__Bacteria;p__Firmicutes;c__;o__;f__;g__;s__;d__denovo221
zhao_denovo701	Bacteria	Firmicutes	Clostridia	Clostridiales	Ruminococcaceae	Oscillibacter		k__Bacteria;p__Firmicutes;c__Clostridia;o__Clostridiales;f__Ruminococcaceae;g__Oscillibacter;s__;d__denovo701
zhao_denovo13	Bacteria	Bacteroidetes	Bacteroidia	Bacteroidales	Prevotellaceae	Prevotella		k__Bacteria;p__Bacteroidetes;c__Bacteroidia;o__Bacteroidales;f__Prevotellaceae;g__Prevotella;s__;d__denovo13
zhao_denovo703	Bacteria	Bacteroidetes	Bacteroidia	Bacteroidales	Porphyromonadaceae	Parabacteroides		k__Bacteria;p__Bacteroidetes;c__Bacteroidia;o__Bacteroidales;f__Porphyromonadaceae;g__Parabacteroides;s__;d__denovo703
zhao_denovo428	Bacteria	Firmicutes	Clostridia	Clostridiales	Lachnospiraceae	Lachnospiracea_incertae_sedis		k__Bacteria;p__Firmicutes;c__Clostridia;o__Clostridiales;f__Lachnospiraceae;g__Lachnospiracea_incertae_sedis;s__;d__denovo428
zhao_denovo11	Bacteria	Firmicutes	Clostridia	Clostridiales	Lachnospiraceae			k__Bacteria;p__Firmicutes;c__Clostridia;o__Clostridiales;f__Lachnospiraceae;g__;s__;d__denovo11
zhao_denovo429	Bacteria	Bacteroidetes	Bacteroidia	Bacteroidales	Porphyromonadaceae	Parabacteroides		k__Bacteria;p__Bacteroidetes;c__Bacteroidia;o__Bacteroidales;f__Porphyromonadaceae;g__Parabacteroides;s__;d__denovo429
zhao_denovo705	Bacteria	Proteobacteria	Deltaproteobacteria	Desulfovibrionales	Desulfovibrionaceae			k__Bacteria;p__Proteobacteria;c__Deltaproteobacteria;o__Desulfovibrionales;f__Desulfovibrionaceae;g__;s__;d__denovo705
zhao_denovo17	Bacteria	Bacteroidetes	Bacteroidia	Bacteroidales	Bacteroidaceae	Bacteroides		k__Bacteria;p__Bacteroidetes;c__Bacteroidia;o__Bacteroidales;f__Bacteroidaceae;g__Bacteroides;s__;d__denovo17
zhao_denovo707	Bacteria	Firmicutes	Clostridia	Clostridiales	Ruminococcaceae			k__Bacteria;p__Firmicutes;c__Clostridia;o__Clostridiales;f__Ruminococcaceae;g__;s__;d__denovo707
zhao_denovo15	Bacteria	Bacteroidetes	Bacteroidia	Bacteroidales	Bacteroidaceae	Bacteroides		k__Bacteria;p__Bacteroidetes;c__Bacteroidia;o__Bacteroidales;f__Bacteroidaceae;g__Bacteroides;s__;d__denovo15
zhao_denovo94	Bacteria	Bacteroidetes	Bacteroidia	Bacteroidales	Porphyromonadaceae			k__Bacteria;p__Bacteroidetes;c__Bacteroidia;o__Bacteroidales;f__Porphyromonadaceae;g__;s__;d__denovo94
zhao_denovo594	Bacteria	Bacteroidetes						k__Bacteria;p__Bacteroidetes;c__;o__;f__;g__;s__;d__denovo594
zhao_denovo595	Bacteria	Firmicutes						k__Bacteria;p__Firmicutes;c__;o__;f__;g__;s__;d__denovo595
zhao_denovo596	Bacteria	Firmicutes	Clostridia	Clostridiales	Eubacteriaceae	Eubacterium		k__Bacteria;p__Firmicutes;c__Clostridia;o__Clostridiales;f__Eubacteriaceae;g__Eubacterium;s__;d__denovo596
zhao_denovo597	Bacteria	Firmicutes	Clostridia	Clostridiales	Ruminococcaceae			k__Bacteria;p__Firmicutes;c__Clostridia;o__Clostridiales;f__Ruminococcaceae;g__;s__;d__denovo597
zhao_denovo459	Bacteria	Firmicutes	Clostridia	Clostridiales	Lachnospiraceae	Lachnospiracea_incertae_sedis		k__Bacteria;p__Firmicutes;c__Clostridia;o__Clostridiales;f__Lachnospiraceae;g__Lachnospiracea_incertae_sedis;s__;d__denovo459
zhao_denovo458	Bacteria	Proteobacteria	Betaproteobacteria	Burkholderiales	Sutterellaceae	Sutterella		k__Bacteria;p__Proteobacteria;c__Betaproteobacteria;o__Burkholderiales;f__Sutterellaceae;g__Sutterella;s__;d__denovo458
zhao_denovo592	Bacteria	Firmicutes	Clostridia	Clostridiales	Ruminococcaceae	Faecalibacterium		k__Bacteria;p__Firmicutes;c__Clostridia;o__Clostridiales;f__Ruminococcaceae;g__Faecalibacterium;s__;d__denovo592
zhao_denovo593	Bacteria	Firmicutes	Clostridia	Clostridiales	Ruminococcaceae	Faecalibacterium		k__Bacteria;p__Firmicutes;c__Clostridia;o__Clostridiales;f__Ruminococcaceae;g__Faecalibacterium;s__;d__denovo593
zhao_denovo455	Bacteria	Firmicutes	Clostridia	Clostridiales	Lachnospiraceae	Blautia		k__Bacteria;p__Firmicutes;c__Clostridia;o__Clostridiales;f__Lachnospiraceae;g__Blautia;s__;d__denovo455
zhao_denovo454	Bacteria							k__Bacteria;p__;c__;o__;f__;g__;s__;d__denovo454
zhao_denovo457	Bacteria	Firmicutes	Bacilli	Lactobacillales	Leuconostocaceae	Weissella		k__Bacteria;p__Firmicutes;c__Bacilli;o__Lactobacillales;f__Leuconostocaceae;g__Weissella;s__;d__denovo457
zhao_denovo456	Bacteria	Firmicutes	Negativicutes	Selenomonadales	Veillonellaceae	Megamonas		k__Bacteria;p__Firmicutes;c__Negativicutes;o__Selenomonadales;f__Veillonellaceae;g__Megamonas;s__;d__denovo456
zhao_denovo451	Bacteria	Bacteroidetes	Bacteroidia	Bacteroidales	Porphyromonadaceae	Parabacteroides		k__Bacteria;p__Bacteroidetes;c__Bacteroidia;o__Bacteroidales;f__Porphyromonadaceae;g__Parabacteroides;s__;d__denovo451
zhao_denovo599	Bacteria	Firmicutes	Negativicutes	Selenomonadales	Veillonellaceae	Megamonas		k__Bacteria;p__Firmicutes;c__Negativicutes;o__Selenomonadales;f__Veillonellaceae;g__Megamonas;s__;d__denovo599
zhao_denovo453	Bacteria	Proteobacteria	Deltaproteobacteria	Desulfovibrionales	Desulfovibrionaceae	Desulfovibrio		k__Bacteria;p__Proteobacteria;c__Deltaproteobacteria;o__Desulfovibrionales;f__Desulfovibrionaceae;g__Desulfovibrio;s__;d__denovo453
zhao_denovo509	Bacteria	Firmicutes	Clostridia	Clostridiales	Lachnospiraceae			k__Bacteria;p__Firmicutes;c__Clostridia;o__Clostridiales;f__Lachnospiraceae;g__;s__;d__denovo509
zhao_denovo352	Bacteria	Firmicutes	Clostridia	Clostridiales	Ruminococcaceae			k__Bacteria;p__Firmicutes;c__Clostridia;o__Clostridiales;f__Ruminococcaceae;g__;s__;d__denovo352
zhao_denovo353	Bacteria	Bacteroidetes	Bacteroidia	Bacteroidales	Bacteroidaceae	Bacteroides		k__Bacteria;p__Bacteroidetes;c__Bacteroidia;o__Bacteroidales;f__Bacteroidaceae;g__Bacteroides;s__;d__denovo353
zhao_denovo299	Bacteria	Firmicutes	Clostridia	Clostridiales	Ruminococcaceae	Ruminococcus		k__Bacteria;p__Firmicutes;c__Clostridia;o__Clostridiales;f__Ruminococcaceae;g__Ruminococcus;s__;d__denovo299
zhao_denovo298	Bacteria	Firmicutes	Negativicutes	Selenomonadales	Veillonellaceae	Mitsuokella		k__Bacteria;p__Firmicutes;c__Negativicutes;o__Selenomonadales;f__Veillonellaceae;g__Mitsuokella;s__;d__denovo298
zhao_denovo356	Bacteria	Firmicutes	Erysipelotrichia	Erysipelotrichales	Erysipelotrichaceae	Erysipelotrichaceae_incertae_sedis		k__Bacteria;p__Firmicutes;c__Erysipelotrichia;o__Erysipelotrichales;f__Erysipelotrichaceae;g__Erysipelotrichaceae_incertae_sedis;s__;d__denovo356
zhao_denovo357	Bacteria	Firmicutes	Clostridia	Clostridiales	Lachnospiraceae	Clostridium_XlVa		k__Bacteria;p__Firmicutes;c__Clostridia;o__Clostridiales;f__Lachnospiraceae;g__Clostridium_XlVa;s__;d__denovo357
zhao_denovo354	Bacteria	Firmicutes	Clostridia	Clostridiales	Eubacteriaceae	Eubacterium		k__Bacteria;p__Firmicutes;c__Clostridia;o__Clostridiales;f__Eubacteriaceae;g__Eubacterium;s__;d__denovo354
zhao_denovo355	Bacteria	Firmicutes	Clostridia	Clostridiales	Ruminococcaceae			k__Bacteria;p__Firmicutes;c__Clostridia;o__Clostridiales;f__Ruminococcaceae;g__;s__;d__denovo355
zhao_denovo293	Bacteria	Synergistetes	Synergistia	Synergistales	Synergistaceae	Pyramidobacter		k__Bacteria;p__Synergistetes;c__Synergistia;o__Synergistales;f__Synergistaceae;g__Pyramidobacter;s__;d__denovo293
zhao_denovo292	Bacteria	Firmicutes	Negativicutes	Selenomonadales	Veillonellaceae	Dialister		k__Bacteria;p__Firmicutes;c__Negativicutes;o__Selenomonadales;f__Veillonellaceae;g__Dialister;s__;d__denovo292
zhao_denovo291	Bacteria	Proteobacteria	Gammaproteobacteria	Enterobacteriales	Enterobacteriaceae			k__Bacteria;p__Proteobacteria;c__Gammaproteobacteria;o__Enterobacteriales;f__Enterobacteriaceae;g__;s__;d__denovo291
zhao_denovo290	Bacteria	Firmicutes	Negativicutes	Selenomonadales	Veillonellaceae	Mitsuokella		k__Bacteria;p__Firmicutes;c__Negativicutes;o__Selenomonadales;f__Veillonellaceae;g__Mitsuokella;s__;d__denovo290
zhao_denovo297	Bacteria	Firmicutes	Bacilli	Lactobacillales	Enterococcaceae	Enterococcus		k__Bacteria;p__Firmicutes;c__Bacilli;o__Lactobacillales;f__Enterococcaceae;g__Enterococcus;s__;d__denovo297
zhao_denovo422	Bacteria	Bacteroidetes	Bacteroidia	Bacteroidales	Prevotellaceae	Prevotella		k__Bacteria;p__Bacteroidetes;c__Bacteroidia;o__Bacteroidales;f__Prevotellaceae;g__Prevotella;s__;d__denovo422
zhao_denovo295	Bacteria	Firmicutes	Clostridia	Clostridiales	Ruminococcaceae	Faecalibacterium		k__Bacteria;p__Firmicutes;c__Clostridia;o__Clostridiales;f__Ruminococcaceae;g__Faecalibacterium;s__;d__denovo295
zhao_denovo294	Bacteria	Bacteroidetes	Bacteroidia	Bacteroidales	Bacteroidaceae	Bacteroides		k__Bacteria;p__Bacteroidetes;c__Bacteroidia;o__Bacteroidales;f__Bacteroidaceae;g__Bacteroides;s__;d__denovo294
zhao_denovo675	Bacteria	Firmicutes	Erysipelotrichia	Erysipelotrichales	Erysipelotrichaceae	Clostridium_XVIII		k__Bacteria;p__Firmicutes;c__Erysipelotrichia;o__Erysipelotrichales;f__Erysipelotrichaceae;g__Clostridium_XVIII;s__;d__denovo675
zhao_denovo639	Bacteria	Bacteroidetes	Bacteroidia	Bacteroidales	Porphyromonadaceae	Parabacteroides		k__Bacteria;p__Bacteroidetes;c__Bacteroidia;o__Bacteroidales;f__Porphyromonadaceae;g__Parabacteroides;s__;d__denovo639
zhao_denovo677	Bacteria	Firmicutes	Erysipelotrichia	Erysipelotrichales	Erysipelotrichaceae	Erysipelotrichaceae_incertae_sedis		k__Bacteria;p__Firmicutes;c__Erysipelotrichia;o__Erysipelotrichales;f__Erysipelotrichaceae;g__Erysipelotrichaceae_incertae_sedis;s__;d__denovo677
zhao_denovo579	Bacteria	Firmicutes	Negativicutes	Selenomonadales				k__Bacteria;p__Firmicutes;c__Negativicutes;o__Selenomonadales;f__;g__;s__;d__denovo579
zhao_denovo671	Bacteria	Firmicutes	Bacilli	Lactobacillales	Streptococcaceae	Lactococcus		k__Bacteria;p__Firmicutes;c__Bacilli;o__Lactobacillales;f__Streptococcaceae;g__Lactococcus;s__;d__denovo671
zhao_denovo670	Bacteria	Firmicutes	Bacilli	Bacillales	Bacillales_Incertae_Sedis_XI	Gemella		k__Bacteria;p__Firmicutes;c__Bacilli;o__Bacillales;f__Bacillales_Incertae_Sedis_XI;g__Gemella;s__;d__denovo670
zhao_denovo673	Bacteria	Firmicutes	Clostridia	Clostridiales	Lachnospiraceae	Blautia		k__Bacteria;p__Firmicutes;c__Clostridia;o__Clostridiales;f__Lachnospiraceae;g__Blautia;s__;d__denovo673
zhao_denovo672	Bacteria	Firmicutes	Negativicutes	Selenomonadales				k__Bacteria;p__Firmicutes;c__Negativicutes;o__Selenomonadales;f__;g__;s__;d__denovo672
zhao_denovo572	Bacteria	Firmicutes	Negativicutes	Selenomonadales	Veillonellaceae	Mitsuokella		k__Bacteria;p__Firmicutes;c__Negativicutes;o__Selenomonadales;f__Veillonellaceae;g__Mitsuokella;s__;d__denovo572
zhao_denovo573	Bacteria	Firmicutes	Clostridia	Clostridiales	Ruminococcaceae	Oscillibacter		k__Bacteria;p__Firmicutes;c__Clostridia;o__Clostridiales;f__Ruminococcaceae;g__Oscillibacter;s__;d__denovo573
zhao_denovo570	Bacteria	Bacteroidetes	Bacteroidia	Bacteroidales	Porphyromonadaceae			k__Bacteria;p__Bacteroidetes;c__Bacteroidia;o__Bacteroidales;f__Porphyromonadaceae;g__;s__;d__denovo570
zhao_denovo571	Bacteria	Firmicutes	Negativicutes	Selenomonadales	Veillonellaceae	Megamonas		k__Bacteria;p__Firmicutes;c__Negativicutes;o__Selenomonadales;f__Veillonellaceae;g__Megamonas;s__;d__denovo571
zhao_denovo679	Bacteria	Bacteroidetes	Bacteroidia	Bacteroidales	Prevotellaceae	Xylanibacter		k__Bacteria;p__Bacteroidetes;c__Bacteroidia;o__Bacteroidales;f__Prevotellaceae;g__Xylanibacter;s__;d__denovo679
zhao_denovo577	Bacteria	Proteobacteria	Gammaproteobacteria	Pasteurellales	Pasteurellaceae	Haemophilus		k__Bacteria;p__Proteobacteria;c__Gammaproteobacteria;o__Pasteurellales;f__Pasteurellaceae;g__Haemophilus;s__;d__denovo577
zhao_denovo574	Bacteria							k__Bacteria;p__;c__;o__;f__;g__;s__;d__denovo574
zhao_denovo575	Bacteria	Firmicutes	Bacilli	Lactobacillales	Lactobacillaceae	Lactobacillus		k__Bacteria;p__Firmicutes;c__Bacilli;o__Lactobacillales;f__Lactobacillaceae;g__Lactobacillus;s__;d__denovo575
zhao_denovo688	Bacteria	Firmicutes	Negativicutes	Selenomonadales				k__Bacteria;p__Firmicutes;c__Negativicutes;o__Selenomonadales;f__;g__;s__;d__denovo688
zhao_denovo689	Bacteria	Bacteroidetes	Bacteroidia	Bacteroidales	Bacteroidaceae	Bacteroides		k__Bacteria;p__Bacteroidetes;c__Bacteroidia;o__Bacteroidales;f__Bacteroidaceae;g__Bacteroides;s__;d__denovo689
zhao_denovo680	Bacteria	Bacteroidetes	Bacteroidia	Bacteroidales	Bacteroidaceae	Bacteroides		k__Bacteria;p__Bacteroidetes;c__Bacteroidia;o__Bacteroidales;f__Bacteroidaceae;g__Bacteroides;s__;d__denovo680
zhao_denovo681	Bacteria	Bacteroidetes	Bacteroidia	Bacteroidales	Bacteroidaceae	Bacteroides		k__Bacteria;p__Bacteroidetes;c__Bacteroidia;o__Bacteroidales;f__Bacteroidaceae;g__Bacteroides;s__;d__denovo681
zhao_denovo682	Bacteria	Firmicutes	Clostridia	Clostridiales	Eubacteriaceae	Eubacterium		k__Bacteria;p__Firmicutes;c__Clostridia;o__Clostridiales;f__Eubacteriaceae;g__Eubacterium;s__;d__denovo682
zhao_denovo683	Bacteria	Bacteroidetes						k__Bacteria;p__Bacteroidetes;c__;o__;f__;g__;s__;d__denovo683
zhao_denovo684	Bacteria	Firmicutes	Clostridia	Clostridiales	Lachnospiraceae	Roseburia		k__Bacteria;p__Firmicutes;c__Clostridia;o__Clostridiales;f__Lachnospiraceae;g__Roseburia;s__;d__denovo684
zhao_denovo685	Bacteria	Bacteroidetes	Bacteroidia	Bacteroidales	Bacteroidaceae	Bacteroides		k__Bacteria;p__Bacteroidetes;c__Bacteroidia;o__Bacteroidales;f__Bacteroidaceae;g__Bacteroides;s__;d__denovo685
zhao_denovo686	Bacteria	Firmicutes	Bacilli	Lactobacillales	Lactobacillaceae	Lactobacillus		k__Bacteria;p__Firmicutes;c__Bacilli;o__Lactobacillales;f__Lactobacillaceae;g__Lactobacillus;s__;d__denovo686
zhao_denovo687	Bacteria	Bacteroidetes	Bacteroidia	Bacteroidales	Bacteroidaceae	Bacteroides		k__Bacteria;p__Bacteroidetes;c__Bacteroidia;o__Bacteroidales;f__Bacteroidaceae;g__Bacteroides;s__;d__denovo687
zhao_denovo176	Bacteria	Firmicutes						k__Bacteria;p__Firmicutes;c__;o__;f__;g__;s__;d__denovo176
zhao_denovo631	Bacteria	Firmicutes	Clostridia	Clostridiales	Lachnospiraceae	Blautia		k__Bacteria;p__Firmicutes;c__Clostridia;o__Clostridiales;f__Lachnospiraceae;g__Blautia;s__;d__denovo631
zhao_denovo174	Bacteria							k__Bacteria;p__;c__;o__;f__;g__;s__;d__denovo174
zhao_denovo175	Bacteria	Firmicutes	Bacilli	Lactobacillales	Streptococcaceae	Streptococcus		k__Bacteria;p__Firmicutes;c__Bacilli;o__Lactobacillales;f__Streptococcaceae;g__Streptococcus;s__;d__denovo175
zhao_denovo172	Bacteria	Firmicutes	Clostridia	Clostridiales	Lachnospiraceae	Clostridium_XlVa		k__Bacteria;p__Firmicutes;c__Clostridia;o__Clostridiales;f__Lachnospiraceae;g__Clostridium_XlVa;s__;d__denovo172
zhao_denovo173	Bacteria	Firmicutes	Clostridia	Clostridiales	Lachnospiraceae	Lachnospira		k__Bacteria;p__Firmicutes;c__Clostridia;o__Clostridiales;f__Lachnospiraceae;g__Lachnospira;s__;d__denovo173
zhao_denovo170	Bacteria	Firmicutes	Clostridia	Clostridiales	Clostridiaceae_1	Clostridium_sensu_stricto		k__Bacteria;p__Firmicutes;c__Clostridia;o__Clostridiales;f__Clostridiaceae_1;g__Clostridium_sensu_stricto;s__;d__denovo170
zhao_denovo171	Bacteria	Bacteroidetes	Bacteroidia	Bacteroidales	Bacteroidaceae	Bacteroides		k__Bacteria;p__Bacteroidetes;c__Bacteroidia;o__Bacteroidales;f__Bacteroidaceae;g__Bacteroides;s__;d__denovo171
zhao_denovo178	Bacteria	Firmicutes	Clostridia	Clostridiales	Lachnospiraceae	Blautia		k__Bacteria;p__Firmicutes;c__Clostridia;o__Clostridiales;f__Lachnospiraceae;g__Blautia;s__;d__denovo178
zhao_denovo179	Bacteria	Proteobacteria	Gammaproteobacteria	Enterobacteriales	Enterobacteriaceae	Morganella		k__Bacteria;p__Proteobacteria;c__Gammaproteobacteria;o__Enterobacteriales;f__Enterobacteriaceae;g__Morganella;s__;d__denovo179
zhao_denovo709	Bacteria	Bacteroidetes	Bacteroidia	Bacteroidales	Rikenellaceae	Alistipes		k__Bacteria;p__Bacteroidetes;c__Bacteroidia;o__Bacteroidales;f__Rikenellaceae;g__Alistipes;s__;d__denovo709
zhao_denovo708	Bacteria	Firmicutes	Bacilli	Lactobacillales	Carnobacteriaceae	Trichococcus		k__Bacteria;p__Firmicutes;c__Bacilli;o__Lactobacillales;f__Carnobacteriaceae;g__Trichococcus;s__;d__denovo708
zhao_denovo18	Bacteria	Firmicutes	Clostridia	Clostridiales	Lachnospiraceae	Pseudobutyrivibrio		k__Bacteria;p__Firmicutes;c__Clostridia;o__Clostridiales;f__Lachnospiraceae;g__Pseudobutyrivibrio;s__;d__denovo18
zhao_denovo19	Bacteria	Firmicutes	Clostridia	Clostridiales	Ruminococcaceae	Faecalibacterium		k__Bacteria;p__Firmicutes;c__Clostridia;o__Clostridiales;f__Ruminococcaceae;g__Faecalibacterium;s__;d__denovo19
zhao_denovo379	Bacteria	Bacteroidetes	Bacteroidia	Bacteroidales	Prevotellaceae	Prevotella		k__Bacteria;p__Bacteroidetes;c__Bacteroidia;o__Bacteroidales;f__Prevotellaceae;g__Prevotella;s__;d__denovo379
zhao_denovo12	Bacteria	Firmicutes	Bacilli	Lactobacillales	Enterococcaceae	Enterococcus		k__Bacteria;p__Firmicutes;c__Bacilli;o__Lactobacillales;f__Enterococcaceae;g__Enterococcus;s__;d__denovo12
zhao_denovo700	Bacteria	Firmicutes	Clostridia	Clostridiales	Ruminococcaceae	Faecalibacterium		k__Bacteria;p__Firmicutes;c__Clostridia;o__Clostridiales;f__Ruminococcaceae;g__Faecalibacterium;s__;d__denovo700
zhao_denovo10	Bacteria	Bacteroidetes	Bacteroidia	Bacteroidales	Bacteroidaceae	Bacteroides		k__Bacteria;p__Bacteroidetes;c__Bacteroidia;o__Bacteroidales;f__Bacteroidaceae;g__Bacteroides;s__;d__denovo10
zhao_denovo702	Bacteria	Firmicutes	Negativicutes	Selenomonadales	Acidaminococcaceae	Succiniclasticum		k__Bacteria;p__Firmicutes;c__Negativicutes;o__Selenomonadales;f__Acidaminococcaceae;g__Succiniclasticum;s__;d__denovo702
zhao_denovo16	Bacteria	Firmicutes	Bacilli	Lactobacillales	Enterococcaceae	Enterococcus		k__Bacteria;p__Firmicutes;c__Bacilli;o__Lactobacillales;f__Enterococcaceae;g__Enterococcus;s__;d__denovo16
zhao_denovo704	Bacteria	Firmicutes	Bacilli	Bacillales	Bacillales_Incertae_Sedis_XI	Gemella		k__Bacteria;p__Firmicutes;c__Bacilli;o__Bacillales;f__Bacillales_Incertae_Sedis_XI;g__Gemella;s__;d__denovo704
zhao_denovo14	Bacteria	Bacteroidetes	Bacteroidia	Bacteroidales	Rikenellaceae	Alistipes		k__Bacteria;p__Bacteroidetes;c__Bacteroidia;o__Bacteroidales;f__Rikenellaceae;g__Alistipes;s__;d__denovo14
zhao_denovo706	Bacteria	Firmicutes	Clostridia	Clostridiales				k__Bacteria;p__Firmicutes;c__Clostridia;o__Clostridiales;f__;g__;s__;d__denovo706
zhao_denovo778	Bacteria	Firmicutes	Clostridia	Clostridiales	Ruminococcaceae			k__Bacteria;p__Firmicutes;c__Clostridia;o__Clostridiales;f__Ruminococcaceae;g__;s__;d__denovo778
zhao_denovo779	Bacteria	Firmicutes	Negativicutes	Selenomonadales				k__Bacteria;p__Firmicutes;c__Negativicutes;o__Selenomonadales;f__;g__;s__;d__denovo779
zhao_denovo774	Bacteria	Firmicutes	Clostridia	Clostridiales	Ruminococcaceae			k__Bacteria;p__Firmicutes;c__Clostridia;o__Clostridiales;f__Ruminococcaceae;g__;s__;d__denovo774
zhao_denovo775	Bacteria	Firmicutes	Bacilli	Lactobacillales	Streptococcaceae	Streptococcus		k__Bacteria;p__Firmicutes;c__Bacilli;o__Lactobacillales;f__Streptococcaceae;g__Streptococcus;s__;d__denovo775
zhao_denovo776	Bacteria	Firmicutes	Clostridia	Clostridiales	Lachnospiraceae	Blautia		k__Bacteria;p__Firmicutes;c__Clostridia;o__Clostridiales;f__Lachnospiraceae;g__Blautia;s__;d__denovo776
zhao_denovo777	Bacteria	Firmicutes	Negativicutes	Selenomonadales	Veillonellaceae	Megamonas		k__Bacteria;p__Firmicutes;c__Negativicutes;o__Selenomonadales;f__Veillonellaceae;g__Megamonas;s__;d__denovo777
zhao_denovo770	Bacteria	Firmicutes	Bacilli	Lactobacillales	Enterococcaceae	Enterococcus		k__Bacteria;p__Firmicutes;c__Bacilli;o__Lactobacillales;f__Enterococcaceae;g__Enterococcus;s__;d__denovo770
zhao_denovo771	Bacteria	Firmicutes	Clostridia					k__Bacteria;p__Firmicutes;c__Clostridia;o__;f__;g__;s__;d__denovo771
zhao_denovo772	Bacteria	Bacteroidetes	Bacteroidia	Bacteroidales	Prevotellaceae	Prevotella		k__Bacteria;p__Bacteroidetes;c__Bacteroidia;o__Bacteroidales;f__Prevotellaceae;g__Prevotella;s__;d__denovo772
zhao_denovo773	Bacteria	Bacteroidetes	Bacteroidia	Bacteroidales	Porphyromonadaceae			k__Bacteria;p__Bacteroidetes;c__Bacteroidia;o__Bacteroidales;f__Porphyromonadaceae;g__;s__;d__denovo773
zhao_denovo824	Bacteria	Firmicutes	Clostridia	Clostridiales	Ruminococcaceae	Faecalibacterium		k__Bacteria;p__Firmicutes;c__Clostridia;o__Clostridiales;f__Ruminococcaceae;g__Faecalibacterium;s__;d__denovo824
zhao_denovo825	Bacteria	Bacteroidetes	Bacteroidia	Bacteroidales	Rikenellaceae	Alistipes		k__Bacteria;p__Bacteroidetes;c__Bacteroidia;o__Bacteroidales;f__Rikenellaceae;g__Alistipes;s__;d__denovo825
zhao_denovo826	Bacteria	Firmicutes	Clostridia	Clostridiales	Lachnospiraceae	Clostridium_XlVa		k__Bacteria;p__Firmicutes;c__Clostridia;o__Clostridiales;f__Lachnospiraceae;g__Clostridium_XlVa;s__;d__denovo826
zhao_denovo827	Bacteria	Firmicutes	Clostridia	Clostridiales				k__Bacteria;p__Firmicutes;c__Clostridia;o__Clostridiales;f__;g__;s__;d__denovo827
zhao_denovo820	Bacteria	Firmicutes	Clostridia	Clostridiales	Ruminococcaceae	Faecalibacterium		k__Bacteria;p__Firmicutes;c__Clostridia;o__Clostridiales;f__Ruminococcaceae;g__Faecalibacterium;s__;d__denovo820
zhao_denovo821	Bacteria	Firmicutes	Clostridia	Clostridiales	Peptostreptococcaceae	Clostridium_XI		k__Bacteria;p__Firmicutes;c__Clostridia;o__Clostridiales;f__Peptostreptococcaceae;g__Clostridium_XI;s__;d__denovo821
zhao_denovo822	Bacteria	Firmicutes	Clostridia	Clostridiales	Lachnospiraceae	Blautia		k__Bacteria;p__Firmicutes;c__Clostridia;o__Clostridiales;f__Lachnospiraceae;g__Blautia;s__;d__denovo822
zhao_denovo823	Bacteria	Bacteroidetes	Bacteroidia	Bacteroidales	Porphyromonadaceae	Parabacteroides		k__Bacteria;p__Bacteroidetes;c__Bacteroidia;o__Bacteroidales;f__Porphyromonadaceae;g__Parabacteroides;s__;d__denovo823
zhao_denovo828	Bacteria	Firmicutes	Clostridia	Clostridiales	Lachnospiraceae	Dorea		k__Bacteria;p__Firmicutes;c__Clostridia;o__Clostridiales;f__Lachnospiraceae;g__Dorea;s__;d__denovo828
zhao_denovo829	Bacteria	Firmicutes	Clostridia	Clostridiales	Lachnospiraceae			k__Bacteria;p__Firmicutes;c__Clostridia;o__Clostridiales;f__Lachnospiraceae;g__;s__;d__denovo829
zhao_denovo351	Bacteria	Bacteroidetes	Bacteroidia	Bacteroidales	Porphyromonadaceae	Parabacteroides		k__Bacteria;p__Bacteroidetes;c__Bacteroidia;o__Bacteroidales;f__Porphyromonadaceae;g__Parabacteroides;s__;d__denovo351
zhao_denovo561	Bacteria	Proteobacteria	Gammaproteobacteria	Enterobacteriales	Enterobacteriaceae	Morganella		k__Bacteria;p__Proteobacteria;c__Gammaproteobacteria;o__Enterobacteriales;f__Enterobacteriaceae;g__Morganella;s__;d__denovo561
zhao_denovo609	Bacteria							k__Bacteria;p__;c__;o__;f__;g__;s__;d__denovo609
zhao_denovo248	Bacteria	Bacteroidetes	Bacteroidia	Bacteroidales	Bacteroidaceae	Bacteroides		k__Bacteria;p__Bacteroidetes;c__Bacteroidia;o__Bacteroidales;f__Bacteroidaceae;g__Bacteroides;s__;d__denovo248
zhao_denovo816	Bacteria	Bacteroidetes	Bacteroidia	Bacteroidales	Bacteroidaceae	Bacteroides		k__Bacteria;p__Bacteroidetes;c__Bacteroidia;o__Bacteroidales;f__Bacteroidaceae;g__Bacteroides;s__;d__denovo816
zhao_denovo782	Bacteria	Firmicutes	Clostridia	Clostridiales	Lachnospiraceae			k__Bacteria;p__Firmicutes;c__Clostridia;o__Clostridiales;f__Lachnospiraceae;g__;s__;d__denovo782
zhao_denovo249	Bacteria	Bacteroidetes	Bacteroidia	Bacteroidales	Porphyromonadaceae	Odoribacter		k__Bacteria;p__Bacteroidetes;c__Bacteroidia;o__Bacteroidales;f__Porphyromonadaceae;g__Odoribacter;s__;d__denovo249
zhao_denovo529	Bacteria	Bacteroidetes	Bacteroidia	Bacteroidales	Prevotellaceae	Paraprevotella		k__Bacteria;p__Bacteroidetes;c__Bacteroidia;o__Bacteroidales;f__Prevotellaceae;g__Paraprevotella;s__;d__denovo529
zhao_denovo318	Bacteria	Bacteroidetes	Bacteroidia	Bacteroidales	Bacteroidaceae	Bacteroides		k__Bacteria;p__Bacteroidetes;c__Bacteroidia;o__Bacteroidales;f__Bacteroidaceae;g__Bacteroides;s__;d__denovo318
zhao_denovo319	Bacteria	Firmicutes	Clostridia	Clostridiales	Ruminococcaceae	Oscillibacter		k__Bacteria;p__Firmicutes;c__Clostridia;o__Clostridiales;f__Ruminococcaceae;g__Oscillibacter;s__;d__denovo319
zhao_denovo316	Bacteria	Bacteroidetes	Bacteroidia	Bacteroidales	Porphyromonadaceae	Parabacteroides		k__Bacteria;p__Bacteroidetes;c__Bacteroidia;o__Bacteroidales;f__Porphyromonadaceae;g__Parabacteroides;s__;d__denovo316
zhao_denovo317	Bacteria	Firmicutes	Clostridia	Clostridiales	Ruminococcaceae	Faecalibacterium		k__Bacteria;p__Firmicutes;c__Clostridia;o__Clostridiales;f__Ruminococcaceae;g__Faecalibacterium;s__;d__denovo317
zhao_denovo314	Bacteria	Bacteroidetes	Bacteroidia	Bacteroidales	Prevotellaceae	Xylanibacter		k__Bacteria;p__Bacteroidetes;c__Bacteroidia;o__Bacteroidales;f__Prevotellaceae;g__Xylanibacter;s__;d__denovo314
zhao_denovo315	Bacteria	Firmicutes	Clostridia	Clostridiales	Lachnospiraceae	Clostridium_XlVa		k__Bacteria;p__Firmicutes;c__Clostridia;o__Clostridiales;f__Lachnospiraceae;g__Clostridium_XlVa;s__;d__denovo315
zhao_denovo312	Bacteria	Firmicutes	Clostridia	Clostridiales	Lachnospiraceae	Clostridium_XlVa		k__Bacteria;p__Firmicutes;c__Clostridia;o__Clostridiales;f__Lachnospiraceae;g__Clostridium_XlVa;s__;d__denovo312
zhao_denovo313	Bacteria	Firmicutes	Clostridia	Clostridiales	Lachnospiraceae	Lachnobacterium		k__Bacteria;p__Firmicutes;c__Clostridia;o__Clostridiales;f__Lachnospiraceae;g__Lachnobacterium;s__;d__denovo313
zhao_denovo310	Bacteria	Fusobacteria	Fusobacteriia	Fusobacteriales	Fusobacteriaceae	Fusobacterium		k__Bacteria;p__Fusobacteria;c__Fusobacteriia;o__Fusobacteriales;f__Fusobacteriaceae;g__Fusobacterium;s__;d__denovo310
zhao_denovo311	Bacteria	Bacteroidetes	Bacteroidia	Bacteroidales	Bacteroidaceae	Bacteroides		k__Bacteria;p__Bacteroidetes;c__Bacteroidia;o__Bacteroidales;f__Bacteroidaceae;g__Bacteroides;s__;d__denovo311
zhao_denovo257	Bacteria	Bacteroidetes	Bacteroidia	Bacteroidales	Porphyromonadaceae	Parabacteroides		k__Bacteria;p__Bacteroidetes;c__Bacteroidia;o__Bacteroidales;f__Porphyromonadaceae;g__Parabacteroides;s__;d__denovo257
zhao_denovo256	Bacteria	Firmicutes	Negativicutes	Selenomonadales	Veillonellaceae	Megamonas		k__Bacteria;p__Firmicutes;c__Negativicutes;o__Selenomonadales;f__Veillonellaceae;g__Megamonas;s__;d__denovo256
zhao_denovo255	Bacteria	Firmicutes	Clostridia	Clostridiales	Ruminococcaceae			k__Bacteria;p__Firmicutes;c__Clostridia;o__Clostridiales;f__Ruminococcaceae;g__;s__;d__denovo255
zhao_denovo254	Bacteria	Bacteroidetes	Bacteroidia	Bacteroidales	Prevotellaceae			k__Bacteria;p__Bacteroidetes;c__Bacteroidia;o__Bacteroidales;f__Prevotellaceae;g__;s__;d__denovo254
zhao_denovo253	Bacteria	Firmicutes	Clostridia	Clostridiales	Ruminococcaceae			k__Bacteria;p__Firmicutes;c__Clostridia;o__Clostridiales;f__Ruminococcaceae;g__;s__;d__denovo253
zhao_denovo252	Bacteria	Bacteroidetes	Bacteroidia	Bacteroidales	Bacteroidaceae	Bacteroides		k__Bacteria;p__Bacteroidetes;c__Bacteroidia;o__Bacteroidales;f__Bacteroidaceae;g__Bacteroides;s__;d__denovo252
zhao_denovo251	Bacteria	Firmicutes	Clostridia	Clostridiales	Ruminococcaceae	Faecalibacterium		k__Bacteria;p__Firmicutes;c__Clostridia;o__Clostridiales;f__Ruminococcaceae;g__Faecalibacterium;s__;d__denovo251
zhao_denovo250	Bacteria	Firmicutes	Clostridia	Clostridiales	Ruminococcaceae			k__Bacteria;p__Firmicutes;c__Clostridia;o__Clostridiales;f__Ruminococcaceae;g__;s__;d__denovo250
zhao_denovo242	Bacteria	Bacteroidetes	Bacteroidia	Bacteroidales	Prevotellaceae	Prevotella		k__Bacteria;p__Bacteroidetes;c__Bacteroidia;o__Bacteroidales;f__Prevotellaceae;g__Prevotella;s__;d__denovo242
zhao_denovo259	Bacteria	Firmicutes	Bacilli	Lactobacillales	Enterococcaceae	Enterococcus		k__Bacteria;p__Firmicutes;c__Bacilli;o__Lactobacillales;f__Enterococcaceae;g__Enterococcus;s__;d__denovo259
zhao_denovo258	Bacteria							k__Bacteria;p__;c__;o__;f__;g__;s__;d__denovo258
zhao_denovo536	Bacteria	Firmicutes	Clostridia	Clostridiales				k__Bacteria;p__Firmicutes;c__Clostridia;o__Clostridiales;f__;g__;s__;d__denovo536
zhao_denovo499	Bacteria	Firmicutes	Clostridia	Clostridiales	Lachnospiraceae			k__Bacteria;p__Firmicutes;c__Clostridia;o__Clostridiales;f__Lachnospiraceae;g__;s__;d__denovo499
zhao_denovo534	Bacteria	Firmicutes	Negativicutes	Selenomonadales				k__Bacteria;p__Firmicutes;c__Negativicutes;o__Selenomonadales;f__;g__;s__;d__denovo534
zhao_denovo243	Bacteria	Firmicutes	Clostridia	Clostridiales	Ruminococcaceae			k__Bacteria;p__Firmicutes;c__Clostridia;o__Clostridiales;f__Ruminococcaceae;g__;s__;d__denovo243
zhao_denovo532	Bacteria	Firmicutes	Clostridia	Clostridiales	Ruminococcaceae	Faecalibacterium		k__Bacteria;p__Firmicutes;c__Clostridia;o__Clostridiales;f__Ruminococcaceae;g__Faecalibacterium;s__;d__denovo532
zhao_denovo533	Bacteria	Bacteroidetes	Bacteroidia	Bacteroidales	Rikenellaceae	Alistipes		k__Bacteria;p__Bacteroidetes;c__Bacteroidia;o__Bacteroidales;f__Rikenellaceae;g__Alistipes;s__;d__denovo533
zhao_denovo530	Bacteria	Firmicutes	Negativicutes	Selenomonadales				k__Bacteria;p__Firmicutes;c__Negativicutes;o__Selenomonadales;f__;g__;s__;d__denovo530
zhao_denovo531	Bacteria	Bacteroidetes	Bacteroidia	Bacteroidales	Bacteroidaceae	Bacteroides		k__Bacteria;p__Bacteroidetes;c__Bacteroidia;o__Bacteroidales;f__Bacteroidaceae;g__Bacteroides;s__;d__denovo531
zhao_denovo538	Bacteria	Bacteroidetes	Bacteroidia	Bacteroidales	Porphyromonadaceae	Parabacteroides		k__Bacteria;p__Bacteroidetes;c__Bacteroidia;o__Bacteroidales;f__Porphyromonadaceae;g__Parabacteroides;s__;d__denovo538
zhao_denovo539	Bacteria	Firmicutes	Clostridia	Clostridiales				k__Bacteria;p__Firmicutes;c__Clostridia;o__Clostridiales;f__;g__;s__;d__denovo539
zhao_denovo569	Bacteria	Firmicutes	Clostridia	Clostridiales	Ruminococcaceae	Oscillibacter		k__Bacteria;p__Firmicutes;c__Clostridia;o__Clostridiales;f__Ruminococcaceae;g__Oscillibacter;s__;d__denovo569
zhao_denovo402	Bacteria	Firmicutes	Clostridia					k__Bacteria;p__Firmicutes;c__Clostridia;o__;f__;g__;s__;d__denovo402
zhao_denovo403	Bacteria	Firmicutes	Negativicutes	Selenomonadales	Acidaminococcaceae	Phascolarctobacterium		k__Bacteria;p__Firmicutes;c__Negativicutes;o__Selenomonadales;f__Acidaminococcaceae;g__Phascolarctobacterium;s__;d__denovo403
zhao_denovo400	Bacteria	Firmicutes	Clostridia	Clostridiales	Lachnospiraceae	Roseburia		k__Bacteria;p__Firmicutes;c__Clostridia;o__Clostridiales;f__Lachnospiraceae;g__Roseburia;s__;d__denovo400
zhao_denovo401	Bacteria	Firmicutes	Clostridia	Clostridiales	Lachnospiraceae	Blautia		k__Bacteria;p__Firmicutes;c__Clostridia;o__Clostridiales;f__Lachnospiraceae;g__Blautia;s__;d__denovo401
zhao_denovo406	Bacteria	Bacteroidetes	Bacteroidia	Bacteroidales	Bacteroidaceae	Bacteroides		k__Bacteria;p__Bacteroidetes;c__Bacteroidia;o__Bacteroidales;f__Bacteroidaceae;g__Bacteroides;s__;d__denovo406
zhao_denovo407	Bacteria	Firmicutes	Clostridia	Clostridiales	Ruminococcaceae	Faecalibacterium		k__Bacteria;p__Firmicutes;c__Clostridia;o__Clostridiales;f__Ruminococcaceae;g__Faecalibacterium;s__;d__denovo407
zhao_denovo404	Bacteria	Actinobacteria	Actinobacteria	Bifidobacteriales	Bifidobacteriaceae	Bifidobacterium		k__Bacteria;p__Actinobacteria;c__Actinobacteria;o__Bifidobacteriales;f__Bifidobacteriaceae;g__Bifidobacterium;s__;d__denovo404
zhao_denovo490	Bacteria	Bacteroidetes	Bacteroidia	Bacteroidales	Bacteroidaceae	Bacteroides		k__Bacteria;p__Bacteroidetes;c__Bacteroidia;o__Bacteroidales;f__Bacteroidaceae;g__Bacteroides;s__;d__denovo490
zhao_denovo408	Bacteria	Firmicutes	Bacilli	Lactobacillales	Enterococcaceae	Enterococcus		k__Bacteria;p__Firmicutes;c__Bacilli;o__Lactobacillales;f__Enterococcaceae;g__Enterococcus;s__;d__denovo408
zhao_denovo409	Bacteria	Bacteroidetes	Bacteroidia	Bacteroidales	Prevotellaceae	Prevotella		k__Bacteria;p__Bacteroidetes;c__Bacteroidia;o__Bacteroidales;f__Prevotellaceae;g__Prevotella;s__;d__denovo409
zhao_denovo745	Bacteria	Proteobacteria	Gammaproteobacteria	Enterobacteriales	Enterobacteriaceae			k__Bacteria;p__Proteobacteria;c__Gammaproteobacteria;o__Enterobacteriales;f__Enterobacteriaceae;g__;s__;d__denovo745
zhao_denovo744	Bacteria	Firmicutes	Clostridia	Clostridiales	Ruminococcaceae			k__Bacteria;p__Firmicutes;c__Clostridia;o__Clostridiales;f__Ruminococcaceae;g__;s__;d__denovo744
zhao_denovo747	Bacteria	Firmicutes	Clostridia	Clostridiales	Lachnospiraceae	Pseudobutyrivibrio		k__Bacteria;p__Firmicutes;c__Clostridia;o__Clostridiales;f__Lachnospiraceae;g__Pseudobutyrivibrio;s__;d__denovo747
zhao_denovo629	Bacteria	Bacteroidetes	Bacteroidia	Bacteroidales	Prevotellaceae			k__Bacteria;p__Bacteroidetes;c__Bacteroidia;o__Bacteroidales;f__Prevotellaceae;g__;s__;d__denovo629
zhao_denovo741	Bacteria	Bacteroidetes	Bacteroidia	Bacteroidales	Porphyromonadaceae	Parabacteroides		k__Bacteria;p__Bacteroidetes;c__Bacteroidia;o__Bacteroidales;f__Porphyromonadaceae;g__Parabacteroides;s__;d__denovo741
zhao_denovo740	Bacteria	Firmicutes	Clostridia	Clostridiales	Lachnospiraceae			k__Bacteria;p__Firmicutes;c__Clostridia;o__Clostridiales;f__Lachnospiraceae;g__;s__;d__denovo740
zhao_denovo743	Bacteria	Bacteroidetes	Bacteroidia	Bacteroidales	Bacteroidaceae	Bacteroides		k__Bacteria;p__Bacteroidetes;c__Bacteroidia;o__Bacteroidales;f__Bacteroidaceae;g__Bacteroides;s__;d__denovo743
zhao_denovo742	Bacteria	Firmicutes	Clostridia	Clostridiales	Lachnospiraceae			k__Bacteria;p__Firmicutes;c__Clostridia;o__Clostridiales;f__Lachnospiraceae;g__;s__;d__denovo742
zhao_denovo622	Bacteria	Firmicutes	Clostridia	Clostridiales	Lachnospiraceae	Dorea		k__Bacteria;p__Firmicutes;c__Clostridia;o__Clostridiales;f__Lachnospiraceae;g__Dorea;s__;d__denovo622
zhao_denovo623	Bacteria	Bacteroidetes	Bacteroidia	Bacteroidales	Porphyromonadaceae	Parabacteroides		k__Bacteria;p__Bacteroidetes;c__Bacteroidia;o__Bacteroidales;f__Porphyromonadaceae;g__Parabacteroides;s__;d__denovo623
zhao_denovo620	Bacteria	Proteobacteria	Deltaproteobacteria	Desulfovibrionales	Desulfovibrionaceae	Desulfovibrio		k__Bacteria;p__Proteobacteria;c__Deltaproteobacteria;o__Desulfovibrionales;f__Desulfovibrionaceae;g__Desulfovibrio;s__;d__denovo620
zhao_denovo621	Bacteria	Bacteroidetes	Bacteroidia	Bacteroidales	Prevotellaceae	Prevotella		k__Bacteria;p__Bacteroidetes;c__Bacteroidia;o__Bacteroidales;f__Prevotellaceae;g__Prevotella;s__;d__denovo621
zhao_denovo749	Bacteria	Proteobacteria	Gammaproteobacteria	Enterobacteriales	Enterobacteriaceae	Klebsiella		k__Bacteria;p__Proteobacteria;c__Gammaproteobacteria;o__Enterobacteriales;f__Enterobacteriaceae;g__Klebsiella;s__;d__denovo749
zhao_denovo627	Bacteria	Firmicutes	Erysipelotrichia	Erysipelotrichales	Erysipelotrichaceae	Erysipelotrichaceae_incertae_sedis		k__Bacteria;p__Firmicutes;c__Erysipelotrichia;o__Erysipelotrichales;f__Erysipelotrichaceae;g__Erysipelotrichaceae_incertae_sedis;s__;d__denovo627
zhao_denovo624	Bacteria	Bacteroidetes	Bacteroidia	Bacteroidales	Prevotellaceae			k__Bacteria;p__Bacteroidetes;c__Bacteroidia;o__Bacteroidales;f__Prevotellaceae;g__;s__;d__denovo624
zhao_denovo625	Bacteria	Firmicutes	Clostridia	Clostridiales	Ruminococcaceae	Faecalibacterium		k__Bacteria;p__Firmicutes;c__Clostridia;o__Clostridiales;f__Ruminococcaceae;g__Faecalibacterium;s__;d__denovo625
zhao_denovo644	Bacteria	Proteobacteria	Gammaproteobacteria	Pseudomonadales	Moraxellaceae	Acinetobacter		k__Bacteria;p__Proteobacteria;c__Gammaproteobacteria;o__Pseudomonadales;f__Moraxellaceae;g__Acinetobacter;s__;d__denovo644
zhao_denovo133	Bacteria	Firmicutes	Bacilli	Lactobacillales	Streptococcaceae	Streptococcus		k__Bacteria;p__Firmicutes;c__Bacilli;o__Lactobacillales;f__Streptococcaceae;g__Streptococcus;s__;d__denovo133
zhao_denovo160	Bacteria	Bacteroidetes	Bacteroidia	Bacteroidales	Prevotellaceae	Prevotella		k__Bacteria;p__Bacteroidetes;c__Bacteroidia;o__Bacteroidales;f__Prevotellaceae;g__Prevotella;s__;d__denovo160
zhao_denovo646	Bacteria	Bacteroidetes	Bacteroidia	Bacteroidales	Porphyromonadaceae			k__Bacteria;p__Bacteroidetes;c__Bacteroidia;o__Bacteroidales;f__Porphyromonadaceae;g__;s__;d__denovo646
zhao_denovo163	Bacteria	Bacteroidetes	Bacteroidia	Bacteroidales	Bacteroidaceae	Bacteroides		k__Bacteria;p__Bacteroidetes;c__Bacteroidia;o__Bacteroidales;f__Bacteroidaceae;g__Bacteroides;s__;d__denovo163
zhao_denovo131	Bacteria	Firmicutes	Clostridia	Clostridiales	Lachnospiraceae	Lachnospiracea_incertae_sedis		k__Bacteria;p__Firmicutes;c__Clostridia;o__Clostridiales;f__Lachnospiraceae;g__Lachnospiracea_incertae_sedis;s__;d__denovo131
zhao_denovo739	Bacteria	Bacteroidetes	Bacteroidia	Bacteroidales	Porphyromonadaceae	Parabacteroides		k__Bacteria;p__Bacteroidetes;c__Bacteroidia;o__Bacteroidales;f__Porphyromonadaceae;g__Parabacteroides;s__;d__denovo739
zhao_denovo640	Bacteria	Fusobacteria	Fusobacteriia	Fusobacteriales	Fusobacteriaceae	Fusobacterium		k__Bacteria;p__Fusobacteria;c__Fusobacteriia;o__Fusobacteriales;f__Fusobacteriaceae;g__Fusobacterium;s__;d__denovo640
zhao_denovo137	Bacteria	Proteobacteria	Deltaproteobacteria	Desulfovibrionales	Desulfovibrionaceae	Desulfovibrio		k__Bacteria;p__Proteobacteria;c__Deltaproteobacteria;o__Desulfovibrionales;f__Desulfovibrionaceae;g__Desulfovibrio;s__;d__denovo137
zhao_denovo487	Bacteria	Bacteroidetes	Bacteroidia	Bacteroidales	Bacteroidaceae	Bacteroides		k__Bacteria;p__Bacteroidetes;c__Bacteroidia;o__Bacteroidales;f__Bacteroidaceae;g__Bacteroides;s__;d__denovo487
zhao_denovo134	Bacteria	Bacteroidetes	Bacteroidia	Bacteroidales	Prevotellaceae	Prevotella		k__Bacteria;p__Bacteroidetes;c__Bacteroidia;o__Bacteroidales;f__Prevotellaceae;g__Prevotella;s__;d__denovo134
zhao_denovo109	Bacteria	Bacteroidetes	Bacteroidia	Bacteroidales	Porphyromonadaceae			k__Bacteria;p__Bacteroidetes;c__Bacteroidia;o__Bacteroidales;f__Porphyromonadaceae;g__;s__;d__denovo109
zhao_denovo108	Bacteria	Firmicutes	Clostridia	Clostridiales	Peptostreptococcaceae	Peptostreptococcus		k__Bacteria;p__Firmicutes;c__Clostridia;o__Clostridiales;f__Peptostreptococcaceae;g__Peptostreptococcus;s__;d__denovo108
zhao_denovo107	Bacteria	Bacteroidetes	Bacteroidia	Bacteroidales	Bacteroidaceae	Bacteroides		k__Bacteria;p__Bacteroidetes;c__Bacteroidia;o__Bacteroidales;f__Bacteroidaceae;g__Bacteroides;s__;d__denovo107
zhao_denovo106	Bacteria							k__Bacteria;p__;c__;o__;f__;g__;s__;d__denovo106
zhao_denovo105	Bacteria	Firmicutes						k__Bacteria;p__Firmicutes;c__;o__;f__;g__;s__;d__denovo105
zhao_denovo104	Bacteria	Fusobacteria	Fusobacteriia	Fusobacteriales	Fusobacteriaceae	Fusobacterium		k__Bacteria;p__Fusobacteria;c__Fusobacteriia;o__Fusobacteriales;f__Fusobacteriaceae;g__Fusobacterium;s__;d__denovo104
zhao_denovo103	Bacteria	Firmicutes	Clostridia	Clostridiales	Lachnospiraceae	Blautia		k__Bacteria;p__Firmicutes;c__Clostridia;o__Clostridiales;f__Lachnospiraceae;g__Blautia;s__;d__denovo103
zhao_denovo102	Bacteria	Firmicutes	Clostridia	Clostridiales	Eubacteriaceae	Eubacterium		k__Bacteria;p__Firmicutes;c__Clostridia;o__Clostridiales;f__Eubacteriaceae;g__Eubacterium;s__;d__denovo102
zhao_denovo101	Bacteria	Firmicutes	Clostridia	Clostridiales	Lachnospiraceae	Blautia		k__Bacteria;p__Firmicutes;c__Clostridia;o__Clostridiales;f__Lachnospiraceae;g__Blautia;s__;d__denovo101
zhao_denovo100	Bacteria	Bacteroidetes	Bacteroidia	Bacteroidales	Bacteroidaceae	Bacteroides		k__Bacteria;p__Bacteroidetes;c__Bacteroidia;o__Bacteroidales;f__Bacteroidaceae;g__Bacteroides;s__;d__denovo100
zhao_denovo41	Bacteria	Firmicutes	Clostridia	Clostridiales	Ruminococcaceae			k__Bacteria;p__Firmicutes;c__Clostridia;o__Clostridiales;f__Ruminococcaceae;g__;s__;d__denovo41
zhao_denovo40	Bacteria	Firmicutes	Clostridia	Clostridiales	Lachnospiraceae	Clostridium_XlVa		k__Bacteria;p__Firmicutes;c__Clostridia;o__Clostridiales;f__Lachnospiraceae;g__Clostridium_XlVa;s__;d__denovo40
zhao_denovo43	Bacteria	Actinobacteria	Actinobacteria	Bifidobacteriales	Bifidobacteriaceae	Bifidobacterium		k__Bacteria;p__Actinobacteria;c__Actinobacteria;o__Bifidobacteriales;f__Bifidobacteriaceae;g__Bifidobacterium;s__;d__denovo43
zhao_denovo42	Bacteria	Firmicutes	Bacilli	Lactobacillales	Lactobacillaceae	Lactobacillus		k__Bacteria;p__Firmicutes;c__Bacilli;o__Lactobacillales;f__Lactobacillaceae;g__Lactobacillus;s__;d__denovo42
zhao_denovo45	Bacteria	Proteobacteria	Gammaproteobacteria	Enterobacteriales	Enterobacteriaceae	Klebsiella		k__Bacteria;p__Proteobacteria;c__Gammaproteobacteria;o__Enterobacteriales;f__Enterobacteriaceae;g__Klebsiella;s__;d__denovo45
zhao_denovo44	Bacteria	Bacteroidetes	Bacteroidia	Bacteroidales	Rikenellaceae	Alistipes		k__Bacteria;p__Bacteroidetes;c__Bacteroidia;o__Bacteroidales;f__Rikenellaceae;g__Alistipes;s__;d__denovo44
zhao_denovo47	Bacteria	Firmicutes	Bacilli	Lactobacillales	Lactobacillaceae	Lactobacillus		k__Bacteria;p__Firmicutes;c__Bacilli;o__Lactobacillales;f__Lactobacillaceae;g__Lactobacillus;s__;d__denovo47
zhao_denovo46	Bacteria	Bacteroidetes	Bacteroidia	Bacteroidales	Bacteroidaceae	Bacteroides		k__Bacteria;p__Bacteroidetes;c__Bacteroidia;o__Bacteroidales;f__Bacteroidaceae;g__Bacteroides;s__;d__denovo46
zhao_denovo49	Bacteria	Bacteroidetes	Bacteroidia	Bacteroidales	Rikenellaceae	Alistipes		k__Bacteria;p__Bacteroidetes;c__Bacteroidia;o__Bacteroidales;f__Rikenellaceae;g__Alistipes;s__;d__denovo49
zhao_denovo48	Bacteria	Bacteroidetes	Bacteroidia	Bacteroidales	Prevotellaceae	Prevotella		k__Bacteria;p__Bacteroidetes;c__Bacteroidia;o__Bacteroidales;f__Prevotellaceae;g__Prevotella;s__;d__denovo48
zhao_denovo165	Bacteria	Firmicutes	Bacilli	Lactobacillales	Streptococcaceae	Streptococcus		k__Bacteria;p__Firmicutes;c__Bacilli;o__Lactobacillales;f__Streptococcaceae;g__Streptococcus;s__;d__denovo165
zhao_denovo696	Bacteria	Firmicutes	Negativicutes	Selenomonadales	Acidaminococcaceae			k__Bacteria;p__Firmicutes;c__Negativicutes;o__Selenomonadales;f__Acidaminococcaceae;g__;s__;d__denovo696
zhao_denovo695	Bacteria	Firmicutes	Clostridia	Clostridiales	Ruminococcaceae			k__Bacteria;p__Firmicutes;c__Clostridia;o__Clostridiales;f__Ruminococcaceae;g__;s__;d__denovo695
zhao_denovo425	Bacteria	Bacteroidetes	Bacteroidia	Bacteroidales	Porphyromonadaceae	Odoribacter		k__Bacteria;p__Bacteroidetes;c__Bacteroidia;o__Bacteroidales;f__Porphyromonadaceae;g__Odoribacter;s__;d__denovo425
zhao_denovo166	Bacteria	Firmicutes	Clostridia	Clostridiales	Clostridiaceae_1	Clostridium_sensu_stricto		k__Bacteria;p__Firmicutes;c__Clostridia;o__Clostridiales;f__Clostridiaceae_1;g__Clostridium_sensu_stricto;s__;d__denovo166
zhao_denovo161	Bacteria	Firmicutes	Clostridia	Clostridiales	Eubacteriaceae	Eubacterium		k__Bacteria;p__Firmicutes;c__Clostridia;o__Clostridiales;f__Eubacteriaceae;g__Eubacterium;s__;d__denovo161
zhao_denovo519	Bacteria	Firmicutes	Erysipelotrichia	Erysipelotrichales	Erysipelotrichaceae	Coprobacillus		k__Bacteria;p__Firmicutes;c__Erysipelotrichia;o__Erysipelotrichales;f__Erysipelotrichaceae;g__Coprobacillus;s__;d__denovo519
zhao_denovo819	Bacteria	Bacteroidetes	Bacteroidia	Bacteroidales	Bacteroidaceae	Bacteroides		k__Bacteria;p__Bacteroidetes;c__Bacteroidia;o__Bacteroidales;f__Bacteroidaceae;g__Bacteroides;s__;d__denovo819
zhao_denovo818	Bacteria							k__Bacteria;p__;c__;o__;f__;g__;s__;d__denovo818
zhao_denovo815	Bacteria	Bacteroidetes	Bacteroidia	Bacteroidales	Porphyromonadaceae	Parabacteroides		k__Bacteria;p__Bacteroidetes;c__Bacteroidia;o__Bacteroidales;f__Porphyromonadaceae;g__Parabacteroides;s__;d__denovo815
zhao_denovo814	Bacteria	Bacteroidetes	Bacteroidia	Bacteroidales	Rikenellaceae	Alistipes		k__Bacteria;p__Bacteroidetes;c__Bacteroidia;o__Bacteroidales;f__Rikenellaceae;g__Alistipes;s__;d__denovo814
zhao_denovo817	Bacteria	Firmicutes	Clostridia	Clostridiales	Lachnospiraceae	Pseudobutyrivibrio		k__Bacteria;p__Firmicutes;c__Clostridia;o__Clostridiales;f__Lachnospiraceae;g__Pseudobutyrivibrio;s__;d__denovo817
zhao_denovo162	Bacteria	Bacteroidetes	Bacteroidia	Bacteroidales	Bacteroidaceae	Bacteroides		k__Bacteria;p__Bacteroidetes;c__Bacteroidia;o__Bacteroidales;f__Bacteroidaceae;g__Bacteroides;s__;d__denovo162
zhao_denovo811	Bacteria	Firmicutes						k__Bacteria;p__Firmicutes;c__;o__;f__;g__;s__;d__denovo811
zhao_denovo810	Bacteria	Bacteroidetes	Bacteroidia	Bacteroidales	Bacteroidaceae	Bacteroides		k__Bacteria;p__Bacteroidetes;c__Bacteroidia;o__Bacteroidales;f__Bacteroidaceae;g__Bacteroides;s__;d__denovo810
zhao_denovo813	Bacteria	Bacteroidetes	Bacteroidia	Bacteroidales	Prevotellaceae	Prevotella		k__Bacteria;p__Bacteroidetes;c__Bacteroidia;o__Bacteroidales;f__Prevotellaceae;g__Prevotella;s__;d__denovo813
zhao_denovo812	Bacteria	Firmicutes	Clostridia	Clostridiales	Lachnospiraceae			k__Bacteria;p__Firmicutes;c__Clostridia;o__Clostridiales;f__Lachnospiraceae;g__;s__;d__denovo812
zhao_denovo213	Bacteria	Bacteroidetes	Bacteroidia	Bacteroidales	Bacteroidaceae	Bacteroides		k__Bacteria;p__Bacteroidetes;c__Bacteroidia;o__Bacteroidales;f__Bacteroidaceae;g__Bacteroides;s__;d__denovo213
zhao_denovo212	Bacteria	Firmicutes	Clostridia	Clostridiales	Peptostreptococcaceae	Clostridium_XI		k__Bacteria;p__Firmicutes;c__Clostridia;o__Clostridiales;f__Peptostreptococcaceae;g__Clostridium_XI;s__;d__denovo212
zhao_denovo211	Bacteria							k__Bacteria;p__;c__;o__;f__;g__;s__;d__denovo211
zhao_denovo210	Bacteria	Firmicutes	Bacilli	Lactobacillales	Streptococcaceae	Streptococcus		k__Bacteria;p__Firmicutes;c__Bacilli;o__Lactobacillales;f__Streptococcaceae;g__Streptococcus;s__;d__denovo210
zhao_denovo217	Bacteria	Firmicutes	Clostridia	Clostridiales	Lachnospiraceae	Blautia		k__Bacteria;p__Firmicutes;c__Clostridia;o__Clostridiales;f__Lachnospiraceae;g__Blautia;s__;d__denovo217
zhao_denovo216	Bacteria	Firmicutes	Clostridia	Clostridiales	Lachnospiraceae			k__Bacteria;p__Firmicutes;c__Clostridia;o__Clostridiales;f__Lachnospiraceae;g__;s__;d__denovo216
zhao_denovo215	Bacteria	Firmicutes	Clostridia	Clostridiales	Ruminococcaceae	Flavonifractor		k__Bacteria;p__Firmicutes;c__Clostridia;o__Clostridiales;f__Ruminococcaceae;g__Flavonifractor;s__;d__denovo215
zhao_denovo214	Bacteria	Firmicutes	Negativicutes	Selenomonadales	Veillonellaceae	Mitsuokella		k__Bacteria;p__Firmicutes;c__Negativicutes;o__Selenomonadales;f__Veillonellaceae;g__Mitsuokella;s__;d__denovo214
zhao_denovo169	Bacteria	Bacteroidetes	Bacteroidia	Bacteroidales	Porphyromonadaceae	Butyricimonas		k__Bacteria;p__Bacteroidetes;c__Bacteroidia;o__Bacteroidales;f__Porphyromonadaceae;g__Butyricimonas;s__;d__denovo169
zhao_denovo219	Bacteria	Bacteroidetes	Bacteroidia	Bacteroidales	Bacteroidaceae	Bacteroides		k__Bacteria;p__Bacteroidetes;c__Bacteroidia;o__Bacteroidales;f__Bacteroidaceae;g__Bacteroides;s__;d__denovo219
zhao_denovo218	Bacteria	Bacteroidetes	Bacteroidia	Bacteroidales	Bacteroidaceae	Bacteroides		k__Bacteria;p__Bacteroidetes;c__Bacteroidia;o__Bacteroidales;f__Bacteroidaceae;g__Bacteroides;s__;d__denovo218
zhao_denovo511	Bacteria	Bacteroidetes	Bacteroidia	Bacteroidales	Bacteroidaceae	Bacteroides		k__Bacteria;p__Bacteroidetes;c__Bacteroidia;o__Bacteroidales;f__Bacteroidaceae;g__Bacteroides;s__;d__denovo511
zhao_denovo96	Bacteria	Firmicutes	Erysipelotrichia	Erysipelotrichales	Erysipelotrichaceae	Turicibacter		k__Bacteria;p__Firmicutes;c__Erysipelotrichia;o__Erysipelotrichales;f__Erysipelotrichaceae;g__Turicibacter;s__;d__denovo96
zhao_denovo699	Bacteria	Bacteroidetes	Bacteroidia	Bacteroidales	Bacteroidaceae	Bacteroides		k__Bacteria;p__Bacteroidetes;c__Bacteroidia;o__Bacteroidales;f__Bacteroidaceae;g__Bacteroides;s__;d__denovo699
zhao_denovo450	Bacteria	Bacteroidetes	Bacteroidia	Bacteroidales	Bacteroidaceae	Bacteroides		k__Bacteria;p__Bacteroidetes;c__Bacteroidia;o__Bacteroidales;f__Bacteroidaceae;g__Bacteroides;s__;d__denovo450
