FeatureID	Kingdom	Phylum	Class	Order	Family	Genus
Seq1	Bacteria	Firmicutes	Bacilli	Lactobacillales	Streptococcaceae	Streptococcus
Seq2	Bacteria	Proteobacteria	Gammaproteobacteria	Pasteurellales	Pasteurellaceae	Haemophilus
Seq3	Bacteria	unknown	unknown	unknown	unknown	unknown
Seq4	Bacteria	Proteobacteria	Gammaproteobacteria	Pasteurellales	Pasteurellaceae	Haemophilus
Seq5	Bacteria	Proteobacteria	Betaproteobacteria	Neisseriales	Neisseriaceae	Neisseria
Seq6	Bacteria	Firmicutes	Bacilli	Bacillales	Bacillales_Incertae_Sedis_XI	Gemella
Seq7	Bacteria	Bacteroidetes	Bacteroidia	Bacteroidales	Prevotellaceae	unknown
Seq8	Bacteria	Actinobacteria	Actinobacteria	Actinomycetales	Micrococcaceae	Rothia
Seq9	Bacteria	Bacteroidetes	Bacteroidia	Bacteroidales	Prevotellaceae	Prevotella
Seq10	Bacteria	Proteobacteria	Gammaproteobacteria	Pasteurellales	Pasteurellaceae	Actinobacillus
Seq11	Bacteria	Bacteroidetes	Bacteroidia	Bacteroidales	Porphyromonadaceae	Porphyromonas
Seq12	Bacteria	Proteobacteria	Betaproteobacteria	Neisseriales	Neisseriaceae	Neisseria
Seq13	Bacteria	Firmicutes	Bacilli	Lactobacillales	Enterococcaceae	unknown
Seq14	Bacteria	Firmicutes	Bacilli	Lactobacillales	Streptococcaceae	Streptococcus
Seq15	Bacteria	Bacteroidetes	Bacteroidia	Bacteroidales	Prevotellaceae	Prevotella
Seq16	Bacteria	Proteobacteria	Gammaproteobacteria	Pasteurellales	Pasteurellaceae	unknown
Seq17	Bacteria	Actinobacteria	Actinobacteria	Actinomycetales	Micrococcaceae	Rothia
Seq18	Bacteria	Bacteroidetes	Flavobacteriia	Flavobacteriales	Flavobacteriaceae	unknown
Seq19	Bacteria	Proteobacteria	Gammaproteobacteria	Pasteurellales	Pasteurellaceae	Actinobacillus
Seq20	Bacteria	Fusobacteria	Fusobacteriia	Fusobacteriales	Fusobacteriaceae	Fusobacterium
Seq21	Bacteria	Firmicutes	Negativicutes	Selenomonadales	Veillonellaceae	Veillonella
Seq22	Bacteria	Firmicutes	Bacilli	Lactobacillales	Carnobacteriaceae	Granulicatella
Seq23	Bacteria	Firmicutes	Bacilli	Lactobacillales	Streptococcaceae	Streptococcus
Seq24	Bacteria	Proteobacteria	Gammaproteobacteria	Pasteurellales	Pasteurellaceae	Haemophilus
Seq25	Bacteria	Firmicutes	Negativicutes	Selenomonadales	Veillonellaceae	Veillonella
Seq26	Bacteria	Actinobacteria	Actinobacteria	Actinomycetales	Micrococcaceae	Rothia
Seq27	Bacteria	Proteobacteria	Betaproteobacteria	Burkholderiales	unknown	unknown
Seq28	Bacteria	Firmicutes	Bacilli	Lactobacillales	Streptococcaceae	Streptococcus
Seq29	Bacteria	Firmicutes	Bacilli	Lactobacillales	Streptococcaceae	Streptococcus
Seq30	Bacteria	Firmicutes	Bacilli	Bacillales	Alicyclobacillaceae	Tumebacillus
Seq31	Bacteria	Actinobacteria	Actinobacteria	Actinomycetales	Corynebacteriaceae	Corynebacterium
Seq32	Bacteria	Firmicutes	Bacilli	Lactobacillales	Streptococcaceae	Streptococcus
Seq33	Bacteria	Bacteroidetes	Bacteroidia	Bacteroidales	Prevotellaceae	Prevotella
Seq34	Bacteria	Firmicutes	Negativicutes	Selenomonadales	Veillonellaceae	Veillonella
Seq35	Bacteria	Bacteroidetes	Bacteroidia	Bacteroidales	Prevotellaceae	Prevotella
Seq36	Bacteria	Firmicutes	Bacilli	Lactobacillales	Streptococcaceae	Streptococcus
Seq37	Bacteria	Bacteroidetes	Bacteroidia	Bacteroidales	Porphyromonadaceae	Porphyromonas
Seq38	Bacteria	Bacteroidetes	Flavobacteriia	Flavobacteriales	Flavobacteriaceae	Planobacterium
Seq39	Bacteria	Fusobacteria	Fusobacteriia	Fusobacteriales	Fusobacteriaceae	Fusobacterium
Seq40	Bacteria	Bacteroidetes	Bacteroidia	Bacteroidales	Prevotellaceae	unknown
Seq41	Bacteria	Proteobacteria	Betaproteobacteria	Neisseriales	Neisseriaceae	Neisseria
Seq42	Bacteria	Proteobacteria	Gammaproteobacteria	Pasteurellales	Pasteurellaceae	Mannheimia
Seq43	Bacteria	Proteobacteria	Epsilonproteobacteria	Campylobacterales	Campylobacteraceae	Campylobacter
Seq44	Bacteria	Bacteroidetes	Bacteroidia	Bacteroidales	Porphyromonadaceae	Porphyromonas
Seq45	Bacteria	Firmicutes	Negativicutes	Selenomonadales	Veillonellaceae	Veillonella
Seq46	Bacteria	Firmicutes	Bacilli	Lactobacillales	Streptococcaceae	Streptococcus
Seq47	Bacteria	Firmicutes	Bacilli	Lactobacillales	Aerococcaceae	Abiotrophia
Seq48	Bacteria	Proteobacteria	Epsilonproteobacteria	Campylobacterales	Campylobacteraceae	Campylobacter
Seq49	Bacteria	Actinobacteria	Actinobacteria	Actinomycetales	Micrococcaceae	Rothia
Seq50	Bacteria	Actinobacteria	Actinobacteria	Actinomycetales	Actinomycetaceae	Actinomyces
Seq51	Bacteria	Fusobacteria	Fusobacteriia	Fusobacteriales	Fusobacteriaceae	Fusobacterium
Seq52	Bacteria	Actinobacteria	Actinobacteria	Actinomycetales	Micrococcaceae	Rothia
Seq53	Bacteria	Proteobacteria	Alphaproteobacteria	Rhizobiales	Methylobacteriaceae	Methylobacterium
Seq54	Bacteria	Bacteroidetes	Bacteroidia	Bacteroidales	Prevotellaceae	Prevotella
Seq55	Bacteria	Actinobacteria	Actinobacteria	Actinomycetales	Actinomycetaceae	Actinomyces
Seq56	Bacteria	Fusobacteria	Fusobacteriia	Fusobacteriales	Fusobacteriaceae	Fusobacterium
Seq57	Bacteria	Firmicutes	Negativicutes	Selenomonadales	Veillonellaceae	Veillonella
Seq58	Bacteria	Bacteroidetes	Flavobacteriia	Flavobacteriales	Flavobacteriaceae	Capnocytophaga
Seq59	Bacteria	Bacteroidetes	Flavobacteriia	Flavobacteriales	Flavobacteriaceae	Planobacterium
Seq60	Bacteria	Bacteroidetes	Bacteroidia	Bacteroidales	Prevotellaceae	Prevotella
Seq61	Bacteria	Proteobacteria	Gammaproteobacteria	Pasteurellales	Pasteurellaceae	Pasteurella
Seq62	Bacteria	Fusobacteria	Fusobacteriia	Fusobacteriales	Fusobacteriaceae	Fusobacterium
Seq63	Bacteria	Proteobacteria	Betaproteobacteria	Neisseriales	Neisseriaceae	Neisseria
Seq64	Bacteria	Fusobacteria	Fusobacteriia	Fusobacteriales	Fusobacteriaceae	Fusobacterium
Seq65	Bacteria	Firmicutes	Bacilli	Lactobacillales	Streptococcaceae	Streptococcus
Seq66	Bacteria	Bacteroidetes	Flavobacteriia	Flavobacteriales	Flavobacteriaceae	Capnocytophaga
Seq67	Bacteria	Actinobacteria	Actinobacteria	Actinomycetales	Actinomycetaceae	Actinomyces
Seq68	Bacteria	Firmicutes	Bacilli	Lactobacillales	Streptococcaceae	Streptococcus
Seq69	Bacteria	Proteobacteria	Betaproteobacteria	Neisseriales	Neisseriaceae	Neisseria
Seq70	Bacteria	Actinobacteria	Actinobacteria	Actinomycetales	Micrococcaceae	Rothia
Seq71	Bacteria	Firmicutes	Bacilli	Lactobacillales	Streptococcaceae	Streptococcus
Seq72	Bacteria	Proteobacteria	Gammaproteobacteria	Pasteurellales	Pasteurellaceae	Mannheimia
Seq73	Bacteria	Bacteroidetes	Bacteroidia	Bacteroidales	Porphyromonadaceae	Porphyromonas
Seq74	Bacteria	Proteobacteria	Betaproteobacteria	Neisseriales	Neisseriaceae	Neisseria
Seq75	Bacteria	Firmicutes	Bacilli	Lactobacillales	Carnobacteriaceae	Granulicatella
Seq76	Bacteria	Firmicutes	Bacilli	Lactobacillales	Enterococcaceae	unknown
Seq77	Bacteria	Firmicutes	Clostridia	Clostridiales	Lachnospiraceae	Lachnoanaerobaculum
Seq78	Bacteria	Bacteroidetes	Bacteroidia	Bacteroidales	Prevotellaceae	Prevotella
Seq79	Bacteria	Firmicutes	Negativicutes	Selenomonadales	Veillonellaceae	Veillonella
Seq80	Bacteria	Firmicutes	Bacilli	Bacillales	Staphylococcaceae	Staphylococcus
Seq81	Bacteria	Proteobacteria	Gammaproteobacteria	Pasteurellales	Pasteurellaceae	Actinobacillus
Seq82	Bacteria	Actinobacteria	Actinobacteria	Actinomycetales	Actinomycetaceae	Actinomyces
Seq83	Bacteria	Firmicutes	Bacilli	Lactobacillales	Streptococcaceae	Streptococcus
Seq84	Bacteria	Proteobacteria	Gammaproteobacteria	Pasteurellales	Pasteurellaceae	Haemophilus
Seq85	Bacteria	Bacteroidetes	Bacteroidia	Bacteroidales	Prevotellaceae	Prevotella
Seq86	Bacteria	Bacteroidetes	Bacteroidia	Bacteroidales	Prevotellaceae	Prevotella
Seq87	Bacteria	Fusobacteria	Fusobacteriia	Fusobacteriales	Fusobacteriaceae	Fusobacterium
Seq88	Bacteria	Bacteroidetes	Bacteroidia	Bacteroidales	Prevotellaceae	Prevotella
Seq89	Bacteria	Bacteroidetes	Bacteroidia	Bacteroidales	Prevotellaceae	Prevotella
Seq90	Bacteria	Bacteroidetes	Bacteroidia	Bacteroidales	Prevotellaceae	Prevotella
Seq91	Bacteria	Proteobacteria	Gammaproteobacteria	Pasteurellales	Pasteurellaceae	Haemophilus
Seq92	Bacteria	Fusobacteria	Fusobacteriia	Fusobacteriales	Leptotrichiaceae	Leptotrichia
Seq93	Bacteria	Bacteroidetes	Bacteroidia	Bacteroidales	Prevotellaceae	Paraprevotella
Seq94	Bacteria	Firmicutes	Clostridia	Clostridiales	Lachnospiraceae	Oribacterium
Seq95	Bacteria	Bacteroidetes	Flavobacteriia	Flavobacteriales	Flavobacteriaceae	unknown
Seq96	Bacteria	Bacteroidetes	Bacteroidia	Bacteroidales	Prevotellaceae	Prevotella
Seq97	Bacteria	Firmicutes	Bacilli	Lactobacillales	Enterococcaceae	Enterococcus
Seq98	Bacteria	Fusobacteria	Fusobacteriia	Fusobacteriales	Leptotrichiaceae	Leptotrichia
Seq99	Bacteria	Bacteroidetes	Bacteroidia	Bacteroidales	Prevotellaceae	Prevotella
Seq100	Bacteria	Fusobacteria	Fusobacteriia	Fusobacteriales	Leptotrichiaceae	Leptotrichia
Seq101	Bacteria	Firmicutes	Bacilli	Lactobacillales	Streptococcaceae	Streptococcus
Seq102	Bacteria	Bacteroidetes	Bacteroidia	Bacteroidales	Prevotellaceae	unknown
Seq103	Bacteria	Fusobacteria	Fusobacteriia	Fusobacteriales	Fusobacteriaceae	Fusobacterium
Seq104	Bacteria	Proteobacteria	Gammaproteobacteria	Cardiobacteriales	Cardiobacteriaceae	Cardiobacterium
Seq105	Bacteria	Bacteroidetes	Flavobacteriia	Flavobacteriales	Flavobacteriaceae	Capnocytophaga
Seq106	Bacteria	SR1	unknown	unknown	unknown	unknown
Seq107	Bacteria	Bacteroidetes	Bacteroidia	Bacteroidales	Prevotellaceae	Prevotella
Seq108	Bacteria	Bacteroidetes	Bacteroidia	Bacteroidales	Prevotellaceae	Prevotella
Seq109	Bacteria	SR1	unknown	unknown	unknown	unknown
Seq110	Bacteria	Proteobacteria	Gammaproteobacteria	Pasteurellales	Pasteurellaceae	Haemophilus
Seq111	Bacteria	Firmicutes	Clostridia	Clostridiales	Lachnospiraceae	unknown
Seq112	Bacteria	Proteobacteria	Gammaproteobacteria	Pasteurellales	Pasteurellaceae	Haemophilus
Seq113	Bacteria	Firmicutes	Bacilli	Lactobacillales	Streptococcaceae	Streptococcus
Seq114	Bacteria	Fusobacteria	Fusobacteriia	Fusobacteriales	Leptotrichiaceae	Leptotrichia
Seq115	Bacteria	Bacteroidetes	Bacteroidia	Bacteroidales	Porphyromonadaceae	Porphyromonas
Seq116	Bacteria	Proteobacteria	Gammaproteobacteria	Pasteurellales	Pasteurellaceae	unknown
Seq117	Bacteria	Bacteroidetes	Bacteroidia	Bacteroidales	Prevotellaceae	Prevotella
Seq118	Bacteria	Bacteroidetes	Flavobacteriia	Flavobacteriales	Flavobacteriaceae	Capnocytophaga
Seq119	Bacteria	Fusobacteria	Fusobacteriia	Fusobacteriales	Leptotrichiaceae	Leptotrichia
Seq120	Bacteria	Firmicutes	Bacilli	Lactobacillales	Streptococcaceae	Streptococcus
Seq121	Bacteria	Proteobacteria	Betaproteobacteria	Neisseriales	Neisseriaceae	Kingella
Seq122	Bacteria	Firmicutes	Bacilli	Lactobacillales	Aerococcaceae	Abiotrophia
Seq123	Bacteria	Spirochaetes	Spirochaetia	Spirochaetales	Spirochaetaceae	Treponema
Seq124	Bacteria	Proteobacteria	Gammaproteobacteria	Pasteurellales	Pasteurellaceae	Actinobacillus
Seq125	Bacteria	Actinobacteria	Actinobacteria	Actinomycetales	Corynebacteriaceae	Corynebacterium
Seq126	Bacteria	Firmicutes	Bacilli	Lactobacillales	Streptococcaceae	Streptococcus
Seq127	Bacteria	Firmicutes	Negativicutes	Selenomonadales	Veillonellaceae	Veillonella
Seq128	Bacteria	Fusobacteria	Fusobacteriia	Fusobacteriales	Leptotrichiaceae	Leptotrichia
Seq129	Bacteria	Firmicutes	Erysipelotrichia	Erysipelotrichales	Erysipelotrichaceae	Solobacterium
Seq130	Bacteria	Fusobacteria	Fusobacteriia	Fusobacteriales	Leptotrichiaceae	Streptobacillus
Seq131	Bacteria	Firmicutes	Clostridia	Clostridiales	Peptostreptococcaceae	Peptostreptococcus
Seq132	Bacteria	Bacteroidetes	Flavobacteriia	Flavobacteriales	Flavobacteriaceae	Capnocytophaga
Seq133	Bacteria	Bacteroidetes	Bacteroidia	Bacteroidales	Prevotellaceae	unknown
Seq134	Bacteria	Bacteroidetes	Bacteroidia	Bacteroidales	Prevotellaceae	Prevotella
Seq135	Bacteria	Bacteroidetes	Bacteroidia	Bacteroidales	Prevotellaceae	Prevotella
Seq136	Bacteria	Bacteroidetes	Bacteroidia	Bacteroidales	Porphyromonadaceae	Porphyromonas
Seq137	Bacteria	Proteobacteria	Betaproteobacteria	Neisseriales	Neisseriaceae	Neisseria
Seq138	Bacteria	SR1	unknown	unknown	unknown	unknown
Seq139	Bacteria	Bacteroidetes	Bacteroidia	Bacteroidales	Prevotellaceae	Prevotella
Seq140	Bacteria	Bacteroidetes	Bacteroidia	Bacteroidales	Prevotellaceae	Prevotella
Seq141	Bacteria	Bacteroidetes	Bacteroidia	Bacteroidales	Prevotellaceae	Prevotella
Seq142	Bacteria	Bacteroidetes	Bacteroidia	Bacteroidales	Prevotellaceae	Prevotella
Seq143	Bacteria	Actinobacteria	Actinobacteria	Actinomycetales	Actinomycetaceae	Actinomyces
Seq144	Bacteria	Firmicutes	Clostridia	Clostridiales	Lachnospiraceae	Coprococcus
Seq145	Bacteria	Firmicutes	Negativicutes	Selenomonadales	Veillonellaceae	Dialister
Seq146	Bacteria	Firmicutes	Clostridia	Clostridiales	Peptostreptococcaceae	unknown
Seq147	Bacteria	Proteobacteria	Betaproteobacteria	Neisseriales	Neisseriaceae	Kingella
Seq148	Bacteria	Bacteroidetes	Bacteroidia	Bacteroidales	Prevotellaceae	Prevotella
Seq149	Bacteria	Bacteroidetes	Bacteroidia	Bacteroidales	Prevotellaceae	unknown
Seq150	Bacteria	Proteobacteria	Epsilonproteobacteria	Campylobacterales	Campylobacteraceae	Campylobacter
Seq151	Bacteria	Bacteroidetes	Bacteroidia	Bacteroidales	Prevotellaceae	unknown
Seq152	Bacteria	Proteobacteria	Alphaproteobacteria	Rhizobiales	Phyllobacteriaceae	Phyllobacterium
Seq153	Bacteria	Actinobacteria	Actinobacteria	Actinomycetales	unknown	unknown
Seq154	Bacteria	Firmicutes	Clostridia	Clostridiales	Lachnospiraceae	Lachnoanaerobaculum
Seq155	Bacteria	Firmicutes	Bacilli	Lactobacillales	Streptococcaceae	Streptococcus
Seq156	Bacteria	Bacteroidetes	Bacteroidia	Bacteroidales	Prevotellaceae	unknown
Seq157	Bacteria	Firmicutes	Clostridia	Clostridiales	Lachnospiraceae	unknown
Seq158	Bacteria	Bacteroidetes	Bacteroidia	Bacteroidales	Prevotellaceae	Alloprevotella
Seq159	Bacteria	Actinobacteria	Actinobacteria	Coriobacteriales	Coriobacteriaceae	Atopobium
Seq160	Bacteria	Fusobacteria	Fusobacteriia	Fusobacteriales	Fusobacteriaceae	Fusobacterium
Seq161	Bacteria	Firmicutes	Clostridia	Clostridiales	Lachnospiraceae	Catonella
Seq162	Bacteria	Bacteroidetes	Flavobacteriia	Flavobacteriales	Flavobacteriaceae	Capnocytophaga
Seq163	Bacteria	Bacteroidetes	Bacteroidia	Bacteroidales	Prevotellaceae	Prevotella
Seq164	Bacteria	Firmicutes	Bacilli	Lactobacillales	Enterococcaceae	Vagococcus
Seq165	Bacteria	Proteobacteria	Betaproteobacteria	Neisseriales	Neisseriaceae	Neisseria
Seq166	Bacteria	Bacteroidetes	Bacteroidia	Bacteroidales	Prevotellaceae	Alloprevotella
Seq167	Bacteria	Firmicutes	Clostridia	Clostridiales	unknown	unknown
Seq168	Bacteria	Fusobacteria	Fusobacteriia	Fusobacteriales	Leptotrichiaceae	Leptotrichia
Seq169	Bacteria	Fusobacteria	Fusobacteriia	Fusobacteriales	Fusobacteriaceae	Fusobacterium
Seq170	Bacteria	Bacteroidetes	Bacteroidia	Bacteroidales	Prevotellaceae	Prevotella
Seq171	Bacteria	Firmicutes	Negativicutes	Selenomonadales	Veillonellaceae	Selenomonas
Seq172	Bacteria	Actinobacteria	Actinobacteria	Bifidobacteriales	Bifidobacteriaceae	Scardovia
Seq173	Bacteria	Bacteroidetes	Bacteroidia	Bacteroidales	Prevotellaceae	Prevotella
Seq174	Bacteria	Bacteroidetes	Bacteroidia	Bacteroidales	Prevotellaceae	Prevotella
Seq175	Bacteria	Proteobacteria	Gammaproteobacteria	Xanthomonadales	Xanthomonadaceae	Stenotrophomonas
Seq176	Bacteria	Proteobacteria	Betaproteobacteria	Burkholderiales	Comamonadaceae	Curvibacter
Seq177	Bacteria	Fusobacteria	Fusobacteriia	Fusobacteriales	Fusobacteriaceae	Fusobacterium
Seq178	Bacteria	Bacteroidetes	Bacteroidia	Bacteroidales	Prevotellaceae	Prevotella
Seq179	Bacteria	Bacteroidetes	Flavobacteriia	Flavobacteriales	Flavobacteriaceae	Capnocytophaga
Seq180	Bacteria	Bacteroidetes	Bacteroidia	Bacteroidales	Prevotellaceae	Prevotella
Seq181	Bacteria	Proteobacteria	Betaproteobacteria	Neisseriales	Neisseriaceae	Kingella
Seq182	Bacteria	Actinobacteria	Actinobacteria	Coriobacteriales	Coriobacteriaceae	Atopobium
Seq183	Bacteria	Bacteroidetes	Bacteroidia	Bacteroidales	Prevotellaceae	Prevotella
Seq184	Bacteria	Actinobacteria	Actinobacteria	Actinomycetales	Actinomycetaceae	Actinomyces
Seq185	Bacteria	Fusobacteria	Fusobacteriia	Fusobacteriales	Leptotrichiaceae	Leptotrichia
Seq186	Bacteria	Proteobacteria	Betaproteobacteria	Burkholderiales	unknown	unknown
Seq187	Bacteria	Proteobacteria	Betaproteobacteria	Neisseriales	Neisseriaceae	Kingella
Seq188	Bacteria	Proteobacteria	Betaproteobacteria	Neisseriales	Neisseriaceae	Neisseria
Seq189	Bacteria	Actinobacteria	Actinobacteria	Actinomycetales	Corynebacteriaceae	Corynebacterium
Seq190	Bacteria	Fusobacteria	Fusobacteriia	Fusobacteriales	Fusobacteriaceae	Fusobacterium
Seq191	Bacteria	Firmicutes	Negativicutes	Selenomonadales	Veillonellaceae	Megasphaera
Seq192	Bacteria	Firmicutes	Clostridia	Clostridiales	Lachnospiraceae	Moryella
Seq193	Bacteria	Proteobacteria	Gammaproteobacteria	Pseudomonadales	Pseudomonadaceae	Pseudomonas
Seq194	Bacteria	Firmicutes	Clostridia	Clostridiales	Clostridiales_Incertae_Sedis_XI	Parvimonas
Seq195	Bacteria	Bacteroidetes	Bacteroidia	Bacteroidales	Porphyromonadaceae	unknown
Seq196	Bacteria	Proteobacteria	Betaproteobacteria	Burkholderiales	Comamonadaceae	Pelomonas
Seq197	Bacteria	Proteobacteria	Betaproteobacteria	Burkholderiales	Comamonadaceae	Variovorax
Seq198	Bacteria	Proteobacteria	Betaproteobacteria	Neisseriales	Neisseriaceae	Neisseria
Seq199	Bacteria	Bacteroidetes	Bacteroidia	Bacteroidales	Prevotellaceae	Prevotella
Seq200	Bacteria	Spirochaetes	Spirochaetia	Spirochaetales	Spirochaetaceae	Treponema
Seq201	Bacteria	Firmicutes	Clostridia	Clostridiales	Clostridiales_Incertae_Sedis_XI	Parvimonas
Seq202	Bacteria	Spirochaetes	Spirochaetia	Spirochaetales	Spirochaetaceae	Treponema
Seq203	Bacteria	Proteobacteria	Gammaproteobacteria	Cardiobacteriales	Cardiobacteriaceae	Cardiobacterium
Seq204	Bacteria	Fusobacteria	Fusobacteriia	Fusobacteriales	Leptotrichiaceae	Leptotrichia
Seq205	Bacteria	Firmicutes	Bacilli	Lactobacillales	Streptococcaceae	Streptococcus
Seq206	Bacteria	Proteobacteria	Gammaproteobacteria	Xanthomonadales	Xanthomonadaceae	Stenotrophomonas
Seq207	Bacteria	Firmicutes	Bacilli	Lactobacillales	Streptococcaceae	Streptococcus
Seq208	Bacteria	Bacteroidetes	Flavobacteriia	Flavobacteriales	Flavobacteriaceae	Capnocytophaga
Seq209	Bacteria	Proteobacteria	Betaproteobacteria	Neisseriales	Neisseriaceae	Neisseria
Seq210	Bacteria	Proteobacteria	Betaproteobacteria	Neisseriales	Neisseriaceae	Neisseria
Seq211	Bacteria	Firmicutes	Negativicutes	Selenomonadales	Veillonellaceae	Selenomonas
Seq212	Bacteria	Firmicutes	Bacilli	Lactobacillales	Carnobacteriaceae	Granulicatella
Seq213	Bacteria	Bacteroidetes	Bacteroidia	Bacteroidales	Prevotellaceae	Prevotella
Seq214	Bacteria	Bacteroidetes	Bacteroidia	Bacteroidales	Prevotellaceae	Prevotella
Seq215	Bacteria	Bacteroidetes	Bacteroidia	Bacteroidales	Prevotellaceae	Prevotella
Seq216	Bacteria	Spirochaetes	Spirochaetia	Spirochaetales	Spirochaetaceae	Treponema
Seq217	Bacteria	Actinobacteria	Actinobacteria	Coriobacteriales	Coriobacteriaceae	Atopobium
Seq218	Bacteria	Firmicutes	Negativicutes	Selenomonadales	Veillonellaceae	Selenomonas
Seq219	Bacteria	Fusobacteria	Fusobacteriia	Fusobacteriales	Leptotrichiaceae	Leptotrichia
Seq220	Bacteria	Proteobacteria	Epsilonproteobacteria	Campylobacterales	Campylobacteraceae	Campylobacter
Seq221	Bacteria	Fusobacteria	Fusobacteriia	Fusobacteriales	Fusobacteriaceae	Fusobacterium
Seq222	Bacteria	unknown	unknown	unknown	unknown	unknown
Seq223	Bacteria	Fusobacteria	Fusobacteriia	Fusobacteriales	Fusobacteriaceae	Fusobacterium
Seq224	Bacteria	Actinobacteria	Actinobacteria	Coriobacteriales	Coriobacteriaceae	Atopobium
Seq225	Bacteria	Proteobacteria	Betaproteobacteria	Neisseriales	Neisseriaceae	Neisseria
Seq226	Bacteria	Fusobacteria	Fusobacteriia	Fusobacteriales	Leptotrichiaceae	Leptotrichia
Seq227	Bacteria	Firmicutes	Clostridia	Clostridiales	Lachnospiraceae	Catonella
Seq228	Bacteria	Bacteroidetes	Flavobacteriia	Flavobacteriales	Flavobacteriaceae	unknown
Seq229	Bacteria	Firmicutes	Negativicutes	Selenomonadales	Veillonellaceae	Dialister
Seq230	Bacteria	Proteobacteria	Gammaproteobacteria	Pseudomonadales	Moraxellaceae	Acinetobacter
Seq231	Bacteria	Bacteroidetes	Flavobacteriia	Flavobacteriales	Flavobacteriaceae	Capnocytophaga
Seq232	Bacteria	Firmicutes	Clostridia	Clostridiales	Eubacteriaceae	Eubacterium
Seq233	Bacteria	Firmicutes	Bacilli	Lactobacillales	unknown	unknown
Seq234	Bacteria	Spirochaetes	Spirochaetia	Spirochaetales	Spirochaetaceae	Treponema
Seq235	Bacteria	Bacteroidetes	Bacteroidia	Bacteroidales	Prevotellaceae	Prevotella
Seq236	Bacteria	unknown	unknown	unknown	unknown	unknown
Seq237	Bacteria	Firmicutes	Negativicutes	Selenomonadales	Veillonellaceae	Veillonella
Seq238	Bacteria	Proteobacteria	Betaproteobacteria	Burkholderiales	Comamonadaceae	Acidovorax
Seq239	Bacteria	Bacteroidetes	Bacteroidia	Bacteroidales	Prevotellaceae	Prevotella
Seq240	Bacteria	Fusobacteria	Fusobacteriia	Fusobacteriales	Fusobacteriaceae	Fusobacterium
Seq241	Bacteria	Fusobacteria	Fusobacteriia	Fusobacteriales	Leptotrichiaceae	Leptotrichia
Seq242	Bacteria	Spirochaetes	Spirochaetia	Spirochaetales	Spirochaetaceae	Treponema
Seq243	Bacteria	Proteobacteria	Alphaproteobacteria	Sphingomonadales	Sphingomonadaceae	Sphingomonas
Seq244	Bacteria	Fusobacteria	Fusobacteriia	Fusobacteriales	Leptotrichiaceae	Leptotrichia
Seq245	Bacteria	Bacteroidetes	Bacteroidia	Bacteroidales	Prevotellaceae	Prevotella
Seq246	Bacteria	Firmicutes	Negativicutes	Selenomonadales	Veillonellaceae	Dialister
Seq247	Bacteria	Fusobacteria	Fusobacteriia	Fusobacteriales	Leptotrichiaceae	Leptotrichia
Seq248	Bacteria	Bacteroidetes	Flavobacteriia	Flavobacteriales	Flavobacteriaceae	Capnocytophaga
Seq249	Bacteria	Proteobacteria	Betaproteobacteria	Neisseriales	Neisseriaceae	Neisseria
Seq250	Bacteria	Proteobacteria	Betaproteobacteria	Burkholderiales	Oxalobacteraceae	Massilia
Seq251	Bacteria	Firmicutes	Clostridia	Clostridiales	Peptostreptococcaceae	unknown
Seq252	Bacteria	Bacteroidetes	Flavobacteriia	Flavobacteriales	Flavobacteriaceae	Capnocytophaga
Seq253	Bacteria	Proteobacteria	Betaproteobacteria	Neisseriales	Neisseriaceae	Neisseria
Seq254	Bacteria	Proteobacteria	Betaproteobacteria	Neisseriales	Neisseriaceae	Neisseria
Seq255	Bacteria	Proteobacteria	Betaproteobacteria	Burkholderiales	Comamonadaceae	Brachymonas
Seq256	Bacteria	Firmicutes	Clostridia	Clostridiales	Lachnospiraceae	Oribacterium
Seq257	Bacteria	Bacteroidetes	Bacteroidia	Bacteroidales	Prevotellaceae	Prevotella
Seq259	Bacteria	Proteobacteria	Gammaproteobacteria	Pasteurellales	Pasteurellaceae	unknown
Seq260	Bacteria	Bacteroidetes	Bacteroidia	Bacteroidales	Prevotellaceae	Prevotella
Seq261	Bacteria	Bacteroidetes	Bacteroidia	Bacteroidales	Prevotellaceae	Prevotella
Seq262	Bacteria	Firmicutes	Bacilli	Lactobacillales	Streptococcaceae	Streptococcus
Seq263	Bacteria	Bacteroidetes	Flavobacteriia	Flavobacteriales	Flavobacteriaceae	Capnocytophaga
Seq264	Bacteria	Cyanobacteria/Chloroplast	Chloroplast	Chloroplast	Streptophyta	unknown
Seq265	Bacteria	Proteobacteria	Betaproteobacteria	Neisseriales	Neisseriaceae	Neisseria
Seq266	Bacteria	Proteobacteria	Betaproteobacteria	Burkholderiales	Comamonadaceae	Acidovorax
Seq267	Bacteria	Firmicutes	Negativicutes	Selenomonadales	Veillonellaceae	Selenomonas
Seq268	Bacteria	Bacteroidetes	unknown	unknown	unknown	unknown
Seq269	Bacteria	Bacteroidetes	Flavobacteriia	Flavobacteriales	Flavobacteriaceae	Capnocytophaga
Seq270	Bacteria	Proteobacteria	Betaproteobacteria	Neisseriales	Neisseriaceae	Alysiella
Seq271	Bacteria	Firmicutes	Bacilli	Lactobacillales	Streptococcaceae	Streptococcus
Seq272	Bacteria	Bacteroidetes	Bacteroidia	Bacteroidales	Prevotellaceae	Prevotella
Seq273	Bacteria	Proteobacteria	Gammaproteobacteria	Xanthomonadales	Xanthomonadaceae	Stenotrophomonas
Seq274	Bacteria	Proteobacteria	Gammaproteobacteria	Pseudomonadales	Pseudomonadaceae	Pseudomonas
Seq275	Bacteria	Proteobacteria	Betaproteobacteria	Neisseriales	Neisseriaceae	Kingella
Seq276	Bacteria	Fusobacteria	Fusobacteriia	Fusobacteriales	Fusobacteriaceae	Fusobacterium
Seq277	Bacteria	Bacteroidetes	Flavobacteriia	Flavobacteriales	Flavobacteriaceae	unknown
Seq278	Bacteria	Bacteroidetes	Bacteroidia	Bacteroidales	Prevotellaceae	Prevotella
Seq279	Bacteria	Fusobacteria	Fusobacteriia	Fusobacteriales	Fusobacteriaceae	Fusobacterium
Seq280	Bacteria	Bacteroidetes	Bacteroidia	Bacteroidales	Porphyromonadaceae	Porphyromonas
Seq281	Bacteria	Fusobacteria	Fusobacteriia	Fusobacteriales	Leptotrichiaceae	Leptotrichia
Seq282	Bacteria	Actinobacteria	Actinobacteria	Actinomycetales	unknown	unknown
Seq283	Bacteria	Fusobacteria	Fusobacteriia	Fusobacteriales	Leptotrichiaceae	Leptotrichia
Seq284	Bacteria	Firmicutes	Clostridia	Clostridiales	unknown	unknown
Seq285	Bacteria	Proteobacteria	Betaproteobacteria	Neisseriales	Neisseriaceae	Kingella
Seq286	Bacteria	Proteobacteria	Gammaproteobacteria	Pasteurellales	Pasteurellaceae	unknown
Seq287	Bacteria	Proteobacteria	Gammaproteobacteria	Enterobacteriales	Enterobacteriaceae	Enterobacter
Seq288	Bacteria	Proteobacteria	Betaproteobacteria	Neisseriales	Neisseriaceae	Neisseria
Seq289	Bacteria	Fusobacteria	Fusobacteriia	Fusobacteriales	Fusobacteriaceae	Fusobacterium
Seq290	Bacteria	Firmicutes	Bacilli	Lactobacillales	Streptococcaceae	Streptococcus
Seq291	Bacteria	Bacteroidetes	Bacteroidia	Bacteroidales	Prevotellaceae	Prevotella
Seq292	Bacteria	Firmicutes	Clostridia	Clostridiales	Lachnospiraceae	unknown
Seq293	Bacteria	Fusobacteria	Fusobacteriia	Fusobacteriales	Leptotrichiaceae	Leptotrichia
Seq294	Bacteria	Bacteroidetes	Bacteroidia	Bacteroidales	Prevotellaceae	Prevotella
Seq295	Bacteria	Firmicutes	Negativicutes	Selenomonadales	Veillonellaceae	Centipeda
Seq296	Bacteria	unknown	unknown	unknown	unknown	unknown
Seq297	Bacteria	Bacteroidetes	Bacteroidia	Bacteroidales	Prevotellaceae	Prevotella
Seq298	Bacteria	unknown	unknown	unknown	unknown	unknown
Seq299	Bacteria	Proteobacteria	Gammaproteobacteria	Xanthomonadales	Xanthomonadaceae	Stenotrophomonas
Seq300	Bacteria	Bacteroidetes	Bacteroidia	Bacteroidales	Prevotellaceae	Prevotella
Seq301	Bacteria	Proteobacteria	Betaproteobacteria	Neisseriales	Neisseriaceae	Neisseria
Seq302	Bacteria	Firmicutes	Clostridia	Clostridiales	Lachnospiraceae	Oribacterium
Seq303	Bacteria	Proteobacteria	Betaproteobacteria	Neisseriales	Neisseriaceae	Neisseria
Seq304	Bacteria	Bacteroidetes	Bacteroidia	Bacteroidales	Prevotellaceae	Prevotella
Seq305	Bacteria	Bacteroidetes	Bacteroidia	Bacteroidales	Porphyromonadaceae	Tannerella
Seq306	Bacteria	Bacteroidetes	Bacteroidia	Bacteroidales	Prevotellaceae	Prevotella
Seq307	Bacteria	Bacteroidetes	Flavobacteriia	Flavobacteriales	Flavobacteriaceae	Capnocytophaga
Seq308	Bacteria	Proteobacteria	Gammaproteobacteria	Pseudomonadales	Moraxellaceae	Acinetobacter
Seq309	Bacteria	Firmicutes	Clostridia	Clostridiales	Lachnospiraceae	Oribacterium
Seq310	Bacteria	Proteobacteria	Gammaproteobacteria	Enterobacteriales	Enterobacteriaceae	Escherichia/Shigella
Seq311	Bacteria	Proteobacteria	Epsilonproteobacteria	Campylobacterales	Campylobacteraceae	Campylobacter
Seq312	Bacteria	Bacteroidetes	Bacteroidia	Bacteroidales	Prevotellaceae	Prevotella
Seq313	Bacteria	Cyanobacteria/Chloroplast	Chloroplast	Chloroplast	Streptophyta	unknown
Seq314	Bacteria	Actinobacteria	Actinobacteria	Bifidobacteriales	Bifidobacteriaceae	Gardnerella
Seq315	Bacteria	Proteobacteria	Betaproteobacteria	Neisseriales	Neisseriaceae	Kingella
Seq316	Bacteria	Firmicutes	Clostridia	Clostridiales	Lachnospiraceae	unknown
Seq317	Bacteria	Bacteroidetes	Flavobacteriia	Flavobacteriales	Flavobacteriaceae	Planobacterium
Seq318	Bacteria	Fusobacteria	Fusobacteriia	Fusobacteriales	Leptotrichiaceae	Leptotrichia
Seq319	Bacteria	Bacteroidetes	Bacteroidia	Bacteroidales	Prevotellaceae	Prevotella
Seq320	Bacteria	Bacteroidetes	Bacteroidia	Bacteroidales	Prevotellaceae	Prevotella
Seq321	Bacteria	Bacteroidetes	Bacteroidia	Bacteroidales	Prevotellaceae	Alloprevotella
Seq322	Bacteria	Proteobacteria	Betaproteobacteria	Neisseriales	Neisseriaceae	Neisseria
Seq323	Bacteria	Firmicutes	Bacilli	Lactobacillales	Streptococcaceae	Streptococcus
Seq324	Bacteria	Firmicutes	Clostridia	Clostridiales	Lachnospiraceae	Lachnoanaerobaculum
Seq325	Bacteria	Proteobacteria	Betaproteobacteria	Neisseriales	Neisseriaceae	Eikenella
Seq326	Bacteria	unknown	unknown	unknown	unknown	unknown
Seq327	Bacteria	Proteobacteria	Epsilonproteobacteria	Campylobacterales	Campylobacteraceae	Campylobacter
Seq328	Bacteria	Firmicutes	Negativicutes	Selenomonadales	Veillonellaceae	Anaeroglobus
Seq329	Bacteria	Fusobacteria	Fusobacteriia	Fusobacteriales	Leptotrichiaceae	Leptotrichia
Seq330	Bacteria	Spirochaetes	Spirochaetia	Spirochaetales	Spirochaetaceae	Treponema
Seq331	Bacteria	Proteobacteria	Gammaproteobacteria	Xanthomonadales	Xanthomonadaceae	Stenotrophomonas
Seq332	Bacteria	Proteobacteria	Betaproteobacteria	Neisseriales	Neisseriaceae	Neisseria
Seq333	Bacteria	Firmicutes	Clostridia	Clostridiales	Clostridiales_Incertae_Sedis_XIII	Mogibacterium
Seq334	Bacteria	Proteobacteria	Gammaproteobacteria	Pseudomonadales	Moraxellaceae	Enhydrobacter
Seq335	Bacteria	Proteobacteria	Betaproteobacteria	Neisseriales	Neisseriaceae	Neisseria
Seq336	Bacteria	Firmicutes	Negativicutes	Selenomonadales	Veillonellaceae	Selenomonas
Seq337	Bacteria	Proteobacteria	Gammaproteobacteria	Cardiobacteriales	Cardiobacteriaceae	Cardiobacterium
Seq338	Bacteria	Firmicutes	Clostridia	Clostridiales	Lachnospiraceae	unknown
Seq339	Bacteria	Proteobacteria	Alphaproteobacteria	Rhodospirillales	Rhodospirillaceae	Skermanella
Seq340	Bacteria	Bacteroidetes	Flavobacteriia	Flavobacteriales	Flavobacteriaceae	Capnocytophaga
Seq341	Bacteria	Bacteroidetes	Bacteroidia	Bacteroidales	Porphyromonadaceae	Porphyromonas
Seq342	Bacteria	Firmicutes	Bacilli	Lactobacillales	Streptococcaceae	Lactococcus
Seq344	Bacteria	Bacteroidetes	Bacteroidia	Bacteroidales	Prevotellaceae	Prevotella
Seq345	Bacteria	Fusobacteria	Fusobacteriia	Fusobacteriales	Fusobacteriaceae	Fusobacterium
Seq346	Bacteria	Bacteroidetes	Bacteroidia	Bacteroidales	Prevotellaceae	Prevotella
Seq347	Bacteria	Proteobacteria	Betaproteobacteria	Burkholderiales	Comamonadaceae	Pelomonas
Seq348	Bacteria	Proteobacteria	Gammaproteobacteria	Pseudomonadales	Moraxellaceae	unknown
Seq349	Bacteria	Proteobacteria	Betaproteobacteria	Neisseriales	Neisseriaceae	Neisseria
Seq350	Bacteria	Candidatus_Saccharibacteria	unknown	unknown	unknown	unknown
Seq351	Bacteria	Proteobacteria	Betaproteobacteria	Neisseriales	Neisseriaceae	Kingella
Seq352	Bacteria	Proteobacteria	Betaproteobacteria	Neisseriales	Neisseriaceae	unknown
Seq353	Bacteria	unknown	unknown	unknown	unknown	unknown
Seq354	Bacteria	Fusobacteria	Fusobacteriia	Fusobacteriales	Leptotrichiaceae	Leptotrichia
Seq356	Bacteria	Proteobacteria	Betaproteobacteria	Neisseriales	Neisseriaceae	Neisseria
Seq357	Bacteria	Firmicutes	Bacilli	Bacillales	Bacillales_Incertae_Sedis_XI	Gemella
Seq358	Bacteria	Bacteroidetes	Bacteroidia	Bacteroidales	Prevotellaceae	unknown
Seq359	Bacteria	Bacteroidetes	Bacteroidia	Bacteroidales	Prevotellaceae	Prevotella
Seq360	Bacteria	Firmicutes	Bacilli	Lactobacillales	Streptococcaceae	Streptococcus
Seq361	Bacteria	Bacteroidetes	Bacteroidia	Bacteroidales	Prevotellaceae	Prevotella
Seq362	Bacteria	Actinobacteria	Actinobacteria	Actinomycetales	Micrococcaceae	Rothia
Seq363	Bacteria	Proteobacteria	Betaproteobacteria	Neisseriales	Neisseriaceae	Eikenella
Seq364	Bacteria	Firmicutes	Bacilli	Lactobacillales	Streptococcaceae	Streptococcus
Seq366	Bacteria	Proteobacteria	Betaproteobacteria	Neisseriales	Neisseriaceae	Neisseria
Seq367	Bacteria	Fusobacteria	Fusobacteriia	Fusobacteriales	Leptotrichiaceae	Leptotrichia
Seq368	Bacteria	Firmicutes	Clostridia	Clostridiales	Peptostreptococcaceae	unknown
Seq369	Bacteria	Bacteroidetes	Bacteroidia	Bacteroidales	Prevotellaceae	Prevotella
Seq370	Bacteria	Fusobacteria	Fusobacteriia	Fusobacteriales	Leptotrichiaceae	Leptotrichia
Seq371	unknown	unknown	unknown	unknown	unknown	unknown
Seq372	Bacteria	Bacteroidetes	Cytophagia	Cytophagales	Cytophagaceae	Hymenobacter
Seq373	Bacteria	Bacteroidetes	Flavobacteriia	Flavobacteriales	Flavobacteriaceae	Capnocytophaga
Seq374	Bacteria	Actinobacteria	Actinobacteria	Actinomycetales	unknown	unknown
Seq375	Bacteria	Fusobacteria	Fusobacteriia	Fusobacteriales	Leptotrichiaceae	Leptotrichia
Seq376	Bacteria	Fusobacteria	Fusobacteriia	Fusobacteriales	Fusobacteriaceae	Fusobacterium
Seq377	Bacteria	Fusobacteria	Fusobacteriia	Fusobacteriales	Leptotrichiaceae	Leptotrichia
Seq378	Bacteria	Proteobacteria	Betaproteobacteria	Burkholderiales	Oxalobacteraceae	Naxibacter
Seq379	Bacteria	Bacteroidetes	Bacteroidia	Bacteroidales	Prevotellaceae	Prevotella
Seq380	Bacteria	Firmicutes	Bacilli	Lactobacillales	Streptococcaceae	Streptococcus
Seq381	Bacteria	Firmicutes	Clostridia	Clostridiales	Lachnospiraceae	unknown
Seq382	Bacteria	Firmicutes	Clostridia	Clostridiales	Eubacteriaceae	Eubacterium
Seq383	Bacteria	Firmicutes	Bacilli	Lactobacillales	Streptococcaceae	Streptococcus
Seq384	Bacteria	Actinobacteria	Actinobacteria	Coriobacteriales	Coriobacteriaceae	Atopobium
Seq385	Bacteria	Fusobacteria	Fusobacteriia	Fusobacteriales	Leptotrichiaceae	Leptotrichia
Seq386	Bacteria	Proteobacteria	Gammaproteobacteria	Aeromonadales	Aeromonadaceae	Aeromonas
Seq387	Bacteria	Bacteroidetes	Bacteroidia	Bacteroidales	Prevotellaceae	Alloprevotella
Seq388	Bacteria	Bacteroidetes	Bacteroidia	Bacteroidales	Prevotellaceae	Prevotella
Seq389	Bacteria	Fusobacteria	Fusobacteriia	Fusobacteriales	Fusobacteriaceae	Fusobacterium
Seq390	Bacteria	Bacteroidetes	Bacteroidia	Bacteroidales	Prevotellaceae	Prevotella
Seq391	Bacteria	Bacteroidetes	Bacteroidia	Bacteroidales	Prevotellaceae	Prevotella
Seq392	Bacteria	Actinobacteria	Actinobacteria	Actinomycetales	Corynebacteriaceae	Corynebacterium
Seq393	Bacteria	Proteobacteria	Gammaproteobacteria	Enterobacteriales	Enterobacteriaceae	Salmonella
Seq394	Bacteria	Bacteroidetes	Flavobacteriia	Flavobacteriales	Flavobacteriaceae	Capnocytophaga
Seq395	Bacteria	Proteobacteria	Betaproteobacteria	Neisseriales	Neisseriaceae	Neisseria
Seq396	Bacteria	Proteobacteria	Betaproteobacteria	Neisseriales	Neisseriaceae	Neisseria
Seq397	Bacteria	Fusobacteria	Fusobacteriia	Fusobacteriales	Fusobacteriaceae	Fusobacterium
Seq398	Bacteria	Bacteroidetes	Flavobacteriia	Flavobacteriales	Flavobacteriaceae	unknown
Seq399	Bacteria	Cyanobacteria/Chloroplast	Chloroplast	Chloroplast	Streptophyta	unknown
Seq400	Bacteria	Cyanobacteria/Chloroplast	Chloroplast	Chloroplast	Streptophyta	unknown
Seq401	Bacteria	Fusobacteria	Fusobacteriia	Fusobacteriales	Leptotrichiaceae	Leptotrichia
Seq402	Bacteria	Bacteroidetes	Bacteroidia	Bacteroidales	Prevotellaceae	Prevotella
Seq403	Bacteria	Firmicutes	Clostridia	Clostridiales	Lachnospiraceae	unknown
Seq404	Bacteria	Fusobacteria	Fusobacteriia	Fusobacteriales	Leptotrichiaceae	Leptotrichia
Seq405	Bacteria	Bacteroidetes	Bacteroidia	Bacteroidales	Prevotellaceae	Prevotella
Seq406	Bacteria	Firmicutes	Bacilli	Lactobacillales	Streptococcaceae	Streptococcus
Seq407	Bacteria	Bacteroidetes	Bacteroidia	Bacteroidales	Prevotellaceae	Prevotella
Seq408	unknown	unknown	unknown	unknown	unknown	unknown
Seq409	Bacteria	Actinobacteria	Actinobacteria	Bifidobacteriales	Bifidobacteriaceae	Gardnerella
Seq410	Bacteria	Firmicutes	Clostridia	Clostridiales	Lachnospiraceae	Syntrophococcus
Seq411	Bacteria	Fusobacteria	Fusobacteriia	Fusobacteriales	Fusobacteriaceae	Fusobacterium
Seq412	Bacteria	Firmicutes	Negativicutes	Selenomonadales	Veillonellaceae	Dialister
Seq413	Bacteria	Proteobacteria	Alphaproteobacteria	Sphingomonadales	Sphingomonadaceae	Sphingomonas
Seq414	Bacteria	Fusobacteria	Fusobacteriia	Fusobacteriales	Leptotrichiaceae	Leptotrichia
Seq415	Bacteria	Proteobacteria	Alphaproteobacteria	Rhizobiales	Bradyrhizobiaceae	Bradyrhizobium
Seq416	Bacteria	Bacteroidetes	Bacteroidia	Bacteroidales	Porphyromonadaceae	Tannerella
Seq417	Bacteria	Fusobacteria	Fusobacteriia	Fusobacteriales	Leptotrichiaceae	Leptotrichia
Seq418	Bacteria	unknown	unknown	unknown	unknown	unknown
Seq419	Bacteria	Cyanobacteria/Chloroplast	Chloroplast	Chloroplast	Streptophyta	unknown
Seq420	Bacteria	Proteobacteria	Gammaproteobacteria	Enterobacteriales	Enterobacteriaceae	Escherichia/Shigella
Seq421	Bacteria	Proteobacteria	Betaproteobacteria	Burkholderiales	Comamonadaceae	Delftia
Seq422	Bacteria	Proteobacteria	Betaproteobacteria	Burkholderiales	Comamonadaceae	Brachymonas
Seq423	Bacteria	Actinobacteria	Actinobacteria	Actinomycetales	Actinomycetaceae	Actinomyces
Seq424	Bacteria	Proteobacteria	Alphaproteobacteria	Rhodobacterales	Rhodobacteraceae	Paracoccus
Seq425	Bacteria	Actinobacteria	Actinobacteria	Actinomycetales	Micrococcaceae	Kocuria
Seq426	Bacteria	Proteobacteria	Betaproteobacteria	Burkholderiales	Comamonadaceae	Acidovorax
Seq427	Bacteria	Bacteroidetes	Bacteroidia	Bacteroidales	Porphyromonadaceae	Porphyromonas
Seq428	Bacteria	Proteobacteria	Betaproteobacteria	Burkholderiales	unknown	unknown
Seq429	Bacteria	Spirochaetes	Spirochaetia	Spirochaetales	Spirochaetaceae	Treponema
Seq430	Bacteria	Proteobacteria	Alphaproteobacteria	Caulobacterales	Caulobacteraceae	Caulobacter
Seq431	Bacteria	Fusobacteria	Fusobacteriia	Fusobacteriales	Fusobacteriaceae	Fusobacterium
Seq432	Bacteria	Firmicutes	Clostridia	Clostridiales	Lachnospiraceae	unknown
Seq433	Bacteria	Bacteroidetes	Flavobacteriia	Flavobacteriales	Flavobacteriaceae	Capnocytophaga
Seq434	Bacteria	Fusobacteria	Fusobacteriia	Fusobacteriales	Leptotrichiaceae	Leptotrichia
Seq435	Bacteria	Actinobacteria	Actinobacteria	Actinomycetales	Micrococcaceae	Micrococcus
Seq436	Bacteria	Proteobacteria	Betaproteobacteria	Neisseriales	Neisseriaceae	Neisseria
Seq437	Bacteria	Fusobacteria	Fusobacteriia	Fusobacteriales	Leptotrichiaceae	Sneathia
Seq438	Bacteria	Proteobacteria	Alphaproteobacteria	Caulobacterales	Caulobacteraceae	Caulobacter
Seq439	Bacteria	Proteobacteria	Betaproteobacteria	Neisseriales	Neisseriaceae	Kingella
Seq440	Bacteria	Bacteroidetes	Bacteroidia	Bacteroidales	Prevotellaceae	Prevotella
Seq441	Bacteria	Firmicutes	Negativicutes	Selenomonadales	Veillonellaceae	Selenomonas
Seq442	Bacteria	Fusobacteria	Fusobacteriia	Fusobacteriales	Leptotrichiaceae	Leptotrichia
Seq443	Bacteria	Proteobacteria	Betaproteobacteria	Neisseriales	Neisseriaceae	Neisseria
Seq444	Bacteria	Bacteroidetes	Bacteroidia	Bacteroidales	Prevotellaceae	Prevotella
Seq445	Bacteria	Bacteroidetes	Bacteroidia	Bacteroidales	Prevotellaceae	Prevotella
Seq446	Bacteria	Proteobacteria	Betaproteobacteria	Neisseriales	Neisseriaceae	Neisseria
Seq447	Bacteria	Bacteroidetes	Flavobacteriia	Flavobacteriales	Flavobacteriaceae	Capnocytophaga
Seq448	Bacteria	Cyanobacteria/Chloroplast	Chloroplast	Chloroplast	Streptophyta	unknown
Seq449	Bacteria	Bacteroidetes	Bacteroidia	Bacteroidales	Prevotellaceae	Prevotella
Seq450	Bacteria	Bacteroidetes	Flavobacteriia	Flavobacteriales	Flavobacteriaceae	Capnocytophaga
Seq451	Bacteria	Proteobacteria	Gammaproteobacteria	Pasteurellales	Pasteurellaceae	Actinobacillus
Seq452	Bacteria	Proteobacteria	Betaproteobacteria	Neisseriales	Neisseriaceae	Neisseria
Seq453	Bacteria	Bacteroidetes	Bacteroidia	Bacteroidales	Prevotellaceae	Prevotella
Seq454	Bacteria	Fusobacteria	Fusobacteriia	Fusobacteriales	Fusobacteriaceae	Fusobacterium
Seq455	Bacteria	Proteobacteria	Epsilonproteobacteria	Campylobacterales	Campylobacteraceae	Campylobacter
Seq456	Bacteria	Fusobacteria	Fusobacteriia	Fusobacteriales	Leptotrichiaceae	Leptotrichia
Seq457	Bacteria	Fusobacteria	Fusobacteriia	Fusobacteriales	Leptotrichiaceae	Leptotrichia
Seq458	Bacteria	unknown	unknown	unknown	unknown	unknown
Seq459	Bacteria	Firmicutes	Clostridia	Clostridiales	Eubacteriaceae	Eubacterium
Seq460	Bacteria	Proteobacteria	Gammaproteobacteria	Pseudomonadales	Moraxellaceae	Acinetobacter
Seq461	Bacteria	Bacteroidetes	Bacteroidia	Bacteroidales	Prevotellaceae	Prevotella
Seq462	Bacteria	Proteobacteria	Gammaproteobacteria	Enterobacteriales	Enterobacteriaceae	Pantoea
Seq463	Bacteria	Fusobacteria	Fusobacteriia	Fusobacteriales	Leptotrichiaceae	Leptotrichia
Seq464	Bacteria	Proteobacteria	Gammaproteobacteria	Pseudomonadales	Moraxellaceae	Acinetobacter
Seq465	Bacteria	Proteobacteria	Betaproteobacteria	Neisseriales	Neisseriaceae	Kingella
Seq466	Bacteria	Bacteroidetes	Bacteroidia	Bacteroidales	Prevotellaceae	Prevotella
Seq467	Bacteria	Fusobacteria	Fusobacteriia	Fusobacteriales	Leptotrichiaceae	Leptotrichia
Seq468	Bacteria	Proteobacteria	Gammaproteobacteria	Xanthomonadales	Xanthomonadaceae	Xanthomonas
Seq469	Bacteria	Bacteroidetes	Bacteroidia	Bacteroidales	Porphyromonadaceae	Tannerella
Seq470	Bacteria	unknown	unknown	unknown	unknown	unknown
Seq471	Bacteria	Firmicutes	Clostridia	Clostridiales	Lachnospiraceae	Catonella
Seq472	Bacteria	Actinobacteria	Actinobacteria	Actinomycetales	Dietziaceae	Dietzia
Seq473	Bacteria	Firmicutes	Clostridia	Clostridiales	Lachnospiraceae	Lachnoanaerobaculum
Seq474	Bacteria	Proteobacteria	Gammaproteobacteria	Pseudomonadales	Moraxellaceae	Acinetobacter
Seq475	Bacteria	Bacteroidetes	Cytophagia	Cytophagales	Cytophagaceae	Adhaeribacter
Seq476	Bacteria	Proteobacteria	Betaproteobacteria	Neisseriales	Neisseriaceae	unknown
Seq477	Bacteria	Proteobacteria	Alphaproteobacteria	Sphingomonadales	Erythrobacteraceae	Porphyrobacter
Seq478	Bacteria	Proteobacteria	Betaproteobacteria	Burkholderiales	Oxalobacteraceae	Naxibacter
Seq479	Bacteria	Firmicutes	Clostridia	Clostridiales	Lachnospiraceae	Catonella
Seq481	Bacteria	Proteobacteria	Gammaproteobacteria	Oceanospirillales	Halomonadaceae	Halomonas
Seq482	Bacteria	Firmicutes	Clostridia	Clostridiales	Lachnospiraceae	Shuttleworthia
Seq483	Bacteria	Actinobacteria	Actinobacteria	Actinomycetales	Corynebacteriaceae	Corynebacterium
Seq484	Bacteria	Bacteroidetes	Flavobacteriia	Flavobacteriales	Flavobacteriaceae	Capnocytophaga
Seq485	Bacteria	Actinobacteria	Actinobacteria	Actinomycetales	Actinomycetaceae	Actinomyces
Seq486	Bacteria	Bacteroidetes	Bacteroidia	Bacteroidales	Prevotellaceae	Prevotella
Seq487	Bacteria	Bacteroidetes	Flavobacteriia	Flavobacteriales	Flavobacteriaceae	Cloacibacterium
Seq488	Bacteria	Fusobacteria	Fusobacteriia	Fusobacteriales	Leptotrichiaceae	Leptotrichia
Seq489	Bacteria	Bacteroidetes	Bacteroidia	Bacteroidales	Prevotellaceae	Prevotella
Seq490	Bacteria	Tenericutes	Mollicutes	Mycoplasmatales	Mycoplasmataceae	Mycoplasma
Seq491	Bacteria	Bacteroidetes	Bacteroidia	Bacteroidales	Prevotellaceae	Prevotella
Seq492	Bacteria	Fusobacteria	Fusobacteriia	Fusobacteriales	Fusobacteriaceae	Fusobacterium
Seq493	Bacteria	Proteobacteria	Gammaproteobacteria	Pseudomonadales	Moraxellaceae	Acinetobacter
Seq494	Bacteria	Proteobacteria	Alphaproteobacteria	Rhizobiales	Bradyrhizobiaceae	Bradyrhizobium
Seq495	Bacteria	Fusobacteria	Fusobacteriia	Fusobacteriales	Leptotrichiaceae	Leptotrichia
Seq496	Bacteria	Proteobacteria	Gammaproteobacteria	Xanthomonadales	Xanthomonadaceae	Stenotrophomonas
Seq497	Bacteria	Firmicutes	Bacilli	Lactobacillales	Enterococcaceae	unknown
Seq498	unknown	unknown	unknown	unknown	unknown	unknown
Seq499	Bacteria	Proteobacteria	Gammaproteobacteria	Enterobacteriales	Enterobacteriaceae	unknown
Seq500	Bacteria	Bacteroidetes	Bacteroidia	Bacteroidales	Porphyromonadaceae	Tannerella
Seq501	Bacteria	Bacteroidetes	Flavobacteriia	Flavobacteriales	Flavobacteriaceae	Capnocytophaga
Seq502	Bacteria	Proteobacteria	Betaproteobacteria	Burkholderiales	Comamonadaceae	Comamonas
Seq504	Bacteria	Bacteroidetes	Flavobacteriia	Flavobacteriales	Flavobacteriaceae	unknown
Seq505	Bacteria	Bacteroidetes	Flavobacteriia	Flavobacteriales	Flavobacteriaceae	Capnocytophaga
Seq506	Bacteria	Actinobacteria	Actinobacteria	Actinomycetales	Corynebacteriaceae	Corynebacterium
Seq507	Bacteria	Bacteroidetes	Flavobacteriia	Flavobacteriales	Flavobacteriaceae	Planobacterium
Seq508	Bacteria	Fusobacteria	Fusobacteriia	Fusobacteriales	Leptotrichiaceae	Leptotrichia
Seq510	Bacteria	Fusobacteria	Fusobacteriia	Fusobacteriales	Leptotrichiaceae	Leptotrichia
Seq511	Bacteria	Candidatus_Saccharibacteria	unknown	unknown	unknown	unknown
Seq512	Bacteria	Bacteroidetes	Flavobacteriia	Flavobacteriales	Flavobacteriaceae	Capnocytophaga
Seq513	Bacteria	Fusobacteria	Fusobacteriia	Fusobacteriales	Leptotrichiaceae	Leptotrichia
Seq514	Bacteria	Bacteroidetes	Bacteroidia	Bacteroidales	Prevotellaceae	Prevotella
Seq515	Bacteria	Bacteroidetes	Flavobacteriia	Flavobacteriales	Flavobacteriaceae	Capnocytophaga
Seq516	Bacteria	Bacteroidetes	Bacteroidia	Bacteroidales	Prevotellaceae	Prevotella
Seq517	Bacteria	Bacteroidetes	Flavobacteriia	Flavobacteriales	Flavobacteriaceae	Chryseobacterium
Seq518	Bacteria	Proteobacteria	Betaproteobacteria	Neisseriales	Neisseriaceae	unknown
Seq519	Bacteria	Firmicutes	Bacilli	Lactobacillales	Streptococcaceae	Streptococcus
Seq520	Bacteria	Firmicutes	Clostridia	Clostridiales	Lachnospiraceae	unknown
Seq521	Bacteria	Bacteroidetes	Bacteroidia	Bacteroidales	Prevotellaceae	unknown
Seq524	Bacteria	Fusobacteria	Fusobacteriia	Fusobacteriales	Leptotrichiaceae	Leptotrichia
Seq525	Bacteria	Proteobacteria	Gammaproteobacteria	Enterobacteriales	Enterobacteriaceae	Pantoea
Seq526	Bacteria	Bacteroidetes	Bacteroidia	Bacteroidales	Prevotellaceae	Alloprevotella
Seq527	Bacteria	Firmicutes	Bacilli	Lactobacillales	Streptococcaceae	Streptococcus
Seq528	Bacteria	Spirochaetes	Spirochaetia	Spirochaetales	Spirochaetaceae	Treponema
Seq529	unknown	unknown	unknown	unknown	unknown	unknown
Seq530	Bacteria	Proteobacteria	Betaproteobacteria	Burkholderiales	Oxalobacteraceae	unknown
Seq531	Bacteria	Proteobacteria	Betaproteobacteria	Burkholderiales	Comamonadaceae	Pelomonas
Seq532	Bacteria	Fusobacteria	Fusobacteriia	Fusobacteriales	Fusobacteriaceae	Fusobacterium
Seq533	Bacteria	Spirochaetes	Spirochaetia	Spirochaetales	Spirochaetaceae	Treponema
Seq534	Bacteria	Firmicutes	Bacilli	Lactobacillales	Lactobacillaceae	Lactobacillus
Seq535	Bacteria	Firmicutes	Bacilli	Lactobacillales	Streptococcaceae	Streptococcus
Seq537	Bacteria	Actinobacteria	Actinobacteria	Actinomycetales	Corynebacteriaceae	Corynebacterium
Seq538	Bacteria	Bacteroidetes	Bacteroidia	Bacteroidales	Prevotellaceae	Prevotella
Seq539	Bacteria	Bacteroidetes	Bacteroidia	Bacteroidales	Prevotellaceae	unknown
Seq540	Bacteria	Bacteroidetes	Bacteroidia	Bacteroidales	Prevotellaceae	Prevotella
Seq542	Bacteria	Proteobacteria	Betaproteobacteria	Burkholderiales	Burkholderiales_incertae_sedis	Tepidimonas
Seq543	Bacteria	Fusobacteria	Fusobacteriia	Fusobacteriales	Leptotrichiaceae	Leptotrichia
Seq544	Bacteria	Firmicutes	Bacilli	Bacillales	Staphylococcaceae	Staphylococcus
Seq545	Bacteria	Proteobacteria	Betaproteobacteria	Burkholderiales	Oxalobacteraceae	Massilia
Seq546	Bacteria	Actinobacteria	Actinobacteria	Actinomycetales	Corynebacteriaceae	Corynebacterium
Seq547	Bacteria	Proteobacteria	Betaproteobacteria	Burkholderiales	Comamonadaceae	Comamonas
Seq548	Bacteria	Proteobacteria	Betaproteobacteria	Burkholderiales	Oxalobacteraceae	Herbaspirillum
Seq549	Bacteria	unknown	unknown	unknown	unknown	unknown
Seq550	Bacteria	Firmicutes	Bacilli	Lactobacillales	Streptococcaceae	Streptococcus
Seq551	Bacteria	Bacteroidetes	Bacteroidia	Bacteroidales	Prevotellaceae	Prevotella
Seq552	Bacteria	Bacteroidetes	Flavobacteriia	Flavobacteriales	Flavobacteriaceae	Cloacibacterium
Seq553	Bacteria	Bacteroidetes	Bacteroidia	Bacteroidales	Prevotellaceae	Prevotella
Seq554	Bacteria	Bacteroidetes	Sphingobacteriia	Sphingobacteriales	Sphingobacteriaceae	Pedobacter
Seq555	Bacteria	Proteobacteria	Betaproteobacteria	Burkholderiales	Comamonadaceae	Variovorax
Seq556	Bacteria	Firmicutes	Bacilli	Bacillales	Paenibacillaceae_1	Brevibacillus
Seq557	Bacteria	Proteobacteria	Betaproteobacteria	Neisseriales	Neisseriaceae	Neisseria
Seq559	Bacteria	Bacteroidetes	Bacteroidia	Bacteroidales	Prevotellaceae	Prevotella
Seq560	Bacteria	Fusobacteria	Fusobacteriia	Fusobacteriales	Leptotrichiaceae	Leptotrichia
Seq561	Bacteria	Spirochaetes	Spirochaetia	Spirochaetales	Spirochaetaceae	Treponema
Seq562	Bacteria	Firmicutes	Bacilli	Lactobacillales	Streptococcaceae	Streptococcus
Seq563	Bacteria	Bacteroidetes	Bacteroidia	Bacteroidales	Prevotellaceae	Prevotella
Seq564	Bacteria	Bacteroidetes	Bacteroidia	Bacteroidales	Prevotellaceae	Prevotella
Seq565	Bacteria	Actinobacteria	Actinobacteria	Actinomycetales	Mycobacteriaceae	Mycobacterium
Seq567	Bacteria	Proteobacteria	Betaproteobacteria	Burkholderiales	Burkholderiaceae	Ralstonia
Seq568	Bacteria	Firmicutes	Clostridia	Clostridiales	unknown	unknown
Seq569	Bacteria	Proteobacteria	Betaproteobacteria	Burkholderiales	Oxalobacteraceae	Noviherbaspirillum
Seq570	Bacteria	Proteobacteria	Betaproteobacteria	Neisseriales	Neisseriaceae	Kingella
Seq571	Bacteria	Bacteroidetes	unknown	unknown	unknown	unknown
Seq572	Bacteria	Actinobacteria	Actinobacteria	Coriobacteriales	Coriobacteriaceae	Cryptobacterium
Seq574	Bacteria	Firmicutes	Bacilli	Bacillales	Staphylococcaceae	Staphylococcus
Seq575	Bacteria	Firmicutes	Negativicutes	Selenomonadales	Veillonellaceae	Dialister
Seq576	Bacteria	Proteobacteria	Betaproteobacteria	Burkholderiales	Burkholderiales_incertae_sedis	Tepidimonas
Seq578	Bacteria	Actinobacteria	Actinobacteria	Actinomycetales	Corynebacteriaceae	Corynebacterium
Seq579	Bacteria	unknown	unknown	unknown	unknown	unknown
Seq580	Bacteria	Firmicutes	Bacilli	Bacillales	Bacillales_Incertae_Sedis_XI	Gemella
Seq581	Bacteria	Actinobacteria	Actinobacteria	Actinomycetales	Micrococcaceae	Micrococcus
Seq584	Bacteria	Firmicutes	Clostridia	Clostridiales	Clostridiales_Incertae_Sedis_XI	Finegoldia
Seq585	Bacteria	Actinobacteria	Actinobacteria	Actinomycetales	unknown	unknown
Seq586	Bacteria	Proteobacteria	Betaproteobacteria	Burkholderiales	Burkholderiaceae	Ralstonia
Seq587	Bacteria	Fusobacteria	Fusobacteriia	Fusobacteriales	Leptotrichiaceae	Leptotrichia
Seq588	Bacteria	unknown	unknown	unknown	unknown	unknown
Seq589	Bacteria	Firmicutes	Bacilli	Lactobacillales	Aerococcaceae	Aerococcus
Seq590	Bacteria	Proteobacteria	Betaproteobacteria	Burkholderiales	unknown	unknown
Seq591	Bacteria	Firmicutes	Bacilli	Lactobacillales	unknown	unknown
Seq592	Bacteria	Bacteroidetes	Bacteroidia	Bacteroidales	Prevotellaceae	Prevotella
Seq593	Bacteria	Firmicutes	Clostridia	Clostridiales	Clostridiales_Incertae_Sedis_XI	Anaerococcus
Seq594	Bacteria	Proteobacteria	Betaproteobacteria	Neisseriales	Neisseriaceae	Eikenella
Seq595	Bacteria	Proteobacteria	Gammaproteobacteria	Pseudomonadales	Moraxellaceae	Acinetobacter
Seq596	Bacteria	Proteobacteria	Alphaproteobacteria	Sphingomonadales	Sphingomonadaceae	Sphingomonas
Seq597	Bacteria	Proteobacteria	Betaproteobacteria	Burkholderiales	Comamonadaceae	Brachymonas
Seq598	Bacteria	Proteobacteria	Betaproteobacteria	Burkholderiales	Comamonadaceae	Acidovorax
Seq599	Bacteria	Firmicutes	Bacilli	Lactobacillales	Streptococcaceae	Streptococcus
Seq600	Bacteria	Bacteroidetes	Flavobacteriia	Flavobacteriales	Flavobacteriaceae	Capnocytophaga
Seq601	Bacteria	Proteobacteria	Gammaproteobacteria	Pseudomonadales	Pseudomonadaceae	Pseudomonas
Seq602	Bacteria	Proteobacteria	Betaproteobacteria	Burkholderiales	unknown	unknown
Seq603	unknown	unknown	unknown	unknown	unknown	unknown
Seq605	Bacteria	Bacteroidetes	Bacteroidia	Bacteroidales	Prevotellaceae	Prevotella
Seq606	Bacteria	Proteobacteria	Betaproteobacteria	Neisseriales	Neisseriaceae	Eikenella
Seq608	Bacteria	Firmicutes	Clostridia	Clostridiales	Lachnospiraceae	unknown
Seq609	Bacteria	Firmicutes	Bacilli	Lactobacillales	unknown	unknown
Seq610	Bacteria	Spirochaetes	Spirochaetia	Spirochaetales	Spirochaetaceae	Treponema
Seq611	Bacteria	Fusobacteria	Fusobacteriia	Fusobacteriales	Leptotrichiaceae	unknown
Seq612	Bacteria	Firmicutes	Bacilli	Lactobacillales	Streptococcaceae	Streptococcus
Seq613	Bacteria	Firmicutes	Clostridia	Clostridiales	Lachnospiraceae	Butyrivibrio
Seq614	Bacteria	Proteobacteria	Betaproteobacteria	Burkholderiales	Comamonadaceae	Curvibacter
Seq615	Bacteria	Firmicutes	Negativicutes	Selenomonadales	Veillonellaceae	Veillonella
Seq616	Bacteria	Bacteroidetes	Bacteroidia	Bacteroidales	Prevotellaceae	unknown
Seq617	Bacteria	Bacteroidetes	Bacteroidia	Bacteroidales	Prevotellaceae	Prevotella
Seq618	Bacteria	Firmicutes	Bacilli	Lactobacillales	Lactobacillaceae	Lactobacillus
Seq619	Bacteria	Firmicutes	Bacilli	Lactobacillales	Streptococcaceae	Streptococcus
Seq620	Bacteria	Firmicutes	Bacilli	Lactobacillales	Streptococcaceae	Streptococcus
Seq621	Bacteria	Firmicutes	Bacilli	Bacillales	Bacillaceae_1	Aeribacillus
Seq622	Bacteria	Proteobacteria	Gammaproteobacteria	Chromatiales	Chromatiaceae	Rheinheimera
Seq623	Bacteria	Firmicutes	Clostridia	Clostridiales	unknown	unknown
Seq624	Bacteria	Bacteroidetes	Bacteroidia	Bacteroidales	Prevotellaceae	Prevotella
Seq625	unknown	unknown	unknown	unknown	unknown	unknown
Seq626	Bacteria	Proteobacteria	Betaproteobacteria	Burkholderiales	Comamonadaceae	Comamonas
Seq627	Bacteria	Proteobacteria	Betaproteobacteria	Burkholderiales	Comamonadaceae	Comamonas
Seq628	Bacteria	Proteobacteria	Gammaproteobacteria	Pseudomonadales	Pseudomonadaceae	Pseudomonas
Seq629	Bacteria	Proteobacteria	Betaproteobacteria	Neisseriales	Neisseriaceae	Kingella
Seq630	Bacteria	Actinobacteria	Actinobacteria	Actinomycetales	Corynebacteriaceae	Corynebacterium
Seq631	Bacteria	Actinobacteria	Actinobacteria	Actinomycetales	Corynebacteriaceae	Corynebacterium
Seq632	Bacteria	Firmicutes	Bacilli	Lactobacillales	Streptococcaceae	Streptococcus
Seq633	Bacteria	Fusobacteria	Fusobacteriia	Fusobacteriales	Leptotrichiaceae	Leptotrichia
Seq634	Bacteria	Firmicutes	Bacilli	Lactobacillales	Streptococcaceae	Streptococcus
Seq635	Bacteria	Proteobacteria	Betaproteobacteria	Neisseriales	Neisseriaceae	Neisseria
Seq636	Bacteria	Firmicutes	Negativicutes	Selenomonadales	Veillonellaceae	Veillonella
Seq637	Bacteria	Proteobacteria	Gammaproteobacteria	Chromatiales	Chromatiaceae	Rheinheimera
Seq638	Bacteria	Fusobacteria	Fusobacteriia	Fusobacteriales	Leptotrichiaceae	Sneathia
Seq639	Bacteria	Firmicutes	Bacilli	Lactobacillales	Streptococcaceae	Streptococcus
Seq640	Bacteria	Bacteroidetes	Bacteroidia	Bacteroidales	Prevotellaceae	Prevotella
Seq641	Bacteria	Bacteroidetes	Flavobacteriia	Flavobacteriales	Flavobacteriaceae	Capnocytophaga
Seq642	Bacteria	Proteobacteria	Gammaproteobacteria	Enterobacteriales	Enterobacteriaceae	unknown
Seq643	Bacteria	Fusobacteria	Fusobacteriia	Fusobacteriales	Leptotrichiaceae	Leptotrichia
Seq644	Bacteria	Firmicutes	Bacilli	Lactobacillales	Lactobacillaceae	Lactobacillus
Seq645	Bacteria	Fusobacteria	Fusobacteriia	Fusobacteriales	Fusobacteriaceae	Fusobacterium
Seq646	Bacteria	Actinobacteria	Actinobacteria	Actinomycetales	Corynebacteriaceae	Corynebacterium
Seq647	Bacteria	Proteobacteria	Betaproteobacteria	Neisseriales	Neisseriaceae	Neisseria
Seq648	Bacteria	unknown	unknown	unknown	unknown	unknown
Seq649	Bacteria	Proteobacteria	Betaproteobacteria	Burkholderiales	Alcaligenaceae	Bordetella
Seq650	Bacteria	Firmicutes	Negativicutes	Selenomonadales	Veillonellaceae	Megasphaera
Seq651	Bacteria	Proteobacteria	Alphaproteobacteria	Rhizobiales	Methylobacteriaceae	Methylobacterium
Seq652	Bacteria	Fusobacteria	Fusobacteriia	Fusobacteriales	Leptotrichiaceae	Leptotrichia
Seq653	Bacteria	Bacteroidetes	Bacteroidia	Bacteroidales	Prevotellaceae	Prevotella
Seq654	Bacteria	Bacteroidetes	Bacteroidia	Bacteroidales	Prevotellaceae	Prevotella
Seq655	Bacteria	Fusobacteria	Fusobacteriia	Fusobacteriales	Fusobacteriaceae	Fusobacterium
Seq656	Bacteria	Proteobacteria	Gammaproteobacteria	Aeromonadales	Aeromonadaceae	unknown
Seq657	Bacteria	Firmicutes	Bacilli	Lactobacillales	Streptococcaceae	Streptococcus
Seq658	Bacteria	Bacteroidetes	Bacteroidia	Bacteroidales	Porphyromonadaceae	Tannerella
Seq659	Bacteria	Proteobacteria	Betaproteobacteria	Burkholderiales	Comamonadaceae	unknown
Seq661	Bacteria	Firmicutes	Negativicutes	Selenomonadales	Veillonellaceae	Selenomonas
Seq662	Bacteria	Firmicutes	Bacilli	Lactobacillales	Streptococcaceae	Lactococcus
Seq663	Bacteria	Proteobacteria	Gammaproteobacteria	Enterobacteriales	Enterobacteriaceae	unknown
Seq664	Bacteria	Proteobacteria	Alphaproteobacteria	Rhizobiales	Methylobacteriaceae	Methylobacterium
Seq665	Bacteria	Proteobacteria	Betaproteobacteria	Burkholderiales	Comamonadaceae	Delftia
Seq666	Bacteria	Bacteroidetes	Bacteroidia	Bacteroidales	Prevotellaceae	Prevotella
Seq667	Bacteria	Fusobacteria	Fusobacteriia	Fusobacteriales	Leptotrichiaceae	Leptotrichia
Seq668	Bacteria	Proteobacteria	Gammaproteobacteria	Pseudomonadales	Moraxellaceae	Acinetobacter
Seq669	Bacteria	Proteobacteria	Alphaproteobacteria	Sphingomonadales	Sphingomonadaceae	Sphingomonas
Seq670	Bacteria	Bacteroidetes	Bacteroidia	Bacteroidales	Prevotellaceae	Prevotella
Seq671	Bacteria	Actinobacteria	Actinobacteria	Actinomycetales	Corynebacteriaceae	Corynebacterium
Seq672	Bacteria	Candidatus_Saccharibacteria	unknown	unknown	unknown	unknown
Seq673	Bacteria	Bacteroidetes	Bacteroidia	Bacteroidales	Prevotellaceae	Prevotella
Seq674	Bacteria	Spirochaetes	Spirochaetia	Spirochaetales	Spirochaetaceae	Treponema
Seq676	Bacteria	Bacteroidetes	Bacteroidia	Bacteroidales	Prevotellaceae	Prevotella
Seq678	Bacteria	Fusobacteria	Fusobacteriia	Fusobacteriales	Fusobacteriaceae	Fusobacterium
Seq679	Bacteria	Proteobacteria	Betaproteobacteria	Neisseriales	Neisseriaceae	Neisseria
Seq680	Bacteria	Proteobacteria	Betaproteobacteria	Burkholderiales	Burkholderiaceae	Ralstonia
Seq681	Bacteria	Actinobacteria	Actinobacteria	Actinomycetales	unknown	unknown
Seq682	Bacteria	Firmicutes	Negativicutes	Selenomonadales	Veillonellaceae	Veillonella
Seq683	Bacteria	Proteobacteria	Betaproteobacteria	Burkholderiales	Oxalobacteraceae	Massilia
Seq684	Bacteria	Firmicutes	Bacilli	Lactobacillales	Streptococcaceae	Streptococcus
Seq685	Bacteria	Fusobacteria	Fusobacteriia	Fusobacteriales	Leptotrichiaceae	Leptotrichia
Seq686	Bacteria	Firmicutes	Bacilli	Bacillales	Bacillaceae_1	Bacillus
Seq687	Bacteria	Fusobacteria	Fusobacteriia	Fusobacteriales	Leptotrichiaceae	Leptotrichia
Seq688	Bacteria	Firmicutes	Clostridia	Clostridiales	Lachnospiraceae	Oribacterium
Seq689	Bacteria	Firmicutes	Bacilli	Bacillales	Bacillaceae_1	Bacillus
Seq690	Bacteria	Proteobacteria	Alphaproteobacteria	Rhodobacterales	Rhodobacteraceae	Rubellimicrobium
Seq691	Bacteria	Firmicutes	Bacilli	Lactobacillales	unknown	unknown
Seq692	Bacteria	Actinobacteria	Actinobacteria	Actinomycetales	Microbacteriaceae	Pseudoclavibacter
Seq693	Bacteria	Proteobacteria	Epsilonproteobacteria	Campylobacterales	Campylobacteraceae	Campylobacter
Seq694	Bacteria	Fusobacteria	Fusobacteriia	Fusobacteriales	Leptotrichiaceae	Leptotrichia
Seq695	Bacteria	Bacteroidetes	Bacteroidia	Bacteroidales	Prevotellaceae	Alloprevotella
Seq696	Bacteria	Firmicutes	Clostridia	Clostridiales	Lachnospiraceae	Dorea
Seq697	Bacteria	Spirochaetes	Spirochaetia	Spirochaetales	Spirochaetaceae	Treponema
Seq698	Bacteria	Firmicutes	Bacilli	Lactobacillales	unknown	unknown
Seq699	Bacteria	Proteobacteria	Alphaproteobacteria	Sphingomonadales	Sphingomonadaceae	Sphingomonas
Seq700	Bacteria	Actinobacteria	Actinobacteria	Actinomycetales	Mycobacteriaceae	Mycobacterium
Seq702	Bacteria	Firmicutes	Bacilli	Bacillales	Planococcaceae	Planomicrobium
Seq703	Bacteria	Proteobacteria	Gammaproteobacteria	Enterobacteriales	Enterobacteriaceae	Citrobacter
Seq704	Bacteria	Bacteroidetes	Bacteroidia	Bacteroidales	Prevotellaceae	Prevotella
Seq705	Bacteria	Firmicutes	Bacilli	Lactobacillales	Carnobacteriaceae	Atopococcus
Seq706	Bacteria	Actinobacteria	Actinobacteria	Actinomycetales	Corynebacteriaceae	Corynebacterium
Seq709	Bacteria	Firmicutes	Clostridia	Clostridiales	Lachnospiraceae	Oribacterium
Seq710	Bacteria	Firmicutes	Bacilli	Lactobacillales	Streptococcaceae	Streptococcus
Seq711	Bacteria	Proteobacteria	Alphaproteobacteria	Rhodobacterales	Rhodobacteraceae	Paracoccus
Seq712	Bacteria	Proteobacteria	Betaproteobacteria	Burkholderiales	Comamonadaceae	Comamonas
Seq713	Bacteria	Proteobacteria	Betaproteobacteria	Burkholderiales	Comamonadaceae	Variovorax
Seq714	Bacteria	Bacteroidetes	Bacteroidia	Bacteroidales	Prevotellaceae	Prevotella
Seq715	Bacteria	Firmicutes	Bacilli	Bacillales	Bacillales_Incertae_Sedis_XI	Gemella
Seq716	Bacteria	Fusobacteria	Fusobacteriia	Fusobacteriales	Leptotrichiaceae	Leptotrichia
Seq717	Bacteria	Proteobacteria	Alphaproteobacteria	Rhizobiales	Methylobacteriaceae	Methylobacterium
Seq718	Bacteria	Actinobacteria	Actinobacteria	Actinomycetales	Micrococcaceae	Nesterenkonia
Seq719	Bacteria	Bacteroidetes	Bacteroidia	Bacteroidales	Prevotellaceae	Prevotella
Seq721	Bacteria	Firmicutes	Negativicutes	Selenomonadales	Veillonellaceae	Selenomonas
Seq722	Bacteria	Actinobacteria	Actinobacteria	Actinomycetales	Corynebacteriaceae	Corynebacterium
Seq723	Bacteria	Actinobacteria	Actinobacteria	Actinomycetales	Micrococcaceae	Rothia
Seq724	Bacteria	Bacteroidetes	Bacteroidia	Bacteroidales	Prevotellaceae	Prevotella
Seq725	Bacteria	Bacteroidetes	Bacteroidia	Bacteroidales	Prevotellaceae	Prevotella
Seq726	Bacteria	Fusobacteria	Fusobacteriia	Fusobacteriales	Leptotrichiaceae	Leptotrichia
Seq727	Bacteria	Firmicutes	Bacilli	Lactobacillales	Streptococcaceae	Streptococcus
Seq728	Bacteria	Firmicutes	Bacilli	Lactobacillales	Streptococcaceae	Streptococcus
Seq729	Bacteria	Spirochaetes	Spirochaetia	Spirochaetales	Spirochaetaceae	Treponema
Seq730	Bacteria	Proteobacteria	Alphaproteobacteria	Rhizobiales	Bradyrhizobiaceae	Bradyrhizobium
Seq731	Bacteria	Proteobacteria	Betaproteobacteria	Neisseriales	Neisseriaceae	Neisseria
Seq732	Bacteria	Bacteroidetes	Flavobacteriia	Flavobacteriales	Flavobacteriaceae	Capnocytophaga
Seq733	Bacteria	Proteobacteria	Betaproteobacteria	Burkholderiales	Comamonadaceae	Brachymonas
Seq734	Bacteria	Firmicutes	Bacilli	Lactobacillales	unknown	unknown
Seq735	Bacteria	Fusobacteria	Fusobacteriia	Fusobacteriales	Fusobacteriaceae	Fusobacterium
Seq736	Bacteria	Fusobacteria	Fusobacteriia	Fusobacteriales	Leptotrichiaceae	Leptotrichia
Seq737	Bacteria	unknown	unknown	unknown	unknown	unknown
Seq738	Bacteria	Firmicutes	Bacilli	Bacillales	Staphylococcaceae	Staphylococcus
Seq739	Bacteria	Proteobacteria	Alphaproteobacteria	Rhizobiales	Methylobacteriaceae	Methylobacterium
Seq740	Bacteria	Firmicutes	Clostridia	Clostridiales	Lachnospiraceae	Lachnoanaerobaculum
Seq741	Bacteria	Proteobacteria	Betaproteobacteria	Burkholderiales	Burkholderiaceae	Burkholderia
Seq742	Bacteria	Proteobacteria	Betaproteobacteria	Burkholderiales	Alcaligenaceae	Achromobacter
Seq743	Bacteria	Firmicutes	Bacilli	Lactobacillales	Streptococcaceae	Streptococcus
Seq744	Bacteria	Actinobacteria	Actinobacteria	Actinomycetales	Intrasporangiaceae	Janibacter
Seq746	Bacteria	Firmicutes	Clostridia	Clostridiales	Clostridiales_Incertae_Sedis_XI	Peptoniphilus
Seq747	Bacteria	Proteobacteria	Gammaproteobacteria	Pseudomonadales	Pseudomonadaceae	Pseudomonas
Seq748	Bacteria	Fusobacteria	Fusobacteriia	Fusobacteriales	Leptotrichiaceae	Leptotrichia
Seq749	Bacteria	Cyanobacteria/Chloroplast	Cyanobacteria	unknown	unknown	unknown
Seq750	Bacteria	Proteobacteria	Gammaproteobacteria	Enterobacteriales	Enterobacteriaceae	Salmonella
Seq751	Bacteria	Cyanobacteria/Chloroplast	Cyanobacteria	Family_IV	GpIV	unknown
Seq752	Bacteria	Proteobacteria	Betaproteobacteria	Burkholderiales	Burkholderiales_incertae_sedis	Aquabacterium
Seq753	Bacteria	Proteobacteria	Alphaproteobacteria	Rhizobiales	Methylobacteriaceae	Methylobacterium
Seq755	Bacteria	Bacteroidetes	Sphingobacteriia	Sphingobacteriales	Sphingobacteriaceae	Pedobacter
Seq756	Bacteria	Bacteroidetes	Bacteroidia	Bacteroidales	Prevotellaceae	Prevotella
Seq757	Bacteria	Proteobacteria	Gammaproteobacteria	Pseudomonadales	Moraxellaceae	Acinetobacter
Seq758	Bacteria	Firmicutes	Negativicutes	Selenomonadales	Veillonellaceae	Selenomonas
Seq759	Bacteria	unknown	unknown	unknown	unknown	unknown
Seq760	Bacteria	Firmicutes	Bacilli	Bacillales	Bacillaceae_1	Bacillus
Seq761	Bacteria	Firmicutes	Bacilli	Lactobacillales	Streptococcaceae	Streptococcus
Seq762	Bacteria	Proteobacteria	Betaproteobacteria	Rhodocyclales	Rhodocyclaceae	Azospira
Seq763	Bacteria	Firmicutes	Bacilli	Lactobacillales	Streptococcaceae	Streptococcus
Seq764	Bacteria	Proteobacteria	Alphaproteobacteria	Caulobacterales	Caulobacteraceae	Brevundimonas
Seq765	Bacteria	Actinobacteria	Actinobacteria	Actinomycetales	Geodermatophilaceae	Blastococcus
Seq766	Bacteria	Firmicutes	Clostridia	Clostridiales	Clostridiales_Incertae_Sedis_XI	Anaerococcus
Seq767	Bacteria	Proteobacteria	Betaproteobacteria	Neisseriales	Neisseriaceae	Neisseria
Seq769	Bacteria	Proteobacteria	Alphaproteobacteria	Sphingomonadales	Sphingomonadaceae	Sphingomonas
Seq771	Bacteria	Firmicutes	Bacilli	Bacillales	unknown	unknown
Seq772	Bacteria	Actinobacteria	Actinobacteria	Actinomycetales	Cellulomonadaceae	Cellulomonas
Seq773	Bacteria	Actinobacteria	Actinobacteria	Actinomycetales	unknown	unknown
Seq774	Bacteria	Firmicutes	Bacilli	Lactobacillales	unknown	unknown
Seq775	Bacteria	Actinobacteria	Actinobacteria	Actinomycetales	Micrococcaceae	Kocuria
Seq776	Bacteria	Proteobacteria	Alphaproteobacteria	Sphingomonadales	Sphingomonadaceae	Sphingomonas
Seq777	Bacteria	Bacteroidetes	Flavobacteriia	Flavobacteriales	Flavobacteriaceae	Planobacterium
Seq778	Bacteria	Firmicutes	Clostridia	Clostridiales	Lachnospiraceae	Lachnoanaerobaculum
Seq779	Bacteria	Firmicutes	Bacilli	Lactobacillales	Streptococcaceae	Streptococcus
Seq780	Bacteria	Proteobacteria	Alphaproteobacteria	Sphingomonadales	Sphingomonadaceae	Sphingopyxis
Seq781	Bacteria	Proteobacteria	Alphaproteobacteria	Rhodobacterales	Rhodobacteraceae	Paracoccus
Seq782	Bacteria	Proteobacteria	Betaproteobacteria	Neisseriales	Neisseriaceae	Kingella
Seq783	Bacteria	Proteobacteria	Alphaproteobacteria	Rhizobiales	Phyllobacteriaceae	Mesorhizobium
Seq784	Bacteria	Firmicutes	Bacilli	Bacillales	Planococcaceae	Sporosarcina
Seq785	Bacteria	Fusobacteria	Fusobacteriia	Fusobacteriales	Leptotrichiaceae	Leptotrichia
Seq786	Bacteria	Proteobacteria	Alphaproteobacteria	Sphingomonadales	Sphingomonadaceae	Sphingomonas
Seq787	Bacteria	Proteobacteria	Gammaproteobacteria	Pseudomonadales	Moraxellaceae	Enhydrobacter
Seq788	Bacteria	Fusobacteria	Fusobacteriia	Fusobacteriales	Leptotrichiaceae	Leptotrichia
Seq789	unknown	unknown	unknown	unknown	unknown	unknown
Seq791	Bacteria	Proteobacteria	Gammaproteobacteria	Alteromonadales	Shewanellaceae	Shewanella
Seq792	Bacteria	Proteobacteria	Gammaproteobacteria	Pasteurellales	Pasteurellaceae	unknown
Seq793	Bacteria	Proteobacteria	Betaproteobacteria	unknown	unknown	unknown
Seq794	Bacteria	Actinobacteria	Actinobacteria	Actinomycetales	Micrococcaceae	unknown
Seq795	Bacteria	Proteobacteria	Alphaproteobacteria	Rhizobiales	Methylobacteriaceae	Methylobacterium
Seq796	Bacteria	Actinobacteria	Actinobacteria	Bifidobacteriales	Bifidobacteriaceae	Bifidobacterium
Seq797	Bacteria	Fusobacteria	Fusobacteriia	Fusobacteriales	Leptotrichiaceae	Leptotrichia
Seq798	Bacteria	Bacteroidetes	Bacteroidia	Bacteroidales	Prevotellaceae	Prevotella
Seq799	Bacteria	Proteobacteria	Alphaproteobacteria	Rhizobiales	Methylobacteriaceae	Methylobacterium
Seq800	Bacteria	Proteobacteria	unknown	unknown	unknown	unknown
Seq801	Bacteria	Proteobacteria	Alphaproteobacteria	Rhizobiales	Methylobacteriaceae	Microvirga
Seq802	Bacteria	Proteobacteria	Alphaproteobacteria	Rhodobacterales	Rhodobacteraceae	Gemmobacter
Seq803	Bacteria	Proteobacteria	Betaproteobacteria	Burkholderiales	Comamonadaceae	Comamonas
Seq804	Bacteria	Firmicutes	Bacilli	Bacillales	Staphylococcaceae	unknown
Seq805	Bacteria	Actinobacteria	Actinobacteria	Actinomycetales	Micrococcaceae	Rothia
Seq806	Bacteria	unknown	unknown	unknown	unknown	unknown
Seq807	Bacteria	Proteobacteria	Betaproteobacteria	Burkholderiales	unknown	unknown
Seq808	Bacteria	Firmicutes	Bacilli	Bacillales	Bacillales_Incertae_Sedis_XI	Gemella
Seq809	Bacteria	Firmicutes	Bacilli	Lactobacillales	unknown	unknown
Seq810	Bacteria	Firmicutes	Bacilli	Bacillales	unknown	unknown
Seq811	Bacteria	Fusobacteria	Fusobacteriia	Fusobacteriales	Leptotrichiaceae	Leptotrichia
Seq812	Bacteria	Actinobacteria	Actinobacteria	Actinomycetales	Corynebacteriaceae	Corynebacterium
Seq813	Bacteria	Bacteroidetes	Bacteroidia	Bacteroidales	Prevotellaceae	Prevotella
Seq814	Bacteria	Fusobacteria	Fusobacteriia	Fusobacteriales	Leptotrichiaceae	Leptotrichia
Seq815	Bacteria	Proteobacteria	Betaproteobacteria	Burkholderiales	Comamonadaceae	Brachymonas
Seq816	Bacteria	Actinobacteria	Actinobacteria	Actinomycetales	Corynebacteriaceae	Corynebacterium
Seq817	Bacteria	Bacteroidetes	Bacteroidia	Bacteroidales	Prevotellaceae	Prevotella
Seq818	Bacteria	Actinobacteria	Actinobacteria	Actinomycetales	Corynebacteriaceae	Corynebacterium
Seq819	Bacteria	Proteobacteria	Gammaproteobacteria	Xanthomonadales	Xanthomonadaceae	Stenotrophomonas
Seq820	Bacteria	Proteobacteria	Betaproteobacteria	Burkholderiales	Comamonadaceae	Pelomonas
Seq821	Bacteria	Firmicutes	Bacilli	Lactobacillales	Lactobacillaceae	Lactobacillus
Seq823	Bacteria	Bacteroidetes	Bacteroidia	Bacteroidales	Prevotellaceae	Prevotella
Seq825	Bacteria	Proteobacteria	Alphaproteobacteria	Sphingomonadales	Sphingomonadaceae	Sphingomonas
Seq826	Bacteria	Actinobacteria	Actinobacteria	Actinomycetales	Geodermatophilaceae	Geodermatophilus
Seq827	Bacteria	Proteobacteria	Betaproteobacteria	Methylophilales	Methylophilaceae	Methylophilus
Seq829	Bacteria	Actinobacteria	Actinobacteria	Actinomycetales	Microbacteriaceae	unknown
Seq830	Bacteria	Fusobacteria	Fusobacteriia	Fusobacteriales	Fusobacteriaceae	Fusobacterium
Seq831	Bacteria	Proteobacteria	Alphaproteobacteria	Caulobacterales	Caulobacteraceae	Brevundimonas
Seq832	Bacteria	Actinobacteria	Actinobacteria	Actinomycetales	Micrococcaceae	Rothia
Seq833	Bacteria	Proteobacteria	Alphaproteobacteria	Sphingomonadales	Sphingomonadaceae	Sphingomonas
Seq834	Bacteria	Firmicutes	Erysipelotrichia	Erysipelotrichales	Erysipelotrichaceae	Turicibacter
Seq835	Bacteria	Proteobacteria	Betaproteobacteria	Neisseriales	Neisseriaceae	Neisseria
Seq837	Bacteria	Firmicutes	Clostridia	Clostridiales	Clostridiales_Incertae_Sedis_XI	Peptoniphilus
Seq838	Bacteria	Proteobacteria	Alphaproteobacteria	Rhodobacterales	Rhodobacteraceae	Rubellimicrobium
Seq839	Bacteria	Firmicutes	Bacilli	Lactobacillales	Carnobacteriaceae	Atopostipes
Seq841	Bacteria	Proteobacteria	Alphaproteobacteria	Rhizobiales	Rhizobiaceae	Rhizobium
Seq842	Bacteria	Actinobacteria	Actinobacteria	Actinomycetales	Micrococcaceae	Kocuria
Seq843	Bacteria	Proteobacteria	Alphaproteobacteria	Sphingomonadales	Sphingomonadaceae	Sphingomonas
Seq844	Bacteria	unknown	unknown	unknown	unknown	unknown
Seq845	Bacteria	Bacteroidetes	Bacteroidia	Bacteroidales	Prevotellaceae	Prevotella
Seq846	Bacteria	Proteobacteria	Epsilonproteobacteria	Campylobacterales	Campylobacteraceae	Campylobacter
Seq847	Bacteria	Firmicutes	Negativicutes	Selenomonadales	Veillonellaceae	Dialister
Seq848	Bacteria	Proteobacteria	Gammaproteobacteria	Enterobacteriales	Enterobacteriaceae	Salmonella
Seq849	Bacteria	Proteobacteria	Alphaproteobacteria	Rhodobacterales	Rhodobacteraceae	Paracoccus
Seq850	Bacteria	Firmicutes	Bacilli	Lactobacillales	Streptococcaceae	Streptococcus
Seq852	Bacteria	Cyanobacteria/Chloroplast	Chloroplast	Chloroplast	Streptophyta	unknown
Seq854	Bacteria	Spirochaetes	Spirochaetia	Spirochaetales	Spirochaetaceae	Treponema
Seq855	Bacteria	Bacteroidetes	Bacteroidia	Bacteroidales	Prevotellaceae	Prevotella
Seq856	unknown	unknown	unknown	unknown	unknown	unknown
Seq857	Bacteria	Proteobacteria	Betaproteobacteria	Neisseriales	Neisseriaceae	Neisseria
Seq858	Bacteria	Actinobacteria	Actinobacteria	Actinomycetales	Nocardioidaceae	Nocardioides
Seq859	Bacteria	Firmicutes	Clostridia	Clostridiales	Clostridiales_Incertae_Sedis_XI	Parvimonas
Seq860	Bacteria	Proteobacteria	Betaproteobacteria	Burkholderiales	Burkholderiales_incertae_sedis	Tepidimonas
Seq861	Bacteria	Proteobacteria	Alphaproteobacteria	Caulobacterales	Caulobacteraceae	Brevundimonas
Seq862	Bacteria	Bacteroidetes	Bacteroidia	Bacteroidales	Prevotellaceae	Prevotella
Seq864	Bacteria	Proteobacteria	Betaproteobacteria	Burkholderiales	Comamonadaceae	Curvibacter
Seq865	Bacteria	Firmicutes	Bacilli	Lactobacillales	Lactobacillaceae	Lactobacillus
Seq868	Bacteria	Bacteroidetes	Bacteroidia	Bacteroidales	Porphyromonadaceae	unknown
Seq869	unknown	unknown	unknown	unknown	unknown	unknown
Seq870	unknown	unknown	unknown	unknown	unknown	unknown
Seq871	Bacteria	Fusobacteria	Fusobacteriia	Fusobacteriales	Leptotrichiaceae	Leptotrichia
Seq873	Bacteria	Firmicutes	Bacilli	Bacillales	Planococcaceae	Planomicrobium
Seq874	Bacteria	Bacteroidetes	Flavobacteriia	Flavobacteriales	Flavobacteriaceae	Chryseobacterium
Seq875	Bacteria	Proteobacteria	Betaproteobacteria	Burkholderiales	Burkholderiales_incertae_sedis	Tepidimonas
Seq876	Bacteria	Proteobacteria	Betaproteobacteria	Burkholderiales	Comamonadaceae	Pelomonas
Seq877	Bacteria	Proteobacteria	Alphaproteobacteria	Sphingomonadales	Sphingomonadaceae	Sphingomonas
Seq878	Bacteria	Proteobacteria	unknown	unknown	unknown	unknown
Seq879	Bacteria	Bacteroidetes	Sphingobacteriia	Sphingobacteriales	Chitinophagaceae	Sediminibacterium
Seq880	Bacteria	unknown	unknown	unknown	unknown	unknown
Seq881	Bacteria	Proteobacteria	Gammaproteobacteria	Pseudomonadales	Pseudomonadaceae	Pseudomonas
Seq882	Bacteria	Proteobacteria	Alphaproteobacteria	Rhodobacterales	Rhodobacteraceae	Rhodobacter
Seq883	Bacteria	Firmicutes	Bacilli	Lactobacillales	Streptococcaceae	Streptococcus
Seq884	Bacteria	Proteobacteria	Gammaproteobacteria	Pasteurellales	Pasteurellaceae	unknown
Seq885	Bacteria	Proteobacteria	Gammaproteobacteria	Cardiobacteriales	Cardiobacteriaceae	Cardiobacterium
Seq886	unknown	unknown	unknown	unknown	unknown	unknown
Seq887	Bacteria	Actinobacteria	Actinobacteria	Bifidobacteriales	Bifidobacteriaceae	Bifidobacterium
Seq888	Bacteria	Bacteroidetes	Bacteroidia	Bacteroidales	Prevotellaceae	Prevotella
Seq889	Bacteria	Firmicutes	Negativicutes	Selenomonadales	Veillonellaceae	Selenomonas
Seq893	Bacteria	Proteobacteria	Alphaproteobacteria	Rhizobiales	Hyphomicrobiaceae	Devosia
Seq894	Bacteria	Bacteroidetes	Bacteroidia	Bacteroidales	Prevotellaceae	Prevotella
Seq895	Bacteria	Proteobacteria	Alphaproteobacteria	Rhodospirillales	Rhodospirillaceae	Skermanella
Seq896	Bacteria	Proteobacteria	Alphaproteobacteria	Sphingomonadales	Sphingomonadaceae	Sphingomonas
Seq897	Bacteria	Firmicutes	Bacilli	Bacillales	Paenibacillaceae_1	Paenibacillus
Seq898	Bacteria	Proteobacteria	Alphaproteobacteria	Rhodobacterales	Rhodobacteraceae	Paracoccus
Seq900	Bacteria	Bacteroidetes	Bacteroidia	Bacteroidales	Prevotellaceae	Prevotella
Seq901	Bacteria	Proteobacteria	Alphaproteobacteria	Rhodobacterales	Rhodobacteraceae	Paracoccus
Seq902	Bacteria	Proteobacteria	Betaproteobacteria	Neisseriales	Neisseriaceae	Neisseria
Seq903	Bacteria	Proteobacteria	Deltaproteobacteria	Myxococcales	Cystobacteraceae	Cystobacter
Seq904	Bacteria	Firmicutes	Negativicutes	Selenomonadales	Veillonellaceae	Megamonas
Seq905	Bacteria	Proteobacteria	Betaproteobacteria	Burkholderiales	Comamonadaceae	Schlegelella
Seq906	Bacteria	Proteobacteria	Betaproteobacteria	Burkholderiales	Comamonadaceae	Acidovorax
Seq907	Bacteria	Cyanobacteria/Chloroplast	Chloroplast	Chloroplast	Streptophyta	unknown
Seq909	Bacteria	Fusobacteria	Fusobacteriia	Fusobacteriales	Leptotrichiaceae	Leptotrichia
Seq910	Bacteria	Firmicutes	Clostridia	Clostridiales	Lachnospiraceae	Lachnoanaerobaculum
Seq912	Bacteria	Proteobacteria	Betaproteobacteria	Neisseriales	Neisseriaceae	Eikenella
Seq914	Bacteria	Actinobacteria	Actinobacteria	Actinomycetales	Nocardiaceae	Rhodococcus
Seq915	unknown	unknown	unknown	unknown	unknown	unknown
Seq919	Bacteria	Proteobacteria	Alphaproteobacteria	Sphingomonadales	Sphingomonadaceae	Sphingobium
Seq921	Bacteria	Actinobacteria	Actinobacteria	Actinomycetales	Micrococcaceae	Rothia
Seq922	Bacteria	Actinobacteria	Actinobacteria	Actinomycetales	Corynebacteriaceae	Corynebacterium
Seq923	Bacteria	Proteobacteria	Alphaproteobacteria	Sphingomonadales	Sphingomonadaceae	Novosphingobium
Seq924	Bacteria	Proteobacteria	Betaproteobacteria	Burkholderiales	Comamonadaceae	Acidovorax
Seq926	Bacteria	Bacteroidetes	Bacteroidia	Bacteroidales	Prevotellaceae	Prevotella
Seq927	Bacteria	Bacteroidetes	Bacteroidia	Bacteroidales	Prevotellaceae	Prevotella
Seq928	Bacteria	Fusobacteria	Fusobacteriia	Fusobacteriales	Leptotrichiaceae	Leptotrichia
Seq929	Bacteria	unknown	unknown	unknown	unknown	unknown
Seq930	Bacteria	Firmicutes	Clostridia	Clostridiales	Clostridiales_Incertae_Sedis_XIII	Mogibacterium
Seq931	Bacteria	Proteobacteria	Alphaproteobacteria	Rhizobiales	unknown	unknown
Seq932	Bacteria	Proteobacteria	Alphaproteobacteria	Rhodobacterales	Rhodobacteraceae	Amaricoccus
Seq933	Bacteria	Actinobacteria	Actinobacteria	Actinomycetales	Mycobacteriaceae	Mycobacterium
Seq934	Bacteria	Proteobacteria	Alphaproteobacteria	Rhizobiales	Bradyrhizobiaceae	Bradyrhizobium
Seq935	Bacteria	Bacteroidetes	Bacteroidia	Bacteroidales	Prevotellaceae	Prevotella
Seq936	Bacteria	Spirochaetes	Spirochaetia	Spirochaetales	Spirochaetaceae	Treponema
Seq937	Bacteria	Bacteroidetes	Bacteroidia	Bacteroidales	Prevotellaceae	Prevotella
Seq938	Bacteria	Firmicutes	Negativicutes	Selenomonadales	Veillonellaceae	Veillonella
Seq940	Bacteria	Fusobacteria	Fusobacteriia	Fusobacteriales	Leptotrichiaceae	Leptotrichia
Seq941	Bacteria	Actinobacteria	Actinobacteria	Actinomycetales	Dermabacteraceae	Brachybacterium
Seq943	Bacteria	Bacteroidetes	Flavobacteriia	Flavobacteriales	Flavobacteriaceae	Capnocytophaga
Seq946	Bacteria	Proteobacteria	Gammaproteobacteria	Alteromonadales	Alteromonadaceae	Alishewanella
Seq950	Bacteria	Firmicutes	Bacilli	Lactobacillales	Streptococcaceae	Streptococcus
Seq952	Bacteria	Proteobacteria	Alphaproteobacteria	Sphingomonadales	Sphingomonadaceae	Sphingomonas
Seq953	Bacteria	Actinobacteria	Actinobacteria	Actinomycetales	unknown	unknown
Seq955	Bacteria	Proteobacteria	Betaproteobacteria	Neisseriales	Neisseriaceae	Kingella
Seq957	Bacteria	Proteobacteria	Alphaproteobacteria	Rhodobacterales	Rhodobacteraceae	Paracoccus
Seq958	Bacteria	Armatimonadetes	Armatimonadetes_gp5	unknown	unknown	unknown
Seq959	Bacteria	Bacteroidetes	Bacteroidia	Bacteroidales	Prevotellaceae	Prevotella
Seq960	Bacteria	Firmicutes	Bacilli	Lactobacillales	Streptococcaceae	Streptococcus
Seq961	Bacteria	Bacteroidetes	Cytophagia	Cytophagales	Cytophagaceae	Spirosoma
Seq962	Bacteria	Firmicutes	Bacilli	Lactobacillales	Streptococcaceae	Streptococcus
Seq963	Bacteria	Firmicutes	Clostridia	Clostridiales	Lachnospiraceae	Butyrivibrio
Seq964	Bacteria	Cyanobacteria/Chloroplast	Chloroplast	Chloroplast	Streptophyta	unknown
Seq965	Bacteria	Actinobacteria	Actinobacteria	Actinomycetales	Micrococcaceae	Nesterenkonia
Seq966	Bacteria	Proteobacteria	Alphaproteobacteria	Sphingomonadales	Sphingomonadaceae	Sphingorhabdus
Seq967	Bacteria	Actinobacteria	Actinobacteria	Coriobacteriales	Coriobacteriaceae	Atopobium
Seq968	Bacteria	Proteobacteria	unknown	unknown	unknown	unknown
Seq969	Bacteria	Proteobacteria	Gammaproteobacteria	Pseudomonadales	Moraxellaceae	Acinetobacter
Seq970	Bacteria	Proteobacteria	Betaproteobacteria	Neisseriales	Neisseriaceae	Neisseria
Seq971	Bacteria	Proteobacteria	Gammaproteobacteria	Pseudomonadales	Moraxellaceae	Acinetobacter
Seq972	Bacteria	Firmicutes	Bacilli	Lactobacillales	unknown	unknown
Seq973	Bacteria	unknown	unknown	unknown	unknown	unknown
Seq976	unknown	unknown	unknown	unknown	unknown	unknown
Seq977	Bacteria	Firmicutes	Negativicutes	Selenomonadales	Veillonellaceae	Veillonella
Seq978	Bacteria	Fusobacteria	Fusobacteriia	Fusobacteriales	Leptotrichiaceae	Leptotrichia
Seq979	Bacteria	Proteobacteria	Gammaproteobacteria	Xanthomonadales	Xanthomonadaceae	Pseudoxanthomonas
Seq980	Bacteria	Bacteroidetes	unknown	unknown	unknown	unknown
Seq984	Bacteria	Proteobacteria	Gammaproteobacteria	Legionellales	Coxiellaceae	Diplorickettsia
Seq985	Bacteria	Proteobacteria	Gammaproteobacteria	Aeromonadales	Aeromonadaceae	Aeromonas
Seq986	Bacteria	Actinobacteria	Actinobacteria	Actinomycetales	Micrococcaceae	Arthrobacter
Seq987	Bacteria	Proteobacteria	Betaproteobacteria	Neisseriales	Neisseriaceae	Neisseria
Seq988	Bacteria	Proteobacteria	Gammaproteobacteria	Pseudomonadales	Moraxellaceae	Acinetobacter
Seq989	Bacteria	Proteobacteria	Alphaproteobacteria	Sphingomonadales	Sphingomonadaceae	Novosphingobium
Seq990	Bacteria	Cyanobacteria/Chloroplast	Chloroplast	Chloroplast	Streptophyta	unknown
Seq991	Bacteria	Proteobacteria	Gammaproteobacteria	Enterobacteriales	Enterobacteriaceae	Escherichia/Shigella
Seq993	Bacteria	Firmicutes	Bacilli	Lactobacillales	Streptococcaceae	Streptococcus
Seq994	Bacteria	Proteobacteria	Deltaproteobacteria	Bdellovibrionales	Bacteriovoracaceae	Peredibacter
Seq995	Bacteria	Proteobacteria	Betaproteobacteria	Rhodocyclales	Rhodocyclaceae	Thauera
Seq997	Bacteria	Actinobacteria	Actinobacteria	Actinomycetales	Actinomycetaceae	Actinomyces
Seq998	Bacteria	Bacteroidetes	Bacteroidia	Bacteroidales	Prevotellaceae	unknown
Seq999	Bacteria	Proteobacteria	Gammaproteobacteria	Pasteurellales	Pasteurellaceae	unknown
Seq1000	Bacteria	Bacteroidetes	unknown	unknown	unknown	unknown
Seq1001	Bacteria	Fusobacteria	Fusobacteriia	Fusobacteriales	Leptotrichiaceae	Leptotrichia
Seq1002	Bacteria	Firmicutes	Bacilli	Lactobacillales	Streptococcaceae	Streptococcus
Seq1003	Bacteria	Bacteroidetes	Flavobacteriia	Flavobacteriales	Flavobacteriaceae	Capnocytophaga
Seq1004	Bacteria	Proteobacteria	Gammaproteobacteria	Pasteurellales	Pasteurellaceae	Lonepinella
Seq1005	Bacteria	Bacteroidetes	Cytophagia	Cytophagales	Cytophagaceae	Hymenobacter
Seq1006	Bacteria	Firmicutes	Bacilli	Bacillales	Staphylococcaceae	Staphylococcus
Seq1009	Bacteria	Firmicutes	Clostridia	Clostridiales	Lachnospiraceae	unknown
Seq1014	Bacteria	Proteobacteria	Gammaproteobacteria	Pseudomonadales	Moraxellaceae	Acinetobacter
Seq1016	Bacteria	Firmicutes	Bacilli	Lactobacillales	Streptococcaceae	Streptococcus
Seq1017	Bacteria	Proteobacteria	Gammaproteobacteria	Pasteurellales	Pasteurellaceae	unknown
Seq1018	Bacteria	Cyanobacteria/Chloroplast	Cyanobacteria	Family_IX	GpIX	unknown
Seq1019	Bacteria	Firmicutes	Clostridia	Clostridiales	Clostridiaceae_1	unknown
Seq1022	Bacteria	Proteobacteria	Alphaproteobacteria	Rhizobiales	Methylobacteriaceae	Methylobacterium
Seq1023	Bacteria	Firmicutes	Bacilli	Lactobacillales	Enterococcaceae	Enterococcus
Seq1024	Bacteria	Proteobacteria	Alphaproteobacteria	Rhodobacterales	Rhodobacteraceae	Rubellimicrobium
Seq1025	Bacteria	Proteobacteria	Alphaproteobacteria	unknown	unknown	unknown
Seq1026	Bacteria	Proteobacteria	Betaproteobacteria	Burkholderiales	Comamonadaceae	Comamonas
Seq1027	Bacteria	Proteobacteria	Alphaproteobacteria	Rhodobacterales	Rhodobacteraceae	unknown
Seq1028	Bacteria	Bacteroidetes	Flavobacteriia	Flavobacteriales	Flavobacteriaceae	Wautersiella
Seq1029	Bacteria	Proteobacteria	Alphaproteobacteria	Rhizobiales	Methylobacteriaceae	Methylobacterium
Seq1030	Bacteria	Firmicutes	Clostridia	Clostridiales	unknown	unknown
Seq1031	Bacteria	Bacteroidetes	Bacteroidia	Bacteroidales	Prevotellaceae	Prevotella
Seq1032	Bacteria	Proteobacteria	Alphaproteobacteria	Rhodospirillales	Acetobacteraceae	Roseomonas
Seq1033	Bacteria	Bacteroidetes	Sphingobacteriia	Sphingobacteriales	Chitinophagaceae	unknown
Seq1034	Bacteria	Proteobacteria	Alphaproteobacteria	Rhizobiales	Xanthobacteraceae	Starkeya
Seq1035	Bacteria	Proteobacteria	Betaproteobacteria	Methylophilales	Methylophilaceae	Methylophilus
Seq1036	Bacteria	Actinobacteria	Actinobacteria	Actinomycetales	Microbacteriaceae	Microcella
Seq1037	Bacteria	Proteobacteria	Betaproteobacteria	Burkholderiales	Oxalobacteraceae	unknown
Seq1038	Bacteria	unknown	unknown	unknown	unknown	unknown
Seq1039	Bacteria	Proteobacteria	Alphaproteobacteria	Rhizobiales	Methylobacteriaceae	Methylobacterium
Seq1040	Bacteria	Firmicutes	Negativicutes	Selenomonadales	Veillonellaceae	Dialister
Seq1041	Bacteria	Actinobacteria	Actinobacteria	Actinomycetales	Micrococcaceae	Kocuria
Seq1042	Bacteria	Proteobacteria	Alphaproteobacteria	Caulobacterales	Caulobacteraceae	Phenylobacterium
Seq1043	Bacteria	Firmicutes	Clostridia	Clostridiales	Lachnospiraceae	unknown
Seq1044	Bacteria	Firmicutes	Bacilli	Lactobacillales	unknown	unknown
Seq1046	Bacteria	Proteobacteria	Betaproteobacteria	Burkholderiales	Comamonadaceae	unknown
Seq1047	Bacteria	Firmicutes	Clostridia	Clostridiales	Lachnospiraceae	Syntrophococcus
Seq1048	Bacteria	Fusobacteria	Fusobacteriia	Fusobacteriales	Leptotrichiaceae	Leptotrichia
Seq1049	Bacteria	Firmicutes	Bacilli	Lactobacillales	Aerococcaceae	Abiotrophia
Seq1050	Bacteria	Proteobacteria	Betaproteobacteria	Neisseriales	Neisseriaceae	Neisseria
Seq1052	Bacteria	Planctomycetes	Planctomycetia	Planctomycetales	Planctomycetaceae	unknown
Seq1053	Bacteria	Bacteroidetes	Cytophagia	Cytophagales	Cytophagaceae	Cytophaga
Seq1057	Bacteria	Proteobacteria	Gammaproteobacteria	Pseudomonadales	Moraxellaceae	Moraxella
Seq1061	Bacteria	Bacteroidetes	Flavobacteriia	Flavobacteriales	Flavobacteriaceae	Planobacterium
Seq1062	Bacteria	Bacteroidetes	Bacteroidia	Bacteroidales	Prevotellaceae	unknown
Seq1063	unknown	unknown	unknown	unknown	unknown	unknown
Seq1064	Bacteria	Firmicutes	Clostridia	Clostridiales	Lachnospiraceae	Shuttleworthia
Seq1065	Bacteria	Actinobacteria	Actinobacteria	Actinomycetales	Dermabacteraceae	Brachybacterium
Seq1066	Bacteria	Proteobacteria	Betaproteobacteria	Neisseriales	Neisseriaceae	Neisseria
Seq1067	Bacteria	Actinobacteria	Actinobacteria	Solirubrobacterales	Solirubrobacteraceae	Solirubrobacter
Seq1068	Bacteria	Actinobacteria	Actinobacteria	Actinomycetales	Intrasporangiaceae	Ornithinimicrobium
Seq1069	Bacteria	Proteobacteria	Betaproteobacteria	Rhodocyclales	Rhodocyclaceae	Uliginosibacterium
Seq1075	Bacteria	Actinobacteria	Actinobacteria	Actinomycetales	unknown	unknown
Seq1076	Bacteria	Actinobacteria	Actinobacteria	Actinomycetales	Actinomycetaceae	Actinomyces
Seq1077	Bacteria	Firmicutes	Bacilli	Bacillales	unknown	unknown
Seq1078	Bacteria	Firmicutes	Bacilli	Bacillales	Bacillaceae_1	Bacillus
Seq1079	Bacteria	Bacteroidetes	Bacteroidia	Bacteroidales	Prevotellaceae	Prevotella
Seq1080	Bacteria	Actinobacteria	Actinobacteria	Actinomycetales	Corynebacteriaceae	Corynebacterium
Seq1081	Bacteria	Proteobacteria	Gammaproteobacteria	Xanthomonadales	Xanthomonadaceae	Stenotrophomonas
Seq1082	Bacteria	Proteobacteria	Gammaproteobacteria	Xanthomonadales	Xanthomonadaceae	Stenotrophomonas
Seq1083	Bacteria	Proteobacteria	Betaproteobacteria	Burkholderiales	Comamonadaceae	Pelomonas
Seq1084	Bacteria	Bacteroidetes	Flavobacteriia	Flavobacteriales	Flavobacteriaceae	Capnocytophaga
Seq1086	Bacteria	Proteobacteria	Gammaproteobacteria	Pseudomonadales	Pseudomonadaceae	Pseudomonas
Seq1087	Bacteria	Proteobacteria	Gammaproteobacteria	Enterobacteriales	Enterobacteriaceae	Salmonella
Seq1088	Bacteria	Proteobacteria	Gammaproteobacteria	Pseudomonadales	Pseudomonadaceae	Pseudomonas
Seq1089	Bacteria	Bacteroidetes	Sphingobacteriia	Sphingobacteriales	Chitinophagaceae	Sediminibacterium
Seq1090	Bacteria	Proteobacteria	Gammaproteobacteria	Pseudomonadales	Pseudomonadaceae	Rhizobacter
Seq1091	Bacteria	Cyanobacteria/Chloroplast	Chloroplast	Chloroplast	unknown	unknown
Seq1092	Bacteria	Acidobacteria	Acidobacteria_Gp17	Gp17	unknown	unknown
Seq1093	Bacteria	Proteobacteria	Alphaproteobacteria	unknown	unknown	unknown
Seq1094	Bacteria	Proteobacteria	Alphaproteobacteria	Sphingomonadales	Sphingomonadaceae	Sphingomonas
Seq1095	Bacteria	Actinobacteria	Actinobacteria	Actinomycetales	Dietziaceae	Dietzia
Seq1096	Bacteria	Proteobacteria	Alphaproteobacteria	Caulobacterales	Caulobacteraceae	Brevundimonas
Seq1098	Bacteria	Proteobacteria	Gammaproteobacteria	Pasteurellales	Pasteurellaceae	unknown
Seq1099	Bacteria	Firmicutes	Bacilli	Lactobacillales	unknown	unknown
Seq1100	Bacteria	Actinobacteria	Actinobacteria	Actinomycetales	Micrococcaceae	Rothia
Seq1101	Bacteria	Tenericutes	Mollicutes	Mycoplasmatales	Mycoplasmataceae	Mycoplasma
Seq1102	Bacteria	Bacteroidetes	Bacteroidia	Bacteroidales	Prevotellaceae	Paraprevotella
Seq1103	Bacteria	Proteobacteria	Epsilonproteobacteria	Campylobacterales	Campylobacteraceae	Campylobacter
Seq1104	Bacteria	Firmicutes	Clostridia	Clostridiales	Lachnospiraceae	Lachnoanaerobaculum
Seq1105	Bacteria	Bacteroidetes	Sphingobacteriia	Sphingobacteriales	Chitinophagaceae	Chitinophaga
Seq1106	Bacteria	Proteobacteria	Alphaproteobacteria	Sphingomonadales	Sphingomonadaceae	Sphingobium
Seq1107	Bacteria	Proteobacteria	Alphaproteobacteria	Sphingomonadales	Sphingomonadaceae	Sphingomonas
Seq1113	Bacteria	Proteobacteria	Betaproteobacteria	Neisseriales	Neisseriaceae	Neisseria
Seq1117	Bacteria	Bacteroidetes	Flavobacteriia	Flavobacteriales	Flavobacteriaceae	Capnocytophaga
Seq1118	Bacteria	Proteobacteria	Betaproteobacteria	Burkholderiales	Comamonadaceae	Variovorax
Seq1119	Bacteria	Fusobacteria	Fusobacteriia	Fusobacteriales	Fusobacteriaceae	Fusobacterium
Seq1120	Bacteria	Fusobacteria	Fusobacteriia	Fusobacteriales	Fusobacteriaceae	Fusobacterium
Seq1121	Bacteria	Actinobacteria	Actinobacteria	Actinomycetales	Geodermatophilaceae	Modestobacter
Seq1122	Bacteria	unknown	unknown	unknown	unknown	unknown
Seq1124	Bacteria	Proteobacteria	Betaproteobacteria	Burkholderiales	Comamonadaceae	unknown
Seq1125	Bacteria	Firmicutes	Bacilli	Bacillales	Bacillaceae_1	Bacillus
Seq1126	Bacteria	Bacteroidetes	Cytophagia	Cytophagales	Cytophagaceae	Hymenobacter
Seq1127	Bacteria	Actinobacteria	Actinobacteria	Actinomycetales	Micrococcaceae	Auritidibacter
Seq1128	Bacteria	Proteobacteria	Betaproteobacteria	Burkholderiales	Comamonadaceae	Comamonas
Seq1129	Bacteria	Proteobacteria	Gammaproteobacteria	Oceanospirillales	Oceanospirillaceae	Marinomonas
Seq1130	Bacteria	Bacteroidetes	Sphingobacteriia	Sphingobacteriales	Sphingobacteriaceae	Pedobacter
Seq1131	Bacteria	Bacteroidetes	Bacteroidia	Bacteroidales	Prevotellaceae	Prevotella
Seq1132	Bacteria	Firmicutes	Bacilli	Lactobacillales	Streptococcaceae	Streptococcus
Seq1133	Bacteria	Bacteroidetes	Bacteroidia	Bacteroidales	Prevotellaceae	Prevotella
Seq1134	Bacteria	Proteobacteria	Gammaproteobacteria	Pseudomonadales	Moraxellaceae	Acinetobacter
Seq1135	Bacteria	Firmicutes	Negativicutes	Selenomonadales	Veillonellaceae	Dialister
Seq1136	Bacteria	Proteobacteria	Betaproteobacteria	Burkholderiales	Comamonadaceae	Comamonas
Seq1137	Bacteria	Firmicutes	Bacilli	Lactobacillales	Streptococcaceae	Streptococcus
Seq1138	Bacteria	Bacteroidetes	Bacteroidia	Bacteroidales	Porphyromonadaceae	Parabacteroides
Seq1139	Bacteria	Firmicutes	Bacilli	Lactobacillales	unknown	unknown
Seq1140	Bacteria	Firmicutes	Clostridia	Clostridiales	Lachnospiraceae	Clostridium_XlVa
Seq1141	Bacteria	Proteobacteria	Alphaproteobacteria	Rhizobiales	Bradyrhizobiaceae	Bradyrhizobium
Seq1142	Bacteria	Bacteroidetes	Bacteroidia	Bacteroidales	Prevotellaceae	Prevotella
Seq1143	Bacteria	Proteobacteria	Gammaproteobacteria	Xanthomonadales	Xanthomonadaceae	Stenotrophomonas
Seq1144	Bacteria	Proteobacteria	Betaproteobacteria	Burkholderiales	Comamonadaceae	Pelomonas
Seq1145	Bacteria	Proteobacteria	Alphaproteobacteria	Rhizobiales	Rhizobiaceae	Rhizobium
Seq1146	Bacteria	Firmicutes	Erysipelotrichia	Erysipelotrichales	Erysipelotrichaceae	unknown
Seq1147	Bacteria	Proteobacteria	Betaproteobacteria	Burkholderiales	Oxalobacteraceae	Duganella
Seq1148	Bacteria	Proteobacteria	Gammaproteobacteria	Oceanospirillales	Halomonadaceae	Halomonas
Seq1149	Bacteria	Proteobacteria	Alphaproteobacteria	Sphingomonadales	Sphingomonadaceae	Sphingomonas
Seq1150	Bacteria	Proteobacteria	Betaproteobacteria	Burkholderiales	Burkholderiales_incertae_sedis	unknown
Seq1151	Bacteria	Proteobacteria	Gammaproteobacteria	Pseudomonadales	Moraxellaceae	Acinetobacter
Seq1153	Bacteria	Bacteroidetes	Bacteroidia	Bacteroidales	Prevotellaceae	Prevotella
Seq1154	Bacteria	Proteobacteria	Betaproteobacteria	Burkholderiales	Comamonadaceae	Acidovorax
Seq1155	Bacteria	Proteobacteria	Gammaproteobacteria	Pasteurellales	Pasteurellaceae	unknown
Seq1156	Bacteria	Proteobacteria	Gammaproteobacteria	Pasteurellales	Pasteurellaceae	unknown
Seq1157	Bacteria	Proteobacteria	Epsilonproteobacteria	Campylobacterales	Campylobacteraceae	Campylobacter
Seq1159	Bacteria	Firmicutes	Bacilli	Lactobacillales	Carnobacteriaceae	Granulicatella
Seq1160	Bacteria	Proteobacteria	Gammaproteobacteria	Pasteurellales	Pasteurellaceae	unknown
Seq1162	Bacteria	Firmicutes	Bacilli	Lactobacillales	Streptococcaceae	Streptococcus
Seq1163	Bacteria	Bacteroidetes	Sphingobacteriia	Sphingobacteriales	Sphingobacteriaceae	Pedobacter
Seq1165	Bacteria	Fusobacteria	Fusobacteriia	Fusobacteriales	Leptotrichiaceae	Leptotrichia
Seq1167	Bacteria	unknown	unknown	unknown	unknown	unknown
Seq1168	unknown	unknown	unknown	unknown	unknown	unknown
Seq1169	Bacteria	Bacteroidetes	Bacteroidia	Bacteroidales	Prevotellaceae	Paraprevotella
Seq1170	Bacteria	Spirochaetes	Spirochaetia	Spirochaetales	Spirochaetaceae	Treponema
Seq1171	Bacteria	Actinobacteria	Actinobacteria	Actinomycetales	Actinomycetaceae	Actinomyces
Seq1172	Bacteria	Firmicutes	Clostridia	Clostridiales	Peptostreptococcaceae	Peptostreptococcus
Seq1173	Bacteria	Proteobacteria	Betaproteobacteria	Neisseriales	Neisseriaceae	Neisseria
Seq1174	Bacteria	Proteobacteria	Alphaproteobacteria	Rhizobiales	Bradyrhizobiaceae	unknown
Seq1175	Bacteria	Proteobacteria	Alphaproteobacteria	unknown	unknown	unknown
Seq1181	Bacteria	unknown	unknown	unknown	unknown	unknown
Seq1182	Bacteria	Actinobacteria	Actinobacteria	Actinomycetales	unknown	unknown
Seq1183	Bacteria	Proteobacteria	Alphaproteobacteria	Rhizobiales	Bradyrhizobiaceae	Bradyrhizobium
Seq1184	Bacteria	Actinobacteria	Actinobacteria	Actinomycetales	Nocardioidaceae	Nocardioides
Seq1185	Bacteria	Actinobacteria	Actinobacteria	Actinomycetales	Microbacteriaceae	unknown
Seq1186	Bacteria	unknown	unknown	unknown	unknown	unknown
Seq1187	Bacteria	Planctomycetes	Planctomycetia	Planctomycetales	Planctomycetaceae	Planctomyces
Seq1188	Bacteria	Proteobacteria	Alphaproteobacteria	Caulobacterales	Caulobacteraceae	Brevundimonas
Seq1189	Bacteria	Firmicutes	Bacilli	Lactobacillales	Streptococcaceae	Streptococcus
Seq1191	Bacteria	Actinobacteria	Actinobacteria	Actinomycetales	Dietziaceae	Dietzia
Seq1192	Bacteria	Bacteroidetes	Flavobacteriia	Flavobacteriales	Flavobacteriaceae	Capnocytophaga
Seq1193	Bacteria	Proteobacteria	Gammaproteobacteria	Oceanospirillales	Alcanivoracaceae	Alcanivorax
Seq1194	Bacteria	Proteobacteria	Alphaproteobacteria	Sphingomonadales	Sphingomonadaceae	Sphingorhabdus
Seq1195	Bacteria	Proteobacteria	unknown	unknown	unknown	unknown
Seq1196	Bacteria	Bacteroidetes	Bacteroidetes_incertae_sedis	Ohtaekwangia	unknown	unknown
Seq1197	Bacteria	unknown	unknown	unknown	unknown	unknown
Seq1198	Bacteria	Actinobacteria	Actinobacteria	Actinomycetales	Nakamurellaceae	Nakamurella
Seq1199	Bacteria	Bacteroidetes	Flavobacteriia	Flavobacteriales	Flavobacteriaceae	Flavobacterium
Seq1203	Bacteria	Firmicutes	Clostridia	Clostridiales	Clostridiales_Incertae_Sedis_XI	Tissierella
Seq1204	Bacteria	Firmicutes	Bacilli	Bacillales	Bacillaceae_1	Bacillus
Seq1205	Bacteria	Firmicutes	Clostridia	Clostridiales	Clostridiales_Incertae_Sedis_XI	Anaerococcus
Seq1206	Bacteria	Fusobacteria	Fusobacteriia	Fusobacteriales	Leptotrichiaceae	Leptotrichia
Seq1207	Bacteria	Firmicutes	Clostridia	Clostridiales	Peptostreptococcaceae	Peptostreptococcus
Seq1208	Bacteria	Bacteroidetes	Flavobacteriia	Flavobacteriales	Flavobacteriaceae	Capnocytophaga
Seq1209	Bacteria	Bacteroidetes	Flavobacteriia	Flavobacteriales	Flavobacteriaceae	unknown
Seq1210	Bacteria	unknown	unknown	unknown	unknown	unknown
Seq1211	Bacteria	Proteobacteria	Gammaproteobacteria	Pasteurellales	Pasteurellaceae	unknown
Seq1212	Bacteria	Fusobacteria	Fusobacteriia	Fusobacteriales	Leptotrichiaceae	Leptotrichia
Seq1213	Bacteria	Fusobacteria	Fusobacteriia	Fusobacteriales	Leptotrichiaceae	Streptobacillus
Seq1214	Bacteria	Proteobacteria	Alphaproteobacteria	Rhodobacterales	Rhodobacteraceae	Paracoccus
Seq1216	Bacteria	Proteobacteria	Gammaproteobacteria	Pasteurellales	Pasteurellaceae	unknown
Seq1218	Bacteria	Proteobacteria	Betaproteobacteria	Burkholderiales	Comamonadaceae	Pelomonas
Seq1227	Bacteria	Proteobacteria	Gammaproteobacteria	Pasteurellales	Pasteurellaceae	Haemophilus
Seq1228	Bacteria	Bacteroidetes	Flavobacteriia	Flavobacteriales	Flavobacteriaceae	unknown
Seq1229	Bacteria	Firmicutes	Clostridia	Clostridiales	Lachnospiraceae	Lachnoanaerobaculum
Seq1230	Bacteria	Bacteroidetes	Bacteroidia	Bacteroidales	Prevotellaceae	Prevotella
Seq1231	Bacteria	Fusobacteria	Fusobacteriia	Fusobacteriales	Leptotrichiaceae	unknown
Seq1233	Bacteria	unknown	unknown	unknown	unknown	unknown
Seq1234	Bacteria	Fusobacteria	Fusobacteriia	Fusobacteriales	Leptotrichiaceae	Sneathia
Seq1236	Bacteria	Actinobacteria	Actinobacteria	Actinomycetales	Micrococcaceae	Rothia
Seq1237	Bacteria	Bacteroidetes	Sphingobacteriia	Sphingobacteriales	Chitinophagaceae	Ferruginibacter
Seq1238	Bacteria	Proteobacteria	Gammaproteobacteria	Pseudomonadales	Moraxellaceae	Acinetobacter
Seq1241	Bacteria	unknown	unknown	unknown	unknown	unknown
Seq1242	Bacteria	Actinobacteria	Actinobacteria	Actinomycetales	Corynebacteriaceae	Corynebacterium
Seq1243	Bacteria	Proteobacteria	Alphaproteobacteria	Rhizobiales	Phyllobacteriaceae	Phyllobacterium
Seq1244	Bacteria	Proteobacteria	Alphaproteobacteria	Sphingomonadales	Sphingomonadaceae	Sphingobium
Seq1245	Bacteria	Firmicutes	Clostridia	Clostridiales	Clostridiaceae_1	Clostridium_sensu_stricto
Seq1246	Bacteria	Actinobacteria	Actinobacteria	Actinomycetales	Demequinaceae	Demequina
Seq1247	Bacteria	Firmicutes	Bacilli	Lactobacillales	Aerococcaceae	Facklamia
Seq1248	Bacteria	Firmicutes	Bacilli	Lactobacillales	Leuconostocaceae	Leuconostoc
Seq1249	Bacteria	Fusobacteria	Fusobacteriia	Fusobacteriales	Fusobacteriaceae	Fusobacterium
Seq1250	Bacteria	Acidobacteria	Acidobacteria_Gp6	Gp6	unknown	unknown
Seq1251	Bacteria	Proteobacteria	Alphaproteobacteria	Rhizobiales	Rhizobiaceae	Rhizobium
Seq1252	Bacteria	Proteobacteria	Gammaproteobacteria	Xanthomonadales	Xanthomonadaceae	Dokdonella
Seq1253	Bacteria	Firmicutes	Clostridia	Clostridiales	Lachnospiraceae	unknown
Seq1254	Bacteria	Proteobacteria	Gammaproteobacteria	Pseudomonadales	Moraxellaceae	Alkanindiges
Seq1255	Bacteria	Actinobacteria	Actinobacteria	Actinomycetales	Geodermatophilaceae	Modestobacter
Seq1256	Bacteria	Actinobacteria	Actinobacteria	Actinomycetales	Corynebacteriaceae	Corynebacterium
Seq1257	Bacteria	Proteobacteria	Betaproteobacteria	Neisseriales	Neisseriaceae	Kingella
Seq1258	Bacteria	Actinobacteria	Actinobacteria	Actinomycetales	Micrococcaceae	Kocuria
Seq1259	Bacteria	Proteobacteria	Betaproteobacteria	Burkholderiales	Comamonadaceae	Variovorax
Seq1260	Bacteria	Proteobacteria	Gammaproteobacteria	Cardiobacteriales	Cardiobacteriaceae	Cardiobacterium
Seq1261	Bacteria	Firmicutes	Clostridia	Clostridiales	Clostridiales_Incertae_Sedis_XI	Anaerococcus
Seq1262	Bacteria	Proteobacteria	Betaproteobacteria	Burkholderiales	Oxalobacteraceae	unknown
Seq1263	Bacteria	Bacteroidetes	Bacteroidia	Bacteroidales	Prevotellaceae	Prevotella
Seq1264	Bacteria	Firmicutes	Bacilli	Bacillales	Staphylococcaceae	Jeotgalicoccus
Seq1265	Bacteria	Firmicutes	Clostridia	Clostridiales	Peptostreptococcaceae	unknown
Seq1266	Bacteria	Proteobacteria	Gammaproteobacteria	Enterobacteriales	Enterobacteriaceae	Salmonella
Seq1267	Bacteria	Bacteroidetes	Sphingobacteriia	Sphingobacteriales	Sphingobacteriaceae	Pedobacter
Seq1268	Bacteria	Bacteroidetes	Flavobacteriia	Flavobacteriales	Cryomorphaceae	Fluviicola
Seq1269	Bacteria	Firmicutes	Bacilli	Lactobacillales	Streptococcaceae	Streptococcus
Seq1270	Bacteria	Actinobacteria	Actinobacteria	Actinomycetales	Geodermatophilaceae	Blastococcus
Seq1271	Bacteria	Proteobacteria	Alphaproteobacteria	Sphingomonadales	Sphingomonadaceae	Sphingosinicella
Seq1274	Bacteria	Fusobacteria	Fusobacteriia	Fusobacteriales	Leptotrichiaceae	Leptotrichia
Seq1275	Bacteria	Firmicutes	Bacilli	Lactobacillales	Streptococcaceae	Streptococcus
Seq1276	Bacteria	Proteobacteria	Betaproteobacteria	Neisseriales	Neisseriaceae	Eikenella
Seq1277	Bacteria	Firmicutes	Bacilli	Lactobacillales	Streptococcaceae	Streptococcus
Seq1278	Bacteria	Firmicutes	Clostridia	Clostridiales	unknown	unknown
Seq1279	Bacteria	Firmicutes	Clostridia	Clostridiales	Lachnospiraceae	Lachnoanaerobaculum
Seq1280	Bacteria	Firmicutes	Bacilli	Bacillales	Staphylococcaceae	Jeotgalicoccus
Seq1289	Bacteria	Bacteroidetes	Flavobacteriia	Flavobacteriales	Flavobacteriaceae	Capnocytophaga
Seq1290	Bacteria	unknown	unknown	unknown	unknown	unknown
Seq1292	Bacteria	Bacteroidetes	Bacteroidia	Bacteroidales	Prevotellaceae	Prevotella
Seq1293	Bacteria	Bacteroidetes	Bacteroidia	Bacteroidales	Prevotellaceae	Prevotella
Seq1294	Bacteria	Fusobacteria	Fusobacteriia	Fusobacteriales	Leptotrichiaceae	Leptotrichia
Seq1296	Bacteria	Actinobacteria	Actinobacteria	Actinomycetales	Microbacteriaceae	unknown
Seq1297	Bacteria	Actinobacteria	Actinobacteria	Actinomycetales	Corynebacteriaceae	Corynebacterium
Seq1298	Bacteria	Fusobacteria	Fusobacteriia	Fusobacteriales	Fusobacteriaceae	Fusobacterium
Seq1301	unknown	unknown	unknown	unknown	unknown	unknown
Seq1302	Bacteria	Proteobacteria	Alphaproteobacteria	Rhizobiales	Aurantimonadaceae	Aurantimonas
Seq1303	Bacteria	unknown	unknown	unknown	unknown	unknown
Seq1304	Bacteria	Proteobacteria	Betaproteobacteria	Burkholderiales	Burkholderiales_incertae_sedis	Tepidimonas
Seq1305	Bacteria	Spirochaetes	Spirochaetia	Spirochaetales	Spirochaetaceae	Treponema
Seq1306	Bacteria	Firmicutes	Bacilli	Bacillales	Staphylococcaceae	unknown
Seq1307	Bacteria	Fusobacteria	Fusobacteriia	Fusobacteriales	Leptotrichiaceae	Leptotrichia
Seq1308	Bacteria	Proteobacteria	Betaproteobacteria	Neisseriales	Neisseriaceae	Neisseria
Seq1309	Bacteria	Bacteroidetes	Bacteroidia	Bacteroidales	Prevotellaceae	Prevotella
Seq1310	Bacteria	Actinobacteria	Actinobacteria	Actinomycetales	Pseudonocardiaceae	Pseudonocardia
Seq1311	Bacteria	unknown	unknown	unknown	unknown	unknown
Seq1312	Bacteria	Bacteroidetes	Bacteroidia	Bacteroidales	Prevotellaceae	Prevotella
Seq1313	Bacteria	Proteobacteria	Alphaproteobacteria	Rhodospirillales	Acetobacteraceae	Belnapia
Seq1316	Bacteria	Fusobacteria	Fusobacteriia	Fusobacteriales	Fusobacteriaceae	Fusobacterium
Seq1317	Bacteria	Firmicutes	Bacilli	Lactobacillales	Streptococcaceae	Streptococcus
Seq1318	Bacteria	Proteobacteria	Gammaproteobacteria	Oceanospirillales	Halomonadaceae	Halomonas
Seq1319	Bacteria	Firmicutes	Bacilli	Lactobacillales	unknown	unknown
Seq1320	Bacteria	Firmicutes	Bacilli	Lactobacillales	Carnobacteriaceae	Carnobacterium
Seq1321	Bacteria	Proteobacteria	Betaproteobacteria	Rhodocyclales	Rhodocyclaceae	Azospira
Seq1322	Bacteria	Bacteroidetes	Cytophagia	Cytophagales	Cytophagaceae	Hymenobacter
Seq1323	Bacteria	Proteobacteria	Alphaproteobacteria	Rhodobacterales	Rhodobacteraceae	Amaricoccus
Seq1324	Bacteria	Firmicutes	Clostridia	Clostridiales	Lachnospiraceae	Roseburia
Seq1325	unknown	unknown	unknown	unknown	unknown	unknown
Seq1326	Bacteria	Bacteroidetes	Bacteroidia	Bacteroidales	Porphyromonadaceae	Dysgonomonas
Seq1327	Bacteria	Chloroflexi	unknown	unknown	unknown	unknown
Seq1328	Bacteria	Proteobacteria	Gammaproteobacteria	unknown	unknown	unknown
Seq1329	Bacteria	Actinobacteria	Actinobacteria	Actinomycetales	Micrococcaceae	Kocuria
Seq1330	Bacteria	Firmicutes	Bacilli	Bacillales	Bacillaceae_1	unknown
Seq1331	Bacteria	unknown	unknown	unknown	unknown	unknown
Seq1332	Bacteria	Actinobacteria	Actinobacteria	Actinomycetales	Nocardioidaceae	Nocardioides
Seq1333	Bacteria	Acidobacteria	Acidobacteria_Gp3	Bryobacter	unknown	unknown
Seq1334	Bacteria	Proteobacteria	Alphaproteobacteria	Caulobacterales	Caulobacteraceae	Caulobacter
Seq1335	Bacteria	Proteobacteria	Alphaproteobacteria	Rhodospirillales	Acetobacteraceae	Roseomonas
Seq1336	Bacteria	Firmicutes	Bacilli	Bacillales	Planococcaceae	unknown
Seq1338	Bacteria	Proteobacteria	Gammaproteobacteria	Pasteurellales	Pasteurellaceae	unknown
Seq1339	Bacteria	Proteobacteria	Gammaproteobacteria	Pasteurellales	Pasteurellaceae	unknown
Seq1340	Bacteria	Bacteroidetes	unknown	unknown	unknown	unknown
Seq1341	Bacteria	Proteobacteria	Gammaproteobacteria	Pasteurellales	Pasteurellaceae	unknown
Seq1342	Bacteria	Proteobacteria	Gammaproteobacteria	Pasteurellales	Pasteurellaceae	unknown
Seq1343	Bacteria	Bacteroidetes	Bacteroidia	Bacteroidales	Prevotellaceae	Prevotella
Seq1344	Bacteria	Firmicutes	Bacilli	Lactobacillales	unknown	unknown
Seq1345	Bacteria	Proteobacteria	Betaproteobacteria	Burkholderiales	Comamonadaceae	Brachymonas
Seq1346	Bacteria	Bacteroidetes	Flavobacteriia	Flavobacteriales	Flavobacteriaceae	Capnocytophaga
Seq1347	Bacteria	Bacteroidetes	Bacteroidia	Bacteroidales	Prevotellaceae	unknown
Seq1348	Bacteria	Proteobacteria	Gammaproteobacteria	Pasteurellales	Pasteurellaceae	unknown
Seq1349	Bacteria	Actinobacteria	Actinobacteria	Actinomycetales	Corynebacteriaceae	Corynebacterium
Seq1350	Bacteria	Proteobacteria	Gammaproteobacteria	Pasteurellales	Pasteurellaceae	Lonepinella
Seq1351	Bacteria	Proteobacteria	Gammaproteobacteria	Pasteurellales	Pasteurellaceae	unknown
Seq1354	Bacteria	Proteobacteria	Betaproteobacteria	Methylophilales	Methylophilaceae	Methylophilus
Seq1355	Bacteria	Bacteroidetes	Bacteroidia	Bacteroidales	Prevotellaceae	Prevotella
Seq1356	Bacteria	Proteobacteria	Alphaproteobacteria	Sphingomonadales	Sphingomonadaceae	Sphingopyxis
Seq1357	Bacteria	Firmicutes	Erysipelotrichia	Erysipelotrichales	Erysipelotrichaceae	Erysipelothrix
Seq1373	Bacteria	Bacteroidetes	Flavobacteriia	Flavobacteriales	Flavobacteriaceae	Capnocytophaga
Seq1374	Bacteria	Proteobacteria	Gammaproteobacteria	Pasteurellales	Pasteurellaceae	unknown
Seq1375	Bacteria	Fusobacteria	Fusobacteriia	Fusobacteriales	Leptotrichiaceae	Leptotrichia
Seq1376	Bacteria	Proteobacteria	Gammaproteobacteria	Cardiobacteriales	Cardiobacteriaceae	Cardiobacterium
Seq1377	Bacteria	Actinobacteria	Actinobacteria	Coriobacteriales	Coriobacteriaceae	Atopobium
Seq1378	Bacteria	Firmicutes	Bacilli	unknown	unknown	unknown
Seq1379	Bacteria	Firmicutes	Erysipelotrichia	Erysipelotrichales	Erysipelotrichaceae	Solobacterium
Seq1380	Bacteria	Proteobacteria	Alphaproteobacteria	Rhodospirillales	Acetobacteraceae	Roseomonas
Seq1381	Bacteria	Proteobacteria	Alphaproteobacteria	Sphingomonadales	Sphingomonadaceae	Sphingomonas
Seq1382	Bacteria	Acidobacteria	Acidobacteria_Gp16	Gp16	unknown	unknown
Seq1383	Bacteria	Proteobacteria	Alphaproteobacteria	Rhodobacterales	Rhodobacteraceae	Rhodobacter
Seq1384	Bacteria	Proteobacteria	Gammaproteobacteria	Xanthomonadales	Sinobacteraceae	Steroidobacter
Seq1385	Bacteria	Chloroflexi	Thermomicrobia	Sphaerobacterales	Sphaerobacteraceae	Sphaerobacter
Seq1386	Bacteria	Actinobacteria	Actinobacteria	Actinomycetales	Dermabacteraceae	Brachybacterium
Seq1390	Bacteria	Cyanobacteria/Chloroplast	Chloroplast	Chloroplast	Streptophyta	unknown
Seq1391	Bacteria	Proteobacteria	Betaproteobacteria	Neisseriales	Neisseriaceae	Kingella
Seq1392	Bacteria	Actinobacteria	Actinobacteria	Actinomycetales	Nocardioidaceae	Nocardioides
Seq1393	Bacteria	Firmicutes	Clostridia	Clostridiales	Clostridiales_Incertae_Sedis_XI	Anaerococcus
Seq1394	Bacteria	Firmicutes	Bacilli	Lactobacillales	Lactobacillaceae	Lactobacillus
Seq1395	Bacteria	Proteobacteria	Alphaproteobacteria	Rhodobacterales	Rhodobacteraceae	Gemmobacter
Seq1396	Bacteria	Deinococcus-Thermus	Deinococci	Thermales	Thermaceae	Thermus
Seq1397	Bacteria	Actinobacteria	Actinobacteria	Actinomycetales	Actinomycetaceae	Actinomyces
Seq1398	Bacteria	Firmicutes	Bacilli	Lactobacillales	Carnobacteriaceae	Atopostipes
Seq1400	Bacteria	Bacteroidetes	Flavobacteriia	Flavobacteriales	Flavobacteriaceae	Capnocytophaga
Seq1401	Bacteria	Bacteroidetes	Cytophagia	Cytophagales	Cytophagaceae	Hymenobacter
Seq1402	Bacteria	Proteobacteria	Gammaproteobacteria	Pasteurellales	Pasteurellaceae	unknown
Seq1403	Bacteria	Bacteroidetes	Cytophagia	Cytophagales	Cytophagaceae	Rhodocytophaga
Seq1404	Bacteria	Bacteroidetes	Sphingobacteriia	Sphingobacteriales	Sphingobacteriaceae	Pedobacter
Seq1405	Bacteria	Firmicutes	Clostridia	Clostridiales	Clostridiales_Incertae_Sedis_XI	Peptoniphilus
Seq1406	Bacteria	Proteobacteria	Betaproteobacteria	Rhodocyclales	Rhodocyclaceae	Rhodocyclus
Seq1407	Bacteria	Fusobacteria	Fusobacteriia	Fusobacteriales	Leptotrichiaceae	Leptotrichia
Seq1408	Bacteria	Firmicutes	Bacilli	Lactobacillales	unknown	unknown
Seq1409	Bacteria	Proteobacteria	Gammaproteobacteria	Xanthomonadales	Xanthomonadaceae	Stenotrophomonas
Seq1411	Bacteria	Proteobacteria	Gammaproteobacteria	Enterobacteriales	Enterobacteriaceae	Enterobacter
Seq1412	Bacteria	Firmicutes	Clostridia	Clostridiales	Lachnospiraceae	Lachnoanaerobaculum
Seq1413	Bacteria	Proteobacteria	Alphaproteobacteria	Rhodobacterales	Rhodobacteraceae	Paracoccus
Seq1414	Bacteria	Deinococcus-Thermus	Deinococci	Deinococcales	Trueperaceae	Truepera
Seq1415	Bacteria	Firmicutes	Bacilli	Bacillales	Bacillaceae_1	Aeribacillus
Seq1416	Bacteria	Bacteroidetes	Cytophagia	Cytophagales	Cytophagaceae	Hymenobacter
Seq1417	Bacteria	Firmicutes	Bacilli	Lactobacillales	Carnobacteriaceae	unknown
Seq1418	Bacteria	Actinobacteria	Actinobacteria	Actinomycetales	Corynebacteriaceae	Corynebacterium
Seq1419	Bacteria	Firmicutes	Bacilli	Lactobacillales	Leuconostocaceae	Leuconostoc
Seq1420	Bacteria	unknown	unknown	unknown	unknown	unknown
Seq1421	Bacteria	Actinobacteria	Actinobacteria	Actinomycetales	unknown	unknown
Seq1422	Bacteria	Proteobacteria	Betaproteobacteria	Burkholderiales	Burkholderiaceae	Burkholderia
Seq1423	Bacteria	Proteobacteria	Gammaproteobacteria	Pseudomonadales	Moraxellaceae	Moraxella
Seq1424	Bacteria	Proteobacteria	Betaproteobacteria	Burkholderiales	Burkholderiales_incertae_sedis	Tepidimonas
Seq1425	Bacteria	Proteobacteria	Alphaproteobacteria	Rhodobacterales	Rhodobacteraceae	Paracoccus
Seq1426	Bacteria	Actinobacteria	Actinobacteria	Actinomycetales	Nocardiaceae	Rhodococcus
Seq1427	Bacteria	Firmicutes	Clostridia	Clostridiales	unknown	unknown
Seq1428	Bacteria	Firmicutes	Bacilli	Bacillales	Bacillales_Incertae_Sedis_XII	Exiguobacterium
Seq1429	Bacteria	Proteobacteria	Alphaproteobacteria	Caulobacterales	Caulobacteraceae	Caulobacter
Seq1430	Bacteria	Actinobacteria	Actinobacteria	Actinomycetales	Pseudonocardiaceae	Lentzea
Seq1431	Bacteria	Actinobacteria	Actinobacteria	Actinomycetales	Dietziaceae	Dietzia
Seq1432	Bacteria	Firmicutes	Clostridia	Clostridiales	Clostridiales_Incertae_Sedis_XI	Peptoniphilus
Seq1433	Bacteria	Firmicutes	Clostridia	Clostridiales	Lachnospiraceae	Blautia
Seq1434	Bacteria	unknown	unknown	unknown	unknown	unknown
Seq1435	Bacteria	Bacteroidetes	Flavobacteriia	Flavobacteriales	Cryomorphaceae	unknown
Seq1436	Bacteria	Firmicutes	Bacilli	Bacillales	Paenibacillaceae_1	Saccharibacillus
Seq1437	Bacteria	Proteobacteria	Gammaproteobacteria	Pasteurellales	Pasteurellaceae	unknown
Seq1440	Bacteria	Firmicutes	Clostridia	Clostridiales	Lachnospiraceae	Lachnoanaerobaculum
Seq1441	Bacteria	Firmicutes	Bacilli	Lactobacillales	Carnobacteriaceae	Granulicatella
Seq1442	Bacteria	Bacteroidetes	unknown	unknown	unknown	unknown
Seq1443	Bacteria	Bacteroidetes	unknown	unknown	unknown	unknown
Seq1444	Bacteria	Proteobacteria	Gammaproteobacteria	Pasteurellales	Pasteurellaceae	Haemophilus
Seq1445	Bacteria	Firmicutes	Erysipelotrichia	Erysipelotrichales	Erysipelotrichaceae	Solobacterium
Seq1446	Bacteria	Proteobacteria	Gammaproteobacteria	Pasteurellales	Pasteurellaceae	Haemophilus
Seq1448	Bacteria	Fusobacteria	Fusobacteriia	Fusobacteriales	Leptotrichiaceae	Leptotrichia
Seq1449	Bacteria	Firmicutes	Bacilli	Lactobacillales	Carnobacteriaceae	Granulicatella
Seq1450	Bacteria	Candidatus_Saccharibacteria	unknown	unknown	unknown	unknown
Seq1451	Bacteria	Proteobacteria	Epsilonproteobacteria	Campylobacterales	Campylobacteraceae	Campylobacter
Seq1452	Bacteria	Firmicutes	Negativicutes	Selenomonadales	Veillonellaceae	Anaeroglobus
Seq1453	Bacteria	Candidatus_Saccharibacteria	unknown	unknown	unknown	unknown
Seq1454	Bacteria	Spirochaetes	Spirochaetia	Spirochaetales	Spirochaetaceae	Treponema
Seq1455	Bacteria	Firmicutes	Bacilli	Lactobacillales	Streptococcaceae	Streptococcus
Seq1457	Bacteria	Fusobacteria	Fusobacteriia	Fusobacteriales	Leptotrichiaceae	Leptotrichia
Seq1458	Bacteria	Proteobacteria	Gammaproteobacteria	Pasteurellales	Pasteurellaceae	unknown
Seq1459	Bacteria	Proteobacteria	Betaproteobacteria	Burkholderiales	unknown	unknown
Seq1460	Bacteria	Fusobacteria	Fusobacteriia	Fusobacteriales	Leptotrichiaceae	Leptotrichia
Seq1461	Bacteria	Firmicutes	Negativicutes	Selenomonadales	Veillonellaceae	Veillonella
Seq1462	Bacteria	Firmicutes	Clostridia	Clostridiales	Lachnospiraceae	Lachnoanaerobaculum
Seq1463	Bacteria	Bacteroidetes	Flavobacteriia	Flavobacteriales	Flavobacteriaceae	Capnocytophaga
Seq1464	Bacteria	Bacteroidetes	Flavobacteriia	Flavobacteriales	Flavobacteriaceae	Capnocytophaga
Seq1465	Bacteria	Firmicutes	Erysipelotrichia	Erysipelotrichales	Erysipelotrichaceae	Bulleidia
Seq1466	Bacteria	Firmicutes	Bacilli	Lactobacillales	Leuconostocaceae	Leuconostoc
Seq1467	Bacteria	Actinobacteria	Actinobacteria	Actinomycetales	Streptosporangiaceae	Nonomuraea
Seq1468	Bacteria	Proteobacteria	Alphaproteobacteria	Rhodobacterales	Rhodobacteraceae	Gemmobacter
Seq1469	Bacteria	Actinobacteria	Actinobacteria	Actinomycetales	unknown	unknown
Seq1480	Bacteria	unknown	unknown	unknown	unknown	unknown
Seq1487	Bacteria	Firmicutes	Bacilli	Lactobacillales	Streptococcaceae	Streptococcus
Seq1488	Bacteria	Proteobacteria	Betaproteobacteria	Neisseriales	Neisseriaceae	unknown
Seq1489	Bacteria	Firmicutes	Negativicutes	Selenomonadales	Veillonellaceae	Veillonella
Seq1490	Bacteria	Firmicutes	Bacilli	Lactobacillales	unknown	unknown
Seq1491	Bacteria	Proteobacteria	Gammaproteobacteria	Pasteurellales	Pasteurellaceae	unknown
Seq1492	Bacteria	Proteobacteria	Gammaproteobacteria	Pasteurellales	Pasteurellaceae	unknown
Seq1493	Bacteria	Firmicutes	Clostridia	Clostridiales	Lachnospiraceae	Lachnoanaerobaculum
Seq1494	Bacteria	Firmicutes	Bacilli	Lactobacillales	Streptococcaceae	Streptococcus
Seq1496	Bacteria	Proteobacteria	Gammaproteobacteria	Pseudomonadales	Moraxellaceae	Moraxella
Seq1497	Bacteria	Proteobacteria	Betaproteobacteria	Burkholderiales	Burkholderiaceae	Burkholderia
Seq1498	Bacteria	Actinobacteria	Actinobacteria	Actinomycetales	Micrococcaceae	Kocuria
Seq1499	Bacteria	Proteobacteria	Alphaproteobacteria	Rhizobiales	Xanthobacteraceae	unknown
Seq1500	Bacteria	Proteobacteria	Alphaproteobacteria	Rhizobiales	Methylobacteriaceae	Methylobacterium
Seq1503	Bacteria	Proteobacteria	Gammaproteobacteria	Pseudomonadales	Pseudomonadaceae	Pseudomonas
Seq1504	Bacteria	Proteobacteria	Alphaproteobacteria	Caulobacterales	Caulobacteraceae	Asticcacaulis
Seq1505	Bacteria	Bacteroidetes	Cytophagia	Cytophagales	Cytophagaceae	Adhaeribacter
Seq1506	Bacteria	Firmicutes	Clostridia	Clostridiales	Clostridiaceae_1	Clostridium_sensu_stricto
Seq1507	Bacteria	Actinobacteria	Actinobacteria	unknown	unknown	unknown
Seq1508	Bacteria	Proteobacteria	Gammaproteobacteria	Enterobacteriales	Enterobacteriaceae	Lonsdalea
Seq1509	Bacteria	Actinobacteria	Actinobacteria	Actinomycetales	Streptomycetaceae	Streptomyces
Seq1510	Bacteria	Bacteroidetes	Bacteroidia	Bacteroidales	Prevotellaceae	Prevotella
Seq1511	Bacteria	Proteobacteria	Alphaproteobacteria	Sphingomonadales	Sphingomonadaceae	Sphingomonas
Seq1512	Bacteria	Bacteroidetes	Bacteroidia	Bacteroidales	Prevotellaceae	Prevotella
Seq1513	Bacteria	Gemmatimonadetes	Gemmatimonadetes	Gemmatimonadales	Gemmatimonadaceae	Gemmatimonas
Seq1514	Bacteria	Actinobacteria	Actinobacteria	Actinomycetales	Corynebacteriaceae	Corynebacterium
Seq1517	Bacteria	Firmicutes	Bacilli	Lactobacillales	Streptococcaceae	Streptococcus
Seq1518	Bacteria	Proteobacteria	Betaproteobacteria	Neisseriales	Neisseriaceae	unknown
Seq1519	Bacteria	Gemmatimonadetes	Gemmatimonadetes	Gemmatimonadales	Gemmatimonadaceae	Gemmatimonas
Seq1520	Bacteria	Firmicutes	Bacilli	Lactobacillales	Leuconostocaceae	Leuconostoc
Seq1521	Bacteria	Bacteroidetes	unknown	unknown	unknown	unknown
Seq1522	Bacteria	Proteobacteria	Alphaproteobacteria	Rhodospirillales	Acetobacteraceae	Roseomonas
Seq1523	Bacteria	Actinobacteria	Actinobacteria	Actinomycetales	unknown	unknown
Seq1524	Bacteria	Spirochaetes	Spirochaetia	Spirochaetales	Spirochaetaceae	Treponema
Seq1525	Bacteria	Bacteroidetes	Sphingobacteriia	Sphingobacteriales	Sphingobacteriaceae	Mucilaginibacter
Seq1526	Bacteria	Proteobacteria	Betaproteobacteria	Burkholderiales	Burkholderiales_incertae_sedis	Tepidimonas
Seq1527	Bacteria	Proteobacteria	Alphaproteobacteria	Sphingomonadales	Sphingomonadaceae	Sphingomonas
Seq1528	Bacteria	Bacteroidetes	Sphingobacteriia	Sphingobacteriales	Chitinophagaceae	Flavisolibacter
Seq1529	Bacteria	Actinobacteria	Actinobacteria	Actinomycetales	Micromonosporaceae	Micromonospora
Seq1530	Bacteria	Bacteroidetes	Cytophagia	Cytophagales	Cytophagaceae	unknown
Seq1531	Bacteria	Proteobacteria	Betaproteobacteria	Neisseriales	Neisseriaceae	Neisseria
Seq1532	Bacteria	Actinobacteria	Actinobacteria	Coriobacteriales	Coriobacteriaceae	Olsenella
Seq1533	Bacteria	Proteobacteria	unknown	unknown	unknown	unknown
Seq1534	Bacteria	Proteobacteria	Epsilonproteobacteria	Campylobacterales	Campylobacteraceae	Campylobacter
Seq1535	Bacteria	Proteobacteria	Gammaproteobacteria	Xanthomonadales	Xanthomonadaceae	Lysobacter
Seq1536	Bacteria	Proteobacteria	Alphaproteobacteria	Rhizobiales	Bradyrhizobiaceae	Bradyrhizobium
Seq1537	Bacteria	Bacteroidetes	Sphingobacteriia	Sphingobacteriales	Sphingobacteriaceae	Pedobacter
Seq1538	Bacteria	Proteobacteria	Betaproteobacteria	Burkholderiales	Comamonadaceae	Hydrogenophaga
Seq1539	Bacteria	Proteobacteria	Alphaproteobacteria	Sphingomonadales	Sphingomonadaceae	Sphingomonas
Seq1540	Bacteria	Actinobacteria	Actinobacteria	Coriobacteriales	Coriobacteriaceae	Collinsella
Seq1544	Bacteria	Proteobacteria	Gammaproteobacteria	Enterobacteriales	Enterobacteriaceae	Cronobacter
Seq1545	Bacteria	Acidobacteria	Acidobacteria_Gp4	Gp4	unknown	unknown
Seq1546	Bacteria	Proteobacteria	Alphaproteobacteria	Sphingomonadales	Sphingomonadaceae	Sphingomonas
Seq1547	Bacteria	Firmicutes	Bacilli	Lactobacillales	Carnobacteriaceae	Atopostipes
Seq1548	Bacteria	Actinobacteria	Actinobacteria	Actinomycetales	Micrococcaceae	Micrococcus
Seq1549	Archaea	Euryarchaeota	Methanobacteria	Methanobacteriales	Methanobacteriaceae	Methanobacterium
Seq1550	Bacteria	Firmicutes	Bacilli	Bacillales	Bacillaceae_1	Bacillus
Seq1551	Bacteria	Cyanobacteria/Chloroplast	Chloroplast	Chloroplast	Bacillariophyta	unknown
Seq1552	Bacteria	Proteobacteria	Betaproteobacteria	Burkholderiales	Comamonadaceae	unknown
Seq1553	Bacteria	Proteobacteria	Alphaproteobacteria	Rhodobacterales	Rhodobacteraceae	Rhodobacter
Seq1554	Bacteria	Actinobacteria	Actinobacteria	Actinomycetales	unknown	unknown
Seq1555	Bacteria	Firmicutes	Clostridia	Clostridiales	Clostridiales_Incertae_Sedis_XI	Anaerococcus
Seq1556	Bacteria	Fusobacteria	Fusobacteriia	Fusobacteriales	Leptotrichiaceae	Leptotrichia
Seq1557	Bacteria	Bacteroidetes	Sphingobacteriia	Sphingobacteriales	Sphingobacteriaceae	Sphingobacterium
Seq1558	Bacteria	Actinobacteria	Actinobacteria	Bifidobacteriales	Bifidobacteriaceae	Bifidobacterium
Seq1559	Bacteria	Proteobacteria	Alphaproteobacteria	Rhodobacterales	Rhodobacteraceae	Paracoccus
Seq1561	Bacteria	Firmicutes	Clostridia	Clostridiales	unknown	unknown
Seq1562	Bacteria	Proteobacteria	Gammaproteobacteria	Pasteurellales	Pasteurellaceae	Mannheimia
Seq1563	Bacteria	Bacteroidetes	Flavobacteriia	Flavobacteriales	Flavobacteriaceae	Capnocytophaga
Seq1564	Bacteria	Proteobacteria	Gammaproteobacteria	Pasteurellales	Pasteurellaceae	unknown
Seq1565	Bacteria	Fusobacteria	Fusobacteriia	Fusobacteriales	Leptotrichiaceae	Streptobacillus
Seq1566	Bacteria	Proteobacteria	Gammaproteobacteria	Pasteurellales	Pasteurellaceae	Haemophilus
Seq1567	Bacteria	Bacteroidetes	Bacteroidia	Bacteroidales	Prevotellaceae	Prevotella
Seq1568	Bacteria	Proteobacteria	Gammaproteobacteria	Pasteurellales	Pasteurellaceae	unknown
Seq1569	Bacteria	Firmicutes	Clostridia	Clostridiales	Peptostreptococcaceae	unknown
Seq1570	Bacteria	Proteobacteria	Gammaproteobacteria	Pasteurellales	Pasteurellaceae	Haemophilus
Seq1571	Bacteria	Actinobacteria	Actinobacteria	Actinomycetales	Corynebacteriaceae	Corynebacterium
Seq1572	Bacteria	Proteobacteria	Gammaproteobacteria	Pasteurellales	Pasteurellaceae	Haemophilus
Seq1573	Bacteria	Proteobacteria	Gammaproteobacteria	Pasteurellales	Pasteurellaceae	unknown
Seq1574	Bacteria	Proteobacteria	Gammaproteobacteria	Pasteurellales	Pasteurellaceae	unknown
Seq1575	Bacteria	Proteobacteria	Gammaproteobacteria	Pasteurellales	Pasteurellaceae	Lonepinella
Seq1576	Bacteria	Proteobacteria	Epsilonproteobacteria	Campylobacterales	Campylobacteraceae	Campylobacter
Seq1577	Bacteria	Fusobacteria	Fusobacteriia	Fusobacteriales	Leptotrichiaceae	unknown
Seq1578	Bacteria	Proteobacteria	Gammaproteobacteria	Pasteurellales	Pasteurellaceae	unknown
Seq1579	Bacteria	Planctomycetes	Planctomycetia	Planctomycetales	Planctomycetaceae	Zavarzinella
Seq1581	Bacteria	Firmicutes	Clostridia	Clostridiales	Lachnospiraceae	Clostridium_XlVa
Seq1582	Bacteria	Firmicutes	Bacilli	Lactobacillales	Lactobacillaceae	Lactobacillus
Seq1583	Bacteria	Actinobacteria	Actinobacteria	Actinomycetales	Micrococcaceae	Rothia
Seq1584	Bacteria	Firmicutes	Clostridia	Clostridiales	Eubacteriaceae	Eubacterium
Seq1585	Bacteria	Proteobacteria	Betaproteobacteria	Neisseriales	Neisseriaceae	Neisseria
Seq1589	Bacteria	Bacteroidetes	Bacteroidia	Bacteroidales	Prevotellaceae	Prevotella
Seq1595	Bacteria	Bacteroidetes	Bacteroidia	Bacteroidales	Prevotellaceae	Alloprevotella
Seq1601	Bacteria	Firmicutes	Bacilli	Lactobacillales	Streptococcaceae	Streptococcus
Seq1602	Bacteria	Actinobacteria	Actinobacteria	Coriobacteriales	Coriobacteriaceae	Atopobium
Seq1603	Bacteria	Firmicutes	Clostridia	Clostridiales	Lachnospiraceae	Lachnoanaerobaculum
Seq1604	Bacteria	Firmicutes	Clostridia	Clostridiales	Lachnospiraceae	Butyrivibrio
Seq1605	Bacteria	Proteobacteria	Gammaproteobacteria	Pasteurellales	Pasteurellaceae	unknown
Seq1606	Bacteria	Firmicutes	Bacilli	unknown	unknown	unknown
Seq1607	Bacteria	Bacteroidetes	Bacteroidia	Bacteroidales	Prevotellaceae	Prevotella
Seq1608	Bacteria	Fusobacteria	Fusobacteriia	Fusobacteriales	Fusobacteriaceae	Fusobacterium
Seq1609	Bacteria	Firmicutes	Bacilli	unknown	unknown	unknown
Seq1610	Bacteria	Firmicutes	Erysipelotrichia	Erysipelotrichales	Erysipelotrichaceae	Solobacterium
Seq1612	Bacteria	Proteobacteria	Gammaproteobacteria	Pseudomonadales	Pseudomonadaceae	Pseudomonas
Seq1613	Bacteria	Bacteroidetes	Sphingobacteriia	Sphingobacteriales	Chitinophagaceae	unknown
Seq1614	Bacteria	Proteobacteria	Gammaproteobacteria	Xanthomonadales	Sinobacteraceae	Steroidobacter
Seq1615	Bacteria	Proteobacteria	Alphaproteobacteria	Sphingomonadales	Sphingomonadaceae	Novosphingobium
Seq1616	Bacteria	Firmicutes	Bacilli	Lactobacillales	Lactobacillaceae	Lactobacillus
Seq1617	Bacteria	Actinobacteria	Actinobacteria	Actinomycetales	Dermabacteraceae	Brachybacterium
Seq1618	Bacteria	Firmicutes	Bacilli	Bacillales	Bacillales_Incertae_Sedis_XII	Exiguobacterium
Seq1619	Bacteria	Firmicutes	Bacilli	Lactobacillales	Lactobacillaceae	Lactobacillus
Seq1622	Bacteria	Proteobacteria	Alphaproteobacteria	Rhodospirillales	Rhodospirillaceae	Caenispirillum
Seq1625	Bacteria	Firmicutes	Bacilli	Lactobacillales	Carnobacteriaceae	Atopostipes
Seq1626	Bacteria	Firmicutes	Bacilli	Lactobacillales	Aerococcaceae	Facklamia
Seq1627	Bacteria	Firmicutes	Bacilli	Bacillales	Bacillaceae_1	Bacillus
Seq1628	Bacteria	Firmicutes	Bacilli	Bacillales	Planococcaceae	Planomicrobium
Seq1629	Bacteria	Proteobacteria	Betaproteobacteria	Burkholderiales	Comamonadaceae	unknown
Seq1630	Bacteria	Proteobacteria	Epsilonproteobacteria	Campylobacterales	Campylobacteraceae	Arcobacter
Seq1631	Bacteria	Verrucomicrobia	Opitutae	Opitutales	Opitutaceae	Opitutus
Seq1632	Bacteria	Bacteroidetes	Cytophagia	Cytophagales	Cytophagaceae	Hymenobacter
Seq1633	Bacteria	Proteobacteria	Gammaproteobacteria	Pseudomonadales	Moraxellaceae	Acinetobacter
Seq1634	Bacteria	Gemmatimonadetes	Gemmatimonadetes	Gemmatimonadales	Gemmatimonadaceae	Gemmatimonas
Seq1635	Bacteria	Proteobacteria	Alphaproteobacteria	Sphingomonadales	Erythrobacteraceae	Porphyrobacter
Seq1636	Bacteria	Proteobacteria	Betaproteobacteria	Neisseriales	Neisseriaceae	Neisseria
Seq1637	Bacteria	Firmicutes	Bacilli	Lactobacillales	Streptococcaceae	Streptococcus
Seq1638	Bacteria	Bacteroidetes	Bacteroidia	Bacteroidales	Prevotellaceae	Prevotella
Seq1639	Bacteria	Bacteroidetes	Bacteroidia	Bacteroidales	Prevotellaceae	Prevotella
Seq1640	Bacteria	Fusobacteria	Fusobacteriia	Fusobacteriales	Leptotrichiaceae	Leptotrichia
Seq1641	Bacteria	Cyanobacteria/Chloroplast	Chloroplast	Chloroplast	Streptophyta	unknown
Seq1642	Bacteria	Proteobacteria	Betaproteobacteria	Burkholderiales	Alcaligenaceae	Bordetella
Seq1643	Bacteria	Proteobacteria	Deltaproteobacteria	Desulfovibrionales	Desulfovibrionaceae	Desulfovibrio
Seq1644	Bacteria	Fusobacteria	Fusobacteriia	Fusobacteriales	Leptotrichiaceae	Leptotrichia
Seq1645	Bacteria	Bacteroidetes	Bacteroidia	Bacteroidales	Prevotellaceae	Prevotella
Seq1646	Bacteria	Actinobacteria	Actinobacteria	Acidimicrobiales	unknown	unknown
Seq1647	Bacteria	unknown	unknown	unknown	unknown	unknown
Seq1648	Bacteria	Firmicutes	Negativicutes	Selenomonadales	Veillonellaceae	Selenomonas
Seq1649	Bacteria	Proteobacteria	Betaproteobacteria	Neisseriales	Neisseriaceae	Neisseria
Seq1650	Bacteria	Proteobacteria	Betaproteobacteria	Neisseriales	Neisseriaceae	Neisseria
Seq1651	Bacteria	Proteobacteria	Alphaproteobacteria	Rhodospirillales	Rhodospirillaceae	Skermanella
Seq1652	Bacteria	Proteobacteria	Betaproteobacteria	Burkholderiales	Comamonadaceae	unknown
Seq1653	Bacteria	Firmicutes	Bacilli	Lactobacillales	Streptococcaceae	Streptococcus
Seq1654	Bacteria	Bacteroidetes	Bacteroidia	Bacteroidales	Prevotellaceae	Prevotella
Seq1655	Bacteria	Proteobacteria	Alphaproteobacteria	Sphingomonadales	Erythrobacteraceae	Porphyrobacter
Seq1656	Bacteria	Bacteroidetes	Flavobacteriia	Flavobacteriales	Flavobacteriaceae	Chryseobacterium
Seq1657	Bacteria	Actinobacteria	Actinobacteria	Actinomycetales	Pseudonocardiaceae	Pseudonocardia
Seq1658	Bacteria	Acidobacteria	Acidobacteria_Gp17	Gp17	unknown	unknown
Seq1659	Bacteria	Proteobacteria	Betaproteobacteria	Burkholderiales	Comamonadaceae	Acidovorax
Seq1660	Archaea	Thaumarchaeota	Nitrosopumilales	Nitrosopumilaceae	Nitrosopumilus	unknown
Seq1661	Bacteria	Firmicutes	Clostridia	Clostridiales	Lachnospiraceae	Lachnoanaerobaculum
Seq1662	Bacteria	Bacteroidetes	Sphingobacteriia	Sphingobacteriales	Chitinophagaceae	Flavihumibacter
Seq1663	Archaea	Euryarchaeota	Halobacteria	Halobacteriales	Halobacteriaceae	Halococcus
Seq1664	Bacteria	Verrucomicrobia	Subdivision3	unknown	unknown	unknown
Seq1665	Bacteria	Fusobacteria	Fusobacteriia	Fusobacteriales	Fusobacteriaceae	Fusobacterium
Seq1666	Bacteria	Actinobacteria	Actinobacteria	Actinomycetales	Geodermatophilaceae	Modestobacter
Seq1667	Bacteria	Proteobacteria	Alphaproteobacteria	Rhodobacterales	Rhodobacteraceae	Amaricoccus
Seq1668	Bacteria	Proteobacteria	Gammaproteobacteria	Pseudomonadales	Moraxellaceae	Alkanindiges
Seq1669	Bacteria	Bacteroidetes	Bacteroidia	Bacteroidales	Prevotellaceae	Prevotella
Seq1670	Bacteria	Acidobacteria	Acidobacteria_Gp6	Gp6	unknown	unknown
Seq1672	Bacteria	Actinobacteria	Actinobacteria	Actinomycetales	Micrococcaceae	Micrococcus
Seq1673	Bacteria	Firmicutes	Bacilli	Lactobacillales	Carnobacteriaceae	Atopostipes
Seq1674	Bacteria	Firmicutes	Clostridia	Clostridiales	Ruminococcaceae	Faecalibacterium
Seq1675	Bacteria	unknown	unknown	unknown	unknown	unknown
Seq1676	Bacteria	Proteobacteria	Alphaproteobacteria	Rhizobiales	Rhizobiaceae	Rhizobium
Seq1677	Bacteria	Proteobacteria	Alphaproteobacteria	Sphingomonadales	Sphingomonadaceae	Sphingomonas
Seq1678	Bacteria	Actinobacteria	Actinobacteria	Actinomycetales	Corynebacteriaceae	Corynebacterium
Seq1679	Bacteria	Proteobacteria	Deltaproteobacteria	Myxococcales	unknown	unknown
Seq1680	Bacteria	Proteobacteria	Gammaproteobacteria	Alteromonadales	Pseudoalteromonadaceae	Pseudoalteromonas
Seq1681	Bacteria	Actinobacteria	Actinobacteria	Solirubrobacterales	Solirubrobacteraceae	Solirubrobacter
Seq1685	Bacteria	Proteobacteria	Gammaproteobacteria	Pasteurellales	Pasteurellaceae	unknown
Seq1686	Bacteria	Proteobacteria	Betaproteobacteria	Neisseriales	Neisseriaceae	unknown
Seq1687	Bacteria	SR1	unknown	unknown	unknown	unknown
Seq1688	Bacteria	Proteobacteria	Gammaproteobacteria	Pasteurellales	Pasteurellaceae	Haemophilus
Seq1689	Bacteria	Firmicutes	Bacilli	Lactobacillales	unknown	unknown
Seq1690	Bacteria	Firmicutes	Bacilli	Bacillales	Alicyclobacillaceae	Tumebacillus
Seq1691	Bacteria	Bacteroidetes	Bacteroidia	Bacteroidales	Prevotellaceae	Prevotella
Seq1692	Bacteria	Firmicutes	Clostridia	Clostridiales	Peptostreptococcaceae	unknown
Seq1693	Bacteria	Actinobacteria	Actinobacteria	Coriobacteriales	Coriobacteriaceae	Atopobium
Seq1694	Bacteria	Bacteroidetes	Bacteroidia	Bacteroidales	Prevotellaceae	Prevotella
Seq1695	Bacteria	Spirochaetes	Spirochaetia	Spirochaetales	Spirochaetaceae	Treponema
Seq1696	Bacteria	Bacteroidetes	Bacteroidia	Bacteroidales	Prevotellaceae	Prevotella
Seq1697	Bacteria	Bacteroidetes	Bacteroidia	Bacteroidales	Prevotellaceae	Prevotella
Seq1698	Bacteria	Spirochaetes	Spirochaetia	Spirochaetales	Spirochaetaceae	Treponema
Seq1699	Bacteria	Firmicutes	Clostridia	Clostridiales	Clostridiales_Incertae_Sedis_XI	Parvimonas
Seq1700	Bacteria	Firmicutes	Clostridia	Clostridiales	Peptostreptococcaceae	Peptostreptococcus
Seq1701	Bacteria	Bacteroidetes	Sphingobacteriia	Sphingobacteriales	Chitinophagaceae	Filimonas
Seq1702	Bacteria	Proteobacteria	Gammaproteobacteria	Pasteurellales	Pasteurellaceae	unknown
Seq1703	Bacteria	unknown	unknown	unknown	unknown	unknown
Seq1705	Bacteria	Actinobacteria	Actinobacteria	Actinomycetales	Corynebacteriaceae	Corynebacterium
Seq1706	Bacteria	Proteobacteria	Gammaproteobacteria	Candidatus_Carsonella	unknown	unknown
Seq1707	Bacteria	Actinobacteria	Actinobacteria	Actinomycetales	Corynebacteriaceae	Corynebacterium
Seq1708	Bacteria	Actinobacteria	Actinobacteria	Solirubrobacterales	Conexibacteraceae	Conexibacter
Seq1709	Bacteria	Actinobacteria	Actinobacteria	Actinomycetales	Dermacoccaceae	Kytococcus
Seq1710	Bacteria	Firmicutes	Bacilli	Lactobacillales	Leuconostocaceae	Weissella
Seq1711	Bacteria	Proteobacteria	Deltaproteobacteria	Bdellovibrionales	Bdellovibrionaceae	Bdellovibrio
Seq1712	Bacteria	Bacteroidetes	unknown	unknown	unknown	unknown
Seq1713	Bacteria	Verrucomicrobia	Subdivision3	unknown	unknown	unknown
Seq1714	Bacteria	Firmicutes	Bacilli	Lactobacillales	Carnobacteriaceae	Alkalibacterium
Seq1736	Bacteria	Proteobacteria	Gammaproteobacteria	Alteromonadales	Shewanellaceae	Shewanella
Seq1737	Bacteria	Firmicutes	Clostridia	Clostridiales	Lachnospiraceae	Catonella
Seq1738	Bacteria	unknown	unknown	unknown	unknown	unknown
Seq1739	Bacteria	Firmicutes	Erysipelotrichia	Erysipelotrichales	Erysipelotrichaceae	Solobacterium
Seq1740	Bacteria	Proteobacteria	Gammaproteobacteria	Pasteurellales	Pasteurellaceae	unknown
Seq1741	Bacteria	Spirochaetes	Spirochaetia	Spirochaetales	Spirochaetaceae	Treponema
Seq1742	Bacteria	Bacteroidetes	Flavobacteriia	Flavobacteriales	Flavobacteriaceae	unknown
Seq1743	Bacteria	Firmicutes	Negativicutes	Selenomonadales	Veillonellaceae	Megasphaera
Seq1744	Bacteria	Actinobacteria	Actinobacteria	Actinomycetales	Actinomycetaceae	Mobiluncus
Seq1745	Bacteria	Bacteroidetes	Bacteroidia	Bacteroidales	Prevotellaceae	Alloprevotella
Seq1746	Bacteria	Bacteroidetes	Flavobacteriia	Flavobacteriales	Flavobacteriaceae	unknown
Seq1747	Bacteria	Bacteroidetes	Flavobacteriia	Flavobacteriales	Flavobacteriaceae	unknown
Seq1748	Bacteria	Firmicutes	Clostridia	Clostridiales	Lachnospiraceae	unknown
Seq1749	Bacteria	Firmicutes	Clostridia	Clostridiales	Lachnospiraceae	Shuttleworthia
Seq1750	Bacteria	Fusobacteria	Fusobacteriia	Fusobacteriales	Leptotrichiaceae	Leptotrichia
Seq1751	Bacteria	Actinobacteria	Actinobacteria	Actinomycetales	Intrasporangiaceae	unknown
Seq1752	Bacteria	Proteobacteria	Gammaproteobacteria	Thiotrichales	Thiotrichales_incertae_sedis	Caedibacter
Seq1753	Bacteria	Proteobacteria	Gammaproteobacteria	Pseudomonadales	Pseudomonadaceae	Pseudomonas
Seq1754	Bacteria	Proteobacteria	Alphaproteobacteria	Rhodospirillales	Acetobacteraceae	Roseococcus
Seq1758	Bacteria	Proteobacteria	Alphaproteobacteria	Caulobacterales	Caulobacteraceae	Brevundimonas
Seq1760	Bacteria	Actinobacteria	Actinobacteria	Actinomycetales	Microbacteriaceae	unknown
Seq1761	Bacteria	Actinobacteria	Actinobacteria	Actinomycetales	Corynebacteriaceae	Corynebacterium
Seq1762	Bacteria	Proteobacteria	Alphaproteobacteria	Caulobacterales	Caulobacteraceae	Caulobacter
Seq1763	Bacteria	Bacteroidetes	Cytophagia	Cytophagales	unknown	unknown
Seq1764	Bacteria	Actinobacteria	Actinobacteria	Actinomycetales	Nocardiaceae	Gordonia
Seq1765	Bacteria	Bacteroidetes	Flavobacteriia	Flavobacteriales	Cryomorphaceae	unknown
Seq1766	Bacteria	Proteobacteria	Alphaproteobacteria	Rhizobiales	Bradyrhizobiaceae	Bosea
Seq1767	Bacteria	Actinobacteria	Actinobacteria	Actinomycetales	Micrococcaceae	Arthrobacter
Seq1768	Bacteria	Firmicutes	Erysipelotrichia	Erysipelotrichales	Erysipelotrichaceae	unknown
Seq1769	Bacteria	Firmicutes	Bacilli	Lactobacillales	Streptococcaceae	Streptococcus
Seq1770	Bacteria	Actinobacteria	Actinobacteria	Actinomycetales	unknown	unknown
Seq1772	Bacteria	Bacteroidetes	Flavobacteriia	Flavobacteriales	Flavobacteriaceae	Flavobacterium
Seq1773	Bacteria	Cyanobacteria/Chloroplast	Chloroplast	Chloroplast	Bacillariophyta	unknown
Seq1774	Bacteria	Proteobacteria	Epsilonproteobacteria	Campylobacterales	Campylobacteraceae	Campylobacter
Seq1775	Bacteria	Proteobacteria	Alphaproteobacteria	Rhizobiales	Rhizobiaceae	Rhizobium
Seq1776	Bacteria	Firmicutes	Bacilli	Lactobacillales	unknown	unknown
Seq1777	Bacteria	Firmicutes	Bacilli	Lactobacillales	Enterococcaceae	unknown
Seq1778	Bacteria	unknown	unknown	unknown	unknown	unknown
Seq1779	Bacteria	Firmicutes	Bacilli	Lactobacillales	Leuconostocaceae	Leuconostoc
Seq1780	Bacteria	Firmicutes	Bacilli	unknown	unknown	unknown
Seq1781	Bacteria	Proteobacteria	Betaproteobacteria	Neisseriales	Neisseriaceae	Kingella
Seq1782	Bacteria	Bacteroidetes	Bacteroidia	Bacteroidales	Prevotellaceae	Prevotella
Seq1783	Bacteria	Bacteroidetes	Bacteroidia	Bacteroidales	Prevotellaceae	Paraprevotella
Seq1784	Bacteria	Proteobacteria	Alphaproteobacteria	Sphingomonadales	Sphingomonadaceae	Novosphingobium
Seq1785	Bacteria	Proteobacteria	Betaproteobacteria	Rhodocyclales	Rhodocyclaceae	Rhodocyclus
Seq1786	Bacteria	Proteobacteria	Gammaproteobacteria	Cardiobacteriales	Cardiobacteriaceae	Cardiobacterium
Seq1787	Bacteria	Proteobacteria	Alphaproteobacteria	Rhodobacterales	Rhodobacteraceae	Paracoccus
Seq1788	Bacteria	Firmicutes	Bacilli	Bacillales	Bacillales_Incertae_Sedis_XI	Gemella
Seq1789	Bacteria	Proteobacteria	Gammaproteobacteria	Pasteurellales	Pasteurellaceae	unknown
Seq1790	Bacteria	Proteobacteria	Alphaproteobacteria	Caulobacterales	Caulobacteraceae	Brevundimonas
Seq1791	Bacteria	Bacteroidetes	Flavobacteriia	Flavobacteriales	Flavobacteriaceae	Chryseobacterium
Seq1792	Bacteria	Bacteroidetes	Cytophagia	Cytophagales	Cytophagaceae	Dyadobacter
Seq1793	Bacteria	Proteobacteria	Alphaproteobacteria	Rhodospirillales	Rhodospirillaceae	Azospirillum
Seq1794	Bacteria	Firmicutes	Bacilli	Lactobacillales	Carnobacteriaceae	Atopostipes
Seq1795	Bacteria	Actinobacteria	Actinobacteria	Actinomycetales	Corynebacteriaceae	Corynebacterium
Seq1796	Bacteria	Actinobacteria	Actinobacteria	Actinomycetales	Micrococcaceae	Rothia
Seq1798	Bacteria	Bacteroidetes	Bacteroidia	Bacteroidales	Prevotellaceae	Prevotella
Seq1799	Bacteria	Actinobacteria	Actinobacteria	Actinomycetales	Microbacteriaceae	unknown
Seq1801	Bacteria	Firmicutes	Clostridia	Clostridiales	Peptostreptococcaceae	unknown
Seq1802	Bacteria	Firmicutes	Clostridia	Clostridiales	Lachnospiraceae	Shuttleworthia
Seq1803	Bacteria	Proteobacteria	Betaproteobacteria	Burkholderiales	unknown	unknown
Seq1804	Bacteria	Actinobacteria	Actinobacteria	Actinomycetales	Microbacteriaceae	Leifsonia
Seq1805	Bacteria	Proteobacteria	Gammaproteobacteria	Pseudomonadales	Pseudomonadaceae	Pseudomonas
Seq1806	Bacteria	Actinobacteria	Actinobacteria	Actinomycetales	Micrococcaceae	unknown
Seq1807	Bacteria	Bacteroidetes	Cytophagia	Cytophagales	Cytophagaceae	Rhodocytophaga
Seq1808	Bacteria	Proteobacteria	Betaproteobacteria	Burkholderiales	Comamonadaceae	Acidovorax
Seq1816	Bacteria	Proteobacteria	Betaproteobacteria	Burkholderiales	Comamonadaceae	Comamonas
Seq1817	Bacteria	Proteobacteria	Gammaproteobacteria	Legionellales	Legionellaceae	Legionella
Seq1818	Bacteria	Actinobacteria	Actinobacteria	Actinomycetales	Brevibacteriaceae	Brevibacterium
Seq1819	Bacteria	Firmicutes	Bacilli	Bacillales	Bacillaceae_1	Geobacillus
Seq1820	Bacteria	unknown	unknown	unknown	unknown	unknown
Seq1821	Bacteria	Acidobacteria	Acidobacteria_Gp10	Gp10	unknown	unknown
Seq1822	Bacteria	Proteobacteria	Gammaproteobacteria	Pseudomonadales	Pseudomonadaceae	Pseudomonas
Seq1823	Bacteria	Proteobacteria	Alphaproteobacteria	Sphingomonadales	Sphingomonadaceae	unknown
Seq1824	Bacteria	Proteobacteria	Alphaproteobacteria	Rhizobiales	Methylobacteriaceae	Microvirga
Seq1825	Bacteria	Proteobacteria	Betaproteobacteria	Burkholderiales	Alcaligenaceae	Alcaligenes
Seq1826	Bacteria	Actinobacteria	Actinobacteria	Actinomycetales	unknown	unknown
Seq1827	Bacteria	Proteobacteria	Betaproteobacteria	Burkholderiales	Burkholderiaceae	Burkholderia
Seq1828	Bacteria	Proteobacteria	Epsilonproteobacteria	Campylobacterales	Campylobacteraceae	Campylobacter
Seq1829	Bacteria	Firmicutes	Clostridia	Clostridiales	Peptostreptococcaceae	Peptostreptococcus
Seq1831	Bacteria	SR1	unknown	unknown	unknown	unknown
Seq1832	Bacteria	Proteobacteria	Betaproteobacteria	Burkholderiales	Comamonadaceae	Variovorax
Seq1833	Bacteria	Proteobacteria	Gammaproteobacteria	Pasteurellales	Pasteurellaceae	Haemophilus
Seq1834	Bacteria	Fusobacteria	Fusobacteriia	Fusobacteriales	Leptotrichiaceae	Leptotrichia
Seq1835	Bacteria	Deinococcus-Thermus	Deinococci	Thermales	Thermaceae	Thermus
Seq1836	Bacteria	Bacteroidetes	Bacteroidia	Bacteroidales	Prevotellaceae	Prevotella
Seq1837	Bacteria	Firmicutes	Bacilli	Lactobacillales	unknown	unknown
Seq1838	Bacteria	Bacteroidetes	Bacteroidia	Bacteroidales	Prevotellaceae	Prevotella
Seq1839	Bacteria	Bacteroidetes	unknown	unknown	unknown	unknown
Seq1840	Bacteria	Bacteroidetes	Bacteroidia	Bacteroidales	Prevotellaceae	unknown
Seq1841	Bacteria	Fusobacteria	Fusobacteriia	Fusobacteriales	Leptotrichiaceae	Leptotrichia
Seq1842	Bacteria	SR1	unknown	unknown	unknown	unknown
Seq1843	Bacteria	Proteobacteria	Gammaproteobacteria	Pasteurellales	Pasteurellaceae	unknown
Seq1844	Bacteria	Firmicutes	Bacilli	Lactobacillales	unknown	unknown
Seq1845	Bacteria	Firmicutes	Bacilli	Lactobacillales	Streptococcaceae	Streptococcus
Seq1846	Bacteria	Firmicutes	Bacilli	unknown	unknown	unknown
Seq1847	Bacteria	Bacteroidetes	unknown	unknown	unknown	unknown
Seq1848	Bacteria	Proteobacteria	Gammaproteobacteria	Pasteurellales	Pasteurellaceae	unknown
Seq1849	Bacteria	Fusobacteria	Fusobacteriia	Fusobacteriales	Fusobacteriaceae	Fusobacterium
Seq1850	Bacteria	Spirochaetes	Spirochaetia	Spirochaetales	Spirochaetaceae	Treponema
Seq1851	Bacteria	Firmicutes	Clostridia	Clostridiales	Lachnospiraceae	unknown
Seq1852	Bacteria	Bacteroidetes	Bacteroidia	Bacteroidales	Prevotellaceae	Prevotella
Seq1853	Bacteria	SR1	unknown	unknown	unknown	unknown
Seq1854	Bacteria	Proteobacteria	Gammaproteobacteria	Pasteurellales	Pasteurellaceae	unknown
Seq1855	Bacteria	Proteobacteria	Gammaproteobacteria	Pasteurellales	Pasteurellaceae	Haemophilus
Seq1856	Bacteria	Proteobacteria	Gammaproteobacteria	Pasteurellales	Pasteurellaceae	Mannheimia
Seq1857	Bacteria	Proteobacteria	Betaproteobacteria	Neisseriales	Neisseriaceae	Eikenella
Seq1858	Bacteria	Proteobacteria	Gammaproteobacteria	Pseudomonadales	Moraxellaceae	Acinetobacter
Seq1859	Bacteria	Proteobacteria	Gammaproteobacteria	Pseudomonadales	Moraxellaceae	Enhydrobacter
Seq1860	Bacteria	Firmicutes	Clostridia	Clostridiales	Lachnospiraceae	Catonella
Seq1861	Bacteria	Firmicutes	Bacilli	Lactobacillales	Streptococcaceae	Streptococcus
Seq1864	Bacteria	Actinobacteria	Actinobacteria	Actinomycetales	Dermabacteraceae	Dermabacter
Seq1865	Bacteria	Bacteroidetes	Flavobacteriia	Flavobacteriales	Flavobacteriaceae	Chryseobacterium
Seq1866	Bacteria	Proteobacteria	Gammaproteobacteria	Pseudomonadales	Moraxellaceae	Acinetobacter
Seq1867	Bacteria	Actinobacteria	Actinobacteria	Actinomycetales	Intrasporangiaceae	Janibacter
Seq1868	Bacteria	Actinobacteria	Actinobacteria	Actinomycetales	unknown	unknown
Seq1869	Bacteria	Proteobacteria	Alphaproteobacteria	Rhodospirillales	Acetobacteraceae	Roseomonas
Seq1876	Bacteria	Firmicutes	Clostridia	Clostridiales	Eubacteriaceae	Eubacterium
Seq1877	Bacteria	Bacteroidetes	Bacteroidia	Bacteroidales	Prevotellaceae	Prevotella
Seq1879	Bacteria	Spirochaetes	Spirochaetia	Spirochaetales	Spirochaetaceae	Treponema
Seq1884	Bacteria	Candidatus_Saccharibacteria	unknown	unknown	unknown	unknown
Seq1885	Bacteria	Proteobacteria	Gammaproteobacteria	Pasteurellales	Pasteurellaceae	Aggregatibacter
Seq1886	Bacteria	Bacteroidetes	Bacteroidia	Bacteroidales	Prevotellaceae	Prevotella
Seq1887	Bacteria	Proteobacteria	Betaproteobacteria	Neisseriales	Neisseriaceae	Neisseria
Seq1888	Bacteria	Bacteroidetes	Flavobacteriia	Flavobacteriales	Flavobacteriaceae	unknown
Seq1889	Bacteria	Bacteroidetes	Flavobacteriia	Flavobacteriales	Flavobacteriaceae	Capnocytophaga
Seq1892	Bacteria	Proteobacteria	Gammaproteobacteria	Pasteurellales	Pasteurellaceae	unknown
Seq1893	Bacteria	Bacteroidetes	Bacteroidia	Bacteroidales	Porphyromonadaceae	Porphyromonas
Seq1894	Bacteria	Bacteroidetes	Bacteroidia	Bacteroidales	Prevotellaceae	Alloprevotella
Seq1895	Bacteria	unknown	unknown	unknown	unknown	unknown
Seq1896	Bacteria	Fusobacteria	Fusobacteriia	Fusobacteriales	Fusobacteriaceae	Fusobacterium
Seq1897	Bacteria	Proteobacteria	Epsilonproteobacteria	Campylobacterales	Campylobacteraceae	Campylobacter
Seq1898	Bacteria	Bacteroidetes	Bacteroidia	Bacteroidales	Porphyromonadaceae	unknown
Seq1899	Bacteria	Firmicutes	Bacilli	unknown	unknown	unknown
Seq1900	Bacteria	Verrucomicrobia	Verrucomicrobiae	Verrucomicrobiales	Verrucomicrobiaceae	Prosthecobacter
Seq1901	Bacteria	Proteobacteria	Alphaproteobacteria	Rhizobiales	unknown	unknown
Seq1902	Bacteria	Proteobacteria	Gammaproteobacteria	Oceanospirillales	Halomonadaceae	Halomonas
Seq1903	Bacteria	Proteobacteria	Alphaproteobacteria	Rhizobiales	Beijerinckiaceae	Beijerinckia
Seq1904	Bacteria	Actinobacteria	Actinobacteria	Actinomycetales	Nocardioidaceae	Marmoricola
Seq1905	Bacteria	Firmicutes	Bacilli	Lactobacillales	Leuconostocaceae	Leuconostoc
Seq1906	Bacteria	unknown	unknown	unknown	unknown	unknown
Seq1907	Bacteria	Bacteroidetes	Flavobacteriia	Flavobacteriales	Flavobacteriaceae	Flavobacterium
Seq1914	Bacteria	Bacteroidetes	Bacteroidia	Bacteroidales	Prevotellaceae	Prevotella
Seq1915	Bacteria	Actinobacteria	Actinobacteria	Actinomycetales	Dermabacteraceae	Brachybacterium
Seq1916	Bacteria	Actinobacteria	Actinobacteria	Actinomycetales	Nocardiaceae	Williamsia
Seq1917	Bacteria	Proteobacteria	Gammaproteobacteria	Pseudomonadales	Moraxellaceae	Acinetobacter
Seq1918	Bacteria	Proteobacteria	Gammaproteobacteria	Enterobacteriales	Enterobacteriaceae	Escherichia/Shigella
Seq1919	Bacteria	Proteobacteria	Betaproteobacteria	Burkholderiales	Alcaligenaceae	Achromobacter
Seq1920	Bacteria	Actinobacteria	Actinobacteria	Actinomycetales	Micrococcaceae	Rothia
Seq1921	Bacteria	Proteobacteria	Betaproteobacteria	Neisseriales	Neisseriaceae	unknown
Seq1922	Bacteria	Proteobacteria	Alphaproteobacteria	Sphingomonadales	Sphingomonadaceae	Sphingobium
Seq1923	Bacteria	Verrucomicrobia	Opitutae	Opitutales	Opitutaceae	Opitutus
Seq1925	Bacteria	Actinobacteria	Actinobacteria	Actinomycetales	unknown	unknown
Seq1926	Bacteria	Actinobacteria	Actinobacteria	Coriobacteriales	Coriobacteriaceae	Olsenella
Seq1927	Bacteria	Deinococcus-Thermus	Deinococci	Deinococcales	Deinococcaceae	Deinococcus
Seq1928	Bacteria	Firmicutes	Clostridia	Clostridiales	Clostridiales_Incertae_Sedis_XI	Finegoldia
Seq1929	Bacteria	Proteobacteria	Betaproteobacteria	Neisseriales	Neisseriaceae	Neisseria
Seq1931	Bacteria	Bacteroidetes	Bacteroidia	Bacteroidales	Prevotellaceae	Prevotella
Seq1932	Bacteria	Proteobacteria	Alphaproteobacteria	Rhizobiales	Phyllobacteriaceae	Phyllobacterium
Seq1933	Bacteria	Cyanobacteria/Chloroplast	Chloroplast	Chloroplast	Streptophyta	unknown
Seq1934	Bacteria	Bacteroidetes	Sphingobacteriia	Sphingobacteriales	Sphingobacteriaceae	Mucilaginibacter
Seq1935	Bacteria	Firmicutes	Clostridia	Clostridiales	Peptostreptococcaceae	unknown
Seq1936	Bacteria	Proteobacteria	Gammaproteobacteria	Salinisphaerales	Salinisphaeraceae	Salinisphaera
Seq1937	Bacteria	Proteobacteria	Gammaproteobacteria	Pseudomonadales	Moraxellaceae	Acinetobacter
Seq1938	Bacteria	Firmicutes	Clostridia	Clostridiales	unknown	unknown
Seq1939	Bacteria	Bacteroidetes	Bacteroidia	Bacteroidales	Prevotellaceae	Prevotella
Seq1940	Bacteria	Proteobacteria	Alphaproteobacteria	Sphingomonadales	Erythrobacteraceae	unknown
Seq1941	Bacteria	Proteobacteria	Betaproteobacteria	Neisseriales	Neisseriaceae	Neisseria
Seq1942	Bacteria	Acidobacteria	Acidobacteria_Gp6	Gp6	unknown	unknown
Seq1943	Bacteria	Firmicutes	Bacilli	Lactobacillales	unknown	unknown
Seq1944	Bacteria	Proteobacteria	Betaproteobacteria	Neisseriales	Neisseriaceae	Neisseria
Seq1945	Bacteria	Bacteroidetes	Bacteroidia	Bacteroidales	Prevotellaceae	Prevotella
Seq1946	Bacteria	unknown	unknown	unknown	unknown	unknown
Seq1947	Bacteria	Firmicutes	Bacilli	Lactobacillales	Streptococcaceae	Streptococcus
Seq1949	Bacteria	Proteobacteria	Betaproteobacteria	Burkholderiales	Burkholderiaceae	Ralstonia
Seq1950	Bacteria	Fusobacteria	Fusobacteriia	Fusobacteriales	Leptotrichiaceae	Leptotrichia
Seq1951	Bacteria	Proteobacteria	Alphaproteobacteria	Sphingomonadales	Sphingomonadaceae	Sphingomonas
Seq1952	Bacteria	unknown	unknown	unknown	unknown	unknown
Seq1953	Bacteria	Actinobacteria	Actinobacteria	Actinomycetales	Dermacoccaceae	Kytococcus
Seq1954	Bacteria	Candidatus_Saccharibacteria	unknown	unknown	unknown	unknown
Seq1955	Bacteria	Aquificae	Aquificae	Aquificales	Aquificaceae	Hydrogenobacter
Seq1956	Bacteria	Actinobacteria	Actinobacteria	Actinomycetales	Microbacteriaceae	Frondihabitans
Seq1957	Bacteria	Proteobacteria	Gammaproteobacteria	Alteromonadales	Pseudoalteromonadaceae	Pseudoalteromonas
Seq1958	Bacteria	Proteobacteria	Alphaproteobacteria	Rhodospirillales	Acetobacteraceae	Roseomonas
Seq1959	Bacteria	Deinococcus-Thermus	Deinococci	Deinococcales	Deinococcaceae	Deinococcus
Seq1960	Bacteria	Actinobacteria	Actinobacteria	Actinomycetales	Brevibacteriaceae	Brevibacterium
Seq1962	Bacteria	Proteobacteria	Gammaproteobacteria	Pasteurellales	Pasteurellaceae	unknown
Seq1963	Bacteria	Proteobacteria	Betaproteobacteria	Neisseriales	Neisseriaceae	unknown
Seq1964	Bacteria	Bacteroidetes	Bacteroidia	Bacteroidales	Prevotellaceae	Prevotella
Seq1965	Bacteria	Firmicutes	Bacilli	Bacillales	Staphylococcaceae	Jeotgalicoccus
Seq1966	Bacteria	Proteobacteria	unknown	unknown	unknown	unknown
Seq1967	Bacteria	unknown	unknown	unknown	unknown	unknown
Seq1968	Bacteria	Bacteroidetes	Cytophagia	Cytophagales	unknown	unknown
Seq1969	Bacteria	unknown	unknown	unknown	unknown	unknown
Seq1970	Bacteria	Bacteroidetes	unknown	unknown	unknown	unknown
Seq1971	Bacteria	Proteobacteria	Betaproteobacteria	Neisseriales	Neisseriaceae	Neisseria
Seq1972	Bacteria	Actinobacteria	Actinobacteria	Solirubrobacterales	Conexibacteraceae	Conexibacter
Seq1973	Bacteria	Proteobacteria	Alphaproteobacteria	Sphingomonadales	Sphingomonadaceae	Sphingomonas
Seq1974	Bacteria	Actinobacteria	Actinobacteria	Actinomycetales	Nakamurellaceae	Nakamurella
Seq1975	Bacteria	Bacteroidetes	Flavobacteriia	Flavobacteriales	Flavobacteriaceae	Chryseobacterium
Seq1976	Bacteria	Bacteroidetes	Cytophagia	Cytophagales	Flammeovirgaceae	unknown
Seq1977	Bacteria	Proteobacteria	Alphaproteobacteria	Rickettsiales	Rickettsiaceae	Rickettsia
Seq1981	Bacteria	Proteobacteria	Alphaproteobacteria	Caulobacterales	Caulobacteraceae	Brevundimonas
Seq1982	Bacteria	Actinobacteria	Actinobacteria	Actinomycetales	Brevibacteriaceae	Brevibacterium
Seq1983	Bacteria	Actinobacteria	Actinobacteria	Actinomycetales	Nocardioidaceae	Marmoricola
Seq1984	Bacteria	Proteobacteria	Deltaproteobacteria	Bdellovibrionales	Bacteriovoracaceae	Peredibacter
Seq1985	Bacteria	unknown	unknown	unknown	unknown	unknown
Seq1986	Bacteria	Bacteroidetes	Flavobacteriia	Flavobacteriales	Flavobacteriaceae	Chryseobacterium
Seq1987	Bacteria	Actinobacteria	Actinobacteria	Coriobacteriales	Coriobacteriaceae	unknown
Seq1988	Bacteria	Proteobacteria	Betaproteobacteria	Burkholderiales	Comamonadaceae	Acidovorax
Seq1989	Bacteria	Actinobacteria	Actinobacteria	Actinomycetales	Geodermatophilaceae	Blastococcus
Seq1990	Bacteria	Firmicutes	Bacilli	Lactobacillales	Carnobacteriaceae	Desemzia
Seq1991	Bacteria	Proteobacteria	Gammaproteobacteria	Cardiobacteriales	Cardiobacteriaceae	Cardiobacterium
Seq1998	Bacteria	Spirochaetes	Spirochaetia	Spirochaetales	Spirochaetaceae	Treponema
Seq1999	Bacteria	Proteobacteria	Alphaproteobacteria	Rhodobacterales	Rhodobacteraceae	Rubellimicrobium
Seq2000	Bacteria	Firmicutes	Bacilli	Lactobacillales	Streptococcaceae	Streptococcus
Seq2001	Bacteria	Bacteroidetes	Bacteroidia	Bacteroidales	Prevotellaceae	Hallella
Seq2003	Bacteria	Actinobacteria	Actinobacteria	Actinomycetales	Micrococcaceae	unknown
Seq2004	Bacteria	Candidatus_Saccharibacteria	unknown	unknown	unknown	unknown
Seq2006	Bacteria	Firmicutes	Bacilli	Lactobacillales	Carnobacteriaceae	unknown
Seq2007	Bacteria	Firmicutes	Bacilli	Lactobacillales	unknown	unknown
Seq2008	Bacteria	Firmicutes	Bacilli	Bacillales	Alicyclobacillaceae	Tumebacillus
Seq2009	Bacteria	Firmicutes	Bacilli	Lactobacillales	Streptococcaceae	Streptococcus
Seq2011	Bacteria	Proteobacteria	Betaproteobacteria	Rhodocyclales	Rhodocyclaceae	Azospira
Seq2012	Bacteria	Firmicutes	Bacilli	Lactobacillales	Aerococcaceae	Abiotrophia
Seq2013	Bacteria	Proteobacteria	Gammaproteobacteria	Pasteurellales	Pasteurellaceae	unknown
Seq2014	Bacteria	Firmicutes	Bacilli	Lactobacillales	Streptococcaceae	Streptococcus
Seq2015	Bacteria	Firmicutes	Clostridia	Clostridiales	Lachnospiraceae	Lachnoanaerobaculum
Seq2016	Bacteria	Proteobacteria	Gammaproteobacteria	Pasteurellales	Pasteurellaceae	unknown
Seq2017	Bacteria	Proteobacteria	Gammaproteobacteria	Pasteurellales	Pasteurellaceae	unknown
Seq2019	Archaea	Thaumarchaeota	Nitrososphaerales	Nitrososphaeraceae	Nitrososphaera	unknown
Seq2020	Bacteria	Actinobacteria	Actinobacteria	Actinomycetales	Pseudonocardiaceae	Actinomycetospora
Seq2022	Bacteria	Bacteroidetes	Bacteroidia	Bacteroidales	Porphyromonadaceae	unknown
Seq2023	Bacteria	Bacteroidetes	Bacteroidia	Bacteroidales	Prevotellaceae	Prevotella
Seq2026	Bacteria	Firmicutes	Clostridia	Clostridiales	Ruminococcaceae	Faecalibacterium
Seq2028	Bacteria	Firmicutes	Bacilli	Lactobacillales	unknown	unknown
Seq2029	Bacteria	Bacteroidetes	Bacteroidia	Bacteroidales	Prevotellaceae	Prevotella
Seq2030	Bacteria	Spirochaetes	Spirochaetia	Spirochaetales	Spirochaetaceae	Treponema
Seq2031	Bacteria	Bacteroidetes	Bacteroidia	Bacteroidales	Prevotellaceae	Prevotella
Seq2045	unknown	unknown	unknown	unknown	unknown	unknown
Seq2046	Bacteria	Actinobacteria	Actinobacteria	Actinomycetales	Corynebacteriaceae	Corynebacterium
Seq2047	Bacteria	Firmicutes	Bacilli	Lactobacillales	Streptococcaceae	Streptococcus
Seq2048	Bacteria	Bacteroidetes	Bacteroidia	Bacteroidales	Prevotellaceae	Paraprevotella
Seq2049	Bacteria	Proteobacteria	Gammaproteobacteria	Pasteurellales	Pasteurellaceae	Haemophilus
Seq2050	Bacteria	Firmicutes	Clostridia	Clostridiales	Clostridiales_Incertae_Sedis_XI	Parvimonas
Seq2051	Bacteria	unknown	unknown	unknown	unknown	unknown
Seq2052	Bacteria	Bacteroidetes	Flavobacteriia	Flavobacteriales	Flavobacteriaceae	unknown
Seq2053	Bacteria	Firmicutes	Bacilli	Bacillales	Alicyclobacillaceae	Tumebacillus
Seq2054	Bacteria	Firmicutes	Clostridia	Clostridiales	Lachnospiraceae	Oribacterium
Seq2055	Bacteria	Actinobacteria	Actinobacteria	Actinomycetales	Corynebacteriaceae	Corynebacterium
Seq2056	Bacteria	Fusobacteria	Fusobacteriia	Fusobacteriales	Fusobacteriaceae	Fusobacterium
Seq2057	Bacteria	Firmicutes	Negativicutes	Selenomonadales	Veillonellaceae	Veillonella
Seq2058	Bacteria	Proteobacteria	Betaproteobacteria	Burkholderiales	Comamonadaceae	Curvibacter
Seq2059	Bacteria	unknown	unknown	unknown	unknown	unknown
Seq2060	Bacteria	Fusobacteria	Fusobacteriia	Fusobacteriales	Fusobacteriaceae	Clostridium_XIX
Seq2061	Bacteria	Proteobacteria	Betaproteobacteria	Neisseriales	Neisseriaceae	Neisseria
Seq2062	Bacteria	Firmicutes	Bacilli	Lactobacillales	unknown	unknown
Seq2063	Bacteria	Candidatus_Saccharibacteria	unknown	unknown	unknown	unknown
Seq2064	Bacteria	Firmicutes	Bacilli	unknown	unknown	unknown
Seq2065	Bacteria	Proteobacteria	Gammaproteobacteria	Pasteurellales	Pasteurellaceae	unknown
Seq2066	Bacteria	Proteobacteria	Gammaproteobacteria	Xanthomonadales	Xanthomonadaceae	Stenotrophomonas
Seq2067	Bacteria	Firmicutes	Clostridia	Clostridiales	Clostridiales_Incertae_Sedis_XI	Parvimonas
Seq2068	Bacteria	Candidatus_Saccharibacteria	unknown	unknown	unknown	unknown
Seq2069	Bacteria	Firmicutes	Bacilli	Lactobacillales	unknown	unknown
Seq2070	Bacteria	Actinobacteria	Actinobacteria	Solirubrobacterales	Solirubrobacteraceae	Solirubrobacter
Seq2071	Bacteria	Firmicutes	Clostridia	Clostridiales	Peptostreptococcaceae	Clostridium_XI
Seq2072	Bacteria	Bacteroidetes	unknown	unknown	unknown	unknown
Seq2076	Bacteria	Actinobacteria	Actinobacteria	Coriobacteriales	Coriobacteriaceae	Olsenella
Seq2077	Bacteria	Actinobacteria	Actinobacteria	Actinomycetales	Geodermatophilaceae	Blastococcus
Seq2078	Bacteria	Bacteroidetes	Sphingobacteriia	Sphingobacteriales	Chitinophagaceae	Flavihumibacter
Seq2079	Bacteria	Proteobacteria	Alphaproteobacteria	Sphingomonadales	Sphingomonadaceae	Sphingopyxis
Seq2080	Bacteria	Proteobacteria	unknown	unknown	unknown	unknown
Seq2081	Bacteria	Actinobacteria	Actinobacteria	Actinomycetales	Geodermatophilaceae	Blastococcus
Seq2082	Bacteria	Proteobacteria	Betaproteobacteria	Burkholderiales	Burkholderiaceae	Burkholderia
Seq2083	Bacteria	Proteobacteria	Alphaproteobacteria	Caulobacterales	Caulobacteraceae	Brevundimonas
Seq2084	Bacteria	Firmicutes	Bacilli	Bacillales	Staphylococcaceae	Jeotgalicoccus
Seq2085	Bacteria	unknown	unknown	unknown	unknown	unknown
Seq2086	Bacteria	Firmicutes	Bacilli	Lactobacillales	Streptococcaceae	Streptococcus
Seq2087	Bacteria	Actinobacteria	Actinobacteria	Actinomycetales	Nocardioidaceae	Nocardioides
Seq2088	Bacteria	Fusobacteria	Fusobacteriia	Fusobacteriales	Leptotrichiaceae	Leptotrichia
Seq2090	Bacteria	Fusobacteria	Fusobacteriia	Fusobacteriales	Leptotrichiaceae	Leptotrichia
Seq2091	Bacteria	Bacteroidetes	Bacteroidia	Bacteroidales	Prevotellaceae	unknown
Seq2092	Bacteria	Firmicutes	Bacilli	Lactobacillales	Enterococcaceae	unknown
Seq2093	Bacteria	Firmicutes	Bacilli	Lactobacillales	Streptococcaceae	Streptococcus
Seq2095	Bacteria	Firmicutes	Clostridia	Clostridiales	Lachnospiraceae	unknown
Seq2096	Bacteria	Proteobacteria	Gammaproteobacteria	Pseudomonadales	Moraxellaceae	Psychrobacter
Seq2097	Bacteria	Bacteroidetes	Bacteroidia	Bacteroidales	Prevotellaceae	Prevotella
Seq2098	Bacteria	Proteobacteria	Gammaproteobacteria	Pasteurellales	Pasteurellaceae	unknown
Seq2099	Bacteria	Firmicutes	Bacilli	Lactobacillales	Streptococcaceae	Lactococcus
Seq2100	Bacteria	Bacteroidetes	Bacteroidia	Bacteroidales	Prevotellaceae	Prevotella
Seq2101	Bacteria	Bacteroidetes	Bacteroidia	Bacteroidales	Prevotellaceae	Prevotella
Seq2102	Bacteria	Bacteroidetes	Bacteroidia	Bacteroidales	Prevotellaceae	Prevotella
Seq2103	Bacteria	Proteobacteria	Betaproteobacteria	Neisseriales	Neisseriaceae	Neisseria
Seq2104	Bacteria	unknown	unknown	unknown	unknown	unknown
Seq2105	Bacteria	Proteobacteria	unknown	unknown	unknown	unknown
Seq2106	Bacteria	Proteobacteria	Betaproteobacteria	Neisseriales	Neisseriaceae	unknown
Seq2109	Bacteria	Proteobacteria	Betaproteobacteria	Neisseriales	Neisseriaceae	Neisseria
Seq2110	Bacteria	Firmicutes	Clostridia	Clostridiales	unknown	unknown
Seq2111	Bacteria	unknown	unknown	unknown	unknown	unknown
Seq2112	Bacteria	Cyanobacteria/Chloroplast	Cyanobacteria	Family_V	GpV	unknown
Seq2113	Bacteria	Proteobacteria	Alphaproteobacteria	Sphingomonadales	Sphingomonadaceae	Sphingomonas
Seq2114	Bacteria	Proteobacteria	Alphaproteobacteria	Caulobacterales	Caulobacteraceae	Phenylobacterium
Seq2115	Bacteria	Firmicutes	Clostridia	Clostridiales	Lachnospiraceae	unknown
Seq2116	Bacteria	Proteobacteria	Betaproteobacteria	Burkholderiales	Comamonadaceae	Pelomonas
Seq2121	Bacteria	unknown	unknown	unknown	unknown	unknown
Seq2122	Bacteria	Actinobacteria	Actinobacteria	Actinomycetales	Microbacteriaceae	unknown
Seq2123	Bacteria	Firmicutes	Bacilli	Lactobacillales	unknown	unknown
Seq2124	Bacteria	Firmicutes	Bacilli	Lactobacillales	Streptococcaceae	Streptococcus
Seq2125	Bacteria	Proteobacteria	Betaproteobacteria	Neisseriales	Neisseriaceae	Neisseria
Seq2126	Bacteria	Proteobacteria	Alphaproteobacteria	Caulobacterales	Caulobacteraceae	Caulobacter
Seq2127	Bacteria	Proteobacteria	Betaproteobacteria	Neisseriales	Neisseriaceae	Neisseria
Seq2128	Bacteria	Proteobacteria	Gammaproteobacteria	Pseudomonadales	Moraxellaceae	Acinetobacter
Seq2129	Bacteria	Firmicutes	Clostridia	Clostridiales	unknown	unknown
Seq2130	Bacteria	Bacteroidetes	Flavobacteriia	Flavobacteriales	Flavobacteriaceae	Chryseobacterium
Seq2131	Bacteria	Bacteroidetes	Bacteroidia	Bacteroidales	Porphyromonadaceae	unknown
Seq2132	Bacteria	Actinobacteria	Actinobacteria	Actinomycetales	Micrococcaceae	Micrococcus
Seq2133	Bacteria	Proteobacteria	Gammaproteobacteria	Alteromonadales	Shewanellaceae	Shewanella
Seq2142	Bacteria	Planctomycetes	Planctomycetia	Planctomycetales	Planctomycetaceae	Zavarzinella
Seq2143	Bacteria	Bacteroidetes	Bacteroidia	Bacteroidales	Prevotellaceae	Prevotella
Seq2144	Bacteria	Acidobacteria	Acidobacteria_Gp16	Gp16	unknown	unknown
Seq2145	Bacteria	Firmicutes	Clostridia	Clostridiales	Lachnospiraceae	unknown
Seq2146	Bacteria	Chloroflexi	Chloroflexia	Chloroflexales	Oscillochloridaceae	Oscillochloris
Seq2147	Bacteria	Actinobacteria	Actinobacteria	Actinomycetales	Mycobacteriaceae	Mycobacterium
Seq2148	Bacteria	Bacteroidetes	Flavobacteriia	Flavobacteriales	Flavobacteriaceae	Riemerella
Seq2155	Bacteria	Firmicutes	Bacilli	Lactobacillales	Carnobacteriaceae	Granulicatella
Seq2156	Bacteria	Bacteroidetes	Bacteroidia	Bacteroidales	Prevotellaceae	Alloprevotella
Seq2157	Bacteria	Bacteroidetes	unknown	unknown	unknown	unknown
Seq2158	Bacteria	Bacteroidetes	Bacteroidia	Bacteroidales	Prevotellaceae	Prevotella
Seq2159	Bacteria	Firmicutes	Bacilli	Lactobacillales	Carnobacteriaceae	Granulicatella
Seq2160	Bacteria	Fusobacteria	Fusobacteriia	Fusobacteriales	Leptotrichiaceae	Sneathia
Seq2161	Bacteria	Actinobacteria	Actinobacteria	Coriobacteriales	Coriobacteriaceae	Atopobium
Seq2162	Bacteria	Candidatus_Saccharibacteria	unknown	unknown	unknown	unknown
Seq2163	Bacteria	Firmicutes	Bacilli	Lactobacillales	unknown	unknown
Seq2164	Bacteria	Firmicutes	Bacilli	Lactobacillales	Carnobacteriaceae	Granulicatella
Seq2165	Bacteria	Firmicutes	Negativicutes	Selenomonadales	Veillonellaceae	unknown
Seq2166	Bacteria	Cyanobacteria/Chloroplast	Chloroplast	Chloroplast	Streptophyta	unknown
Seq2167	Bacteria	Proteobacteria	unknown	unknown	unknown	unknown
Seq2168	Bacteria	Bacteroidetes	Flavobacteriia	Flavobacteriales	Flavobacteriaceae	unknown
Seq2169	Bacteria	Bacteroidetes	Bacteroidia	Bacteroidales	Prevotellaceae	Prevotella
Seq2170	Bacteria	Bacteroidetes	unknown	unknown	unknown	unknown
Seq2171	Bacteria	Firmicutes	Bacilli	Lactobacillales	Lactobacillaceae	unknown
Seq2172	Bacteria	Spirochaetes	Spirochaetia	Spirochaetales	Spirochaetaceae	Treponema
Seq2173	Bacteria	Proteobacteria	Gammaproteobacteria	Pasteurellales	Pasteurellaceae	unknown
Seq2174	Bacteria	Proteobacteria	Betaproteobacteria	Neisseriales	Neisseriaceae	unknown
Seq2175	Bacteria	Proteobacteria	Gammaproteobacteria	Pasteurellales	Pasteurellaceae	unknown
Seq2179	Bacteria	Firmicutes	Clostridia	Clostridiales	unknown	unknown
Seq2180	Bacteria	Firmicutes	Bacilli	Bacillales	Bacillales_Incertae_Sedis_XI	Gemella
Seq2181	Bacteria	Firmicutes	Bacilli	Lactobacillales	Streptococcaceae	Streptococcus
Seq2182	Bacteria	Proteobacteria	Gammaproteobacteria	Pasteurellales	Pasteurellaceae	unknown
Seq2183	Bacteria	Fusobacteria	Fusobacteriia	Fusobacteriales	Leptotrichiaceae	Leptotrichia
Seq2184	Bacteria	Firmicutes	Clostridia	Clostridiales	Clostridiales_Incertae_Sedis_XI	Parvimonas
Seq2185	Bacteria	Firmicutes	unknown	unknown	unknown	unknown
Seq2186	Bacteria	Cyanobacteria/Chloroplast	Chloroplast	Chloroplast	Streptophyta	unknown
Seq2187	Bacteria	Firmicutes	Bacilli	Lactobacillales	Aerococcaceae	Abiotrophia
Seq2188	Bacteria	Firmicutes	Clostridia	Clostridiales	Clostridiales_Incertae_Sedis_XI	Parvimonas
Seq2192	Bacteria	Firmicutes	Clostridia	Clostridiales	Lachnospiraceae	Catonella
Seq2194	Bacteria	Actinobacteria	Actinobacteria	Actinomycetales	unknown	unknown
Seq2195	Bacteria	Firmicutes	Bacilli	unknown	unknown	unknown
Seq2196	Bacteria	Actinobacteria	Actinobacteria	Actinomycetales	Dermacoccaceae	Kytococcus
Seq2197	Bacteria	Proteobacteria	Betaproteobacteria	Neisseriales	Neisseriaceae	unknown
Seq2198	Bacteria	Proteobacteria	Alphaproteobacteria	Sphingomonadales	Sphingomonadaceae	Sphingomonas
Seq2199	Bacteria	Firmicutes	Bacilli	Bacillales	Bacillales_Incertae_Sedis_XI	Gemella
Seq2200	Bacteria	Proteobacteria	Betaproteobacteria	Neisseriales	Neisseriaceae	Neisseria
Seq2206	Bacteria	Proteobacteria	Gammaproteobacteria	Pasteurellales	Pasteurellaceae	unknown
Seq2208	Bacteria	Bacteroidetes	Bacteroidia	Bacteroidales	Prevotellaceae	unknown
Seq2209	Bacteria	Firmicutes	Clostridia	Clostridiales	Lachnospiraceae	unknown
Seq2210	Bacteria	Firmicutes	Bacilli	Bacillales	unknown	unknown
Seq2211	Bacteria	Bacteroidetes	Bacteroidia	Bacteroidales	unknown	unknown
Seq2212	Bacteria	Firmicutes	Bacilli	Lactobacillales	Streptococcaceae	Streptococcus
Seq2213	Bacteria	Proteobacteria	Gammaproteobacteria	Pasteurellales	Pasteurellaceae	Haemophilus
Seq2214	Bacteria	Proteobacteria	Gammaproteobacteria	Pasteurellales	Pasteurellaceae	unknown
Seq2215	Bacteria	Firmicutes	Clostridia	Clostridiales	Clostridiales_Incertae_Sedis_XI	Parvimonas
Seq2216	Bacteria	Firmicutes	Bacilli	Bacillales	unknown	unknown
Seq2217	Bacteria	Firmicutes	Bacilli	Lactobacillales	Streptococcaceae	Streptococcus
Seq2218	Bacteria	Actinobacteria	Actinobacteria	Actinomycetales	Corynebacteriaceae	Corynebacterium
Seq2219	Bacteria	Bacteroidetes	Bacteroidia	Bacteroidales	Porphyromonadaceae	Porphyromonas
Seq2220	Bacteria	Proteobacteria	Gammaproteobacteria	Pasteurellales	Pasteurellaceae	unknown
Seq2221	Bacteria	Firmicutes	Bacilli	Lactobacillales	unknown	unknown
Seq2222	Bacteria	Proteobacteria	Gammaproteobacteria	Pasteurellales	Pasteurellaceae	unknown
Seq2223	Bacteria	Spirochaetes	Spirochaetia	Spirochaetales	Spirochaetaceae	Treponema
Seq2224	Bacteria	Firmicutes	Bacilli	unknown	unknown	unknown
Seq2225	Bacteria	Proteobacteria	Gammaproteobacteria	Pasteurellales	Pasteurellaceae	unknown
Seq2226	Bacteria	unknown	unknown	unknown	unknown	unknown
Seq2227	Bacteria	Proteobacteria	Betaproteobacteria	Neisseriales	Neisseriaceae	Neisseria
Seq2228	Bacteria	Bacteroidetes	Bacteroidia	Bacteroidales	Prevotellaceae	Prevotella
Seq2229	Bacteria	Bacteroidetes	Flavobacteriia	Flavobacteriales	Flavobacteriaceae	Planobacterium
Seq2232	Bacteria	Firmicutes	Negativicutes	Selenomonadales	Veillonellaceae	unknown
Seq2233	Bacteria	Proteobacteria	Betaproteobacteria	Neisseriales	Neisseriaceae	Kingella
Seq2234	Bacteria	Bacteroidetes	Bacteroidia	Bacteroidales	Prevotellaceae	unknown
Seq2235	Bacteria	Firmicutes	Bacilli	Lactobacillales	unknown	unknown
Seq2236	Bacteria	Firmicutes	Bacilli	Lactobacillales	unknown	unknown
Seq2237	Bacteria	Bacteroidetes	Bacteroidia	Bacteroidales	Porphyromonadaceae	Porphyromonas
Seq2238	Bacteria	Firmicutes	Bacilli	Lactobacillales	unknown	unknown
Seq2239	Bacteria	Bacteroidetes	Bacteroidia	Bacteroidales	Porphyromonadaceae	Tannerella
Seq2240	Bacteria	Firmicutes	Bacilli	Lactobacillales	unknown	unknown
Seq2241	Bacteria	Firmicutes	Clostridia	Clostridiales	Lachnospiraceae	unknown
Seq2242	Bacteria	Firmicutes	Negativicutes	Selenomonadales	Veillonellaceae	unknown
Seq2243	Bacteria	Actinobacteria	Actinobacteria	Actinomycetales	unknown	unknown
Seq2244	Bacteria	Firmicutes	Bacilli	unknown	unknown	unknown
Seq2249	Bacteria	Bacteroidetes	Flavobacteriia	Flavobacteriales	Flavobacteriaceae	Flavobacterium
Seq2250	Bacteria	Bacteroidetes	Flavobacteriia	Flavobacteriales	Flavobacteriaceae	Chryseobacterium
Seq2251	Bacteria	Proteobacteria	Betaproteobacteria	Rhodocyclales	Rhodocyclaceae	unknown
Seq2252	Bacteria	Firmicutes	Bacilli	Lactobacillales	Enterococcaceae	Enterococcus
Seq2255	Bacteria	Proteobacteria	Gammaproteobacteria	Pasteurellales	Pasteurellaceae	unknown
Seq2256	Bacteria	Spirochaetes	Spirochaetia	Spirochaetales	Spirochaetaceae	Treponema
Seq2257	Bacteria	Actinobacteria	Actinobacteria	Actinomycetales	Micrococcaceae	unknown
Seq2258	Bacteria	Firmicutes	Bacilli	Lactobacillales	Streptococcaceae	Streptococcus
Seq2259	Bacteria	Actinobacteria	Actinobacteria	Actinomycetales	Nocardioidaceae	Nocardioides
Seq2260	Bacteria	Proteobacteria	Gammaproteobacteria	Pseudomonadales	Moraxellaceae	Enhydrobacter
Seq2264	Bacteria	unknown	unknown	unknown	unknown	unknown
Seq2266	Bacteria	Actinobacteria	Actinobacteria	Actinomycetales	unknown	unknown
Seq2267	Bacteria	Actinobacteria	Actinobacteria	Actinomycetales	Cellulomonadaceae	unknown
Seq2268	Bacteria	Firmicutes	Negativicutes	Selenomonadales	Veillonellaceae	Veillonella
Seq2269	Bacteria	Firmicutes	Negativicutes	Selenomonadales	Veillonellaceae	Veillonella
Seq2270	Bacteria	Bacteroidetes	unknown	unknown	unknown	unknown
Seq2271	Bacteria	Proteobacteria	Betaproteobacteria	Neisseriales	Neisseriaceae	unknown
Seq2272	Bacteria	unknown	unknown	unknown	unknown	unknown
Seq2273	Bacteria	Bacteroidetes	Flavobacteriia	Flavobacteriales	Flavobacteriaceae	Capnocytophaga
Seq2274	Bacteria	Actinobacteria	Actinobacteria	Actinomycetales	Micrococcaceae	Rothia
Seq2275	Bacteria	Proteobacteria	Alphaproteobacteria	Rhodobacterales	Rhodobacteraceae	Paracoccus
Seq2276	Bacteria	unknown	unknown	unknown	unknown	unknown
Seq2277	Bacteria	Actinobacteria	Actinobacteria	Actinomycetales	Actinomycetaceae	Actinomyces
Seq2278	Bacteria	Proteobacteria	Gammaproteobacteria	Pseudomonadales	Moraxellaceae	Psychrobacter
Seq2279	Bacteria	Proteobacteria	Betaproteobacteria	Burkholderiales	Burkholderiales_incertae_sedis	Thiobacter
Seq2280	Bacteria	Proteobacteria	Gammaproteobacteria	Pseudomonadales	Moraxellaceae	Acinetobacter
Seq2281	Bacteria	Firmicutes	Clostridia	Clostridiales	Lachnospiraceae	Lachnoanaerobaculum
Seq2282	Bacteria	Proteobacteria	Alphaproteobacteria	Caulobacterales	Caulobacteraceae	Brevundimonas
Seq2283	Bacteria	Proteobacteria	Betaproteobacteria	Rhodocyclales	Rhodocyclaceae	Azospira
Seq2284	Bacteria	Actinobacteria	Actinobacteria	Actinomycetales	unknown	unknown
Seq2285	Bacteria	Firmicutes	Bacilli	Bacillales	unknown	unknown
Seq2286	Bacteria	Firmicutes	Clostridia	Clostridiales	Peptostreptococcaceae	Peptostreptococcus
Seq2287	Bacteria	Bacteroidetes	Bacteroidia	Bacteroidales	unknown	unknown
Seq2288	Bacteria	Firmicutes	Bacilli	Lactobacillales	Streptococcaceae	Lactococcus
Seq2289	Bacteria	Firmicutes	Bacilli	Lactobacillales	Streptococcaceae	Streptococcus
Seq2292	Bacteria	Bacteroidetes	Sphingobacteriia	Sphingobacteriales	Chitinophagaceae	Flavisolibacter
Seq2293	Bacteria	Bacteroidetes	Bacteroidia	Bacteroidales	Prevotellaceae	unknown
Seq2294	Bacteria	unknown	unknown	unknown	unknown	unknown
Seq2295	Bacteria	Actinobacteria	Actinobacteria	Actinomycetales	Kineosporiaceae	Kineococcus
Seq2296	Bacteria	Firmicutes	Bacilli	Bacillales	Bacillales_Incertae_Sedis_XI	Gemella
Seq2297	Bacteria	Firmicutes	Clostridia	Clostridiales	Lachnospiraceae	Parasporobacterium
Seq2298	Bacteria	Proteobacteria	Gammaproteobacteria	Pseudomonadales	Moraxellaceae	Psychrobacter
Seq2301	Bacteria	Firmicutes	Clostridia	Clostridiales	Clostridiales_Incertae_Sedis_XIII	Mogibacterium
Seq2302	Bacteria	Bacteroidetes	Bacteroidia	Bacteroidales	Prevotellaceae	Prevotella
Seq2303	Bacteria	Firmicutes	Bacilli	Lactobacillales	Streptococcaceae	Streptococcus
Seq2304	Bacteria	Proteobacteria	Betaproteobacteria	Neisseriales	Neisseriaceae	unknown
Seq2305	Bacteria	Bacteroidetes	Bacteroidia	Bacteroidales	Prevotellaceae	Alloprevotella
Seq2306	unknown	unknown	unknown	unknown	unknown	unknown
Seq2308	Bacteria	Proteobacteria	Betaproteobacteria	Neisseriales	Neisseriaceae	unknown
Seq2309	Bacteria	Actinobacteria	Actinobacteria	Actinomycetales	Micrococcaceae	Rothia
Seq2310	Bacteria	Actinobacteria	Actinobacteria	Actinomycetales	Micrococcaceae	Nesterenkonia
Seq2311	Bacteria	Proteobacteria	Alphaproteobacteria	unknown	unknown	unknown
Seq2312	Bacteria	Firmicutes	Clostridia	Clostridiales	Lachnospiraceae	Syntrophococcus
Seq2313	Bacteria	Firmicutes	Bacilli	Lactobacillales	unknown	unknown
Seq2314	Bacteria	unknown	unknown	unknown	unknown	unknown
Seq2315	Bacteria	Bacteroidetes	Flavobacteriia	Flavobacteriales	Flavobacteriaceae	Cloacibacterium
Seq2316	Bacteria	Proteobacteria	Gammaproteobacteria	Pseudomonadales	Moraxellaceae	Enhydrobacter
Seq2322	Bacteria	Cyanobacteria/Chloroplast	Chloroplast	Chloroplast	Streptophyta	unknown
Seq2323	Bacteria	Proteobacteria	Betaproteobacteria	Burkholderiales	Comamonadaceae	unknown
Seq2324	Bacteria	Proteobacteria	Betaproteobacteria	Burkholderiales	Comamonadaceae	Pelomonas
Seq2325	Bacteria	Bacteroidetes	unknown	unknown	unknown	unknown
Seq2326	Bacteria	Actinobacteria	Actinobacteria	Actinomycetales	Dietziaceae	Dietzia
