FeatureID	Kingdom	Phylum	Class	Order	Family	Genus	Species	DisplayName	TaxonomyStatus
taxa_1								taxa_1	Anonymous taxon in the official FEAST example
taxa_2								taxa_2	Anonymous taxon in the official FEAST example
taxa_3								taxa_3	Anonymous taxon in the official FEAST example
taxa_4								taxa_4	Anonymous taxon in the official FEAST example
taxa_5								taxa_5	Anonymous taxon in the official FEAST example
taxa_6								taxa_6	Anonymous taxon in the official FEAST example
taxa_7								taxa_7	Anonymous taxon in the official FEAST example
taxa_8								taxa_8	Anonymous taxon in the official FEAST example
taxa_9								taxa_9	Anonymous taxon in the official FEAST example
taxa_10								taxa_10	Anonymous taxon in the official FEAST example
taxa_11								taxa_11	Anonymous taxon in the official FEAST example
taxa_12								taxa_12	Anonymous taxon in the official FEAST example
taxa_13								taxa_13	Anonymous taxon in the official FEAST example
taxa_14								taxa_14	Anonymous taxon in the official FEAST example
taxa_15								taxa_15	Anonymous taxon in the official FEAST example
taxa_16								taxa_16	Anonymous taxon in the official FEAST example
taxa_17								taxa_17	Anonymous taxon in the official FEAST example
taxa_18								taxa_18	Anonymous taxon in the official FEAST example
taxa_19								taxa_19	Anonymous taxon in the official FEAST example
taxa_20								taxa_20	Anonymous taxon in the official FEAST example
taxa_21								taxa_21	Anonymous taxon in the official FEAST example
taxa_22								taxa_22	Anonymous taxon in the official FEAST example
taxa_23								taxa_23	Anonymous taxon in the official FEAST example
taxa_24								taxa_24	Anonymous taxon in the official FEAST example
taxa_25								taxa_25	Anonymous taxon in the official FEAST example
taxa_26								taxa_26	Anonymous taxon in the official FEAST example
taxa_27								taxa_27	Anonymous taxon in the official FEAST example
taxa_28								taxa_28	Anonymous taxon in the official FEAST example
taxa_29								taxa_29	Anonymous taxon in the official FEAST example
taxa_30								taxa_30	Anonymous taxon in the official FEAST example
taxa_31								taxa_31	Anonymous taxon in the official FEAST example
taxa_32								taxa_32	Anonymous taxon in the official FEAST example
taxa_33								taxa_33	Anonymous taxon in the official FEAST example
taxa_34								taxa_34	Anonymous taxon in the official FEAST example
taxa_35								taxa_35	Anonymous taxon in the official FEAST example
taxa_36								taxa_36	Anonymous taxon in the official FEAST example
taxa_37								taxa_37	Anonymous taxon in the official FEAST example
taxa_38								taxa_38	Anonymous taxon in the official FEAST example
taxa_39								taxa_39	Anonymous taxon in the official FEAST example
taxa_40								taxa_40	Anonymous taxon in the official FEAST example
taxa_41								taxa_41	Anonymous taxon in the official FEAST example
taxa_42								taxa_42	Anonymous taxon in the official FEAST example
taxa_43								taxa_43	Anonymous taxon in the official FEAST example
taxa_44								taxa_44	Anonymous taxon in the official FEAST example
taxa_45								taxa_45	Anonymous taxon in the official FEAST example
taxa_46								taxa_46	Anonymous taxon in the official FEAST example
taxa_47								taxa_47	Anonymous taxon in the official FEAST example
taxa_48								taxa_48	Anonymous taxon in the official FEAST example
taxa_49								taxa_49	Anonymous taxon in the official FEAST example
taxa_50								taxa_50	Anonymous taxon in the official FEAST example
taxa_51								taxa_51	Anonymous taxon in the official FEAST example
taxa_52								taxa_52	Anonymous taxon in the official FEAST example
taxa_53								taxa_53	Anonymous taxon in the official FEAST example
taxa_54								taxa_54	Anonymous taxon in the official FEAST example
taxa_55								taxa_55	Anonymous taxon in the official FEAST example
taxa_56								taxa_56	Anonymous taxon in the official FEAST example
taxa_57								taxa_57	Anonymous taxon in the official FEAST example
taxa_58								taxa_58	Anonymous taxon in the official FEAST example
taxa_59								taxa_59	Anonymous taxon in the official FEAST example
taxa_60								taxa_60	Anonymous taxon in the official FEAST example
taxa_61								taxa_61	Anonymous taxon in the official FEAST example
taxa_62								taxa_62	Anonymous taxon in the official FEAST example
taxa_63								taxa_63	Anonymous taxon in the official FEAST example
taxa_64								taxa_64	Anonymous taxon in the official FEAST example
taxa_65								taxa_65	Anonymous taxon in the official FEAST example
taxa_66								taxa_66	Anonymous taxon in the official FEAST example
taxa_67								taxa_67	Anonymous taxon in the official FEAST example
taxa_68								taxa_68	Anonymous taxon in the official FEAST example
taxa_69								taxa_69	Anonymous taxon in the official FEAST example
taxa_70								taxa_70	Anonymous taxon in the official FEAST example
taxa_71								taxa_71	Anonymous taxon in the official FEAST example
taxa_72								taxa_72	Anonymous taxon in the official FEAST example
taxa_73								taxa_73	Anonymous taxon in the official FEAST example
taxa_74								taxa_74	Anonymous taxon in the official FEAST example
taxa_75								taxa_75	Anonymous taxon in the official FEAST example
taxa_76								taxa_76	Anonymous taxon in the official FEAST example
taxa_77								taxa_77	Anonymous taxon in the official FEAST example
taxa_78								taxa_78	Anonymous taxon in the official FEAST example
taxa_79								taxa_79	Anonymous taxon in the official FEAST example
taxa_80								taxa_80	Anonymous taxon in the official FEAST example
taxa_81								taxa_81	Anonymous taxon in the official FEAST example
taxa_82								taxa_82	Anonymous taxon in the official FEAST example
taxa_83								taxa_83	Anonymous taxon in the official FEAST example
taxa_84								taxa_84	Anonymous taxon in the official FEAST example
taxa_85								taxa_85	Anonymous taxon in the official FEAST example
taxa_86								taxa_86	Anonymous taxon in the official FEAST example
taxa_87								taxa_87	Anonymous taxon in the official FEAST example
taxa_88								taxa_88	Anonymous taxon in the official FEAST example
taxa_89								taxa_89	Anonymous taxon in the official FEAST example
taxa_90								taxa_90	Anonymous taxon in the official FEAST example
taxa_91								taxa_91	Anonymous taxon in the official FEAST example
taxa_92								taxa_92	Anonymous taxon in the official FEAST example
taxa_93								taxa_93	Anonymous taxon in the official FEAST example
taxa_94								taxa_94	Anonymous taxon in the official FEAST example
taxa_95								taxa_95	Anonymous taxon in the official FEAST example
taxa_96								taxa_96	Anonymous taxon in the official FEAST example
taxa_97								taxa_97	Anonymous taxon in the official FEAST example
taxa_98								taxa_98	Anonymous taxon in the official FEAST example
taxa_99								taxa_99	Anonymous taxon in the official FEAST example
taxa_100								taxa_100	Anonymous taxon in the official FEAST example
taxa_101								taxa_101	Anonymous taxon in the official FEAST example
taxa_102								taxa_102	Anonymous taxon in the official FEAST example
taxa_103								taxa_103	Anonymous taxon in the official FEAST example
taxa_104								taxa_104	Anonymous taxon in the official FEAST example
taxa_105								taxa_105	Anonymous taxon in the official FEAST example
taxa_106								taxa_106	Anonymous taxon in the official FEAST example
taxa_107								taxa_107	Anonymous taxon in the official FEAST example
taxa_108								taxa_108	Anonymous taxon in the official FEAST example
taxa_109								taxa_109	Anonymous taxon in the official FEAST example
taxa_110								taxa_110	Anonymous taxon in the official FEAST example
taxa_111								taxa_111	Anonymous taxon in the official FEAST example
taxa_112								taxa_112	Anonymous taxon in the official FEAST example
taxa_113								taxa_113	Anonymous taxon in the official FEAST example
taxa_114								taxa_114	Anonymous taxon in the official FEAST example
taxa_115								taxa_115	Anonymous taxon in the official FEAST example
taxa_116								taxa_116	Anonymous taxon in the official FEAST example
taxa_117								taxa_117	Anonymous taxon in the official FEAST example
taxa_118								taxa_118	Anonymous taxon in the official FEAST example
taxa_119								taxa_119	Anonymous taxon in the official FEAST example
taxa_120								taxa_120	Anonymous taxon in the official FEAST example
taxa_121								taxa_121	Anonymous taxon in the official FEAST example
taxa_122								taxa_122	Anonymous taxon in the official FEAST example
taxa_123								taxa_123	Anonymous taxon in the official FEAST example
taxa_124								taxa_124	Anonymous taxon in the official FEAST example
taxa_125								taxa_125	Anonymous taxon in the official FEAST example
taxa_126								taxa_126	Anonymous taxon in the official FEAST example
taxa_127								taxa_127	Anonymous taxon in the official FEAST example
taxa_128								taxa_128	Anonymous taxon in the official FEAST example
taxa_129								taxa_129	Anonymous taxon in the official FEAST example
taxa_130								taxa_130	Anonymous taxon in the official FEAST example
taxa_131								taxa_131	Anonymous taxon in the official FEAST example
taxa_132								taxa_132	Anonymous taxon in the official FEAST example
taxa_133								taxa_133	Anonymous taxon in the official FEAST example
taxa_134								taxa_134	Anonymous taxon in the official FEAST example
taxa_135								taxa_135	Anonymous taxon in the official FEAST example
taxa_136								taxa_136	Anonymous taxon in the official FEAST example
taxa_137								taxa_137	Anonymous taxon in the official FEAST example
taxa_138								taxa_138	Anonymous taxon in the official FEAST example
taxa_139								taxa_139	Anonymous taxon in the official FEAST example
taxa_140								taxa_140	Anonymous taxon in the official FEAST example
taxa_141								taxa_141	Anonymous taxon in the official FEAST example
taxa_142								taxa_142	Anonymous taxon in the official FEAST example
taxa_143								taxa_143	Anonymous taxon in the official FEAST example
taxa_144								taxa_144	Anonymous taxon in the official FEAST example
taxa_145								taxa_145	Anonymous taxon in the official FEAST example
taxa_146								taxa_146	Anonymous taxon in the official FEAST example
taxa_147								taxa_147	Anonymous taxon in the official FEAST example
taxa_148								taxa_148	Anonymous taxon in the official FEAST example
taxa_149								taxa_149	Anonymous taxon in the official FEAST example
taxa_150								taxa_150	Anonymous taxon in the official FEAST example
taxa_151								taxa_151	Anonymous taxon in the official FEAST example
taxa_152								taxa_152	Anonymous taxon in the official FEAST example
taxa_153								taxa_153	Anonymous taxon in the official FEAST example
taxa_154								taxa_154	Anonymous taxon in the official FEAST example
taxa_155								taxa_155	Anonymous taxon in the official FEAST example
taxa_156								taxa_156	Anonymous taxon in the official FEAST example
taxa_157								taxa_157	Anonymous taxon in the official FEAST example
taxa_158								taxa_158	Anonymous taxon in the official FEAST example
taxa_159								taxa_159	Anonymous taxon in the official FEAST example
taxa_160								taxa_160	Anonymous taxon in the official FEAST example
taxa_161								taxa_161	Anonymous taxon in the official FEAST example
taxa_162								taxa_162	Anonymous taxon in the official FEAST example
taxa_163								taxa_163	Anonymous taxon in the official FEAST example
taxa_164								taxa_164	Anonymous taxon in the official FEAST example
taxa_165								taxa_165	Anonymous taxon in the official FEAST example
taxa_166								taxa_166	Anonymous taxon in the official FEAST example
taxa_167								taxa_167	Anonymous taxon in the official FEAST example
taxa_168								taxa_168	Anonymous taxon in the official FEAST example
taxa_169								taxa_169	Anonymous taxon in the official FEAST example
taxa_170								taxa_170	Anonymous taxon in the official FEAST example
taxa_171								taxa_171	Anonymous taxon in the official FEAST example
taxa_172								taxa_172	Anonymous taxon in the official FEAST example
taxa_173								taxa_173	Anonymous taxon in the official FEAST example
taxa_174								taxa_174	Anonymous taxon in the official FEAST example
taxa_175								taxa_175	Anonymous taxon in the official FEAST example
taxa_176								taxa_176	Anonymous taxon in the official FEAST example
taxa_177								taxa_177	Anonymous taxon in the official FEAST example
taxa_178								taxa_178	Anonymous taxon in the official FEAST example
taxa_179								taxa_179	Anonymous taxon in the official FEAST example
taxa_180								taxa_180	Anonymous taxon in the official FEAST example
taxa_181								taxa_181	Anonymous taxon in the official FEAST example
taxa_182								taxa_182	Anonymous taxon in the official FEAST example
taxa_183								taxa_183	Anonymous taxon in the official FEAST example
taxa_184								taxa_184	Anonymous taxon in the official FEAST example
taxa_185								taxa_185	Anonymous taxon in the official FEAST example
taxa_186								taxa_186	Anonymous taxon in the official FEAST example
taxa_187								taxa_187	Anonymous taxon in the official FEAST example
taxa_188								taxa_188	Anonymous taxon in the official FEAST example
taxa_189								taxa_189	Anonymous taxon in the official FEAST example
taxa_190								taxa_190	Anonymous taxon in the official FEAST example
taxa_191								taxa_191	Anonymous taxon in the official FEAST example
taxa_192								taxa_192	Anonymous taxon in the official FEAST example
taxa_193								taxa_193	Anonymous taxon in the official FEAST example
taxa_194								taxa_194	Anonymous taxon in the official FEAST example
taxa_195								taxa_195	Anonymous taxon in the official FEAST example
taxa_196								taxa_196	Anonymous taxon in the official FEAST example
taxa_197								taxa_197	Anonymous taxon in the official FEAST example
taxa_198								taxa_198	Anonymous taxon in the official FEAST example
taxa_199								taxa_199	Anonymous taxon in the official FEAST example
taxa_200								taxa_200	Anonymous taxon in the official FEAST example
taxa_201								taxa_201	Anonymous taxon in the official FEAST example
taxa_202								taxa_202	Anonymous taxon in the official FEAST example
taxa_203								taxa_203	Anonymous taxon in the official FEAST example
taxa_204								taxa_204	Anonymous taxon in the official FEAST example
taxa_205								taxa_205	Anonymous taxon in the official FEAST example
taxa_206								taxa_206	Anonymous taxon in the official FEAST example
taxa_207								taxa_207	Anonymous taxon in the official FEAST example
taxa_208								taxa_208	Anonymous taxon in the official FEAST example
taxa_209								taxa_209	Anonymous taxon in the official FEAST example
taxa_210								taxa_210	Anonymous taxon in the official FEAST example
taxa_211								taxa_211	Anonymous taxon in the official FEAST example
taxa_212								taxa_212	Anonymous taxon in the official FEAST example
taxa_213								taxa_213	Anonymous taxon in the official FEAST example
taxa_214								taxa_214	Anonymous taxon in the official FEAST example
taxa_215								taxa_215	Anonymous taxon in the official FEAST example
taxa_216								taxa_216	Anonymous taxon in the official FEAST example
taxa_217								taxa_217	Anonymous taxon in the official FEAST example
taxa_218								taxa_218	Anonymous taxon in the official FEAST example
taxa_219								taxa_219	Anonymous taxon in the official FEAST example
taxa_220								taxa_220	Anonymous taxon in the official FEAST example
taxa_221								taxa_221	Anonymous taxon in the official FEAST example
taxa_222								taxa_222	Anonymous taxon in the official FEAST example
taxa_223								taxa_223	Anonymous taxon in the official FEAST example
taxa_224								taxa_224	Anonymous taxon in the official FEAST example
taxa_225								taxa_225	Anonymous taxon in the official FEAST example
taxa_226								taxa_226	Anonymous taxon in the official FEAST example
taxa_227								taxa_227	Anonymous taxon in the official FEAST example
taxa_228								taxa_228	Anonymous taxon in the official FEAST example
taxa_229								taxa_229	Anonymous taxon in the official FEAST example
taxa_230								taxa_230	Anonymous taxon in the official FEAST example
taxa_231								taxa_231	Anonymous taxon in the official FEAST example
taxa_232								taxa_232	Anonymous taxon in the official FEAST example
taxa_233								taxa_233	Anonymous taxon in the official FEAST example
taxa_234								taxa_234	Anonymous taxon in the official FEAST example
taxa_235								taxa_235	Anonymous taxon in the official FEAST example
taxa_236								taxa_236	Anonymous taxon in the official FEAST example
taxa_237								taxa_237	Anonymous taxon in the official FEAST example
taxa_238								taxa_238	Anonymous taxon in the official FEAST example
taxa_239								taxa_239	Anonymous taxon in the official FEAST example
taxa_240								taxa_240	Anonymous taxon in the official FEAST example
taxa_241								taxa_241	Anonymous taxon in the official FEAST example
taxa_242								taxa_242	Anonymous taxon in the official FEAST example
taxa_243								taxa_243	Anonymous taxon in the official FEAST example
taxa_244								taxa_244	Anonymous taxon in the official FEAST example
taxa_245								taxa_245	Anonymous taxon in the official FEAST example
taxa_246								taxa_246	Anonymous taxon in the official FEAST example
taxa_247								taxa_247	Anonymous taxon in the official FEAST example
taxa_248								taxa_248	Anonymous taxon in the official FEAST example
taxa_249								taxa_249	Anonymous taxon in the official FEAST example
taxa_250								taxa_250	Anonymous taxon in the official FEAST example
taxa_251								taxa_251	Anonymous taxon in the official FEAST example
taxa_252								taxa_252	Anonymous taxon in the official FEAST example
taxa_253								taxa_253	Anonymous taxon in the official FEAST example
taxa_254								taxa_254	Anonymous taxon in the official FEAST example
taxa_255								taxa_255	Anonymous taxon in the official FEAST example
taxa_256								taxa_256	Anonymous taxon in the official FEAST example
taxa_257								taxa_257	Anonymous taxon in the official FEAST example
taxa_258								taxa_258	Anonymous taxon in the official FEAST example
taxa_259								taxa_259	Anonymous taxon in the official FEAST example
taxa_260								taxa_260	Anonymous taxon in the official FEAST example
taxa_261								taxa_261	Anonymous taxon in the official FEAST example
taxa_262								taxa_262	Anonymous taxon in the official FEAST example
taxa_263								taxa_263	Anonymous taxon in the official FEAST example
taxa_264								taxa_264	Anonymous taxon in the official FEAST example
taxa_265								taxa_265	Anonymous taxon in the official FEAST example
taxa_266								taxa_266	Anonymous taxon in the official FEAST example
taxa_267								taxa_267	Anonymous taxon in the official FEAST example
taxa_268								taxa_268	Anonymous taxon in the official FEAST example
taxa_269								taxa_269	Anonymous taxon in the official FEAST example
taxa_270								taxa_270	Anonymous taxon in the official FEAST example
taxa_271								taxa_271	Anonymous taxon in the official FEAST example
taxa_272								taxa_272	Anonymous taxon in the official FEAST example
taxa_273								taxa_273	Anonymous taxon in the official FEAST example
taxa_274								taxa_274	Anonymous taxon in the official FEAST example
taxa_275								taxa_275	Anonymous taxon in the official FEAST example
taxa_276								taxa_276	Anonymous taxon in the official FEAST example
taxa_277								taxa_277	Anonymous taxon in the official FEAST example
taxa_278								taxa_278	Anonymous taxon in the official FEAST example
taxa_279								taxa_279	Anonymous taxon in the official FEAST example
taxa_280								taxa_280	Anonymous taxon in the official FEAST example
taxa_281								taxa_281	Anonymous taxon in the official FEAST example
taxa_282								taxa_282	Anonymous taxon in the official FEAST example
taxa_283								taxa_283	Anonymous taxon in the official FEAST example
taxa_284								taxa_284	Anonymous taxon in the official FEAST example
taxa_285								taxa_285	Anonymous taxon in the official FEAST example
taxa_286								taxa_286	Anonymous taxon in the official FEAST example
taxa_287								taxa_287	Anonymous taxon in the official FEAST example
taxa_288								taxa_288	Anonymous taxon in the official FEAST example
taxa_289								taxa_289	Anonymous taxon in the official FEAST example
taxa_290								taxa_290	Anonymous taxon in the official FEAST example
taxa_291								taxa_291	Anonymous taxon in the official FEAST example
taxa_292								taxa_292	Anonymous taxon in the official FEAST example
taxa_293								taxa_293	Anonymous taxon in the official FEAST example
taxa_294								taxa_294	Anonymous taxon in the official FEAST example
taxa_295								taxa_295	Anonymous taxon in the official FEAST example
taxa_296								taxa_296	Anonymous taxon in the official FEAST example
taxa_297								taxa_297	Anonymous taxon in the official FEAST example
taxa_298								taxa_298	Anonymous taxon in the official FEAST example
taxa_299								taxa_299	Anonymous taxon in the official FEAST example
taxa_300								taxa_300	Anonymous taxon in the official FEAST example
taxa_301								taxa_301	Anonymous taxon in the official FEAST example
taxa_302								taxa_302	Anonymous taxon in the official FEAST example
taxa_303								taxa_303	Anonymous taxon in the official FEAST example
taxa_304								taxa_304	Anonymous taxon in the official FEAST example
taxa_305								taxa_305	Anonymous taxon in the official FEAST example
taxa_306								taxa_306	Anonymous taxon in the official FEAST example
taxa_307								taxa_307	Anonymous taxon in the official FEAST example
taxa_308								taxa_308	Anonymous taxon in the official FEAST example
taxa_309								taxa_309	Anonymous taxon in the official FEAST example
taxa_310								taxa_310	Anonymous taxon in the official FEAST example
taxa_311								taxa_311	Anonymous taxon in the official FEAST example
taxa_312								taxa_312	Anonymous taxon in the official FEAST example
taxa_313								taxa_313	Anonymous taxon in the official FEAST example
taxa_314								taxa_314	Anonymous taxon in the official FEAST example
taxa_315								taxa_315	Anonymous taxon in the official FEAST example
taxa_316								taxa_316	Anonymous taxon in the official FEAST example
taxa_317								taxa_317	Anonymous taxon in the official FEAST example
taxa_318								taxa_318	Anonymous taxon in the official FEAST example
taxa_319								taxa_319	Anonymous taxon in the official FEAST example
taxa_320								taxa_320	Anonymous taxon in the official FEAST example
taxa_321								taxa_321	Anonymous taxon in the official FEAST example
taxa_322								taxa_322	Anonymous taxon in the official FEAST example
taxa_323								taxa_323	Anonymous taxon in the official FEAST example
taxa_324								taxa_324	Anonymous taxon in the official FEAST example
taxa_325								taxa_325	Anonymous taxon in the official FEAST example
taxa_326								taxa_326	Anonymous taxon in the official FEAST example
taxa_327								taxa_327	Anonymous taxon in the official FEAST example
taxa_328								taxa_328	Anonymous taxon in the official FEAST example
taxa_329								taxa_329	Anonymous taxon in the official FEAST example
taxa_330								taxa_330	Anonymous taxon in the official FEAST example
taxa_331								taxa_331	Anonymous taxon in the official FEAST example
taxa_332								taxa_332	Anonymous taxon in the official FEAST example
taxa_333								taxa_333	Anonymous taxon in the official FEAST example
taxa_334								taxa_334	Anonymous taxon in the official FEAST example
taxa_335								taxa_335	Anonymous taxon in the official FEAST example
taxa_336								taxa_336	Anonymous taxon in the official FEAST example
taxa_337								taxa_337	Anonymous taxon in the official FEAST example
taxa_338								taxa_338	Anonymous taxon in the official FEAST example
taxa_339								taxa_339	Anonymous taxon in the official FEAST example
taxa_340								taxa_340	Anonymous taxon in the official FEAST example
taxa_341								taxa_341	Anonymous taxon in the official FEAST example
taxa_342								taxa_342	Anonymous taxon in the official FEAST example
taxa_343								taxa_343	Anonymous taxon in the official FEAST example
taxa_344								taxa_344	Anonymous taxon in the official FEAST example
taxa_345								taxa_345	Anonymous taxon in the official FEAST example
taxa_346								taxa_346	Anonymous taxon in the official FEAST example
taxa_347								taxa_347	Anonymous taxon in the official FEAST example
taxa_348								taxa_348	Anonymous taxon in the official FEAST example
taxa_349								taxa_349	Anonymous taxon in the official FEAST example
taxa_350								taxa_350	Anonymous taxon in the official FEAST example
taxa_351								taxa_351	Anonymous taxon in the official FEAST example
taxa_352								taxa_352	Anonymous taxon in the official FEAST example
taxa_353								taxa_353	Anonymous taxon in the official FEAST example
taxa_354								taxa_354	Anonymous taxon in the official FEAST example
taxa_355								taxa_355	Anonymous taxon in the official FEAST example
taxa_356								taxa_356	Anonymous taxon in the official FEAST example
taxa_357								taxa_357	Anonymous taxon in the official FEAST example
taxa_358								taxa_358	Anonymous taxon in the official FEAST example
taxa_359								taxa_359	Anonymous taxon in the official FEAST example
taxa_360								taxa_360	Anonymous taxon in the official FEAST example
taxa_361								taxa_361	Anonymous taxon in the official FEAST example
taxa_362								taxa_362	Anonymous taxon in the official FEAST example
taxa_363								taxa_363	Anonymous taxon in the official FEAST example
taxa_364								taxa_364	Anonymous taxon in the official FEAST example
taxa_365								taxa_365	Anonymous taxon in the official FEAST example
taxa_366								taxa_366	Anonymous taxon in the official FEAST example
taxa_367								taxa_367	Anonymous taxon in the official FEAST example
taxa_368								taxa_368	Anonymous taxon in the official FEAST example
taxa_369								taxa_369	Anonymous taxon in the official FEAST example
taxa_370								taxa_370	Anonymous taxon in the official FEAST example
taxa_371								taxa_371	Anonymous taxon in the official FEAST example
taxa_372								taxa_372	Anonymous taxon in the official FEAST example
taxa_373								taxa_373	Anonymous taxon in the official FEAST example
taxa_374								taxa_374	Anonymous taxon in the official FEAST example
taxa_375								taxa_375	Anonymous taxon in the official FEAST example
taxa_376								taxa_376	Anonymous taxon in the official FEAST example
taxa_377								taxa_377	Anonymous taxon in the official FEAST example
taxa_378								taxa_378	Anonymous taxon in the official FEAST example
taxa_379								taxa_379	Anonymous taxon in the official FEAST example
taxa_380								taxa_380	Anonymous taxon in the official FEAST example
taxa_381								taxa_381	Anonymous taxon in the official FEAST example
taxa_382								taxa_382	Anonymous taxon in the official FEAST example
taxa_383								taxa_383	Anonymous taxon in the official FEAST example
taxa_384								taxa_384	Anonymous taxon in the official FEAST example
taxa_385								taxa_385	Anonymous taxon in the official FEAST example
taxa_386								taxa_386	Anonymous taxon in the official FEAST example
taxa_387								taxa_387	Anonymous taxon in the official FEAST example
taxa_388								taxa_388	Anonymous taxon in the official FEAST example
taxa_389								taxa_389	Anonymous taxon in the official FEAST example
taxa_390								taxa_390	Anonymous taxon in the official FEAST example
taxa_391								taxa_391	Anonymous taxon in the official FEAST example
taxa_392								taxa_392	Anonymous taxon in the official FEAST example
taxa_393								taxa_393	Anonymous taxon in the official FEAST example
taxa_394								taxa_394	Anonymous taxon in the official FEAST example
taxa_395								taxa_395	Anonymous taxon in the official FEAST example
taxa_396								taxa_396	Anonymous taxon in the official FEAST example
taxa_397								taxa_397	Anonymous taxon in the official FEAST example
taxa_398								taxa_398	Anonymous taxon in the official FEAST example
taxa_399								taxa_399	Anonymous taxon in the official FEAST example
taxa_400								taxa_400	Anonymous taxon in the official FEAST example
taxa_401								taxa_401	Anonymous taxon in the official FEAST example
taxa_402								taxa_402	Anonymous taxon in the official FEAST example
taxa_403								taxa_403	Anonymous taxon in the official FEAST example
taxa_404								taxa_404	Anonymous taxon in the official FEAST example
taxa_405								taxa_405	Anonymous taxon in the official FEAST example
taxa_406								taxa_406	Anonymous taxon in the official FEAST example
taxa_407								taxa_407	Anonymous taxon in the official FEAST example
taxa_408								taxa_408	Anonymous taxon in the official FEAST example
taxa_409								taxa_409	Anonymous taxon in the official FEAST example
taxa_410								taxa_410	Anonymous taxon in the official FEAST example
taxa_411								taxa_411	Anonymous taxon in the official FEAST example
taxa_412								taxa_412	Anonymous taxon in the official FEAST example
taxa_413								taxa_413	Anonymous taxon in the official FEAST example
taxa_414								taxa_414	Anonymous taxon in the official FEAST example
taxa_415								taxa_415	Anonymous taxon in the official FEAST example
taxa_416								taxa_416	Anonymous taxon in the official FEAST example
taxa_417								taxa_417	Anonymous taxon in the official FEAST example
taxa_418								taxa_418	Anonymous taxon in the official FEAST example
taxa_419								taxa_419	Anonymous taxon in the official FEAST example
taxa_420								taxa_420	Anonymous taxon in the official FEAST example
taxa_421								taxa_421	Anonymous taxon in the official FEAST example
taxa_422								taxa_422	Anonymous taxon in the official FEAST example
taxa_423								taxa_423	Anonymous taxon in the official FEAST example
taxa_424								taxa_424	Anonymous taxon in the official FEAST example
taxa_425								taxa_425	Anonymous taxon in the official FEAST example
taxa_426								taxa_426	Anonymous taxon in the official FEAST example
taxa_427								taxa_427	Anonymous taxon in the official FEAST example
taxa_428								taxa_428	Anonymous taxon in the official FEAST example
taxa_429								taxa_429	Anonymous taxon in the official FEAST example
taxa_430								taxa_430	Anonymous taxon in the official FEAST example
taxa_431								taxa_431	Anonymous taxon in the official FEAST example
taxa_432								taxa_432	Anonymous taxon in the official FEAST example
taxa_433								taxa_433	Anonymous taxon in the official FEAST example
taxa_434								taxa_434	Anonymous taxon in the official FEAST example
taxa_435								taxa_435	Anonymous taxon in the official FEAST example
taxa_436								taxa_436	Anonymous taxon in the official FEAST example
taxa_437								taxa_437	Anonymous taxon in the official FEAST example
taxa_438								taxa_438	Anonymous taxon in the official FEAST example
taxa_439								taxa_439	Anonymous taxon in the official FEAST example
taxa_440								taxa_440	Anonymous taxon in the official FEAST example
taxa_441								taxa_441	Anonymous taxon in the official FEAST example
taxa_442								taxa_442	Anonymous taxon in the official FEAST example
taxa_443								taxa_443	Anonymous taxon in the official FEAST example
taxa_444								taxa_444	Anonymous taxon in the official FEAST example
taxa_445								taxa_445	Anonymous taxon in the official FEAST example
taxa_446								taxa_446	Anonymous taxon in the official FEAST example
taxa_447								taxa_447	Anonymous taxon in the official FEAST example
taxa_448								taxa_448	Anonymous taxon in the official FEAST example
taxa_449								taxa_449	Anonymous taxon in the official FEAST example
taxa_450								taxa_450	Anonymous taxon in the official FEAST example
taxa_451								taxa_451	Anonymous taxon in the official FEAST example
taxa_452								taxa_452	Anonymous taxon in the official FEAST example
taxa_453								taxa_453	Anonymous taxon in the official FEAST example
taxa_454								taxa_454	Anonymous taxon in the official FEAST example
taxa_455								taxa_455	Anonymous taxon in the official FEAST example
taxa_456								taxa_456	Anonymous taxon in the official FEAST example
taxa_457								taxa_457	Anonymous taxon in the official FEAST example
taxa_458								taxa_458	Anonymous taxon in the official FEAST example
taxa_459								taxa_459	Anonymous taxon in the official FEAST example
taxa_460								taxa_460	Anonymous taxon in the official FEAST example
taxa_461								taxa_461	Anonymous taxon in the official FEAST example
taxa_462								taxa_462	Anonymous taxon in the official FEAST example
taxa_463								taxa_463	Anonymous taxon in the official FEAST example
taxa_464								taxa_464	Anonymous taxon in the official FEAST example
taxa_465								taxa_465	Anonymous taxon in the official FEAST example
taxa_466								taxa_466	Anonymous taxon in the official FEAST example
taxa_467								taxa_467	Anonymous taxon in the official FEAST example
taxa_468								taxa_468	Anonymous taxon in the official FEAST example
taxa_469								taxa_469	Anonymous taxon in the official FEAST example
taxa_470								taxa_470	Anonymous taxon in the official FEAST example
taxa_471								taxa_471	Anonymous taxon in the official FEAST example
taxa_472								taxa_472	Anonymous taxon in the official FEAST example
taxa_473								taxa_473	Anonymous taxon in the official FEAST example
taxa_474								taxa_474	Anonymous taxon in the official FEAST example
taxa_475								taxa_475	Anonymous taxon in the official FEAST example
taxa_476								taxa_476	Anonymous taxon in the official FEAST example
taxa_477								taxa_477	Anonymous taxon in the official FEAST example
taxa_478								taxa_478	Anonymous taxon in the official FEAST example
taxa_479								taxa_479	Anonymous taxon in the official FEAST example
taxa_480								taxa_480	Anonymous taxon in the official FEAST example
taxa_481								taxa_481	Anonymous taxon in the official FEAST example
taxa_482								taxa_482	Anonymous taxon in the official FEAST example
taxa_483								taxa_483	Anonymous taxon in the official FEAST example
taxa_484								taxa_484	Anonymous taxon in the official FEAST example
taxa_485								taxa_485	Anonymous taxon in the official FEAST example
taxa_486								taxa_486	Anonymous taxon in the official FEAST example
taxa_487								taxa_487	Anonymous taxon in the official FEAST example
taxa_488								taxa_488	Anonymous taxon in the official FEAST example
taxa_489								taxa_489	Anonymous taxon in the official FEAST example
taxa_490								taxa_490	Anonymous taxon in the official FEAST example
taxa_491								taxa_491	Anonymous taxon in the official FEAST example
taxa_492								taxa_492	Anonymous taxon in the official FEAST example
taxa_493								taxa_493	Anonymous taxon in the official FEAST example
taxa_494								taxa_494	Anonymous taxon in the official FEAST example
taxa_495								taxa_495	Anonymous taxon in the official FEAST example
taxa_496								taxa_496	Anonymous taxon in the official FEAST example
taxa_497								taxa_497	Anonymous taxon in the official FEAST example
taxa_498								taxa_498	Anonymous taxon in the official FEAST example
taxa_499								taxa_499	Anonymous taxon in the official FEAST example
taxa_500								taxa_500	Anonymous taxon in the official FEAST example
taxa_501								taxa_501	Anonymous taxon in the official FEAST example
taxa_502								taxa_502	Anonymous taxon in the official FEAST example
taxa_503								taxa_503	Anonymous taxon in the official FEAST example
taxa_504								taxa_504	Anonymous taxon in the official FEAST example
taxa_505								taxa_505	Anonymous taxon in the official FEAST example
taxa_506								taxa_506	Anonymous taxon in the official FEAST example
taxa_507								taxa_507	Anonymous taxon in the official FEAST example
taxa_508								taxa_508	Anonymous taxon in the official FEAST example
taxa_509								taxa_509	Anonymous taxon in the official FEAST example
taxa_510								taxa_510	Anonymous taxon in the official FEAST example
taxa_511								taxa_511	Anonymous taxon in the official FEAST example
taxa_512								taxa_512	Anonymous taxon in the official FEAST example
taxa_513								taxa_513	Anonymous taxon in the official FEAST example
taxa_514								taxa_514	Anonymous taxon in the official FEAST example
taxa_515								taxa_515	Anonymous taxon in the official FEAST example
taxa_516								taxa_516	Anonymous taxon in the official FEAST example
taxa_517								taxa_517	Anonymous taxon in the official FEAST example
taxa_518								taxa_518	Anonymous taxon in the official FEAST example
taxa_519								taxa_519	Anonymous taxon in the official FEAST example
taxa_520								taxa_520	Anonymous taxon in the official FEAST example
taxa_521								taxa_521	Anonymous taxon in the official FEAST example
taxa_522								taxa_522	Anonymous taxon in the official FEAST example
taxa_523								taxa_523	Anonymous taxon in the official FEAST example
taxa_524								taxa_524	Anonymous taxon in the official FEAST example
taxa_525								taxa_525	Anonymous taxon in the official FEAST example
taxa_526								taxa_526	Anonymous taxon in the official FEAST example
taxa_527								taxa_527	Anonymous taxon in the official FEAST example
taxa_528								taxa_528	Anonymous taxon in the official FEAST example
taxa_529								taxa_529	Anonymous taxon in the official FEAST example
taxa_530								taxa_530	Anonymous taxon in the official FEAST example
taxa_531								taxa_531	Anonymous taxon in the official FEAST example
taxa_532								taxa_532	Anonymous taxon in the official FEAST example
taxa_533								taxa_533	Anonymous taxon in the official FEAST example
taxa_534								taxa_534	Anonymous taxon in the official FEAST example
taxa_535								taxa_535	Anonymous taxon in the official FEAST example
taxa_536								taxa_536	Anonymous taxon in the official FEAST example
taxa_537								taxa_537	Anonymous taxon in the official FEAST example
taxa_538								taxa_538	Anonymous taxon in the official FEAST example
taxa_539								taxa_539	Anonymous taxon in the official FEAST example
taxa_540								taxa_540	Anonymous taxon in the official FEAST example
taxa_541								taxa_541	Anonymous taxon in the official FEAST example
taxa_542								taxa_542	Anonymous taxon in the official FEAST example
taxa_543								taxa_543	Anonymous taxon in the official FEAST example
taxa_544								taxa_544	Anonymous taxon in the official FEAST example
taxa_545								taxa_545	Anonymous taxon in the official FEAST example
taxa_546								taxa_546	Anonymous taxon in the official FEAST example
taxa_547								taxa_547	Anonymous taxon in the official FEAST example
taxa_548								taxa_548	Anonymous taxon in the official FEAST example
taxa_549								taxa_549	Anonymous taxon in the official FEAST example
taxa_550								taxa_550	Anonymous taxon in the official FEAST example
taxa_551								taxa_551	Anonymous taxon in the official FEAST example
taxa_552								taxa_552	Anonymous taxon in the official FEAST example
taxa_553								taxa_553	Anonymous taxon in the official FEAST example
taxa_554								taxa_554	Anonymous taxon in the official FEAST example
taxa_555								taxa_555	Anonymous taxon in the official FEAST example
taxa_556								taxa_556	Anonymous taxon in the official FEAST example
taxa_557								taxa_557	Anonymous taxon in the official FEAST example
taxa_558								taxa_558	Anonymous taxon in the official FEAST example
taxa_559								taxa_559	Anonymous taxon in the official FEAST example
taxa_560								taxa_560	Anonymous taxon in the official FEAST example
taxa_561								taxa_561	Anonymous taxon in the official FEAST example
taxa_562								taxa_562	Anonymous taxon in the official FEAST example
taxa_563								taxa_563	Anonymous taxon in the official FEAST example
taxa_564								taxa_564	Anonymous taxon in the official FEAST example
taxa_565								taxa_565	Anonymous taxon in the official FEAST example
taxa_566								taxa_566	Anonymous taxon in the official FEAST example
taxa_567								taxa_567	Anonymous taxon in the official FEAST example
taxa_568								taxa_568	Anonymous taxon in the official FEAST example
taxa_569								taxa_569	Anonymous taxon in the official FEAST example
taxa_570								taxa_570	Anonymous taxon in the official FEAST example
taxa_571								taxa_571	Anonymous taxon in the official FEAST example
taxa_572								taxa_572	Anonymous taxon in the official FEAST example
taxa_573								taxa_573	Anonymous taxon in the official FEAST example
taxa_574								taxa_574	Anonymous taxon in the official FEAST example
taxa_575								taxa_575	Anonymous taxon in the official FEAST example
taxa_576								taxa_576	Anonymous taxon in the official FEAST example
taxa_577								taxa_577	Anonymous taxon in the official FEAST example
taxa_578								taxa_578	Anonymous taxon in the official FEAST example
taxa_579								taxa_579	Anonymous taxon in the official FEAST example
taxa_580								taxa_580	Anonymous taxon in the official FEAST example
taxa_581								taxa_581	Anonymous taxon in the official FEAST example
taxa_582								taxa_582	Anonymous taxon in the official FEAST example
taxa_583								taxa_583	Anonymous taxon in the official FEAST example
taxa_584								taxa_584	Anonymous taxon in the official FEAST example
taxa_585								taxa_585	Anonymous taxon in the official FEAST example
taxa_586								taxa_586	Anonymous taxon in the official FEAST example
taxa_587								taxa_587	Anonymous taxon in the official FEAST example
taxa_588								taxa_588	Anonymous taxon in the official FEAST example
taxa_589								taxa_589	Anonymous taxon in the official FEAST example
taxa_590								taxa_590	Anonymous taxon in the official FEAST example
taxa_591								taxa_591	Anonymous taxon in the official FEAST example
taxa_592								taxa_592	Anonymous taxon in the official FEAST example
taxa_593								taxa_593	Anonymous taxon in the official FEAST example
taxa_594								taxa_594	Anonymous taxon in the official FEAST example
taxa_595								taxa_595	Anonymous taxon in the official FEAST example
taxa_596								taxa_596	Anonymous taxon in the official FEAST example
taxa_597								taxa_597	Anonymous taxon in the official FEAST example
taxa_598								taxa_598	Anonymous taxon in the official FEAST example
taxa_599								taxa_599	Anonymous taxon in the official FEAST example
taxa_600								taxa_600	Anonymous taxon in the official FEAST example
taxa_601								taxa_601	Anonymous taxon in the official FEAST example
taxa_602								taxa_602	Anonymous taxon in the official FEAST example
taxa_603								taxa_603	Anonymous taxon in the official FEAST example
taxa_604								taxa_604	Anonymous taxon in the official FEAST example
taxa_605								taxa_605	Anonymous taxon in the official FEAST example
taxa_606								taxa_606	Anonymous taxon in the official FEAST example
taxa_607								taxa_607	Anonymous taxon in the official FEAST example
taxa_608								taxa_608	Anonymous taxon in the official FEAST example
taxa_609								taxa_609	Anonymous taxon in the official FEAST example
taxa_610								taxa_610	Anonymous taxon in the official FEAST example
taxa_611								taxa_611	Anonymous taxon in the official FEAST example
taxa_612								taxa_612	Anonymous taxon in the official FEAST example
taxa_613								taxa_613	Anonymous taxon in the official FEAST example
taxa_614								taxa_614	Anonymous taxon in the official FEAST example
taxa_615								taxa_615	Anonymous taxon in the official FEAST example
taxa_616								taxa_616	Anonymous taxon in the official FEAST example
taxa_617								taxa_617	Anonymous taxon in the official FEAST example
taxa_618								taxa_618	Anonymous taxon in the official FEAST example
taxa_619								taxa_619	Anonymous taxon in the official FEAST example
taxa_620								taxa_620	Anonymous taxon in the official FEAST example
taxa_621								taxa_621	Anonymous taxon in the official FEAST example
taxa_622								taxa_622	Anonymous taxon in the official FEAST example
taxa_623								taxa_623	Anonymous taxon in the official FEAST example
taxa_624								taxa_624	Anonymous taxon in the official FEAST example
taxa_625								taxa_625	Anonymous taxon in the official FEAST example
taxa_626								taxa_626	Anonymous taxon in the official FEAST example
taxa_627								taxa_627	Anonymous taxon in the official FEAST example
taxa_628								taxa_628	Anonymous taxon in the official FEAST example
taxa_629								taxa_629	Anonymous taxon in the official FEAST example
taxa_630								taxa_630	Anonymous taxon in the official FEAST example
taxa_631								taxa_631	Anonymous taxon in the official FEAST example
taxa_632								taxa_632	Anonymous taxon in the official FEAST example
taxa_633								taxa_633	Anonymous taxon in the official FEAST example
taxa_634								taxa_634	Anonymous taxon in the official FEAST example
taxa_635								taxa_635	Anonymous taxon in the official FEAST example
taxa_636								taxa_636	Anonymous taxon in the official FEAST example
taxa_637								taxa_637	Anonymous taxon in the official FEAST example
taxa_638								taxa_638	Anonymous taxon in the official FEAST example
taxa_639								taxa_639	Anonymous taxon in the official FEAST example
taxa_640								taxa_640	Anonymous taxon in the official FEAST example
taxa_641								taxa_641	Anonymous taxon in the official FEAST example
taxa_642								taxa_642	Anonymous taxon in the official FEAST example
taxa_643								taxa_643	Anonymous taxon in the official FEAST example
taxa_644								taxa_644	Anonymous taxon in the official FEAST example
taxa_645								taxa_645	Anonymous taxon in the official FEAST example
taxa_646								taxa_646	Anonymous taxon in the official FEAST example
taxa_647								taxa_647	Anonymous taxon in the official FEAST example
taxa_648								taxa_648	Anonymous taxon in the official FEAST example
taxa_649								taxa_649	Anonymous taxon in the official FEAST example
taxa_650								taxa_650	Anonymous taxon in the official FEAST example
taxa_651								taxa_651	Anonymous taxon in the official FEAST example
taxa_652								taxa_652	Anonymous taxon in the official FEAST example
taxa_653								taxa_653	Anonymous taxon in the official FEAST example
taxa_654								taxa_654	Anonymous taxon in the official FEAST example
taxa_655								taxa_655	Anonymous taxon in the official FEAST example
taxa_656								taxa_656	Anonymous taxon in the official FEAST example
taxa_657								taxa_657	Anonymous taxon in the official FEAST example
taxa_658								taxa_658	Anonymous taxon in the official FEAST example
taxa_659								taxa_659	Anonymous taxon in the official FEAST example
taxa_660								taxa_660	Anonymous taxon in the official FEAST example
taxa_661								taxa_661	Anonymous taxon in the official FEAST example
taxa_662								taxa_662	Anonymous taxon in the official FEAST example
taxa_663								taxa_663	Anonymous taxon in the official FEAST example
taxa_664								taxa_664	Anonymous taxon in the official FEAST example
taxa_665								taxa_665	Anonymous taxon in the official FEAST example
taxa_666								taxa_666	Anonymous taxon in the official FEAST example
taxa_667								taxa_667	Anonymous taxon in the official FEAST example
taxa_668								taxa_668	Anonymous taxon in the official FEAST example
taxa_669								taxa_669	Anonymous taxon in the official FEAST example
taxa_670								taxa_670	Anonymous taxon in the official FEAST example
taxa_671								taxa_671	Anonymous taxon in the official FEAST example
taxa_672								taxa_672	Anonymous taxon in the official FEAST example
taxa_673								taxa_673	Anonymous taxon in the official FEAST example
taxa_674								taxa_674	Anonymous taxon in the official FEAST example
taxa_675								taxa_675	Anonymous taxon in the official FEAST example
taxa_676								taxa_676	Anonymous taxon in the official FEAST example
taxa_677								taxa_677	Anonymous taxon in the official FEAST example
taxa_678								taxa_678	Anonymous taxon in the official FEAST example
taxa_679								taxa_679	Anonymous taxon in the official FEAST example
taxa_680								taxa_680	Anonymous taxon in the official FEAST example
taxa_681								taxa_681	Anonymous taxon in the official FEAST example
taxa_682								taxa_682	Anonymous taxon in the official FEAST example
taxa_683								taxa_683	Anonymous taxon in the official FEAST example
taxa_684								taxa_684	Anonymous taxon in the official FEAST example
taxa_685								taxa_685	Anonymous taxon in the official FEAST example
taxa_686								taxa_686	Anonymous taxon in the official FEAST example
taxa_687								taxa_687	Anonymous taxon in the official FEAST example
taxa_688								taxa_688	Anonymous taxon in the official FEAST example
taxa_689								taxa_689	Anonymous taxon in the official FEAST example
taxa_690								taxa_690	Anonymous taxon in the official FEAST example
taxa_691								taxa_691	Anonymous taxon in the official FEAST example
taxa_692								taxa_692	Anonymous taxon in the official FEAST example
taxa_693								taxa_693	Anonymous taxon in the official FEAST example
taxa_694								taxa_694	Anonymous taxon in the official FEAST example
taxa_695								taxa_695	Anonymous taxon in the official FEAST example
taxa_696								taxa_696	Anonymous taxon in the official FEAST example
taxa_697								taxa_697	Anonymous taxon in the official FEAST example
taxa_698								taxa_698	Anonymous taxon in the official FEAST example
taxa_699								taxa_699	Anonymous taxon in the official FEAST example
taxa_700								taxa_700	Anonymous taxon in the official FEAST example
taxa_701								taxa_701	Anonymous taxon in the official FEAST example
taxa_702								taxa_702	Anonymous taxon in the official FEAST example
taxa_703								taxa_703	Anonymous taxon in the official FEAST example
taxa_704								taxa_704	Anonymous taxon in the official FEAST example
taxa_705								taxa_705	Anonymous taxon in the official FEAST example
taxa_706								taxa_706	Anonymous taxon in the official FEAST example
taxa_707								taxa_707	Anonymous taxon in the official FEAST example
taxa_708								taxa_708	Anonymous taxon in the official FEAST example
taxa_709								taxa_709	Anonymous taxon in the official FEAST example
taxa_710								taxa_710	Anonymous taxon in the official FEAST example
taxa_711								taxa_711	Anonymous taxon in the official FEAST example
taxa_712								taxa_712	Anonymous taxon in the official FEAST example
taxa_713								taxa_713	Anonymous taxon in the official FEAST example
taxa_714								taxa_714	Anonymous taxon in the official FEAST example
taxa_715								taxa_715	Anonymous taxon in the official FEAST example
taxa_716								taxa_716	Anonymous taxon in the official FEAST example
taxa_717								taxa_717	Anonymous taxon in the official FEAST example
taxa_718								taxa_718	Anonymous taxon in the official FEAST example
taxa_719								taxa_719	Anonymous taxon in the official FEAST example
taxa_720								taxa_720	Anonymous taxon in the official FEAST example
taxa_721								taxa_721	Anonymous taxon in the official FEAST example
taxa_722								taxa_722	Anonymous taxon in the official FEAST example
taxa_723								taxa_723	Anonymous taxon in the official FEAST example
taxa_724								taxa_724	Anonymous taxon in the official FEAST example
taxa_725								taxa_725	Anonymous taxon in the official FEAST example
taxa_726								taxa_726	Anonymous taxon in the official FEAST example
taxa_727								taxa_727	Anonymous taxon in the official FEAST example
taxa_728								taxa_728	Anonymous taxon in the official FEAST example
taxa_729								taxa_729	Anonymous taxon in the official FEAST example
taxa_730								taxa_730	Anonymous taxon in the official FEAST example
taxa_731								taxa_731	Anonymous taxon in the official FEAST example
taxa_732								taxa_732	Anonymous taxon in the official FEAST example
taxa_733								taxa_733	Anonymous taxon in the official FEAST example
taxa_734								taxa_734	Anonymous taxon in the official FEAST example
taxa_735								taxa_735	Anonymous taxon in the official FEAST example
taxa_736								taxa_736	Anonymous taxon in the official FEAST example
taxa_737								taxa_737	Anonymous taxon in the official FEAST example
taxa_738								taxa_738	Anonymous taxon in the official FEAST example
taxa_739								taxa_739	Anonymous taxon in the official FEAST example
taxa_740								taxa_740	Anonymous taxon in the official FEAST example
taxa_741								taxa_741	Anonymous taxon in the official FEAST example
taxa_742								taxa_742	Anonymous taxon in the official FEAST example
taxa_743								taxa_743	Anonymous taxon in the official FEAST example
taxa_744								taxa_744	Anonymous taxon in the official FEAST example
taxa_745								taxa_745	Anonymous taxon in the official FEAST example
taxa_746								taxa_746	Anonymous taxon in the official FEAST example
taxa_747								taxa_747	Anonymous taxon in the official FEAST example
taxa_748								taxa_748	Anonymous taxon in the official FEAST example
taxa_749								taxa_749	Anonymous taxon in the official FEAST example
taxa_750								taxa_750	Anonymous taxon in the official FEAST example
taxa_751								taxa_751	Anonymous taxon in the official FEAST example
taxa_752								taxa_752	Anonymous taxon in the official FEAST example
taxa_753								taxa_753	Anonymous taxon in the official FEAST example
taxa_754								taxa_754	Anonymous taxon in the official FEAST example
taxa_755								taxa_755	Anonymous taxon in the official FEAST example
taxa_756								taxa_756	Anonymous taxon in the official FEAST example
taxa_757								taxa_757	Anonymous taxon in the official FEAST example
taxa_758								taxa_758	Anonymous taxon in the official FEAST example
taxa_759								taxa_759	Anonymous taxon in the official FEAST example
taxa_760								taxa_760	Anonymous taxon in the official FEAST example
taxa_761								taxa_761	Anonymous taxon in the official FEAST example
taxa_762								taxa_762	Anonymous taxon in the official FEAST example
taxa_763								taxa_763	Anonymous taxon in the official FEAST example
taxa_764								taxa_764	Anonymous taxon in the official FEAST example
taxa_765								taxa_765	Anonymous taxon in the official FEAST example
taxa_766								taxa_766	Anonymous taxon in the official FEAST example
taxa_767								taxa_767	Anonymous taxon in the official FEAST example
taxa_768								taxa_768	Anonymous taxon in the official FEAST example
taxa_769								taxa_769	Anonymous taxon in the official FEAST example
taxa_770								taxa_770	Anonymous taxon in the official FEAST example
taxa_771								taxa_771	Anonymous taxon in the official FEAST example
taxa_772								taxa_772	Anonymous taxon in the official FEAST example
taxa_773								taxa_773	Anonymous taxon in the official FEAST example
taxa_774								taxa_774	Anonymous taxon in the official FEAST example
taxa_775								taxa_775	Anonymous taxon in the official FEAST example
taxa_776								taxa_776	Anonymous taxon in the official FEAST example
taxa_777								taxa_777	Anonymous taxon in the official FEAST example
taxa_778								taxa_778	Anonymous taxon in the official FEAST example
taxa_779								taxa_779	Anonymous taxon in the official FEAST example
taxa_780								taxa_780	Anonymous taxon in the official FEAST example
taxa_781								taxa_781	Anonymous taxon in the official FEAST example
taxa_782								taxa_782	Anonymous taxon in the official FEAST example
taxa_783								taxa_783	Anonymous taxon in the official FEAST example
taxa_784								taxa_784	Anonymous taxon in the official FEAST example
taxa_785								taxa_785	Anonymous taxon in the official FEAST example
taxa_786								taxa_786	Anonymous taxon in the official FEAST example
taxa_787								taxa_787	Anonymous taxon in the official FEAST example
taxa_788								taxa_788	Anonymous taxon in the official FEAST example
taxa_789								taxa_789	Anonymous taxon in the official FEAST example
taxa_790								taxa_790	Anonymous taxon in the official FEAST example
taxa_791								taxa_791	Anonymous taxon in the official FEAST example
taxa_792								taxa_792	Anonymous taxon in the official FEAST example
taxa_793								taxa_793	Anonymous taxon in the official FEAST example
taxa_794								taxa_794	Anonymous taxon in the official FEAST example
taxa_795								taxa_795	Anonymous taxon in the official FEAST example
taxa_796								taxa_796	Anonymous taxon in the official FEAST example
taxa_797								taxa_797	Anonymous taxon in the official FEAST example
taxa_798								taxa_798	Anonymous taxon in the official FEAST example
taxa_799								taxa_799	Anonymous taxon in the official FEAST example
taxa_800								taxa_800	Anonymous taxon in the official FEAST example
taxa_801								taxa_801	Anonymous taxon in the official FEAST example
taxa_802								taxa_802	Anonymous taxon in the official FEAST example
taxa_803								taxa_803	Anonymous taxon in the official FEAST example
taxa_804								taxa_804	Anonymous taxon in the official FEAST example
taxa_805								taxa_805	Anonymous taxon in the official FEAST example
taxa_806								taxa_806	Anonymous taxon in the official FEAST example
taxa_807								taxa_807	Anonymous taxon in the official FEAST example
taxa_808								taxa_808	Anonymous taxon in the official FEAST example
taxa_809								taxa_809	Anonymous taxon in the official FEAST example
taxa_810								taxa_810	Anonymous taxon in the official FEAST example
taxa_811								taxa_811	Anonymous taxon in the official FEAST example
taxa_812								taxa_812	Anonymous taxon in the official FEAST example
taxa_813								taxa_813	Anonymous taxon in the official FEAST example
taxa_814								taxa_814	Anonymous taxon in the official FEAST example
taxa_815								taxa_815	Anonymous taxon in the official FEAST example
taxa_816								taxa_816	Anonymous taxon in the official FEAST example
taxa_817								taxa_817	Anonymous taxon in the official FEAST example
taxa_818								taxa_818	Anonymous taxon in the official FEAST example
taxa_819								taxa_819	Anonymous taxon in the official FEAST example
taxa_820								taxa_820	Anonymous taxon in the official FEAST example
taxa_821								taxa_821	Anonymous taxon in the official FEAST example
taxa_822								taxa_822	Anonymous taxon in the official FEAST example
taxa_823								taxa_823	Anonymous taxon in the official FEAST example
taxa_824								taxa_824	Anonymous taxon in the official FEAST example
taxa_825								taxa_825	Anonymous taxon in the official FEAST example
taxa_826								taxa_826	Anonymous taxon in the official FEAST example
taxa_827								taxa_827	Anonymous taxon in the official FEAST example
taxa_828								taxa_828	Anonymous taxon in the official FEAST example
taxa_829								taxa_829	Anonymous taxon in the official FEAST example
taxa_830								taxa_830	Anonymous taxon in the official FEAST example
taxa_831								taxa_831	Anonymous taxon in the official FEAST example
taxa_832								taxa_832	Anonymous taxon in the official FEAST example
taxa_833								taxa_833	Anonymous taxon in the official FEAST example
taxa_834								taxa_834	Anonymous taxon in the official FEAST example
taxa_835								taxa_835	Anonymous taxon in the official FEAST example
taxa_836								taxa_836	Anonymous taxon in the official FEAST example
taxa_837								taxa_837	Anonymous taxon in the official FEAST example
taxa_838								taxa_838	Anonymous taxon in the official FEAST example
taxa_839								taxa_839	Anonymous taxon in the official FEAST example
taxa_840								taxa_840	Anonymous taxon in the official FEAST example
taxa_841								taxa_841	Anonymous taxon in the official FEAST example
taxa_842								taxa_842	Anonymous taxon in the official FEAST example
taxa_843								taxa_843	Anonymous taxon in the official FEAST example
taxa_844								taxa_844	Anonymous taxon in the official FEAST example
taxa_845								taxa_845	Anonymous taxon in the official FEAST example
taxa_846								taxa_846	Anonymous taxon in the official FEAST example
taxa_847								taxa_847	Anonymous taxon in the official FEAST example
taxa_848								taxa_848	Anonymous taxon in the official FEAST example
taxa_849								taxa_849	Anonymous taxon in the official FEAST example
taxa_850								taxa_850	Anonymous taxon in the official FEAST example
taxa_851								taxa_851	Anonymous taxon in the official FEAST example
taxa_852								taxa_852	Anonymous taxon in the official FEAST example
taxa_853								taxa_853	Anonymous taxon in the official FEAST example
taxa_854								taxa_854	Anonymous taxon in the official FEAST example
taxa_855								taxa_855	Anonymous taxon in the official FEAST example
taxa_856								taxa_856	Anonymous taxon in the official FEAST example
taxa_857								taxa_857	Anonymous taxon in the official FEAST example
taxa_858								taxa_858	Anonymous taxon in the official FEAST example
taxa_859								taxa_859	Anonymous taxon in the official FEAST example
taxa_860								taxa_860	Anonymous taxon in the official FEAST example
taxa_861								taxa_861	Anonymous taxon in the official FEAST example
taxa_862								taxa_862	Anonymous taxon in the official FEAST example
taxa_863								taxa_863	Anonymous taxon in the official FEAST example
taxa_864								taxa_864	Anonymous taxon in the official FEAST example
taxa_865								taxa_865	Anonymous taxon in the official FEAST example
taxa_866								taxa_866	Anonymous taxon in the official FEAST example
taxa_867								taxa_867	Anonymous taxon in the official FEAST example
taxa_868								taxa_868	Anonymous taxon in the official FEAST example
taxa_869								taxa_869	Anonymous taxon in the official FEAST example
taxa_870								taxa_870	Anonymous taxon in the official FEAST example
taxa_871								taxa_871	Anonymous taxon in the official FEAST example
taxa_872								taxa_872	Anonymous taxon in the official FEAST example
taxa_873								taxa_873	Anonymous taxon in the official FEAST example
taxa_874								taxa_874	Anonymous taxon in the official FEAST example
taxa_875								taxa_875	Anonymous taxon in the official FEAST example
taxa_876								taxa_876	Anonymous taxon in the official FEAST example
taxa_877								taxa_877	Anonymous taxon in the official FEAST example
taxa_878								taxa_878	Anonymous taxon in the official FEAST example
taxa_879								taxa_879	Anonymous taxon in the official FEAST example
taxa_880								taxa_880	Anonymous taxon in the official FEAST example
taxa_881								taxa_881	Anonymous taxon in the official FEAST example
taxa_882								taxa_882	Anonymous taxon in the official FEAST example
taxa_883								taxa_883	Anonymous taxon in the official FEAST example
taxa_884								taxa_884	Anonymous taxon in the official FEAST example
taxa_885								taxa_885	Anonymous taxon in the official FEAST example
taxa_886								taxa_886	Anonymous taxon in the official FEAST example
taxa_887								taxa_887	Anonymous taxon in the official FEAST example
taxa_888								taxa_888	Anonymous taxon in the official FEAST example
taxa_889								taxa_889	Anonymous taxon in the official FEAST example
taxa_890								taxa_890	Anonymous taxon in the official FEAST example
taxa_891								taxa_891	Anonymous taxon in the official FEAST example
taxa_892								taxa_892	Anonymous taxon in the official FEAST example
taxa_893								taxa_893	Anonymous taxon in the official FEAST example
taxa_894								taxa_894	Anonymous taxon in the official FEAST example
taxa_895								taxa_895	Anonymous taxon in the official FEAST example
taxa_896								taxa_896	Anonymous taxon in the official FEAST example
taxa_897								taxa_897	Anonymous taxon in the official FEAST example
taxa_898								taxa_898	Anonymous taxon in the official FEAST example
taxa_899								taxa_899	Anonymous taxon in the official FEAST example
taxa_900								taxa_900	Anonymous taxon in the official FEAST example
taxa_901								taxa_901	Anonymous taxon in the official FEAST example
taxa_902								taxa_902	Anonymous taxon in the official FEAST example
taxa_903								taxa_903	Anonymous taxon in the official FEAST example
taxa_904								taxa_904	Anonymous taxon in the official FEAST example
taxa_905								taxa_905	Anonymous taxon in the official FEAST example
taxa_906								taxa_906	Anonymous taxon in the official FEAST example
taxa_907								taxa_907	Anonymous taxon in the official FEAST example
taxa_908								taxa_908	Anonymous taxon in the official FEAST example
taxa_909								taxa_909	Anonymous taxon in the official FEAST example
taxa_910								taxa_910	Anonymous taxon in the official FEAST example
taxa_911								taxa_911	Anonymous taxon in the official FEAST example
taxa_912								taxa_912	Anonymous taxon in the official FEAST example
taxa_913								taxa_913	Anonymous taxon in the official FEAST example
taxa_914								taxa_914	Anonymous taxon in the official FEAST example
taxa_915								taxa_915	Anonymous taxon in the official FEAST example
taxa_916								taxa_916	Anonymous taxon in the official FEAST example
taxa_917								taxa_917	Anonymous taxon in the official FEAST example
taxa_918								taxa_918	Anonymous taxon in the official FEAST example
taxa_919								taxa_919	Anonymous taxon in the official FEAST example
taxa_920								taxa_920	Anonymous taxon in the official FEAST example
taxa_921								taxa_921	Anonymous taxon in the official FEAST example
taxa_922								taxa_922	Anonymous taxon in the official FEAST example
taxa_923								taxa_923	Anonymous taxon in the official FEAST example
taxa_924								taxa_924	Anonymous taxon in the official FEAST example
taxa_925								taxa_925	Anonymous taxon in the official FEAST example
taxa_926								taxa_926	Anonymous taxon in the official FEAST example
taxa_927								taxa_927	Anonymous taxon in the official FEAST example
taxa_928								taxa_928	Anonymous taxon in the official FEAST example
taxa_929								taxa_929	Anonymous taxon in the official FEAST example
taxa_930								taxa_930	Anonymous taxon in the official FEAST example
taxa_931								taxa_931	Anonymous taxon in the official FEAST example
taxa_932								taxa_932	Anonymous taxon in the official FEAST example
taxa_933								taxa_933	Anonymous taxon in the official FEAST example
taxa_934								taxa_934	Anonymous taxon in the official FEAST example
taxa_935								taxa_935	Anonymous taxon in the official FEAST example
taxa_936								taxa_936	Anonymous taxon in the official FEAST example
taxa_937								taxa_937	Anonymous taxon in the official FEAST example
taxa_938								taxa_938	Anonymous taxon in the official FEAST example
taxa_939								taxa_939	Anonymous taxon in the official FEAST example
taxa_940								taxa_940	Anonymous taxon in the official FEAST example
taxa_941								taxa_941	Anonymous taxon in the official FEAST example
taxa_942								taxa_942	Anonymous taxon in the official FEAST example
taxa_943								taxa_943	Anonymous taxon in the official FEAST example
taxa_944								taxa_944	Anonymous taxon in the official FEAST example
taxa_945								taxa_945	Anonymous taxon in the official FEAST example
taxa_946								taxa_946	Anonymous taxon in the official FEAST example
taxa_947								taxa_947	Anonymous taxon in the official FEAST example
taxa_948								taxa_948	Anonymous taxon in the official FEAST example
taxa_949								taxa_949	Anonymous taxon in the official FEAST example
taxa_950								taxa_950	Anonymous taxon in the official FEAST example
taxa_951								taxa_951	Anonymous taxon in the official FEAST example
taxa_952								taxa_952	Anonymous taxon in the official FEAST example
taxa_953								taxa_953	Anonymous taxon in the official FEAST example
taxa_954								taxa_954	Anonymous taxon in the official FEAST example
taxa_955								taxa_955	Anonymous taxon in the official FEAST example
taxa_956								taxa_956	Anonymous taxon in the official FEAST example
taxa_957								taxa_957	Anonymous taxon in the official FEAST example
taxa_958								taxa_958	Anonymous taxon in the official FEAST example
taxa_959								taxa_959	Anonymous taxon in the official FEAST example
taxa_960								taxa_960	Anonymous taxon in the official FEAST example
taxa_961								taxa_961	Anonymous taxon in the official FEAST example
taxa_962								taxa_962	Anonymous taxon in the official FEAST example
taxa_963								taxa_963	Anonymous taxon in the official FEAST example
taxa_964								taxa_964	Anonymous taxon in the official FEAST example
taxa_965								taxa_965	Anonymous taxon in the official FEAST example
taxa_966								taxa_966	Anonymous taxon in the official FEAST example
taxa_967								taxa_967	Anonymous taxon in the official FEAST example
taxa_968								taxa_968	Anonymous taxon in the official FEAST example
taxa_969								taxa_969	Anonymous taxon in the official FEAST example
taxa_970								taxa_970	Anonymous taxon in the official FEAST example
taxa_971								taxa_971	Anonymous taxon in the official FEAST example
taxa_972								taxa_972	Anonymous taxon in the official FEAST example
taxa_973								taxa_973	Anonymous taxon in the official FEAST example
taxa_974								taxa_974	Anonymous taxon in the official FEAST example
taxa_975								taxa_975	Anonymous taxon in the official FEAST example
taxa_976								taxa_976	Anonymous taxon in the official FEAST example
taxa_977								taxa_977	Anonymous taxon in the official FEAST example
taxa_978								taxa_978	Anonymous taxon in the official FEAST example
taxa_979								taxa_979	Anonymous taxon in the official FEAST example
taxa_980								taxa_980	Anonymous taxon in the official FEAST example
taxa_981								taxa_981	Anonymous taxon in the official FEAST example
taxa_982								taxa_982	Anonymous taxon in the official FEAST example
taxa_983								taxa_983	Anonymous taxon in the official FEAST example
taxa_984								taxa_984	Anonymous taxon in the official FEAST example
taxa_985								taxa_985	Anonymous taxon in the official FEAST example
taxa_986								taxa_986	Anonymous taxon in the official FEAST example
taxa_987								taxa_987	Anonymous taxon in the official FEAST example
taxa_988								taxa_988	Anonymous taxon in the official FEAST example
taxa_989								taxa_989	Anonymous taxon in the official FEAST example
taxa_990								taxa_990	Anonymous taxon in the official FEAST example
taxa_991								taxa_991	Anonymous taxon in the official FEAST example
taxa_992								taxa_992	Anonymous taxon in the official FEAST example
taxa_993								taxa_993	Anonymous taxon in the official FEAST example
taxa_994								taxa_994	Anonymous taxon in the official FEAST example
taxa_995								taxa_995	Anonymous taxon in the official FEAST example
taxa_996								taxa_996	Anonymous taxon in the official FEAST example
taxa_997								taxa_997	Anonymous taxon in the official FEAST example
taxa_998								taxa_998	Anonymous taxon in the official FEAST example
taxa_999								taxa_999	Anonymous taxon in the official FEAST example
taxa_1000								taxa_1000	Anonymous taxon in the official FEAST example
taxa_1001								taxa_1001	Anonymous taxon in the official FEAST example
taxa_1002								taxa_1002	Anonymous taxon in the official FEAST example
taxa_1003								taxa_1003	Anonymous taxon in the official FEAST example
taxa_1004								taxa_1004	Anonymous taxon in the official FEAST example
taxa_1005								taxa_1005	Anonymous taxon in the official FEAST example
taxa_1006								taxa_1006	Anonymous taxon in the official FEAST example
taxa_1007								taxa_1007	Anonymous taxon in the official FEAST example
taxa_1008								taxa_1008	Anonymous taxon in the official FEAST example
taxa_1009								taxa_1009	Anonymous taxon in the official FEAST example
taxa_1010								taxa_1010	Anonymous taxon in the official FEAST example
taxa_1011								taxa_1011	Anonymous taxon in the official FEAST example
taxa_1012								taxa_1012	Anonymous taxon in the official FEAST example
taxa_1013								taxa_1013	Anonymous taxon in the official FEAST example
taxa_1014								taxa_1014	Anonymous taxon in the official FEAST example
taxa_1015								taxa_1015	Anonymous taxon in the official FEAST example
taxa_1016								taxa_1016	Anonymous taxon in the official FEAST example
taxa_1017								taxa_1017	Anonymous taxon in the official FEAST example
taxa_1018								taxa_1018	Anonymous taxon in the official FEAST example
taxa_1019								taxa_1019	Anonymous taxon in the official FEAST example
taxa_1020								taxa_1020	Anonymous taxon in the official FEAST example
taxa_1021								taxa_1021	Anonymous taxon in the official FEAST example
taxa_1022								taxa_1022	Anonymous taxon in the official FEAST example
taxa_1023								taxa_1023	Anonymous taxon in the official FEAST example
taxa_1024								taxa_1024	Anonymous taxon in the official FEAST example
taxa_1025								taxa_1025	Anonymous taxon in the official FEAST example
taxa_1026								taxa_1026	Anonymous taxon in the official FEAST example
taxa_1027								taxa_1027	Anonymous taxon in the official FEAST example
taxa_1028								taxa_1028	Anonymous taxon in the official FEAST example
taxa_1029								taxa_1029	Anonymous taxon in the official FEAST example
taxa_1030								taxa_1030	Anonymous taxon in the official FEAST example
taxa_1031								taxa_1031	Anonymous taxon in the official FEAST example
taxa_1032								taxa_1032	Anonymous taxon in the official FEAST example
taxa_1033								taxa_1033	Anonymous taxon in the official FEAST example
taxa_1034								taxa_1034	Anonymous taxon in the official FEAST example
taxa_1035								taxa_1035	Anonymous taxon in the official FEAST example
taxa_1036								taxa_1036	Anonymous taxon in the official FEAST example
taxa_1037								taxa_1037	Anonymous taxon in the official FEAST example
taxa_1038								taxa_1038	Anonymous taxon in the official FEAST example
taxa_1039								taxa_1039	Anonymous taxon in the official FEAST example
taxa_1040								taxa_1040	Anonymous taxon in the official FEAST example
taxa_1041								taxa_1041	Anonymous taxon in the official FEAST example
taxa_1042								taxa_1042	Anonymous taxon in the official FEAST example
taxa_1043								taxa_1043	Anonymous taxon in the official FEAST example
taxa_1044								taxa_1044	Anonymous taxon in the official FEAST example
taxa_1045								taxa_1045	Anonymous taxon in the official FEAST example
taxa_1046								taxa_1046	Anonymous taxon in the official FEAST example
taxa_1047								taxa_1047	Anonymous taxon in the official FEAST example
taxa_1048								taxa_1048	Anonymous taxon in the official FEAST example
taxa_1049								taxa_1049	Anonymous taxon in the official FEAST example
taxa_1050								taxa_1050	Anonymous taxon in the official FEAST example
taxa_1051								taxa_1051	Anonymous taxon in the official FEAST example
taxa_1052								taxa_1052	Anonymous taxon in the official FEAST example
taxa_1053								taxa_1053	Anonymous taxon in the official FEAST example
taxa_1054								taxa_1054	Anonymous taxon in the official FEAST example
taxa_1055								taxa_1055	Anonymous taxon in the official FEAST example
taxa_1056								taxa_1056	Anonymous taxon in the official FEAST example
taxa_1057								taxa_1057	Anonymous taxon in the official FEAST example
taxa_1058								taxa_1058	Anonymous taxon in the official FEAST example
taxa_1059								taxa_1059	Anonymous taxon in the official FEAST example
taxa_1060								taxa_1060	Anonymous taxon in the official FEAST example
taxa_1061								taxa_1061	Anonymous taxon in the official FEAST example
taxa_1062								taxa_1062	Anonymous taxon in the official FEAST example
taxa_1063								taxa_1063	Anonymous taxon in the official FEAST example
taxa_1064								taxa_1064	Anonymous taxon in the official FEAST example
taxa_1065								taxa_1065	Anonymous taxon in the official FEAST example
taxa_1066								taxa_1066	Anonymous taxon in the official FEAST example
taxa_1067								taxa_1067	Anonymous taxon in the official FEAST example
taxa_1068								taxa_1068	Anonymous taxon in the official FEAST example
taxa_1069								taxa_1069	Anonymous taxon in the official FEAST example
taxa_1070								taxa_1070	Anonymous taxon in the official FEAST example
taxa_1071								taxa_1071	Anonymous taxon in the official FEAST example
taxa_1072								taxa_1072	Anonymous taxon in the official FEAST example
taxa_1073								taxa_1073	Anonymous taxon in the official FEAST example
taxa_1074								taxa_1074	Anonymous taxon in the official FEAST example
taxa_1075								taxa_1075	Anonymous taxon in the official FEAST example
taxa_1076								taxa_1076	Anonymous taxon in the official FEAST example
taxa_1077								taxa_1077	Anonymous taxon in the official FEAST example
taxa_1078								taxa_1078	Anonymous taxon in the official FEAST example
taxa_1079								taxa_1079	Anonymous taxon in the official FEAST example
taxa_1080								taxa_1080	Anonymous taxon in the official FEAST example
taxa_1081								taxa_1081	Anonymous taxon in the official FEAST example
taxa_1082								taxa_1082	Anonymous taxon in the official FEAST example
taxa_1083								taxa_1083	Anonymous taxon in the official FEAST example
taxa_1084								taxa_1084	Anonymous taxon in the official FEAST example
taxa_1085								taxa_1085	Anonymous taxon in the official FEAST example
taxa_1086								taxa_1086	Anonymous taxon in the official FEAST example
taxa_1087								taxa_1087	Anonymous taxon in the official FEAST example
taxa_1088								taxa_1088	Anonymous taxon in the official FEAST example
taxa_1089								taxa_1089	Anonymous taxon in the official FEAST example
taxa_1090								taxa_1090	Anonymous taxon in the official FEAST example
taxa_1091								taxa_1091	Anonymous taxon in the official FEAST example
taxa_1092								taxa_1092	Anonymous taxon in the official FEAST example
taxa_1093								taxa_1093	Anonymous taxon in the official FEAST example
taxa_1094								taxa_1094	Anonymous taxon in the official FEAST example
taxa_1095								taxa_1095	Anonymous taxon in the official FEAST example
taxa_1096								taxa_1096	Anonymous taxon in the official FEAST example
taxa_1097								taxa_1097	Anonymous taxon in the official FEAST example
taxa_1098								taxa_1098	Anonymous taxon in the official FEAST example
taxa_1099								taxa_1099	Anonymous taxon in the official FEAST example
taxa_1100								taxa_1100	Anonymous taxon in the official FEAST example
taxa_1101								taxa_1101	Anonymous taxon in the official FEAST example
taxa_1102								taxa_1102	Anonymous taxon in the official FEAST example
taxa_1103								taxa_1103	Anonymous taxon in the official FEAST example
taxa_1104								taxa_1104	Anonymous taxon in the official FEAST example
taxa_1105								taxa_1105	Anonymous taxon in the official FEAST example
taxa_1106								taxa_1106	Anonymous taxon in the official FEAST example
taxa_1107								taxa_1107	Anonymous taxon in the official FEAST example
taxa_1108								taxa_1108	Anonymous taxon in the official FEAST example
taxa_1109								taxa_1109	Anonymous taxon in the official FEAST example
taxa_1110								taxa_1110	Anonymous taxon in the official FEAST example
taxa_1111								taxa_1111	Anonymous taxon in the official FEAST example
taxa_1112								taxa_1112	Anonymous taxon in the official FEAST example
taxa_1113								taxa_1113	Anonymous taxon in the official FEAST example
taxa_1114								taxa_1114	Anonymous taxon in the official FEAST example
taxa_1115								taxa_1115	Anonymous taxon in the official FEAST example
taxa_1116								taxa_1116	Anonymous taxon in the official FEAST example
taxa_1117								taxa_1117	Anonymous taxon in the official FEAST example
taxa_1118								taxa_1118	Anonymous taxon in the official FEAST example
taxa_1119								taxa_1119	Anonymous taxon in the official FEAST example
taxa_1120								taxa_1120	Anonymous taxon in the official FEAST example
taxa_1121								taxa_1121	Anonymous taxon in the official FEAST example
taxa_1122								taxa_1122	Anonymous taxon in the official FEAST example
taxa_1123								taxa_1123	Anonymous taxon in the official FEAST example
taxa_1124								taxa_1124	Anonymous taxon in the official FEAST example
taxa_1125								taxa_1125	Anonymous taxon in the official FEAST example
taxa_1126								taxa_1126	Anonymous taxon in the official FEAST example
taxa_1127								taxa_1127	Anonymous taxon in the official FEAST example
taxa_1128								taxa_1128	Anonymous taxon in the official FEAST example
taxa_1129								taxa_1129	Anonymous taxon in the official FEAST example
taxa_1130								taxa_1130	Anonymous taxon in the official FEAST example
taxa_1131								taxa_1131	Anonymous taxon in the official FEAST example
taxa_1132								taxa_1132	Anonymous taxon in the official FEAST example
taxa_1133								taxa_1133	Anonymous taxon in the official FEAST example
taxa_1134								taxa_1134	Anonymous taxon in the official FEAST example
taxa_1135								taxa_1135	Anonymous taxon in the official FEAST example
taxa_1136								taxa_1136	Anonymous taxon in the official FEAST example
taxa_1137								taxa_1137	Anonymous taxon in the official FEAST example
taxa_1138								taxa_1138	Anonymous taxon in the official FEAST example
taxa_1139								taxa_1139	Anonymous taxon in the official FEAST example
taxa_1140								taxa_1140	Anonymous taxon in the official FEAST example
taxa_1141								taxa_1141	Anonymous taxon in the official FEAST example
taxa_1142								taxa_1142	Anonymous taxon in the official FEAST example
taxa_1143								taxa_1143	Anonymous taxon in the official FEAST example
taxa_1144								taxa_1144	Anonymous taxon in the official FEAST example
taxa_1145								taxa_1145	Anonymous taxon in the official FEAST example
taxa_1146								taxa_1146	Anonymous taxon in the official FEAST example
taxa_1147								taxa_1147	Anonymous taxon in the official FEAST example
taxa_1148								taxa_1148	Anonymous taxon in the official FEAST example
taxa_1149								taxa_1149	Anonymous taxon in the official FEAST example
taxa_1150								taxa_1150	Anonymous taxon in the official FEAST example
taxa_1151								taxa_1151	Anonymous taxon in the official FEAST example
taxa_1152								taxa_1152	Anonymous taxon in the official FEAST example
taxa_1153								taxa_1153	Anonymous taxon in the official FEAST example
taxa_1154								taxa_1154	Anonymous taxon in the official FEAST example
taxa_1155								taxa_1155	Anonymous taxon in the official FEAST example
taxa_1156								taxa_1156	Anonymous taxon in the official FEAST example
taxa_1157								taxa_1157	Anonymous taxon in the official FEAST example
taxa_1158								taxa_1158	Anonymous taxon in the official FEAST example
taxa_1159								taxa_1159	Anonymous taxon in the official FEAST example
taxa_1160								taxa_1160	Anonymous taxon in the official FEAST example
taxa_1161								taxa_1161	Anonymous taxon in the official FEAST example
taxa_1162								taxa_1162	Anonymous taxon in the official FEAST example
taxa_1163								taxa_1163	Anonymous taxon in the official FEAST example
taxa_1164								taxa_1164	Anonymous taxon in the official FEAST example
taxa_1165								taxa_1165	Anonymous taxon in the official FEAST example
taxa_1166								taxa_1166	Anonymous taxon in the official FEAST example
taxa_1167								taxa_1167	Anonymous taxon in the official FEAST example
taxa_1168								taxa_1168	Anonymous taxon in the official FEAST example
taxa_1169								taxa_1169	Anonymous taxon in the official FEAST example
taxa_1170								taxa_1170	Anonymous taxon in the official FEAST example
taxa_1171								taxa_1171	Anonymous taxon in the official FEAST example
taxa_1172								taxa_1172	Anonymous taxon in the official FEAST example
taxa_1173								taxa_1173	Anonymous taxon in the official FEAST example
taxa_1174								taxa_1174	Anonymous taxon in the official FEAST example
taxa_1175								taxa_1175	Anonymous taxon in the official FEAST example
taxa_1176								taxa_1176	Anonymous taxon in the official FEAST example
taxa_1177								taxa_1177	Anonymous taxon in the official FEAST example
taxa_1178								taxa_1178	Anonymous taxon in the official FEAST example
taxa_1179								taxa_1179	Anonymous taxon in the official FEAST example
taxa_1180								taxa_1180	Anonymous taxon in the official FEAST example
taxa_1181								taxa_1181	Anonymous taxon in the official FEAST example
taxa_1182								taxa_1182	Anonymous taxon in the official FEAST example
taxa_1183								taxa_1183	Anonymous taxon in the official FEAST example
taxa_1184								taxa_1184	Anonymous taxon in the official FEAST example
taxa_1185								taxa_1185	Anonymous taxon in the official FEAST example
taxa_1186								taxa_1186	Anonymous taxon in the official FEAST example
taxa_1187								taxa_1187	Anonymous taxon in the official FEAST example
taxa_1188								taxa_1188	Anonymous taxon in the official FEAST example
taxa_1189								taxa_1189	Anonymous taxon in the official FEAST example
taxa_1190								taxa_1190	Anonymous taxon in the official FEAST example
taxa_1191								taxa_1191	Anonymous taxon in the official FEAST example
taxa_1192								taxa_1192	Anonymous taxon in the official FEAST example
taxa_1193								taxa_1193	Anonymous taxon in the official FEAST example
taxa_1194								taxa_1194	Anonymous taxon in the official FEAST example
taxa_1195								taxa_1195	Anonymous taxon in the official FEAST example
taxa_1196								taxa_1196	Anonymous taxon in the official FEAST example
taxa_1197								taxa_1197	Anonymous taxon in the official FEAST example
taxa_1198								taxa_1198	Anonymous taxon in the official FEAST example
taxa_1199								taxa_1199	Anonymous taxon in the official FEAST example
taxa_1200								taxa_1200	Anonymous taxon in the official FEAST example
taxa_1201								taxa_1201	Anonymous taxon in the official FEAST example
taxa_1202								taxa_1202	Anonymous taxon in the official FEAST example
taxa_1203								taxa_1203	Anonymous taxon in the official FEAST example
taxa_1204								taxa_1204	Anonymous taxon in the official FEAST example
taxa_1205								taxa_1205	Anonymous taxon in the official FEAST example
taxa_1206								taxa_1206	Anonymous taxon in the official FEAST example
taxa_1207								taxa_1207	Anonymous taxon in the official FEAST example
taxa_1208								taxa_1208	Anonymous taxon in the official FEAST example
taxa_1209								taxa_1209	Anonymous taxon in the official FEAST example
taxa_1210								taxa_1210	Anonymous taxon in the official FEAST example
taxa_1211								taxa_1211	Anonymous taxon in the official FEAST example
taxa_1212								taxa_1212	Anonymous taxon in the official FEAST example
taxa_1213								taxa_1213	Anonymous taxon in the official FEAST example
taxa_1214								taxa_1214	Anonymous taxon in the official FEAST example
taxa_1215								taxa_1215	Anonymous taxon in the official FEAST example
taxa_1216								taxa_1216	Anonymous taxon in the official FEAST example
taxa_1217								taxa_1217	Anonymous taxon in the official FEAST example
taxa_1218								taxa_1218	Anonymous taxon in the official FEAST example
taxa_1219								taxa_1219	Anonymous taxon in the official FEAST example
taxa_1220								taxa_1220	Anonymous taxon in the official FEAST example
taxa_1221								taxa_1221	Anonymous taxon in the official FEAST example
taxa_1222								taxa_1222	Anonymous taxon in the official FEAST example
taxa_1223								taxa_1223	Anonymous taxon in the official FEAST example
taxa_1224								taxa_1224	Anonymous taxon in the official FEAST example
taxa_1225								taxa_1225	Anonymous taxon in the official FEAST example
taxa_1226								taxa_1226	Anonymous taxon in the official FEAST example
taxa_1227								taxa_1227	Anonymous taxon in the official FEAST example
taxa_1228								taxa_1228	Anonymous taxon in the official FEAST example
taxa_1229								taxa_1229	Anonymous taxon in the official FEAST example
taxa_1230								taxa_1230	Anonymous taxon in the official FEAST example
taxa_1231								taxa_1231	Anonymous taxon in the official FEAST example
taxa_1232								taxa_1232	Anonymous taxon in the official FEAST example
taxa_1233								taxa_1233	Anonymous taxon in the official FEAST example
taxa_1234								taxa_1234	Anonymous taxon in the official FEAST example
taxa_1235								taxa_1235	Anonymous taxon in the official FEAST example
taxa_1236								taxa_1236	Anonymous taxon in the official FEAST example
taxa_1237								taxa_1237	Anonymous taxon in the official FEAST example
taxa_1238								taxa_1238	Anonymous taxon in the official FEAST example
taxa_1239								taxa_1239	Anonymous taxon in the official FEAST example
taxa_1240								taxa_1240	Anonymous taxon in the official FEAST example
taxa_1241								taxa_1241	Anonymous taxon in the official FEAST example
taxa_1242								taxa_1242	Anonymous taxon in the official FEAST example
taxa_1243								taxa_1243	Anonymous taxon in the official FEAST example
taxa_1244								taxa_1244	Anonymous taxon in the official FEAST example
taxa_1245								taxa_1245	Anonymous taxon in the official FEAST example
taxa_1246								taxa_1246	Anonymous taxon in the official FEAST example
taxa_1247								taxa_1247	Anonymous taxon in the official FEAST example
taxa_1248								taxa_1248	Anonymous taxon in the official FEAST example
taxa_1249								taxa_1249	Anonymous taxon in the official FEAST example
taxa_1250								taxa_1250	Anonymous taxon in the official FEAST example
taxa_1251								taxa_1251	Anonymous taxon in the official FEAST example
taxa_1252								taxa_1252	Anonymous taxon in the official FEAST example
taxa_1253								taxa_1253	Anonymous taxon in the official FEAST example
taxa_1254								taxa_1254	Anonymous taxon in the official FEAST example
taxa_1255								taxa_1255	Anonymous taxon in the official FEAST example
taxa_1256								taxa_1256	Anonymous taxon in the official FEAST example
taxa_1257								taxa_1257	Anonymous taxon in the official FEAST example
taxa_1258								taxa_1258	Anonymous taxon in the official FEAST example
taxa_1259								taxa_1259	Anonymous taxon in the official FEAST example
taxa_1260								taxa_1260	Anonymous taxon in the official FEAST example
taxa_1261								taxa_1261	Anonymous taxon in the official FEAST example
taxa_1262								taxa_1262	Anonymous taxon in the official FEAST example
taxa_1263								taxa_1263	Anonymous taxon in the official FEAST example
taxa_1264								taxa_1264	Anonymous taxon in the official FEAST example
taxa_1265								taxa_1265	Anonymous taxon in the official FEAST example
taxa_1266								taxa_1266	Anonymous taxon in the official FEAST example
taxa_1267								taxa_1267	Anonymous taxon in the official FEAST example
taxa_1268								taxa_1268	Anonymous taxon in the official FEAST example
taxa_1269								taxa_1269	Anonymous taxon in the official FEAST example
taxa_1270								taxa_1270	Anonymous taxon in the official FEAST example
taxa_1271								taxa_1271	Anonymous taxon in the official FEAST example
taxa_1272								taxa_1272	Anonymous taxon in the official FEAST example
taxa_1273								taxa_1273	Anonymous taxon in the official FEAST example
taxa_1274								taxa_1274	Anonymous taxon in the official FEAST example
taxa_1275								taxa_1275	Anonymous taxon in the official FEAST example
taxa_1276								taxa_1276	Anonymous taxon in the official FEAST example
taxa_1277								taxa_1277	Anonymous taxon in the official FEAST example
taxa_1278								taxa_1278	Anonymous taxon in the official FEAST example
taxa_1279								taxa_1279	Anonymous taxon in the official FEAST example
taxa_1280								taxa_1280	Anonymous taxon in the official FEAST example
taxa_1281								taxa_1281	Anonymous taxon in the official FEAST example
taxa_1282								taxa_1282	Anonymous taxon in the official FEAST example
taxa_1283								taxa_1283	Anonymous taxon in the official FEAST example
taxa_1284								taxa_1284	Anonymous taxon in the official FEAST example
taxa_1285								taxa_1285	Anonymous taxon in the official FEAST example
taxa_1286								taxa_1286	Anonymous taxon in the official FEAST example
taxa_1287								taxa_1287	Anonymous taxon in the official FEAST example
taxa_1288								taxa_1288	Anonymous taxon in the official FEAST example
taxa_1289								taxa_1289	Anonymous taxon in the official FEAST example
taxa_1290								taxa_1290	Anonymous taxon in the official FEAST example
taxa_1291								taxa_1291	Anonymous taxon in the official FEAST example
taxa_1292								taxa_1292	Anonymous taxon in the official FEAST example
taxa_1293								taxa_1293	Anonymous taxon in the official FEAST example
taxa_1294								taxa_1294	Anonymous taxon in the official FEAST example
taxa_1295								taxa_1295	Anonymous taxon in the official FEAST example
taxa_1296								taxa_1296	Anonymous taxon in the official FEAST example
taxa_1297								taxa_1297	Anonymous taxon in the official FEAST example
taxa_1298								taxa_1298	Anonymous taxon in the official FEAST example
taxa_1299								taxa_1299	Anonymous taxon in the official FEAST example
taxa_1300								taxa_1300	Anonymous taxon in the official FEAST example
taxa_1301								taxa_1301	Anonymous taxon in the official FEAST example
taxa_1302								taxa_1302	Anonymous taxon in the official FEAST example
taxa_1303								taxa_1303	Anonymous taxon in the official FEAST example
taxa_1304								taxa_1304	Anonymous taxon in the official FEAST example
taxa_1305								taxa_1305	Anonymous taxon in the official FEAST example
taxa_1306								taxa_1306	Anonymous taxon in the official FEAST example
taxa_1307								taxa_1307	Anonymous taxon in the official FEAST example
taxa_1308								taxa_1308	Anonymous taxon in the official FEAST example
taxa_1309								taxa_1309	Anonymous taxon in the official FEAST example
taxa_1310								taxa_1310	Anonymous taxon in the official FEAST example
taxa_1311								taxa_1311	Anonymous taxon in the official FEAST example
taxa_1312								taxa_1312	Anonymous taxon in the official FEAST example
taxa_1313								taxa_1313	Anonymous taxon in the official FEAST example
taxa_1314								taxa_1314	Anonymous taxon in the official FEAST example
taxa_1315								taxa_1315	Anonymous taxon in the official FEAST example
taxa_1316								taxa_1316	Anonymous taxon in the official FEAST example
taxa_1317								taxa_1317	Anonymous taxon in the official FEAST example
taxa_1318								taxa_1318	Anonymous taxon in the official FEAST example
taxa_1319								taxa_1319	Anonymous taxon in the official FEAST example
taxa_1320								taxa_1320	Anonymous taxon in the official FEAST example
taxa_1321								taxa_1321	Anonymous taxon in the official FEAST example
taxa_1322								taxa_1322	Anonymous taxon in the official FEAST example
taxa_1323								taxa_1323	Anonymous taxon in the official FEAST example
taxa_1324								taxa_1324	Anonymous taxon in the official FEAST example
taxa_1325								taxa_1325	Anonymous taxon in the official FEAST example
taxa_1326								taxa_1326	Anonymous taxon in the official FEAST example
taxa_1327								taxa_1327	Anonymous taxon in the official FEAST example
taxa_1328								taxa_1328	Anonymous taxon in the official FEAST example
taxa_1329								taxa_1329	Anonymous taxon in the official FEAST example
taxa_1330								taxa_1330	Anonymous taxon in the official FEAST example
taxa_1331								taxa_1331	Anonymous taxon in the official FEAST example
taxa_1332								taxa_1332	Anonymous taxon in the official FEAST example
taxa_1333								taxa_1333	Anonymous taxon in the official FEAST example
taxa_1334								taxa_1334	Anonymous taxon in the official FEAST example
taxa_1335								taxa_1335	Anonymous taxon in the official FEAST example
taxa_1336								taxa_1336	Anonymous taxon in the official FEAST example
taxa_1337								taxa_1337	Anonymous taxon in the official FEAST example
taxa_1338								taxa_1338	Anonymous taxon in the official FEAST example
taxa_1339								taxa_1339	Anonymous taxon in the official FEAST example
taxa_1340								taxa_1340	Anonymous taxon in the official FEAST example
taxa_1341								taxa_1341	Anonymous taxon in the official FEAST example
taxa_1342								taxa_1342	Anonymous taxon in the official FEAST example
taxa_1343								taxa_1343	Anonymous taxon in the official FEAST example
taxa_1344								taxa_1344	Anonymous taxon in the official FEAST example
taxa_1345								taxa_1345	Anonymous taxon in the official FEAST example
taxa_1346								taxa_1346	Anonymous taxon in the official FEAST example
taxa_1347								taxa_1347	Anonymous taxon in the official FEAST example
taxa_1348								taxa_1348	Anonymous taxon in the official FEAST example
taxa_1349								taxa_1349	Anonymous taxon in the official FEAST example
taxa_1350								taxa_1350	Anonymous taxon in the official FEAST example
taxa_1351								taxa_1351	Anonymous taxon in the official FEAST example
taxa_1352								taxa_1352	Anonymous taxon in the official FEAST example
taxa_1353								taxa_1353	Anonymous taxon in the official FEAST example
taxa_1354								taxa_1354	Anonymous taxon in the official FEAST example
taxa_1355								taxa_1355	Anonymous taxon in the official FEAST example
taxa_1356								taxa_1356	Anonymous taxon in the official FEAST example
taxa_1357								taxa_1357	Anonymous taxon in the official FEAST example
taxa_1358								taxa_1358	Anonymous taxon in the official FEAST example
taxa_1359								taxa_1359	Anonymous taxon in the official FEAST example
taxa_1360								taxa_1360	Anonymous taxon in the official FEAST example
taxa_1361								taxa_1361	Anonymous taxon in the official FEAST example
taxa_1362								taxa_1362	Anonymous taxon in the official FEAST example
taxa_1363								taxa_1363	Anonymous taxon in the official FEAST example
taxa_1364								taxa_1364	Anonymous taxon in the official FEAST example
taxa_1365								taxa_1365	Anonymous taxon in the official FEAST example
taxa_1366								taxa_1366	Anonymous taxon in the official FEAST example
taxa_1367								taxa_1367	Anonymous taxon in the official FEAST example
taxa_1368								taxa_1368	Anonymous taxon in the official FEAST example
taxa_1369								taxa_1369	Anonymous taxon in the official FEAST example
taxa_1370								taxa_1370	Anonymous taxon in the official FEAST example
taxa_1371								taxa_1371	Anonymous taxon in the official FEAST example
taxa_1372								taxa_1372	Anonymous taxon in the official FEAST example
taxa_1373								taxa_1373	Anonymous taxon in the official FEAST example
taxa_1374								taxa_1374	Anonymous taxon in the official FEAST example
taxa_1375								taxa_1375	Anonymous taxon in the official FEAST example
taxa_1376								taxa_1376	Anonymous taxon in the official FEAST example
taxa_1377								taxa_1377	Anonymous taxon in the official FEAST example
taxa_1378								taxa_1378	Anonymous taxon in the official FEAST example
taxa_1379								taxa_1379	Anonymous taxon in the official FEAST example
taxa_1380								taxa_1380	Anonymous taxon in the official FEAST example
taxa_1381								taxa_1381	Anonymous taxon in the official FEAST example
taxa_1382								taxa_1382	Anonymous taxon in the official FEAST example
taxa_1383								taxa_1383	Anonymous taxon in the official FEAST example
taxa_1384								taxa_1384	Anonymous taxon in the official FEAST example
taxa_1385								taxa_1385	Anonymous taxon in the official FEAST example
taxa_1386								taxa_1386	Anonymous taxon in the official FEAST example
taxa_1387								taxa_1387	Anonymous taxon in the official FEAST example
taxa_1388								taxa_1388	Anonymous taxon in the official FEAST example
taxa_1389								taxa_1389	Anonymous taxon in the official FEAST example
taxa_1390								taxa_1390	Anonymous taxon in the official FEAST example
taxa_1391								taxa_1391	Anonymous taxon in the official FEAST example
taxa_1392								taxa_1392	Anonymous taxon in the official FEAST example
taxa_1393								taxa_1393	Anonymous taxon in the official FEAST example
taxa_1394								taxa_1394	Anonymous taxon in the official FEAST example
taxa_1395								taxa_1395	Anonymous taxon in the official FEAST example
taxa_1396								taxa_1396	Anonymous taxon in the official FEAST example
taxa_1397								taxa_1397	Anonymous taxon in the official FEAST example
taxa_1398								taxa_1398	Anonymous taxon in the official FEAST example
taxa_1399								taxa_1399	Anonymous taxon in the official FEAST example
taxa_1400								taxa_1400	Anonymous taxon in the official FEAST example
taxa_1401								taxa_1401	Anonymous taxon in the official FEAST example
taxa_1402								taxa_1402	Anonymous taxon in the official FEAST example
taxa_1403								taxa_1403	Anonymous taxon in the official FEAST example
taxa_1404								taxa_1404	Anonymous taxon in the official FEAST example
taxa_1405								taxa_1405	Anonymous taxon in the official FEAST example
taxa_1406								taxa_1406	Anonymous taxon in the official FEAST example
taxa_1407								taxa_1407	Anonymous taxon in the official FEAST example
taxa_1408								taxa_1408	Anonymous taxon in the official FEAST example
taxa_1409								taxa_1409	Anonymous taxon in the official FEAST example
taxa_1410								taxa_1410	Anonymous taxon in the official FEAST example
taxa_1411								taxa_1411	Anonymous taxon in the official FEAST example
taxa_1412								taxa_1412	Anonymous taxon in the official FEAST example
taxa_1413								taxa_1413	Anonymous taxon in the official FEAST example
taxa_1414								taxa_1414	Anonymous taxon in the official FEAST example
taxa_1415								taxa_1415	Anonymous taxon in the official FEAST example
taxa_1416								taxa_1416	Anonymous taxon in the official FEAST example
taxa_1417								taxa_1417	Anonymous taxon in the official FEAST example
taxa_1418								taxa_1418	Anonymous taxon in the official FEAST example
taxa_1419								taxa_1419	Anonymous taxon in the official FEAST example
taxa_1420								taxa_1420	Anonymous taxon in the official FEAST example
taxa_1421								taxa_1421	Anonymous taxon in the official FEAST example
taxa_1422								taxa_1422	Anonymous taxon in the official FEAST example
taxa_1423								taxa_1423	Anonymous taxon in the official FEAST example
taxa_1424								taxa_1424	Anonymous taxon in the official FEAST example
taxa_1425								taxa_1425	Anonymous taxon in the official FEAST example
taxa_1426								taxa_1426	Anonymous taxon in the official FEAST example
taxa_1427								taxa_1427	Anonymous taxon in the official FEAST example
taxa_1428								taxa_1428	Anonymous taxon in the official FEAST example
taxa_1429								taxa_1429	Anonymous taxon in the official FEAST example
taxa_1430								taxa_1430	Anonymous taxon in the official FEAST example
taxa_1431								taxa_1431	Anonymous taxon in the official FEAST example
taxa_1432								taxa_1432	Anonymous taxon in the official FEAST example
taxa_1433								taxa_1433	Anonymous taxon in the official FEAST example
taxa_1434								taxa_1434	Anonymous taxon in the official FEAST example
taxa_1435								taxa_1435	Anonymous taxon in the official FEAST example
taxa_1436								taxa_1436	Anonymous taxon in the official FEAST example
taxa_1437								taxa_1437	Anonymous taxon in the official FEAST example
taxa_1438								taxa_1438	Anonymous taxon in the official FEAST example
taxa_1439								taxa_1439	Anonymous taxon in the official FEAST example
taxa_1440								taxa_1440	Anonymous taxon in the official FEAST example
taxa_1441								taxa_1441	Anonymous taxon in the official FEAST example
taxa_1442								taxa_1442	Anonymous taxon in the official FEAST example
taxa_1443								taxa_1443	Anonymous taxon in the official FEAST example
taxa_1444								taxa_1444	Anonymous taxon in the official FEAST example
taxa_1445								taxa_1445	Anonymous taxon in the official FEAST example
taxa_1446								taxa_1446	Anonymous taxon in the official FEAST example
taxa_1447								taxa_1447	Anonymous taxon in the official FEAST example
taxa_1448								taxa_1448	Anonymous taxon in the official FEAST example
taxa_1449								taxa_1449	Anonymous taxon in the official FEAST example
taxa_1450								taxa_1450	Anonymous taxon in the official FEAST example
taxa_1451								taxa_1451	Anonymous taxon in the official FEAST example
taxa_1452								taxa_1452	Anonymous taxon in the official FEAST example
taxa_1453								taxa_1453	Anonymous taxon in the official FEAST example
taxa_1454								taxa_1454	Anonymous taxon in the official FEAST example
taxa_1455								taxa_1455	Anonymous taxon in the official FEAST example
taxa_1456								taxa_1456	Anonymous taxon in the official FEAST example
taxa_1457								taxa_1457	Anonymous taxon in the official FEAST example
taxa_1458								taxa_1458	Anonymous taxon in the official FEAST example
taxa_1459								taxa_1459	Anonymous taxon in the official FEAST example
taxa_1460								taxa_1460	Anonymous taxon in the official FEAST example
taxa_1461								taxa_1461	Anonymous taxon in the official FEAST example
taxa_1462								taxa_1462	Anonymous taxon in the official FEAST example
taxa_1463								taxa_1463	Anonymous taxon in the official FEAST example
taxa_1464								taxa_1464	Anonymous taxon in the official FEAST example
taxa_1465								taxa_1465	Anonymous taxon in the official FEAST example
taxa_1466								taxa_1466	Anonymous taxon in the official FEAST example
taxa_1467								taxa_1467	Anonymous taxon in the official FEAST example
taxa_1468								taxa_1468	Anonymous taxon in the official FEAST example
taxa_1469								taxa_1469	Anonymous taxon in the official FEAST example
taxa_1470								taxa_1470	Anonymous taxon in the official FEAST example
taxa_1471								taxa_1471	Anonymous taxon in the official FEAST example
taxa_1472								taxa_1472	Anonymous taxon in the official FEAST example
taxa_1473								taxa_1473	Anonymous taxon in the official FEAST example
taxa_1474								taxa_1474	Anonymous taxon in the official FEAST example
taxa_1475								taxa_1475	Anonymous taxon in the official FEAST example
taxa_1476								taxa_1476	Anonymous taxon in the official FEAST example
taxa_1477								taxa_1477	Anonymous taxon in the official FEAST example
taxa_1478								taxa_1478	Anonymous taxon in the official FEAST example
taxa_1479								taxa_1479	Anonymous taxon in the official FEAST example
taxa_1480								taxa_1480	Anonymous taxon in the official FEAST example
taxa_1481								taxa_1481	Anonymous taxon in the official FEAST example
taxa_1482								taxa_1482	Anonymous taxon in the official FEAST example
taxa_1483								taxa_1483	Anonymous taxon in the official FEAST example
taxa_1484								taxa_1484	Anonymous taxon in the official FEAST example
taxa_1485								taxa_1485	Anonymous taxon in the official FEAST example
taxa_1486								taxa_1486	Anonymous taxon in the official FEAST example
taxa_1487								taxa_1487	Anonymous taxon in the official FEAST example
taxa_1488								taxa_1488	Anonymous taxon in the official FEAST example
taxa_1489								taxa_1489	Anonymous taxon in the official FEAST example
taxa_1490								taxa_1490	Anonymous taxon in the official FEAST example
taxa_1491								taxa_1491	Anonymous taxon in the official FEAST example
taxa_1492								taxa_1492	Anonymous taxon in the official FEAST example
taxa_1493								taxa_1493	Anonymous taxon in the official FEAST example
taxa_1494								taxa_1494	Anonymous taxon in the official FEAST example
taxa_1495								taxa_1495	Anonymous taxon in the official FEAST example
taxa_1496								taxa_1496	Anonymous taxon in the official FEAST example
taxa_1497								taxa_1497	Anonymous taxon in the official FEAST example
taxa_1498								taxa_1498	Anonymous taxon in the official FEAST example
taxa_1499								taxa_1499	Anonymous taxon in the official FEAST example
taxa_1500								taxa_1500	Anonymous taxon in the official FEAST example
taxa_1501								taxa_1501	Anonymous taxon in the official FEAST example
taxa_1502								taxa_1502	Anonymous taxon in the official FEAST example
taxa_1503								taxa_1503	Anonymous taxon in the official FEAST example
taxa_1504								taxa_1504	Anonymous taxon in the official FEAST example
taxa_1505								taxa_1505	Anonymous taxon in the official FEAST example
taxa_1506								taxa_1506	Anonymous taxon in the official FEAST example
taxa_1507								taxa_1507	Anonymous taxon in the official FEAST example
taxa_1508								taxa_1508	Anonymous taxon in the official FEAST example
taxa_1509								taxa_1509	Anonymous taxon in the official FEAST example
taxa_1510								taxa_1510	Anonymous taxon in the official FEAST example
taxa_1511								taxa_1511	Anonymous taxon in the official FEAST example
taxa_1512								taxa_1512	Anonymous taxon in the official FEAST example
taxa_1513								taxa_1513	Anonymous taxon in the official FEAST example
taxa_1514								taxa_1514	Anonymous taxon in the official FEAST example
taxa_1515								taxa_1515	Anonymous taxon in the official FEAST example
taxa_1516								taxa_1516	Anonymous taxon in the official FEAST example
taxa_1517								taxa_1517	Anonymous taxon in the official FEAST example
taxa_1518								taxa_1518	Anonymous taxon in the official FEAST example
taxa_1519								taxa_1519	Anonymous taxon in the official FEAST example
taxa_1520								taxa_1520	Anonymous taxon in the official FEAST example
taxa_1521								taxa_1521	Anonymous taxon in the official FEAST example
taxa_1522								taxa_1522	Anonymous taxon in the official FEAST example
taxa_1523								taxa_1523	Anonymous taxon in the official FEAST example
taxa_1524								taxa_1524	Anonymous taxon in the official FEAST example
taxa_1525								taxa_1525	Anonymous taxon in the official FEAST example
taxa_1526								taxa_1526	Anonymous taxon in the official FEAST example
taxa_1527								taxa_1527	Anonymous taxon in the official FEAST example
taxa_1528								taxa_1528	Anonymous taxon in the official FEAST example
taxa_1529								taxa_1529	Anonymous taxon in the official FEAST example
taxa_1530								taxa_1530	Anonymous taxon in the official FEAST example
taxa_1531								taxa_1531	Anonymous taxon in the official FEAST example
taxa_1532								taxa_1532	Anonymous taxon in the official FEAST example
taxa_1533								taxa_1533	Anonymous taxon in the official FEAST example
taxa_1534								taxa_1534	Anonymous taxon in the official FEAST example
taxa_1535								taxa_1535	Anonymous taxon in the official FEAST example
taxa_1536								taxa_1536	Anonymous taxon in the official FEAST example
taxa_1537								taxa_1537	Anonymous taxon in the official FEAST example
taxa_1538								taxa_1538	Anonymous taxon in the official FEAST example
taxa_1539								taxa_1539	Anonymous taxon in the official FEAST example
taxa_1540								taxa_1540	Anonymous taxon in the official FEAST example
taxa_1541								taxa_1541	Anonymous taxon in the official FEAST example
taxa_1542								taxa_1542	Anonymous taxon in the official FEAST example
taxa_1543								taxa_1543	Anonymous taxon in the official FEAST example
taxa_1544								taxa_1544	Anonymous taxon in the official FEAST example
taxa_1545								taxa_1545	Anonymous taxon in the official FEAST example
taxa_1546								taxa_1546	Anonymous taxon in the official FEAST example
taxa_1547								taxa_1547	Anonymous taxon in the official FEAST example
taxa_1548								taxa_1548	Anonymous taxon in the official FEAST example
taxa_1549								taxa_1549	Anonymous taxon in the official FEAST example
taxa_1550								taxa_1550	Anonymous taxon in the official FEAST example
taxa_1551								taxa_1551	Anonymous taxon in the official FEAST example
taxa_1552								taxa_1552	Anonymous taxon in the official FEAST example
taxa_1553								taxa_1553	Anonymous taxon in the official FEAST example
taxa_1554								taxa_1554	Anonymous taxon in the official FEAST example
taxa_1555								taxa_1555	Anonymous taxon in the official FEAST example
taxa_1556								taxa_1556	Anonymous taxon in the official FEAST example
taxa_1557								taxa_1557	Anonymous taxon in the official FEAST example
taxa_1558								taxa_1558	Anonymous taxon in the official FEAST example
taxa_1559								taxa_1559	Anonymous taxon in the official FEAST example
taxa_1560								taxa_1560	Anonymous taxon in the official FEAST example
taxa_1561								taxa_1561	Anonymous taxon in the official FEAST example
taxa_1562								taxa_1562	Anonymous taxon in the official FEAST example
taxa_1563								taxa_1563	Anonymous taxon in the official FEAST example
taxa_1564								taxa_1564	Anonymous taxon in the official FEAST example
taxa_1565								taxa_1565	Anonymous taxon in the official FEAST example
taxa_1566								taxa_1566	Anonymous taxon in the official FEAST example
taxa_1567								taxa_1567	Anonymous taxon in the official FEAST example
taxa_1568								taxa_1568	Anonymous taxon in the official FEAST example
taxa_1569								taxa_1569	Anonymous taxon in the official FEAST example
taxa_1570								taxa_1570	Anonymous taxon in the official FEAST example
taxa_1571								taxa_1571	Anonymous taxon in the official FEAST example
taxa_1572								taxa_1572	Anonymous taxon in the official FEAST example
taxa_1573								taxa_1573	Anonymous taxon in the official FEAST example
taxa_1574								taxa_1574	Anonymous taxon in the official FEAST example
taxa_1575								taxa_1575	Anonymous taxon in the official FEAST example
taxa_1576								taxa_1576	Anonymous taxon in the official FEAST example
taxa_1577								taxa_1577	Anonymous taxon in the official FEAST example
taxa_1578								taxa_1578	Anonymous taxon in the official FEAST example
taxa_1579								taxa_1579	Anonymous taxon in the official FEAST example
taxa_1580								taxa_1580	Anonymous taxon in the official FEAST example
taxa_1581								taxa_1581	Anonymous taxon in the official FEAST example
taxa_1582								taxa_1582	Anonymous taxon in the official FEAST example
taxa_1583								taxa_1583	Anonymous taxon in the official FEAST example
taxa_1584								taxa_1584	Anonymous taxon in the official FEAST example
taxa_1585								taxa_1585	Anonymous taxon in the official FEAST example
taxa_1586								taxa_1586	Anonymous taxon in the official FEAST example
taxa_1587								taxa_1587	Anonymous taxon in the official FEAST example
taxa_1588								taxa_1588	Anonymous taxon in the official FEAST example
taxa_1589								taxa_1589	Anonymous taxon in the official FEAST example
taxa_1590								taxa_1590	Anonymous taxon in the official FEAST example
taxa_1591								taxa_1591	Anonymous taxon in the official FEAST example
taxa_1592								taxa_1592	Anonymous taxon in the official FEAST example
taxa_1593								taxa_1593	Anonymous taxon in the official FEAST example
taxa_1594								taxa_1594	Anonymous taxon in the official FEAST example
taxa_1595								taxa_1595	Anonymous taxon in the official FEAST example
taxa_1596								taxa_1596	Anonymous taxon in the official FEAST example
taxa_1597								taxa_1597	Anonymous taxon in the official FEAST example
taxa_1598								taxa_1598	Anonymous taxon in the official FEAST example
taxa_1599								taxa_1599	Anonymous taxon in the official FEAST example
taxa_1600								taxa_1600	Anonymous taxon in the official FEAST example
taxa_1601								taxa_1601	Anonymous taxon in the official FEAST example
taxa_1602								taxa_1602	Anonymous taxon in the official FEAST example
taxa_1603								taxa_1603	Anonymous taxon in the official FEAST example
taxa_1604								taxa_1604	Anonymous taxon in the official FEAST example
taxa_1605								taxa_1605	Anonymous taxon in the official FEAST example
taxa_1606								taxa_1606	Anonymous taxon in the official FEAST example
taxa_1607								taxa_1607	Anonymous taxon in the official FEAST example
taxa_1608								taxa_1608	Anonymous taxon in the official FEAST example
taxa_1609								taxa_1609	Anonymous taxon in the official FEAST example
taxa_1610								taxa_1610	Anonymous taxon in the official FEAST example
taxa_1611								taxa_1611	Anonymous taxon in the official FEAST example
taxa_1612								taxa_1612	Anonymous taxon in the official FEAST example
taxa_1613								taxa_1613	Anonymous taxon in the official FEAST example
taxa_1614								taxa_1614	Anonymous taxon in the official FEAST example
taxa_1615								taxa_1615	Anonymous taxon in the official FEAST example
taxa_1616								taxa_1616	Anonymous taxon in the official FEAST example
taxa_1617								taxa_1617	Anonymous taxon in the official FEAST example
taxa_1618								taxa_1618	Anonymous taxon in the official FEAST example
taxa_1619								taxa_1619	Anonymous taxon in the official FEAST example
taxa_1620								taxa_1620	Anonymous taxon in the official FEAST example
taxa_1621								taxa_1621	Anonymous taxon in the official FEAST example
taxa_1622								taxa_1622	Anonymous taxon in the official FEAST example
taxa_1623								taxa_1623	Anonymous taxon in the official FEAST example
taxa_1624								taxa_1624	Anonymous taxon in the official FEAST example
taxa_1625								taxa_1625	Anonymous taxon in the official FEAST example
taxa_1626								taxa_1626	Anonymous taxon in the official FEAST example
taxa_1627								taxa_1627	Anonymous taxon in the official FEAST example
taxa_1628								taxa_1628	Anonymous taxon in the official FEAST example
taxa_1629								taxa_1629	Anonymous taxon in the official FEAST example
taxa_1630								taxa_1630	Anonymous taxon in the official FEAST example
taxa_1631								taxa_1631	Anonymous taxon in the official FEAST example
taxa_1632								taxa_1632	Anonymous taxon in the official FEAST example
taxa_1633								taxa_1633	Anonymous taxon in the official FEAST example
taxa_1634								taxa_1634	Anonymous taxon in the official FEAST example
taxa_1635								taxa_1635	Anonymous taxon in the official FEAST example
taxa_1636								taxa_1636	Anonymous taxon in the official FEAST example
taxa_1637								taxa_1637	Anonymous taxon in the official FEAST example
taxa_1638								taxa_1638	Anonymous taxon in the official FEAST example
taxa_1639								taxa_1639	Anonymous taxon in the official FEAST example
taxa_1640								taxa_1640	Anonymous taxon in the official FEAST example
taxa_1641								taxa_1641	Anonymous taxon in the official FEAST example
taxa_1642								taxa_1642	Anonymous taxon in the official FEAST example
taxa_1643								taxa_1643	Anonymous taxon in the official FEAST example
taxa_1644								taxa_1644	Anonymous taxon in the official FEAST example
taxa_1645								taxa_1645	Anonymous taxon in the official FEAST example
taxa_1646								taxa_1646	Anonymous taxon in the official FEAST example
taxa_1647								taxa_1647	Anonymous taxon in the official FEAST example
taxa_1648								taxa_1648	Anonymous taxon in the official FEAST example
taxa_1649								taxa_1649	Anonymous taxon in the official FEAST example
taxa_1650								taxa_1650	Anonymous taxon in the official FEAST example
taxa_1651								taxa_1651	Anonymous taxon in the official FEAST example
taxa_1652								taxa_1652	Anonymous taxon in the official FEAST example
taxa_1653								taxa_1653	Anonymous taxon in the official FEAST example
taxa_1654								taxa_1654	Anonymous taxon in the official FEAST example
taxa_1655								taxa_1655	Anonymous taxon in the official FEAST example
taxa_1656								taxa_1656	Anonymous taxon in the official FEAST example
taxa_1657								taxa_1657	Anonymous taxon in the official FEAST example
taxa_1658								taxa_1658	Anonymous taxon in the official FEAST example
taxa_1659								taxa_1659	Anonymous taxon in the official FEAST example
taxa_1660								taxa_1660	Anonymous taxon in the official FEAST example
taxa_1661								taxa_1661	Anonymous taxon in the official FEAST example
taxa_1662								taxa_1662	Anonymous taxon in the official FEAST example
taxa_1663								taxa_1663	Anonymous taxon in the official FEAST example
taxa_1664								taxa_1664	Anonymous taxon in the official FEAST example
taxa_1665								taxa_1665	Anonymous taxon in the official FEAST example
taxa_1666								taxa_1666	Anonymous taxon in the official FEAST example
taxa_1667								taxa_1667	Anonymous taxon in the official FEAST example
taxa_1668								taxa_1668	Anonymous taxon in the official FEAST example
taxa_1669								taxa_1669	Anonymous taxon in the official FEAST example
taxa_1670								taxa_1670	Anonymous taxon in the official FEAST example
taxa_1671								taxa_1671	Anonymous taxon in the official FEAST example
taxa_1672								taxa_1672	Anonymous taxon in the official FEAST example
taxa_1673								taxa_1673	Anonymous taxon in the official FEAST example
taxa_1674								taxa_1674	Anonymous taxon in the official FEAST example
taxa_1675								taxa_1675	Anonymous taxon in the official FEAST example
taxa_1676								taxa_1676	Anonymous taxon in the official FEAST example
taxa_1677								taxa_1677	Anonymous taxon in the official FEAST example
taxa_1678								taxa_1678	Anonymous taxon in the official FEAST example
taxa_1679								taxa_1679	Anonymous taxon in the official FEAST example
taxa_1680								taxa_1680	Anonymous taxon in the official FEAST example
taxa_1681								taxa_1681	Anonymous taxon in the official FEAST example
taxa_1682								taxa_1682	Anonymous taxon in the official FEAST example
taxa_1683								taxa_1683	Anonymous taxon in the official FEAST example
taxa_1684								taxa_1684	Anonymous taxon in the official FEAST example
taxa_1685								taxa_1685	Anonymous taxon in the official FEAST example
taxa_1686								taxa_1686	Anonymous taxon in the official FEAST example
taxa_1687								taxa_1687	Anonymous taxon in the official FEAST example
taxa_1688								taxa_1688	Anonymous taxon in the official FEAST example
taxa_1689								taxa_1689	Anonymous taxon in the official FEAST example
taxa_1690								taxa_1690	Anonymous taxon in the official FEAST example
taxa_1691								taxa_1691	Anonymous taxon in the official FEAST example
taxa_1692								taxa_1692	Anonymous taxon in the official FEAST example
taxa_1693								taxa_1693	Anonymous taxon in the official FEAST example
taxa_1694								taxa_1694	Anonymous taxon in the official FEAST example
taxa_1695								taxa_1695	Anonymous taxon in the official FEAST example
taxa_1696								taxa_1696	Anonymous taxon in the official FEAST example
taxa_1697								taxa_1697	Anonymous taxon in the official FEAST example
taxa_1698								taxa_1698	Anonymous taxon in the official FEAST example
taxa_1699								taxa_1699	Anonymous taxon in the official FEAST example
taxa_1700								taxa_1700	Anonymous taxon in the official FEAST example
taxa_1701								taxa_1701	Anonymous taxon in the official FEAST example
taxa_1702								taxa_1702	Anonymous taxon in the official FEAST example
taxa_1703								taxa_1703	Anonymous taxon in the official FEAST example
taxa_1704								taxa_1704	Anonymous taxon in the official FEAST example
taxa_1705								taxa_1705	Anonymous taxon in the official FEAST example
taxa_1706								taxa_1706	Anonymous taxon in the official FEAST example
taxa_1707								taxa_1707	Anonymous taxon in the official FEAST example
taxa_1708								taxa_1708	Anonymous taxon in the official FEAST example
taxa_1709								taxa_1709	Anonymous taxon in the official FEAST example
taxa_1710								taxa_1710	Anonymous taxon in the official FEAST example
taxa_1711								taxa_1711	Anonymous taxon in the official FEAST example
taxa_1712								taxa_1712	Anonymous taxon in the official FEAST example
taxa_1713								taxa_1713	Anonymous taxon in the official FEAST example
taxa_1714								taxa_1714	Anonymous taxon in the official FEAST example
taxa_1715								taxa_1715	Anonymous taxon in the official FEAST example
taxa_1716								taxa_1716	Anonymous taxon in the official FEAST example
taxa_1717								taxa_1717	Anonymous taxon in the official FEAST example
taxa_1718								taxa_1718	Anonymous taxon in the official FEAST example
taxa_1719								taxa_1719	Anonymous taxon in the official FEAST example
taxa_1720								taxa_1720	Anonymous taxon in the official FEAST example
taxa_1721								taxa_1721	Anonymous taxon in the official FEAST example
taxa_1722								taxa_1722	Anonymous taxon in the official FEAST example
taxa_1723								taxa_1723	Anonymous taxon in the official FEAST example
taxa_1724								taxa_1724	Anonymous taxon in the official FEAST example
taxa_1725								taxa_1725	Anonymous taxon in the official FEAST example
taxa_1726								taxa_1726	Anonymous taxon in the official FEAST example
taxa_1727								taxa_1727	Anonymous taxon in the official FEAST example
taxa_1728								taxa_1728	Anonymous taxon in the official FEAST example
taxa_1729								taxa_1729	Anonymous taxon in the official FEAST example
taxa_1730								taxa_1730	Anonymous taxon in the official FEAST example
taxa_1731								taxa_1731	Anonymous taxon in the official FEAST example
taxa_1732								taxa_1732	Anonymous taxon in the official FEAST example
taxa_1733								taxa_1733	Anonymous taxon in the official FEAST example
taxa_1734								taxa_1734	Anonymous taxon in the official FEAST example
taxa_1735								taxa_1735	Anonymous taxon in the official FEAST example
taxa_1736								taxa_1736	Anonymous taxon in the official FEAST example
taxa_1737								taxa_1737	Anonymous taxon in the official FEAST example
taxa_1738								taxa_1738	Anonymous taxon in the official FEAST example
taxa_1739								taxa_1739	Anonymous taxon in the official FEAST example
taxa_1740								taxa_1740	Anonymous taxon in the official FEAST example
taxa_1741								taxa_1741	Anonymous taxon in the official FEAST example
taxa_1742								taxa_1742	Anonymous taxon in the official FEAST example
taxa_1743								taxa_1743	Anonymous taxon in the official FEAST example
taxa_1744								taxa_1744	Anonymous taxon in the official FEAST example
taxa_1745								taxa_1745	Anonymous taxon in the official FEAST example
taxa_1746								taxa_1746	Anonymous taxon in the official FEAST example
taxa_1747								taxa_1747	Anonymous taxon in the official FEAST example
taxa_1748								taxa_1748	Anonymous taxon in the official FEAST example
taxa_1749								taxa_1749	Anonymous taxon in the official FEAST example
taxa_1750								taxa_1750	Anonymous taxon in the official FEAST example
taxa_1751								taxa_1751	Anonymous taxon in the official FEAST example
taxa_1752								taxa_1752	Anonymous taxon in the official FEAST example
taxa_1753								taxa_1753	Anonymous taxon in the official FEAST example
taxa_1754								taxa_1754	Anonymous taxon in the official FEAST example
taxa_1755								taxa_1755	Anonymous taxon in the official FEAST example
taxa_1756								taxa_1756	Anonymous taxon in the official FEAST example
taxa_1757								taxa_1757	Anonymous taxon in the official FEAST example
taxa_1758								taxa_1758	Anonymous taxon in the official FEAST example
taxa_1759								taxa_1759	Anonymous taxon in the official FEAST example
taxa_1760								taxa_1760	Anonymous taxon in the official FEAST example
taxa_1761								taxa_1761	Anonymous taxon in the official FEAST example
taxa_1762								taxa_1762	Anonymous taxon in the official FEAST example
taxa_1763								taxa_1763	Anonymous taxon in the official FEAST example
taxa_1764								taxa_1764	Anonymous taxon in the official FEAST example
taxa_1765								taxa_1765	Anonymous taxon in the official FEAST example
taxa_1766								taxa_1766	Anonymous taxon in the official FEAST example
taxa_1767								taxa_1767	Anonymous taxon in the official FEAST example
taxa_1768								taxa_1768	Anonymous taxon in the official FEAST example
taxa_1769								taxa_1769	Anonymous taxon in the official FEAST example
taxa_1770								taxa_1770	Anonymous taxon in the official FEAST example
taxa_1771								taxa_1771	Anonymous taxon in the official FEAST example
taxa_1772								taxa_1772	Anonymous taxon in the official FEAST example
taxa_1773								taxa_1773	Anonymous taxon in the official FEAST example
taxa_1774								taxa_1774	Anonymous taxon in the official FEAST example
taxa_1775								taxa_1775	Anonymous taxon in the official FEAST example
taxa_1776								taxa_1776	Anonymous taxon in the official FEAST example
taxa_1777								taxa_1777	Anonymous taxon in the official FEAST example
taxa_1778								taxa_1778	Anonymous taxon in the official FEAST example
taxa_1779								taxa_1779	Anonymous taxon in the official FEAST example
taxa_1780								taxa_1780	Anonymous taxon in the official FEAST example
taxa_1781								taxa_1781	Anonymous taxon in the official FEAST example
taxa_1782								taxa_1782	Anonymous taxon in the official FEAST example
taxa_1783								taxa_1783	Anonymous taxon in the official FEAST example
taxa_1784								taxa_1784	Anonymous taxon in the official FEAST example
taxa_1785								taxa_1785	Anonymous taxon in the official FEAST example
taxa_1786								taxa_1786	Anonymous taxon in the official FEAST example
taxa_1787								taxa_1787	Anonymous taxon in the official FEAST example
taxa_1788								taxa_1788	Anonymous taxon in the official FEAST example
taxa_1789								taxa_1789	Anonymous taxon in the official FEAST example
taxa_1790								taxa_1790	Anonymous taxon in the official FEAST example
taxa_1791								taxa_1791	Anonymous taxon in the official FEAST example
taxa_1792								taxa_1792	Anonymous taxon in the official FEAST example
taxa_1793								taxa_1793	Anonymous taxon in the official FEAST example
taxa_1794								taxa_1794	Anonymous taxon in the official FEAST example
taxa_1795								taxa_1795	Anonymous taxon in the official FEAST example
taxa_1796								taxa_1796	Anonymous taxon in the official FEAST example
taxa_1797								taxa_1797	Anonymous taxon in the official FEAST example
taxa_1798								taxa_1798	Anonymous taxon in the official FEAST example
taxa_1799								taxa_1799	Anonymous taxon in the official FEAST example
taxa_1800								taxa_1800	Anonymous taxon in the official FEAST example
taxa_1801								taxa_1801	Anonymous taxon in the official FEAST example
taxa_1802								taxa_1802	Anonymous taxon in the official FEAST example
taxa_1803								taxa_1803	Anonymous taxon in the official FEAST example
taxa_1804								taxa_1804	Anonymous taxon in the official FEAST example
taxa_1805								taxa_1805	Anonymous taxon in the official FEAST example
taxa_1806								taxa_1806	Anonymous taxon in the official FEAST example
taxa_1807								taxa_1807	Anonymous taxon in the official FEAST example
taxa_1808								taxa_1808	Anonymous taxon in the official FEAST example
taxa_1809								taxa_1809	Anonymous taxon in the official FEAST example
taxa_1810								taxa_1810	Anonymous taxon in the official FEAST example
taxa_1811								taxa_1811	Anonymous taxon in the official FEAST example
taxa_1812								taxa_1812	Anonymous taxon in the official FEAST example
taxa_1813								taxa_1813	Anonymous taxon in the official FEAST example
taxa_1814								taxa_1814	Anonymous taxon in the official FEAST example
taxa_1815								taxa_1815	Anonymous taxon in the official FEAST example
taxa_1816								taxa_1816	Anonymous taxon in the official FEAST example
taxa_1817								taxa_1817	Anonymous taxon in the official FEAST example
taxa_1818								taxa_1818	Anonymous taxon in the official FEAST example
taxa_1819								taxa_1819	Anonymous taxon in the official FEAST example
taxa_1820								taxa_1820	Anonymous taxon in the official FEAST example
taxa_1821								taxa_1821	Anonymous taxon in the official FEAST example
taxa_1822								taxa_1822	Anonymous taxon in the official FEAST example
taxa_1823								taxa_1823	Anonymous taxon in the official FEAST example
taxa_1824								taxa_1824	Anonymous taxon in the official FEAST example
taxa_1825								taxa_1825	Anonymous taxon in the official FEAST example
taxa_1826								taxa_1826	Anonymous taxon in the official FEAST example
taxa_1827								taxa_1827	Anonymous taxon in the official FEAST example
taxa_1828								taxa_1828	Anonymous taxon in the official FEAST example
taxa_1829								taxa_1829	Anonymous taxon in the official FEAST example
taxa_1830								taxa_1830	Anonymous taxon in the official FEAST example
taxa_1831								taxa_1831	Anonymous taxon in the official FEAST example
taxa_1832								taxa_1832	Anonymous taxon in the official FEAST example
taxa_1833								taxa_1833	Anonymous taxon in the official FEAST example
taxa_1834								taxa_1834	Anonymous taxon in the official FEAST example
taxa_1835								taxa_1835	Anonymous taxon in the official FEAST example
taxa_1836								taxa_1836	Anonymous taxon in the official FEAST example
taxa_1837								taxa_1837	Anonymous taxon in the official FEAST example
taxa_1838								taxa_1838	Anonymous taxon in the official FEAST example
taxa_1839								taxa_1839	Anonymous taxon in the official FEAST example
