Eigvals	3
302.832149103523	255.793985804786	168.188859665716

Proportion explained	3
0.494578020257	0.352867380055	0.152554599688

Species	11063	3
549322	0.006923137539	0.008973907874	0.00753464463
143239	-0.010018170784	0.004691497197	0.000737862692
255340	0.007425806726	-0.011843471276	-0.009650245878
30405	0.003616225049	-0.009411760567	-0.000506356146
46043	-0.00236289027	0.004334325802	-0.003815032027
540305	-0.010585814119	-0.01589843679	-0.001030264441
185612	-0.000752378457	-0.000293595602	0.000601508677
321018	0.000966353121	-0.003444784328	0.004294764007
155526	4.6724437e-05	-0.000836303311	-0.000223977091
197473	-0.000776684702	-0.0082781357	0.001925191124
315545	-0.014777765304	0.004429360619	-0.012397579907
348549	-0.010552923044	0.010217192232	-0.00884448995
559394	0.002576539312	-0.003286779365	0.003231338122
108964	-0.016641127813	-0.008296125686	0.002565834764
568724	-0.000505401165	-0.001778060162	0.000714944901
175045	-0.008052847896	-0.009808485701	-0.000317709944
546313	0.018971659832	-0.012017346041	-0.007151438274
548602	0.001387703533	5.3147633e-05	-0.000963460457
47778	-0.002946991176	0.002449480257	-0.001858160797
54107	0.004716370981	0.000615545154	-0.006546029732
25116	-0.006571430869	0.004726065997	-0.003150999158
71074	0.018873413046	-0.018357842805	-0.004971539747
100679	0.004502870504	-0.007771003892	-0.007212553696
540349	0.00680839482	-0.002266663965	-0.003216201502
1140	0.004047075957	-6.401939e-06	-0.003907908592
101071	-0.000478545808	0.000202907666	-0.00120003889
1143	-0.010236073514	0.005990219188	0.000130512139
141739	-0.005878539185	0.003475949894	0.000849297045
1141	-0.003697610419	0.001674333496	0.000781392871
237125	-0.001255890372	0.00050878989	-0.000164477629
1144	0.007293632132	-0.001487401093	-0.005244428963
512943	0.002868844351	-0.000607862881	-0.002874692149
235345	-0.003247214801	-0.008514118786	-0.004213144104
141417	0.006541957786	-0.00824645813	-0.006779819022
142115	0.004449102559	0.004755022697	0.003974594307
239672	-0.001510548639	-0.000321042728	0.001462067183
462844	-0.001175758683	4.5875192e-05	0.000796668853
540290	-8.2610753e-05	-0.000307971893	0.000538392782
523571	0.001205218776	0.001927110753	0.00044471153
515962	-0.002240729625	-0.00457475929	-0.003491618443
525569	0.000456110219	-0.003874353744	-0.001617556658
238793	0.007506091183	0.012870149026	0.007497193643
538819	0.001001517203	0.001586903274	0.000241643501
515691	0.007835865361	0.010881361457	0.008341594138
525464	0.006044907735	0.007837242595	0.006316618702
529521	-0.000611132417	-0.001599702786	-0.001832865434
455926	0.00639830931	0.008813544048	0.004206832215
246371	0.015537153603	0.027502343833	0.010170977924
254458	0.011739784065	0.020191083777	0.009294169613
245697	0.015267642161	0.039237382157	0.012494691103
45742	0.009258478999	0.012756601208	0.008816719733
441638	0.000465773182	-0.001386079793	-0.003314669575
251993	0.004007145481	0.003469250188	0.003675166175
462098	0.004811954427	0.007560688478	0.000854273945
570593	0.005460186491	0.00946807875	0.005543159184
104332	2.1224284e-05	0.000970118318	-0.000603954987
200619	-0.001263929971	-0.005065404248	-0.003969125733
568129	-0.002752749047	-0.005037872902	-0.003435213045
528115	0.001517862468	0.000177907451	0.000474843218
152431	0.001294314327	0.002272161772	0.000960292159
236606	0.004307523723	0.00784072233	0.004165386196
525	0.001938886927	0.002372089669	0.000588122194
52710	-0.001187406488	-0.002481799237	-0.001762099942
55681	0.000318106234	-0.002666501137	0.000305705968
206978	0.001801677737	0.00313386259	0.001468014111
248224	0.003763851089	0.006917701818	0.003960794731
212360	-0.010168556	0.00066887188	-0.001766449509
146124	-0.001038997093	0.001847827263	-0.001655003176
62881	0.01462076937	0.017600377252	0.014316581502
329648	0.008314556771	0.01222843435	0.009415254984
547371	0.00966671465	0.017479426976	0.008755786095
140729	0.008272227772	0.013167237854	0.006289504749
319002	0.014838461012	0.045809933787	0.016384611787
219191	0.008090856042	0.011212649106	0.008553514332
410763	0.002403032729	0.004245342012	0.001681708788
412056	0.007495293146	0.009618695981	0.004530024683
550661	-0.002728418058	-0.005178671201	-0.00354909139
550655	-0.000190424538	-0.000581297787	-0.000970563036
526	-0.001746909935	-0.003644837958	-0.002985130323
379145	-0.000277203746	-0.000619684247	-0.000513569894
245798	0.002764030693	0.005135621119	0.003064801967
254858	-0.001792143099	-0.003769203651	-0.00303681591
407348	-0.000927846367	-0.002756842226	-0.002711222781
250392	-0.030105632143	0.043119555656	-0.014208346657
308755	-0.007419455077	0.00960359192	-0.007936574806
255494	-0.02274712585	0.009641391925	-0.016160802425
146866	-0.016858567351	0.006077843284	-0.014915316252
155847	-0.012856818936	0.004041035678	-0.019248897781
715	-0.008773746005	-0.002279076667	-0.010023450575
140297	0.001122717762	0.002095826226	0.001204377682
105600	0.00046043768	-0.002441049064	0.000222100921
79	0.007024332441	0.007337988342	0.007779992901
18599	-0.002345274011	-0.005322397782	-0.003456785333
77878	0.013072483359	0.034014562695	0.01207510044
101553	0.007024764677	0.008717453723	0.002752141646
134	0.011410770523	0.013835951816	0.009238923538
551498	0.000822995684	0.001595252315	0.000905587786
99797	-0.001231520115	-0.002407232025	-0.001786056553
227785	-0.00833248035	-0.012795702968	0.025918362524
228569	0.00502193913	0.00950102398	0.005769357533
246686	0.006711665151	0.007622610209	0.006324448563
166443	-0.000358385083	-0.001029340092	-0.001560884367
368907	0.001066910703	-0.002974229541	0.000267386314
167566	-0.002321409418	-0.001770455789	-0.003399623258
12751	-0.001066398536	-0.012256777493	-0.007610624144
560734	-0.014418004809	-0.001621006947	-0.003228692869
315847	-0.00421775939	0.002413188346	-0.000179991687
165629	-0.005914527708	-0.00956594815	-0.006563804362
243161	-0.011482072748	0.005497992528	0.000837125116
525323	0.000586974436	0.000199347709	-0.000592551098
157893	0.000493908604	0.000400169364	-0.000908840414
172332	0.000619778449	0.000193648865	-0.000323695394
179479	-0.003921884278	0.002288530437	-8.313644e-05
145776	0.010504904983	-0.008163485508	-0.006440804424
263308	0.007387325142	-0.010413894369	-0.003342053071
341901	0.000627162532	-0.005517368581	-0.003280607148
237339	0.015350706841	-0.004336607848	-0.007325548827
216616	-0.001303972479	0.000728338037	0.000589921421
549341	0.000452399012	-0.000148695167	-0.000688493927
132361	-0.010957983946	0.004992012987	0.001228014007
377237	0.000750829872	-0.005640330255	-0.003744822291
101707	-0.006996245631	0.002980246113	0.001423703027
552729	-0.001606130665	-0.00401456429	-0.002559942129
34725	-0.002257931642	-0.006904766752	-0.005354676233
205152	-0.009871612199	0.005436540218	0.00036574935
586825	0.019532165587	-0.000995143026	-0.002046166439
255802	-0.006247317609	0.003278265539	0.000912842755
98983	-0.005980328828	0.004345048995	-0.001790348945
101669	0.00378910016	-0.010667712832	-0.008939118678
204284	0.014054757917	-0.007893923423	-0.00236536169
501795	-0.001484704065	0.000127445491	0.000379900442
207298	0.009551921299	-0.002939809269	-0.004186419343
516593	0.000704423739	-5.4479e-08	-0.000881671602
154684	0.00500414439	-0.004012152031	-0.006890166541
243943	0.00663747771	-0.003522728822	-0.000846181844
101852	0.001381866915	0.004371919628	-0.008882642329
325277	-0.007613908719	0.005063485199	0.000218942013
563475	0.00714329359	-0.001803170181	-0.002816571499
151383	0.002012670397	-0.004345121307	-0.005886308651
16538	-0.002872014221	0.004542460827	0.001535503495
154113	0.000234406494	-0.000908354883	0.000346714542
236362	-0.001470811402	-0.010015118508	-0.003605880201
559914	0.004503718733	0.000521022226	-0.006307036584
244158	-0.010204327464	0.00278112776	-0.002056324221
137567	0.004591389108	-0.003751978977	-0.00085986997
517399	-0.007467830634	0.004170629398	7.5487945e-05
12776	-0.004197509306	-0.005540503739	-0.003501945077
257075	-0.00214652131	-0.002310435697	-0.008038439156
251908	-0.008689975428	0.004717445718	0.000315853287
513390	0.003457860853	-0.006244512309	-0.007193238234
99516	-0.002244237189	0.001806263463	-0.000187125525
12789	-0.001387261885	0.001367059823	0.000690806431
576124	-0.001404800935	-0.001307446883	-0.005718158008
574022	-0.00942373098	0.004785302538	0.001109962587
255749	-0.003859705812	0.002384369656	-0.000458046058
217144	-0.00249823822	0.002120459703	-0.002316488834
414150	7.3399724e-05	0.000381581232	-0.000338915971
531515	0.005329611911	-0.009292500498	-0.004500407741
365828	0.012249852804	-0.00390989683	-0.004153843036
197085	0.004722992015	-0.00601980167	-0.002814234086
549557	0.002614823994	4.9372139e-05	-0.002512995957
213587	0.011297696265	-0.008580920041	-0.009322474303
12787	-0.00398255693	0.002100927181	0.000676427665
137878	0.003499746354	-0.00229200927	-0.012559098992
157872	0.001862382075	-0.000401212947	-0.000931004291
208818	0.005129945153	-0.006974142807	-0.007413156705
239739	-0.000189055863	-0.000203633293	0.000230316361
218299	-0.005476256538	0.002301780594	-0.000608031107
158804	0.00399324462	-0.004275385806	-0.006118788867
32247	0.001961219445	-0.004152959185	-0.003219884256
305897	0.008356910767	-0.002449212811	-0.003556540645
248838	0.006125665208	-0.007516867256	-0.004568383925
591315	0.000536280121	0.000249358893	-0.000539530626
248170	0.013553472586	-0.004269962409	-0.005892571822
566820	-0.000575250976	0.000512531625	-0.000829476512
275402	0.003207607536	-0.004514227194	0.004108794537
134809	-0.000684851959	-8.632018e-06	0.000341808261
587114	0.002401512173	-0.002700962527	0.002592347501
552440	-7.0702345e-05	-0.000330700858	0.000381722498
350544	-0.000572963085	0.001583079394	-0.002125802085
356778	0.000310335106	0.00050528995	-0.000939102776
354609	0.000318797725	9.2791784e-05	-0.000393666749
210359	-0.001964312542	0.000173827107	0.001051155315
575324	0.004465073398	-0.002193582735	0.003048086539
271885	0.004472224893	0.007000136099	0.00377702359
67031	0.009710845884	0.014895608077	0.007397107445
517129	0.001654828446	-0.00223586169	0.001905129378
12812	-0.025893540424	0.045778745106	0.010504249813
335721	-0.007886490102	0.007911825811	-0.005480401056
241082	-0.013028826908	0.015204040556	-0.014750608765
349592	-0.019453958623	0.026600671831	-0.014711213127
566562	0.00697824968	-0.003391122756	-0.000726608932
564553	-0.007090501491	0.003175544936	0.000328413449
510433	0.015414232639	-0.006218707472	-0.003855107361
94227	-0.003796683947	0.002542674855	-0.002113516117
251247	0.002860743754	0.002273144687	0.00363896755
161544	-0.001335748133	0.001646858205	-0.001947474303
255515	0.005558251334	-0.000892574643	-0.003870491581
562332	0.006379674877	-0.003318923387	-0.000666161512
94128	0.007044795367	-0.003142070242	-0.001122905421
225849	0.008314687276	-0.004011064142	-0.000867051582
562817	-0.00353846637	-0.007815441546	-0.006462906241
585514	-0.003560093683	-0.004509103667	-0.009430598702
328654	-0.004870872693	-0.003990128585	-0.001105497387
512499	0.001460076922	0.013717571557	-0.001837676053
160075	-0.002474939239	0.013220920894	0.00685645823
222905	0.002509600675	0.005049639803	-0.001147601646
210507	-0.011587860676	0.010860580707	0.001526120392
219366	-0.001760904417	-0.006658507795	-0.003797954134
511430	0.001074617789	0.000592785783	0.000825600039
543676	0.010458757299	0.009224960446	0.005987577119
215846	0.004070583405	0.025135362949	0.01117726317
329012	-0.006097123995	0.001855015008	5.0930237e-05
145898	0.005526060971	0.006190162643	0.009991083043
540668	-0.000555093206	-0.00058541301	0.001656265924
588313	0.00140192967	-0.000961543483	0.000353620186
236439	-0.010225299112	0.006575872893	-0.000881624229
155882	-0.003894001049	-0.002451851155	-0.001859081029
145979	-0.012961860217	0.003192267255	-0.005892685112
229799	-0.015503652556	0.006957674627	-0.006562340131
348047	-0.008748598078	0.004115341038	0.000689484331
270309	-0.000728306421	-0.00054566888	0.001003675971
554148	-0.000361787593	-0.003855289398	-0.002426435904
272708	-0.005747540865	0.001849197417	0.000657689178
156409	-0.000771794704	-0.002086937452	-0.001671158035
330721	-0.012268230808	0.00685106625	-0.009291336822
313417	0.001387242615	-0.000841780417	0.000846025533
228452	-0.007682309793	0.00893926074	-0.017890681609
410072	0.010746028205	-0.003156676529	0.000267673709
553502	0.002809217264	-0.002159086821	0.000281844722
240178	-0.004894618464	0.002809913515	-0.00100194416
542020	-0.000793203182	-0.003665859904	-0.006446229285
534888	-0.004846920197	0.002615556709	-0.000723163809
237548	0.011257094921	-0.003478100082	-0.004589418093
582749	-0.008051165757	-0.001390602634	-0.003637832661
578659	-0.006593239793	-0.007685394465	-0.006525776242
250987	-0.012368403761	-0.00397910159	-0.00438022111
56545	0.001464539146	0.00040654453	-0.000410586136
24260	-0.004408436193	0.003451933068	0.000879458364
518645	-0.007102731502	-0.006800854308	-0.004367295709
317641	0.000772650368	0.02804238694	0.009252331201
174445	0.00943974302	0.000739848965	0.004566409237
222364	0.009744926509	-0.000108535526	0.000555822157
223441	0.015336186935	0.006874444946	0.001530943356
207124	-0.004736633984	-0.007261755143	-0.005523430277
215003	0.012591100929	-0.000397916316	-0.001204940675
256166	-0.006774905774	-0.008564923645	-0.005497869567
318902	0.004870592593	-0.0125141299	-0.009296562217
512041	0.030089809424	-0.003809516769	0.004969719969
216128	0.007619764599	-0.002419355686	-0.002865060381
217034	-0.009010412435	0.004281163527	0.000814623438
112066	0.000617314998	0.000946003285	-0.00269025737
128216	-0.004218058279	-0.002683280132	-0.001377497161
65457	-0.005899351832	0.001785998135	0.001041887892
153998	0.000598440677	0.006624884593	0.001122498238
517156	-0.002841668392	-0.008319562127	-0.007178210905
257150	-0.009645475255	0.005070215093	0.000510703056
533436	0.007525375566	-0.011975140387	-0.010458030032
593462	0.008524210823	-0.000140376194	-0.003386212066
343298	0.001438363101	-0.004667123484	-0.005585080525
509223	-0.011239161149	-0.007302994303	-0.005563659367
245241	-0.010714801201	0.006085191262	-0.001415445157
63126	-0.001430971188	-0.008614601413	-0.003540219508
253229	-0.001210127659	0.001831041502	0.003438361332
244549	0.005416161244	-0.005594439717	-0.004483015278
125157	0.007199964777	0.008380635079	0.002777418652
254262	0.01096487802	-0.002465608762	-0.002689045586
575662	0.005915326102	0.010487783685	0.002961232815
212039	-0.004045581849	-0.004887706771	-0.00189817046
563192	-0.00365666668	0.007672209344	0.003247190483
570504	-0.003797395702	-0.010320642052	-0.006274455989
271012	-0.013920349492	0.002152029105	-0.001989490626
572076	-0.002248537091	0.00074495865	1.0857589e-05
588530	-0.007949295652	0.001302513272	-0.000722193392
150770	-0.00143815679	-0.002007091804	-0.002199885096
161639	0.004078144496	-0.007288261254	-0.003204902446
550158	-0.013804392639	0.004581605038	-0.002346627641
550926	-0.000169810981	0.001915981759	-0.00076856699
589088	-0.00099449624	0.0010639359	-0.002976081907
310346	0.000788772755	0.001414897536	-0.001543144103
325555	0.000620229677	0.003451820075	0.005730267136
563246	-0.009344484884	-0.008411040712	-0.002733729601
509624	0.011881331901	0.010564439741	0.007595211892
106504	-0.001452775743	-0.000411260962	-0.003877548919
298250	-0.001366725699	-2.9619329e-05	-0.005949847968
276603	-0.007008372461	0.004069350161	-0.010114901844
554927	-0.007735678296	0.006018944694	-0.001631558699
581081	0.006042036565	0.005690870123	0.007008259753
140384	-0.00098462371	0.008177888583	-0.002121475878
354357	0.002270312514	0.013454488145	0.004182838949
526161	-0.003510097303	-0.005266222188	-0.004141249852
236395	-0.006545702578	-0.002252073192	-0.003058528441
282746	-0.01122854005	-0.001787716231	-0.005106013011
113190	0.007820389902	0.015920852286	0.004872925627
221218	0.002131795536	0.001583235053	0.000718076
161665	0.002973813922	-0.006178120119	-0.005665250244
245969	0.001115832497	-0.008490822867	-0.004376422248
161090	0.008088086377	-0.002830586141	-0.002975579292
548077	0.001385078233	-0.011088325034	-0.006433084648
232306	-0.008465139362	-0.006909163431	-0.006588521232
11398	0.000123836309	0.000197559701	-8.2043033e-05
229896	0.004651229679	0.00027639423	-0.005334141511
156849	0.003438062524	0.00020509551	-0.006578074219
159923	-0.004761955593	0.002412242727	0.000350390798
113475	-2.5641805e-05	-1.8838815e-05	0.000111456954
11396	0.005310680121	-0.001559514692	-0.002554816662
211564	0.004491839399	-0.002307279161	-0.000618548153
263760	-0.008400806536	-0.001604336617	-0.002480155237
539421	0.013227683789	-0.017516560852	-0.011961351903
256498	-0.013268898673	-0.001324820455	-0.00260791157
529793	0.019503311969	0.005263695461	0.004195929465
84258	0.01890276857	0.008429829543	0.000147303378
562659	0.011229024553	-0.004995660943	0.000815925515
236284	0.025894666968	0.012697080343	-0.000702268177
279158	0.015089910225	-0.002512758834	-0.006161126857
594448	0.007677894864	-0.000820037623	-0.003195406575
243610	0.004293797428	-0.006589352864	-0.003676504358
100157	-0.003051216145	0.00191823801	0.000606756714
223447	0.018384639328	0.003211332925	0.00332445673
348524	0.010822622595	-0.005804773128	-0.001292694116
580487	0.001268121144	-0.014466708827	-0.008523931514
534805	-0.000866085338	-0.009830546805	-0.006141020604
350536	-0.008358684558	-0.001467121091	-0.005266276351
156323	-0.00311043943	0.001844929527	0.000346384487
281116	0.016251513246	-0.004106645538	-0.004468176862
248375	0.003149557711	-0.001131137648	-0.000637376357
577683	-0.006849045771	0.003508511742	0.000718776645
55589	-0.010502034412	0.005496148375	0.000106215044
224718	0.000805997417	-0.010078212778	-0.005720753002
574576	0.000298421189	0.001201997605	-0.000892860815
128299	-0.002911367878	-0.003814929217	-0.003446457067
247022	-0.002848111101	-0.008824989946	-0.004139553418
555635	-0.00930866659	0.001913861761	-0.002879845412
137747	-0.004820050231	0.003730665962	0.001042180225
512169	-0.011432425673	0.000164745584	-0.003162365938
210792	0.006683562529	-0.008180185585	-0.007362539399
253573	0.000938267345	-0.004379654286	-0.0066886306
581739	0.003776970299	0.009139542403	-0.00139262064
256950	-0.00662496386	0.001953923178	-0.002984902775
141216	0.005859765436	-0.001837592271	-0.00147305992
591604	-0.007286019038	-0.002524219147	-0.002338496642
236303	0.005668987399	-0.001472260409	-0.004764644758
584134	0.004277212441	-0.01578317448	-0.008981187212
111386	0.008304428353	-0.002344801022	-0.003244552675
72811	0.008898946505	-0.004013366239	-0.008996893927
576085	4.1065017e-05	0.000660775735	-0.000173156923
168232	-0.009074924759	0.004585407568	0.00032178778
105867	-0.003295417622	-0.002929011403	-0.003052034368
38367	-0.011795167977	0.006170677491	9.4107692e-05
246769	-0.008095696427	0.004006413489	0.000785789785
63691	0.001085990473	-4.9948587e-05	-0.000449786767
89696	-0.007832125832	0.003544462762	0.000928299814
589503	0.000619589686	0.000429468127	0.000197768438
337753	-0.009785616592	0.004336618638	0.000599859444
108281	-0.005813721726	0.004076289866	-0.001821961595
12151	0.00029157932	-0.000112917402	0.000336743713
243267	-0.009670752754	-0.001120858928	-0.002032457498
249700	4.7558592e-05	-0.007140651894	-0.006123359898
340849	0.000917162809	-0.000303990089	6.7445414e-05
40820	0.002570002505	-0.000840833961	-0.000893824833
181053	0.004230975448	-0.001759014032	-0.000585882172
203722	0.028615100456	-0.014122080173	0.004282681531
334140	0.005095851562	-0.002731787086	-3.9598031e-05
136417	0.0045015699	0.001011927788	-0.006671696447
525863	0.008648266958	-0.007324530223	-0.006983070867
250813	0.012789721462	-0.006747349753	-0.012756598559
246169	0.005104656937	-0.006705563931	-0.006771208162
269352	0.002210808833	-0.0165416636	-0.009549694286
526038	-0.006949123251	0.005111491998	-0.002275417772
89337	0.01025859629	-0.007657636545	-0.009898288036
535545	0.008075337943	-0.002479306197	-0.004786987551
160968	-0.00118846561	-0.004552701356	-0.003125161406
214049	-0.008934605765	0.005408417988	-0.000103884398
268513	-0.002687664442	0.001298389035	0.000107827145
154705	-0.003333564788	0.001724742305	0.000691248908
154591	0.004378234959	-0.002079813197	-0.000269958679
265971	0.008026208665	-0.00161880784	-0.005273976241
12702	-0.011195009224	0.005315554416	0.00061373878
533172	-0.00707049173	0.001397537797	0.003115617366
257287	-0.005689286809	-0.002677954773	-0.002694439998
91993	-0.000353753582	-0.000157234275	0.000164801094
310095	0.000140962972	-0.000200149192	-0.00023633148
588889	-0.010378425931	0.004699120606	0.000996016353
534213	0.005461233972	-0.002312660019	-0.004329069237
85001	-0.007776434242	-0.004753234451	-0.00770409666
54677	-0.006985149405	0.003433018535	0.0002001747
37332	0.001321523529	0.000542760158	-0.003282409765
549001	0.003213788782	-0.01138101347	-0.006215171325
542752	-0.013416682386	0.005341186121	0.003708334955
13013	0.000526732114	-0.000800061451	-0.00059502574
59268	-0.006400464846	0.000374333748	-0.003658035389
572368	-0.000181806543	0.000874544671	-0.001901525992
113711	0.009003063079	-0.002934290088	-0.004703094376
555033	-0.005305513809	0.002320331745	0.000403944809
158633	0.006520647839	-0.013094366226	-0.006823513255
169832	-0.010795468478	0.008207127117	-0.004713886512
12919	0.011366816077	-0.006879867422	-0.009362352352
327290	0.006287740922	-0.006568588589	-0.009408097976
279920	0.006764651155	-0.012714257782	-0.007701066154
533011	0.003279299362	-0.001346751591	-0.00109809257
31830	0.004483500524	-0.000833681936	-0.002389522199
44587	0.005374769738	8.781063e-06	-0.006625339298
590285	0.013883747237	-0.004209301077	-0.005900707175
223819	0.000884879331	0.000162329091	0.000391960043
66811	-0.002752591766	0.001573641368	0.000297289626
85863	-0.015892862733	0.007543411969	0.00167773911
175954	0.014966625997	-0.014524056838	-0.013541144313
12913	-0.010100741947	0.007195104286	-0.004656354592
238182	-0.009470458542	0.006093098415	-0.001603213064
138207	0.004941072676	-0.001634438692	-0.000695477117
12926	0.010734944501	-0.003484157586	-0.004930338006
35860	0.006236234367	-0.001903438833	-0.001329830835
518306	-0.005569329439	0.003275160287	0.000382594387
42025	-0.004427825479	0.003821570949	-0.002980945932
133017	-0.0099828639	0.004492726485	0.000916310412
12988	0.016432608491	-0.009337198949	-0.009139989754
12989	0.00356103068	-0.0059579642	-0.003260912017
359454	-0.000156482949	-0.000160723769	-0.000287141311
261512	-0.005804689386	0.003420855025	-0.001931055295
12980	0.00672986477	-0.002958332249	-0.002070762516
12970	0.003804557095	-0.00202638631	-0.000443747871
12984	-0.006481040131	0.004578898319	-0.002143516401
57769	-0.004357786344	0.001839110562	5.2036374e-05
246206	-0.002628207346	0.00204608958	-0.002554903116
33829	-0.006434402292	-0.000670273016	-0.005331318973
12979	-0.005303350918	-0.000488528542	-0.002635103034
552367	-0.006659039736	0.004069886557	2.2990484e-05
550105	-0.004151744047	0.001805444722	0.0004216305
238963	0.014473496789	-0.01795198396	-0.007228848892
240258	0.00408302285	0.00114798168	-0.007046925614
515421	0.003298212013	-0.001783673016	-0.001024101076
114151	-0.001408017258	0.000929280013	5.9605508e-05
200014	0.001844862348	-0.00040904988	-2.6796274e-05
113935	-0.00273780373	0.001650497778	0.000271298212
576440	0.011042656966	-0.005880168295	-0.010066330824
244332	-0.003569892706	0.002739866512	-0.002268040775
581811	0.006366980071	-0.008036818528	-0.005458436459
139950	0.01255794524	-0.009351925297	-0.004559538365
580850	0.000168564863	0.001616953796	-0.003360540024
357423	0.003386971434	0.001088970197	-0.005597888353
542118	-0.010350855884	0.0058273821	-0.001420581396
236131	0.011071011043	-0.002827959125	-0.005940868912
255077	0.013191007206	-0.00346937005	-0.008254647397
161199	-0.011675924568	0.006735523521	-0.001458519021
369289	0.002408744093	-0.012031897378	-0.00797958753
43093	0.005181300071	-0.007901201637	-0.006942761498
531775	0.016444211679	-0.007949918268	-0.00248002442
38986	0.009127964885	-0.002006454075	-0.005178907783
589246	0.006639509426	-0.001155270977	-0.003977080988
154710	-0.00077142172	0.000547474518	0.000335965144
199820	0.000400073778	0.003603399931	-0.006962974496
265094	0.01893289717	-0.016077675238	-0.009489089821
109779	-0.001647216572	-0.006980646902	-0.005664438791
568948	0.000261224281	0.000698405792	-0.002497313945
78124	-0.010304637839	0.005344611869	0.000139018587
236904	0.008777002875	-0.004688816162	-0.01004261864
250572	0.005703130081	-0.00056821922	-0.005914155161
51486	0.006396394723	-0.003470944822	-0.004051872279
409932	0.012398380666	-0.009525656518	-0.010770925945
304224	0.013239074706	-0.013230326837	-0.004170028204
135946	0.022551933894	-0.010997665565	-0.0055380042
242784	-0.001113810259	0.001497352398	-0.000811107833
247191	-0.00181022913	0.000976212276	-0.000339017035
273055	0.025107854817	-0.027868855892	-0.005673607546
536662	0.012500364262	-0.011594055438	-0.012186381296
250002	0.015683317464	-0.007815339824	-0.007506870042
277508	0.003409484225	-0.000974365216	-0.001233959985
262520	0.004680141058	-0.002930022854	-0.009498047691
112244	0.003051097435	-0.001105963434	-0.000552196354
12896	0.021717517297	-0.009606017691	-0.007268202865
359367	0.014719205039	-0.009786377664	-0.00435032998
91712	-0.000848982079	0.001636910741	-0.00244746341
250989	-0.001575874987	0.00307438682	-0.003071629589
42584	-0.00151827999	0.001610924308	-0.001943142865
237912	0.002169960834	-0.002424025857	0.002172362974
34467	0.007980732884	-0.002266818527	-0.002894288305
44279	-0.002218750483	-2.3491556e-05	0.002228629817
112936	0.008697033573	-0.002434544766	-0.005209986364
102598	0.002876446755	-0.001517090663	-0.000458807946
570720	0.002420962719	-0.00060226781	-0.002413037901
112301	0.00686598493	-0.003162101056	-0.001460781432
128051	0.007664855584	-0.00307325207	-0.00175294934
139597	0.006522646	0.002195521148	-0.003457215772
33286	-0.006030861587	-0.007674459085	-0.009026798917
151878	0.00539558217	-0.007136709402	-0.003268592961
11816	-0.010830893192	0.005499634518	0.000719673087
132602	0.008467700469	-0.01281409115	-0.009774236109
50040	0.004899391541	0.01119991571	0.002477426095
533190	0.002443387765	0.001548395124	-0.00513455563
268852	-0.009705460807	0.002753949842	0.000488717885
198384	-0.001119035751	0.000898164234	0.000176217933
16961	0.004360315818	0.000853721214	-0.00652739951
582591	0.001842993712	0.000143255543	-0.002662802648
242090	-0.000299149003	0.001287104267	-0.001661917972
140767	-0.001565002036	0.002927681584	-0.003813425879
143008	0.005103767841	-0.001994700863	-0.00142460642
262826	-0.007331427335	0.004320104225	-0.001533904441
332727	-0.010750736931	0.00497302812	0.001443642354
313124	-0.008444029226	0.003930541679	0.000758488745
264455	-0.007216409298	0.012201333364	0.004788679228
567040	-0.009606189488	0.006252251304	-0.001398972398
105617	0.010351954111	-0.003077362056	-0.004570426038
273898	-0.013208988456	-0.002099132685	-0.002396626245
234418	-0.000895218969	0.000265490903	1.5117432e-05
151293	-0.009788919951	0.000149700175	-0.002939254988
571692	-0.010541918776	0.004527868169	0.001363506775
128098	0.006788070708	-0.01552055455	-0.00367983683
23870	-0.010616636236	0.006820855012	-0.0019225683
112252	0.003129491792	-0.007734318057	-0.003288908957
355361	-0.009828600446	-0.006462571935	-0.008573600612
258956	-0.016775688987	-0.000399792483	-0.002743203548
75046	0.00081828372	-0.00029163912	0.000552371419
160135	0.004279981422	-0.003306493768	-0.001776061809
195842	-0.009373862793	-0.002532743187	-0.005163818679
246667	-0.006737170392	-0.002575097338	-0.002777151988
552154	-0.005085978167	0.003475839312	-0.00066714623
252723	-0.004108428807	0.002916022495	-0.000981985429
336298	-0.006763213091	-0.002327744437	-0.002408971378
253324	0.005329322797	0.00136287391	-0.001155600898
242867	-0.002899230367	-0.005383595049	-0.003074125185
250390	-0.002671086964	-0.002606068236	-0.002287249182
264465	-0.001918044967	0.00184598419	-0.001927624427
211539	0.004233242446	-0.00179436294	-0.001240308117
139908	-0.013583482268	0.001073876461	-0.001773215245
305551	0.004707500794	0.006386078622	0.005451541257
467626	0.001454557491	-0.004435593678	8.9276798e-05
104294	0.006697137295	0.029761823484	0.019791037141
387744	0.001700149728	0.00401218714	-0.004419517972
234186	-0.011034560263	0.008157600995	0.000474784972
11431	0.006206582498	0.026700893304	0.011622366184
152323	0.002017240606	0.033200141727	0.015803658697
270517	-0.000536213494	0.035869010385	0.000841064592
331234	0.000579918831	0.010815256777	0.001149641454
193229	0.011649359667	0.027811868836	0.01944856802
525816	-0.011628922055	-0.000794113516	0.000102103461
110305	0.012717084546	0.023060429944	0.003510154528
267662	-0.009493306943	-0.000155889394	-0.00079824906
548945	-0.003578273749	-0.004958442732	-0.001704749139
546222	-0.010973123254	0.022198643613	0.018110751561
312041	-0.00022127004	-0.004093548882	0.001201878566
304085	0.000656953285	0.000183005592	0.000243315016
160626	-0.004260552575	0.010276885115	0.000940394784
318920	0.000442833023	0.003830795754	0.0020568989
578307	-0.005008379011	-0.005664275591	-0.002893961218
235395	0.00187194157	0.019304369574	0.009833241982
105395	-0.005753886062	0.03174773734	0.017401249411
313857	-0.00880653416	0.033531039381	0.024185033518
355132	-0.003717872502	0.029348145833	0.013265787488
252398	-0.001766796233	0.033119207322	0.0212715021
350893	0.001310171364	0.010993266178	0.001964979144
351161	-0.003402435274	0.023803081416	0.011138323606
331093	-0.005853159621	0.03121735069	0.015928679355
317658	0.000468889151	0.033201062709	0.041239546405
249078	-0.005437128248	0.005933118445	-0.000532164655
123714	0.000817031596	-0.002263247399	0.001340447573
329744	0.000111103395	0.035194022552	0.052355087242
104500	-0.003274522964	-0.003610946261	-0.001379056811
581541	0.005268587089	0.020362230445	0.000653978413
233361	-0.015147149932	0.001978476245	-0.002579053623
160337	0.00276705201	-0.008697285324	-0.012268289855
104310	0.00310766821	-0.008602038666	-0.005837386995
406112	-0.005170656261	0.002768071611	0.00016712274
217413	0.003599610537	-0.001384610523	-0.000762065472
11622	0.001782645805	-0.000259934599	-0.000756638656
73544	0.010998163658	-0.004761902716	-0.001676018178
11621	0.010935279721	-0.012178750937	-0.008313520702
252713	-0.004214181889	-0.002694294342	-0.002572239122
102993	3.7182719e-05	-0.004768124496	-0.003284331492
259094	0.00191049682	0.000393144579	-0.002548406382
254635	0.011547313741	-0.003899782135	0.000512431202
252888	0.006642864698	0.000159973422	0.000616603546
11620	-0.001034200655	-0.004544866492	-0.005929959131
11492	-0.007913912037	-0.006106118565	-0.007624750823
11544	-0.001206948964	-0.005774477517	-0.003736677523
236179	-0.000179888045	-0.012731199354	-0.011742636366
104265	0.026376814324	-0.008500140837	0.00238715363
250241	0.003200103409	-0.011053686607	-0.005514183201
379604	-0.000295225246	0.000459803213	-0.000433273936
83120	-0.00509671907	0.003493572705	-0.000378140668
85805	-0.000566803666	-0.003248792099	-0.00472916728
543740	-0.003665464176	-0.008880072982	-0.009635741567
223578	0.007861811398	0.009281063475	0.003657504762
83514	0.019212334179	-0.014367960862	-0.002749682983
554377	0.019402549594	-0.003032998678	-0.003184203258
574265	-0.006481784461	-0.001904286663	-0.004369939025
11451	0.022125370481	0.006801264768	-0.001477944413
253651	-0.008249165366	0.003969108309	0.000592878301
214812	-0.008376819869	0.003642043227	-0.002813268756
575392	-0.00990140214	0.004211796452	0.000508583196
11428	0.00655102545	-0.007312128716	-0.005467063083
139937	0.006047740628	-0.001015818187	-0.005862664842
575032	-0.002763487272	0.002107871452	-0.002220749991
225825	0.013364578536	-0.015870557683	-0.009834863037
218165	-0.003956879537	-0.000512483308	0.002127728806
248801	-0.004686884716	0.003384917951	-0.000726164798
11441	0.007431377447	-0.01385732233	-0.008731134856
11435	-0.009299103894	0.003983848858	-0.00118086381
266111	-0.006642880372	0.004411628705	-0.000116880408
223418	0.017900910007	-0.01588147726	-0.015841792437
220439	-2.3809112e-05	0.000893864779	-0.00193235428
383931	0.010153361147	-0.00312158999	-0.005913840403
157616	0.009758104588	-0.00242988315	-0.004473615907
49583	0.008014047804	-0.008782238545	-0.007098707211
11448	0.001916025284	-0.008266525059	-0.003279141145
277895	-0.00164427554	0.001138837098	-0.000153860161
147604	0.023864543701	0.000252325378	0.00106055721
76142	-0.006200471153	-0.007913057984	-0.006013356999
257316	0.007251401896	-0.004880714409	0.001209871951
248323	0.007425158335	-0.002584325288	-0.001669427712
559986	0.001752282942	-0.006633481595	-0.00440961386
83082	0.020634101469	0.010569164073	3.5085416e-05
237583	-0.006166037972	0.003504210642	0.000419022845
146122	0.018167754775	-0.00047195022	-0.004408207752
373239	0.010889376782	-0.003615628704	-0.004441048716
99702	0.000562195341	0.002232360145	-0.001642537059
366196	0.000771464515	0.000889345877	0.000936987177
543710	-0.007549223813	-0.002658338633	-0.00198642552
153548	0.024432798211	0.006892974974	-0.002971791008
213535	-0.003966741291	-0.001395894963	-0.001606642974
24568	0.002027002071	-0.007874691094	-0.008140876236
242751	-0.00641630884	0.003957820429	-0.001974769106
269218	0.005682023385	-0.002167264795	-0.00442401449
140652	-0.012156504379	-0.005363808614	-0.004859240395
190663	0.023571617213	0.016225774728	0.004972821831
576231	0.011778451895	-0.002675123116	-0.006651439841
86523	-0.012496727785	-0.003594687012	-0.003939295889
255647	-0.008170327212	-0.003097859511	-0.001883837193
242450	0.002361782576	0.017099146061	-0.006109201942
546690	0.001466723554	-0.007285759722	0.000183030727
310485	-0.013952719174	0.000707056612	-0.000507751777
12296	-0.010018732873	0.003201376589	0.001482018785
148208	-0.006849313647	0.001962118584	0.002570392126
212534	-0.008860365367	-0.005934879664	-0.004227565349
73379	-0.004764590078	-0.005145924438	-0.008341249659
249009	-0.014905561015	0.001530612285	0.000180332337
12163	-0.00877803184	0.004262093282	0.000874634797
207157	-0.007048192066	-0.002772877358	0.000567298019
510745	-0.008299617849	0.00243284908	2.06713e-06
230342	0.003443454021	-0.001734938903	0.002017351954
229136	-0.008597753767	0.010633348658	-0.004178218048
348002	-0.007469853091	0.001789238763	0.004028495886
307298	-0.003333437069	0.008635097204	-0.001067333921
269755	-0.014871889096	0.010220573064	-0.007120243486
311254	-0.009594434964	-0.000255357133	0.000374693658
542975	-0.001045710854	0.005304386516	-0.008643784855
240200	-0.013719227095	0.019660143795	-0.002834500221
240435	-0.018278070243	0.023914974398	-0.014039755835
161643	-0.006308353096	-0.005739023538	-0.008338401455
139659	0.001927327866	-0.002908519055	0.001660070953
62712	0.002038937352	-0.00229564647	0.002087291697
263950	0.002265219145	0.009770197785	-0.001715734032
144921	-0.009704786169	0.005058358934	0.001304739663
398836	-0.020424664259	0.022840878969	-0.008997435643
59851	-0.012098784213	-0.009926441417	-0.00728000765
21685	-0.010702369758	0.000198717542	-0.000618847702
558949	-0.005539749639	0.004461181484	-0.002450973457
237108	0.001055778941	-0.007610858076	-0.008141973674
538790	0.004801562229	-0.001860155401	-0.001092356534
204293	-0.01014534935	0.005537043765	0.001414745526
37441	-0.00421345662	0.00264157043	-0.000390289325
205559	-0.002970015227	-0.002659086403	-0.00097490332
177797	0.012082251514	0.008606781008	0.002049465177
223883	-0.009106294611	-0.008577233955	-0.006300652959
132604	-0.003886947662	0.000934507452	-0.000309216572
161253	-0.009671535971	0.004387732767	0.002378655853
217525	-0.006356575366	-0.005945156754	-0.007104745816
140315	-0.00503007978	0.00425731089	-0.003060372472
103201	-0.000609575412	-0.000302116771	-0.000659772122
142011	-0.000142240207	-0.00431395304	-0.005838358679
363337	-0.009451206524	0.004901269339	-0.001767635278
272308	-0.00881572426	0.004169257735	0.000670137381
349277	-0.009363472408	-0.007853227911	-0.005821043628
292764	0.00360888427	-0.002825104369	5.7174202e-05
178912	-0.00890027748	-0.001207808344	-0.001863176705
263590	-0.011444829937	0.005488430656	0.001863714139
130665	-0.009299039446	0.002168266948	-0.002931243164
101628	-0.00677286965	0.003519672232	0.000847264901
362552	0.017316595503	0.011205779146	0.005572653757
421948	-0.015762976038	0.008827943128	0.001796067349
12283	-0.002348920803	-0.000656405626	0.004206366382
350174	-0.004094873948	0.003915374431	-0.002650096168
176072	-0.013692720668	0.002211313865	-0.004469430012
266945	-0.008757190715	0.00148607139	-0.007891978918
310647	-0.011535905767	-0.005396339979	-0.00142474391
577125	-0.004398164457	0.001184203395	0.001335241029
59853	-0.003386504582	0.001045105149	0.00127951319
94524	-0.002587214898	0.000751745024	0.000420708066
79881	-0.001595746773	-0.008976192675	-0.008130992219
19936	-0.01799041005	0.003168583163	-0.002693172942
112266	-0.00169346059	0.000898379808	6.9406515e-05
99149	-0.005714674507	0.003052530321	0.00075794683
174021	0.000509015852	0.000264487656	-0.003053748898
83306	0.00509337239	-0.005054630669	0.001108970469
249999	0.000131153647	-0.008168276566	-0.000843444711
197711	-0.014566658845	-0.007563875203	-0.005901134022
226363	0.001723297964	0.008484648907	0.002334637086
50557	0.001391531571	-0.006280479256	-0.00201445604
279373	-0.006311077259	-0.001951339615	-0.002363726363
354551	0.005937819136	-0.0028354711	-0.002733426886
131209	-0.009143187635	0.004614849684	0.00116110984
225374	-0.00456027971	-0.004322219244	-0.002076643488
218035	0.011732376099	-0.013625314055	-0.007430792746
130238	-0.006698054059	-0.008014849158	-0.002892570785
223546	0.001936237476	-0.002424209897	0.000332969254
38522	-0.009959739558	-0.005850837259	-0.001871714173
223053	-0.011900643939	0.006280896916	0.001577017355
223593	-0.008785155351	0.004175085493	0.000630392724
35440	-0.000233321825	-0.006644216879	-0.005633996953
173906	-0.00838588999	0.000263805409	-0.001837448218
12175	-0.003751182059	-0.001065066174	-0.001917365468
556066	0.010430310035	0.016347259643	-0.003259146428
585547	-0.00759795432	9.6439694e-05	-0.00451037372
277142	-0.010697127432	0.005393883241	0.000814865811
236466	-0.004243394876	0.002097635851	-0.000122222574
100126	-0.002261059191	0.000922614845	0.000128878991
593699	0.006895720824	-0.011412142752	-0.005023031422
29284	-0.006187621804	-0.006119504628	-0.00542918401
137631	-0.008222895134	-0.002556332417	-0.003202961162
145846	0.004349151847	-0.013987578357	-0.010324721476
239951	-0.001574150671	-0.000958683581	0.001501369831
12369	-0.007526104385	0.004192864773	-0.00163357239
219876	-0.006565799648	0.003114562841	0.000478528236
549839	-0.002258976347	-0.004260849588	-0.003006820529
248784	7.2575629e-05	0.000426469764	-0.000397474441
255731	0.000412083976	-0.00470392089	-0.006441110925
12364	-0.004952715183	-0.003463887638	-0.002881909167
58688	-0.00193157286	-0.010425477417	-0.005062206078
206642	0.006613798591	-0.001049660211	-0.003550980188
230798	-0.000443070583	-0.00859566366	-0.006173759959
236808	0.013321678674	0.007757022527	-4.16017e-06
446480	0.004060341851	-0.001723613896	-0.000522053328
133467	-0.002323583326	0.001491245576	0.000619820424
133829	-0.002457119603	-0.006453752591	-0.003826438591
512791	-0.002625681458	0.000656814995	-1.2894222e-05
529501	0.00510902338	-0.005122619673	0.002738804699
113648	-0.005195696222	0.000435252052	0.002277524695
12533	-0.007133584034	-0.001260454807	-0.001450892361
26586	-0.011538800085	-0.002275634628	-0.003889913484
33876	-0.00882153158	-0.004353049791	-0.00295707219
187652	-0.01352845472	0.00587689001	0.001960876387
86198	-0.008938886605	0.004033021001	0.001329541448
12541	-0.009128024716	0.002807602891	0.000960697056
12538	-0.006563913916	0.00203112219	0.000270840163
369064	-0.007467435679	-0.001189988334	-0.000395113079
566454	-0.000209420611	0.000343791557	0.000354563346
240850	0.000400649408	-0.003561725161	0.002057907341
109814	-0.008755816692	-0.000205756623	-0.002792255619
138141	0.000999349317	-0.000478760971	0.000516600437
102681	-0.005817283157	0.001121318555	0.001298489225
185633	-0.002833035087	0.000855962216	0.000596940737
157133	-0.005067530552	-0.003525483829	-0.001909186485
104526	-0.005266330014	0.00303227439	-0.001271155336
285415	-0.007324055083	-0.002710750482	-0.002936019256
429838	0.002128619085	-0.001054221536	-0.001118277251
254649	-0.009687939451	-0.006977799095	-0.003723016921
12321	0.003129407958	-0.001138724864	-0.00113118368
255914	-0.007728662456	0.00425546075	0.000135611524
12340	-0.006449872781	-0.000751999336	-0.001694997386
101394	-0.002849325016	-0.016672296362	-0.008424800594
532097	-0.005484881221	2.6057265e-05	0.005041133281
252063	-0.00312856887	-0.006908968415	-0.004169199796
127458	-0.008730234356	0.003843266655	-0.000299260172
249637	-0.01629376604	0.003355407461	-0.009123013817
289962	-0.008813677742	0.001120489683	-0.001268570357
12357	-0.007916168274	-0.004535647681	-0.003484717147
551705	-0.01062435497	-0.00263038608	6.1101064e-05
571690	0.003041746529	0.000409370703	-0.00190758536
12343	0.002694666677	-0.002242031989	0.000415499043
12346	0.001169155582	0.000617704857	0.003090207358
216782	0.002095632309	-0.000771522008	-0.000446301214
304693	0.001366259596	-0.000557911103	-2.8838419e-05
375136	0.014020240532	-0.004913175208	-0.004904263994
280631	-0.002776748675	0.000748553872	0.000650318993
103561	-0.007076388426	0.000246341627	0.001489919829
44206	-0.009217199485	0.00692002016	-0.00278780249
244196	-0.010036103299	0.000364439744	-0.00336910506
521907	-0.007645519388	-0.00434035598	0.000196284867
139651	-0.005993669702	0.004491522258	-0.006405215744
241541	-0.006231749713	0.003007846245	-0.000330509274
147441	0.001106824701	0.000325845941	-0.001353416548
400183	-0.010327383862	-0.005660786703	-0.001023016365
152486	-0.010808826367	0.006885273672	-0.001661352092
99714	-0.002171311799	-0.001329155927	0.004942489698
33696	-0.000800355934	0.001343370692	-0.000390477151
192142	-0.004722037718	0.002187685899	0.001281472699
524457	-0.010081529785	0.005387063502	-0.005436322254
470273	-0.00030488157	-0.001053499459	0.000138802754
83011	-0.014823811274	-0.005017695278	-0.004297393975
215248	0.001652307498	-0.000755249567	0.000438493956
109194	-0.006590769694	0.006227731058	-0.004007500429
79234	-0.00076062229	0.000505459203	0.000564366652
469488	-0.002105466151	-0.00549566212	-0.003339476753
12558	0.000603479279	-0.000620697029	-0.000204763772
28461	0.001232520514	-0.001298434688	0.000176812978
58541	-4.2989062e-05	0.000175519776	-0.000158328367
26061	-0.000452227651	-0.000158146448	-0.0023607594
583523	-0.000218556699	-0.000199022599	-0.000568796643
584347	-0.009128832209	-0.00454235777	-0.003174244512
109929	-0.000509492546	0.000206249201	-0.000210669739
103151	-0.002118767946	0.001506369606	0.000207636643
23149	-0.00200389176	-0.00309285198	-0.002612532037
12561	-0.002588321153	-0.004070715852	-0.001731545707
24150	-0.00025908274	-0.008268841231	-0.002684118455
49536	0.001430119834	-0.00208675616	0.001764452767
591960	-0.002446345528	-0.005185852165	-0.002499867482
470693	-0.000332631679	-0.000262765858	-0.000313156998
131712	-0.00319382923	-0.007254924948	0.000482122521
131783	0.000623333204	-0.001864419363	-9.1141958e-05
12568	0.000643703194	0.00260616006	-0.004492276065
67513	-0.007785629872	-6.2072207e-05	-0.007507730099
152869	-0.002241645836	0.002251263819	-0.00152121087
12570	-0.003232816167	-0.00405476254	-0.004748721632
23235	-0.014046441301	-0.00816958635	-0.002074184207
12567	-0.002746360502	0.000128938128	-0.006638191517
82476	-0.000124265877	0.000515178837	-0.000273074226
12589	-0.000836182833	0.000372937872	-0.000320639414
252421	0.000588651856	0.000947458703	-0.004577573012
36025	-0.000555347331	-0.000336872911	0.000325038965
100122	0.002141773084	-0.003130806587	0.002527505104
266173	0.003297662942	-0.004635207663	0.002148428175
261705	-0.003233736961	0.002104998949	0.000113205906
12447	-0.01034962502	0.004722968102	0.001030608322
538876	-0.010860727038	0.002683265065	0.001970488037
530345	-0.003508197114	0.001765257078	0.000663784286
591049	-0.003617003297	0.002150454324	0.000322500624
230376	-0.003407720046	-0.001144963553	0.00211609406
103120	-0.000600846528	0.002040366446	-0.002052963141
136948	0.000262194697	0.000879702337	-0.000301630083
273126	-0.000595817768	0.000253733854	-0.000194815725
555009	-0.000584834588	-0.000709450699	0.001217561929
272161	-0.003098775405	0.000894373405	0.00096005108
226642	-0.01223556616	0.002601850341	-0.00224372538
158234	-0.010092566837	0.001475399759	-0.00227898432
589054	0.000264141074	0.000277822298	-0.000137952851
529839	-0.007399977106	0.001694212938	-0.012577799386
567669	-0.012937423449	-0.004611511915	-0.013006113958
274801	-0.002089948879	-0.002626921891	-0.002961015649
566596	-0.001109107502	-0.006939328518	-0.003877485874
543491	-0.019393916936	0.010295142331	0.006591171282
58301	-0.010078672537	0.007840656282	0.004598349409
471141	-0.01256642356	0.011506388504	0.024647935936
224448	-0.011784829212	0.003349228054	0.001322162444
318338	0.003729364517	-0.003262893859	0.001551336401
158010	-5.9592654e-05	0.000647883386	-0.002168964782
102954	-0.018097453111	0.008003563115	0.002199976352
193899	-0.003828003262	0.000499434789	0.00026148444
237889	-0.008766488997	0.004007523091	0.000645827834
140877	0.001028417674	-0.000630608782	0.000497132177
564646	0.000201900314	-0.00023064826	0.00033985625
100937	-0.012119530165	-0.000821605148	-0.008603678822
568886	-0.00585810334	0.000596875987	0.003476691153
137387	0.001072803371	-0.000702483263	0.000551780532
290069	0.00047899134	-0.000944344411	0.000703544393
581042	0.005579426845	-0.010069923516	-0.002639700026
383501	-0.004605997834	0.001497026	-0.000174296243
267323	0.007370258462	-0.005095538325	-0.007633333664
258212	-0.005163677038	0.003305819825	-7.61921e-07
49877	-0.003790701511	-0.003735862696	-0.002151395592
554201	0.011076477136	-0.007650011537	-0.005345798419
236294	-0.00124315732	-0.008598322362	-0.004825417179
107764	-0.005328781023	-0.003070166992	-0.00425297097
191973	0.011384758848	-0.013493843187	-0.012975593055
565712	-0.006148373648	0.003152150668	0.000884531515
12408	0.002653150225	-0.006652834466	-0.003404831233
136467	0.007670714998	-0.007174903497	-0.005212117705
35216	-0.012693995694	0.000878545487	-0.002017604881
273134	-0.00533458462	-0.009139539528	-0.005748363314
181436	-0.008259372602	-0.012875855137	-0.00634746092
541256	-0.002155089881	0.002782026093	-0.001084995473
270098	0.014430830409	-0.004735232996	-0.005319909806
48874	-0.009232524476	0.003888290749	0.001396038491
251817	-0.006823359355	0.001303374826	0.001437466851
101943	0.0013729716	-0.001329234128	-0.000255380014
256966	0.000234109676	0.000148938709	-3.7983963e-05
268395	0.001030363027	-5.4749007e-05	-0.000677381556
272208	0.000686368581	-0.009208125127	-0.004659564084
549811	0.000641907869	-0.000500385728	-0.000786675937
183182	-0.005500323848	-0.002609922401	-0.002812391164
320879	-0.013890162824	-0.003252643515	-0.000912132681
527489	0.000662626312	0.000856243115	-0.002546093559
359533	0.000806936592	-0.00126183052	0.000310690094
60234	0.000453300183	0.000465397132	-0.000194326793
13401	-0.000291508695	0.000211275898	-0.000182442411
510089	-0.000260838193	0.000108071575	-3.7334635e-05
86061	0.001012641191	-0.000843480719	7.8857146e-05
13459	0.004297192821	-0.007416231104	-0.012154421939
13463	0.000129526701	-0.00019473417	0.000306834874
470178	0.00198704643	-0.000340655471	-0.004022537099
376876	0.000235447411	-0.000544354136	0.000473076907
552026	-0.000593145205	-0.010608836257	-0.005891287659
503327	0.000259836676	-0.000504289633	0.0004800757
103895	0.000327638917	0.000177883743	2.493116e-05
357438	0.000237461365	0.000303503087	-8.0146108e-05
305123	-0.004048813328	0.003059415696	-0.002044242189
544910	-0.004285880409	-0.004692707876	-0.010955945114
261774	-0.006920228377	0.003322369455	-0.002387027173
13453	-0.000807728215	-0.006730638536	-0.002848759211
470207	-0.000403908722	-0.003468550296	-0.004317437299
429975	0.000366185246	3.061501e-06	0.000165603613
534507	-0.004661735519	-0.004976110502	-0.002801583199
13456	-0.000199499307	-0.005587839798	-0.006735560254
451398	0.002122876427	-0.006395654321	-0.004006880249
470190	-0.008631050308	0.000756313555	-0.006670819244
270102	-0.010416004933	-0.00693694202	-0.008231639213
470219	-0.013072702943	-0.003043402828	-0.004916694048
410908	-0.005629268029	0.000605992942	0.000656561972
490143	-5.8893602e-05	-0.000303908602	0.000280375688
82696	-0.000625874534	-5.515015e-05	-0.00160835247
213952	0.000200967803	-0.000872119093	0.000679630382
13428	2.349175e-05	0.000386488298	-0.000159436814
13420	0.00137651532	-0.000986539701	-0.002734149599
27896	-0.000105028896	-0.00032948094	0.000347999011
90728	0.000160164648	0.000625281745	-0.001595448455
58295	-0.009539109601	0.004152477169	-0.006842456861
557799	-0.014009600496	0.004942969052	0.002432420636
470200	0.000934974107	-0.005135140148	-0.003215522464
470188	0.001674831404	-0.011754648655	0.001303197024
211156	0.000200288545	-0.00061177371	0.000481423689
361871	-0.001232712643	-0.004459104167	-0.001603610081
470213	-0.000256103257	-0.00256282297	-0.007121078463
13393	-0.000492599053	0.000757466147	-0.000536084592
536902	0.002713566564	-0.002617321492	-0.002857919767
18932	-0.002383389371	-0.004684142116	-0.002519723345
557616	0.000301718375	-0.00023708606	0.000271514998
358127	0.002064392895	-0.003279597844	0.00275874337
81096	-0.004436996767	-0.009431785171	-0.007567975381
69669	-0.00034105921	-0.000244569113	0.000243831386
241543	-0.000896004327	-0.009949326983	-0.007386768986
13581	-0.010423874911	-0.006948082876	-0.003711017209
13568	-0.005473594479	0.002560338607	0.000524524256
594393	-0.013233108006	0.006332075509	0.001521367233
105495	-0.010044007264	-0.00082620599	-0.003035717239
131262	-0.002405228556	-2.8472155e-05	0.000985666449
349708	-0.003322718666	-0.010235704164	-0.005353328011
185640	-0.005881557297	0.002306191453	0.000654436712
276278	-0.007279129819	0.003884026619	0.000898804304
81098	-0.007927782967	0.004151972638	0.000982392488
148332	-0.007772165185	-0.000639611977	-0.005126887579
82279	-0.004209834729	0.00323839275	-0.001789044242
571931	-0.003636288424	0.002300666935	-0.000339162841
526776	-0.012115448516	-0.005886197935	-0.005993027168
13333	-0.001593816548	-0.00015284405	0.00011313519
142287	-0.007123290147	-0.00613443569	-0.005786329709
13321	0.002353609478	-0.002519958849	0.002397900406
154902	-0.009110821713	0.001599948564	-0.002501002193
36832	0.001095507429	-0.001474036083	0.000562257679
558953	-0.012580929593	-0.010615172315	-0.006096781997
35930	-0.002395211906	-0.005222839494	-0.003336525391
99032	0.000835559765	-0.000259749177	-0.000278402877
590555	-0.009427179243	0.005113195496	0.000972338639
103349	2.7051228e-05	0.000733183937	-0.000846937779
13522	-0.010301763834	0.006239769399	-0.001639496222
20974	-0.001992564558	-0.000269945947	0.00258090973
13069	0.005365038139	-0.001507992409	-0.001955324732
13140	-0.00824585564	-0.007300431639	-0.00618056754
590657	0.01404459067	-0.004018843288	-0.003730476925
276601	-0.003224412642	-0.007339015639	-0.008040312896
34222	0.005395839618	-0.005332079689	-0.004293929272
320457	0.001378093421	-0.009446145777	-0.008811838854
247201	0.02976923562	0.010543384815	0.009108144556
281424	-0.014184769402	-0.005672651563	-0.005037423155
215776	-0.014316046836	-0.002902170099	-0.003842611848
579213	0.005727825739	0.015315366403	0.002711372633
101464	0.017963032014	0.000518935838	0.002372268257
13034	0.041587961361	0.017945581636	0.016231446967
365852	0.014372005973	-0.00438999182	-0.004966091247
104109	0.001365747494	-0.001692482522	-0.000944409596
309862	0.009692432714	0.019083048107	0.008324966142
300187	0.03286859497	0.008626161315	0.014171472834
13121	-0.011294372081	-0.001383228534	-0.004202028942
92964	-0.004149237623	-0.001970339206	-0.001544366289
295725	0.006365690114	-0.013644369378	-0.008268145599
563112	0.019617451364	-0.013061883597	-0.009944393743
102201	0.013464754013	-0.009947625529	-0.001244007458
523221	-0.019165414296	-0.001544409883	-0.003651534258
38174	0.019393810349	-0.000637084984	-0.007923581075
354851	0.004790807566	-0.006948328178	-0.001871497367
204251	0.008847424499	-0.000518345882	-0.000462608042
407296	0.032190576044	0.00664770816	0.005441915825
181609	-0.021394705304	-0.006167913994	0.033661407867
86784	-0.001108664619	-0.006961659656	-0.004783357464
72858	-0.015469400602	-0.004302235105	-0.002438049295
143171	-0.008847545538	0.003815690289	0.000865929426
203691	0.000225993139	0.000322918181	0.00021611435
469868	-0.0098914625	-0.023277550212	0.061557236696
326977	-0.008381986298	-0.032324234464	0.105225227187
469873	-0.017200301216	-0.027814652407	0.075042018332
102049	-0.000875400291	-0.004856891561	0.012075561338
471180	-0.007714892635	-0.024239434532	0.057566287222
339532	-0.009492779031	0.002805354267	-0.007501171762
12622	-0.009754941442	-0.011426624054	0.010159677995
131391	-0.010868693685	-0.010474626384	0.022731654157
533785	-0.00218921855	-0.008696584193	0.021578733219
471185	-0.001021611314	-0.002281185443	0.006979975198
12650	0.00065517491	0.001969382238	-0.004660933387
591285	-0.00781965478	-0.01057266499	0.019811001637
292521	-0.003970145083	-0.01127882449	0.0203686673
469852	-0.003591842029	-0.020662806228	0.027383273249
201720	-0.000260016832	0.000545423624	-0.000383033717
525417	5.1326379e-05	-0.000702539632	0.00056190947
51888	0.00340024731	0.002267887723	0.002811037955
542335	0.008570396923	0.011559547034	0.008573191165
335847	0.003452229229	0.006643567176	0.003978383269
566297	-0.002656001432	-0.005211956705	-0.003897987509
203480	-0.002145701296	-0.004148931987	-0.002726416421
227609	0.002373166239	0.012002808195	0.007088285211
108434	-0.001038558436	-0.010995364681	-0.007352325789
236512	-0.000111897711	-0.007530593731	-0.003811688886
3931	0.002421285393	-0.002201956166	0.000831341838
484437	0.000876038801	0.000951626381	-0.000855150823
251512	0.0073291902	0.012318137916	0.004950459799
3838	-0.00526141448	-0.009708703135	-0.005733475188
309470	-0.00160204575	0.000413313778	0.000122076574
289014	-0.006859573927	0.003177623309	0.001118044113
105320	0.0086481235	-0.004026866291	-0.001947237076
296406	-0.001794167077	0.00164058313	-0.002155036924
332359	-0.002987986546	0.001191077284	0.000486798662
324511	-0.007695599142	0.004562893853	-0.001310420401
526483	-0.011284508493	0.005172878331	0.00111410035
38741	-0.006381812724	-0.006930627765	-0.004406254183
3861	0.001879051376	-0.003128944995	0.000838038797
518643	-0.000479319714	-0.001804214612	-0.001320879412
100628	0.00024500109	-0.000667140108	-0.001127349771
519715	0.007396745266	0.009319570221	0.006509162762
141219	-0.00118625986	-0.005114995302	-0.002621461215
106877	0.000437823603	-0.002377674973	0.002644469465
103241	0.000959214201	0.000697892143	-0.001326419066
157633	0.000326123545	-0.000953195646	0.001251808756
326880	-8.2584677e-05	2.4252861e-05	-0.000741735654
63216	0.011371279569	0.016678422983	0.005395908277
3801	0.004964499067	0.008504811824	0.004915020981
149144	0.005853282691	0.030693267021	0.014148766232
221514	0.006532484855	0.011086938874	0.006232994299
212910	0.014912416437	0.027481734947	0.012713608983
235371	0.001170992466	-0.002481759402	0.002653787326
347105	-0.001645365949	-0.0001780417	0.001145477565
100167	-0.001005264157	-0.001628982795	0.000123229096
159087	-0.002788724948	-0.00347057484	-0.002163257073
538030	0.000221780068	1.956446e-06	-0.000573844736
534608	-0.000187064205	-0.001109315553	0.001994563299
101310	-6.413369e-06	-0.001166424833	0.000585712215
342035	-0.001039791762	-0.000668242315	-0.000172954921
251576	0.000716879049	-0.00360924314	0.004339251703
128374	-5.9845451e-05	0.000565082187	-0.001881553335
242567	-0.001931451479	-0.003229242099	-0.004627457222
306448	0.000124095007	0.001092120686	-0.00243405657
99658	0.000603839665	1.6760578e-05	-0.00010822079
548153	0.001814222794	-0.002223398086	0.002081591207
143791	0.003701058547	0.003595351278	0.003991447788
550451	0.00498654641	0.018218815749	0.007546448525
143845	0.005353331519	0.006087444383	0.005595424241
88155	0.009964910034	0.006733867461	0.004245367274
454145	0.002571806218	0.004865335665	0.002976495198
559657	-0.00131820875	-0.002509491195	-0.001377459464
114294	0.001433188037	-0.005138225052	0.003540351412
192132	-0.008424547071	-0.00516608007	0.007885942816
585650	-0.006182642334	0.002955283355	0.00091345287
10526	-0.005364258928	-0.000419331254	0.004913055373
51535	-0.013045888388	0.002747870779	0.005574259189
102412	0.00036212372	0.000651708658	0.000256551487
10455	-0.004020444891	-0.007793257796	-0.00517005596
19551	5.1882747e-05	-0.001389335977	-0.005223362835
245878	0.007932775452	0.012426634988	0.006597608791
236160	-0.000472608806	0.000951344071	-0.001495829233
203274	-0.003190832431	-0.006004185375	-0.003191571213
176114	-0.013298111184	-0.00371702814	-0.004382327157
31235	-0.011276061629	-0.002439055472	-0.008204123806
73887	-0.003117455722	-0.004851548095	-0.004274153052
70628	-0.007208050128	-0.008033807586	-0.002186264257
74391	-0.017188171862	0.001645119863	-0.008016071215
93158	-0.000678361473	-3.3129469e-05	-0.000184748791
59574	-0.007587299808	0.003463884173	-0.003442362452
529857	0.000600029267	-0.000160316609	-0.002083779602
484462	-0.000796221114	-0.004322007522	-0.005381687242
237034	-0.004991409635	-0.002047205484	-0.005211337819
74059	-0.001906417949	-0.000524029628	0.001097094849
566658	-0.001497215659	-0.000851529075	0.000202107866
105657	-0.005147402291	0.000839209131	-0.006315808685
110394	-0.004727357778	0.005071205575	-0.006031461293
591820	0.001492429061	-0.00266265428	-0.001812846755
11319	-0.010594207994	0.002014256197	-0.004050165243
550936	0.000614356607	-0.000673772316	-9.5497229e-05
368299	-0.001444086835	0.001210431121	0.000101614016
64396	-0.014718101229	0.013236394027	0.027606956734
518865	-0.014616196541	0.00124573454	-0.005433210366
374052	-0.000619709385	-0.001085761793	0.000405546355
288565	0.015225148081	-0.023704506591	-0.008235233996
345114	0.015571722841	-0.013642752529	-0.008101781012
332164	0.018372608356	-0.013155820308	-0.01418482121
11302	-0.002623395117	-0.004319928996	-0.00258444727
99826	0.000901821535	-0.002454941058	0.00038268716
113012	-0.01383619278	0.003576641203	-0.010319098345
576850	-0.00310892567	-0.002141008138	-0.001016705665
357591	-0.022137452002	-0.017924547034	0.039477286324
357766	0.000508874222	-0.000142415281	0.000297094693
177477	-0.009694719229	0.007742369303	-0.003838966302
562962	-0.011022900794	-0.000645447451	0.010115234476
233848	-0.000249445325	-0.000136853216	-0.000761664146
555400	-0.004299023135	0.001516174444	0.000452254783
230132	-0.008114092183	-0.004435013517	-0.005877710641
60702	0.000647002539	0.002376130348	-0.005511382554
15912	-0.002628472119	-0.00409288071	-0.005193459302
217901	-0.001218609952	-0.000139571504	0.000249829295
274442	-0.00515438021	0.000857367036	-0.006418796091
287510	-0.001821117699	-0.02081937921	0.046081281871
74862	0.000624450943	-0.000273136256	0.000342694717
326369	2.2592142e-05	0.000631769481	-0.001955587028
233953	-0.001639568389	-0.005054597275	0.003757366329
151870	-0.000347873118	-0.000826124047	0.001856959275
191700	-0.002140030828	-0.006053416571	0.005761491783
576232	0.00058904866	0.001042354467	-0.002013479679
542934	-0.001464024303	-0.004046412326	0.007971747627
190872	-0.011148242043	-0.01800628997	0.01602058334
136526	-0.003365020739	-0.004926066463	0.017250943276
15711	-0.006342036215	0.00494511245	-0.001862330968
251385	-0.003287506619	0.001543314928	0.000325127229
470139	-0.005038159632	-0.022276935626	0.055739512094
360238	-0.011287037037	-0.021258232063	0.031711913314
15716	-0.009476833599	-0.002375564685	0.010283451334
109807	0.000179022664	-0.000977309005	0.001742964844
565289	-0.001324661992	-0.00243140504	0.004210488129
539382	2.615684e-05	-0.000390935318	0.001227350581
470369	-0.005867719384	-0.022188782853	0.048737180902
194446	-0.000449883054	-0.000337379892	0.001616670966
295024	-1.75929e-05	0.000936639194	-0.002440855332
362383	-0.003168796344	-0.007304117518	0.014649022272
572915	-0.002646626902	-0.013908553902	0.014588149815
310012	-0.00823886043	0.002939359906	0.002167963899
532556	0.000234672346	0.001154412855	-0.005895231984
19191	-0.002614444785	0.001728420615	-0.002045949998
470522	-0.013238309416	-0.027539085744	0.060190577864
198914	0.000489149524	0.000528900743	-0.000417517102
176495	0.000416353178	0.001723583451	-0.004338215007
346271	-0.004571894538	0.001919788368	0.000471371354
293999	0.005786873052	-0.007148300259	-0.008195729451
360268	-0.008298099682	0.002972989214	-0.000428019579
296193	-0.008396742457	0.003926951235	0.001103238765
224477	0.006373602645	0.000665343299	-0.000741113072
112746	0.000475590095	0.000527110921	-0.000781784554
360032	-0.002811425026	-0.000336286478	-0.001718021593
385423	-0.018427115501	0.009662358745	-0.011015168335
303568	-0.015801983725	0.006382398452	-0.018606232837
68830	-0.003764192896	-0.002978805665	-0.003848136772
354744	-0.003352380392	-0.000728291129	-0.005036396299
168768	-0.0026971455	-0.004621553941	-0.002794226238
577338	-0.014148339084	0.007878280592	-0.030608335017
522238	0.004727896149	0.003657377161	0.003513364135
3536	-0.004049374962	0.008568613986	0.007079766307
260698	0.000536966281	0.000629885005	-0.001126718917
42014	0.003731115213	-0.000585025004	-0.001150867677
3549	-0.007398975889	-0.005720311493	-0.01315708031
50506	-0.002241221629	-0.013390646448	-0.005343923716
589524	0.000922670998	-0.007533001677	-0.007864554753
245980	-0.003358320746	-0.009658920857	-0.007288556585
216254	3.706179e-05	-4.7310089e-05	-0.000286083246
35074	0.000638293567	0.000295767485	-6.8452116e-05
3544	-0.00042548824	0.001329990863	-0.001389242953
60254	-0.003188632811	-0.003809515561	-0.005359038039
330861	-0.01420431786	-0.000188281952	-0.004149011863
163831	-7.2331057e-05	0.000392712859	-0.000540253506
589787	-0.011507633599	0.007313922895	0.008600080041
243468	-0.013166760864	-0.006634204533	-0.011719020931
170493	0.000689543021	0.000858485971	-0.002250507891
560209	-0.00908098632	-0.007002881425	-0.00249998861
108861	-0.010684151299	0.000278747387	-0.005640324487
467235	-0.004001132018	-0.000367327655	-0.001621637549
32016	0.001059134745	-0.000475365701	0.000517820567
214073	-0.001540879322	-0.002837768995	-0.00485922253
130918	0.001924739896	-0.002421196495	0.001856543236
545380	-0.00350149795	-0.006461424778	-0.004316184371
200033	0.001023463386	0.017595399833	0.006673428271
38828	0.010179501794	0.024588507849	0.012919148059
511637	0.000695089491	0.006386695766	0.003696653208
203466	-0.006823910398	0.002935744062	0.00083867451
201626	-0.001878796494	-0.003425918627	-0.002022640918
200109	-0.006311589286	-0.004586557974	-0.002640635354
141161	-0.003775108552	0.005015320251	-0.004781525313
51823	-0.001013164975	-0.000161321093	-0.001055636743
550329	0.00084104417	0.001633547494	0.001574734898
233592	-0.005436310588	0.016505717593	0.007586721357
238123	-0.031761893836	0.036531508443	-0.014245881578
535929	-0.025280181143	0.0442895104	-0.011261524193
25107	-0.009363436171	0.010921088477	-0.013233311682
142022	-0.004094973182	0.00697733448	-0.006026570814
235716	-0.001221603116	0.005897590318	0.000720484434
30150	0.002990887792	0.001275004357	-0.00335498069
137756	0.011168386385	0.016739380304	0.011563807616
44394	0.002549827315	-0.006065839414	0.00228983727
210139	0.002697882783	0.022508229725	0.005659816175
83959	0.005998630666	0.020506754395	0.00041383947
141745	-0.009540590821	0.035464968627	-0.000306045145
137837	-0.021321026457	0.037334768939	-0.012278994926
46777	-0.01368812523	0.025510148617	-0.015747336385
354695	-0.011628172757	0.017820678099	-0.017229743949
575555	-0.000469850629	0.008791225037	0.005539246954
568580	-0.01258892499	-0.004656708086	-0.003932216454
592858	0.001205912829	0.009451933694	0.008337284033
286332	-0.007214375542	0.009665845907	-0.013418892171
563800	-0.000585608964	-0.003965024689	-0.002839211727
558119	-0.030631852267	0.033282885709	-0.012536840587
574214	-0.007830312482	0.024980214411	-0.012339364754
329899	-0.007633932493	0.000699031948	-0.008679804893
308887	0.006070980468	0.047617177116	0.008380225037
328963	0.000636637621	0.022413060091	0.002790631002
313351	0.000920330796	0.03065695659	0.002552729414
305369	-0.005056902016	-0.004710659149	-0.006114970622
278521	0.007992546204	0.052155870336	0.013336225584
317794	-0.011010535357	0.024705630037	-0.000582625032
561077	0.01324991574	0.054421325675	0.026218820791
588707	0.002653297384	0.005539828824	0.000385568897
542011	0.013670102988	0.052849534129	0.009948393892
139214	0.009823655723	0.032076465943	0.01095866574
38733	-0.001000777716	0.009752994325	-0.004369395619
101837	-0.010836030409	-0.00054411019	-0.01252655715
348903	0.007617812407	0.031373040088	0.005657786227
361147	0.004886620615	0.01300984522	0.004496875487
323726	0.010005727636	0.042073708933	0.012603363087
549748	-0.00405852215	0.017871532177	-0.000906387895
332808	-0.026120386089	0.050271506801	-0.002062191088
583758	-0.005310791244	0.016400135013	-0.0121635846
347931	-0.018137733769	0.020577929104	-0.020337724401
91725	-0.007311439967	0.052728375187	0.003133565119
305627	-0.02175796902	0.031732311481	-0.016122372092
347310	-0.013443076858	0.012896403941	-0.02080475974
532647	-0.007897547735	-0.010594520603	-0.011179594375
317182	0.006509299204	0.06303656166	0.058025666515
549656	0.016376557308	0.060133041258	0.083588536845
327536	-0.006073661673	0.066050604472	0.03726104033
318540	-0.001230768653	0.04336049416	-0.000239353535
306869	0.002654252526	0.045092050881	0.003557447356
340216	0.00685746648	0.055064458984	0.041025243313
106374	-0.014840812075	0.016929355172	-0.022481067517
338106	-0.014846752237	0.017058345185	-0.01251592116
354365	-0.006074116366	-0.000342942473	-0.007658431378
591206	-0.012139297504	0.05435289668	-0.007775054268
573523	0.001012950245	0.010037057996	2.2873157e-05
107146	-0.00871935208	-0.005874312974	-0.012842355002
3466	-0.003146582628	0.004425824172	-0.003924292774
131943	-0.013520780282	0.017899078718	-0.021361103416
140203	-0.001082412562	0.001698698071	-0.001546060835
351106	-0.017561252422	0.019356318206	-0.026890132067
227597	-0.016323946336	0.015697819484	-0.012004985147
233758	-0.008439169374	0.00131615186	-0.009208033918
138411	-0.01225386443	0.022953976406	-0.021085772062
230203	-0.020672107787	0.021141870862	-0.021480256582
153911	-0.019326957416	0.030660799522	-0.020728002469
569927	-0.015237394238	0.004733835442	-0.013428044684
513373	-0.006615112469	0.003613075706	0.002222187749
247611	-0.016727356638	0.021273514215	-0.014626835715
48463	-0.016205219546	0.016202948296	-0.021923067411
534046	-0.020009868765	0.030629482477	-0.021890113507
228407	-0.026693024984	0.042906210036	-0.01887463327
159246	-0.003352242515	-0.006140182831	-0.003525728395
185981	-0.000844225206	-0.001546039949	-0.000881743681
279660	-0.007500596585	-0.00262770244	-0.001855898165
565556	0.01673321879	-0.011766736386	-0.008776710787
51024	0.018170528703	0.003826739084	0.007750677969
80524	0.002385358746	-0.002348366037	0.002160644819
210194	0.009271561328	0.011011462029	0.000675392083
221509	0.002191221674	0.017285999387	0.008058465066
471225	-0.005996466929	-0.003802639309	-0.001998115513
3112	0.002153045794	0.004601834507	0.002878996495
545082	0.001798277058	0.005996314838	-0.001389841951
308876	-0.00450020038	0.00379367935	-0.00680812597
93641	-0.002205543881	-0.005053669626	-0.002829289338
206639	-0.009590848365	-0.002616049774	-0.001861370066
278296	-0.007466166048	-0.001990320514	-0.004612462765
551186	-0.003318299359	0.000274007942	-0.000277756606
36962	-0.001767056114	-0.003496010303	-0.003122291957
74605	0.0011968029	-0.009630870637	-0.008403923024
111394	-0.018218247941	0.001152983038	0.000502530759
111492	3.5831743e-05	-0.002452183322	-0.004971262731
199024	-0.001629900995	0.000173443063	0.000821655637
258214	-0.002593069227	-0.001521564558	-0.007213672025
108008	-0.001839720831	-0.004911002425	-0.002459819852
105653	-0.003545939633	-0.001525280636	-0.004817830615
178988	-0.000880855609	-0.000296992634	-0.000571558452
81294	-0.002924107901	-0.004473287455	-0.003833943722
209017	9.2338526e-05	0.000740791805	-0.002702805902
56651	-0.002187182284	-0.004874382597	-0.001212868143
279599	-0.005245367039	0.020717187494	0.047718408098
235567	-0.008629597645	0.018421439681	0.025759242898
107995	0.002084402042	0.005106900338	0.002646256951
245604	-0.002459847274	-0.004339521855	-0.002039738301
101942	-0.011975512128	-0.000274763231	0.003220230869
592912	-0.002307309014	0.005426935137	-0.00223247344
514364	0.001704763588	-0.001049574164	0.001307853188
178178	-0.003198304507	-0.004670499569	-0.005073256807
548891	-0.003505982162	-0.007530464172	-0.005351287358
549739	0.007104867012	0.005011404315	0.007861538085
279083	0.003800025324	0.006755807572	0.000780622055
142450	-0.001214598242	-0.002228084702	-0.00105357435
375870	0.00070692954	0.009649888922	-0.001619847085
225695	-0.003323035324	0.010887388525	0.006068098486
239262	-0.003110078147	-0.005233103183	-0.002528147277
234682	-0.006554657428	0.013511302037	-0.016951755979
563954	-0.012676378737	0.025065604114	-0.017993654729
152259	0.012648053392	0.033395365957	0.01445955387
3343	0.007984843631	0.016705406996	0.007090087989
550108	0.006838662774	0.035086063034	0.015738417864
142703	0.007432487457	0.015335512216	0.001222610174
202572	0.010825359992	0.023167105528	0.005017883651
558480	0.001380719818	0.008984526104	0.00445189565
572048	-0.004098303796	-0.010705755404	-0.003698020056
549048	-0.000980357571	-0.009620063418	-4.111694e-05
85509	-0.005396887908	-0.001131151668	-0.005460037688
557211	-0.019401103351	0.046816631763	0.022798795799
533688	-0.00697064263	0.000550145658	-0.010520966823
404788	-0.006410535073	0.001091798819	-0.007719335975
60158	-0.000111787857	-0.005052476929	-0.001343577221
62920	-0.001577999027	0.001610077857	0.001509414265
190926	0.008024879349	0.025858009576	0.009817955424
140593	-0.002988635901	-0.000223548647	-0.004137555206
180764	0.001862993492	0.003821231146	0.003859673087
225363	-0.008346045245	0.00515524215	-0.001720934241
208107	0.00347929855	-0.001570376011	-0.000620877935
328994	-0.012046672365	0.000192034167	-0.001569904051
226346	0.000159973973	0.00111081054	-0.001660105112
343561	-0.005193307673	-0.000387436212	-0.007889951714
516884	-0.007986609762	-0.001063036642	-0.001437314781
143658	0.002397027638	0.00484215713	0.000192810202
58155	-0.006872732092	0.003012911927	0.000878503199
525341	0.002283602705	-0.003487298158	0.003226384853
263681	-0.002140070059	-0.006160159297	0.030762905709
373357	-0.01230943201	-0.003783564014	-0.003928757908
571689	-0.012713753239	0.00263765058	-0.005853393603
578358	0.003398417508	0.00215713494	0.000800606215
537033	-0.001588678376	-0.002836204774	-0.001719220828
537543	-0.005863510945	0.001152517938	-0.000802947569
538983	0.002548532971	-0.01171225501	-0.010165805395
89151	0.003398673158	-0.008453978748	-0.002987254486
562510	0.017607383427	-0.003408234393	-0.002749902045
542202	0.010979343445	-0.007549810052	0.000249264602
556990	-0.011409605428	-0.000896309507	-0.005637967071
115007	0.003768931482	0.002268406714	0.003051303023
147415	0.00264187319	-0.004770247704	-0.007599821843
582668	0.009599097734	-0.010676930533	-0.007115419271
227019	0.004788830422	-0.000121459421	-0.004627184161
591966	0.002421157607	-0.001288179708	8.3285593e-05
89473	-0.008391675318	-0.005264683396	-0.001102172226
49735	-0.009922431201	0.00444161123	0.001141483967
110074	0.002219438768	0.003209374696	0.001214927147
171808	-0.001357758907	-0.002994906351	-0.002597189615
171429	-0.003889278613	-0.006993039216	-0.005089798388
329225	0.001537634356	0.000200012299	-0.000156670291
237892	0.002346568519	-0.002771822945	0.002023718847
142290	0.001026264487	-0.002932537912	0.002287128657
142794	-0.00210791008	-0.005524532617	-0.001790122213
57482	-0.003360891264	-0.003968534671	-0.003448351312
549271	0.002238994472	-0.001922845155	0.000526727651
593648	-0.000415827263	8.1337218e-05	0.000237097121
550768	0.001173460034	-0.002796065182	-0.002572851188
343001	0.001045882375	-0.001048388212	0.000838435245
155145	-0.001868734814	-0.002781986046	-0.003443790698
156514	-0.00141536412	0.000604256213	-0.000125538523
160940	-0.001528927062	-0.003326733668	-0.003384788289
175886	-0.002570434342	0.004277453639	-0.003503198692
545844	-0.000460937998	0.000584689675	0.000171461076
11247	-0.002039547443	-0.004266889527	-0.004292713612
241170	-0.008821347638	-0.007430971257	-0.006501022917
484430	-0.003996241062	-0.000810048083	-0.007432057083
246715	-0.009269256342	0.00098223772	0.006266385112
386273	-0.000949260561	-0.002095513564	0.003183840047
162077	-0.014244960103	0.010172347943	0.008384975584
279090	-0.003183435262	0.000106019129	-0.003952470274
567703	-0.003798779628	0.004591226609	-0.003757330545
571505	-0.000593910794	-0.004865634414	-0.001816380593
561979	0.001839691398	-0.002426841529	0.001794363016
550922	-0.013124012547	-0.003713035388	0.000839484545
570826	-0.011370518659	-0.004217025599	-0.002484437797
558597	-0.001444891767	-0.001225677149	0.001300987285
163978	-0.014371841239	-0.003711001976	-0.003260792331
11286	-0.000701998822	0.000123830694	0.000108016465
594030	-0.002132763921	-0.004703197727	0.008966755343
214563	0.001274682953	-0.001209747083	0.000341612438
6678	-0.002993465541	-0.004174329321	-0.005281430515
150145	0.012000127546	0.017359138181	0.011790481864
64876	-0.004525820345	-0.003694262759	-0.000743763684
558915	0.001770343192	0.017772722333	0.005955340604
546434	-0.005765440032	0.010226849298	0.003023792339
97708	-0.009492269971	-0.004026130308	-0.00327955209
563047	-0.008649911558	-0.004274994892	-0.008631197163
236325	0.006527922865	-0.008259076104	-0.003294985501
105265	-0.008883425526	-0.004753968481	-0.004254323148
310487	-0.006476258262	0.016998059422	0.008610368497
64874	-0.007832292064	0.004310853462	0.000943801619
499198	-0.008860847664	-0.001435037696	-0.001801467213
235852	-0.000798478644	0.001106688792	0.001989963582
225714	-0.004174887889	-0.007665467217	-0.00234407176
570888	0.042666940041	0.008287313142	0.010682246819
170130	0.004909458399	0.009610087819	0.003666780327
114595	0.00806073826	-0.009587186918	-0.010646212244
132318	0.007541731939	-0.005853525803	-0.005576014122
150508	0.02769726911	-0.013393973152	-0.000991510695
111824	0.024699003105	-0.010294929183	0.000481783359
106372	-0.011354598551	0.006171761335	-0.000725620104
7223	0.01924880945	-0.010797904577	-0.009828635387
108849	0.003816614465	-0.012665602351	-0.007406624027
257466	-0.004606669182	0.002465188731	-0.002179872626
547752	0.002545262194	-0.008887417105	-0.007356387254
243500	-0.00583964739	-0.004849542446	-0.000544159008
193311	0.014215326629	-0.013092694099	-0.012258647034
591509	-0.004189876875	-0.010516185058	-0.006522319978
108843	-0.006630012632	-0.006360920713	-0.004014425338
108844	0.015849900466	-0.008914598802	-0.000109201203
166835	0.028954738017	-0.017202417628	0.000139240346
158930	0.001184309178	-0.002131892584	0.001972485652
139689	0.005643339334	-0.01067233133	-0.007951827086
144381	0.025397183755	-0.014889353493	0.001772071515
33919	0.012447284016	-0.01006742728	-0.001905711536
236156	0.002825990265	-0.002172927527	-0.001498500274
259826	-0.005709017701	-0.000757531295	-0.001080171687
94022	0.004382999355	-0.009552486307	-0.003106060723
238272	-0.007363546823	0.004434869493	0.002714862542
367189	0.006389587254	-0.007373746366	-0.009844563841
172207	-0.000250072329	-0.006612149128	-0.003415606579
139065	-0.012196244582	-0.011020243025	-0.007081781833
287984	-0.00479108257	-0.003029557417	-0.002628674618
7185	-0.005541376484	0.017013156253	0.005489377476
255307	-0.006855203772	0.015236916281	0.001274771671
583804	0.003274595861	-0.00086904799	0.001599537788
319986	-0.00737711754	0.003949901557	0.000137207247
259583	-0.010104490981	0.002868961956	-0.007948005122
324381	0.001438914632	0.008301203154	-0.025151525937
250119	0.007192889346	0.006406102739	0.007151696235
237924	0.002407178884	0.005130207176	0.001345755185
156814	-0.000462376988	-0.010393168116	-0.002138726594
509038	-0.004965352746	-0.007653069899	-0.005277963006
22530	0.000467211448	-0.005481121129	-0.003109591373
511916	0.023562859964	0.02734956267	0.015431424343
581579	0.004298061315	0.008288671391	0.005310959905
361480	-0.017440473324	-0.024535314396	0.055316545251
165322	-0.001338884489	-0.002788135411	0.005697313077
547221	-0.011015095675	-0.003442270738	-0.007638389273
213255	-0.015750863265	-0.002557632705	-0.010958146753
562244	-0.007923156147	0.000178846129	-0.000593062672
179261	-0.00690964802	-0.00402798322	-0.000677326995
111135	-0.009389154021	-0.008781454727	-0.002468839292
295422	0.006276743212	-0.004474112831	0.001686355774
589923	-0.00588663069	0.009778635368	0.002252200149
445073	0.003881283947	-0.012385631002	-0.006185325813
207344	0.006129525708	0.005249026646	0.003468619714
43158	0.02232185896	0.007444594163	-0.000390621287
220795	0.007067071095	0.004886174153	0.00044847538
226599	0.021370429444	0.007887985303	-0.005427218562
95883	-0.00880074364	0.02083092397	0.003600434733
309818	-0.001674757004	0.002694022834	-0.001363706977
149330	-0.008733644628	-0.002064084644	-0.006276236037
6877	-0.005445216934	0.002413727416	-0.000217935537
346019	-0.00322449695	-0.00286802975	-0.001004625831
341757	-0.015133229901	0.000471626356	-0.00065565025
228195	-0.005449032795	0.001665224456	-0.000608880374
584565	-0.003019873703	-0.003076476249	-0.001354754839
562181	-0.004639026438	0.000118727795	-0.000938906287
26755	-0.006805891168	0.003349654449	-0.000378904639
547828	-0.0154501575	-0.002386644709	-0.004431870584
272042	-0.016190171678	0.007186338476	0.003375755089
38016	-0.001135472428	-0.003804433942	-0.001157147383
238343	-0.001743411363	-0.003445563072	-0.001215517719
583154	0.002928079039	-0.004989583606	-0.002016504422
228077	0.017957173726	0.03856859634	0.017886950444
536916	0.005366247816	0.00346344234	0.005276474256
551154	6.9365517e-05	-0.00414021093	-9.7846582e-05
155812	-0.003316958281	0.002377169964	0.001193747839
589010	0.001539294742	0.005551181354	0.008584803945
6370	0.013413078676	0.008966306567	0.008812691647
519627	0.004111061675	0.020981422129	0.008943588659
148066	-0.017282716341	-0.00383962093	-0.005378025169
360483	-0.000461660532	-0.000560374503	5.9388208e-05
356874	0.001972366258	-0.004207455752	0.003263230611
540352	-0.016003867902	0.007432149351	0.006268027027
42684	-0.001712446421	-0.000351760763	0.000764021341
73021	-0.021957565972	-0.004392743886	-0.004249882189
470243	-0.011395789316	-0.002815451627	-0.002946158523
47990	-0.000309515863	-0.008737787108	0.000335423049
63985	-0.001654640339	0.001141709879	0.000680944024
470724	-0.002450546213	-0.006455421401	-0.001197846793
225407	-0.000753903317	0.000268719024	0.000351979309
221384	-0.014005392302	0.001403124772	-0.009371243234
360229	-0.016793286641	0.015611492175	0.03484621259
6402	-0.001221177513	0.000679131802	0.001168350807
105593	-0.000614375689	6.7930009e-05	0.00034094527
56599	-0.004569024296	-0.000506655193	0.000745299499
72999	-0.000532702635	-1.05766e-07	0.000150690394
536311	-0.014192648832	0.013090080405	0.025598664672
92601	0.002203421073	-0.002358625871	0.002036307812
125235	-0.016515445605	-0.001046094666	-0.004764638745
92167	-0.004949690729	-0.000807513974	-0.003237796362
22981	-0.005162455673	-0.007955437705	-0.004986324824
104026	-0.000249045055	-0.004809343425	-0.005459419496
589124	-0.002021889639	-0.004661874478	-0.002884807544
104316	0.000305053349	0.000453512314	0.000295008463
144420	-0.008585460495	-0.006904197757	-0.005099112648
302050	-0.003823230347	-0.006360414809	-0.003628072296
87861	-0.007534011181	0.00403459666	0.000605694752
151797	-0.004638588853	-0.008005230764	-0.004471094365
204179	-0.017813579809	-0.000869665034	-0.003877894854
240452	0.019749967657	0.010056585585	0.010876881274
200807	-0.011346974829	-0.000604840638	-0.002208433994
41200	0.013052481876	0.008435254908	0.001213595177
593511	-0.011791620452	0.004816143527	0.000892606994
224900	0.029208977507	0.016321945837	0.008913868561
194191	-0.008826021449	-0.002057781138	-0.001986320701
101392	-0.016436352337	0.001468648036	-0.001410021264
234053	0.000614657327	0.011235437842	0.003688090594
578293	-0.01087836751	-0.005201731782	-0.005008589217
576056	-0.004637736314	-0.000321783463	-0.001163990825
164635	-0.000457620985	-0.000865611608	-0.000580663501
114209	-0.01358906732	0.001217210821	-0.002703936315
150739	0.001759352324	0.003129785621	0.005546635767
509397	-0.006505568133	-0.004266390384	-0.003743670292
224259	0.008952162908	0.020205107285	0.010759966898
250010	0.032982538245	0.000143803395	0.003513980818
583255	0.024972267526	0.009948686238	0.012515604386
277681	0.012657871555	0.012528011038	-0.0027128197
279065	-0.011481353096	0.001373717101	0.000640244443
551424	0.044542567345	0.02014495261	0.026688929166
220011	-0.016374357085	0.002319685162	-0.002241384443
218017	0.010751682205	-0.008307955422	-0.00780955386
215229	0.003499330796	0.002743742212	-0.003529154145
222729	0.038731756641	0.0073818501	0.013029505701
285572	0.001807016295	0.018119515287	0.007214076664
225073	0.000947189462	-0.0027201296	-0.001130843694
226979	0.011968296328	-0.004924673528	-0.002297293594
222745	0.008223107165	-0.007155806567	-0.009457768828
209903	0.011146881844	0.001876217166	0.002463790734
583850	-0.005300266657	-0.000410340308	-0.001704298994
267229	0.00876992006	-0.007471343214	-0.001107702978
210313	0.000346404515	-0.003163323553	-0.005369656414
247235	0.011288750535	-0.008841311687	-0.003783042134
252485	0.016836207673	-0.008543726829	-0.010449232506
541147	0.018372133513	0.006541949585	0.001876648968
205945	-0.004301764741	0.00102739757	0.000798790668
101437	0.005301653209	-0.013423036257	-0.007072959143
311995	-0.001186092189	0.000600433023	3.9483141e-05
593905	0.031145901324	0.014647377016	0.003764034831
219174	0.030343080487	0.015591247217	0.010966611101
281246	0.022276631497	0.00947645408	0.006911859792
579023	0.024439445442	0.01633335731	0.014751729108
279993	0.028353356886	0.03336892279	0.014592499308
336201	0.011070683988	-0.003544847695	0.000323153302
514085	-0.003768859516	-0.00674150912	-0.004367487726
563745	0.004305698584	0.024906358141	0.007113357453
168042	0.025943578645	0.028866997698	0.014350760152
136641	0.014224458212	-0.012965276831	-0.004515883897
328181	0.016970088682	-0.001337496031	-0.008813904731
165384	0.032526325894	0.033778256288	0.026146093034
238426	0.002780006855	-0.011634158829	-0.005918100239
235519	0.021592065874	0.013396443345	0.003090346605
212958	0.00129566836	0.002617461833	-0.002224207019
584504	0.011781116197	-0.000817100138	-0.002191522111
589570	-0.008133498801	0.004872269972	-0.002209902299
513965	-0.010578558267	-0.00129414441	-0.002403761349
560895	-0.004847295063	0.002841032989	-2.271217e-06
219106	-0.00695288195	-0.000653279786	-0.001612007503
113247	0.006116989218	-0.001677118725	-0.007429829121
151439	0.008835444879	-0.006045238353	-0.000329799705
223219	0.009304205576	-0.003561900436	-0.000817844686
222302	0.004985676429	-0.001069967479	-0.004008104544
227269	-0.007977736156	-0.009849723537	-0.007219721423
36067	0.000206885943	-0.008284421124	-0.004579070325
104916	0.002109479509	-0.000489682542	4.0414514e-05
387042	-0.007368838749	0.003311418886	0.000560191439
256223	0.020682735476	-0.010378621778	-0.000358052173
352281	0.014240836803	0.005190781208	0.002213848102
224647	0.008655209329	0.003684455395	0.003831364752
206488	0.000971137421	-0.000142796155	-0.000347211772
221665	0.004893469318	0.019153155872	0.000467400007
21765	-0.001803579554	-0.003289276449	-0.002346428695
253948	0.007397850437	-0.005374502328	-0.004625724804
142009	0.000847430941	0.008157932745	0.006395294399
110294	-0.007544874696	3.8047188e-05	-0.002535696582
157311	0.024025424341	0.011173551136	0.005119325724
175927	-0.011270956625	0.003181886228	-0.000380227294
177340	0.001068452067	-0.004336027825	0.000553821368
264040	0.003888838752	0.019801234091	0.006372063305
580735	0.000953207846	0.001848912507	0.000768877839
104886	-0.003355262494	0.002693184607	0.005684854462
125742	0.003675939151	-0.002902172643	-0.001905156174
105146	0.000912371913	0.000816759255	-0.001531472424
520724	-0.01196055454	-0.000305381386	-0.004250225357
104555	0.014039937671	0.030489981065	0.01291467189
114612	0.013818474559	0.05052012334	0.025511919401
537948	0.004651195803	0.003468803654	0.004669695779
105727	0.005775041061	0.019422586553	0.010474915495
107115	0.00199018741	-0.009338970318	0.001337765064
250544	0.007479208165	0.049237749777	0.012095903932
202563	0.003328152794	0.016489195187	0.005514991829
306546	-0.001819536552	0.013967321008	0.006650720833
529406	-0.001418456707	-0.005334490415	-0.012444830837
156646	-0.00039625029	-0.009390224993	-0.007027330213
108436	-0.003758460541	-0.010566880571	-0.001566238423
219027	0.001985222197	0.003136860544	0.00200884783
99150	-0.001919614476	0.047305995604	0.000409816354
242585	-0.007071374422	0.023021454453	-0.015123721952
101544	-0.002636746041	-0.003741179913	-0.002542471512
354554	-0.005176222925	0.032271526939	-0.005314599388
107387	-0.024744316965	0.04484497371	-0.003683427273
306270	-0.001756131042	0.022898727764	0.007707480019
264560	-0.009707305808	-0.000373523766	-0.00602433089
137279	0.008195197198	0.024899241017	0.008406666717
240233	0.001904359936	0.004432734842	0.000152155307
74988	-0.012319254982	0.004171288578	-0.010778710701
168285	0.017399998744	0.017781932542	0.006943584836
553029	-0.006617693288	0.004365137518	0.003133836642
257017	-0.008602763812	-0.000209864641	-0.001023415306
551992	0.001222765516	0.010030618382	-0.001595761688
184153	-0.012698942844	-0.004026022685	-0.003201214201
158398	-0.008154538154	-0.007562180808	-0.000818054299
265614	-0.006686589946	-0.002005932752	-0.002599295832
592669	0.011800104713	0.0200406104	0.012712623213
69916	-0.010122567966	0.003607653887	-0.000468701736
6540	0.001510555344	-0.012481562396	-0.004015179047
17356	-0.00665899561	0.004595455269	-0.002955797917
69852	-0.005212454016	0.002944659274	0.000544243111
29792	-0.004636224778	-0.004512178832	-0.003009670142
141903	-0.000499662416	-0.002915453149	0.004187786782
145637	-0.006702281759	-0.001889053697	-0.00893909925
137480	0.011819232653	0.024351818825	0.010109184897
520149	0.000487787427	0.000872849465	0.00027806397
546063	0.002741465473	0.004226682733	0.001922144209
576649	-0.006714921642	0.004839877678	0.003972374705
562874	-0.006923988961	0.006306303749	0.002006029938
198458	-0.002655827733	0.006646737078	-0.002433921705
540849	-0.007657822683	0.002279420265	-0.001254100734
528137	0.001533745633	0.011627714939	0.008320733718
307219	-0.010507060387	-0.000633749219	-0.001909043049
143501	-0.011523926849	0.003156125928	-0.000116062955
535045	-0.011092550572	-0.004051656836	-0.005199790176
336794	-0.008880593591	-0.00024088269	-0.000828076484
228919	1.2861333e-05	-0.004910540969	-0.003665889219
534649	-0.010248518436	0.001978254194	-0.004320036494
141618	0.02052076837	0.024893913879	0.008058617587
336177	0.004063556287	0.006437148863	0.004043833549
553899	0.005289409562	0.020807172884	0.008319800097
178053	-0.005626930676	4.4228072e-05	0.000746178866
98919	-0.010718889734	-0.000768262917	-0.001113578495
344070	-0.001566055414	-0.003827561852	-0.002419975623
245670	0.010361318106	0.031937583351	0.018168703219
234236	0.000967659361	0.008877133222	0.00670691533
341843	-0.008353273214	0.000730377428	0.000280056014
339910	-0.007687903504	-0.004491944945	-0.007023106913
571272	-0.015430106505	0.002775706778	-0.003936447445
104211	-0.005125921386	0.007779166037	0.001690825272
579184	-0.006856325552	-0.005472527054	-0.000388361033
556474	0.016101965205	0.003680540104	-0.000338823923
220761	0.005988611295	-0.001556139476	0.000360156236
207373	-0.001762859095	0.001942220869	-0.002165163662
245525	-0.005874116617	0.014843603009	-3.5482298e-05
100201	0.014993238503	0.007516334414	-0.001861456192
265840	0.003154569091	-0.001330052301	-0.006562468616
106107	-0.01078959139	-0.001217460722	-0.001948069597
155215	0.014644238779	0.003967957936	0.006951264452
239439	-0.008151415262	0.017464482141	0.008524042474
106498	-2.690711e-06	-0.003386314844	-0.000391502211
137170	0.005789474268	0.022811560636	0.008343666633
107184	-0.010845919005	0.003466425333	-0.000888297662
536858	-0.002886870178	-0.005400473678	-0.004101525297
200507	-0.001772667159	0.012570940203	0.005646843024
108155	0.00445929426	-0.001011515814	0.00203465995
6533	-0.003264469582	-0.006284534951	-0.00451217441
43046	0.006334935434	0.016679142721	0.009074405
235493	-0.002538292777	-0.004741331619	-0.006598723147
100071	-0.003660061431	-0.00829751128	-0.00590763876
323221	0.002908222192	0.023983545441	0.007696255285
551631	-0.000307648751	0.004272403019	0.005436103033
156758	-0.00806195936	-0.007880182854	-0.003274198901
6749	0.007109271043	0.017589123286	0.010748593137
163176	0.009095154889	0.005034942565	-0.000499844727
567753	0.014993193642	0.020644527814	0.012373678873
169725	-0.005716764079	-0.005499881487	-0.003072558684
190625	-0.008345520478	-0.002066034716	-0.006272762696
333442	-0.009872499594	0.006425874758	-0.000855211889
277656	-0.009912029451	0.00050934279	-0.00426644897
77638	-0.00853951598	-0.001356128271	-0.00327915144
147910	0.003164924779	0.017956816965	0.005566167058
356823	0.013539476321	0.015809493069	0.008979525036
170831	-0.005860681169	0.000215313118	0.000264346688
168182	-0.011859417559	0.0048467681	0.001151514668
240971	-0.011818020824	-0.007115629482	-0.006536379899
74235	0.001149569851	0.00104742829	-0.002803800508
149145	0.009424753102	0.010131952036	0.001750611135
143561	0.013877262835	0.002142743895	2.360044e-06
6792	-0.002709778657	-0.006254281273	-0.007358614349
357120	-0.010053508917	0.008453353969	0.000388942776
537047	-0.013340712243	-0.00257885549	-0.004844342596
6783	0.003851031575	0.014955817728	0.011539405058
263842	-0.002911029472	-0.004935853937	-0.003132624666
274033	-0.0069438861	-0.00530360126	-0.003226984844
586984	0.015228832431	0.011673831922	0.013563803225
265716	0.011781640593	0.012276314347	-0.000154440912
234901	0.004306203233	0.016065824984	0.00351683145
6750	-0.007108285299	0.005787099094	0.003729647986
6799	-0.003015159007	-0.005868154647	-0.004263639229
147135	0.002620088474	-0.003909074176	0.001638172847
367951	-0.001707733804	-0.006908043876	2.5223549e-05
165690	-0.012938622125	0.000523753728	-0.00073930647
80896	0.001387740629	0.00607031797	0.005255234367
142103	0.004707176143	0.001081809768	0.005179484961
107623	0.010722096156	0.036674882297	0.015970049204
120677	-0.003907319868	-0.001017323227	0.004436738079
236679	-0.005094392771	-0.009679315461	-0.004417325541
576785	-0.011407586494	-0.004964389041	-0.004650418702
6692	-0.004321789076	0.001673554139	-0.004232342716
140458	0.0118203638	0.021577419933	0.016232225621
104408	0.000787193699	-0.000389214828	-0.000438908863
540537	-0.004302561224	0.004290378149	-0.005321041044
555922	-0.006995813341	-0.003633681732	-0.002719197009
106422	-0.002769806399	-0.00377346416	-0.002837377603
69212	-0.003630000443	-0.006746775313	-0.004856548598
131456	0.0008623034	-0.00507082114	-0.000270411174
576674	0.012090236958	0.01523374111	0.012160826658
161279	-0.000714946824	-7.3668632e-05	0.001674444244
30390	0.003709168518	0.009648400613	0.008060576632
203562	-0.010527560524	-0.001401529727	-0.002114615358
144181	0.010235166824	0.011956937068	0.005298986448
551430	0.005035417659	0.007974927434	0.004795090164
153255	0.012249619576	0.017891997914	0.0083663918
140097	-0.000418847117	-0.006019451793	0.002584155325
570372	0.000976455343	-0.004969131258	0.001095882481
513084	-0.00949098662	-0.004689471705	-0.004684155791
511268	-0.010007607454	-0.008156254197	-0.007272071171
525767	-0.001703872602	-0.000756225389	-0.001060243423
242252	-0.001343844411	0.009620539978	-0.007469827153
6725	-0.0062484368	-0.001848023831	0.000871136608
230074	-0.001314169307	0.017753630409	0.007196930578
42580	0.0028056337	0.019516143305	0.007947128917
6721	-0.006270902396	-0.001409918775	0.000345243205
134476	-0.00229050847	-0.008981022667	-0.00388035328
114676	-0.005157140395	-0.00766222214	-0.004389991013
6713	-0.006161459354	0.015344726439	-0.002743463805
151035	-0.004316083969	-0.006049389796	-0.003166590428
208069	-0.002477873394	-0.004366582319	-0.002314553986
6673	-0.007105702437	-0.001890479654	-0.002164617026
139914	-0.006376985001	0.006584776953	0.002849813005
278532	0.00725772151	0.012480423461	0.004702906694
261745	-0.001749165875	-0.004131228094	-0.003459702038
252984	0.005024812056	0.003763602163	0.003820515396
102864	-0.000414675514	-0.005349177292	-0.002237365199
276290	0.022063510632	-0.001374777323	-0.003131611355
142298	0.026784537795	-0.003345905224	-0.000309876107
404251	-0.007774671406	0.003697441501	0.000637821541
187854	0.016175883585	-0.004229278719	-0.002238675604
243583	-0.001417025522	-0.003535568934	-0.002748454086
510574	-0.001725344335	-0.003565757877	-0.002957816265
536176	-0.002591100907	-0.000824030915	-0.000684404071
567333	-0.001849791742	0.000706990874	0.000245687548
205571	0.041167219152	0.005956257437	0.010766663609
204943	0.025581512187	0.023320863403	0.013250977584
222917	-0.003192386176	0.012857170222	0.000604482304
243674	-0.003963037723	0.002260048604	-0.000533494994
257753	-0.003752393986	-0.002965781969	-0.004993144617
356045	-0.003246525719	-0.000122969239	0.002060740912
216696	0.014925261909	-0.00950276046	-0.007513821154
218239	0.008776356455	-0.007715628632	-0.009480230177
557280	0.02276534721	-0.007479500069	-0.011315123681
537138	0.016363908558	-0.018439148424	-0.018326630993
148449	0.024740847345	-0.004612291591	0.004926783322
188905	0.01962146864	-0.011886985322	-0.013564416699
240278	-0.00508176284	-0.003934297537	-0.000801639193
156101	0.02786270195	-0.002405939423	-0.001903271268
310913	0.006326641405	-0.00250542646	-0.00313823442
576127	0.017394827732	-0.014416735929	-0.010749736152
159590	-0.003661898085	-0.004611760313	-0.005928387785
508906	0.011984911488	-0.017872872255	-0.002795924524
217902	-0.009602168635	-0.002670058807	-0.003995466385
342642	-0.017622123698	0.000139255574	-4.738709e-06
254959	6.9765352e-05	0.01107101307	0.005703187592
232481	-0.005398725219	-0.004337503329	-0.00670783466
117907	-0.019921689098	0.033654535078	-0.016093377043
552579	-0.000695753451	0.000347978326	-0.002740680435
256389	0.000448204623	-0.010710174674	-0.008584792265
579423	0.001349058446	-0.00054775477	-0.000126857033
214210	0.009640128464	0.0405145411	0.0161029171
106644	-0.010616681657	0.001813552169	-0.002093831633
325942	0.000249172074	0.013635361189	0.00433954416
556231	-0.009069364668	-0.007904353224	-0.004753563457
564412	-0.009191267219	-0.006975330607	-0.000520418921
573582	0.015092819419	0.028633516284	0.01241324615
233959	0.014126545016	0.007182460502	0.001281526277
512321	-0.00560543078	-0.004269301273	-0.002721108691
253630	0.004279472146	0.001286504115	0.000927680965
102883	7.5484767e-05	-0.006133323155	-0.002790339381
541068	-0.002493998611	-0.008897954576	-0.004635747655
159597	-0.000438005905	-0.003327118911	-0.003042019931
225930	0.012118570863	-0.01072123695	-0.009303453253
572311	0.003796633573	-0.007940832749	-0.002846054222
253509	0.01117273131	-0.004198776367	-0.004207658428
249736	0.004351186016	-0.01026785377	-0.009306268469
551139	0.015533710734	-0.008001825871	-0.00511708251
333958	0.006981785241	-0.004052253857	-0.001312237038
534686	0.014717862655	-0.011478074788	-0.006682458284
242049	0.008093028502	-0.007128579559	-0.010331276588
361100	0.021765802878	-0.014757940924	-0.011277206442
533848	0.015242595384	-0.017667707266	-0.010802904576
214749	0.018792404509	-0.016962251506	-0.009544427648
546756	0.006070142974	-0.005072097603	-0.003495393766
557496	0.003287122838	-0.009073239483	-0.005109226923
394416	0.017689140676	-0.008976177993	0.001264158424
169002	0.014930420069	-0.004958989764	-0.008307483071
352105	-0.001901489934	-0.005601694154	-0.001278302477
568985	-0.009116894385	-0.001440189407	-0.001171897547
342018	-0.004011047382	0.001731151044	0.000471498026
557255	0.001766507568	0.003057163884	0.003876559687
555446	0.005300937223	-0.006481523401	-0.003436396016
86386	0.003225675077	-0.011473970175	-0.008600920656
419579	0.001845607094	0.003281327495	0.001844964626
136009	0.016551689514	0.012580397586	0.007633699228
242598	0.010352796428	0.016676339963	-0.000406288757
562528	-0.000993575066	0.009389311878	0.005161284713
138944	0.001265375004	0.002324388943	-0.00037137805
6772	0.026940057326	0.012177722044	0.01184696489
245116	0.006528561129	0.00380490773	0.00068117198
145681	-0.006458821188	-0.00234521724	-0.005650791984
583038	-0.016496681405	-0.00154410906	-0.003802397017
569792	-0.003708399573	-0.000131058764	0.001884429443
539260	0.000727637644	0.018332179311	0.007250412998
109305	-0.007246250778	0.004180961783	0.000730743401
509637	-0.002665160228	0.0122198805	0.003264610863
562018	-0.002574373311	-0.002631200393	-0.002322327774
114743	-0.004320351964	-0.000666327954	-0.002947436931
583720	-0.013350163822	0.004056448423	-0.000625643908
110861	-0.005158573006	-0.002286306864	-0.002255489353
559929	-0.011237526171	0.000812183457	-0.004692413501
99071	-0.005400790351	-0.007518244749	-0.006225901397
529615	-0.006516489737	0.01178961117	0.000815581914
551467	0.004433110601	-0.007742716155	-0.002322392012
255137	-0.003827941218	1.6113634e-05	-0.002928396585
157564	0.016782292132	-1.6636769e-05	-0.00049378206
224948	0.013111067179	0.001650063946	0.005058390475
533198	-0.002413977007	0.005685452026	0.003082555494
591499	0.008911728454	-0.001174885808	-0.001423508905
202850	-0.008749414993	-0.00206495207	-0.002976391012
470759	-0.00466590422	-0.008340958405	-0.013362743715
181996	0.005150549662	0.023682593733	0.00705016037
278562	0.001841126982	0.00537471733	0.001129090497
94238	-0.005996475478	-0.004149307109	-0.003724835563
313946	-0.012577146642	-0.00534278078	-0.003437657685
277795	-0.001388185833	-0.006924240728	-0.004854536087
235428	-0.0107751293	-0.003278880214	-0.002989203556
110953	-0.010638726531	0.000239464173	-0.0012461338
105192	-0.004390589154	-0.003993726651	-0.003017160895
144767	-0.001977872934	0.00211941566	-0.002332435118
251263	0.033341916613	0.018887140946	0.015989957728
587586	0.00748238673	0.015303606177	0.005665725168
546154	-0.003476106497	-0.004873642395	-0.003625424555
586230	-0.006083282424	0.002221056321	0.000141156774
303815	0.005316021473	-0.000415528696	-0.005803476847
532409	-0.010990969907	-0.004682969599	-0.008043664642
329302	-0.011420289801	-0.007810711201	-0.006874980307
139019	-0.005612853573	-0.001147222383	-0.002914312233
32294	-0.011652924729	-0.007548529524	-0.006155880751
171310	-0.007555279911	-0.009015354872	-0.003762413207
202769	0.000203480512	0.008513789145	-0.00207160138
7288	0.015189273634	-0.004393452002	-0.00209880055
341548	-0.001047771173	0.000641793027	5.7947293e-05
563357	0.009414829291	0.019154432754	0.00466168249
526573	-0.00565303581	0.002365195444	0.00055295664
247545	-0.008789922759	-0.011881884256	-0.003493513453
537594	-0.006909254342	0.000908045142	-0.008064852102
570154	-0.015827942113	0.002084675135	-0.003097812504
230108	0.013676820435	-0.010984738936	-0.00495218016
259460	5.5264753e-05	-0.009119658007	-0.008892578568
60344	0.014156411137	-0.019514825268	-0.012216606025
110675	0.01525742204	-0.02062810598	-0.003343685151
236550	0.010504024841	-0.01646680838	-0.007769379139
235543	-0.006473373477	0.003213831377	0.000641971945
162184	0.00542663693	-0.007154445777	-0.004296803418
7316	-0.005333962359	-0.001526323593	-0.00453167696
88301	-0.005771734618	-0.003886867716	-0.001362467945
571521	0.016976666044	-0.017553528993	-0.011712964951
102382	0.020811889354	-0.010731205222	-0.003966214207
551576	-0.009599266324	-0.000996306945	-0.002357252619
155597	0.007226534999	-0.011335564996	-0.005286421154
327622	4.3121909e-05	-0.000921036779	-0.0009539592
322045	-0.001473083205	-0.012752621288	-0.004066075293
286535	0.012062645123	-0.009798602006	-0.007510644917
141833	-0.011522325209	0.006491306799	0.000686673665
358564	0.014962491351	-0.010508172764	-0.003473033655
313175	0.018746935489	-0.020661502401	0.0027305564
239263	-0.008705312703	-0.001368792553	-0.002635780035
278496	0.016215733743	-0.0091823242	-0.004019364482
166064	-0.001943423902	0.000264576908	-0.000715511503
81997	-0.005077320055	0.004077090387	-0.002115556248
140398	-0.005335257357	-0.002180732125	-0.004462551866
225949	0.027538521015	-0.009925353517	-0.00289828055
325947	0.003289529409	0.004025974727	0.003900741809
133568	0.008250143823	0.00886175007	0.006186737307
97447	0.000441236773	0.001871671552	-0.002320631734
536196	-0.01626780757	-0.002660057836	-0.004315270178
67839	0.004134242396	0.007478600879	0.006703877413
287241	-0.003990799936	-0.006616427386	-0.007970095223
170509	0.007807497493	-0.003276545866	-0.001715983987
323686	-0.006293407306	0.003224701629	-0.00458354555
570301	-0.00227880273	-0.004813049674	-0.002683943696
263630	-0.000868466912	-0.001440488709	-0.001732922301
242288	0.000705522265	0.023353785271	0.010434006832
324539	0.004738602698	0.021174697823	0.009609176701
348675	-0.019258989138	-0.000714224813	-0.004484930738
354510	0.007866514242	0.011892257073	-0.003594105469
339951	-0.012341173124	0.006585322055	-0.008464540102
7396	0.002224874715	0.006922833959	-0.011907621377
293752	-0.007145531975	-0.004020716765	-0.003186387036
73191	0.015320456723	0.039969450769	0.003918250093
33253	0.005652220655	0.030245202684	0.007558530885
100095	-0.008788234025	0.007606210625	0.002667580757
111660	-0.011091679575	-0.006725114423	-0.003939364386
293030	-0.016574849554	0.004000100003	-0.003841646649
349239	-0.020410912376	0.006499609282	-0.010256281039
243860	-0.006474132179	0.000316108904	-0.011063089344
191875	-0.001099491584	-0.002991350809	-0.002639971588
191848	-0.016621528605	-0.001526426801	-0.004511926277
545465	0.003865074467	0.004826451951	0.001437681939
320002	0.013953804486	0.021429037584	0.004071756989
576928	-0.001503545028	0.017793809285	0.005019703172
306159	0.018953323838	0.025706909861	0.01105526177
170339	0.030937393407	-0.008661368137	0.002055884696
561367	-0.014965608604	-0.006751460081	-0.007142625401
513449	-0.015809125047	-0.002622297928	-0.002772796055
173960	-0.010372945319	-0.000645751027	-0.005131035684
574956	0.017543436938	0.018401844269	0.011395228852
107152	-0.004914202616	0.005686638161	0.002841792958
310843	-0.005790700842	-0.00507955939	-0.004277358926
97627	0.030774604646	-0.003356416743	0.001317271542
176635	-0.015619226424	-0.003056739606	-0.00336216273
64871	0.014619039871	0.019815993314	0.010333678912
155949	0.025486284536	0.001183102002	-0.003785891967
7037	-0.001731880455	-0.007099169582	-0.001660525658
374294	0.015047667961	0.001970775971	0.0008288881
593598	0.028337182997	0.004400200584	0.007135716049
237073	0.022033273041	0.001262329624	-0.007110725453
241338	-0.004787003199	-0.010133299472	-0.006278380722
245117	-0.007796902359	0.003754949622	-0.000106680335
7088	-0.001629457762	-0.009737911755	-0.006465944109
270402	-0.000628443583	-0.00567628565	-0.00229617154
45919	-0.008343173854	-0.004839558461	-0.003596251303
119723	0.010333920416	0.01799499245	0.013105320564
422910	0.000649533108	0.01015431337	-0.000261334812
37583	-0.009826089734	-0.002707440728	-0.005848136943
224686	-0.003835880987	-0.003302785759	-0.002262442302
142675	-0.00336946704	0.001261759035	-0.00018472818
39467	-0.00429978267	-0.005879807794	-0.003719023733
328795	0.000658415467	0.003608638122	0.004662513751
141709	0.012764406974	0.04500758721	0.032786658504
327583	0.000453540689	0.018166133934	0.011518087827
74685	0.029656235224	0.013174203802	0.008601818673
64550	0.02577154593	0.021501665247	0.013938255615
592118	0.019872963229	0.012224816092	0.008992445522
575562	-0.011709685804	-0.001691111346	-0.003161879881
83899	0.00068738007	0.002034987305	0.002617775604
315987	-0.005942906797	-0.003474889642	-0.003343351845
89333	-0.00397086552	-0.006145908393	-0.00390059704
391129	-0.001126922084	-0.000217887006	-0.001287231325
521030	-0.001355949863	-0.001563213268	-0.00056827768
546335	-0.014510190658	0.007936090428	0.001500672481
547824	-0.021777657171	-0.004025082022	-0.006264892204
6939	-0.006304587232	-0.014791589116	-0.00141308055
6925	-0.009812461905	-0.001885551666	-0.003428902862
579731	0.002341059493	-9.3590146e-05	0.000133159709
576010	-0.014038886176	-0.004424991956	-0.005984817925
6936	-0.004912472498	0.010723091072	0.008464217889
184106	-0.011006909974	-0.005776209992	-0.001772354108
6932	-0.011116711238	-0.001943149292	-0.003334880233
108777	-0.001284526302	-0.010375655629	-0.002222720265
105081	-0.008067019806	0.001346059385	-0.004484754537
137154	0.000312210915	0.000136820642	-6.0520376e-05
571375	0.000191384388	0.001276114091	-0.002824930496
271234	-0.004320355961	-0.004148362053	-0.005042450172
166388	-0.011297947115	-0.002526830834	-0.002328933743
558537	-0.004663557758	-0.008423586163	-0.008446852145
239064	0.005794772372	-0.013433156526	-0.007670807795
103333	0.000591996653	0.0011550912	0.00041093575
212062	-0.005607145296	-0.000892744257	-0.002964348326
410688	0.016438532655	0.004228613876	-0.002576998331
265983	-0.010403347651	0.000525285761	0.000722431323
112155	-0.015616561291	0.000460412407	-0.003575658796
152484	-0.008331503041	0.001841992576	0.000432803757
326023	-0.006608781263	-0.000852183289	-0.00490247937
142262	-7.330962e-06	-0.006984586578	-0.001466959809
141024	0.011009701457	0.031100305928	0.009559334245
580578	0.015355442793	0.019674909848	0.007019983735
194785	0.006252868658	0.011078439336	-0.001458282108
302458	-0.014524244542	-0.00122920266	-0.003308403324
107879	0.014619310166	-0.002441970115	-0.006613556088
315287	-0.00218726888	0.00165674664	0.000591560847
113128	0.004598701738	0.005678359209	0.000791107309
269558	0.015310376019	-0.01885721951	-0.007959215248
76621	0.008719630276	-0.010701994398	-0.007471642502
534951	-0.009373985524	-0.005252661944	-0.005605052019
124653	0.011147495261	0.021978542222	0.01832987793
243487	-0.006260353533	0.008424210607	0.002349692792
102136	-0.005078778063	-0.009249988871	-0.005144148037
332569	-0.007681940157	0.015348553247	0.00397215259
582407	-0.001227726449	0.015610779222	0.0047501801
250266	-0.005249428472	-0.009279319801	-0.005967958979
143875	-0.009118812109	0.012915995351	0.005262291236
72406	0.004345177693	0.016893655418	0.009633601457
324241	0.002428315805	0.017842670576	0.00539611339
328912	0.010696584198	0.011275818364	0.009270526797
342959	-0.001458272297	-0.001006398242	-0.003588384658
589483	-0.001136083672	-0.009489006769	-0.009396611211
211171	0.011116250823	-0.002536418037	-0.000877171309
229790	0.005205125677	0.02782371504	0.021521792779
213853	0.015051910082	0.042417739484	0.033301187666
86368	0.007671707864	-0.006345285925	-0.004789247022
89666	-0.004602438339	-0.009040977623	-0.00515725131
59902	-0.005331178789	-0.003307994333	-0.006853804291
62986	0.010784630391	0.019285108821	0.008305305321
368509	0.005625980282	0.016486337885	0.007152952605
584289	0.013758167351	0.008681620815	0.002584200532
50139	0.005648496918	0.001327851924	0.001494472068
325509	-0.006823246154	-0.003990906842	-0.001233443669
161340	0.010970020119	0.00344515103	-0.001835862437
590960	-0.010449275214	0.004804872844	-0.002173167877
230788	-0.001690047371	0.004696013446	0.00191576918
162964	-0.015471033444	0.00870094965	-1.2176393e-05
228981	0.009445090279	0.020108494253	0.006677594769
23857	-0.00561297043	-0.002745452146	-0.002772267483
153263	-0.022873659743	-0.000834979445	-0.003778524492
322506	0.009967638056	0.021042751305	0.015615978877
230607	-0.008540796416	-0.00234744247	-0.00433036808
81130	-0.00958928373	-0.004839327388	-0.003749135685
141254	-0.017718801663	-0.006740540303	-0.007490790458
579946	-0.008952699729	-0.002269751586	-0.003593176175
144685	-0.004678624779	-0.00031692099	-0.002923689434
156790	-0.00481694489	-0.010135956745	-0.009077973988
142773	0.015680847333	0.012074905546	0.005125541991
114925	-0.002621098996	0.008302711818	0.005433608392
151250	-0.016480385115	0.00234226949	-0.003178672787
544356	0.02556763069	0.033067615333	0.027694563338
315609	0.012195874855	0.016703129206	0.014101819292
337173	-0.004825716499	0.017653141283	0.004203203505
141075	-0.000678725957	0.00365081871	0.00314068546
6997	-0.010628131051	0.000885915229	0.002932835417
321088	-0.003510142247	0.012637344516	0.00254302794
115132	-0.016603640665	0.001008209368	-0.001931623085
236786	-0.01686515244	0.001209601276	-0.002266723144
235390	0.011905090062	0.012849637001	0.009955568073
572939	0.00025065649	-0.006090015491	-0.001083323495
100099	-0.002102342719	0.020988829524	-0.002516045974
100094	-0.016389265652	-0.003510309785	-0.002446827756
584580	0.003791557283	0.011575755165	0.007961069508
90602	-0.002710204664	0.003729578806	0.0003048514
199441	0.000443456126	0.004464920455	0.002001978375
593538	-0.000799467971	-0.000643910578	-0.00302807883
78049	-0.008716850417	-0.007750068807	-0.005504462272
6953	-0.010133805861	0.007762563516	0.001645514261
6942	-0.012497893249	-0.001080916073	-0.005051422353
519816	-0.00158144058	-0.004406306442	-0.006123600252
552978	0.007318090604	0.028984411025	0.00903958097
141836	-0.0021247299	-0.003942068523	-0.002682303848
310519	-0.003464221136	-0.00625238214	-0.004803580112
105792	-0.007365767773	0.01356684721	0.00783956883
339015	-0.007781773618	-0.009139213914	-0.004692044451
280799	-0.007392062454	0.001066664165	0.001065936158
347702	-0.002199208548	0.016737402667	0.00425009843
101552	0.013518266471	0.031306633116	-0.004300068088
511659	-0.000691117077	0.01052631705	0.005491767034
7151	-0.006227076154	0.004240789093	0.002802809178
37911	-0.002755810776	0.008173603752	0.002277059086
557460	0.012447868707	0.003261352272	0.001049995888
285518	-0.009063780869	-0.002658845476	-0.00364456482
263929	0.025328770467	0.018292218461	0.01063249903
561204	-0.013125061173	0.002173699072	-0.002368463413
110814	-0.007106265176	0.011998706803	0.003849869193
110215	-0.002815237163	0.015636191365	0.008009047329
592171	0.00122993611	0.001501623817	0.00012410414
241879	-0.002513470343	0.003484755549	0.001922994268
261931	0.010998558616	0.014873442461	0.012330420588
7173	0.005295593545	0.016522771585	0.010223892792
143699	-0.005977844563	0.004069188248	-0.001386070385
233054	6.3821004e-05	-0.001743586951	-0.005054988656
135315	-0.003626904534	-0.007151622966	-0.004771216706
7129	-0.005346610279	-0.001225141164	0.00127008564
277679	0.025138316399	0.002859566698	0.007147809061
101184	-0.012016691265	0.00330525202	-0.005225698797
258654	-0.000229231423	-0.002727067439	-0.002196212633
58127	-0.010217741971	-0.008394620497	-0.006196331239
160195	-0.007200329213	0.001340970682	-0.005857934201
172053	-0.001208647312	-0.003408829249	-0.002737090884
545997	-0.012248063756	-0.001302191995	-0.003266589271
594111	-0.015386392021	-0.007355316129	-0.006054833727
51718	-0.000622843383	0.003841298944	0.001103892551
7109	-0.012565031902	0.000297262829	-0.001775025815
140904	-0.014541003354	-0.005473324814	-0.005727194679
260565	-0.009636642695	0.014110027891	0.005691596888
107880	0.031318267272	0.023983403995	0.016832135243
185782	-0.006759645535	-0.00408646198	-0.000102922465
327001	0.010409673122	0.014867894511	0.00534941522
553551	-0.01049944746	0.006150360058	0.001281769853
114783	-0.007281900807	0.001972590957	-0.002525606332
587796	-0.004934694233	0.008762908421	0.003562948983
221331	0.016561965578	0.018514557586	0.011864192026
217417	0.023471605191	0.013704583452	0.007678559655
317724	0.0085645117	0.003284224426	0.004807440994
225864	0.015533184494	0.016518968847	0.006987745978
230801	0.03383599452	0.026349465199	0.01303549847
342757	0.033272129602	0.023362625015	0.016987627755
226906	-0.005012401208	0.006116803857	0.003076720499
214611	0.031698472247	0.00399441835	0.006250079975
234716	-0.005578416123	0.005110802575	0.00335809799
248403	-0.000668395972	0.00661700843	0.004123138102
88758	-0.010758997769	-0.006470256684	-0.005803265562
576053	0.033514836666	0.017660409521	0.005057047773
200741	0.042694113319	0.029179677222	0.032570109106
239229	-0.008079613582	-0.007375029647	-0.006006190284
282506	-0.012790286243	-0.005590747576	-0.0046738407
107290	-0.000966667184	0.012418197329	0.006403577273
355367	-0.002515010015	-0.011359512368	-0.011408391015
323551	0.025588158624	0.014480849281	0.007098216771
166838	0.008221340837	0.017395496985	0.011146056912
341579	-0.015273383506	0.000498002381	-0.003899082826
17679	0.016748338591	0.021920941372	0.007913348084
218435	-0.007084446959	0.01073496706	-0.000465930586
153307	-0.011807323363	0.000403164266	-0.001697762842
581639	-0.010362854648	-0.002609895281	-0.002857854606
100284	-0.00526201642	-0.000564743448	-0.001756189712
208255	0.017691120666	0.015438609888	0.004261875582
103556	0.000177089514	-0.000921944112	-0.000865291196
253106	-0.007820351658	0.001691279501	-0.004959651499
139162	-0.014425317384	0.00245793415	-0.008255619758
531748	-0.009656076722	-0.000335547845	-0.004913350513
469903	-0.001433117513	-0.000902459218	0.001045299369
65940	0.000324981087	0.003019632612	-0.008713335073
38578	0.001595116537	0.002441056118	-0.00407478459
173632	-0.007324078606	-0.007884293693	-0.002901275744
500246	0.000587756814	0.002421381517	-0.0045367239
350331	0.002423781394	-0.00642879502	-0.001757611201
8823	0.003575325954	-0.006078948884	0.007011352461
143326	0.002129993791	-0.003969975043	-0.005963771912
248544	-0.000289044042	-0.008349466392	0.001292481641
109054	-0.009548512451	-0.006149192996	-0.008565195238
309588	-0.000697889116	-0.006268325779	-0.001266641999
50424	-0.002209779299	-0.008356976154	0.01980256117
316071	-0.007059907598	0.001074922371	-0.012263746236
8882	-0.015048713652	0.029644416447	-0.015949055785
8886	-0.003286462507	4.4681992e-05	-0.009508630414
272031	0.001024441794	-0.005450876214	-0.003027084328
357417	-0.019936720523	0.019765533594	-0.020397110642
73722	0.001347965852	-0.001851170063	0.001341977294
591045	-0.002524986331	-0.004879791963	-0.003114939605
71399	0.002335026899	-0.00220995853	0.001725406832
8872	0.002177468109	-0.001271259533	2.4699197e-05
8873	-0.005603989642	-0.006522604767	-0.006910920335
100854	-0.001708507153	-0.00190806752	-0.005721329281
164557	-0.017380105419	-0.000193839318	-0.012216507311
439090	-6.7176457e-05	0.000410916396	-0.000429598037
140832	-0.006711890304	0.00134519188	-0.006849160714
419632	0.000366881931	0.000542360595	-0.002014946745
342076	-0.00361620161	-0.003913641199	-0.003780066053
359108	0.000935446976	0.001724483486	0.003928016134
140761	-0.01039888796	0.004731884712	-0.011382048422
259542	-0.009951936704	0.00365306093	-0.011073821889
274227	0.000543794983	-0.000347184215	0.000479760465
140774	-0.006048736789	0.001393191573	-0.00832720595
199155	-0.001100704135	0.004290176845	-0.004030692504
161179	-0.009525998083	-0.002991025207	-0.011011801421
140805	-0.012146502393	0.00436057315	-0.005428600189
246147	0.000127350317	0.000461216431	-0.00040591483
545268	0.001843339542	-0.002551682657	0.001835637269
193662	-0.004825127628	0.000913551183	-0.007786689537
160023	0.000590597855	0.029217581067	0.003251977564
39185	-0.017294245951	0.000513585644	-0.010158146242
71948	0.001620304833	-0.000821742534	0.000151008968
319701	-0.007763319684	-0.00137059879	-0.003164379239
387053	0.002355362735	-0.002488222228	0.001539616688
131602	-0.002997689371	-0.007235727525	-0.004846700747
246806	-0.004466432907	-0.006810267379	-0.004572992046
81968	-0.002406020612	-0.005030977925	-0.002400359627
322290	0.000136110228	0.000346536014	-0.000400270574
268501	-0.004182803036	0.005493520185	-0.003977035396
553622	0.000125059522	0.000336800428	-0.0007777799
81643	-0.002110540196	-0.00047097107	-0.004812189421
531807	-0.000822209387	0.000604123494	-0.000805324962
146764	-0.004125746773	0.003332225758	-0.004787880107
158539	-0.002247018628	-0.002243299337	-0.004103258431
248182	-0.00736242543	-0.003160309275	-0.009055602144
392867	-0.004445720644	0.003065464191	-0.005995552352
8854	-0.002374592611	0.003831540959	-0.004717008602
272511	-0.003968218718	-0.004232668938	-0.006189562281
334678	-0.006299117213	-0.002675252653	-0.008107500714
46271	-0.007362554853	-0.00331226574	-0.011625172675
255639	-0.003975766567	0.004438110703	-0.003928025725
68895	0.000653617876	-0.000213363919	0.000117115887
362563	-0.009389931069	0.001880464458	-0.013360974916
586740	-0.006901748759	0.001813162505	-0.009024669639
70306	-0.005772172211	0.00140375518	-0.006943526795
128050	0.000719634091	-0.000380611275	0.000296239466
554703	-0.002861152774	-0.001444391761	-0.004793053316
169940	-0.012794144854	0.001576460074	-0.01354783442
93965	0.000300255919	-0.005539731484	-0.000905121844
91588	0.00140113195	-0.002102293866	0.001769681192
523223	0.003691927373	-0.003263885728	0.002093014698
84937	-0.009534688576	0.001257434454	-0.011723339219
9286	-0.0053663853	-0.001163796782	-0.006240224015
60374	0.00030068281	-0.000601711443	0.000306442088
9176	-0.003198336736	0.004753215403	-0.003700664966
9179	0.002533182718	-0.003556755301	0.003228356936
231428	-0.001226099966	0.002133528543	-0.001846781355
559028	-0.002113876236	-0.005290447494	-0.002226189555
30925	-0.003427912127	0.003113787826	-0.007644355226
549366	-0.017704636374	0.0156553465	-0.015457401107
339560	0.001400360336	-0.000864393041	0.000845407251
579117	-0.002387431857	0.002053437142	-0.005386122651
306938	0.000824616265	-0.001115545227	0.000756179042
553472	-0.00011393622	-0.004555626312	-0.001882989859
227760	0.000744923519	-0.000533690972	-0.000142925598
171395	0.001954980871	-0.001747578002	0.001587258132
160207	-0.01281250052	-0.006745851921	-0.015296189294
159955	-0.003793215737	-0.007809682977	-0.005654753043
351250	0.000948710135	-0.001389178161	0.001253925394
567653	-0.007626274245	-0.00395163787	-0.015345142416
160550	-0.004690472122	-0.004598235207	-0.007036107819
20588	-0.003507459737	-0.008776195297	-0.00483539774
132680	-0.001966310119	-0.002857772766	-0.003178211052
9142	-0.002321583036	-3.1167983e-05	-0.00876391227
549933	0.002374202926	-0.003051323155	0.002026326957
111916	-0.003450409635	-0.000528918594	-0.005239512943
45389	-0.00097699699	0.000866119727	-0.000960395097
9128	-0.00156168381	0.001611924149	-0.001392041758
149694	-0.005461910523	0.002039740858	-0.011389871355
236039	-0.002386551951	0.00277362149	-0.002436174023
267927	-0.002306607777	-0.002485105018	-0.003514498054
83672	-0.004078101116	-0.006386334966	-0.008623770826
151850	-0.001422738754	-0.003200194146	-0.003690626272
276135	-0.006111816061	0.002227304282	0.001282078518
586719	0.003057552725	-0.004142646828	-0.001254073319
128057	-0.005719346068	-0.006414653734	-0.00702368597
237124	-0.009727284015	-0.006414658197	0.003827589616
576068	1.9777841e-05	0.000903724593	-0.002366939161
357877	-0.006830471442	-0.00376661102	0.003435131537
168069	-0.001861049632	-0.006950812981	0.012913491256
70512	-0.008977297937	-0.003809605075	-0.000567927819
9514	-0.012641300177	0.012128820802	0.02853369303
286210	-0.002348797778	-0.004827415331	-0.002404658128
74465	-0.002209145261	-0.003878276604	-0.001551245614
134081	-0.000202825836	0.000722464134	-0.002256293254
129558	0.000934356498	-0.000484241906	-0.00236183187
9551	0.002040090846	-0.002460314642	0.00129743924
82728	-9.8230702e-05	0.001508181355	-0.002916341924
89921	0.003517804857	-0.000254275736	-0.005556617815
204197	-0.017750515003	-0.00209602425	-0.007257644008
347029	-0.00139216346	7.7407355e-05	6.8438783e-05
32352	-0.016868554812	0.002973583789	-0.004480151101
91583	-0.000549580202	-0.000934037027	-1.3422881e-05
588278	-0.000824510385	0.000715757917	0.000168214023
86210	-0.000320514992	0.001433698814	-0.003597009896
557614	-0.00067878726	-0.000609731018	0.000780384015
568276	0.000413659863	-0.001420917602	0.002577728062
558276	-0.000129658469	-0.002820998937	0.004282081294
9562	-0.012869087426	0.003730386257	-0.00570865023
9555	-0.001482203377	-0.004835461216	-0.001982829798
533937	-0.017253033989	0.006359766851	-0.003573060406
94166	-0.01102616771	0.014695458689	0.047797453118
148123	-0.001251024758	0.001201441825	0.000460121047
140393	-0.008343096882	-0.002903575145	-0.000143862562
138993	-0.000331382044	-0.000304499005	-0.001033371599
9486	0.001393694607	-0.000505978582	-0.008821889571
17538	-0.005744747173	0.001401163015	-0.002318819937
9477	0.000395724892	-0.000476066426	-0.000337766512
151543	-0.010262093347	-0.000540638741	-0.00563951791
155443	-0.013430348329	0.001120425224	-0.003657830438
70974	-0.003610619493	0.001412733029	0.000596705633
49616	0.00077103754	-0.000538355796	0.000545302172
9510	-0.015067397826	0.005178031966	-0.004739923861
571320	0.003931417588	-0.002921400359	0.00059639862
349391	0.003162350074	-0.002068776839	0.001582360409
82772	-0.007514605725	-0.013516617281	0.053920343707
550960	0.000599349305	-0.014598189196	0.079585272329
236788	-0.003968555331	-0.017538319968	0.059483913434
531978	0.000148996307	-0.000241745532	0.001543385272
45848	0.000306135636	-0.008618553836	0.010818266603
542044	-0.00017736451	-0.002902369423	0.007445566355
52942	-0.009541211146	-0.00326883052	0.002188629856
33643	-0.005476843665	-0.004482234634	-0.001512436283
554710	0.000605345047	0.000153130182	1.1905334e-05
308102	-0.000608959291	-0.000197914128	-0.000590670817
9639	-0.000277544041	-0.000727825455	0.000496400189
63942	-0.003755934399	-0.012836640915	-0.00830436187
201763	0.000318697148	0.000459198622	-0.001308927422
91372	0.001830225818	-0.000717480822	-5.3718567e-05
135411	-0.000600942929	-0.010575705321	0.012779827536
63945	-0.000916264369	-0.001673586361	0.002507389054
167440	-0.011125588341	-0.004821378562	-0.008118838322
46931	0.000414318531	-0.001444440642	0.002587187838
73843	0.001037565421	-0.006614610428	0.013132891486
555725	0.001573089912	-0.003259410927	0.005049503213
9789	0.000172451173	-0.001673409491	0.004234516455
9796	-0.001807513296	-0.010939179502	0.022550405247
10115	-0.019512132754	-0.008961431031	0.022037377431
9994	-0.001571944713	-0.008077490942	0.00854613195
10189	-0.008366939565	-0.001438673399	-0.010068436331
262838	-0.012176789015	-0.018480929219	0.016432223549
565501	0.001848117754	-0.002856191136	0.003965939036
222043	0.001161544037	-0.010521791024	0.008861498788
511415	-0.000430490816	-0.003740084258	0.009665769423
308672	-0.000406033248	-0.001392965154	0.003757343279
161584	-0.000117481103	-0.000215974707	6.9569681e-05
274754	0.000952225723	-0.003681345827	-0.005347173587
248470	-0.010260071111	-0.005805012673	0.003064213188
10309	-0.001677819098	-0.003493497403	-0.001931350291
255774	-0.007556481528	-0.000418092324	-0.002151478023
239195	-0.001304639479	-0.00310913383	-0.006910172075
225626	-0.006503006272	-0.003444632424	-0.008594280174
561320	-0.010429698932	-0.013574863938	0.027739909994
242005	-0.001685989916	-0.004508613776	0.012138755873
217008	1.9178884e-05	-0.000917906506	0.003114449602
581700	0.001887594062	-0.000937671546	0.001498394038
292134	-0.012426084683	-0.000882626625	0.011116448427
166908	-0.012447481034	-0.007632158725	0.00940936253
240711	0.00444312423	-0.003194835213	0.00148338715
295395	-0.006107259239	-0.003916422697	0.008027764042
175189	-0.004852911337	-0.010178907137	0.004018714242
429887	0.000293228296	0.000945739515	-0.001147424709
123510	-1.6350485e-05	-0.000933657975	0.003558835983
142545	0.000238389991	7.031368e-05	0.000654583497
72374	-0.011830588767	-0.001895362652	0.009567298133
236821	-0.004635358179	-0.006335346783	0.01833370388
202356	-0.008425295129	-0.014108889018	0.035938942518
9947	-0.009588458363	0.000469432889	0.009357837907
527920	-0.001311615959	-0.002220638772	0.007221125314
592346	-0.010824409482	-0.01628460688	0.034051677514
167950	0.001213500016	-0.007318499288	0.015801946947
167669	-0.002934350537	-0.005470810425	0.004712397992
168759	-0.000947359111	-0.003340703253	0.008728592253
368849	-0.005347649084	-0.012000995623	0.024678811864
224569	0.001464859554	-0.003581847232	0.006392362202
113558	-0.000696778494	-0.00247564738	0.005208595105
287789	-0.016004348943	0.00080516674	0.004746383995
316916	-0.013520790751	-0.002780598231	0.019829838667
557905	-0.006063061633	-0.017042858921	0.03282067034
167120	-0.000134230774	-0.000488345973	0.001392124576
9939	-0.001881957681	0.001433993253	-0.001816680241
9838	-0.000768355517	-0.001094997627	0.004435830206
9912	-0.01254112007	-0.001008658245	0.016224842396
586924	-0.000865207556	-0.003870024473	-0.001602679968
9868	-9.9981655e-05	-0.004402063041	0.008125056188
168031	7.6183424e-05	-0.000307948767	0.001387155032
534898	-0.008987099917	-0.016268365517	0.024206151847
218720	-0.003824379868	-0.017773196998	0.022397384476
563485	-0.012175389044	-0.006507167092	0.022497663497
351023	-0.013853438834	-0.002635895891	0.010067396258
537651	-0.007531187947	-0.002546588668	0.01405598177
365635	-0.011952067791	0.007032384379	-0.001116775076
9812	-0.012886010069	-0.01571876199	0.042566106986
10113	-0.011130653528	-0.012432918566	0.02222443841
9727	-0.014391138846	-0.018544401926	0.034577077094
534965	4.119404e-06	-2.146993e-05	4.083272e-05
204864	-0.004157207037	-0.018970662896	0.03496882598
144049	-0.010729826187	-0.008138814322	0.01545040984
163340	-0.013230079805	-0.003078751528	0.023371181483
94459	-0.000364055337	-0.001233002088	0.003355531199
146743	-9.4382707e-05	-0.002556922698	0.006624466843
100956	-0.009773401471	-0.013192394539	0.014908397192
171836	-0.005942215027	-0.006997164708	0.022911525299
164152	-0.010038746116	-0.010467254217	0.028612339215
87839	-0.001060985673	-0.003707800392	0.009771995093
524491	-0.002829357748	-0.009828709463	0.014485044186
85254	-0.000802449388	-0.001833229657	0.005810618925
139401	7.5786247e-05	-0.000337398418	0.000760611363
9356	-0.001419243878	-0.000388762359	3.6367742e-05
326744	0.0001964166	0.000247000188	-0.001193519285
208034	0.000107850242	-0.005287203862	-0.001132942162
136353	-0.001506078664	-0.00674849669	-0.003511160088
254988	0.001929805455	-0.004450890989	-0.004253371736
539301	-0.002995928461	-0.008063254422	-0.005333021077
157083	0.00325916038	-0.003938064011	0.002572066287
110450	-0.003142201377	-0.000494506859	0.001174469549
266632	-0.006708068097	0.004271369505	-0.000530019589
277352	-0.014863034601	0.012459851224	-0.013172561089
269774	0.001180903346	-0.000528289273	0.00063303809
268361	-0.000617834738	0.000536165129	-0.000426546824
229171	0.002578656542	-0.003390125476	0.002426875148
467388	5.5645375e-05	-0.000643845965	0.000445360765
8249	-0.011776372471	0.001646656893	-0.007020011221
360893	4.69158e-05	-0.000136518808	-0.001113746038
8265	0.00284442518	-0.010475132402	0.000287755971
528333	-0.001393943461	-0.003296026062	-0.004453842852
112175	0.001856723424	-0.0018891442	-0.000292617662
484436	-0.009794014334	0.012070062507	0.014934116006
392111	-0.010793309847	-0.002331781022	-0.000756190088
58303	-0.008023478601	0.00335448571	0.001137217881
363410	-0.011424842174	0.002823433869	-0.002625468545
74353	-0.00075664894	0.000290035307	-0.000348923598
238484	-0.00145251829	-0.009136677148	-0.006771955373
278666	0.008369446901	-0.012280576654	-0.004747129404
548754	-0.006085569531	-0.007301569837	-0.011250346077
228207	-0.003091218588	-0.004030784226	-0.005586125833
158223	-0.003672654524	-0.006927094081	-0.00767559541
101152	0.002909437299	-0.001509482346	0.000326650588
39819	-0.013524729934	-0.002690577753	0.001409256908
103620	0.004449292267	-0.001569567834	-0.00355704222
248172	-0.011009179936	0.005575429628	0.000680766504
242096	0.000678868901	6.7394062e-05	-0.000461059924
584176	0.010819768642	-0.012091272644	-0.003062634655
8400	-0.011752314348	0.005791583758	0.00106689926
587004	-0.004099412272	0.002804960046	0.000407147563
159711	0.025103813665	-0.022190426714	-0.007779303382
585817	-0.010809675512	0.00564338909	-0.001767052222
30013	-0.004543032266	-0.008054959443	-0.003740050563
471124	-0.000369428809	-0.009741330175	-4.263145e-06
576851	-0.006625426534	0.003111816203	0.00035364674
103428	0.00270551992	-0.002693686804	0.000670492783
351275	0.0005379929	-0.002381733961	0.002765678976
229145	0.002410044969	-0.001984967572	0.001019308126
535160	-0.002258152344	-0.01313462884	-0.003485725973
317252	-0.015430654243	0.000358633807	-0.001774157181
242603	-0.005792957746	0.002076218651	0.000512827302
254162	-0.001678352309	-0.001261942497	0.001862770531
249191	-0.005000122916	-0.00059876354	-0.011026269492
356287	0.002285127933	-0.002337487429	0.002249156841
582252	0.000603063936	0.000150875034	-0.00271851725
330302	-0.005413166134	-0.007960076333	-0.004507659766
60267	5.4449821e-05	-0.010560627842	0.001827176356
553964	0.001657923453	-0.009242913043	-0.00137049811
353461	-0.005890443047	-0.00479985791	8.7457154e-05
271090	0.002330805694	-0.002501938006	0.002331852957
222902	0.004076899199	-0.005809139813	0.003401713032
194641	-0.017881509312	-0.001063848455	-0.013690404259
73559	-0.000432080164	0.001055800997	-0.000589759977
346926	-0.005493946103	0.004551754391	0.003423476819
60258	0.003221613601	-0.00372533922	0.003196036991
208075	-0.009045021712	0.004272697951	-0.000341446982
143131	-0.009393067	0.003534544116	0.002456478761
320149	0.002381464135	-0.000473895692	0.000824518378
524618	0.00372258349	-0.002415830022	-0.000267809539
57488	0.011142578508	-0.001264676275	-0.001292722041
539880	0.002064009899	-0.001306491059	-0.00447157864
328710	0.001591793902	-0.008294651967	-0.000229298709
568293	0.000941620017	-0.008793092442	0.000203018182
101769	-0.001727380627	-0.005347560945	-0.001844648131
25638	-0.000430905872	0.003260959578	-0.005144250473
8146	-0.008291178054	-0.001601041954	-0.001754895948
142776	0.002026525091	-0.001973441612	0.00152357962
140764	-0.010375856943	0.000340822499	-0.012401388089
22591	-0.001420788177	-0.00532104333	-0.002882213025
113253	-0.002450415864	-0.007979136969	-0.003876977155
215031	-0.002406184159	-0.005678075939	-0.004957463397
110307	0.004477643032	-0.002588010535	0.002602250967
140325	-0.005068560751	-0.010740159827	-0.0071733661
553872	-0.01224824448	0.013873629575	-0.005927059031
540961	-0.002169423521	-0.003361146505	-0.004445809737
125536	-0.004307581666	-0.005083405406	-0.004483295402
160840	-0.002505909378	-0.008396906267	-0.003970579502
107242	-0.030263500183	0.038143346347	-0.010860334739
233692	-0.021674877544	0.008752888276	-0.009722467402
388347	-0.011454387767	0.040958490099	0.001256605722
67478	0.013033616818	0.023910347615	0.013296816191
104276	-0.02147501046	0.008527771943	-0.01864393735
79550	-0.006888541095	0.003947261117	-0.00053693053
108916	-0.001638599629	-0.005412715428	-0.004128300734
101386	0.00509941764	0.003461494893	-0.000598616748
547720	-0.00579653748	-0.002081888585	-0.006620509172
369008	0.000165293057	0.000993151366	-0.004786571519
560000	0.015328628236	0.024523765575	0.011093948583
349392	-0.000732424548	-0.003399118308	-0.002982406202
320243	-0.005839313254	0.007809354612	-0.006347700996
228467	0.002264930512	-0.001674238105	0.000678658818
545848	-0.00964137321	0.003151631374	-0.008882238067
593801	-0.0274013293	0.045142391597	0.00354873073
319540	0.001119837509	-0.000828076142	8.0196104e-05
544927	-0.007788511524	-0.001107096575	-0.009582498565
323845	-0.025246874943	0.04778002991	0.009900771564
303563	-0.009166684421	0.003193501918	-0.00919851014
252291	-0.003659940135	0.005614080451	-0.006412047505
101111	-0.002253580197	0.00273620425	-0.002219072086
230774	-0.007024992365	-0.003246632564	-0.00989380315
228449	-0.018614790216	0.031006341039	-0.022498506199
331005	-0.011676116563	0.018678121525	-0.023575243214
108109	-0.017786843949	0.024922039052	-0.02618265714
106179	-0.006038325714	-0.00176119448	-0.010004742225
306650	-0.003754611529	-0.003683275076	-0.005167121268
538133	-0.004011159061	0.004786994597	-0.003706661379
232511	-0.018862226455	0.031809096007	-0.021244667727
100649	0.00163240543	-0.001795005775	0.001629613509
580917	-0.000534771495	-0.004491972919	-0.003584528861
320352	0.001324120791	0.000298799785	-0.000967086418
25508	-0.00101751535	-0.006545806964	-0.003871072335
278394	-0.005019157051	-0.004044767998	0.000439636075
336397	0.002120066589	-0.003626224494	0.003032375299
103157	-0.007997681986	0.003243095264	0.001203527691
307129	0.00113661935	0.000390515464	-0.001294750583
344621	-0.006348298616	0.005733600908	0.002072185925
150054	-0.003401319136	-0.003472666294	-0.00238364958
157299	0.00591498346	0.000871777621	0.003940535665
101880	-0.003284431709	-0.006258868417	-0.005884717798
154198	0.001071767605	-0.006526755748	3.8972289e-05
258815	-0.003530608159	-0.002374569799	-0.006005301161
151941	-0.009032409642	-0.00775344213	-0.010273191109
149537	-0.00275159314	-0.00596101749	-0.001699075048
335870	0.000972017521	-0.005654896882	-0.001177874551
264258	-0.005963720739	0.001545786187	-0.007672902278
561798	0.000962350592	-0.001570341565	-0.000112960644
542803	-0.004830361976	-0.007788313781	-0.005052201041
253176	-0.002449933879	-0.009659459417	-0.00491698038
338117	-0.028807935884	0.015914793611	-0.002354064902
578438	-0.005456511838	0.001343835281	-0.008019769415
268323	-0.000939316716	0.001608244727	-0.001765723777
312038	-0.000959615455	0.007233761253	-0.001825104381
555216	-0.001365060402	-0.010073474842	-0.002085609537
97734	-0.009729840769	0.017953068704	-0.005907930106
592957	0.0021934531	-0.00397169883	-0.000481285205
139864	-0.017427758179	0.017718209671	-0.005963403578
138778	-0.001178471609	-0.01051416068	-0.003787430939
545003	-0.008138382627	0.01798608126	-0.005973067046
542707	-0.002672658628	-0.001743595891	-0.004170256056
336455	-0.010045143248	0.002134313787	-0.005362697001
255918	-0.002687601802	-0.007908377157	-0.007094230829
350845	-0.010781194754	0.010494948055	-0.010321756242
217507	-0.000966518671	-0.002160962084	0.005524484968
245864	-0.005343008556	-0.010620867075	-0.003350085966
185581	-0.019265102343	0.029708772161	-0.014799143814
546020	-0.018314896456	0.034538431653	-0.022382057726
236604	-0.01736922575	0.034105020982	-0.018545535076
241462	-0.003163845637	-0.001605025198	-0.003301354147
206237	-0.016865508098	0.038249192133	-0.010416140826
126508	-0.022063478608	0.041867203726	-0.008817179836
548862	0.002396156009	0.000857182148	0.002092907634
593222	-0.013824346617	0.005213977566	-0.008602113862
220496	0.005768756889	0.003817404719	0.002886574803
279539	-0.027642243684	0.019021111568	-0.00059763992
149014	-0.009408281051	-0.002146993031	-0.01301034153
325337	-0.004275198767	-0.010577446522	-0.00843093835
251148	-0.008082036481	-3.8587823e-05	0.00023087804
576242	-0.008965106847	-0.005402055494	-0.005375847125
308726	-0.007511667685	0.015519878979	0.002342527998
103055	0.00437258629	0.032335393035	0.007172218765
357193	-0.008959432852	0.001468979417	-0.006614454794
370014	-0.000482377892	0.006312847222	-0.000810123996
150492	0.001274887772	-0.00056321879	-0.00297798463
335051	-0.013474214754	0.016734715186	-0.012472213414
510210	-0.001455537569	-0.014106372976	-0.00688545371
278398	-0.001934093731	-0.008211034121	-0.008101583572
549550	-3.132266e-05	0.003025854396	5.1448288e-05
97508	0.002977698298	-0.006426356835	0.001173456594
248442	0.000193184705	-0.006894448058	-0.001377378356
572372	-0.010126739511	0.000219268901	-0.011868575144
302021	-0.006168635832	0.001283997621	-0.006415619345
593435	0.002583974404	-0.002109277071	0.001372525087
175028	0.00043087509	0.001071651516	-0.002350076637
251646	5.2294397e-05	0.000587443394	-0.0032192723
293405	-0.000180653209	0.001929299916	-0.004630838791
110380	0.001852470824	-0.002482182936	0.001846895958
242531	0.002043186894	-0.002295782537	0.00220913525
305436	0.001146716938	-0.005055744202	-0.002304329475
306718	-0.003465729154	-0.005179542506	-0.002081818599
257504	-0.003365993072	-0.005419535731	-0.001391471432
269778	-0.009614115248	-0.002546886461	-0.011749088443
310378	-0.015194156867	0.000707366515	-0.006086533386
541691	-0.012778035361	-0.006926034024	-0.003968422954
530532	-0.011163909495	-0.000995553962	-0.000855780907
304635	-0.002496341119	-0.010985460623	-0.005173290302
105318	-0.001838860857	-0.00646630457	-0.000753294749
139349	0.001811384896	-0.001666780598	0.000692655202
236857	0.000963309155	-0.001196864258	0.000416843019
246885	-0.000638307333	-0.00421630249	-0.002403454878
312030	-0.017481824113	0.012860877587	-0.017049129205
152179	-0.007312071613	0.0050585487	-0.008020823438
270409	-0.031363472309	0.038158592631	-0.011257466119
96014	-0.028101102873	0.037143486292	-0.019962819994
278648	0.0013331939	-0.004419625407	0.002954705351
223209	0.001021794152	0.000388588397	-0.002235128924
328475	-0.015009347305	0.00643260438	-0.016843509866
255044	-0.015023852487	-0.000239488133	-0.015951291825
222753	0.000884572561	-0.009861173351	-0.007826379651
46393	0.006141025052	-0.002936977623	-0.000986277576
375603	-0.008051689204	0.003652024804	0.002102011288
576714	-0.008009640413	0.003513568493	0.000862848124
24308	-0.004358615474	-0.002945286656	-0.003811525505
38752	-0.00289322146	-0.006539013775	-0.008984183627
582472	-0.000419113083	0.000884806202	-0.000739053335
141875	-0.000972668822	0.000581704182	-0.002044119423
8405	-0.002751245231	-0.004136406357	-0.003283324771
316869	-0.001424957543	-0.005814965452	-0.001874314605
396135	0.000211941111	0.001702402461	-0.003312135076
198202	-0.005639827123	0.004775616119	-0.002694647623
194319	0.000968754653	-0.001398380605	0.001254378525
165894	-0.00387481904	-0.003202892645	-0.002750731095
563459	-0.00321604575	-0.000855607218	-0.004956589413
558634	0.003124338014	-0.002282248625	0.00032339708
573761	-0.000611387705	-0.005452605498	-0.003500848934
190729	0.001734438456	-0.005985386057	-0.002096863935
104331	0.001033040638	0.000235626708	-0.000846351319
142467	-0.001379696917	0.00269997743	-0.004104680801
147823	-0.002577145742	0.004765689914	-0.005264130947
216695	-0.014429232002	0.019997834003	-0.010136057665
585439	0.000941061299	-0.003343153757	0.004204517343
336560	0.002420824493	0.00219575661	0.004581706594
306969	-0.004795946954	-0.004058767911	-0.002958894445
98593	-0.030391082753	0.040734659322	-0.012206070653
228537	-0.00909178345	0.020383763317	-0.002258686231
167947	0.002517030806	-0.00196598612	0.001534041859
329740	-0.004783387594	0.009656821108	-0.001218222992
334763	-0.00097947721	0.000817596337	-0.000495066272
255625	0.003659353032	-0.003675870267	0.002110728814
544395	-0.006336717417	-0.006717344329	-0.006354710237
313341	-0.017083192098	0.014761611626	-0.017456573755
591094	-0.001052708042	0.002394253378	-0.003336426175
96902	-0.003398303585	0.004856244506	-0.005010683429
361395	-0.003680309939	-0.002992558646	-0.003773953986
139522	-0.000322645882	0.000706023718	-0.001297965694
224680	-0.004799571493	-0.005784683881	-0.007417628602
92209	-0.004222393837	-0.013046302417	-0.009580187888
337520	0.000836826356	-0.000933052284	0.000826749826
582535	-0.008436535003	-0.003565271515	-0.000911203525
104318	-0.005360692788	-0.004850882653	-0.008500142653
583669	-0.00301532619	-0.007038411965	-0.004180205939
187488	-0.001689636208	-0.008602035127	-0.006066365173
538642	-0.002055393833	-0.006854095591	-0.001184168959
314090	-0.028026305582	0.01816526684	-0.017572603429
139752	-0.001634195301	0.00034197	0.000125848082
235311	0.001549803334	-0.002178749688	0.001778344181
152853	-0.001723678561	-0.005591196265	-0.001220021767
317155	0.001647291709	-0.001815812016	0.001428588069
333266	-0.012449615873	0.003387387661	-0.014330817339
532913	-0.022881964766	0.04039361536	-0.013438952169
317708	-0.015653462011	0.025335620571	-0.029230798418
230216	-0.018392568943	0.0170587432	-0.020070930113
101015	-0.000373692159	-0.001747660865	0.00228503561
244390	-0.004653251034	-0.003939932555	-0.00776441746
146687	-0.000906380888	0.001440792812	-0.00299372213
262549	-0.003509885304	0.003213689437	-0.003742268737
263897	-0.002180013131	0.000947382927	-0.001281253984
315848	-0.011218781322	0.000464114048	-0.002703036829
107320	-0.009534422845	-0.000136074674	-0.003442909151
565326	-0.017364254153	0.025991427407	-0.011760417017
70494	-0.008601747112	0.004769738216	-0.012761379992
516971	0.00121456148	0.000322967778	-0.001723674559
311032	0.002385752379	-0.006585403119	-0.001819863481
144699	0.000139485503	-0.0005457414	0.000120432303
8201	-0.005110098846	-0.002498838688	-0.007200847271
592739	-4.231175e-06	0.000282016703	-0.001042867864
116368	-0.017813316615	-0.00459952988	-0.010758986134
8173	-0.018542449362	-0.002735729595	-0.016016262298
8215	-0.001095227757	-0.007905953665	-0.001198850992
145318	-0.011207983023	0.007275543159	-0.003127375543
114493	-0.010923420223	-0.007696886249	-0.002321193164
139282	-0.000359571099	-0.006013202373	-0.002212507556
103719	-0.01267499078	0.006676659774	-0.004924445636
8214	0.000935907879	0.000471130178	-0.001178056989
275661	-3.1931411e-05	0.000324072894	-0.001061019205
102362	0.002008021319	-0.009915435151	-2.0396409e-05
8195	0.000753555209	-0.00609792676	-0.004367787939
593776	-0.000684229497	-0.004691508723	-0.002452057868
326600	0.000429040128	-0.001112444471	-5.6864151e-05
115206	0.000540971349	0.00026600705	-0.001534992647
100683	-0.003700536741	-0.010380037365	-0.000391619693
546823	-0.005994567395	-0.011048677339	-0.005523140512
206232	-0.000578409231	-0.006908068516	-0.00059052007
188182	0.002429404518	-0.002082515868	0.001743140402
376032	0.001324120791	0.000298799785	-0.000967086418
95209	-0.004984612592	-0.010140429368	-0.007355230713
309637	0.000257508434	-1.6074989e-05	-0.000771426923
243296	-0.002610864277	0.001445203724	0.000600008597
544882	0.000942113748	-0.000711139984	0.000510235056
8190	-0.002644987067	-0.006760532293	-0.003521463317
358464	0.001452146667	0.002528429681	-0.002625246192
101822	-0.00081417749	-0.004467494912	-0.001648434846
161773	-0.00449944395	0.010280805065	-0.00788677261
79509	-0.003804090875	-0.004500568924	-0.007876192147
166304	0.000382235269	-0.00421528018	-0.003101855456
55809	-0.000955869293	-0.010775295869	-0.005259757792
87543	-0.004067956262	-0.000834323084	-0.008241898499
152723	-0.024227793577	0.002668677303	-0.015792855345
165647	-0.018742071829	0.008615925627	-0.0052352808
570256	-0.000537965463	0.00083121761	-0.00156513578
354436	-0.00301008718	0.004304618842	-0.005030792763
113799	-0.00077783344	-0.006733050348	-0.004634559766
267568	-0.001376552613	-0.00282463079	-0.001238977549
554141	0.001088321033	-0.001441979035	0.001349870572
79309	-0.000681020026	0.001376049465	-0.001645853635
316774	0.001686479321	-0.007931623576	-0.000413880196
139543	-0.000476483206	-0.008334125328	-0.001742556696
578191	-0.007736430043	0.001245928958	-0.007597334645
140094	0.000355818847	-0.000462036134	0.00039258734
211053	-0.007419388263	0.000141332816	-0.003052403257
73167	-0.000812040224	-0.005155096582	-0.004138708878
536009	0.000877821547	-0.000660082196	-6.8707765e-05
581833	-0.001812467651	-0.003213751419	-0.004167722577
565377	0.005017285694	-0.005913432877	0.004683887334
471448	0.002754233298	-0.002404755799	0.001161244037
516251	-0.004795655766	0.003060237428	-0.000196657536
43465	-0.007089599361	0.002899722754	0.001411873712
333725	0.00039057823	-0.003034367513	0.00036444341
340095	0.007447029634	-0.008034274717	-0.001396281639
140772	-0.005727027647	0.002450231537	0.000874378847
526385	-0.006499888186	0.002943641923	0.001432217104
140930	0.000154259732	-0.000442141956	-0.00131622516
71823	0.001368703717	-0.001555878035	0.001041911914
275935	0.006352043287	-0.004112518085	-0.00842479153
139289	-0.008842470668	-0.001041125284	-0.001129367906
8523	-0.004649066553	-0.001707699131	-0.002230516227
242070	0.000324161297	-0.000421669055	0.00050547516
280369	-0.00493936107	-0.003158334316	-0.002673992065
224745	-0.006999177108	0.002948444334	0.001092481671
78890	0.003426657519	-0.002574008888	0.000275039991
510529	-0.009044299737	0.001936782352	-0.008748560808
520731	0.00307204498	-0.003611074478	0.002613571999
157301	0.006459861005	0.006330616885	-0.008411180667
561000	-0.007948943732	-0.001313039976	-0.005698232747
253171	0.005028123125	-0.001494121499	-0.001601378719
110332	-0.006971272967	0.002675923499	0.000633595443
186382	0.00066206483	-0.007181565502	0.000444546287
108449	-0.002659162737	-0.005979924799	-0.002398213363
267987	-0.004276341025	0.000998098752	0.001027129933
73352	-0.005070182101	0.002180656954	0.000137556709
327694	-0.002954819292	-0.013087486975	-0.011368855911
183753	-0.003280217377	0.001839524602	0.000670300807
155221	0.004074577878	-0.009752170194	-0.001566415987
571439	0.00735799993	-0.009345061388	-0.007481171479
411142	0.008933697384	-0.013350934658	-0.008015773161
276867	0.003591231184	-0.011375132458	-0.004255914419
269930	0.000776130838	0.000524369394	-0.00275840662
260790	-0.000842272237	-0.000220678963	-0.000765443485
141206	-0.006104667989	-0.006113290713	-0.000658018054
318906	-0.004838251476	0.003666882497	-0.001621485817
144968	-0.000973457985	0.000579827846	-0.000212989004
393265	-0.005833710686	0.003774621194	-0.004026317799
110621	-0.004863774758	-0.004241961353	-0.012311963966
109056	-0.003802451765	-0.005724132476	-0.001094703261
549107	0.003975966098	-0.002524390439	0.001538899951
141127	-0.008571338232	0.003128441389	-0.000818175765
237173	-0.01040973997	-0.000857709754	-0.002189917002
140966	-0.00269703745	9.6928572e-05	-8.2852812e-05
66816	-0.00272656153	-0.000471833202	0.000559681851
103728	-0.010278141431	0.005171059788	-0.00116800464
140933	0.009306420083	-0.010447724339	0.000133750876
251989	0.001093330892	-0.001690917321	0.001539880736
350105	-0.002309248133	0.00197363968	-0.001033474716
140880	-0.000239140003	-0.004813671072	-0.003224480135
270842	0.00013728134	-0.002429403299	0.003814306745
279231	0.000641561383	-0.00621595659	-0.008304395975
99494	0.00501973396	-0.004186824891	0.002080144747
78485	-0.007465704462	-9.824479e-06	-0.003302733942
153457	-0.004250943535	0.002227799696	0.000336435865
89393	0.018630500887	-0.014818664837	-0.006567053416
130002	-0.006194253782	0.001762751134	-0.000411665387
394796	-0.004535545926	0.001348463993	0.002026448564
410048	0.002454288061	-0.001517922071	-0.00267545349
358042	-0.013364828922	0.005731112756	0.002054593499
133961	0.009121870937	-0.004393077626	-0.007224838174
446356	-0.014932475449	0.006281302537	-0.006800262349
308767	-0.000801100363	0.000908727676	-0.000558246363
544313	0.007206516222	-0.003414463763	-0.002317675105
103025	-0.00076430081	0.00171917518	-0.002386123919
414568	-0.0062540902	-0.00488524634	-0.0032587109
261144	-0.000130287399	0.0001347006	-0.000116299634
25543	0.012249144625	-0.011561929387	-0.005723527722
315411	-0.00214939543	-0.004763373049	-0.005288149896
47897	-0.009997774142	-0.001729167531	-0.000564577413
303853	-0.010747253435	0.006445227111	-0.000509208045
236335	-0.007237701258	1.9128455e-05	4.1925606e-05
66020	-0.014133047379	0.006044924493	-0.008483197888
158847	-0.006697109899	-0.003131918695	-0.008314440371
278985	0.000960716708	0.000777951575	-0.002676559223
221119	-0.022268883246	0.000677183364	-0.014934876979
117364	-0.011051132048	0.003504028064	-0.015100580239
142117	0.003085471329	-0.003653330211	0.002938810952
101411	0.011832145554	0.020190828277	0.010044703915
110041	0.002379380127	0.01038839106	-0.001675490875
380204	0.000532141184	0.000879131137	0.000184269624
205808	0.014938358551	0.030942865904	0.014105671445
358429	-0.000343008059	0.007682871795	0.006854929146
254304	-0.000212353068	0.000108522672	-0.000200815756
309790	-0.022646961081	0.02312840601	-0.005013321824
113578	-0.005307316399	0.003168508056	0.000147483006
223386	-0.000922124883	-0.003849181381	-0.002708478073
587498	-0.001724624843	-0.009644130475	-0.002296682514
39461	0.003151141432	0.001974075825	0.002809881228
8051	-0.003235889901	-0.003605924178	-0.005322504275
235630	7.2934307e-05	-0.003973918163	-0.003671599445
205851	0.006485640767	0.004801378482	-0.000133501537
141872	0.003925446758	0.050148973525	0.026554592295
8098	0.007346077094	0.043295759067	0.016885599556
141423	0.005340695679	0.009462928055	0.006237498397
135917	0.013549976572	0.020065945341	0.014266823772
150338	0.019070852383	0.023226909583	0.010347323201
48494	0.008803298626	0.010530708963	0.005537854937
548160	0.01708577156	0.034965451254	0.01275360179
154661	-0.000143648312	-0.001164159631	-0.000952534151
212454	0.002325282282	-0.00139559455	0.002295710121
530612	-0.011475005478	0.036179677063	0.00766718287
94840	0.019285780376	0.031133222011	0.01389907011
131019	0.01172983594	0.029406654495	0.009351304534
534688	0.020763008161	0.042558463727	0.013983368619
8096	-0.001863461107	0.013332133226	0.008383825814
224998	0.011456754684	0.031687614614	0.015293529632
335355	0.000989781773	0.002748661339	-0.001650415075
525836	-0.007396337124	-0.005928405592	-0.007721330413
146120	-0.002256271321	-0.00488754568	-0.003258052562
16413	-0.003831726804	0.004367575546	-0.003780544508
142950	-0.000121294248	0.000293864996	-0.006770001429
537257	-0.000305129102	-0.004642693992	0.000600299324
218525	0.011353853813	0.014000169406	0.005862894388
294790	-0.007232771729	-0.002958860353	-0.007307145816
265527	-0.003151600537	0.007555054432	-0.001566820775
8054	0.00641628935	0.001382164691	0.00335481738
8057	-0.00513538389	0.025281607922	0.009647584634
8084	0.005769791803	0.010008853594	0.004453283244
142784	0.001591546607	0.001896098091	0.000822377641
45263	0.003026779253	0.008612054182	0.008269967671
286126	-0.010457562486	0.008788566894	-0.00681719315
574649	-0.005947794862	0.006646857119	-0.007513519912
8101	-0.002121852463	-0.006697474963	-0.005646913199
548050	0.001192158011	-0.002139542145	0.00160145052
237458	0.001246134825	-0.001481178238	0.000653299912
550427	-0.001981719876	-0.002674290295	-0.003834412951
532152	-0.000595896957	-0.002923117084	-0.003721033866
279401	0.000203381982	-0.005085849257	-0.001684494203
592523	-0.006608725228	-0.006870273108	-0.007881102619
343119	-0.000408068955	0.000494442753	-0.00027303931
139679	0.000544501851	0.000995237381	-0.004728096268
305646	-0.030112096492	0.004868903068	-0.002169120839
236488	0.00019396995	-0.004846892435	-0.001576582785
252006	-0.006638655803	-0.006927995723	-0.014596957202
339012	-0.004847279208	-0.007603367585	-0.006024305495
522744	-0.001764167234	-0.000569120626	-0.004583480416
539709	-0.004364813339	-0.005059608822	-0.003921129401
138619	-0.001066856044	-0.007984960572	-0.001092617714
102284	0.000222763546	0.000822531572	-0.002186000803
43111	-0.004705994504	-0.008131273672	-0.005834757846
37302	-0.006370288768	-0.007838508628	-0.00750231781
586481	-0.004676839853	-0.001426068991	-0.005683238025
510924	-0.018949693095	0.018009715397	-0.015291443314
18746	-0.01582289055	0.019914957193	-0.01520582234
135216	0.010920120122	0.016562403445	0.006621505808
513774	0.00237411394	-0.007241754253	-0.00054903383
277633	-0.030197439849	0.038817725907	-0.016892015029
317335	-0.020248018252	0.013017121749	-0.010133496289
272243	-0.007837360224	-0.002895096552	-0.002575860522
277645	-0.012742040861	0.005637065579	-0.006619941112
300391	-0.000596912652	4.3805125e-05	-0.000201668229
114239	-0.001977746713	-0.007412798343	-0.005478648448
258297	-0.017629272143	0.003685880386	-0.001107615536
561950	-0.00091149409	0.001870511335	-0.002434678964
589725	-0.021580090452	0.000828693262	-0.010616643787
280984	-0.003876471595	-0.009607235649	-0.005142698009
278683	-0.00130694695	-0.004216212605	0.000622778053
536365	-0.002410307045	-0.005118721899	-0.004042826734
311740	-0.01105537749	-0.001184367527	-0.00640365139
555129	-0.008674470208	-0.011839169031	-0.006653775951
581185	-0.007824663119	-0.003589093949	-0.008837707685
421635	-0.000807815648	-0.006283797438	-0.002598809089
98216	0.00980930819	0.025342658903	0.000329995321
324870	-0.000110396856	-0.004642754696	-0.003794578607
344595	-0.00656476425	-0.001827585725	0.000345579188
313826	-0.004644269736	-0.009315533164	-0.008924323696
279663	0.000671557858	-0.005991136626	-0.002207972394
22253	0.005515569242	-0.005178762056	0.000518741212
16391	-0.00159827906	-0.00647425289	-0.001498400534
347038	-0.003989310468	-0.007445739024	-0.007617963868
73506	-0.008152540761	-0.006452498501	-0.002823322962
240701	-0.006517310427	0.00022503825	-0.003799569012
99390	-0.000117686212	-0.005529888666	-0.003008589601
282458	0.006204057487	-0.002720408319	-0.00770726438
251664	0.007834734713	-0.005194644367	-0.007388365823
536873	-0.001264878173	-0.000241782177	0.001514810127
321458	0.001493903943	0.001021905247	-0.002520962807
278735	-0.017031580668	0.002462696662	-0.003806307766
325840	0.001221385589	-0.002159132332	0.001921229856
587687	-0.006467850041	-0.002001597856	-0.003721091061
317285	0.002036711134	-0.010086497332	-0.00721863534
574974	0.009080737476	-0.001716684526	-0.005268118737
419180	0.005433742858	-0.007800350701	-0.002266884084
102805	0.000593388981	-0.008924149613	-0.004659849681
362533	-0.002337403138	-0.004956489605	-0.003790692799
320125	-0.001464433936	-0.00985604015	-0.004785880445
135830	-0.002389370883	-0.004969356729	-0.003018442656
227017	0.002177969083	0.000117738393	-0.002736191128
77169	-0.000284152789	-0.009775149019	-0.00552502612
526380	0.001074594868	-0.00089207786	-0.003098157571
529786	-5.2631656e-05	-0.007426714673	-0.005252055407
529296	0.000336597106	-0.014106173654	-0.007741464233
36918	-0.005966680986	0.003244430416	0.000974743562
212714	-0.003232346699	-0.007182314974	-0.00739906205
392463	-5.7285329e-05	-0.007561973992	-0.006250152922
542155	0.007817982631	-0.00331886924	-0.0004671066
137191	-0.008790616025	-0.008099355051	-0.005969730245
216743	-0.004754823527	0.004105072513	-0.002404072305
561011	0.005681341483	-0.008301784748	-0.003483879814
63324	-0.00242196326	-0.00740415702	-0.004751197315
207732	-0.004047437592	0.002076871936	0.000752225614
575883	0.005405294713	-0.002152203944	-0.002323443388
36221	0.005020489068	-0.011362843365	-0.007218799075
235968	0.003750836759	-0.001606718259	-4.473851e-06
514449	0.003878457316	-0.009308019556	-0.006271892338
112161	0.004436192402	-0.004846268025	-0.008965635337
237253	0.004012622168	-0.001153554564	-0.000286621682
270320	0.003861516621	-0.003918228357	0.003208149113
236913	-0.009352989626	-0.006502177001	-0.004089206058
590656	-0.007880888728	-0.008878794369	-0.006370333133
99452	-0.007649661109	-0.000955508288	-0.001539446384
115022	-0.002322711408	-0.010307153142	-0.005916425128
315994	-0.001964075803	-0.008364700259	-0.006510588239
499851	-0.009084382765	-0.00227846178	-0.004852561451
572561	-0.005633622369	-0.002090940805	-0.003056274688
311942	-0.003733042119	-0.007768285449	-0.004556064417
123281	-0.002038686785	0.002533612613	0.000275580056
307323	0.002206207748	-0.008040269542	-0.006950729685
7914	-0.010863570996	-0.004667499673	-0.004070651249
7908	-0.004227612103	0.001412342772	0.000844686399
235173	-0.00254849221	0.000427425737	0.000872349354
557327	-0.002141499935	-0.002783612692	-0.001524050012
579691	-0.000454945293	0.001296508821	-0.002139168037
7958	-0.009374178933	-0.00561207374	-0.004781018333
259537	-0.006837492366	-0.006902067033	-0.004074963305
7955	-0.009773508407	-0.008480861275	-0.006150461304
168390	-0.003245910546	-0.005577861068	-0.006782333719
153948	-0.001970196208	0.000615920859	-0.000727357465
257199	-0.005409873678	0.003043233391	0.000552220865
226108	-0.00319390344	0.002456625388	-0.002111117616
331322	0.000616203986	-8.4154901e-05	0.000594817414
318862	-0.006048161612	-0.002813439794	-0.005905026196
7971	-0.002310130289	0.000246911242	-0.000437847081
7996	-0.00528419828	0.00187557105	0.002269923149
543450	-0.009788494008	0.006069256845	-0.001559772533
48785	-0.001200830467	-8.6732292e-05	-0.000514951443
551369	-0.007051033706	-0.004578924914	9.0132714e-05
58869	-0.003800125817	0.002587874963	-0.000938570269
8008	-0.002581347535	-0.004766966047	-0.00289287215
555343	-0.004714569369	0.004976825909	-0.001034005679
590087	-0.009657020628	0.005641102768	0.000507562335
7978	-1.6521372e-05	-0.003270152967	-0.003896679807
327533	-0.011255533668	-0.006294736625	-0.004809812593
45765	-0.001042147469	-0.009556742807	-0.004835056679
100054	-0.001032857102	-0.008844805318	-0.008444578812
193694	0.004107445513	-0.002672092963	-0.000786710613
575450	0.005179455992	-0.011046553003	-0.006706845529
148490	0.004189285491	-0.004277550228	-0.003900082025
336069	-0.005481629289	-0.000977459506	-0.00228035577
252003	0.002604075823	-0.001550683335	-0.000336174462
535071	0.001558732045	-0.001401749955	0.001020461333
362382	-0.001313915651	0.001675518666	-0.001250803192
98992	0.001323132055	-0.006366928885	-0.00045779773
365486	-0.003650227841	-0.000967472503	-0.004840982213
149607	0.000808065184	-0.002917740569	-0.002003381907
269523	-0.015746704408	-0.000765825307	-0.007808190292
575131	-0.00444696496	-0.004043356928	-0.002549397902
568157	-0.005551374661	0.001643238154	0.001879547971
558342	-0.010143819937	-0.000381304222	-0.003089197568
559916	-0.011055712384	0.005941878324	0.000919912247
156557	-0.002420780393	0.002329098645	-0.002717958142
272458	-0.002290992467	-0.001104739115	0.001584728875
19290	2.3144424e-05	0.000315928348	-0.003016303001
314162	-0.000811381163	-0.000188295676	0.000585041541
251151	0.001194627619	-0.000663022989	0.000500713725
83477	0.000289579101	0.000674809289	-0.002171256879
154082	0.002445926365	-0.006622860687	-0.003946939256
547615	-0.009475867249	-0.003382034116	-0.004210547842
229650	0.001128416165	-0.001251212328	0.00113453424
354403	-0.003052341001	-0.001707076375	-0.004245958541
313983	-0.015091333756	0.002028459089	-0.007807141066
8026	-0.00521233701	0.003157045163	-0.000405580589
541438	-0.003506565767	-0.005767270717	-0.004629457968
251636	-0.002362045591	-0.008524445941	-0.000696924339
215917	-0.003516231298	0.000424260748	-0.004390580478
76053	-0.010659062859	-0.003386799053	-0.003897599209
555799	-0.015613954696	-0.001593003104	-0.000244724382
523629	0.010285989381	0.012974199687	0.007429703533
225004	-0.000856868166	0.000332483351	-0.000313771755
311786	-0.000308281098	-0.00158977098	0.002117488447
342189	-0.001447607129	-0.000365112987	0.00118279345
539642	0.000145522295	0.000294527661	-0.000537068862
255117	-0.002212964969	0.000749266122	-6.8060936e-05
556502	-0.007548235301	0.00941013062	-0.012423473309
101210	-0.003741314209	-0.003005038898	-0.003974103235
171373	-0.001936346745	3.054526e-05	0.000951978668
577330	-0.001919613722	0.00119869031	-0.001757466505
150744	-0.00246826625	-0.005032100977	-0.002555456891
151600	-0.003775517095	0.001238111519	0.000407671134
535870	-0.004689853599	0.003297253495	-0.002509060431
552276	-0.003303363559	-0.003450539079	-0.003931666408
342284	-0.008343532414	-0.006152147687	-0.007563580903
81479	0.002175462028	-0.002629649687	0.002296508383
155418	-0.01011653094	-0.001325095564	-0.014048253881
155915	0.001548075723	-0.001445173781	-0.000950567046
250968	-0.000471480025	-0.003518302323	0.004987039916
199419	0.002242235175	-0.00179756823	0.00169289346
253267	0.002225020039	-0.002259267019	0.001941694864
304039	-0.001122033188	-0.004826567763	-0.003581585424
578072	0.000872279647	4.0861619e-05	-0.001427732638
144237	0.001369663143	-0.001084073464	0.000817332144
579424	-0.000865618533	0.000287746694	-0.000218357984
544029	-0.00080623211	0.001819869919	-0.002561499168
329297	-0.009999902745	-0.001791876362	-0.002703000409
356150	-0.001119520876	-0.003864096356	-0.002343624828
274153	-0.008917594681	-0.001124625264	-0.008777961134
126228	-0.015710620115	0.013222705717	-0.024171360254
352770	-0.010464226115	-0.000202185882	-0.0121359751
297961	0.000708304622	-0.002826669218	0.003344522577
272502	0.002878054544	-0.003070845865	0.002434114608
99301	-0.003384106129	0.00449687582	-0.003913763243
342374	-0.015622152165	0.034243042472	-0.017371761287
517810	-0.011790492447	0.007499589249	-0.016033158083
105115	-0.018816191484	0.013065503123	-0.013168092777
7587	0.002523783998	-0.002086510234	0.000159132075
332804	-0.005831732981	0.003985209275	-0.011927914186
533132	-0.004966017379	0.002599747558	-0.000689136267
580575	-0.002171134254	7.029072e-06	0.00044614412
7643	-0.006322694146	-0.003406244695	-0.006693913366
263960	-0.011864290351	-0.002864569665	-0.016259218305
590955	0.002800698241	-0.002119868056	0.001141762651
255109	-8.6428434e-05	0.001776312755	-0.002182232164
278306	-0.00734322754	-0.009760544055	-0.010353021426
72638	-0.011064536614	0.009464842136	-0.002743270231
172303	-0.006186501324	-0.003631630787	-0.005729462345
72559	-0.000557839946	0.000821682043	-0.000837943031
307033	-0.001071443757	-0.000155391756	-0.000461078868
570082	-0.010123265537	-0.005244600777	-0.005482845687
341837	-0.010238241324	-0.004211868638	-0.001127620272
275872	-0.013664677798	-0.003770202284	-0.015386047505
533025	-0.001717413043	0.002102932505	-0.00359029282
151228	0.000555722206	-1.8790027e-05	-0.000573617868
156200	-0.020337307439	-0.00221551086	0.00202855669
566137	-0.019458362118	-0.001070928797	-0.003068300026
516020	-0.005628622292	-0.006827100383	-0.008466935871
273520	-0.029246885556	0.007513773253	0.002776966304
276375	-0.002018632999	-0.00737162351	-0.000303287511
584938	-0.010921383663	0.000911263579	-0.002656201442
264798	-0.007626577786	-0.002083019187	-0.005680800349
217304	-0.006566140538	-0.008167465814	-0.004303943051
333006	-0.006842578507	-0.008028257533	-0.003540237315
538780	-0.001934289665	-0.007858750223	-0.004233408881
98768	-0.014165271651	-0.001134189899	-0.00455035156
213821	-0.003679668481	-0.000656376509	0.003899306457
254195	-0.014081703516	0.000846679444	-0.006114889802
538297	-0.023525086425	-0.00555464761	-0.004040969351
110147	-0.011208914233	-0.001050111924	-0.018331595799
571289	0.000987062604	-0.000878568613	0.00062216926
296708	-0.009874070081	0.005174474279	-0.016867530337
546867	-0.020828334923	0.021888158707	-0.012663063393
539105	-0.006629404796	-0.006319866739	-0.001313917876
429948	-0.002050092354	-0.002531508202	-0.001297920114
546751	-0.017845958965	-0.002342769137	-0.007756598739
277870	-0.005148079159	-0.002104169045	-0.002881866569
250082	-0.021863893135	0.006969406535	0.007235397252
558137	-0.001134876208	-0.000400761751	0.000652305653
584923	0.001884118133	-0.004400152828	0.004339145621
79212	-0.000725730996	-0.012829316413	-0.002014952317
180233	-0.001554437889	-0.010825860782	-0.00064517814
313357	-0.000882069855	-0.000379719004	-0.000871720102
305967	-0.003525508709	-0.00588920264	-0.001576940448
256660	-0.001990418792	-0.010157465658	-0.005543507354
149753	-0.008591829453	0.004015075354	-0.002233010371
105207	-0.00306460319	-0.002801256167	-0.005255565322
272596	-0.00959459413	-0.013598873848	-9.5889261e-05
88634	-0.006259543089	-0.012082569045	-0.00827888836
337743	-0.000258922885	-0.000210547585	0.000521535532
533202	-0.006424302365	0.000729617626	-0.012822590587
587974	-0.00178159202	0.000537760006	-0.001012874786
177523	0.002586941472	-0.002209756974	0.001367668517
256886	-0.003977191555	-0.010514727262	-0.002178991503
528941	-0.006833461289	-0.004300026985	0.002394583036
333875	-0.001593885636	0.000220188117	-0.000154971899
196530	0.001189117629	-0.001327548952	-7.643062e-05
103037	-0.017555568725	0.008241588149	0.000248874004
202055	5.931745e-06	0.007776647764	0.001737843761
527196	0.002661602286	-0.002980832266	0.002559428933
171889	-0.002414680862	-0.005390104732	-0.002631759507
280943	0.004584859493	0.005109464797	0.002421669846
317047	-0.000647130378	0.000290957092	-0.000239671608
568686	0.000625975728	0.00064940627	-0.003632736093
349780	0.001077393209	-0.002022503163	0.001685599767
530809	-0.005964788414	-0.006073110744	-0.008142853921
139981	-0.002878122402	0.000477343715	0.002325864003
353756	0.016484273681	0.020996892273	0.009283666197
156986	0.016286570065	0.019019388621	0.013335741942
155536	0.015331265215	0.021876389588	0.006640447147
142645	0.024946172764	0.033549803323	0.021525645519
587540	0.013806734887	0.024707687543	0.01567270285
244867	0.009718652601	0.049048550801	0.02732642449
550828	0.005501671582	0.006733409703	0.000521903321
114472	-0.008384717393	0.010864201853	0.004461937989
584489	0.000575522888	-0.005669681643	-0.00432753457
248771	0.007127112087	-0.013498711858	-0.007508295011
313985	0.034895242555	-0.021279998395	-0.00413012254
137192	0.009525515149	-0.016721719648	-0.008029801134
551472	-0.000391379953	-0.010124981261	-0.00645019278
512616	0.000594319079	-0.005318059096	-0.00600801502
75633	0.016899861102	-0.012794485443	-0.007119015053
222645	-0.010776773596	-0.008299506184	-0.009535580128
277765	0.000955247693	-0.010648304339	-0.004662000559
105915	0.012699142563	-0.009855468369	-0.002356586528
255261	-0.00381036904	0.005522083415	-0.001695467055
458397	-0.011474379486	-0.003656650671	-0.006222317643
581900	0.037632288917	0.018580408183	0.008530872489
332476	0.024702119481	0.018075787421	0.000177413758
537797	0.013610705428	-0.008096792419	0.000650186889
154435	0.024520903644	0.023344584013	0.017570705679
332574	0.011595866953	0.021098312943	0.008650364787
593006	0.019082053314	-0.005232559919	-0.007729070698
84768	0.037668537072	-0.008991197816	0.00381320979
511463	0.025377129077	0.015538860051	0.00895972424
532025	0.005476338165	-0.006217441808	-0.003227246584
357680	-0.006451655457	0.00282414089	0.000768750818
544749	0.020065767437	-0.01138878327	-0.002436959901
156500	0.024729678833	-0.002313675411	-0.006241232726
509622	0.036080208619	-0.012028290554	-0.001101290984
20938	-0.002607083608	-0.006595711091	-0.006352700812
366851	0.023301400581	-0.015801799039	-0.007444882342
235634	0.011115864457	-0.009677024935	-0.00226141623
27669	0.037047167001	-0.015717256423	-0.002285456159
156654	0.016224772782	0.008496049734	0.003432199038
153003	0.01911685386	-0.004610420553	-0.009733766407
215516	0.024923165712	-0.004140291595	0.001570234291
150982	0.011128132972	-0.010669233862	-0.005506922733
572643	0.013833144144	0.002286442985	-0.002934365779
364617	0.008303866237	-0.006092632306	-0.01074947026
560106	0.032163669564	0.010095100527	0.000925252295
310791	0.00245210663	-0.009766492143	-0.008280422715
247980	0.008925736367	-0.009827987909	-0.016110625446
564301	0.027880093829	0.00980280677	0.005363219183
47916	0.037280444982	-0.011477989706	0.014123674522
274454	-0.000151211943	0.000236012792	-0.000387426561
522839	0.010113763865	0.001666901788	0.001767652184
254180	0.005401521686	0.006775522026	0.006051648964
93707	0.010671073131	-0.000159095292	0.001410457577
258787	-0.00669462013	-0.007369813375	-0.006239866643
264970	-0.002379771138	-0.00547873178	-0.001772539928
194499	-0.005600288301	-0.001108042913	-0.005811252313
526439	-0.006982745868	0.001286413559	-0.008044826352
273639	-0.008195721224	0.003648063731	-0.008177777994
242728	0.002750987816	-0.002784284176	0.001354440561
90324	-0.012716838112	0.004183728716	-0.012628753173
545040	-9.8145493e-05	-0.000702208562	0.001124149224
258873	-0.004409664107	0.004117520955	-0.003940629067
589587	-0.017066220094	0.00453111218	-0.007692761704
562037	-0.012344214895	0.002824336571	-0.005952391265
7630	-0.00194684774	0.003339924218	-0.003383796851
95937	0.002044333005	-0.003177255019	0.003239333194
348724	-0.005505516973	-0.008439544442	-0.000865270953
98135	-0.000343161497	2.033303e-05	-6.1542856e-05
146366	-0.003679797367	-0.003274054121	-0.010111478799
261609	0.001586419697	-0.002594104797	0.001964864039
261285	-0.002046910006	-0.001201765025	0.000124593416
341821	-0.002406220521	-0.000443861091	0.000518880561
166442	-0.010157516876	0.001118420354	-0.01149722699
574507	-0.018005733277	0.0048180787	-0.005896258965
561739	-0.003579295463	-0.000395134834	0.003687827694
515916	-0.00668903212	-0.002154935183	-0.010289982437
513570	-0.000592774855	-0.001167959481	0.001604039389
202816	-0.000420041102	-0.006931658491	-0.000908521542
257849	-0.01410260676	-0.006044956239	-0.003502810764
553394	-0.000125137931	-0.001501875137	0.001563790625
511326	-0.00206516721	-0.002059085568	-0.005505584699
155768	-0.001533551555	-0.000800477435	0.001936963881
347251	-0.009884745735	0.002195237348	-0.010759752579
137174	-0.020461553188	-0.000600020582	-0.008668415064
146458	-0.013494822386	-0.006773264239	-0.007309576584
201369	-0.01902670713	0.000275525749	0.000394001404
100439	-0.001902183245	-0.00667196448	-0.001229448103
7634	-0.001908221358	0.001244288815	-0.001570852019
585866	-0.007811660378	-0.006452924037	-0.008949997483
311399	-0.002832120234	0.002285622836	-0.00128610975
336977	-0.002475485647	-0.000416367278	-0.001596115411
160646	0.00058876023	0.000397821148	-0.000755949097
356249	-0.007973541464	0.005238592961	-0.003707252119
361994	-0.007712847596	0.001080457602	-0.004687106357
338034	0.011819929789	0.014889524525	0.012327408863
238593	-0.001383644812	-0.005631881813	-0.00231285788
558595	-0.002755558559	-0.005823023179	-0.001374048879
588362	-0.001457524567	-0.004047375262	-0.001687685734
327055	0.001049358953	-0.002337438629	0.002385523513
258366	-0.005210832416	-0.001695907254	-0.007729412349
276755	-0.005090539611	-0.004577615751	-0.002483902781
312336	0.002187357607	-0.002038852817	0.001286670018
559794	-0.002926455867	0.001726721333	-0.001602490768
312465	-0.00324954668	-0.000917800622	-0.005499009104
169426	-0.008259936724	0.007502629406	-0.00026424355
301947	-0.005327470058	-0.006461013807	-0.002070969798
264901	-0.002799462155	-0.013073752724	-0.001748233194
181525	0.000381572339	0.000180788357	-0.000931373077
563256	-0.002422710372	0.002157384676	-0.000436895862
317142	0.000173877036	0.0004240147	-0.000268110863
548961	0.011748430937	-0.000912194112	-0.002254195614
554186	-7.4440097e-05	-0.002853158353	-0.001034020713
83068	0.026446113079	-0.0005640433	0.000161106753
571867	0.009387043437	-0.004413376355	-0.000868585181
565462	-0.002024488438	0.001962381974	-0.003222592647
263799	-0.00875941583	0.003595407557	-0.002918507107
561386	-0.009106602909	-0.00205929002	-0.005132435164
545461	0.002322843824	0.004427719049	0.002367895396
575230	-0.007750350341	0.002319753775	-0.002140417969
89553	-0.006099063879	0.000421996746	-0.002863628569
292288	-0.002475082482	-0.003811100532	-0.002003010278
527507	-0.02229373437	0.004248851748	-0.001930921146
202468	0.001574250292	-0.002684488945	0.003333659841
251981	-0.000899782476	0.000659248808	-0.002572830049
278708	0.000427991634	0.000346433113	-0.000402917028
559269	-0.001296681665	-0.002856541201	5.7330169e-05
7628	-0.00427738973	0.001248582335	0.00209417724
221888	0.001517663511	-0.000917326583	0.000221857708
520399	-0.000106829324	-0.003336314632	-0.002500865367
157596	-0.006615627775	0.002749906376	0.000600881871
168486	-0.000915842885	9.0645654e-05	-5.5585091e-05
245592	-0.000116120051	-0.002995892135	0.002981777884
186089	-0.000157547335	-0.005640164665	0.000205937487
166871	-0.01690146343	-0.003589272117	-0.003376358292
278349	0.002689307263	-0.003667402531	0.002136133512
550474	-0.003679910018	-0.00414472978	-0.003049059664
574531	-0.005866723994	-0.011515874987	-0.006932531071
537328	-0.008904051712	0.003906056943	0.000963386858
571233	0.000924809944	-0.003642728394	0.001396302304
265007	0.000744598304	-0.002386303549	0.00232598026
362891	-0.008472178684	0.000394353445	-0.003768513753
241066	-0.001457543841	-0.003409853414	-0.002401214458
154047	-0.005226741611	-0.011116942579	-0.002950893593
152647	-0.001530975529	-0.005140148551	-0.003744417712
586339	0.003817862105	0.001295212985	0.003777212372
113155	-0.003071952651	-0.00632554551	-0.002191873492
160599	8.9699793e-05	-0.006273943786	-0.003679935112
331064	-0.010022794045	-0.007376300213	-0.012386434724
7575	0.001763986938	-0.001960326821	0.001671482321
7586	-0.00610110295	-0.006749732861	-0.002085818444
32280	0.009753071406	0.014159059157	0.007518950557
7606	0.00926046432	0.037981451371	0.018119426708
7598	-0.009696154587	-0.009655278995	0.000584206241
169677	-0.00442969126	0.000321011193	0.002499199414
7619	-0.003070125768	0.010259758937	-0.005921623337
7624	0.010172394765	0.018723198548	0.003407582768
7641	0.004717408689	-0.002691035228	0.00016821273
7621	-0.012511486694	0.019292544778	0.003083486057
131035	-0.002186959603	-0.004734763572	-0.003202779686
565944	-0.002671102923	-0.00170068523	-0.002647660221
104039	-0.003468152194	-0.009312990834	-0.006163551095
147990	-0.010022421247	0.003413546815	-0.004060197324
258311	-0.001334644954	-0.009978734304	-0.004485583925
96909	-0.003767253594	-0.00676943899	-0.005575066834
565421	0.00196800472	0.00360876507	0.001983594873
244634	-0.00766240783	0.004265685889	-0.001626929457
159540	-0.004555925285	0.001431365208	0.001736165149
511219	0.001655143588	-0.006534780081	-0.003303558577
367915	-0.008915659209	0.007610710069	0.001862468789
76061	0.005093993489	0.00542277849	0.00494587038
220661	-0.003261062428	0.000610346524	-0.000179318092
589528	0.001383002833	-0.000300708679	-0.002538444414
114044	-0.013584826018	0.049100819796	0.012359184368
153466	-0.01204007128	0.022414382846	-0.004445517482
346479	0.002462947948	0.033838354095	0.010877538553
207297	-0.007045119718	-0.002252300531	0.002505817228
253074	0.002784844242	-0.001438892215	-0.000656893731
585574	-0.001973848187	-0.008910216436	0.011420844738
510626	-0.001371805032	-0.003190409529	-0.007174851502
551312	0.000206399856	0.001161632387	-0.001598639074
365755	-0.002216884515	-0.00937671281	-0.005332520034
553141	-0.003990870039	0.004472249281	-0.003937035197
340951	-0.000171547545	0.002569558114	-4.8696224e-05
303531	-0.004421117516	0.005015257622	-0.004191817059
589101	-0.003739672269	0.009504248765	-0.007587219441
261838	0.000366393781	0.003198139297	0.001865426528
581393	-0.023725694824	0.00142542519	-0.011610277132
586541	-0.000391037704	4.7804561e-05	1.727677e-05
7650	-0.004686859985	-0.003396953578	-5.5225086e-05
509542	0.000260624642	0.001358619822	-0.002480603559
354483	0.009478511105	0.02127293014	0.01447680612
7649	0.011267298579	0.012292839541	0.013148826004
518194	-0.003043955022	-0.001631415733	-0.004241854759
316871	-0.008708901961	-0.001371513515	-0.009240757963
159272	-0.00269775396	0.001532312155	-0.001543414914
315780	-0.000209969169	-0.001376301259	0.000650132143
593544	0.006977046291	0.013095869113	0.008507192959
535059	-0.010674609907	0.006201923029	-0.00280321428
211956	0.001384096885	-0.001236888643	0.000559089737
43810	0.000469139614	-6.8972954e-05	-0.000225269136
107140	-0.004158979462	-0.005906638263	0.000854520184
193004	-0.000551385283	-0.000240619376	-0.00213118276
317250	-0.000671221311	-0.003229990049	-0.002417502913
528855	0.001310409955	-0.002169977454	-6.9584034e-05
292111	0.001691687143	-0.001389237953	0.001442973018
553983	0.001420789726	-0.00689864466	0.003047395916
139719	0.000465822307	0.000848724582	0.00076340427
197820	0.005594130995	0.011024844344	-0.000210476415
7532	0.001969087532	0.002235434648	0.001238068119
7541	0.004334210265	0.007807841344	0.00342124739
7559	-0.004189379922	-0.00777413433	-0.002507568161
245668	-0.002974422549	-0.005842952266	-0.00382855487
565851	-0.002911519471	-0.005218585251	-0.002426924522
159398	0.000166257053	-0.002382664438	0.002774383301
7556	-0.000212693002	-0.001492306629	-0.002143647451
168507	-0.007472288104	-0.00097373099	-0.002162701287
91521	0.003479470338	0.003432576822	0.000180723926
7609	-0.000861990173	-0.010052390322	0.001131742665
7603	-0.005594937138	-0.014481672708	-0.006015246802
154732	0.002649497588	-0.007192183155	0.000581863852
225518	0.001868213819	-0.002268127348	0.002300377862
553528	-0.009642516527	0.002058001183	-0.014226831825
568472	-0.008216603247	-0.005305977842	-0.005823289431
528872	-0.002179736411	0.003021357105	-0.002628766706
511925	0.016803566532	0.02479837842	0.010252085748
578673	-0.000509687552	-0.001192414913	-0.001699613355
322942	7.8848752e-05	-0.000686000497	-0.00020767508
56552	0.004295154343	0.007703193175	0.001719697518
150497	0.004026673136	0.004458149239	0.001375135494
573373	0.00024506609	0.01487065518	0.007730762712
233882	0.003402691977	0.002001487128	0.002645486085
350596	0.010494593916	0.019996921824	0.010022433806
155504	0.006535608432	0.006345872517	0.006843025611
539199	0.006409106099	0.004447167771	0.005688210974
359435	0.008584154305	0.015391797557	0.006300430561
253642	-0.000466901848	-0.008682285397	-0.0062850643
565631	-0.001127563299	-0.004210388566	-0.002633187337
278173	-0.015075326302	0.007494903556	-0.010506679586
344721	-0.005273610654	-0.001532956346	-0.002273605174
245026	0.001537250476	0.000232849108	-0.002576004693
500169	-0.000877587701	0.001143570654	-0.000655181409
78370	-0.000564308524	-0.00033871252	-0.000714896398
158622	0.00503255409	-0.001410857809	-0.000182717064
516554	0.003402398506	-0.001894304999	-0.002910423844
182827	0.015517520511	-0.009881841707	-0.005182671836
7772	0.008064599742	-0.003775628386	-0.00404924555
94102	-0.00782746838	-0.000495329392	-0.001412212973
320911	-0.003679339612	0.008649436067	0.004417000751
204506	0.006332938364	0.007077446673	0.005285890102
340602	-0.005289724137	-0.003373632772	-0.002466045911
145000	-0.008118054241	-0.005426971774	-0.004505780871
7792	0.000930676306	-0.000970128287	-0.003698886068
101731	-0.012774372844	0.007330115153	0.002676698868
583425	-0.003095833268	-0.010224237215	-0.003716237067
554502	-0.002135891931	0.000697235808	0.001391894348
264158	0.00209576068	-0.001920922985	0.000610131385
534474	-0.009352827006	0.003607136184	-0.006654035282
279341	0.001859897136	0.000665236536	-0.003391388137
571774	0.013229010606	-0.012516193361	-0.005286339605
137895	-0.00034290367	0.000905176577	-0.000112940794
293748	0.006307965936	-0.0063555907	-0.006053307847
223206	0.009541920658	-0.005215949575	0.000683883553
105121	0.013115192762	-0.011200169612	-0.013231447723
536749	-0.00852611623	0.003747100555	0.000209659949
578119	-0.004696246782	-0.002729080751	-0.006250953155
567662	-0.007964205275	0.008326006591	0.001551891656
353183	-0.004903848068	0.00069012938	-0.003053518858
79280	-0.003245560668	-0.005352841158	-0.001133449687
76350	0.001946251844	-0.01709197617	0.023386878133
245102	0.013005724531	-0.01514584387	0.012966210649
559836	0.018371198288	-0.017381166387	-0.007892175248
241713	0.007416202834	-0.002395204954	-0.001427722061
457990	-0.00227358237	-0.002658039432	-0.001356868484
253894	0.003257238847	0.016756533666	0.007161377437
101824	0.011154649146	-0.00534189774	-0.002192096682
577244	-0.004011296139	-0.00712948366	0.004206710731
140061	-0.002362264051	-0.004408029251	-0.004432455078
278947	-0.005424053301	0.002814615014	-0.001577885908
351629	0.008954544814	-0.00400757899	-0.003426094343
535329	0.008027847329	-0.004207517531	0.000316095383
254119	0.003407288594	0.010264497399	0.007885701507
101503	-0.010811533741	-0.006584249265	-0.003438624227
333628	0.023131589002	-0.018189121706	-0.002110412644
101000	-0.004122690594	-0.007575246711	-0.00542554524
219998	-0.009075722149	0.004061754234	0.000919228405
591221	-0.004683244381	0.001394216535	0.000756356718
149430	-0.001411530602	-0.002101554003	-0.000517896811
41720	0.001993452947	-0.000984318325	-0.001201157988
217221	-0.004489703112	0.003085002479	-0.00034833076
230970	-0.010038088923	0.004799821576	0.00081399155
138884	-0.000978375972	0.001484288595	-0.000991103865
85823	0.001144200141	0.000935342232	-0.002832937522
516809	-0.005502549657	0.003195795868	0.000458282624
593848	0.01080633788	-0.005588850008	-0.00319021842
275171	0.010710433599	-0.011945334751	-0.004048814585
389700	0.004535856288	-0.010134256844	-0.013480192483
429048	0.010300559155	-0.009345950143	-0.009463942504
150537	0.013994917549	-0.009072910927	-0.008229825928
107507	-0.006407891386	0.004217851064	-0.006803864802
93610	-0.015355739939	0.007469410546	0.001419294822
516410	-0.001276339926	0.00114556297	-0.002360489563
275388	0.003234425782	-0.000726461272	-0.001883391748
142971	-0.009035072391	0.00464695166	-0.000814967905
537205	0.000229320331	0.001379125634	-0.002497808064
297307	0.004979230388	-0.003593222586	-0.001999860374
257386	-0.009196970268	-0.004040189232	-0.004548544366
272797	-0.003796515555	-0.001675127554	-0.001341866831
593908	0.016139255417	0.004680385735	0.003996340053
236708	-0.006469577325	0.001501868287	-0.006797745174
105946	0.006000487401	0.026824771883	0.022533852636
315730	-0.012591429372	-0.004206860245	-0.004018550423
239403	0.020092318242	-0.007544639978	-0.006019309811
139166	0.011245815225	-0.007808662274	-0.006127266303
547724	-0.001857008072	0.002788864098	-0.006478560633
172808	0.008627648402	-0.007349466846	-0.003333105973
271896	0.008974819275	-0.00390360983	-0.001201919323
366690	-0.005028265893	0.003100217994	-0.000828724569
539242	0.008600740446	-0.004592248278	-0.002917002862
74443	0.007579555291	-0.012436075573	-0.008087546502
218479	0.013346742374	-0.006236200381	-0.002054418344
67341	-0.003677865621	-0.002576198557	-0.002423071064
68655	0.001034569803	-0.010374791811	-0.007111098286
101644	0.007671205898	-0.003103648335	-0.001673178827
184325	-0.002629926233	0.000664918171	0.000991520332
276133	0.006649082763	-0.013586149116	-0.006098720124
71415	0.008676379148	-0.004611141107	0.000671279123
192890	0.006399397341	-0.004368090736	-0.002334644352
533999	-0.006393153402	-0.001146968268	-0.002752138618
222534	0.00991745609	-0.006341341808	-0.0079071902
120471	-0.001782943121	0.001298041234	-0.001583899617
114384	0.005289208606	-0.00484690049	-0.008216391063
105699	0.006496577746	-0.007514479696	-0.008633706084
244451	-0.001428691125	0.001719932586	-0.002376117611
278696	0.014026821024	-0.021078622092	-0.007039172499
110983	0.009203230762	-0.003091576739	-0.002810819568
137213	-0.002989946376	-0.006585137012	-0.007788796422
233724	0.009050982071	0.000557236603	-0.002608157005
544240	-0.002348299519	0.001735057927	-6.5556613e-05
21579	-0.005206708556	0.00569960459	-4.339045e-06
550142	0.004998461995	0.000752062607	-0.003450066248
566774	-0.00819681505	-0.005390833003	-0.003449962237
136282	-0.005424144358	-0.00382946331	0.000580388669
253292	-0.014081858946	-0.002342813911	-0.003296209369
148878	-0.007818831275	-0.003958379774	-0.003046441743
143746	-0.005010150168	0.01222236025	-0.006558635133
110755	-0.000590206324	-0.003512902306	-0.002969138752
352689	0.001410572091	-0.002517687803	0.003041966301
231677	-0.010617516994	0.003571885374	-0.014984320042
232066	-0.011352158825	0.01089508423	-0.017735985428
325911	-0.01300109351	0.021661353747	-0.022733471682
228764	-0.019507909048	0.044271187467	0.019998854094
125326	0.0005468661	-0.000659033647	0.000564689968
571516	-0.007241616149	0.005006700791	-0.01054602589
116334	-0.020964596431	0.040099430465	-0.011339020742
560655	0.00582322627	0.013771223698	0.004748020049
333113	-0.01265531368	0.027698105283	-0.018303324214
276028	-0.0046148038	-0.001286719223	-0.005683507444
340660	-0.012834021656	-0.001413001851	-0.007696498438
322879	-0.014531581966	0.003311844026	-0.011620805032
343807	-0.000890781065	0.001721486278	-0.001918560259
550273	-0.003507700214	-0.003242241008	-0.003483164892
234504	-0.022026863408	0.014538553454	-0.015578387012
349307	-0.010669680488	0.020626790169	-0.021235949992
538209	-0.00451363563	-0.000319691276	-0.004714189505
564936	-0.009791552053	-0.001189353133	-0.009810650868
538087	0.000545693764	-0.000450983375	0.000547062438
355076	0.001134168578	-0.001116125875	0.001129352911
236718	-0.026534193095	0.04302293304	-0.00998530417
353485	0.002807744824	-0.003132856375	0.002781856286
233274	-0.012735957716	0.016084072269	-0.017149716286
68974	-0.024894888622	0.03072362489	-0.012784271526
355833	-0.004636088568	-0.002156412165	-0.004707170787
111884	-0.008521609464	-0.004780158321	-0.003532152205
316724	-0.004306378034	-2.3102916e-05	-0.000988614078
5950	-0.005831935985	-0.003422633912	-0.002202065273
352699	-0.002969354981	-0.00288064453	-0.004925862287
254127	-0.009169192005	0.018892202916	-0.010610555729
201204	-0.010464773798	8.427782e-05	-0.001701146041
256955	-0.00814252244	0.002570475017	-0.008594973637
562891	-0.006612148897	0.001682910001	0.002266882556
527154	-0.005453728642	-0.001611929966	-0.001164427289
227344	-0.005241965016	0.000223331774	0.000157949137
44758	0.01314510583	-0.011171483512	-0.010714102012
158376	-0.010591863026	-0.000674605181	-0.002498358887
261777	0.005465188359	-0.01369266348	-0.003155128028
155596	-0.001893216938	-0.000610898334	0.001778171035
155236	-0.012977271737	-0.000588523298	-0.007791648889
573545	-0.010378084516	-0.006059153967	-0.002604980432
201867	-0.013519462054	-0.003919471797	-0.005799652869
471451	-0.007678930148	-0.00435274526	-0.000507380687
572099	-0.003916548403	-0.002098508787	-0.006389973782
155854	-0.00812266775	0.003116105549	0.001412183609
539390	-0.012348155662	0.000491071304	-0.00846056696
5263	-0.00010703106	0.00036852315	-0.000769711543
206709	0.018205200801	0.000132115621	0.00639554006
76490	-0.003364997942	0.002588935842	0.00062459097
589676	0.003750899699	0.005092687893	-0.002159835579
554002	-0.007564283267	-0.003466857431	-0.003993503966
216594	-0.006222692314	0.015624982225	0.005547450439
200464	0.005854545975	-0.00604851754	-0.011282990875
17261	0.012607732606	-0.014846422728	-0.00800346483
573223	-0.000604077361	-0.005687400547	-0.002804629007
283372	0.006833647768	-0.011629727721	-0.009159481326
199327	0.01808785683	0.01314493823	0.000262033593
47066	0.013536112769	0.017663099236	0.001470278522
99135	0.008140415532	-0.01147585511	-0.010391265684
103710	0.002529048197	0.014534022571	0.006014098771
257465	-0.013491521311	-0.000363958228	-0.00324104028
383023	-0.012191080069	0.005757275524	0.001146568927
146948	-0.008051767699	-0.002574664537	-0.002561217682
90730	-0.001081770982	0.006543567175	-0.000567884087
133461	-0.003617848541	-0.005283504292	-0.000792684372
132981	-0.008999171171	-0.005555573173	-0.008568873075
578761	0.002626349688	-0.009419941215	-0.001726157428
227447	-0.005587430221	0.002580818245	0.000804000128
257030	0.007017771504	-0.018083016452	-0.012752015748
74262	0.001880497428	-0.012844578362	-0.006847917001
49093	0.003022939311	-0.007136486627	-0.003041513179
195857	-0.013498864709	0.00536639477	0.000859557186
183029	-0.005898060789	0.000301834366	-0.001470288286
277780	-0.009349131845	-0.007321794755	-0.005668067618
171777	-0.011285987201	-0.00149082835	-0.001101801285
144720	-0.001670445357	-0.002909563694	0.00167060413
26211	-0.016790175348	0.001528969762	-2.004759e-05
243024	-0.013992384397	0.001113948089	-0.00353245772
214126	7.025781e-06	-0.005536340347	-0.005107295424
244531	0.002692429294	0.001691444004	-0.000171521297
550878	-0.01259212784	-0.007845816333	-0.004124250143
66930	-0.002411360727	-0.008923430916	-0.004104196296
100639	0.005094989823	-0.001116870128	-0.003037674446
221997	-0.005334430702	-0.00233045752	-0.002050728333
585427	-0.012152801681	0.00610686692	0.001028877931
164020	-0.006019574342	0.003477295563	0.000583202522
527777	-0.007696698646	-0.004381648942	-0.002125334847
150990	-0.004609212952	0.001022078572	0.000519883951
275257	0.013409560036	0.005007900654	-0.008478013735
340714	-0.002419989689	-0.008107352604	-0.007047580631
5163	-0.011189115843	0.001735873444	-0.002386015076
267825	0.004241241646	-0.000540199744	0.00033557094
129415	0.015204384092	0.008157923034	0.007500481375
332848	-0.00773419803	-0.00183278332	-0.003494045191
518497	-0.013906401539	0.002683587295	-0.001802141306
431689	-0.006648168649	0.000201447955	0.004431565574
167459	0.001752201217	-0.001705260273	0.001009638653
5135	-0.001011053906	0.000441155599	-0.000510892147
365493	-0.00557208143	-0.007741947791	-0.001751274004
5136	-0.000949590989	0.002062374692	-0.002206239527
252231	0.002409396729	-0.001910799127	0.000918962241
557392	0.001886954816	0.016695715614	0.008908266473
22289	-0.006424330192	-0.005724131457	-0.003765907559
552671	0.005455555793	0.002066149037	-0.005831940811
519193	-0.000721769131	-0.003611047055	-0.002475221673
527879	0.003856975002	-0.005903476723	-0.000357307065
316301	-0.021061843368	0.000234598096	-0.004553515265
170119	0.011953989542	0.007855796103	0.004321174316
240197	-0.014524832851	-0.001715358985	-0.008959347304
538811	-0.002138115758	0.013958378555	0.00575370014
510769	-0.00014250332	0.000545566444	-0.001581682868
588630	0.014530513569	0.010483311823	0.004351904144
557512	-0.000159292334	-0.001394949778	0.001546649257
156247	0.000578589377	-0.005527319942	-0.001045244779
215375	0.018635528961	0.003518352007	0.002011528772
84103	0.001196242275	0.002094579957	0.000989517583
240591	0.032330687103	0.010646869185	0.016624558749
548592	-0.007099104209	-0.004037547045	-0.000313034145
144079	0.01212730438	-0.001373613117	-0.000918703379
322591	-0.012437692698	0.004811494575	-0.016418536114
264757	-0.001995253496	-0.00691919305	-0.00029423968
270010	-0.012450199126	-0.007229978763	-0.003530721865
231403	-0.003942662608	-0.00284880101	-0.004986168108
320821	-0.030120681156	0.022552114603	-0.017154944846
132474	-0.017528665272	0.027857746722	-0.01958792118
289355	-0.013037491425	0.000296181755	-0.013200395966
228302	-0.029044031381	0.030012637782	-0.017798598253
275744	0.002326259368	-0.002735730855	0.002644516227
155540	-0.009297545839	-0.000615905865	-0.012380499462
563896	-0.00270795172	-0.002121449754	-0.003601585387
139871	-0.007920560727	-0.000693557744	-0.001541915542
583617	-0.006744553626	-0.002510313935	-0.00214644702
559688	7.211554e-06	0.000342397766	-0.000381348306
147394	-0.007279005181	-0.011885571004	-0.009680350144
257971	-0.015149734085	0.006835539483	0.001115945679
5066	-0.008316887478	-0.012827136827	-0.008192579251
502999	0.000383831414	-0.000121345727	-0.00022865315
516214	-0.001553722564	0.000727320611	0.000342291495
144645	0.006690351674	-0.013356441636	-0.006224208425
219291	-0.008804344641	-0.005956414776	-0.014220182742
575419	-0.006166808062	-0.001358495943	-0.007079984364
209427	-0.003916757272	-0.000273782906	-0.001455005255
355188	0.011997859768	-0.012369678035	-0.006627388242
175383	0.035197336481	0.004897330229	0.002733152112
563292	-0.011425966638	-0.004200884568	-0.004338628771
573755	0.001254261321	-0.001300220468	-0.000464011455
565555	-0.010931070276	-0.004138497423	-0.006262013946
212196	-0.006251386165	-0.00910531092	-0.009557763134
544772	0.002538317579	0.007980887355	0.004984322914
453654	0.001971538658	-0.003349539202	-0.005309465123
540672	-0.006680838661	-0.002732782517	-0.00216968688
255206	-0.009512543416	-0.001285869025	-0.002798623503
130155	0.00807658249	-0.014046616075	-0.008470824886
236766	-0.003757071879	0.002517251795	-0.000386571535
301593	-0.002210991891	-0.000641198843	0.002006068495
224543	-0.004807461531	-0.005970422884	-0.003593888128
226508	0.007002499238	-0.00449331748	-0.006514148899
107461	0.001356178733	0.005149645972	0.005374761944
87497	-0.006339367712	-0.003302743032	-0.002599632777
105473	-0.001999873664	0.001419089159	-0.000503976642
171887	0.000705170267	-0.000249793583	-0.002148592289
526198	0.000551371134	0.006369630696	0.001204042679
344447	-0.008979244088	-0.001078487035	-0.001781451503
113345	0.00864869355	-0.011869357069	-0.005928594639
586430	0.01527659023	-0.003075147821	-0.001157718955
304694	0.011038691408	0.002851217531	-0.001596657069
574405	-0.007977172945	0.000151532754	-0.002459154673
209662	-0.002465342111	-0.008820102597	-0.005494440574
287211	0.011935132583	0.008775772793	-0.000339911718
326268	-0.003521068638	-0.004719197332	-0.003300823595
338715	0.008633332999	0.007287175465	0.004573237852
132848	-0.002682453788	-0.00539947169	-0.003931083881
351644	-0.007037543732	-0.001374306231	-0.002571624404
547229	-0.018962213022	0.000908102776	-0.003052530604
113477	-0.001361589961	0.000474562991	0.000324266423
558394	-0.015162025109	-0.002195824835	-0.003756105562
50238	-0.000269628773	-0.001725886101	-0.001749769019
174460	-0.006122377721	0.008669913236	0.00356216242
196623	0.005803810442	-0.00066741256	0.003513284185
241331	0.000501038897	-0.013122206516	-0.007274419636
523501	0.011167538464	-0.002824303536	-0.007048407696
4708	-0.013880518149	-0.002320797419	-0.006263007662
4663	0.001330416473	-0.004164308568	-0.002867174866
105545	-0.004162561998	-0.004958908002	-0.002287035787
350760	0.004876307655	0.010606907568	0.004883703156
209096	0.025857325286	-0.010006691293	-0.016208658094
146531	0.0058202538	-0.003809370441	0.001933716081
105233	0.006381716007	-0.001129412032	-0.002352498529
5497	-0.002810694287	0.000211197818	0.001700604029
212879	-0.007377652064	-0.00459975093	-0.00417308655
558957	0.007048221008	0.003114893307	0.000129838848
593232	-0.001157158737	-0.012097404197	-0.008368786901
559544	-0.002370067436	-0.002914314505	-0.00225935972
150914	-0.014482938014	0.002414423357	-0.004819856407
574090	0.018004616916	-0.001100829813	-0.003308666427
29077	0.001414845857	-0.000117570033	-0.002334017918
513368	-0.007863255722	-0.003285394184	-0.003544814859
557772	-0.003921753174	0.001937604389	0.000656412324
308948	-0.001618156648	-0.004480322907	-0.003331672659
588231	-0.00547177569	0.006952607874	0.002486049352
4715	-0.005110652292	0.000111143467	-0.000880514025
560101	-0.003066227181	0.001809894817	0.001831859812
540721	-0.002116951927	0.002108496719	-0.004607016882
143411	-0.01004234631	-0.00243091636	-0.002492694041
330207	-0.011729328231	0.00751588348	-0.005771847126
279185	-0.000304276863	0.000660392367	-0.000406047705
309753	0.017702124424	-8.515607e-06	-0.003425178556
573135	0.040938371511	0.005375369203	0.011127418395
211106	-0.0027074207	7.3498227e-05	0.002189187985
240912	-0.004359082925	0.004465293984	-0.003662184447
100954	0.036102270226	0.004261613275	-0.001479041999
88480	0.002314857508	-0.004706934187	-0.003326056152
166851	0.025673169876	0.009652901793	0.010652296719
65458	0.003949040475	-0.00948095811	-0.006141998329
62972	0.005811994382	-0.010021642633	-0.003712560766
237616	0.017870408404	0.007269427649	0.006474955669
284778	-0.004913790057	-0.006197034868	-0.003856588878
87984	0.001139624904	0.001270998944	0.001794827773
543472	-0.001705925309	-0.007775631064	-0.004563136908
280723	-0.003519231987	-0.00473496108	-0.003544488239
536604	0.00327792985	-0.0132746323	-0.006223744774
136238	0.02121572127	0.003303122862	-0.006700916738
179877	0.002750624419	0.001941642015	-0.003412538497
534993	-0.003245075004	-0.000738655663	-0.000932531351
515709	0.010085262147	-0.005102137566	-0.001625348361
362802	-0.005810026369	0.000563958685	-0.00090145698
135980	0.000218532275	-0.005657097051	-0.005436770891
222350	-0.010683620011	0.005475667356	0.00081011935
112774	0.006849976463	0.001265622021	0.001523922738
101471	-0.015151039752	-0.002749823329	-0.007568823866
149501	0.00390985962	-0.011300522299	-0.006121441925
256335	0.005068866566	-0.009640568449	-0.00719122094
534454	-0.004638551199	0.000481083609	-0.001445149801
248505	0.020531625429	0.003347015887	0.003076623488
70100	0.041083948931	0.006842345835	-0.002471664396
114139	-0.006302230614	-0.003764743121	-0.003250721286
112955	0.034387447544	0.005739232291	0.002133958634
119955	0.003948953634	-0.001586524812	1.5614862e-05
205156	0.003166897562	-0.00349337883	-0.002628398362
318586	-0.002495588591	-0.00022775505	-0.004323387401
553855	0.003216807531	0.000654745678	-0.003864876528
114396	0.012079513573	0.009965168585	0.00245188798
114057	0.008280477093	-0.009429866537	-0.004328996522
584598	0.010590946586	0.004623181852	0.001013478102
511344	-0.01472285849	-0.004478066801	-0.003994000011
237095	0.004479188557	-0.001600025771	-0.00080394663
144888	0.016884489306	-0.006322957281	-0.0051493362
112834	-0.002666526114	-0.006154721841	-0.003927354345
20976	0.006780954625	0.010392475625	0.004471568035
76270	0.038027946689	0.001050031089	0.005193596318
343296	0.004047924647	-0.011151538419	-0.007435920252
308892	0.042987359885	0.002060020409	0.012449104262
353828	0.002611652913	-0.01172025499	-0.009118390734
97561	0.035315511488	-0.00294746159	-0.001215475427
566886	0.042565399083	-0.006285945898	0.002016852054
572724	0.00678757513	-0.010727820029	-0.000649658534
544615	0.013584086179	0.003747527097	0.004432829361
248385	0.009388598475	-0.016556612818	-0.006448867019
583709	0.000978434496	-0.000343147556	0.000356141049
265043	0.033995445728	-0.01473290117	0.000978708915
152124	0.031819609956	0.002287653881	-0.003389570794
63879	0.027784831262	0.010955519931	0.00276205455
204919	-0.013816490893	-0.000108457978	-0.002969582621
98457	0.004805940695	-0.009132458302	-0.007221353161
315986	0.001166034706	0.011624854522	0.002645581475
204561	0.003384039988	-0.011821519761	-0.004411935333
248337	0.001554094954	-0.001460888651	-0.004198302976
226516	0.006350964147	-0.002727374916	-0.003892225942
319033	0.009959055095	-0.005000302011	-0.014255654535
247879	0.013338462823	-0.01174487885	-0.012679682784
138424	-0.001216989429	-0.004127341224	-0.005599222965
169423	0.01079532446	-0.007444770776	0.00216165483
263163	0.00434824517	-0.000788667728	-0.002939241075
66234	0.011542525285	-0.01350307068	-0.003755060839
277676	-0.004831044903	0.000818043198	0.002755126997
538266	0.011995604323	-0.005784456181	-0.004558999933
279499	0.011508247457	-0.006146601727	-0.003754546062
511192	0.005221475781	-0.007934852314	-0.007544992253
584480	0.003495512003	-0.010382135637	-0.007980389236
156941	-0.010334821254	0.005171151827	0.000611716511
362293	-0.001129456162	0.002574723408	-0.003278076663
237106	-0.00656530097	0.002901508776	0.000222585289
335585	0.007958071281	-0.015789668757	-0.006369292012
579710	-0.003632335788	-0.004470149955	-0.010494866092
548603	-0.00121200305	0.000564975812	-3.7820372e-05
4797	-0.009127451018	0.007597140882	-0.0068992439
166094	0.000487312124	-0.004147110996	-0.005709428244
102764	0.005777116779	-0.012651972851	-0.008473999802
101778	-7.7795024e-05	0.000186300876	0.000436903434
85734	-0.002957302108	-0.005643431652	-0.006820124087
108870	-0.007225110539	0.003109892514	0.000590822252
500699	-0.001227539583	0.002671174033	-0.003590434649
303793	-0.003982565165	0.001028740957	-0.005337663712
316924	-0.002500491453	0.003227210923	-0.005133414832
105899	-0.007757913074	0.002673843983	-0.007096627816
256447	0.009036881215	-0.00127436201	-0.007584115097
274150	0.000406272622	0.001481983358	-0.003556751517
410855	0.001708979472	-0.000795895026	-0.000320097846
356113	3.1193107e-05	-0.006355998761	-0.005060959347
515499	-0.005897739017	0.003469195951	-0.00020728687
223155	0.000671610752	-0.007288455691	-0.011804994683
583653	0.005143675666	-0.011332764432	-0.006369234068
553778	-0.005791312452	0.003645296904	-0.000863774324
103167	-0.003047244117	-0.007592678211	-0.004934917718
471399	0.009562750221	0.016080797844	0.01208661014
4762	0.000211036194	0.000795255206	0.000518243487
32333	0.004848819844	0.009824839407	0.005140280424
270150	-0.004087233722	-0.008603359817	-0.001278363144
156677	0.001906833185	-0.008573274752	-0.003802640178
530044	-0.01010234258	-0.00576082828	-0.001908308039
19989	0.021107380865	0.024103166508	0.018010100963
580939	-0.00947967562	0.002505437401	0.001103727802
124699	-0.002430907288	-0.003184144075	-0.002790274588
252325	0.010366948602	0.016945491912	0.010881722647
545434	-0.005296745926	-0.00107751484	-0.00099731165
4760	0.011761670141	0.016531730836	0.014246341428
338628	0.003043066343	0.006558766111	0.000871367455
136235	0.006733657841	0.009764103117	0.005447703839
162179	0.003811356764	-0.007829903472	-0.00478043165
501498	-0.006830114126	0.000177482418	-0.003190972242
544410	-0.003582892746	-0.003821641791	-0.00253858271
162925	-0.005478177622	0.011780340036	0.004439198169
537864	0.008656009098	0.012731197724	-0.001293355079
156044	0.027880308848	0.00690594097	0.004791942092
4741	-0.010150197589	-0.000600969153	-0.00174443764
4752	-0.011502680739	0.004574841073	-0.00217351038
161177	0.02559006753	0.021975640445	0.017410414021
236892	0.007931278175	0.013878547205	0.006191409366
152696	0.006911702906	-0.009650206664	0.000287610876
4736	-0.005121761564	0.001734458755	0.001420603067
513254	0.024170810846	0.0212043528	0.007584296842
142726	0.019710212139	0.024795198247	0.013920352511
363954	-0.007881238624	-0.001658811447	-0.001948415695
417366	-0.008521263634	0.004426100448	0.000510514894
158970	-0.014538619359	0.006695659886	0.000630159137
332410	0.005031407034	-0.012577974062	-0.009016599005
548876	0.008462786447	-0.008496962027	-0.007076938171
152079	0.000515758627	-0.013965542955	-0.005520212967
155413	0.02769457239	-0.00054290155	-0.000268130773
112859	0.001306533382	-0.013061187321	-0.006878986424
515986	-0.002769028793	0.001006192762	0.000474220259
509544	-0.000251450382	-0.001130561146	-0.000718850375
225699	0.009766969848	0.004783719249	0.006912999375
253265	0.003965982011	-0.00983121682	-0.008263711787
156227	0.008213428708	0.007605473312	0.001131338557
152480	0.022827571354	0.021298541904	0.011365651991
552944	-0.000655796373	0.000660431551	-0.000633853099
560143	0.000764109238	-0.003668588385	0.004122015059
306677	-0.019758222591	0.003040693809	-0.001993791621
262760	0.013432396615	0.026519709982	0.00857996145
4638	0.004564124603	-0.005048240361	-0.007222727643
178313	-0.010043429666	0.001125568397	-0.002115786947
549098	-0.003659006286	0.003151394629	0.001561016576
519258	0.006143692643	0.012968443904	0.000123310919
589466	-0.012777550056	0.002911200169	-0.000830255338
591347	0.000255149296	-0.000587569913	-0.001229179888
4640	-0.00737643534	0.003559185627	0.000607350528
26693	0.014368442162	0.013530902754	0.005108323924
586152	-0.000410504899	-0.007237186015	0.000416511276
4617	0.006348904548	-0.002878278467	0.000838886362
208626	0.014915453251	-0.002284008057	-0.009787768043
305643	0.013915535459	0.000643269849	0.002949786079
309465	0.014057660985	0.002288778668	-0.003674450254
240757	0.030705935033	0.007258196548	0.00088571943
529888	2.7045883e-05	-0.007954466605	-0.004811970047
533498	0.000198968692	0.007770384142	0.00388392311
561725	-0.00745591933	-0.012125850169	-0.00469366889
114978	-0.00275548289	0.011786669589	0.002934180452
4620	-0.000158534548	-0.002785860624	-0.005451263048
172883	-0.00393372545	0.011758302012	0.002426640148
172128	0.016165467758	0.008293267369	-0.009146201766
144964	0.016779938609	0.014056747173	0.011566839645
248682	0.012837815956	0.016504776263	0.017666787664
34344	0.019089394284	0.015573698677	0.010567504325
559937	0.006779118994	0.003606073604	0.002883537022
573659	0.003922248289	0.032869896366	0.014244986094
4641	0.004197922428	0.011376878619	0.00676664755
52859	0.003297090043	-0.001917670328	-0.002248593517
198749	0.010786445947	0.025417421405	0.015221796976
540718	-0.003999909222	-0.003255086939	-0.000397004414
566212	-0.002702818861	0.00635832386	0.006068331605
583294	0.021183715848	0.013912341674	0.002157414494
66822	0.007415903103	-0.007206809861	-0.003139556597
304412	0.008140489714	-0.009656976794	-0.013254837231
591539	0.004894644067	0.011112569464	0.002713407677
254805	-0.006079389129	0.002721853358	0.000533858682
136944	0.019935074553	0.017407812915	0.010410270314
573041	0.025741466193	0.013136555083	0.006617117837
556729	-0.010781869722	-0.001970346698	-0.002782696859
525648	0.026909919057	0.033829314158	0.019129249606
141437	-0.006194593571	0.002349895334	0.000629115403
161408	-0.011109450689	0.005848496355	-0.002759968825
277481	-0.003240509965	0.001868486032	-0.00042244357
509779	-0.004655154352	-0.005703032704	-0.002313415419
355688	0.010034053261	0.013303231288	0.007607193244
306234	0.017753632217	0.012043315976	0.005175459257
325677	-0.003614204761	0.008250550151	0.003949883347
122223	-0.001340388636	0.008073901328	-0.001718722733
581542	-0.00171929428	0.01178707485	0.004573094526
114859	-0.008926063756	0.003512374799	0.00118934773
175858	-0.014206178643	0.002296398287	-0.000617551688
92008	0.002542920568	-0.001372229337	0.001674848485
123474	-0.009837949061	0.007667670509	-0.00998597858
548219	-0.001387604016	0.001237071591	0.000133846084
278733	-0.013391709496	-0.008126444796	-0.002975473738
594080	-0.003633219685	-0.006183545591	2.0662275e-05
553131	-0.014607403772	0.000213789179	-0.003997564498
244920	-0.002480109564	0.00115957467	0.0003427519
365967	-0.008557033452	0.003957761044	0.000528779832
360432	0.00189367619	-0.001780584178	9.9184998e-05
218626	0.000941720656	-0.000554240518	-0.000419901009
242423	0.004505475957	-0.00383088426	0.001226120274
220653	0.003651748064	-0.002600919033	0.000597454525
172438	0.005000813314	-0.001733408478	-0.003035899817
165827	0.006015741768	-0.000471492831	-0.007942733883
566238	0.001058659325	0.006073605418	0.002932991602
160274	-0.005831615973	-0.000986085998	-0.005898223456
110731	-0.004890564288	0.006241354538	-0.004671282974
320764	-0.018469933643	0.017536923099	-0.016813963819
549500	-0.004186022494	-0.000591100526	-0.003731626032
222965	-0.006458254299	-0.009567713944	-0.00829963205
310072	-0.001273563963	-0.000572218856	-0.003765121431
163347	-0.007995420267	-0.009598831111	-0.006506182096
217471	0.006624505639	0.008037674572	-0.001478261184
541325	-0.003279246957	0.00163231748	-0.001450422231
100203	-0.010893305801	-0.00468650464	-0.012813596309
75890	-0.018546661571	0.029261574246	-0.014557429151
544367	-0.015430942825	0.033358762379	-0.014228075658
141577	0.005363695514	-0.004369917797	0.001895947066
549968	-0.007884450125	0.000485124789	-0.010972564189
170549	-0.010492288519	0.01380094075	-0.018996164905
105613	-0.020371680885	0.034579250135	-0.012498769832
328838	-0.007087181782	-0.002623239688	-0.007364149071
336200	-0.005075600799	-0.006995090068	-0.006383966216
580223	-0.002111690442	0.012577885535	0.0050849672
368703	0.00085031136	2.10503e-07	-0.000338716783
113817	0.001557710207	-0.001668260897	0.001417023653
590614	3.8398103e-05	-0.000391140232	5.3019211e-05
5681	-0.000395905403	-0.002099224539	0.002284689205
148010	-0.000647332101	0.000894016356	-0.001038571176
202204	-0.005266762345	0.006703238882	-0.006212618546
202723	-0.002750263376	-0.002032029495	-0.003953847475
159695	0.001441729871	-0.001953818138	0.001434848742
532672	-0.000790509767	-0.004178200494	-0.002017190987
101660	-0.007768963223	0.005431710032	-0.011961206609
251172	-0.002184852908	-0.000969385704	-0.002965656354
257413	-0.004172158412	0.001539514189	-0.005576051475
342325	0.000236398429	-0.000134232282	0.000172331464
277670	-0.003802451581	0.002805297413	-0.007812058714
100715	4.3154959e-05	9.9170526e-05	4.9307474e-05
251325	-0.01436746658	0.013129868288	-0.00627080092
226155	-0.001935395633	-0.001542942241	-0.002712338279
145150	0.003243959928	0.001843128952	0.000893679217
352275	-0.000890375777	0.001454487427	-0.001925087552
313326	-0.003236259415	-0.003161558414	-0.005982442951
110807	0.00219335293	-0.003142752406	0.001330723702
511895	0.001532474155	-0.002041769287	0.001564433757
135261	0.000836570945	-0.000753121902	0.000492753209
318367	-0.006692449666	0.005477646987	-0.004941960606
293008	-0.002960796211	-0.002449929418	-0.003658358855
156331	-0.003550269459	0.004397094466	-0.003507826672
315498	-0.001285512935	-0.006356975611	-0.001393145673
186153	-0.016676175031	0.010853110086	-0.01098226649
93537	0.000344980146	-0.000303529199	-0.00042036619
145649	0.000428442504	0.000966190092	-0.002556485648
240900	-0.002712114623	-0.002466571646	-0.003912122455
341986	-0.005926881305	0.018299442959	-0.016088009798
550938	-0.006338825391	0.002901713272	-0.008899988061
271908	0.001553051157	-0.00030844828	-0.000708500007
146037	0.000185299304	7.229559e-05	-2.6615791e-05
138930	-0.004602181208	0.000494154294	-0.006152159028
304753	-0.000434564294	0.000602500495	-0.000513971542
109582	-0.000882446697	-0.006598523602	-0.001653497124
189161	-0.000824423512	-0.002356041477	-0.001753806547
142136	-0.008002995413	0.008436196955	-0.009281437066
68976	-0.003654385731	-0.001151320388	-0.004837647356
112728	-0.003442034168	0.004038058535	-0.003726020884
565725	-0.00581695634	0.00155393687	-0.007253582913
272287	-0.004113526236	0.00094327164	-0.004404729804
337345	-0.004082851775	-0.006951888776	-0.005042328586
334722	-0.022980028652	0.044025831243	-0.00557132589
542278	0.00014250696	0.000896372846	-0.001202286243
336543	-0.017586091305	0.005615612532	-0.009631530232
534609	-0.021254825638	0.044336780321	0.010221522523
5706	-0.001082109296	-0.004121702582	-0.002297551365
591725	-0.001407203633	0.001655918402	-0.002426920635
557153	-0.002033639	-0.001611199332	-0.004984006988
590937	0.001137491148	-0.001874902718	0.000283324955
194519	0.000183400922	-0.000244035945	-0.000451047355
155908	-0.000852579081	0.000763369161	-0.000831895925
346324	-0.013576019946	0.018204201957	-0.019220940391
109216	0.000224190851	0.000296562112	-0.000311830057
310847	-0.012263470005	-0.004668373974	-0.004633102348
556772	-0.003265893613	0.004565986574	-0.004071170616
546740	-0.006773689558	0.006439401988	-0.007557843246
5632	-0.00586654673	0.012297486584	-0.016064356137
146931	-0.001872616027	0.002031182279	-0.001842346909
572325	-0.002720433071	-0.005493779496	-0.001875332139
327863	-0.006558499654	-0.008906280588	-0.005072014756
535793	-0.003230405473	-0.003988655791	-0.003958191381
153572	-0.014773669114	0.015053821328	-0.018048094223
161345	0.000608547563	0.000597314943	-0.000947418729
132289	0.001062174161	3.0162467e-05	-0.000749169881
148930	-0.004158705629	-0.001573315291	0.000311263844
257450	0.004895590499	0.003653874331	0.005899035065
239119	-0.000471064585	0.00024822326	9.434967e-05
135896	-0.000307609127	-0.003700141955	-0.004061622223
347949	-0.004828888386	0.004177431671	-0.006987560324
186396	-0.003443321139	0.004714054525	-0.004363612519
152417	-0.022495019218	0.025171087288	-0.018438074678
276208	-0.006434208262	0.003880734157	-0.008500597063
333269	-0.010689505901	0.000781683117	-0.015236392721
140817	-0.015017227316	0.016321140088	-0.01577951008
39391	-0.002454285232	-0.002621288159	-0.003650430805
313948	-0.000642253127	0.000779993892	-0.00062410402
159563	-0.008559302872	0.003631553373	-0.012835468274
111879	-0.013393795659	0.009853410372	-0.007156276183
155367	0.000564941404	-0.000464027812	0.000228837159
365829	-0.004177871629	-0.000266364222	-0.004225125277
238470	0.002444126212	-0.002945312712	0.00243806069
334773	-0.005893323546	0.002003784903	-0.011377387222
165349	-0.000267377426	0.00124314993	-0.0011303874
275025	-0.00044370666	0.001142163759	-0.001313280092
365899	-0.000521113256	0.002564866718	-0.00312747062
255604	-0.000739570117	-0.004095681632	-0.002487033137
244931	0.001861811475	-0.001623125424	0.001304027894
545124	-0.002484929728	-0.002305327148	-0.002888136853
168140	-0.002626220873	1.4485536e-05	0.002351167335
236240	-0.004914862685	-0.002183634365	-0.010174384921
219093	-0.004936803821	0.004934122835	-0.006175528076
135996	-0.002262034261	0.003047461391	-0.002575181045
133856	-0.021222402121	0.043904008795	-0.006363292827
574171	-0.009431331812	0.007006108058	-0.010393949972
592117	-0.001715549666	-0.005398842482	-0.001827309118
236326	-0.001401777504	-0.003992415507	-0.003157298726
350516	-0.001325512995	0.001603464775	-0.001666454003
5771	0.006826306704	0.029001062672	0.020249226912
527854	-0.008995143108	-0.005814693462	-0.003435569707
155546	-0.00333028175	-0.010854531011	-0.004777829164
539762	0.007115451145	0.01203973345	0.00113889982
44012	0.011754652884	0.028902131151	0.016526214032
179555	0.002391722998	-0.004063623581	0.00216457783
223075	0.001081036089	-0.000706916287	0.000601543776
225243	-0.004228969884	-0.00838295804	-0.005242774624
5779	-0.003893089992	0.000672198985	0.00229231041
5793	-0.001760079438	-0.006387362533	-0.004670431327
325153	0.006929904343	0.007227943526	0.00402964749
214016	0.000868778477	-0.007228603064	-0.001209675218
532163	0.003550854814	0.008058961024	0.005811229479
83643	0.007972386898	0.012651994247	-0.000328861584
516703	-0.008992643331	-0.004088017074	-0.009087187991
98295	0.007937111003	0.032753979169	0.01613878772
558958	-0.003351564708	-0.005242390539	-0.003689978581
5802	0.006889002896	0.012112397163	0.009146486444
114895	-0.002279020772	-0.004721568719	-0.002503177438
587231	0.000525992481	-0.002170864047	0.000814679367
512277	0.001129004253	0.003491791431	0.001395518442
199683	0.003988971052	0.0068663801	0.004123992014
591092	-0.002010201949	-0.000747765843	-0.004095712445
144544	-0.001295810833	-0.000655732474	-0.000110833697
559891	-0.003209754472	-0.004970374856	-0.00696339863
591654	0.003643663433	0.015312305641	0.007098512583
568966	-0.002054193399	0.009465673962	0.001582852638
333160	0.001582529838	0.006144129413	0.008319569332
238148	-0.001665053597	-0.002925045876	-0.002001373826
525801	0.007470398816	0.016078871014	0.004553551972
115461	-0.002833569681	-0.004980024614	-0.002675859419
308558	-0.000772781226	-0.007215144844	-0.002524342883
172090	0.00051320775	-0.004869834315	-6.7617945e-05
323018	0.008033793003	0.015892563818	0.013713920092
140189	-0.001216805908	0.001855443773	0.002458764743
551287	-0.001244242082	-0.002814271545	-0.002429457593
210036	0.001594399171	0.00296900624	0.001686126809
256939	0.002207167154	-0.002523237175	0.002892091514
233567	-0.011156715523	0.007913750829	-0.017269468081
23200	-0.004633431756	-0.006266823419	-0.004080894398
114095	-0.000440034425	-0.01265638772	-0.005489310981
243032	-0.007176542109	-0.00221045635	-0.00856159505
541973	0.001136818053	-0.001557850211	0.001051721399
254380	-0.000973444027	-0.006382728503	-0.002472348129
188150	-0.002467073773	-0.005097405249	-0.001831043648
220130	-0.003483125815	0.007274586956	-0.003338389175
522283	0.006273507586	0.006175155884	0.002814100451
100625	-0.002484138839	-0.004007775826	-0.003614722578
194746	0.000664995535	-0.000414491676	0.000291499784
148330	0.00210407715	-0.002426925279	0.002097910169
5753	-0.005065831019	-0.004766766388	-0.006816696777
352619	-0.004113084239	-0.003384086469	-0.013793815468
156640	-0.000767390723	0.00082831198	-0.000750520424
341958	0.001685099429	-0.002065082063	-0.000462295696
5828	-0.011557252697	-0.001996555357	-0.005754057791
519755	0.000599351267	0.000888768556	-0.001138682136
291146	-0.012436630607	0.003798234666	0.004394586715
298881	-0.003665806001	8.8989399e-05	-0.002951210882
581650	0.001792281108	-0.002044288359	0.002087930053
560353	-0.007003282262	-0.000840706792	-0.001163790245
464901	0.00245516085	-0.004878875825	0.000869753671
316190	-0.007348035855	-0.003919967934	-0.005024078033
167302	-0.013485044587	0.001799443263	-0.003664209296
5804	-0.001834049315	-0.010528503882	-0.003419972037
5808	-0.007439877727	-0.00149861958	0.000586649613
548610	0.001130395734	-0.003750332979	-0.001744956041
501917	-0.002504114642	-0.000636845957	0.001388970083
524932	-0.010711910855	0.006451670016	-0.015411729792
151324	-0.007930642947	-0.010001152204	-0.007097027415
138291	-0.005092550004	-0.008920766475	-0.002510064969
193660	-0.013211802113	-0.007174440771	-0.010778235052
230022	-0.018962647103	0.006962859414	-0.018901496026
509892	-0.006306023987	-0.001212173783	-0.008181407144
586757	-0.000624863946	-0.00033375778	0.000614283208
278420	0.000989135576	-0.006599547298	-0.000248513754
541086	-0.008139168266	-0.001525410099	-0.008987146523
273081	-0.006126240035	-0.000816527574	-0.002574436185
245498	-0.004013704768	-0.002540419918	-0.004570431126
310212	0.00929504417	-0.009936754324	-0.004684646967
265854	0.00305781706	-0.000935519854	-0.001730884981
269733	0.009707354477	-0.00896447447	-0.003427163063
565524	-0.001285905133	0.002839443015	-0.004762521468
521541	-0.001528734828	-0.002382702237	-0.00156657801
268065	-0.00176452782	-0.003280163323	-0.001677122577
153105	-0.007694743848	-0.001107265837	-0.010782954327
5856	-0.003851813612	-0.002400151569	-0.001818823303
100847	-0.000531983332	-0.000708290926	-0.000150771181
111797	0.000346330378	0.000729909654	0.001230747845
509163	0.017256668024	0.014922773705	0.003573330592
18609	0.016391456621	0.005172409537	-0.000596558647
347767	0.018323260254	-0.000467304686	-0.002916551213
150962	-0.010853253075	-0.001177536011	-0.002374906911
303607	0.013652749836	0.004588212859	0.00166116387
191430	0.00648843856	-0.00673462318	-0.003838656274
243897	-0.003095935978	-0.011614197442	-0.006690093901
211469	0.024635214176	0.001318423195	-0.003303419519
519257	0.040012320747	0.016066268259	0.012754565018
530619	0.01198417873	0.003317101399	0.004053667716
5851	-0.007431232868	-0.00010412225	-0.007711349732
102145	0.000337632992	-0.000301870454	0.000339807251
108547	-0.001815058822	0.001787199264	-0.002211506401
222908	-0.000175475297	-0.003304118152	-0.005257550319
344513	-0.003764650592	-0.000962228003	-0.004952400377
250911	0.00197309977	-0.001936383152	0.000909115742
326364	-0.001905075449	0.002246376825	-0.001935553472
514038	-0.025016067278	0.032481566393	-0.019878568134
101219	-0.004348370772	0.002284794474	-0.000673946156
318593	-0.020456890806	0.005089986585	-0.000271727434
510339	-0.010007844144	0.005583390444	-0.000327793677
70005	-0.004760474581	-0.012027311894	-0.010991503195
104117	0.001959048253	-0.00554969419	-0.006291726999
272478	-0.000626350104	0.001136247957	-0.003964308234
573162	0.004962328237	-0.009967499108	-0.011347733142
171288	0.002510588028	-0.008101231377	-0.011580779652
554330	-0.002729424022	0.001257599431	0.000154043287
264269	-0.008290040565	0.00408462832	0.000969501077
355315	-0.001814521444	0.012724000245	-0.01434305271
152214	-0.01026467072	0.005040330327	0.000761652836
305547	0.01556391229	0.003251111215	-0.001511946763
413173	-0.008229197083	0.004287368424	0.001493670289
241110	-0.006673796619	-0.000596505811	-0.005011565111
90161	0.002218354406	-0.007020229409	-0.004454566375
87601	0.002101614626	-0.006179256964	-0.000431241551
110830	-0.016582114509	-0.000409532199	-0.005500391096
329940	-0.007378615967	-0.010472226115	-0.008260157253
265057	-0.008483440899	-0.00047104917	-0.001005752877
5598	-0.009104422514	0.000631563328	-0.004159711555
565413	0.02974894807	-0.001776316294	0.008847532823
551851	0.015752119758	-0.008340228102	-0.000443970558
346819	0.013342140687	0.002229225074	0.003451002987
324088	0.010721042481	-0.014466808806	-0.004628900455
568385	0.009663580393	-0.01231470377	-0.01260067353
210590	0.004112167857	-0.002803206249	-0.008921748119
226283	0.009158498097	-0.004533733206	-0.01057320453
231965	0.024469228067	-0.003046394749	-0.00103827837
574416	0.012194548946	-0.005082571194	-0.00424775767
219048	0.017517913248	0.009683809362	0.005503775929
507172	0.009527885585	-0.017138909001	-0.014656277017
5508	0.021172392817	-0.012619181532	-0.013237936534
46818	0.016688708537	-0.006862702869	-0.003963206113
279358	-0.002203637175	-0.00614670262	-0.008403564897
32988	0.009255564705	-0.012229880194	-0.004953299051
285596	0.01129133175	-0.011694191911	-0.009089865219
190723	0.026530366296	-0.007092268872	-0.006597027072
182027	-0.008354722945	0.004262862087	0.000646537001
5552	0.033924899602	0.005290693401	0.009044865598
199553	-0.007441451006	0.013148835246	0.005176524886
111099	0.004951060493	-0.009417849101	-0.00777889848
240075	-0.002832801607	-0.004615062875	-0.002246331661
227434	0.005675233107	-0.004619399057	0.000399923665
138972	0.00471887007	-0.008715889525	-0.008496521122
168212	0.008201172628	-0.007534655332	-0.005685357055
207510	0.012673692191	-0.008599529893	0.001115308192
538121	0.004151196913	-0.015181267254	-0.016425807496
165771	0.013528653293	-0.010037111433	-0.010315309777
5516	0.00716922805	0.004381597319	-0.002895052795
106146	-0.008475491855	0.001422673879	-0.014501918625
164042	-0.005661623676	-0.002255109279	-0.006208244451
168859	-0.013506100162	-0.003235501423	-0.004356109133
590507	-0.001262637853	-0.00214631946	0.001247252297
568425	0.00202004875	-0.00748202364	-0.006524455778
511230	0.03089258198	0.009726913897	0.007241799479
106821	-0.004865769364	0.009600030001	0.004568018802
532912	0.013264658314	0.005017352326	0.003174390013
544302	-0.009435574077	0.000869112452	-0.001121582811
543839	0.005789164696	-0.005821220472	-0.008666874019
510799	0.009369093893	-0.008732334025	-0.006187127242
576858	0.010478643143	-0.008018152785	-0.0026234331
214914	0.000610570373	-0.005972090506	-0.003308567715
156154	0.015203231499	-0.014098940124	-0.003072030097
534416	-0.003592355158	-0.002414543028	-0.001740236049
211555	0.01053798622	-0.007496364147	-0.000870983102
177583	-0.008497043737	-0.002294040608	-0.001944656763
561842	0.011250754187	-0.007226527722	-0.008836132572
217516	-0.001758489844	0.001177512005	-0.000749982573
555926	0.008153591496	-0.008424265006	-0.002569222991
555322	0.0207919087	-0.008046743413	-0.007455982855
158741	0.011421191295	-0.018633782789	-0.007990589562
100174	0.005686347781	-0.012067559376	-0.01088409782
350929	0.006222520406	-0.007811369182	-0.001087399487
114227	0.000699394512	-0.008912346316	-0.005787697906
563484	-0.002556309105	-0.014549949557	-0.008240310023
215343	0.011173365124	-0.005822509782	-0.001619664684
346206	0.018479905644	-0.007383342972	-0.00334790838
74124	-0.004771505156	-0.001023644972	-0.003922103674
261055	-0.006409326551	-0.004533676201	-0.002881162877
204148	0.004811521614	-0.004729812757	-0.004147021088
555718	-0.004256335717	0.002105080759	0.000809887157
93834	-0.009405220683	0.001888593987	-0.000320503861
206331	0.003149524549	3.5344931e-05	-0.004782800963
244312	-0.00020137876	0.000255043833	-0.000100310373
240281	-0.004342218642	-0.001918220404	-0.000744814857
103846	-0.012102498016	0.006233907446	-0.002815167874
367617	-0.003515208094	-0.00652600236	-0.004235224231
171372	-0.011744194848	-0.000968603751	-0.000849093675
154063	0.001671764904	-0.000579437537	-0.000737415571
340065	-0.004248437549	-0.00681892272	-0.004949223187
370391	0.005172812283	0.003162160706	0.001905475995
138266	-0.010562271565	-0.00159687818	-0.001826725637
155338	-0.004149938357	-0.005762125442	-0.003694571628
574275	-0.000812975326	-0.001910063047	0.000301277353
329326	-0.013009287492	-0.006233842623	-0.002939374837
581688	0.00140682143	-0.002650180117	0.002495530917
4574	-0.012150203977	0.008600385247	-0.011274299339
265895	-0.005354177612	-0.007956133665	-0.006002871723
317373	-0.022500829903	0.02729813469	-0.015633955302
354693	-0.025427810515	0.042426848836	-0.00410846852
228239	-0.010408302025	0.004212114913	-0.011368018214
126392	-0.009510344806	0.012097551238	-0.019051176578
233886	-0.006496826539	0.022918193346	-0.020803806193
310134	-0.022506487801	0.024584701748	-0.014538474937
115653	-0.02074854499	0.018265690416	-0.017562389544
4585	-0.021873409263	0.031152985366	-0.018815528721
342146	-0.008175144685	0.003102781227	-0.01422039802
545263	-0.014998563579	0.012468187122	-0.013658699476
103709	-0.00218675801	0.002248383595	-0.003477345617
155692	-0.012725830606	0.021572026485	-0.023580743152
335943	-0.021530062361	0.03949283116	-0.005965398098
336443	-0.009322449417	0.004523469874	-0.003954728726
136616	-0.003646488271	-0.001122654712	-0.004831005068
356548	-0.001878527758	-0.001535826079	0.002235140532
323748	-0.005031468969	-0.007262521643	-0.001920279351
578664	-0.001231090787	7.7759574e-05	0.000568053197
211365	-0.009650244458	0.002646180229	0.003741622621
176117	-0.008821732432	0.003350555005	-0.009348203792
574536	-0.00884441698	0.003823920327	-0.00122973346
222549	-0.001451522998	0.000516071646	-0.000940758774
266612	-0.002154366743	-0.000179934877	0.00149155995
271998	-0.0032328013	-0.004416495112	-0.002864177663
267833	-0.000279486662	-0.000715302349	-0.000144532884
330657	-0.002057081332	1.845681e-05	0.001164764721
60649	-5.7180195e-05	0.000332821932	-0.001068935474
272622	-0.002635035873	-0.000755505652	0.002272965451
140105	-0.001252778796	0.000375893619	1.328688e-06
549399	-0.012318479633	-0.002442964591	0.001890191838
233820	0.002105809314	-0.002564423037	0.00228135748
278603	-0.004142031864	-0.005108220832	0.000160287103
319668	0.000874046993	-0.002751613383	0.001689842176
250376	-0.008124018003	-0.008450457108	-0.003767169086
155886	0.003743051591	-0.001848382371	-0.001357931493
237235	-0.001627354034	0.001411192703	-0.00176297406
538178	-0.001898955682	0.001469455431	-0.00029257553
182490	-0.006222050624	-0.003886167896	-0.00293866502
222179	-0.003556434371	-0.002278410575	-0.003389323914
554299	-0.000266802479	0.001439189584	0.001880512023
252376	0.004650531633	-0.001736083033	-0.000814351651
345110	-0.004728589679	0.00267315339	0.000190964745
4546	-0.01365644531	0.00656302635	0.000894796574
303674	0.007315826336	-0.012987373004	-0.001550673797
4572	-0.001292747706	-0.000713428113	0.002687260268
4544	0.000321329934	-0.005580274255	-0.006900702753
4586	-0.009948696042	-0.010715354307	-0.004481753411
151417	-0.002011376508	-0.004508274679	-0.003515178798
217798	0.000301923795	0.000482329575	-0.002003505029
252146	0.001112387981	-0.000352516114	-4.1505639e-05
143931	0.003996303717	-0.010793930179	-0.009517523685
165020	0.003523254481	-0.003181754656	-0.000476406481
18546	0.006143690658	-0.013447282281	-0.007934917814
564942	0.011787592097	-0.01499977256	-0.005178591205
235349	0.011394086079	-0.006151654587	-0.012195655024
552221	-0.003907589454	0.000836989121	0.00014897532
223183	0.021397228351	-0.01037362748	-0.003821079065
111976	0.016316575403	-0.011855271478	-0.011138491457
591569	-0.00342344662	0.000357379012	1.053418e-05
331818	0.011069882026	-0.011232811145	-0.002486334354
345742	0.00608749232	-0.001900115921	-0.001670016901
361107	0.01866736113	-0.008363645526	0.000197418854
154249	0.00683505634	-0.011808018724	-0.012980981348
58135	0.019846807402	0.001966226591	0.001173781646
513189	0.009286993679	-0.008842601301	-0.006931026181
262768	0.016348387191	-0.010394035822	-0.00687991209
130838	-0.006963231326	-0.002139163839	-0.001782413641
244241	-0.001969266904	-0.002775320074	-0.006745457362
100274	0.001523927418	-0.000762287772	-0.000187623097
322226	0.000122542112	-0.010018963701	-0.004446348635
257403	0.000931148477	-0.004456107684	-0.007755999445
256883	-0.013985548009	0.006626694753	0.001171741776
493677	-0.011834187091	0.004992348135	0.001894493324
357711	-0.005422932685	0.00266300316	0.000696786591
154486	0.003585416747	-0.016573049487	-0.006297919973
33613	0.007886175181	-0.004145053281	-0.00093281974
573699	6.2303699e-05	-0.004457270025	-0.002670342916
255508	0.008474010816	-0.00406829491	-0.000776252064
533963	0.004309819179	-0.006470551944	-0.002503299047
564337	0.006625431633	-0.011748130081	-0.011911602503
113710	0.006802730823	-0.002313760438	-0.002507091731
142097	0.016659600475	-0.012489029749	-0.010735983693
365796	0.013450647108	-0.009421326837	0.002450257625
369734	0.005617882585	-0.001515343249	-0.003379729884
241292	0.009595831362	-0.006555763516	-0.008337374757
101876	0.00789438108	-0.015687027955	-0.004616148476
78724	-0.009233637155	-0.007476488993	-0.004743907385
250075	0.015029868829	-0.014736485067	-0.010862078816
244994	0.002597711099	9.667085e-05	-0.000700267228
227319	0.007383571071	-0.001941132616	-0.003479335606
250043	0.009048912849	-0.006601995821	-0.006055387673
112735	0.007639551236	-0.00293224742	-0.003335255752
156709	0.01779937979	-0.01064716159	-0.007241631428
225546	0.003954564926	-0.001743229683	1.233259e-06
93503	0.002445211442	-0.012720879004	-0.009463243078
542363	0.004702833126	-3.6693313e-05	-0.003135193255
585228	0.005268066923	-0.007956926424	-0.006706157656
160882	-0.007598540045	-0.00612917952	-0.00440054806
514040	0.008744177492	-0.007441821471	-0.009221748385
160071	-0.003143988759	-0.003613563766	-0.002187521968
218380	0.008737307643	-0.016177277167	-0.013052740895
222372	-0.000426550571	-0.001303925109	-0.000566278652
94511	0.003605260264	-0.006079590462	-0.002141532895
557664	-0.002987515141	-0.002829904183	-0.000977543723
236397	-0.012738206413	0.001824307621	-7.964273e-06
242184	0.001923516506	-0.004274020724	-0.001246405934
256291	0.008553796437	-0.007456659183	-0.008889561957
576693	-0.005842243599	-0.010053898233	-0.009230323254
25641	-0.000964661202	-0.005132475182	-0.002618339176
331647	0.028066484825	-0.014462137051	-0.004901040941
561789	0.018529449824	-0.01722399484	-0.006029905421
548127	0.023381905164	-0.006270201093	-0.010727729641
89799	0.016436057264	-0.010218537604	-0.002839576783
588604	0.020501312102	-0.008714575875	-0.005550499594
357011	0.01670093998	-0.009699994208	-0.010155634239
26566	0.001202417373	-0.000401307989	-0.000391114649
304619	-0.000826424871	-0.000283319063	0.00057013324
341445	-0.006541189697	-0.005427202767	-0.007527012531
259136	-0.002083825268	0.000205183709	0.000478069882
542481	-0.003531975332	-0.000362122212	0.002426793555
512990	-0.004950815893	0.001802285144	0.001404780433
338740	-0.001040065201	-6.2500382e-05	0.000426101523
289382	-0.002465876047	0.000627901406	-0.000737085263
545368	-0.00018282347	-8.94783e-07	-0.000286929649
152931	-0.004397797102	-0.000821704159	-0.009689675366
230366	-0.011950718108	0.003218599536	-0.012527618108
234763	-0.009743061429	0.000171716832	-0.013787119805
561208	-0.0003479058	5.4642588e-05	-9.64589e-05
319588	0.001706518467	-0.002116676328	0.001602466842
548884	-0.005803290585	0.011617701134	0.006756297944
256038	0.000790353448	-0.000600577782	-0.000414483634
588899	-0.000997819982	0.001917473016	-0.004244493945
570120	0.00091250169	0.000234834925	-0.001283155392
249530	-0.006139422971	-0.012306688614	-0.001845151689
139738	-0.001496185836	0.000741016973	-0.001631749987
328739	-0.000854538182	2.3721585e-05	-4.4343618e-05
275770	0.000693557322	-0.00326354464	0.002669370157
226512	-0.005451633966	0.002104842461	0.000341992538
540097	-0.007248297993	-0.000639391972	-0.001602208371
4404	-0.0004229447	-0.00101828748	-0.000974793763
554284	-0.003317409804	0.0139433398	0.008154379567
79493	-0.002573788653	-0.006326562353	-0.003208475193
222002	0.002272469566	0.003668760956	0.003075762213
305362	-0.009368391151	-0.00543251166	-0.003600115774
281197	-0.001071326042	-0.0029310491	-0.001881069723
217968	0.008763295885	0.016454076885	0.007567126411
345664	-0.008342851166	-0.008214587895	-0.00631613183
319537	-0.003194602524	-0.002863174898	-0.004115901706
114073	-0.005540766714	0.002367742212	0.000335604394
138031	-0.006230486382	0.00277004186	0.000113356595
197174	0.004088481076	0.00197109625	-0.008563875149
246217	-0.011643321596	0.005631225704	0.000639735303
163698	0.009508077223	0.006256304608	0.001488340862
102348	-0.002618016142	0.001064278027	0.000302508871
64742	0.000447428656	-0.000303264883	-0.000313001154
152603	-0.008394356303	-0.00452609823	-0.003929122434
269416	0.003489153874	-0.012547380757	-0.005955959451
204768	0.002774793165	-0.010677709928	-0.00576044815
230389	-0.002643089694	-0.005084641461	-0.003588371879
194558	-0.004916199648	0.002202596771	-0.000146061866
348570	-0.003897754763	0.002229189097	-0.00025957575
110099	-0.001549828067	0.00112508251	-0.000378251106
88754	-0.005758034175	-0.009247620834	-0.009548123972
4416	-0.013105379158	0.000730691579	-0.002980615565
75079	-0.01484462298	-0.009754233096	-0.009110938468
211664	-0.010137552784	0.003602470603	0.002671652192
459459	0.000983453181	-0.002773498013	-0.001131288991
280239	-0.001193200495	0.000866379782	0.000195224334
152605	-0.008692681131	0.001738496993	-0.000358284912
223286	-0.003588071268	0.001632249267	0.00037453055
591379	-0.009278586576	0.003914670818	0.00102088029
328033	-0.001670622795	0.000912815789	-0.00045238981
21795	0.009735783361	-0.004422240198	0.004639633801
572984	-0.010227553411	0.005202160814	0.000886247153
136201	0.004079298814	-0.008192090438	-0.002777970238
554674	0.010495062746	-0.002308553107	-0.005583186681
573907	-0.000163573334	-0.009615975522	-0.006655968277
144065	0.001506171284	-0.00348963547	-0.001448518014
122816	-0.008619210696	-0.000567331427	0.011351499009
235954	-0.005811085543	-0.006189202384	-0.004012846901
44239	-0.003894903753	-0.003397515005	-0.003331751283
356753	-0.007972494416	0.003572646687	0.001097329346
143200	0.015172532638	-0.01128274462	-0.00352599444
220042	0.005717948322	-0.008443494051	-0.006214358979
141085	-0.002271244846	-0.003806008986	-0.003097818528
407742	0.008373325339	0.001928447614	0.002592768141
537239	-0.004261769856	0.002056853526	0.000543571945
368986	-0.010959368685	0.005468317765	0.000739564279
53994	-0.006420548396	-0.00511901342	-0.003457530855
22545	-0.008976412513	-0.00526383606	-0.008640030006
266208	-0.003003687609	0.001490033379	1.7710495e-05
203235	-0.002436021054	0.001465093021	0.000185638608
240252	-0.003391983882	-0.005090155855	-0.002890119376
580831	-0.010577566756	-0.002875621408	-0.004209777981
227409	-0.011703464864	0.000157984845	-0.005324836561
43037	-0.004600814388	-0.004394762861	-0.002835960921
170219	-0.006977277997	0.00411058348	8.519276e-05
112277	-0.008366333616	-0.006454673915	-0.0055071148
259611	0.005231840791	-0.010429177178	-0.005965317756
154314	0.003799935711	-0.006014223114	-0.006520023268
230396	0.002106794631	-0.007311378243	-0.005850780464
154354	0.011304666447	-0.006603056383	-0.007440629455
223618	-0.000220782462	-0.01278645617	-0.007151065869
221922	-0.003300502255	-0.005738000585	-0.003031246071
240686	-0.008315644334	0.004470882251	0.000968078424
542625	-0.00017581536	0.000374419793	-0.000638634891
224678	0.012596230501	-0.01068781809	-0.004931806355
258178	0.001624016935	-0.000384962069	-0.000564714081
227239	0.008688317901	-0.0063137998	-0.013200149919
339039	-0.000513778252	-0.005610080086	-0.002805521136
271221	-0.004478506054	0.001184511331	0.00013159106
341359	0.001156595123	-0.001733931993	0.001411809432
266165	0.00161792538	-0.002176963098	0.00183758688
262719	-0.005051128929	-0.009515199213	-0.006361735867
568338	-0.00138366885	0.000303139744	0.000198499292
339472	-0.001032872923	-0.00048717864	0.001000928075
324421	-0.000425225482	0.000719172255	-0.001061946405
4539	0.000950937526	0.000221516398	-0.001271104577
4597	0.001542561483	-0.00104830621	-0.000292213823
316468	-0.000563184632	0.00119130515	-0.000753072083
344763	-0.002743509529	0.002389458169	-0.000232514477
160662	0.000805480467	-0.002620863059	0.002284356882
565674	-0.006338779219	-0.004407259762	-0.000784962219
570812	-0.004563640224	-0.008789533644	-0.005424800134
62963	0.000637484821	-0.003704785403	-0.000411894231
32841	0.000672280889	0.00120479384	0.00073660446
564264	0.002464059463	-0.001602653815	-0.000135969729
510201	-0.004928365251	0.003568762614	-0.001853592614
93710	0.003227069013	-0.00051358993	-0.00379298263
217481	-4.516667e-06	-0.00034924042	-0.000316706921
277643	7.0231183e-05	0.00355718384	-0.000535790725
356598	-0.009634326088	0.004438867592	-4.0732748e-05
129759	0.019846699707	-0.014230457382	-0.007116082297
342749	0.002314926714	-0.001179633425	-6.2963853e-05
70071	-0.003596067551	-0.001494436235	-0.00395107382
161477	0.00726953884	-0.004380637725	-0.014007871623
570817	-0.001208436894	0.000145724314	0.000372703325
225933	-0.008082225766	0.003795490447	0.001053900674
243743	-0.001017187527	-0.000748652455	0.001317655491
248044	0.009249546596	-0.003582552941	-0.001342596517
17329	-0.009146610146	0.002833507338	0.001677878124
89525	-0.002311330214	0.000341983282	0.001812226551
240173	0.025620011054	-0.017631664763	-0.006802417045
312081	-0.004499697876	0.002596535321	-0.000626276716
158370	0.021343255847	-0.006802195485	-0.005996037683
446302	-0.008247729664	0.002751693189	0.002996284892
328359	-0.002977395609	-0.001551536579	-0.003277381739
590182	-0.006926629567	-0.000138393591	-0.005164186506
334940	0.009046132306	-0.008070567768	-0.008034326071
487725	-0.00452615596	0.002346680869	-0.002223738348
583102	-0.003981427438	-0.006197078135	-0.001500159993
561245	0.019314384859	-0.011569820512	-0.01241070196
591751	0.019972073492	-0.018315961693	-0.009454157571
319666	-0.003573983116	-0.001724004852	-0.002394119003
350117	-0.005038403917	-0.000841020512	-0.003898817518
137761	-0.012837866456	-0.00509747244	-0.003411005092
162721	0.007787166814	-0.001040883451	-0.016078807234
173459	-0.014442085597	-0.002167287234	-0.00721502431
344395	-0.000253328135	-0.013721568483	-0.004736568584
102265	-0.013517540702	0.000248033559	-0.009576452253
367659	0.031391978417	-0.016633003607	-0.006620478036
562526	0.009756992741	0.020972649435	-0.014691824157
223431	-0.002582194681	0.000732772663	0.001388190522
580805	-0.001258088786	-0.010321468792	-0.006244763245
68657	0.004038285902	-0.001016169753	-0.002742699884
226138	-0.010261482455	0.000481257122	-0.004557335166
252977	0.005185754143	-0.003288671735	-0.011718353834
560773	0.011369430256	0.002978505486	-0.017437649016
585288	-0.005264884506	0.002390154071	-0.00185220502
269203	-0.005065988572	0.001754747077	0.001424332241
217266	0.005939386813	-0.00543132886	-0.005624948888
312453	0.009707666829	-0.012766890219	-0.00954180632
25242	-0.006197175036	0.001239675343	-0.006729079302
217152	-0.007660662418	0.00364433387	-1.318367e-06
60251	0.004582809613	-0.003778296929	0.001754633297
553192	-0.00016687826	-0.003905213049	-0.002398974282
235856	-0.000754749264	-0.000740439369	-0.000484455066
311780	0.009310893789	-0.009023503939	-0.004699482223
560304	0.00316696896	-0.008537249926	-0.00015019748
251079	0.015385563108	-0.005501059321	-0.00448312277
321764	-0.00099956691	0.002367885369	-0.003072137832
235483	-0.007113802695	-0.005193855602	-0.000547148603
114591	-0.000761611456	-0.000379294954	0.000424034118
243129	0.011393928903	-0.009657368313	-0.002072095024
251580	-0.010964540228	0.004256087851	0.000601608775
358745	-0.008033548773	0.000491777139	-0.002319176212
133194	0.000213880108	-0.002180914644	0.001846163082
292322	0.000995700619	-0.000995499806	-0.000373619264
197687	0.00315362304	-0.004096332996	0.002261873434
45857	-0.008089097352	0.004716969545	-0.000241557314
338207	0.002405201194	-0.002481453673	0.002254882778
104644	-0.007398073735	0.003241949904	0.00107657273
6320	-0.004553541584	-0.004250636165	-0.001427366507
525932	-0.003123539577	-0.013102924327	-0.010833022573
130803	0.007482016099	-0.000321165253	0.003460748521
162144	-0.002590048798	-0.004865207429	-0.002989938276
231088	-0.004176266805	0.00143714898	0.000265769646
564413	0.003420663894	-0.006750785934	-0.00436004976
589380	-0.005013725194	0.001642546734	0.001854370214
108318	-0.008411339174	0.003157442324	-0.00234438083
160114	-0.005157593171	0.022630549916	0.007734732658
384499	-0.009844660416	0.00144493876	-0.000909026394
570614	0.008799725622	-0.007145591624	-0.000987068998
345950	-0.010264242433	0.005308010782	-0.000381828307
361013	-0.006739372603	-0.003699068122	-0.00278159636
238220	0.011161809473	-0.011463019466	-0.00517467076
261978	0.004845355624	-0.001613447476	-0.001622836707
426622	-0.00695685276	-0.002507237281	-0.003716329112
143097	0.002971289818	-0.000592165098	-4.670033e-06
577484	0.01769442232	0.000322388749	-0.003259165451
217733	0.011581085412	0.006647248883	0.00558317816
133044	-0.010809003399	0.006574754629	0.001556522597
509987	-0.005516926619	-0.003219605143	-0.003339995782
52593	-0.004177916811	-0.004118558925	-0.002958929322
360253	0.008999425853	-0.002410980425	-0.000907486161
435628	-0.001651886124	-0.004297926626	-0.006198438866
142028	-0.005738994418	0.002544722749	0.000840384365
111304	-0.013229255313	0.005802097135	-0.003468104511
105875	-0.000871215407	0.002721147815	0.0009575406
92490	0.011932301382	0.01384944566	0.00390004514
89574	-0.002965275269	-0.006382125428	-0.00766727973
38548	0.024861095913	0.002900364916	0.005139053888
224427	0.013537104185	0.022915963271	0.013637682061
281742	-0.001985069877	-0.009324794345	-0.005277920182
182669	-0.003894960277	-0.004640790655	-0.004089996868
563756	0.005354955617	0.010166208672	0.007357861359
180839	0.009186825874	-0.010555232791	-0.006570861355
192248	0.002255977008	-0.013537931012	-0.004566378301
6294	0.000304281752	-0.000645724472	0.000902282752
164830	0.002764131754	0.001386786553	0.000399736765
104864	-0.004411553856	0.00602772634	0.004804923547
193988	-0.008830933886	0.004123641446	0.000756558605
53381	0.001147775793	-0.001570660078	0.001211958497
162725	-0.006511682007	0.003695289719	-0.000450491005
158572	-0.004443395562	-0.001117951522	-0.005048912049
588310	-0.001182554173	0.001068164315	-0.000869795082
104885	-0.009879754483	0.003532691411	0.002652367564
323600	-0.003911559491	-0.000525902876	0.003872581804
354557	0.010854681935	0.012372950872	0.003194744069
563240	-0.005688359986	-0.008105764793	-0.008826192622
140547	-0.005525905114	-0.008695441783	-0.006208373812
445733	0.002321827877	-0.001436166054	0.000203014359
147665	-0.004423870804	-0.004560830713	-0.001893501901
240257	-0.004884248304	0.004246128406	0.002224405568
352352	0.011822885926	0.004443989194	0.001955750424
205122	-0.007451444898	-0.000126988657	-0.003866643179
263034	-0.000944085383	-0.005135558281	-0.006194845517
249507	-6.1659955e-05	-9.7063352e-05	-0.001648106983
524062	-0.003714614169	-0.008001367235	-0.005224546067
518998	-0.001870334578	-1.7066729e-05	-0.00053113451
493339	0.010567386312	-0.002418381775	-0.005039769188
153621	-0.002585880237	0.001438900058	-0.000141977603
584900	0.005039112273	-0.014220736063	-0.007680840325
431743	-0.014705012546	-0.003444688303	-0.003688368052
18607	-0.00542792605	0.000852949153	0.002904163201
460604	-0.00305264841	-0.003494267218	-0.005465273727
264666	-0.004245184552	0.001889797062	0.001244969973
79611	-0.000164796245	-0.001156645461	-0.004165916097
106313	-1.7865031e-05	0.000209449896	-0.000499220864
489457	0.001310547456	-0.007550832745	0.002103762657
303699	0.012607571576	-0.000896472259	-0.00101284711
200533	-0.011145511305	-0.0010602732	-0.00216131255
278687	-0.002757381706	-0.00539260233	-0.003223389658
147648	0.003088691015	0.015147815794	0.010780967338
275764	-0.003856513869	-0.003589374592	-0.004161093207
40332	-0.007876497141	0.003366960002	0.001296285704
156959	-0.002842029856	0.001023817763	-0.003075156676
90311	-0.012492173096	0.006932364513	-0.001292499802
377426	-0.016425186252	0.001872830715	-0.001276843534
261294	0.000305095772	-0.000442094665	-0.000216253315
352641	0.004332610873	-0.004696964569	-0.000868934219
370761	-0.011997354935	0.002623066941	-0.002311862435
293215	-0.002637550595	-0.004885220654	-0.002691414117
101571	-0.008424286094	-0.005787205513	-0.005118208117
6195	-0.001507761694	-0.007326076709	-0.004559018841
6203	0.004627180644	-0.004820550835	-0.006831103588
570722	-0.006538927038	0.003468657194	0.000737135675
77547	0.004445499315	-0.001663775806	-0.002548020062
360298	0.025931069897	-0.013390534155	-0.003101944973
361840	-0.004142455494	0.005067360607	-0.005594315068
559317	0.003064330468	0.000336082962	-0.003150790006
152371	0.001378254441	0.001150561594	-0.005993654906
511844	0.030393937195	-0.01553957414	-0.010284644105
339246	0.018520780398	-0.010480047313	-0.008377276269
582012	0.018468495455	-0.005625229991	-0.015899274971
543139	0.003309972246	0.013269420646	-0.007958990706
552687	0.006736396399	-0.002610562469	-0.002598566294
99195	0.008145089151	-0.003937084786	-0.001986209037
278777	0.001458194286	-0.006741882293	-0.003268289735
158069	0.024338559299	-0.010593428957	0.00035248974
149938	0.008881611708	-0.007681672973	-0.004211121444
251218	0.005520967104	-0.007354818802	-0.0031565971
226200	0.001096477732	-0.002021536372	0.000777511645
222699	0.007860047097	-0.013338980402	-0.010559364828
6204	0.008105658959	-0.007229766825	-0.004900583887
230648	0.015069469504	-0.013218324612	-0.006256859749
331282	-0.004559385621	0.001199739259	0.002439541115
494339	0.001730664626	0.002137823248	0.001539010954
590580	-0.005955566666	0.002573772671	0.000789221392
18013	0.008026170884	-0.002786727513	-0.001571956154
188464	0.00251070756	-0.000628858968	-0.001823764006
389987	-0.000917161973	0.001854833993	-0.00474350029
354042	0.004359402723	-0.002616041198	0.000850390238
238508	-0.004270098053	-0.000835831817	-0.002141453794
31402	0.009341367678	-0.01676971329	-0.005140100382
222080	0.008909109959	-0.00758007561	-0.01165683583
340165	0.004710437979	-0.011793648371	-0.008927614829
262714	0.029826052652	-0.020813929453	-0.016701581831
143386	0.009510460516	-0.004359404728	-0.002735313987
108379	0.006127224718	-0.00114181474	-0.005833196661
203846	0.025155908087	-0.020518716836	0.004469937784
145518	0.01442867171	-0.007426615185	-0.005157220172
242675	0.02425111663	-0.017706383276	-0.007737949697
177138	0.005502808534	-0.010960205687	-0.011672472599
114292	0.000537713654	-4.7750985e-05	-0.002070162786
131892	0.01655651396	-0.022945380689	-0.016047269349
360665	0.020638915743	-0.015543793121	-0.012767520849
220477	-0.002812110808	0.000989168258	0.002015674277
44980	-0.001784399691	-0.000103004058	0.002104141478
252410	0.016120746342	-0.021301804005	-0.01375742274
248296	0.001634624593	-0.003899554319	0.002709393549
256780	-0.006249403849	-0.002922157805	-0.006029093045
90664	0.00334791139	-0.012165009916	-0.008990108351
266620	0.00395479739	-0.012186487882	-0.006050527433
246500	0.021693605823	-0.011877905602	-0.002963341628
278075	0.017838888745	0.03218721349	0.012027290698
56491	0.004356194396	-0.01322635893	-0.006046484676
6365	0.006912208907	0.009663042397	0.008776705798
443407	-0.00112022259	0.000881894186	-0.000814177384
541547	-0.014294433069	0.003949522395	-0.017993874538
253678	-0.000578533252	0.000839138755	-0.000557400205
225544	-0.004976466102	-0.003674342884	-0.002404797479
113913	-0.004436200874	-0.005352776529	-0.004077413987
342450	-0.001714790956	-0.003032502844	-0.001425242309
570138	-0.009953756481	-0.000109200336	-0.001012615032
114901	0.005415854653	0.013653797299	0.005763660367
223237	0.005475852268	-0.008346087322	-0.00291063538
198250	0.001769861355	0.000944462561	-0.003224167342
211720	-0.009878677904	-0.009947511333	0.005429542263
114029	-0.014967244321	0.025510572233	-0.015063039936
100730	-0.006491408835	-0.008237256033	-0.001666951037
189151	-0.005625176135	0.00260897228	0.000702565792
511221	0.002695563955	-0.000650772767	-0.002255765533
337066	0.000636694995	-0.00017715854	-0.00017308904
156878	0.005383269967	-0.004595923173	0.000144196094
88339	0.005273252437	-0.001816789407	-0.001028452617
513958	-0.002572568475	0.001097592228	0.00056249343
261065	0.001648090834	-0.001354063884	0.000143959305
592584	-0.000505670166	-0.001570882305	-0.000778982035
10724	0.002774257753	0.003064831763	0.001806263553
277150	0.007279195658	0.009051461988	0.006043011684
253746	0.002664186228	0.002329909168	0.001509009021
217352	0.004266674192	0.007279180709	0.004423783858
150949	0.002715886892	0.002507734739	0.001679187926
10677	-0.002662972909	-0.005136028291	-0.003492851902
137474	-8.6998275e-05	-0.001012810114	-0.001179782889
255615	0.004028242018	0.00092612285	0.00208696053
594198	0.006439182459	0.007572086333	0.006799894254
285313	0.000271849721	0.000147926223	-0.000115251924
239473	0.011005123451	0.018681854953	0.006048683485
256515	-0.001173935981	-0.002032009247	-0.00292495202
590108	0.01215902204	0.037375463518	0.012212338284
266671	0.007683946775	0.013508812808	0.006470867715
156343	0.001460146821	-0.001771767563	0.000460269112
151807	-0.016068069588	-0.006184923097	-0.000315392125
509157	0.006708267473	0.009547801967	0.006090669306
540283	0.003839345031	0.001495652089	0.000790327041
547121	0.013444294815	0.01263080391	0.012921904352
441506	0.015993864722	0.027015732417	0.002952154399
572347	0.004736646614	0.007555067514	0.003104355594
590338	0.008021717192	0.011903918341	0.008166427391
554440	-0.000958454349	-0.004057719668	-0.004245105312
583342	0.009383760263	0.011431705507	0.005562305937
219858	0.016057986762	0.019509650668	0.009733994084
553256	0.009123111051	0.016265837744	0.002589914053
534747	0.008663162896	0.03502406502	0.017948717234
154329	0.019122639763	0.031070517475	0.010811900708
149503	0.010153234106	0.018203742001	0.005275376138
232064	0.018156856202	0.028820068345	0.010359894853
265934	0.014071527066	0.022529890229	0.013187804786
580346	-0.000227177407	-0.00056035431	0.000950745079
584265	-0.005126632132	-0.003491466947	-0.002658773596
10776	0.011828752827	0.020699207385	0.011067550444
558853	-0.000441448066	0.012922483362	0.008676105971
536721	0.013830034855	0.017670240951	0.012145646724
155465	0.007973007289	0.007389738951	0.004802158195
373867	-0.002898938721	-0.005822294588	-0.004167800223
513540	0.004431859617	0.003044262085	0.003398304799
560302	0.006123607476	0.010814183065	0.006636679432
165767	-0.003914825965	0.008821463033	0.003824261884
219894	0.003196532003	0.005308029486	0.002780749622
538627	0.000351577268	-0.001400884007	-0.000837968465
578505	0.012223012317	0.017705774292	0.011780073998
262663	0.00716472744	0.009890857625	0.007594696958
134597	0.002034939629	0.00381562224	0.002269122803
571785	0.012354461837	0.020189526567	0.007808233868
161965	0.006680025504	0.037073341787	0.017841717885
77292	0.011553821948	0.015852995157	0.008389699712
149053	0.014126823598	0.026360787202	0.009577227135
535606	0.00139952056	0.001888128729	0.000804526934
554808	-0.000400499396	-0.000727547686	-0.001152353533
10750	0.001719305031	0.003058399939	0.001628421975
155072	-0.00012557519	-0.000535338247	-0.001314594263
583853	-0.003015159007	-0.005868154647	-0.004263639229
557936	-0.000891063448	-0.001818606836	-0.004935135753
543826	0.011963862727	0.020241458367	0.007049533709
224441	0.007840319799	0.012195698616	0.005144742772
10754	0.01177457936	0.020460147053	0.013233840862
552003	0.010179615007	0.017910346303	0.00973720604
31004	0.001156223128	0.000157432609	-0.00304777419
164530	-0.001552937349	-0.0029440396	-0.002106474129
221935	-0.003521241583	-0.007506101463	-0.00505859822
310060	0.005532755702	0.006005609177	-0.000847807063
30060	0.000622478181	0.00122868065	-0.002529644568
173034	0.00423103822	0.006809229769	0.000235243648
572807	-0.002649762381	-0.005025385308	-0.004406053272
91433	-0.001659306959	-0.007871776586	-0.002270913798
546852	-0.000723245174	-0.004553936122	-0.00075437785
188174	6.6566698e-05	-0.000673498196	-0.001740919088
546128	-0.008759379944	-0.005660001803	-0.005314281622
160902	-0.000638064972	-0.000452387289	0.001533704182
154843	0.002817756753	-0.002009534638	0.001044014118
590543	-0.003678520926	-0.000211671341	0.002748187371
10897	0.001061397969	0.000263639246	-0.000543217562
10865	-0.000200455335	-0.000205647786	-0.000152266132
148326	-0.004367341147	-0.002700013144	-0.005157454074
10870	-0.00472283747	-0.008904870506	-0.006224284565
272166	-0.003565714626	-0.007435277903	-0.00419787772
159856	-0.001412598012	-0.003337627527	-0.002663589743
173385	-0.002400189373	-0.004870226856	-0.002125757115
217198	0.019244422525	0.02615484227	0.012595783474
537927	-0.005722602794	-0.013562096338	-0.007170284006
78986	-0.004820354588	-0.000721341295	0.004798304087
248513	-3.6403834e-05	-0.001056690384	0.001718357939
561928	-0.000967457984	-2.109874e-06	-0.001669406424
113207	0.000227845385	0.001543595455	-0.004370715113
378495	-0.005542395237	-0.002245059222	-0.007145584746
327332	-0.003842099118	-0.004340981758	-0.002350075183
309076	-0.006174128718	-0.00338488442	-0.004630318212
570484	-0.002296392507	-0.005611619365	0.000807990454
10888	-0.00348072449	-0.005490110019	-0.002847765161
289889	-0.005702018309	-0.008110329814	-0.006929528472
583955	-0.00143472517	0.001003614521	-0.00198113693
557184	-0.001237281104	1.1113891e-05	-0.000186203364
584754	0.00024312821	-0.000356634385	0.000299808514
541666	-0.001490057524	-8.1757771e-05	0.000589497635
163459	-0.004117671726	0.001257419731	0.000284089661
154663	-0.015228583226	0.003930233144	0.004828101995
19549	-0.002101798472	-0.000264409828	-0.001645550774
150803	-0.004976546878	-0.006759721065	-0.000212454897
109282	-0.00211800173	-0.004961407159	-0.003738911373
183230	0.000163496391	-0.000567061536	0.000793086468
348411	-0.001682345502	0.000584774029	-0.000988502116
154062	-0.005747894106	0.002828067623	-0.001035388766
566138	-0.002492424257	-0.001874231429	-0.005622275503
171180	0.014140964004	0.020059968636	0.010691194279
568791	0.010128871146	0.025028593354	0.009372385107
556123	-0.001780311132	-0.002340272996	-0.003563854075
237632	0.000293803104	-0.011290633882	-0.001291505119
554116	0.003839853196	0.007741048183	0.005356713166
275331	-0.004153189307	-0.007083395843	-0.005268846166
574156	-0.006228678624	-0.008279032982	-0.002914079478
557537	0.004064864981	0.002098732992	0.002746004282
571389	-0.000268952546	-0.00557572465	0.000212292766
192150	-0.001275158346	-0.000518896155	0.001724385729
109278	-0.004537681883	-0.003834818483	-0.003117057056
77873	-0.004341415667	-0.010345700776	-0.006597131743
587834	-0.018689376208	0.000622399389	0.006319395307
593687	0.001630682358	-9.843697e-06	0.000502570444
578329	-0.005269547567	-0.003591098448	-0.003170917966
554551	-0.003115462975	-0.002496372143	-0.002636536204
342877	0.000828997343	0.000322738958	-0.000800868127
154607	0.000636698514	-0.000492335739	8.4634143e-05
246145	-0.003139384638	-0.007301325597	-0.003952495177
354146	-0.00067089293	0.000138535432	-0.001042214603
147459	0.000133109552	5.8347712e-05	-0.000236794596
165239	0.001144679682	-0.002525936916	0.002540467327
166757	0.001482115312	-0.002505986316	0.002147962085
555020	-0.002626766512	-0.003982217195	-0.004358057678
249656	-0.001870231005	0.011288772448	0.000374602264
533282	0.001571771064	0.00195574802	-0.003350958518
543630	0.007457698388	0.008635614303	0.003098914972
343572	-0.000248293025	-0.002502618622	-0.005474360002
513824	-0.000929473318	-0.002461211911	0.002111002814
10890	-0.012661647272	-0.002247287102	-0.002754196271
113166	0.007764783226	0.010928120503	0.005958802202
591936	0.009864365487	0.007805861828	0.010131664378
260728	0.000419618302	0.000296848318	-0.004601611694
592826	-0.003432973763	-0.007855753272	-0.004449259583
566769	0.006198859546	0.010215827895	0.00300732522
540242	0.008373107908	0.013264166181	0.006674360073
328502	0.00148663142	0.003196661835	-0.001467791459
339335	-0.000735774463	0.011658770795	0.006486441495
145576	0.005269634425	0.006595144827	0.000121888445
584649	0.005878113991	0.004741430229	0.00377389912
166759	0.002791027529	0.005526602068	0.004476660057
241392	-0.001077012766	-0.001778807712	-0.003925002298
113116	0.009234642704	0.026589115491	0.009286270089
536561	0.016097527277	0.026334790517	0.010844262447
534317	0.010413301309	0.011658975355	0.009100624255
559617	0.010061857206	0.016331295069	0.008512678486
537744	0.006845711075	0.01201707251	0.003506749767
150612	0.012492283386	0.036852509144	0.012403824221
552734	0.016488927077	0.02530143871	0.010949838752
94853	0.009401117256	0.013750718364	0.00903312751
128221	0.002729170189	0.003280728509	0.001077078812
260870	-0.002995322861	-0.005901684561	-0.004252866893
34985	0.008786014837	0.023808462337	0.012726836106
546409	0.002886733812	0.004680298415	0.002728509449
295289	0.003193512954	0.005893151557	0.003314491201
284321	0.013806885366	0.025133199021	0.010421291996
10860	0.007838693918	0.012291097672	0.007515477104
10845	0.005537720116	0.008612936981	0.005140809833
151169	0.002683698861	0.004867336387	0.002382456617
576808	0.001462719296	-0.00183861972	-0.000167351134
261781	0.003586494941	0.003194014968	0.003098621462
10858	0.006534200584	0.01911465603	0.001687972071
271079	0.00426115163	0.008134018764	0.001304672808
148894	0.001012421744	9.7200884e-05	0.000472860302
269237	0.011712337456	0.012758544693	0.012963947896
587689	0.006789247049	0.010918849852	0.006995070241
133542	0.005760278486	0.032755151038	0.013119852037
66928	-0.001554007411	-0.004419729163	-0.003810798708
439295	-0.000889708065	-0.001886182134	-0.00168617215
586738	0.012539276348	0.038834751891	0.015907123238
150930	-0.001005661462	-0.002048026693	-0.001797468733
203169	0.01020416114	0.008936912781	0.010566764364
534010	0.006249931964	0.010126532125	0.003402433691
162776	0.011968098444	0.032021649537	0.017785145848
546745	0.005112943612	0.008875691964	0.005334670144
282165	0.018065131791	0.027860857573	0.018024413419
102521	0.014485256913	0.02026515913	0.009477061613
269542	0.008672756183	0.03050431405	0.011270693785
280179	0.006844771095	0.009493920651	0.007612394576
145398	0.006779853705	0.007611486548	0.005828487053
77467	-0.002743067855	-0.006018013507	-0.005665118832
56266	0.004507031483	0.050350369816	0.020365921862
589224	-0.004799551502	-0.002782295322	0.000102315019
278555	0.000314870137	0.00040035138	-0.001325451621
154397	-0.004181321131	-0.001586118127	0.00538996542
279049	-0.000696570352	0.003656970135	-0.007877246746
112173	-0.002562901451	-0.007316480415	7.8887045e-05
329633	-0.000911132453	-0.000429112775	0.000982874219
278071	-0.007429757356	-0.002510747319	-0.002781179572
102062	0.005975630177	0.007694804218	0.002975610847
100161	0.000466381845	0.000589249797	9.4398809e-05
334143	-0.014578363686	-0.007385199745	-0.00010698923
540615	-0.003108734902	-0.004855346751	-0.001957725784
247260	-0.006239223595	-0.012613932354	-0.00837829012
10829	-0.000852325397	9.3781312e-05	0.000567064869
542644	0.00043902683	-0.000339414512	-1.9180502e-05
105497	-0.001436880359	0.003242304834	0.000113925989
171673	-0.003929948945	0.006039712022	0.002524183249
142768	0.006202153905	0.029212503166	0.013493307126
590669	-0.001791315207	-0.003131571207	-0.001915411896
10830	-0.000515960936	-2.092182e-05	0.000688491374
72613	-0.001682149913	-0.005814525402	-0.002899557512
61880	0.002684294783	0.004608582064	0.003866843484
591865	-0.000145473633	0.000392901115	-0.000842383958
590606	-4.5344277e-05	-0.001145722613	0.001907738176
161956	0.002423405666	-0.002099086285	0.001580860711
278259	-0.011772919251	0.002290166226	-0.00385185956
162310	0.004568271822	0.007528323027	0.004759781433
141610	0.004418928372	0.007077092338	0.003700329725
316530	-0.005107655793	-0.002513691158	-0.005439202889
243494	0.002262946571	-0.007259752671	-0.000525371464
333184	-0.002734484347	-0.011157448873	-0.007515018915
244427	-0.003466669689	-0.004654831244	-0.002433259373
583279	0.003660946179	0.003064227368	0.004286622436
69671	-0.003729601854	-0.010020879073	-0.007008981284
341855	0.000853179859	-0.00140799266	0.001130625471
164944	-0.000843459402	-0.006387974338	-0.001426643504
319044	-0.025558270654	0.008608208539	0.021515788592
25548	-0.016397813259	-0.002462628722	-0.006959704535
87194	-0.027409179554	0.016003462901	0.010011640468
109273	0.005460328748	0.00506781874	0.003459589903
109272	-0.005243331209	-0.000219045388	-0.007574667229
307864	-0.003864829096	-0.002280093332	-0.002229285919
540643	-0.004377000746	-0.007832664654	-0.005098604933
245906	-0.002041329063	-0.006313426358	-0.001819359149
100033	-0.005230711804	-0.006777155829	-0.004857310933
242966	0.001686366794	-0.002448198579	0.002347115158
10840	-0.000129796366	0.000399664731	-0.001009287877
512929	-0.00061999981	0.000202816563	2.6312916e-05
527049	0.00014250696	0.000896372846	-0.001202286243
509769	-0.002465474299	0.000225597725	0.000722268668
138936	0.00014310191	0.001039967032	-0.002685725244
512777	-0.002378212889	-0.003598196015	-0.005108223243
223812	-0.011263380879	-0.01004828142	-0.010127754923
341595	-0.000341900381	-0.006059311958	-0.000312468025
184429	-0.005975599972	-0.005985986283	-0.007533724119
570415	-0.001267346031	0.000249391661	-0.000142912106
226332	-0.002187135256	-0.011996369776	-0.005672463862
567464	-0.006331550696	-0.007072009432	-0.004012752743
309672	-0.005021977928	-0.01067874077	-0.003002273781
111887	0.002249340467	-0.003282996845	0.003375507302
549531	-0.001078774799	-0.002012689333	0.002658313703
590689	-0.002227905891	0.000161395122	0.001171620182
572865	-0.006512601281	-0.009310894924	-0.015111501102
581436	-0.01881807676	-0.002701184713	-0.008711802888
308423	-0.012190201525	-0.005808344313	-0.004624385115
82114	-0.006617309861	-0.006416201317	-0.007261089108
545830	0.000696149629	-0.00015455329	-0.000218091757
131172	0.00213803168	0.00795370149	-0.001808448113
169282	-0.010250571245	0.004902018359	-0.000334107593
561836	0.008908252392	0.007803356825	0.008250846439
244699	-0.002680451647	-0.006113869798	-0.003665065492
126281	0.000632112527	-0.006826403189	-0.00037326754
346330	0.004793847194	0.005725033555	0.004730544474
548857	0.004899014724	0.007253357066	0.005252538966
366378	-0.002864261562	-0.004022512657	-0.004376199763
166413	-0.003958647959	0.010568917186	0.005083867345
568793	0.000891873766	-0.000783854278	0.000114397604
128536	-0.001068325872	0.000430347478	-0.000168027774
10818	-0.002147528706	-0.005748334822	-0.006339443149
110001	-0.000443309447	-0.005985388883	0.000304382827
532903	0.014524026895	0.039517269042	0.015950991072
546717	0.007911006722	0.011736911016	0.00809143278
184957	0.008103270253	0.014238525884	0.009327115806
593701	0.012314514399	0.017917052288	0.003424261409
512958	0.009979966706	0.016476429074	0.010498993595
81732	0.017573526476	0.021429893004	0.010885734575
299189	-0.001792143099	-0.003769203651	-0.00303681591
66925	0.013644275655	0.019537667412	0.009199640958
303539	-0.007664950442	-0.003836013521	0.000505117601
66635	-0.00322568983	-0.006209010851	-0.004638060369
509370	-0.007168770046	0.005128551069	0.00185816283
131091	0.003771500308	0.006939822985	0.003824560359
133425	-0.001822393762	-0.003665495636	-0.00264588497
143834	0.012955385212	0.022677765655	0.009739128655
543482	-0.001628129531	-0.003403396817	-0.002860903815
10718	0.000488705912	-0.000493411237	-0.001550212212
554930	0.011013484707	0.01868412876	0.006670501691
569150	0.006786002869	0.009360855215	0.004486511591
63254	0.008899627234	0.013384117543	0.010184666258
29387	0.007931443227	0.030764990782	0.012309422575
34143	0.007186639649	0.007074129289	0.004197166791
590259	0.003063633898	0.004877378713	0.002396022879
268621	0.000647068808	0.001117971832	0.000434027767
263319	0.019534360018	0.036782554166	0.016292420261
180225	0.005367511209	0.007340002735	0.004094589517
569641	0.006159737726	0.005638625238	0.006554072547
257948	-0.000338284747	-0.001265264545	-0.000577631782
227450	-0.006179700835	-0.006699464173	-0.007686487401
209100	0.000355441336	-0.006513224409	-0.00321534251
256205	0.000766650192	-0.00107255482	-0.000714847503
113368	0.003445167758	-0.004565692801	-0.00236875564
343998	0.007931635638	-0.007398608339	-0.003165895933
74869	-0.008914736309	-0.004682527518	-0.003977653615
49295	0.011959236228	0.011671628281	0.00203457276
171640	-0.001531770776	0.000720711504	-0.001142687288
247981	-0.000500583454	-0.001696797139	-0.003887878465
105561	0.000729779639	-0.000372141665	-0.00071298773
137132	0.010788849686	0.00439279196	-0.003320270533
307774	-0.000520546825	-0.00417543521	-0.00312236272
213370	-0.003374018531	0.00681039629	0.003353607244
243041	0.005224563932	0.002417795802	-0.002498945336
152494	-0.007647720877	-0.004664404089	-0.003748416394
191550	-0.005039300286	-0.008920027546	-0.005437615878
337324	-0.002938974389	-0.003859800245	-0.00223272344
511558	0.003169538847	0.006646895253	-0.000313809616
172283	-0.000833034575	0.000106493641	-0.000134224988
236208	-0.001016305427	-0.00536207183	-0.002784731214
227331	-0.002481430189	-0.006250484018	-0.003461870397
265055	-0.000920700473	-0.006451420639	-0.003819315773
525171	0.015785238503	-0.004727255706	-0.009617742153
246762	0.016409150867	-0.004532564714	-0.002692192269
328281	0.002056492645	-0.001612309509	0.000182689713
253026	-0.009710805749	0.004959054407	0.000848742777
233140	-0.00170421562	0.00378343021	-0.005112732809
155720	-0.003374270389	0.003165837754	-0.00405311467
553766	-0.002308986326	-0.000551431082	-0.005279984362
577706	-0.009119470968	-0.00047685985	-0.01044765677
198258	-0.00986003715	-0.002174493452	-0.003694323369
229528	-0.008762174095	0.000273162839	-0.013382825986
10832	0.001568339157	-0.004320322718	-0.00440947559
589130	-0.005290166745	0.007017594866	-0.006949657584
10690	-0.006337369518	-0.004873026366	-0.001111996522
275503	-0.001807296167	-0.000234356882	0.000937679258
10691	-0.001564750172	0.000457347849	-5.3418407e-05
274122	-0.001908901059	0.002508669651	-0.004615252044
10661	-0.00106355734	-0.004014615745	-0.004388969566
275844	-0.005308736	-0.001248983548	-0.001632988613
281539	0.001085710373	-0.000870054903	0.000552015481
106006	-0.000130377545	0.005159613486	-0.000311024889
141636	-0.000844225206	-0.001546039949	-0.000881743681
218005	0.014639728367	0.010677269801	0.003090764624
141116	-0.004714668954	-0.007896847253	-0.004869881411
581069	-0.005979242339	-0.001576976778	-0.00288550599
38634	0.000510651545	-0.002224074344	-0.002826786884
277698	-0.014335489265	0.002984802091	-0.006185397533
260586	0.00130161554	-0.00114732487	0.000759756233
52092	-0.003957029601	-0.006009847308	-0.005239337443
591460	3.0172278e-05	-0.004940555851	-0.005274600494
241853	-0.001045362277	0.001233307805	-0.001532081821
249153	-0.000501720634	-0.010240627695	-0.001963401751
324529	-0.00998168508	-0.006611953655	-0.009382491709
136377	-0.004747025555	-0.001380150059	-0.001967973621
190694	-0.004823592642	0.002862762101	-0.002694570194
346586	-0.000711954035	-0.003721558832	-0.002065588622
239066	0.008517645844	0.002413202298	0.003081390389
388058	0.007664490163	-0.005616779251	0.003173762863
109057	0.000935971966	0.000676835696	-0.000599459527
559177	0.011241277798	0.00013785128	-0.000786492907
246382	0.003880691182	0.007188852891	0.00460206473
218704	-0.008668477092	-0.008077438017	-0.004700215504
224375	2.7420692e-05	0.001310987372	-0.002172727125
223474	-0.002533966013	-0.002019541986	-0.00712677789
520863	0.000432473775	0.003694185335	-0.003851793449
233009	0.004300847946	-0.009804589497	-0.007111860911
534885	0.007705257695	-0.013273865493	-0.005621821546
119236	0.019489221838	0.003319878274	-0.00291993905
339137	-0.004067034149	0.002186092189	0.000131953195
225970	0.009295150539	-0.004513404311	-4.7724307e-05
235795	0.006786510398	-0.001452982649	-0.003613773483
251806	0.004148562116	-0.008479220661	-0.00684880116
226410	0.013943757961	-0.000834899415	-0.00336811323
531899	0.005700459088	-0.002986714084	-0.002246173863
509440	0.006699838277	-0.008443157613	-0.003329717538
159853	-0.001020273111	-0.004283328529	-0.005102131738
239463	0.016664225356	-0.002062444357	-0.002891579102
246321	0.026584199439	0.003514848687	0.002605923868
144150	0.010201569213	-0.010618854105	-0.014546939784
335016	-0.007654344302	0.001644219429	0.000203192274
549688	0.00912340698	-0.007072657576	-0.0063697285
572414	-0.008767147953	0.003526160132	0.001089610727
587746	-0.000162194619	-0.000156105903	0.000141433466
191331	0.009218856679	-0.011751491176	-0.002602483973
228859	-0.003959157667	-0.002353036273	-0.00139444366
548041	-0.006306451045	-0.007352838458	-0.004162092318
573531	0.007467578423	-0.016365617532	-0.012791620212
381777	0.005593035686	0.007098874595	0.006102594969
565064	0.004300309058	0.005683453088	0.002970398196
346925	0.018733206617	0.000770783385	-0.002434953976
253712	0.000489562259	-0.009162594293	-0.005635146906
147174	0.000939347292	-0.004563193228	-0.002094516992
512584	-0.006196725839	0.005265787165	-0.002150384431
321022	-0.000723997766	0.001444525014	-0.002898125948
247742	0.009017897509	-0.013409829487	-0.007798039254
331041	0.007993922107	-0.002129605505	-0.005330301943
581532	0.016835448187	-0.00686656262	-0.006038728587
237260	0.0207870314	-0.014292665609	-0.013894357471
213030	0.003765378507	-0.003947772188	-0.00947283845
535437	0.03002811764	-0.01209973045	-0.002488530686
328900	-0.004868850906	0.002671849489	-0.001268793878
93483	0.008456894923	-0.005347330471	-0.006108517551
593973	0.015983473677	-0.01462598122	-0.008194277781
244297	-0.005760947221	-0.008995984414	-0.008464973623
276445	-0.00183377995	0.000363378867	-0.000634209926
560191	0.010486755179	-0.005753295557	-0.008543794953
535350	0.005091539186	-0.003686183495	0.001249162461
240393	0.001483940973	-0.004880832547	-0.002290592592
540681	0.020899725303	0.011778354416	0.001520357456
550245	0.007657181197	-0.013162813929	-0.006178343937
206015	0.012842673646	-0.01167250952	-0.010503691999
323943	0.015631285445	-0.009422335975	-0.008253859285
48147	0.015054442635	-0.005176780041	-0.004505944508
582097	0.017347469214	-0.006495207883	-0.003003412412
512156	0.008137628102	-0.007476635192	-0.006567258011
534301	0.020714055505	-0.000947626508	-0.004753775077
256931	-0.000567572573	-0.004421552169	-0.005069563706
589212	-0.000874071825	-0.003197641961	-0.002656960818
192369	0.003978317513	0.007606936341	0.001488344473
60598	0.009213325488	0.005860650963	0.004237302437
205913	0.009434823884	0.001947618487	0.002626976787
535087	0.005791027037	0.002691464391	0.001741097816
581516	0.018227550307	0.012102717694	0.003482506916
578972	-0.0121177405	2.9454128e-05	-0.002378929371
38614	0.00426325624	0.004172587559	0.002964008488
308535	0.031878663196	0.001932982852	0.003284790771
63257	0.009993806953	-0.008333853181	-0.006936194384
247387	0.001459542847	0.001606726871	-0.004912317692
55388	0.007283674976	-0.012763808947	-0.009103365282
252578	0.01571781894	-0.018935982292	-0.010349169833
226074	0.002161454983	-0.000100636731	-0.002606426142
248449	0.011228377519	-0.011979066144	-0.010383346395
103930	0.010354469923	-0.017877504313	-0.006775778728
254522	-0.001696353903	0.000335628215	0.000485494909
367695	-0.008355216909	-0.001840629721	-0.001771811489
546729	0.006289644393	-0.001501013866	0.00249168797
586588	-0.002016962984	0.000156402277	0.00098295458
558961	-0.000414836387	-0.000641641609	0.001210478512
509231	-0.011881787149	0.005562335975	0.00110927893
71658	-0.01036610277	-0.003469838975	-0.002959392453
170623	0.000527746294	-0.000606046777	-0.001268532478
334324	-0.000372220414	-0.002930204045	-0.00215999665
348822	-0.003840224902	-0.003343373358	-0.003185767609
236923	-0.006353658852	-0.000689650657	-0.001296865314
344633	0.010799434726	0.005037654629	-0.003301165129
558364	-0.004112353395	0.001893142023	0.000755624811
593921	0.000538463421	-0.002343591432	0.003045801399
565517	0.006298971022	0.014616604975	0.003496704703
140293	0.000852632401	-0.002085220538	0.002070451505
537008	-0.007907314564	0.006601663607	-0.00013697378
351152	-0.001374613654	0.000238409925	0.000412558939
570102	-0.001341323551	0.000370522455	-0.000748186423
354477	-0.001649045442	7.2919038e-05	0.000801587838
268705	-0.005892107033	-0.001024620352	-0.003495747747
268536	-0.002510580899	-0.005388536503	-0.00328785779
550835	-0.001816644154	-0.003124106104	-0.002042740586
111722	-0.004400347316	-0.004282129115	-0.002311098051
543054	-7.9641716e-05	-0.000132688006	0.000421021281
178175	-0.001790017219	0.000267297934	0.000357139972
162701	0.002100454534	-0.003666190188	0.003347278999
349173	-0.000988382247	-0.00313621755	-0.000880961129
562069	-0.000612316497	-0.002057260346	0.002831132773
325961	-0.002505755779	4.1388845e-05	0.001466473119
253113	-0.007029818746	0.002937118718	0.001080246604
357893	-0.000726995946	-7.158663e-06	0.000433146943
309636	-0.000506278912	0.000525913642	-0.001800498725
335613	-0.000812278771	-0.000611360147	0.001319793195
107311	-0.001140608264	-0.000135331781	0.000829918705
200746	-0.002110008037	-0.003727118431	-0.005653586024
250443	-0.003226659119	-0.003007397017	-0.002093108094
236118	-0.007515822229	-0.002556270749	-0.002142244933
512400	0.005472393644	-0.008403861107	-0.000544588664
195498	-0.003954589825	-0.001070497912	-0.005952638442
279076	0.005561762111	-0.000540289987	-0.004059454052
274528	-0.002432863831	0.001009357576	-0.001367401477
225442	0.009799161912	0.002040831777	0.00115655968
267841	0.008687057501	-0.008748789812	-0.008504052868
208701	0.0137931341	-0.008748824382	-0.007626959114
254949	0.023364181157	-0.006461079365	-0.003275076804
250313	0.000891494809	4.7514359e-05	-0.000831453764
238254	0.003545726227	-0.00013510023	-0.005717405305
258814	0.010200268108	-0.003919190066	-0.005609856417
217748	0.008978175343	-0.010601744979	-0.010696330059
237497	-0.001206732395	0.001334512347	-0.002209286004
586804	0.014494088597	-0.014266375668	-0.012689958936
254628	-0.002570069093	-0.013588069383	-0.007739323303
198233	-0.009696161617	-0.007850358549	-0.007182279483
236868	-0.005661062833	-0.000586929464	-0.002224071163
75196	0.009198843786	0.015507865863	0.006875402042
560806	-0.007246466427	0.015165923303	0.007947274918
591647	0.000907814929	0.00036396291	-0.001953379151
257041	0.012476645776	-0.000813432888	-0.010494182908
590356	0.005820355956	-0.003327001583	-0.000465868478
259881	0.018182686134	-0.007884253862	-0.001885860971
237963	0.022551449357	0.001692197616	-0.006073639586
554552	0.021687061735	-0.001379684723	-0.001767708844
114327	0.013185269576	-0.012852613925	-0.00465667436
368942	0.013355597437	-0.007289792365	-0.007566162601
364646	0.014767156233	-0.014303025899	-0.008316208259
332361	0.000679191244	-0.006389901329	-0.002280486567
48487	0.00289251482	-0.001135738539	-0.000206109468
244127	0.015300920445	-0.006632814582	-0.013502315476
359365	0.008570107283	-0.001833846194	-0.0028670812
220256	0.012689291077	-0.00134835259	-0.002084356944
539276	-0.004641081842	0.003670439782	-0.000150121182
553302	-0.002255809652	0.003616969492	-0.00330154497
218567	0.022067515894	0.000736430124	-0.000221788504
219369	0.00962975258	-0.001243203509	1.0945238e-05
113261	0.026182511209	0.005876902417	-0.000288159001
562536	0.012815886058	0.004178572256	0.003030807055
273678	0.011835369035	-0.005860841231	-0.000813924337
539862	0.005994418582	-0.005387972452	-0.006061777592
360433	-0.002593242875	-0.010942769311	-0.009181898877
225155	0.012468949011	-0.011108445165	-0.008465344342
114170	0.014779658431	-0.00911589508	-0.002795851455
249926	-0.011132814865	0.005419617031	0.000866096484
331980	0.013731369358	-0.01322486523	-0.008844675409
156870	0.013414631874	-0.004221422735	0.000825555084
260335	0.001827842365	-0.004899830476	-0.003130561664
586966	0.02053619922	-0.000553536826	0.001890956569
545917	0.0035756415	-0.008171382417	-0.011227463523
368706	-0.003963911874	-0.006091754753	-0.008154886539
251592	0.030732289455	0.004055654344	6.914071e-05
576469	-0.009344648534	0.009606027402	0.003114875066
565643	0.006072095154	0.01103293979	0.007197794746
137235	-0.009487201197	0.011117932954	0.004392025842
539496	0.031892299883	0.003618643273	0.007059614431
39056	-0.004623498226	0.003305374357	-0.002489423037
10645	0.009735923348	-0.008306238796	-0.010599445646
362520	0.015802207111	0.001113278833	-0.000910998545
347524	0.018762479223	-0.009896015911	-0.001872128062
588131	0.002494278407	0.00494458189	-0.000394540349
108677	0.021933952337	0.00072550144	-0.003149372789
355920	-0.008880131533	0.004244224652	0.000412179699
109755	0.010261372387	-0.004986611481	-0.001261215663
329035	0.019254809877	-0.0134519188	-0.012893058799
535402	0.002828701877	8.6664302e-05	-0.002257536891
579806	-0.000905516324	-0.002328152307	-0.001675917636
136914	0.00594102587	-0.010100306873	-0.004979079556
326414	0.021225071266	-0.009259377029	-0.010114919232
10657	0.009972185114	-0.006251473238	-0.005241400098
245900	-0.006437706158	-0.002457873323	-0.002110221176
222900	0.024475093239	0.000686625227	0.002129675192
551380	0.006161838296	-0.008721898609	-0.007441945176
203878	-0.001683452257	-0.004593935192	-0.003569875534
137363	0.004785548484	0.005612322275	0.000855835905
542445	0.029606661213	0.003616159681	0.000772666181
180089	-0.004208089881	-0.008031042527	-0.005634818987
522005	-0.001956942158	-0.000292176016	0.001431371193
236963	0.00031551003	-0.002504617236	-0.001042310049
240744	0.006859957866	-0.006742241604	-0.009168400648
112562	0.001787028016	-0.007566380846	-0.006250173363
204177	-0.000767439105	0.000725249007	-0.000133645326
204372	0.001386151826	-0.012303379724	-0.005592979314
239367	-0.00271564358	0.001063657879	-0.000608283022
542734	-0.000390504169	-0.004957676117	-0.00493167598
226488	-8.2355878e-05	-0.011649613525	-0.006289462236
578392	0.011828093774	-0.003302583082	-0.006065998217
224129	0.000957501748	-0.009652496406	-0.004772236599
574674	-0.003324949761	-0.007312619233	-0.00656261078
578408	0.009024593156	-0.002439971122	-0.004141984884
570453	0.011477398781	-0.003746932196	-0.004691105811
74929	0.006135049371	-0.010049351759	-0.006316841688
248757	-0.001292692573	-0.004941000003	-0.002717398023
152024	0.003088950332	-0.004469532227	-0.005431243871
543753	-0.004588075595	-0.004825605491	-0.003364508161
238968	-0.00761893158	-0.00546029248	-0.003350965672
546642	-0.004941141805	-0.014830117959	-0.005917293548
180118	0.003710205663	-0.003904882002	-0.002859676669
236984	-0.001564173535	0.000280935482	-0.000253805238
10652	-0.000188081331	0.000957746295	-0.002746538522
236312	-0.017000241335	0.001654625501	-0.001008738157
353947	-0.000558447576	0.000396768921	-0.000668710098
572137	0.000201354366	-0.004038439291	-0.005264808523
279253	-0.010404111775	-0.001398708905	0.00063434066
332464	0.007375046138	-0.004160820956	0.001407315922
244128	-0.010430816115	-0.001910742242	-0.001196973113
333636	-0.005214874245	-0.009248866727	-0.004426788653
244765	-0.002635216214	0.001621276926	-0.001438319857
239581	0.006238260005	-0.010930178075	-0.005287263566
303295	0.024854771289	-0.011410173871	-0.00961332085
566634	-0.011824831607	0.002916019872	-0.000225772694
281524	0.003874234046	-0.007705737299	-0.003182106018
279206	0.004099527448	-0.011616240348	-0.006027212485
136820	0.00036286788	-0.003274176309	-0.001167835778
141267	0.004617407994	0.001660106241	0.001655333181
228460	0.010329001976	-0.005002848665	-0.001193864198
217328	0.02127252378	-0.017526845667	-0.005075306539
105239	0.001485734946	-0.006600768063	-0.002922623656
278622	0.013554322629	-0.001930975764	0.003067241643
331288	0.00825527698	-0.009004109115	-0.005252187821
268169	0.014153803426	-0.0179087298	-0.014694221636
313833	0.015949779589	-0.010410968115	-0.006448480557
154207	0.008607088603	-0.003104358591	-0.002889263705
345643	-0.002842905784	-0.006285316353	-0.003248725241
534810	-0.001594219616	0.001876860874	-0.002406928044
242637	-0.001496656971	-0.006877188329	-0.00418911636
283637	0.019303250394	-0.006757935574	-0.002282666924
577309	-0.00167131776	0.000372897544	0.000292255943
30991	-0.004601030954	-0.007945369298	-0.005569287253
305616	0.010816938235	-0.000610809546	-0.00171445242
564418	0.001497866677	-0.010506470445	-0.005817682374
533124	0.004973042487	-0.008256644399	-0.003277246217
553358	0.002306817211	-0.000842795113	-0.000824197584
246356	-0.000860862563	0.001842638722	-0.001831052973
221219	-0.001937146832	0.001296648506	0.000320901273
563875	0.018904225709	-0.011424661993	-0.00729264774
351128	0.007007777833	-0.008821966706	-0.003547032582
565027	0.007672485053	-0.007931596692	-0.002884425036
239539	0.005027870153	-0.002457060264	-0.000284020726
586306	-0.002034547379	0.000884963185	-0.001108146732
307683	-0.00339241976	-0.003469508464	-0.00496426575
256241	0.013122964209	-0.009028308671	-0.006694996367
565375	0.00688998409	0.01023449819	0.005853995525
593659	0.017246378101	-0.005316756612	-0.004105206259
547926	0.017327588835	-0.005869763363	-0.000441465055
207878	0.016031997069	0.005433485505	0.004503622981
256412	0.02093096564	-0.015780877712	-0.008848307353
248001	-0.002941947727	0.002562504576	-0.001278309124
325716	-0.012111487718	0.00497134701	0.001485643998
85080	-0.013285081223	0.000866657212	-0.003492970681
152915	-0.002296082094	0.002164610234	-0.000872587427
246426	0.005022359424	-0.00360394706	0.001941058152
314203	0.001147540838	-0.003103694465	-0.001077465445
10651	-0.005252926977	0.002963034638	-0.00050701309
219204	-0.007598540045	-0.00612917952	-0.00440054806
136119	0.006446436723	0.007343700848	0.004643390503
236608	0.003797912222	0.000185592615	-0.000510898675
264188	-0.001141742824	0.000760644041	0.000268835899
246618	0.001402650848	-0.005387520633	-0.005922472775
511782	-0.005126724032	-0.004628548829	-0.002905665577
243003	-0.008526404311	-0.007629387542	-0.005016861393
220025	-0.006475974355	-0.003015506923	-0.001775807055
10596	-0.001342658257	0.000707516904	0.000446451625
130774	0.003003575367	0.014559860195	0.008010445985
582110	0.016498049035	0.02171215759	0.016676036771
234490	0.011849907591	0.02934576619	0.016805832165
113159	-0.004889448372	0.00508260945	0.004718602952
242301	0.015780165569	0.017907614998	0.0073658335
532843	0.007418854338	0.004780140195	-0.003164548769
177418	0.012390849723	0.00932723613	0.007760409558
169586	0.004873264146	0.018621587826	0.010939789216
580197	-0.007750933071	-0.005503043297	-0.003654726136
575313	-0.008788293781	0.001520430717	-0.000124891431
244970	0.000641644253	-0.006288935561	-0.003383544067
140591	0.001634543405	0.004902352874	0.001538804757
133876	0.029721002356	-0.007087276325	-0.005551890324
137984	-0.000740798041	-0.004777923273	-0.003292587749
584276	0.037943487551	-0.006082907618	0.004608723895
511742	0.006407071984	-0.010873149408	-0.007747952367
240506	0.002540810736	-0.006493725419	-0.006994484072
250244	-0.00285545289	0.000668039614	-0.003602895685
337571	0.002268639586	-0.00777300809	-0.0079524402
65455	-0.001486123363	-0.005754584912	-0.002663078914
236994	0.00356993324	0.013540741912	0.00496697592
141394	0.018083581324	0.012927725313	0.010875998518
254471	-0.001552084225	-0.00170877504	-0.002060512305
278697	0.016530079501	-0.011977510344	-0.0154326466
102557	-0.005890315245	-0.002502608615	-0.002907256222
203689	0.003827481583	-0.008156271695	-0.004906462475
237842	0.023077219953	6.3079164e-05	-0.00574532827
244674	-0.008914326318	6.0280818e-05	-0.00257443032
144289	-0.002107913331	0.001321664708	-0.000173585731
144097	-0.000671498709	8.142847e-05	0.000313320306
268363	0.002780290637	0.000105646315	0.000566958327
246096	-0.00193069892	-0.004148430169	-0.002253016268
113721	-0.001235290058	-0.005299911837	-0.001097184957
143335	0.004810968699	0.008323418662	0.00528823975
244045	0.007401010945	0.012141940319	0.008674113846
146553	-0.004108721757	0.009302627238	0.004060963999
220531	0.003517340759	0.005465976929	0.001948820146
259279	0.010141215741	0.005653912435	0.005067235323
591167	0.006979137963	0.011801806773	0.008291096384
582001	0.002960505001	0.010181005969	0.002231627753
104157	0.009987100028	0.034293820076	0.011787736458
251985	0.003119827303	-0.000631151459	-0.000621820491
527719	0.008470537481	0.017775010773	0.017501962391
571587	0.005375562492	0.007010957192	0.00501151055
326474	0.002299475066	0.019689308028	0.00755493132
141399	-0.000838492449	0.008863786991	0.006510758031
109573	0.005103856407	0.015001167479	0.008540497667
590579	0.003572213889	0.002864971155	0.003513296704
202514	0.013471643402	0.032020411406	0.013972870626
242051	0.011963917711	0.018275540112	0.008102559326
160740	0.01435801979	0.022117794086	0.008184668815
257690	0.001795191133	0.001789494769	-0.003130136853
509640	0.006235670135	0.008478127057	0.005483913391
10719	-0.012899910954	-0.005324736921	-0.002972210632
108346	0.00049034807	-0.003015809232	7.7130664e-05
223706	-0.004904686116	-0.007773301321	-0.006024636947
541076	0.009488468866	0.013362896665	0.009889647507
149523	0.006125005745	0.022930776866	0.005208144632
10720	-0.002324986048	0.001591734818	-0.006861429085
163641	0.009350294561	0.028005345728	0.014164857863
142841	0.008769729159	0.007495519799	0.010267944593
229376	0.011202555615	0.034419229824	0.007713870102
10733	0.007226442574	0.04304042913	0.025178837933
90570	0.010978119852	0.014936553965	0.011708549574
239296	0.007115748125	0.010490659753	0.002652674297
132337	0.006878512446	0.01967964877	0.013977538983
104131	-0.0032934723	-0.003816627845	-0.000920293982
534035	-0.002054050557	-0.004770896725	-0.003107666381
141881	0.007888067139	0.013476490422	0.012069467969
549687	0.007053819883	0.021405706231	0.009387069759
298732	-0.004286965447	-0.000119173657	-0.001465599626
271536	-0.003021421853	-0.005290302321	-0.003839345356
107672	-0.010737431055	-0.00917747033	-0.007944117059
140482	0.000831138861	0.009822452548	0.007633310195
41059	0.002713077627	-0.002431410703	0.007083492374
103899	-0.008650774982	-0.009529577073	0.001618563932
10699	-0.002522548828	-0.004767964196	-0.006064773045
235638	-0.000913587748	-0.002681031168	-0.006379719659
525862	-0.021009335558	0.00679193449	0.007532849609
210461	0.002351025834	0.006819542139	0.004142052107
554911	-0.002362651994	-0.00116084272	0.001261482871
283864	-0.003319899081	-0.004080492222	-0.003188958009
509809	-0.007735218646	-0.00035308005	-0.007508785099
338040	-0.00081292956	0.000540516564	-0.000474863201
202805	-0.004952795408	-0.007176279484	-0.007130497544
263005	-0.007075794594	0.013902382178	0.010733894621
252121	0.00035753912	0.00139664497	-0.003073074111
10662	0.00030444195	0.004240604144	0.001947008554
568378	-0.006266053745	-0.006287267464	-0.003864441194
559852	0.000817717978	0.005510936279	0.001303165983
511753	-0.00104741267	0.0012016191	-0.001873899544
449515	-0.005542688093	-0.006434501782	-0.004660028797
108675	-0.010658803845	-0.010730703149	0.001013920892
237074	-0.011177044398	-0.000840447878	-0.013026217523
286079	0.001446013691	-0.003013423861	0.000635020234
289410	-0.006421003956	0.003392968346	2.164023e-05
10658	-0.004896415303	0.000431187419	0.003264496524
10686	-0.013643216587	-0.005762496823	-0.004552147237
110229	0.003643169327	-9.0973703e-05	-0.003435250229
78716	-0.004687511325	-0.001832569947	-0.003352622859
136482	-0.014617791087	0.002037632464	-0.022591455862
232197	5.07422e-05	8.0972598e-05	-0.000577215582
234098	-0.006674516557	0.000468008624	-0.006600963169
230229	0.001010743795	-0.001045877086	0.00101577954
95866	0.001817990849	0.002563032716	0.001218335509
556167	0.001650291241	0.002779116732	0.000903076527
526431	0.001585641768	0.002254928115	0.00112640999
143463	0.002337111144	0.004388181544	-0.001376676788
225464	0.006585633132	0.010557757723	0.005151004247
325820	0.005270703257	0.00809454112	0.005801252527
513979	-0.002758012109	-0.006557429612	-0.004680492496
88595	-0.000673956608	-0.001879215177	-0.001308688184
91023	-0.001020772443	0.004793401974	-0.002804441219
101101	0.001264968289	-0.007696946707	-0.002972500318
240724	0.012564648392	0.023414921007	0.01085767244
213866	-0.001333039225	0.034191290129	0.012527043344
337082	0.018743647386	0.031126382884	0.009806217913
509234	-0.000679475272	0.000592565031	-0.001447322719
363429	-0.006975614542	-0.002013868452	-0.009408431497
577176	0.001081462455	0.000619694923	0.000225721712
149719	0.00361216375	0.002748304179	0.000336118807
41844	-0.00242495879	0.001925778758	-0.002193915582
239595	-0.008917318326	0.005381680675	-0.001552253373
258229	-0.000294027562	0.00075755951	0.000928157221
141738	-0.000763826887	0.03158534142	0.008876407579
60815	0.006024445545	0.011453200443	0.003492565154
241447	0.013653585481	0.005163397296	0.008147841063
222624	0.007226025174	0.022897674232	0.013026766768
217881	0.004540349415	0.010327747437	0.005929186412
152291	0.013408614971	0.000448802871	0.00451979362
360408	0.009641268925	0.018579974583	0.010673738577
586390	0.012157599419	0.018074279502	0.007065080127
563907	0.004510975225	0.005816253105	0.003322508765
114547	0.014947863816	0.022828961335	0.009167608743
152302	0.00340237218	0.006106716675	0.003233030375
408758	0.016388218569	0.022984646952	0.007828844859
569201	0.007909792322	0.013747246647	0.006366883356
196940	0.00697611395	0.031009003881	0.012320442911
172221	0.018242490438	0.026026390445	0.015869078819
145701	0.011565190906	0.016653631824	0.008244553356
230544	0.007862051608	0.033130064745	0.010579081218
565618	0.005445284983	0.007215649112	0.002900636824
170662	0.006941779384	0.032033124883	0.016967051386
149135	0.020298916095	0.027367183024	0.011676634256
554198	0.011125790004	0.006004043559	0.011876797664
147632	0.000470538182	-0.000814826921	-0.000991746315
561793	0.014529848085	0.027974254102	0.011256750429
578382	0.004668652259	0.009144694345	0.002459764073
571383	0.001633616645	0.002436855938	0.000973108471
554668	-0.023369263958	0.027686238971	-0.024542391239
244965	0.000714437884	0.001035105266	-0.003098679262
579287	-0.001295302809	0.002016705633	-0.002124149533
579339	0.001673106961	-0.002285824509	0.001669239521
17215	0.000709516809	0.000454356064	-0.001095666286
320231	0.022814936388	0.008315282884	0.006529244795
103624	0.002614483542	-0.000143203534	-0.001789129225
234079	-0.001417984418	0.00365613073	0.001095029457
525955	0.004245939969	0.007136342557	0.004018210751
256454	0.008202112643	0.001210012579	-0.001700001257
101215	0.024063383235	0.013564165317	0.010975652862
190481	-0.003770544391	0.004783669071	-0.004751422006
342087	-0.01228182974	0.007442888509	-0.007155020377
66632	-0.015856413395	0.007540643453	-0.00838741226
573049	-0.008045804147	0.004857584616	-0.010817752145
230500	-0.015445396383	0.014282951971	-0.025105033646
172515	-0.011958470395	0.004787590403	-0.015663733048
576998	-0.031511108927	0.029019554087	-0.020927617303
578477	-0.015496946449	0.009344922368	-0.019989187338
227744	-0.019540565203	0.008816055178	-0.022417226521
590041	-0.013801270513	0.009580618228	-0.019088311838
141750	-0.002775622762	0.00920867451	-0.00834865872
575472	-0.00478813939	0.010737368004	0.000370270963
178237	-0.007525194942	0.004782504692	-0.001713317421
544037	0.000678127937	0.0015193753	-0.002477225318
140681	0.002273348596	-0.001020709316	0.000177714228
319175	0.000682819514	-0.000252276769	0.000140381641
248998	-0.000184095194	0.00129357574	-0.002353676262
561016	-0.005777938148	-0.003034179203	-0.007021463443
272292	-0.001820193878	-0.005720716434	-0.00192899232
560135	0.000702697448	-0.001207952854	-0.000520125097
337438	-0.00712701759	-0.012808407408	-0.009284885024
62691	0.001023096997	-0.006769114675	0.000112323189
133610	-0.000384487372	-0.000148147915	-0.000820261393
192107	-0.000144254085	0.000796796173	-0.002676428345
146541	-0.010394768027	0.006074562594	-0.001205172351
542989	-0.017482270692	0.018440030034	-0.024139623232
450857	0.002037093497	-0.001964968944	0.001403066999
356497	-0.021805024407	0.015219423246	-0.017114695972
575686	-0.0186570524	0.03145612361	-0.023401518964
339261	-0.028629908113	0.04446348651	0.004592265492
100077	-0.013019104518	0.005257281789	-0.007282430489
254573	-0.001945378042	0.001737387479	-0.006015551478
511108	-0.019731604207	0.006347460109	-0.017510129925
252859	-0.005302497305	0.001324242613	-0.006811936624
562142	-0.009280330538	0.005939611346	-0.010378978084
541389	-0.01426196777	0.003581642434	-0.010383670845
104489	-0.002395629529	-0.000280205602	-0.004220565565
103421	-0.001298275323	0.001772727968	-0.002325271384
545820	-0.005984284803	0.001901866578	-0.008815567253
232667	-0.008433992395	0.011473744788	-0.012571003968
150756	-0.029461888903	0.037655138508	-0.004234788616
563050	0.000582324961	-0.000896176476	0.00059428705
101620	-0.001817537819	0.0020759737	-0.001784865824
230882	-0.018997803931	0.031418972146	-0.025808867915
160898	0.000702024447	-0.006755393586	0.000430039692
583037	-0.003316381793	-0.004373747389	-0.004245291148
560419	-0.001817612232	0.004208238867	-0.004489613599
591187	-0.001661912381	0.002581022674	-0.002673643864
246595	-0.010200264636	0.006177829264	-0.013167518787
548838	-0.015542196749	0.012342016499	-0.018620939349
136894	9.6942142e-05	0.009179437768	-0.003285869328
233682	-0.00875098936	0.012185623286	-0.009829664965
556891	-0.006104976421	0.001905108481	0.000721513668
556785	-0.001515152363	0.002344840865	-0.003531274008
286813	-0.018459595277	0.015933285681	-0.021274564678
249994	-0.00429139052	0.004713594587	-0.00439128489
529450	7.8018305e-05	-0.00057599504	-0.000413137507
330803	-0.003566244768	0.003111441533	-0.004881824391
144996	0.000880637162	-0.001126378782	0.000396683417
579831	0.000809294048	-0.000367594852	-7.2710091e-05
250190	-0.001154135185	0.001456405112	-0.001135289949
233328	-0.013981958568	0.019103936761	-0.025001861122
17872	-0.002943640563	0.003320398052	-0.002895591268
68987	-0.028646867309	0.045388609655	-0.001644628006
105331	-0.012992831211	0.010231530838	-0.027394246923
230145	-0.007648619973	0.008022345622	-0.018305880333
551808	-0.004759583356	0.008062702574	-0.010837369241
188334	-0.021480334509	0.042716910247	-0.00984588992
230843	-0.029245031026	0.042852604241	-0.01478896808
348941	-0.018233317209	0.018265195349	-0.017297464355
228170	-0.026302323806	0.036297551701	-0.02034378707
171189	-0.029438657438	0.029057853329	-0.015198617959
341072	-0.018845710739	0.031370837373	-0.021071498135
170720	-0.00786871046	0.00884530787	-0.010781680809
343127	-0.017826805637	0.019805493563	-0.018204695629
585343	-0.029723645477	0.03858083557	-0.009410612455
118817	-0.024224316396	0.046534853289	0.000863526945
227670	-0.000628414386	0.002266015696	-0.00423644683
334598	-0.025415206121	0.042148705553	-0.013604122539
272995	-0.003950236249	-0.000351927822	-0.008494339738
61189	-0.024861302793	0.04195238159	0.00641642143
319928	-0.027740014203	0.031492338218	-0.020943279454
234071	-0.008830513692	0.00182237968	-0.012787583413
573052	-0.009200980649	-0.001620853368	-0.009722654831
548700	-0.012280422613	0.014606870799	-0.015045752543
325922	0.001039499552	-0.000376428882	0.000387920456
501319	-0.00380594359	-0.011799280608	-0.00356836217
2375	-0.001852453921	-0.005699396653	-0.003368990195
428237	-0.010297280913	-0.004251833864	-0.008458452172
465094	0.000467472847	0.000111916585	-8.1259152e-05
314128	0.000823828629	-0.000483745979	-0.000823078567
125969	-0.001055428869	0.000767155505	-0.001869970107
361804	-0.009418264432	-0.001579044446	-0.002248335684
2394	-0.003961506114	-0.005654086738	-0.001876659439
59534	0.000331130041	-0.000263851654	-0.000105752828
165694	-0.00428036551	-0.006555904888	-0.004272099348
56208	-0.002268973374	-0.004366895961	-0.003844361845
241520	0.001168554639	-0.006429411503	-0.004204473329
112578	0.000277251593	0.001747887526	0.002219066653
514212	-0.00059636201	-0.004503069937	-0.005035307889
309276	-0.004222692221	-0.005859873374	-0.00141711187
179042	0.004421704705	-0.003516353136	0.005041687042
290356	-0.007678452124	0.003436852122	0.000997997215
107484	-0.00397122715	-0.002700296736	-0.00369293956
111856	-0.004423021136	-0.008339251521	-0.003527766982
143254	-0.002402110494	-0.005292912342	-0.003222082721
143021	-0.008806915478	0.001083503688	-0.001769141166
509372	-0.004642207119	0.002626360841	0.000594012294
272591	0.010101961687	-0.006495284605	-0.001768695942
60733	0.000826817877	-0.000215185892	0.000613893701
161600	-0.013092474113	-0.00141052692	-0.008676479858
388912	-0.002282395517	-0.003421260158	-0.001639355005
442300	-0.0082719185	-0.000987149605	0.002649261367
355611	-0.00887243882	0.001107101328	-0.002207835901
203518	-0.001570170638	-0.007677816792	-0.003857654265
392372	-0.000263199202	0.000957763757	0.000253327726
263225	-0.005663245284	-0.002273185472	-0.001487492504
39294	-0.007227192907	0.017008472596	0.013512502651
58543	-0.00645080836	-0.007155470289	-0.006363762325
499875	-0.003739769641	-0.000162258853	-0.001779390213
534899	-0.005114778267	-0.003063445483	0.00227199093
574039	-0.007826700087	0.012518395365	-0.003030233414
140960	-0.004012125098	-0.008604904454	-0.004514871444
263519	-0.00607780897	0.001777682836	0.003058432384
142692	-0.002135154145	-0.004135554176	-0.002627985283
141821	-0.007249756316	0.000529599071	-0.00114949014
275404	-0.011997050653	-0.002813550399	-0.003680192003
426016	-0.004837481842	0.004644916949	0.001087382727
83993	0.009082722119	0.004512848025	0.003959389444
341862	0.010577323585	0.002009643484	0.006765141026
325093	-0.001353058256	-0.003577715427	-0.003295557902
172143	0.004357512606	0.004758711865	-0.001018156983
140859	0.001317879521	0.00231878301	0.003765189318
382056	-0.010272590626	0.003795862074	0.000682470011
542816	-0.00773848615	0.003595748842	0.000369983884
426108	0.014093367666	0.004598644707	-0.002873565459
270711	0.003925019829	0.00859757128	0.005652083535
329653	0.00844803294	0.02277700019	0.014130469843
539763	-0.006458457637	-0.000220697444	-0.000609729189
471192	0.001334510463	0.004924269371	0.004469006069
558797	-0.005685523542	0.00881491388	-0.001266263902
510071	0.010805182076	-0.010185255674	-0.005105143541
248249	0.005029549182	0.003226949078	0.001206516498
220707	-0.000419867036	-0.001337360724	-0.00053127674
141129	-0.006613179793	0.003682501656	0.001132038986
144140	0.000356944759	-0.004462225294	-0.003052017003
77276	-0.000424744377	0.001166108629	-0.00013721381
447658	-0.003615758172	0.001881112852	-0.000748124298
248359	-0.012627797145	-0.001683747811	-0.000951898484
212836	0.005297811055	0.003487049261	0.000145627463
109013	-0.005381608836	0.00481884038	-0.001426455117
540329	0.002111658839	0.016341969785	0.01019460809
456274	-0.005702031065	0.002731255177	0.004694294632
266040	-0.007569354395	-0.000138200808	-0.00247479821
489865	-0.000266840426	0.002950242046	-0.003197334209
101031	-0.001324666219	-0.0078944345	-0.001979252561
469382	0.002961500444	0.006270739483	0.001604120711
348328	-0.002454304633	-0.003477380414	-0.00325485855
217526	-0.010042216045	-0.00669793998	-0.004918504484
238087	-0.004477527061	-0.001926984883	-0.002666640541
552287	-0.010619347149	-0.000713553173	-0.001262857642
397003	0.007086815493	0.022021329161	0.01309787208
2299	0.000195809461	0.000341818106	-0.000840669628
114965	-0.001897878046	-0.00367430525	-0.007532125131
249853	0.000398140176	-0.00120391855	-0.004128670767
538912	-0.007687403548	-0.001603231779	-0.001747325862
571350	0.003776156518	0.005400773947	0.007934491616
273658	-0.00938747007	0.002861184672	0.001001759293
247605	-0.001386711296	-0.000212693518	-0.009805422566
544951	-0.006704530538	0.00276668485	0.002525111619
44265	0.006381360244	0.009862668488	0.002153986475
99956	0.00234798024	0.002398783692	0.000926975671
509233	0.000648281055	0.002486140143	-0.001007340024
513282	-0.001133351449	0.003048571245	-0.00276303023
568291	-0.000650730795	0.001101952473	-0.000795449885
338270	0.001788922831	-0.00221001591	0.001284933674
550030	-0.00371330297	-0.000390520348	-0.009270666427
236235	0.000902776402	0.001044076309	-0.001373911593
244377	0.000193914058	0.0003570295	-0.000128690943
241828	0.000855137561	-0.001275447233	0.000572126555
201647	0.002588997477	-0.002663696566	0.000718140771
139680	-0.001335627079	0.004748275074	-0.006382358206
311503	-0.000307867538	0.000407726663	-0.00105338789
180016	-0.000187906146	0.001042809359	-0.001883476151
154890	-0.005880178345	0.001559490172	-0.008720831843
165148	-0.000920791681	-0.004255533572	-0.002431167992
586530	0.001424611471	-0.002268595666	0.000564909613
289585	-0.001243035156	-0.003728833043	-0.002465683402
312481	-0.006123194914	-0.003309974757	-0.000489552883
67320	-0.002055259779	0.001816035369	-0.001457030693
172234	-0.006530413965	-0.004271684836	-0.007034231135
207314	-0.003107045133	-0.001538055086	-0.004780280398
287759	-0.004611146795	0.000818455861	-0.000266161557
267321	4.4328858e-05	0.002066020798	-0.003552663877
165728	-0.004267314581	-0.000291686701	-0.005450796137
140527	0.000710447848	-0.000646342055	-0.001156091602
148831	0.003643755704	-0.003754047382	0.002368263536
143925	-0.028696394742	0.034097435146	-0.018149594966
243681	-0.007361650945	0.003276729619	-0.006535912964
299765	0.000581804569	-0.00049313971	-0.001156179426
301867	-0.003975602787	-0.003645179057	-0.004052371386
512157	-0.00043738441	0.000722864093	-0.000991594999
556808	-0.004460198367	0.005663157884	-0.005164212234
166621	-0.002978929985	0.003318001821	-0.002941481227
86285	-0.018505640716	0.024059559624	-0.021376899642
107130	-0.006978727938	0.008615633209	-0.009661374488
187417	-0.001915470251	0.000297575761	0.000146712995
570779	-0.001871543399	0.00225118481	-0.002264764547
206791	0.001701521223	-0.001447558894	0.00114551352
199798	0.001631730636	-0.001045418089	0.000161144031
284011	-0.001379553253	0.002619003879	-0.004040946356
586182	-0.001467821215	0.000245374196	0.000567929028
363466	0.000782417359	9.4114182e-05	-0.000355385074
329636	0.001288477055	0.000615285089	-0.002397174671
312668	-0.000201607315	-0.002313377629	0.003294905525
105219	-3.6053891e-05	-5.155668e-06	-0.001586665192
193970	0.001353681732	-0.000483852008	-0.001472143228
330503	0.002278289419	-0.002220854088	0.001560119935
538619	0.001158058083	-0.0010436807	0.000102405051
249383	0.000935410358	-0.000711295843	0.000597231927
264786	-0.029394338239	0.02067451587	-0.024397061862
306834	-0.012848514218	0.023846681289	-0.02011628438
348807	-0.016000236737	0.028924911651	-0.023213124778
263786	0.001950393379	-0.00231173498	0.001923412508
55449	0.000271764534	0.000982527257	-0.002855029804
278872	-0.007329434042	0.001963130914	-0.006314713384
566298	-0.003989419342	0.00379814987	-0.012009419966
126861	0.00095009493	-0.000826447817	0.000144231779
179670	0.001391979981	-0.001852062532	0.001394298318
328057	0.003149162077	-0.004105372906	0.004125073745
185297	-0.014225721784	0.013652734029	-0.0209122065
341938	0.001134496474	-0.001178785032	0.00088218409
108543	-0.001208838176	0.000979791257	-0.000840323332
308741	2.7659452e-05	9.6976453e-05	3.6500684e-05
171297	-0.012014031568	0.017134347026	-0.029473566859
99909	-0.005770941902	0.010342373392	-0.013065706471
360101	-0.002773480962	-0.004593544853	-0.003515727458
323607	-0.020883395198	0.020695790633	-0.01096723706
80764	-0.001588863685	0.000402891295	5.6599235e-05
279125	0.001765182733	-0.002049952191	0.001670030343
177653	-0.002726432264	0.003782970882	-0.003802449375
108084	-0.000363724226	0.001213530424	-0.001229590933
342471	-0.005388902613	0.00785208831	-0.007228709755
558722	-0.004979523596	0.000249212745	-0.006778553447
93188	-0.007099549852	0.009488816676	-0.011613195333
226929	0.000181686301	-0.000522450379	-0.000649398617
175223	0.004040739135	-0.003869740793	0.002512107881
591209	0.001256784861	-0.001254975623	0.000948706112
362896	-0.003871794598	0.007345276071	-0.008831698911
151803	-0.024306659074	0.03192750392	-0.01957496133
100807	-0.020372929993	0.029277012734	-0.024684588169
564133	-0.003890171386	0.000387383155	-0.006107039701
2450	-0.010732409159	0.002157390331	-0.020324112128
150437	-0.005119741148	0.000684108606	-0.008925309726
262661	-0.024270404013	0.034300163586	-0.012683213431
146986	-0.0012717247	-0.003965241549	-0.002483393242
93722	-0.005071221089	0.001307813801	-0.007053431472
590020	6.6388262e-05	-0.002854010785	0.003181023474
358171	0.000199085209	-8.4388961e-05	-0.000288349859
102971	0.001171761923	0.000701590459	-0.001854389321
93747	-0.028760740287	0.046066633837	-0.002764643828
265850	-0.00125169683	0.001645572061	-0.001799286084
154706	0.001518639475	-0.001545972348	0.001380669277
164896	-0.002781812531	-0.000114585038	-0.003858106187
510003	-0.006969042917	-0.006350591588	-0.007789115524
243677	-0.015723470942	0.00607918937	-0.019108824975
139205	-0.020423174703	0.014334056001	-0.012513257825
231727	-0.025196919332	0.023132165117	-0.018380571193
165871	-0.007543435895	0.005794493241	-0.008274737575
332554	-0.004454551478	0.005913435115	-0.005966661277
353843	-0.012523412226	0.008859235454	-0.01998889423
317388	-0.018121856225	0.009033828653	-0.017859501458
539891	-0.00337717854	1.8237755e-05	-0.006384413416
2463	-0.000797357061	-0.004433066707	-0.002016803516
246587	-0.005159120876	0.000658431401	-0.006350248609
353655	-0.012179567385	0.021019622112	-0.020370016054
557116	-0.004722643543	0.005608758198	-0.004590272119
252158	-0.002673490705	0.000447398273	-0.004172213143
244501	0.001689956726	-0.000317419771	-0.000397512268
295470	0.000875691536	-0.000889658462	-0.000390641916
258097	-0.005408512484	-0.001240286696	-0.006880164755
512294	0.000955813058	-0.005539764924	-0.001274304881
337128	-0.002110451499	0.002114420525	-0.002071109946
521453	-0.006239464695	0.0024222243	-0.012125950654
569609	-0.028745193258	0.023904519449	-0.021959418405
203630	-0.002805942321	0.0009624897	-0.00382068512
311773	-0.003095828942	-0.000809031722	-0.005987557088
544791	-0.006192303499	0.003117706017	-0.009103158436
552208	0.000470788243	0.001595768548	-0.003769337925
152452	-0.007199660527	0.004313899223	-0.011883543699
238400	-0.002304369473	0.000423385458	-0.005882600243
539572	-0.000689888216	0.001641490567	-0.003054026561
224838	-0.00259672319	0.003732420285	-0.003437307107
548650	-0.008073835154	0.00058466894	-0.009703241351
179639	-0.010719160891	0.004325524811	-0.009843171487
150157	0.000601163081	-0.001029372415	0.000886696743
148990	-0.018279279968	0.019449586344	-0.015307805606
308348	0.001521699903	-0.001250599911	0.000967684467
252313	-0.00656940671	0.00687652715	-0.011666046634
114438	-0.002267348675	-0.002607083881	-0.003477924641
358831	-0.005885187914	-0.006187411874	-0.007186238841
205919	-0.02976855337	0.035058761938	-0.009660379655
278366	-0.001622578632	-0.005912786871	-0.002208994141
152060	-0.003344025962	-0.001285235447	-0.004537894769
192041	-0.011520383058	0.012361640772	-0.016453299852
179748	-0.025404970313	0.031164514628	0.002433637104
250970	-0.00377319306	0.004047976198	-0.004905041165
81979	-0.011216693834	0.012105436167	-0.006794631355
535272	-0.024342759699	0.022927893155	-0.013692101805
150237	-0.003676436641	-0.000869700421	-0.004864938185
39685	-0.002017666622	-0.00115247523	-0.00280044048
233273	-0.01311622039	-0.001104299486	-0.016053490557
580835	-0.004261781808	0.000900273542	-0.008239832591
61125	-0.013971000632	0.005553952119	-0.00731547988
113326	-0.023058294405	0.030645377394	-0.022521106569
35881	0.000553449413	-0.000980584241	0.000562454714
512761	-0.001446373249	-0.001202177044	-0.005276866417
176313	-0.005770911094	-0.003648234133	-0.006390225767
154027	-0.004464939723	0.002783623781	-0.00563643366
292328	-0.007328550768	0.000911873713	-0.007753517715
18143	0.000818812396	0.001441478134	-0.002739759516
362103	-0.001491201266	-0.0039732742	-0.003554132157
104416	-0.008811568313	-0.010971421786	-0.001965049972
518109	-0.000974963622	0.001449734308	-0.001017387113
198687	-0.00033530554	-0.000348861495	0.00028202168
577339	0.000376877421	-0.006435501533	0.000330072296
377516	-0.000447300166	-0.00493869456	-0.001028119916
248648	-0.004101931271	0.001040565042	0.001091744228
82260	-0.002796189303	-0.002449811218	-0.002504636731
263010	-0.017462604979	0.002357904692	-0.015328321318
410399	-0.009187412157	0.003115434817	0.002954567504
110654	-0.013940110704	-0.000132420448	-0.000546098627
215211	-0.002447872821	0.002940423944	-0.00360393164
149122	-0.00302063339	0.00046100652	0.001957256683
353686	-0.000946008255	-0.004570265875	-0.006068596362
95871	0.000206629663	-0.000846420054	0.000582323585
525635	-0.003094947237	-0.004840716276	-0.003397314289
123752	-0.007818338586	0.00385514114	0.000743311333
183535	-0.000555406373	-0.006547410137	-0.005635524486
335420	-0.006318877179	-0.005040503546	-0.000174158337
253429	0.01176938467	-0.009676131767	-0.004798335122
514346	-0.00062124126	-0.000142735488	0.000321543156
106749	0.000832789865	0.001926495929	-0.003262710689
115159	0.012304859936	-0.009218052057	0.002516984363
262464	0.001775160122	-0.002149113061	0.002016467766
155194	0.00448511739	-0.003919728467	-0.001366652843
219189	-0.00354670885	0.00122858371	0.000193538013
100187	-0.002303143035	0.002471889965	-0.001014638733
154064	-0.006033202607	0.002984249581	0.00048455911
150743	0.002164150081	-0.002709478929	0.002248281932
46641	-0.000832203665	-0.000817706033	-0.000924957441
286716	0.000341287154	0.000140789921	-0.002062258886
137197	-0.005035534157	0.002590140929	-0.000232310057
142000	-0.001717867008	-0.0016119627	-0.005886215995
204845	-0.00878652151	0.001063527908	-0.003251434703
288740	-0.009334851556	0.00397544943	0.002337938213
148090	0.002709056555	-0.002873402852	0.00161533499
364221	-0.008086832161	0.003949831005	0.000266708844
136955	-0.002483049066	0.003148038668	-0.003021145563
196863	-0.001778827857	0.003168734004	-0.002986145068
162765	-0.00132672897	-0.001173187859	-0.006687300893
561026	2.1760985e-05	0.001219084635	-0.002576206331
572612	-0.01070881699	0.005618638881	-0.011568282062
58645	-0.005310006192	0.007667679537	-0.0074365772
80707	0.001726706135	-0.000987564256	0.003337733415
163961	-0.002185129666	0.001959451598	-0.002251685735
293440	-0.009751327151	0.002291481125	-0.012990332247
326618	-0.002630190103	-0.00253593835	-0.003469159576
277616	-0.012506303011	0.002360123222	-0.008830759321
327084	-0.01276986548	0.016942794656	-0.010774320381
308722	-0.021364392215	0.022814804378	-0.018056345435
195676	-0.023414124216	0.026731676504	-0.015864315225
260320	-0.002031055901	-0.005096991099	-0.002963267889
560879	-0.010165800927	0.016538462111	-0.002517260269
142093	-0.005538675567	-0.003596480403	0.004463967875
376387	0.003810350772	-0.002923133282	0.002524421187
402252	-0.026623264028	0.042514333228	-0.017177299741
546283	-0.010882856832	0.000473517945	-0.013191461074
228555	-0.012794394382	0.015625287534	-0.015884631062
378282	-0.005200603039	-0.000557901905	-0.002287427614
20456	-0.016776584945	0.002417949627	0.000174177997
533497	-0.013567706368	0.008214761142	-0.008139792091
468138	-0.019731465122	0.022309411107	-0.007078290005
237434	7.4938188e-05	0.004631893594	-0.001393246763
140107	0.000768409448	-0.00067111513	0.002810091842
136269	-0.000584344527	-0.00208120232	0.002540259092
103229	0.0012782598	0.005183260111	0.004271187225
179461	-0.006652095156	0.001343178135	-0.000474375565
260072	-0.00548608847	-0.000519493958	-0.00869109406
225149	0.000759035751	0.009297392556	0.004959609313
541603	-0.002813932191	-0.001108017511	-0.000854780065
509721	-0.000365118705	-0.000383497919	-0.003534049193
540416	-0.006110908205	-0.002228391461	-0.00030861098
240290	0.00367523792	-0.006743837222	0.002225290262
349548	0.000959062451	-0.003542722024	-0.002351705461
1894	0.000732972936	-0.003232639083	-0.001798645344
510458	-0.004869438341	0.002467924919	-0.008389723369
174634	0.015323661652	0.019057623956	0.012767882978
197817	-0.009115716229	-0.0051384687	0.006243205564
347862	-0.018106304349	-0.018873327242	0.018808788336
107252	-0.011205891139	-0.002899019579	0.005027917092
574792	0.001357606571	-0.002437526437	-0.009323825686
366044	-0.015529905924	0.003057586853	0.007435938076
550796	-0.000554683136	4.5172144e-05	-0.000694084574
99250	0.001797574192	-0.002501581082	0.001790307576
354185	-0.003423200043	-0.005655033583	-0.001931351066
70586	0.001041744014	0.001854386481	0.000837908847
525962	0.008228040964	0.009761917771	0.009650029089
382628	0.010091131189	0.015768969271	0.004680294193
584987	0.007711678263	0.008592113036	0.008155602591
509390	0.001639816214	0.003050306095	0.001460733869
571300	0.00950216814	0.015745068154	0.010903728701
516782	-0.001991823236	-0.006569753822	-0.005531954672
554622	0.005644562929	0.009450272679	0.001523611502
301911	0.001734563201	0.002005990051	0.000863503218
160787	0.000277483639	-0.001007314102	-0.003658648331
146517	0.011947381335	0.018906872786	0.007991708404
325619	0.005734815831	0.008157384295	0.005659849917
308796	0.000401976747	0.000834714514	0.000206724459
545634	-0.001842601666	0.015493017568	0.008105132152
258102	-0.013072372327	-0.010751025352	-0.007474748901
529606	0.000992229134	-8.4926125e-05	0.000432531071
59897	-0.024141198236	0.001844427384	-0.006377518543
247849	-0.000610403115	-0.000814584743	0.000438983335
108426	-0.014980804953	0.003196141012	-0.001496999947
114657	-0.002573829023	-0.003302936866	-0.000247255309
560122	-0.002960388195	0.001765801448	-0.012336524865
157758	0.002088446712	-0.001544366412	0.001187056213
349092	-0.00058067715	-0.000175800065	0.000268173581
546781	0.001860859755	-0.001798464838	0.001284196275
559454	-0.00347015544	-0.005752824454	-0.003310241852
261776	0.000347488999	0.00011131593	-0.000166480881
458762	-0.003112100757	-0.001168210468	0.002938061677
582590	-0.006930389398	0.002115506136	-0.002314861616
75260	0.000144628925	0.013612038895	0.006154850899
231844	-0.000876209994	-0.002461303831	-0.00170359048
284431	0.011602389727	0.018979723376	0.012206030665
147542	-0.010190908428	0.006807547264	0.000852684674
76102	0.002712141925	0.003861253196	0.002105719584
553039	-0.007751543547	0.004144485624	0.000863741599
150133	-0.000664408082	-0.001544749033	-0.001466278819
232382	0.013469439842	0.008179324369	0.00773639003
518407	-0.000166004893	0.014069001416	0.009273654696
255738	-0.001571542215	-0.003264664532	-0.002787380131
533148	-0.000125120705	-0.007145915428	-0.001578011129
202437	0.007362829918	0.015373421253	0.001769033647
537712	-0.003274387684	-0.00295757519	0.003153515943
253703	0.015188200033	0.027284413097	0.017754972152
232933	0.001950673218	0.011201465087	0.00299246937
354348	0.001935534531	0.003295073322	0.001192775706
237249	0.000251658102	0.001857375764	0.002294512462
544483	0.01433744978	0.031669193575	0.01622096408
247883	0.011528676653	0.017369732594	0.008232430861
141996	0.008586784507	0.015528450788	0.010314068876
213042	0.002614728957	0.049203409303	0.025039197062
1896	0.015394030795	0.019874003324	0.011275635695
578372	0.008012598781	0.018784153954	0.0100280308
549388	0.019702436468	0.033138148888	0.012877781191
80197	0.010101889066	0.016891206952	0.01177306014
1911	0.002768196795	0.00338095729	0.001744435534
286918	0.004983791007	0.051316070466	0.02242379684
284550	0.013622442976	0.029236397589	0.01324166349
511725	0.014510368408	0.025754398689	0.009794794647
227318	-0.000783990404	0.005320589345	0.001265336611
547826	0.000373801401	0.000738837543	0.000172043638
558606	-0.001867839019	-0.00351978497	-0.002661260966
583211	0.005973122961	0.027839811998	0.009539149488
544325	0.01760907078	0.02471850749	0.012729901797
586380	0.015552676025	0.032000238789	0.01017806277
282750	0.017909309215	0.026645785768	0.012575681609
245082	0.009076035103	0.007639253989	0.006727653055
105837	0.011212934083	0.014031878745	0.005730236276
184224	0.017785245446	0.030513989977	0.007432292893
572774	0.006208937639	0.009951812551	0.002138599136
547745	-0.000985416369	-0.002295104845	-0.001471307597
137502	0.002944453118	0.004567116611	0.002543071103
285668	0.019708997496	0.035658341658	0.013006066778
109168	0.009946656984	0.009884171802	0.010043098587
52484	0.014739267546	0.027780957907	0.013211586926
16567	0.002671162905	-0.000774350846	0.002672207831
112727	0.007892441941	0.006120704088	0.00514598001
282451	0.006507129243	0.003965057992	0.004949457832
260327	0.004269625267	-0.004090637281	0.003905877992
295119	0.004627106242	-0.004691320947	0.001740973385
321346	-0.003635291598	-0.005017222796	-0.00154504593
175084	-0.000393544418	-0.003948090703	-0.001366565012
533883	-0.009027614633	0.001875266549	0.001862808608
156416	0.006116147756	0.023293854861	0.003983715127
255253	0.006800877341	0.015827964799	0.006425135077
540386	-0.003051258791	-0.006310896676	-0.004767367995
511119	0.000596910196	-0.001940838288	0.001314408209
273337	0.000119929976	-0.001698949458	-0.000736365242
2476	0.013886064246	0.02201427153	0.015929066938
252310	0.011825397772	0.025645100923	0.004331386689
239769	0.009448269734	0.008863242043	0.007310203088
169882	-0.004298177134	-0.00782419421	-0.005517444987
251268	0.010835122984	0.01652065669	0.010959086117
533502	-0.004418090943	0.012512348062	0.008439132124
1912	-0.002076375595	0.000687203767	0.000516643014
100286	0.003663829539	0.007530101884	0.004155401563
551394	-0.015821252362	0.003987569149	-0.006141835015
539886	0.003693194924	-0.003558866675	0.001615878384
159207	0.001510158289	-0.003192250023	-0.000415609924
139354	-0.008243396457	0.001989257536	-0.003891516448
562395	-0.00108181929	-0.002710852225	-0.002255301764
513370	-0.006751187828	0.007470794851	0.001970726981
556399	-0.013221145398	-0.006337799344	-0.006309849837
565133	0.011768839724	0.035807286051	0.014716386657
149156	0.004077720411	0.006577492108	0.003732809746
253550	0.000354197635	-0.000387902312	-8.0386297e-05
364844	-0.005017610177	-0.008527791874	-0.004946211863
291681	-0.010658709254	0.004832086557	0.00121343447
288119	-0.001989348791	0.000730246168	0.000358172724
310931	-0.016328148957	0.011003393531	-0.004323660778
144997	-0.002533699506	-0.004921354686	-0.002729750997
181820	-0.002898938721	-0.005822294588	-0.004167800223
559587	-0.002126921385	-0.004030164541	-0.002529768881
576731	-0.003700777441	0.001691056457	0.000397240899
295015	0.0045707162	-0.002412364592	-0.00049955393
297567	0.010245623163	-0.005234865743	-0.001000196753
313009	0.006656270306	-0.001703057345	-0.003998457778
294182	0.004394332036	-0.000351575094	-0.003549983586
74314	-0.01189117773	-0.004124490906	0.003650439586
578799	-0.011089206812	-0.004810479389	0.005682393951
278171	0.00169320917	0.004872269527	-0.011491528067
278873	-0.008479633037	-0.013695140658	0.014805006931
517293	-0.00940423411	-0.008513528572	0.008343333978
45604	-0.016888527273	-0.00362790286	-0.006430190795
390896	-0.011437229789	-0.003415236969	0.00221337787
349490	-0.00823242983	0.003543205521	0.001002220591
302042	-0.001472857704	0.000541949743	0.00023360399
2000	-0.015197435246	-0.013749357772	0.028998052493
130663	0.000744022222	0.001379607518	-0.002814774409
130007	-0.002204760043	-0.006675381103	0.014453106964
2045	-0.004557608525	0.004411426266	-0.006115209562
322235	-0.009531807496	-0.024394704903	0.073930055467
196080	0.001776112402	0.004356104104	-0.009465870728
174194	-0.013563536978	-0.00293597074	0.018371530067
175617	-0.014296928434	-0.023691040847	0.023364617637
240992	0.001920227082	0.003769874792	-0.009356893193
158906	-0.005981172644	0.004050529017	-0.000587544531
469778	0.000118378406	-0.019989793806	0.067698666682
356051	-0.013997537567	-0.014181366422	0.030412778847
411413	-0.008493978909	0.003036638106	0.001675559546
213284	-0.002126445147	-0.00953046597	0.018501559164
196778	-0.008727954314	-0.003945601355	0.015624941384
345104	0.00091060195	0.002528878001	-0.005608351305
171559	-5.7031417e-05	1.4382576e-05	-0.000155083313
550814	-0.004689283203	-0.013562202608	0.001808465494
158660	-0.010282614668	-0.033381239236	0.11445623762
331820	-0.008805835647	-0.031463984809	0.118385288336
174809	-0.017028108973	-0.014536790688	0.026218254975
366374	-0.014724142797	-0.011410990922	0.023013764974
469709	-1.7861201e-05	-0.001284283728	-0.00030238979
264035	0.000690405573	0.001787578517	-0.003961546534
244304	-0.00154764439	-0.012172149835	0.034505873283
205290	-0.001404587441	-0.00490797477	0.012808417101
315575	0.004355813593	-0.025939776807	0.058451120543
187179	-0.001322441446	-0.007541337131	0.01834377455
208972	0.013530188705	-0.028464088791	0.007264438963
537247	0.001713987116	-0.014680006033	0.004597827922
532612	-0.005642756762	-0.003574804859	0.014809359063
130228	0.003505596756	-0.025363750619	0.051426364282
583769	-0.002670278555	-0.006994069751	0.007042242197
172821	0.004742566859	-0.000549576343	-0.00436264894
564649	-0.000415151705	-0.006709504443	0.017858680424
242308	-0.002300931375	-0.008160967227	0.017001491814
415631	0.000619426781	-0.005756365718	0.007466854237
293859	0.002940412804	-0.000627416499	-0.002669614538
331015	-0.008298129806	0.003774616056	0.000947943215
92629	-0.001107193714	0.000157941914	0.000766657461
288622	-0.007756017902	0.006517725475	-0.003619454159
89232	-0.007727474001	0.003417273731	0.000869222004
92942	-0.003706326978	-0.004895130113	-0.002603006071
588912	-0.000812917101	0.000104481408	-0.002147877777
68339	-0.001647567402	0.000836036153	7.7071166e-05
532929	-0.006890512267	-0.004212227131	-0.000837534602
2181	-0.000183679641	0.001335240122	-0.00274152753
404318	-0.001667153179	0.000110024146	0.000871185102
114946	-0.013304308479	0.002243749534	-0.01207281374
543900	-0.008635154628	-0.002221082489	0.010577320589
429542	2.7655447e-05	0.000893008454	-0.001409711824
495394	-0.006647505992	0.00254639979	0.001120684471
181627	-0.004891885047	-0.002597437521	0.006150291547
295322	-0.00963114429	-0.000553028191	0.008354274876
290254	-0.000591026016	-0.002430126659	0.007745004597
2082	0.001390314586	0.000356595632	-0.001682966116
294981	-0.003614686801	0.000401145354	0.004405199611
319810	0.000572987642	0.003879882058	-0.00806235184
262749	-0.001098039476	0.001447468764	-0.002220540394
24916	-0.001726395086	-0.003816326435	-0.003459070935
24907	-0.01130485702	-0.006088138157	0.021978096745
182251	-0.009002218658	0.004402853717	0.001259236242
150436	0.00075983262	-0.00198974965	0.001187309306
239506	-0.004786857876	-0.001911255141	-0.00441755134
88035	-0.003391916187	-0.002153114484	-0.004387744129
470823	-0.001124396208	-0.001160257181	0.002922935578
172962	-0.001127055167	-0.001910098182	0.003813248184
298533	-0.011862839875	0.006483179334	-0.001065009145
185522	-0.012835844163	-0.000850178757	0.017623097442
198502	-0.006352059778	0.002431728686	0.004648798031
197994	-0.00115619617	0.002042300008	-0.003088188113
484332	-0.013257306157	-0.016204296578	0.037421833157
538485	-0.000669751912	0.001223639164	-0.001257833929
560836	0.01008991222	-0.025202568077	0.015840738217
290109	-0.001066783503	1.063378e-05	0.003065552621
536652	-0.002175753916	-0.000718864047	0.004840114723
301656	-0.00855241668	-0.015168590158	0.020694980187
300872	-0.009223546759	-0.000937470322	0.012287441238
516464	-0.004427432558	-0.022156780449	0.014396704612
184464	-0.004076779166	-0.003164469304	0.001557495649
316362	0.001223325534	0.000269446531	-0.001410908576
197149	-0.005172838285	-0.011955943661	0.019542061662
296873	-0.007553309264	-0.001746146897	0.0133537622
313753	0.002923010547	-0.02572055889	0.048755354972
288932	0.003377068205	-0.018613731704	0.03076651369
303304	-0.007272433509	-0.002854497193	0.004277496564
198806	0.001849587341	-0.022306164316	0.038687492131
195574	0.000266800815	0.004081122657	-0.006763715079
104043	-0.015044725698	0.000161553184	-0.004484679326
244669	-0.00753066983	-0.002274407944	-0.002403365649
570119	-0.003598858116	0.002978338725	-0.001269972479
471156	-0.023510211362	0.001080920146	0.012174785353
471122	-0.015380751365	0.017060537579	0.026526258991
108137	-0.000307252895	0.000348553845	-0.000139945318
88701	-0.003718892266	-0.008453131084	-0.008290376149
2173	0.000892285435	-0.000593559365	-0.000574152794
484401	-0.001699610201	-0.005566442913	-0.000559050971
68416	-0.000599131307	0.001660294743	-0.002384732323
99412	-0.0041341872	-0.007670564811	-0.005228225387
245050	0.000410404277	0.00090460185	-0.002357301763
2196	-0.009941637976	0.001095971382	0.007043208174
102425	-0.009909538731	0.005995977298	-0.004085191195
63123	-0.006590908976	0.00173565731	-0.004906266933
106565	-0.001910193365	-0.002789691591	-0.003969358393
530801	0.000258072047	-0.005839579066	-0.005240745737
2222	-0.005446681719	-0.005744367192	-0.00817607844
374568	-0.007775288125	0.003690274072	0.000443645817
536919	-0.000631410632	-0.003671618218	0.005912336463
544531	-0.003800805494	-0.005952062952	-0.002870825561
68338	-0.000791725952	-0.000813066116	0.000331041879
484338	-0.01308730964	-0.003610981319	-0.004970601738
20534	0.000769412525	-0.001520761198	0.005996053421
539347	-0.018399144136	0.004897464906	0.013242537067
244198	0.000631600845	0.000264918721	-0.000197344451
92743	-0.009327098457	0.000838345384	-0.006437407657
28952	-0.005839476883	-0.008613734736	-0.003972478317
300379	-0.007889529656	0.00355329129	0.000964119558
373870	0.01994772515	-0.017749548393	-0.004078375199
268604	-0.010577295395	0.004726329451	-0.007886022851
46419	-0.002597940637	0.001131767115	0.000738365163
358706	-0.002772101943	-0.003544541848	-0.009350307249
181432	-0.00356389364	0.005069833185	-0.010359781553
307953	-0.006628051082	0.002888779802	0.000786340895
551508	-0.001731572465	-0.005371508873	-0.002626336626
320615	-0.006318039014	0.002822754076	0.000921729784
304289	7.3967198e-05	-0.000279329081	9.3846746e-05
302093	-0.004706753451	0.002937785964	-0.000643578384
292651	0.005049729505	-0.001693174996	-0.002869989525
344007	-0.007298629158	0.003047844594	0.000912568773
346845	-0.009209748522	0.004527473311	0.000841110874
331181	0.004985239567	-0.002843748031	-0.000478916844
310376	-0.000967525401	0.001263330864	-0.001964167037
289343	0.000466632971	-0.000575561005	0.000158284163
298545	-0.000151751492	-0.001027280532	0.003232335118
509073	-0.014055291087	0.003225683729	0.010604607619
291739	0.000248910657	-0.001411558214	0.003491178119
288889	-0.006986452306	-0.001780293705	0.013291027293
531519	-0.001747080721	-0.003416450867	-0.001564132937
321527	-0.002532926316	0.003537733385	-0.003581671079
288702	-0.015057748529	0.010950706587	-0.004370942608
191898	-0.000920735867	-0.002605351995	0.006665262384
182810	-0.002439096686	-0.011587653458	0.02277600657
332311	-0.008497395856	-0.026789613947	0.061454121779
469800	-0.008676350836	-0.010969422368	0.023746821015
361304	-0.000793760846	-0.001386203159	0.002158770149
361496	-0.013024275319	-0.029615216802	0.070009089591
570110	-0.000200203772	0.000222616086	-0.001144941215
166635	-0.006853976564	-0.00138748567	0.001955241428
197052	2.8107858e-05	-0.001814706521	0.006242786777
127309	-0.005772892618	-0.024538452821	0.069312602313
313166	-0.004764827937	-0.012262743136	0.035208452808
567197	-0.001404292146	-0.003873121097	0.005936696814
564444	-0.005936440726	-0.005409528841	0.001875544227
183618	0.0012754599	0.003621138333	-0.008542525908
195926	-0.006709073034	-0.001895659116	0.009225354217
25165	-0.004288355875	-0.011172882394	0.025582024542
363625	-0.002216053603	-0.005971592276	0.014390638082
365909	-0.016489172473	-0.011907303808	0.030910078134
248140	-0.007537527082	-0.027841068923	0.09159645756
318215	-0.002717000375	-0.006525825052	0.014319970307
195781	-0.003345295697	-0.008633659325	0.019833260627
136529	0.011945444349	-0.013990214511	-0.01045946371
348374	-0.011528180847	-0.019497949561	0.036723876396
368270	-0.001363576818	-0.002858333797	0.006131911141
583117	-0.008450529569	0.001765491401	0.004271341891
362168	0.000454249152	0.00103439413	-0.005394769941
117866	0.000201984408	0.000699035827	-0.001472147884
234488	-0.00099378964	-0.001621508415	0.002927293865
156012	-0.009290362781	0.000395175651	-2.1201199e-05
110974	-0.005782662282	-0.01275821952	-0.00498021338
114455	-0.006368126209	0.005284764424	-0.004310040576
530785	-0.007408572299	-0.00587468	-0.009026885587
114426	-0.000258867046	-0.000449338841	0.002390154926
114803	-0.002187091185	0.002161871235	-0.001887523474
470812	-0.016736105344	-0.010278181812	0.015200099408
63166	-3.4878645e-05	-0.000518937996	0.000360890104
470807	0.00029453734	-0.00434983338	0.002547360335
1941	-0.002137597533	-0.007395295897	-0.002552248231
268540	-0.020985780197	-0.011441871442	0.017799497771
115278	-0.000216200019	-0.00217738521	0.001875053242
556500	0.000174295629	0.000670546861	-0.002296936567
1931	-0.011137074703	-0.002724428036	-0.006523767152
423742	-0.014038478319	0.005867712456	-0.003165895651
131765	-0.001923785576	0.001847152711	-0.00372667183
396024	2.337959e-05	-0.000861735569	0.000606159943
385147	-0.000130705208	0.000430690945	-0.002062319131
93513	1.0853516e-05	-0.000291521446	0.000126277065
560962	-0.000292819318	0.00022024321	0.000108818593
22635	-0.008230015873	0.002571427685	0.001057827361
237323	-0.015049555001	0.007879666835	-0.001911836489
158466	-0.010333271373	-0.00367631234	0.003652164657
291090	-0.009411260224	-0.018901738316	0.052398281757
585914	-0.000503580716	-0.000891538975	0.001904209747
186233	0.00132392778	0.002265013564	-0.004126556058
522087	-0.000647453512	-0.003914225446	0.011141141878
470761	-0.00130741679	-0.020381939731	0.058233602117
367581	0.001055022718	0.000434779768	-0.000541014205
541301	-0.007233601573	-0.024482015251	0.038993360866
249661	-0.010035625383	-0.008150915938	0.002305201345
546042	-0.000593600267	-0.000928839766	0.001356508959
294080	-0.000110420291	0.003728185384	-0.00621323129
343858	-0.00972805231	0.005259023265	-0.000821556711
544305	0.003694759465	-0.006007929047	0.000622342408
165982	-0.007362774477	0.001075233014	-0.002485608092
341926	-0.007886414219	-0.002344791432	0.000446239153
300463	-0.006586064082	0.000928201224	-0.00523759557
331693	-0.011321592863	0.006216265294	-0.001364868109
288192	-0.007612994161	-0.005809269671	-0.003520228732
302194	-0.007742078588	0.003604947445	0.000733972905
290027	0.00214255552	0.001186623213	-0.005729614704
292032	-0.000455938536	-0.001311784576	0.003225556154
385574	-0.000546105561	-0.00021795083	0.00030874355
254175	-0.007912322678	-0.000283246716	-0.005413887233
150369	-0.001937416663	-0.013568516665	-0.008798533162
142100	0.000907214707	0.00101697161	-0.004374565063
536271	-0.005747165636	-0.003025149831	-0.001116383012
277821	-0.002704762028	-0.003113386254	-0.008855764925
459820	-0.001022454879	-0.002126198756	-0.001572413533
1975	-0.00133456627	-0.008233853506	-0.001565907292
541485	-0.008603144553	-0.000710228223	-0.006332417765
538931	-0.002305370287	-0.005449925407	-0.001352362357
158032	0.001218512444	0.00232153329	-0.00309450873
569076	-0.00135180824	-0.002886395908	0.006397310892
134018	-0.0023171776	-0.004758546834	-0.003232047542
326517	-0.001101986319	0.010035005698	0.006978228441
575486	0.004835667817	0.016691541444	-0.001526865976
558226	-0.005603830309	-0.002550194573	-0.002816426096
292037	0.005334918065	-0.0012070197	-0.0034387061
203506	-0.001559345039	-0.00401196984	-0.002803078187
143744	0.000594040119	0.001088825925	0.000389188368
280540	0.000167706787	0.000272696336	-0.000344854455
271588	0.005376521347	0.009474634031	0.005479514459
579376	-0.001384201986	-0.002979302124	-0.001978859923
78232	-0.006602516279	-0.003234417248	-0.001941860034
226064	0.002246261023	-0.002222774778	0.00139627273
298286	-0.006100541274	0.003302541696	0.000297398349
330276	-0.001214544334	0.000444263399	0.000126476898
345156	-0.008823330328	0.004048652216	0.001053771375
304909	-0.005622922859	-0.009461911462	-0.005201738906
332290	-0.011433937401	0.005264291431	0.001033783074
567010	0.003463118946	0.005820439201	0.003102603341
296444	-0.000840792932	0.001189222696	-0.002328675255
303021	-0.006571203969	0.003034842023	0.000966820583
296553	-0.000273414751	0.001165805975	-0.00225437895
319120	-0.014377165882	-0.005230911505	-0.004285103881
289840	-0.003648397059	0.001062480947	-9.7765856e-05
254541	-0.007169387413	0.003407888724	0.001096304979
556899	-0.009766880737	0.004347170289	0.001271081363
297914	-0.000835138777	0.001216331623	-0.001967518225
303299	-0.011337726866	0.006209048836	-0.001170451812
294419	-0.002134181436	0.00074643128	0.000496415853
293304	0.000350561852	-0.000467780432	0.000125722291
330732	-0.003271031372	-0.004933798811	-0.00233503198
302615	-0.002269352385	0.001001735401	0.000252964944
320847	-0.002651171065	0.001034018107	0.000384426413
289570	0.001565537154	4.3159574e-05	-0.002185585204
290750	0.000200154099	-0.000546863367	-0.00170848139
317979	-0.004222398568	0.001720823992	0.000602220467
299488	-0.009656446614	0.004548658085	0.000842681801
290016	0.005072514425	-0.003401527184	-0.00099023394
303347	-0.009087309314	0.004189717325	0.001066631439
542179	-0.009080966552	0.004281269082	0.00127374682
245523	0.00029351321	-0.000925301325	-0.000667133685
300348	-0.001289542091	-0.002035369624	0.003363758486
256305	-0.0137709852	-0.0028044208	-0.005963136358
99573	0.001958626526	0.003771060903	0.000130862865
549508	-0.006833664957	0.000120246606	0.001141432307
296218	-0.009501074947	-0.002043001437	-0.013382256504
546510	-0.012821480163	-0.00112022082	-0.000701792497
189900	0.00200198495	-0.001810255662	-0.001190477032
256827	-0.003251021936	-0.007199055756	-0.005337017665
203209	0.000902056239	0.002092222706	-0.004305719759
167498	0.000211143575	0.000742700213	-0.002283597732
303036	-0.007201376905	-0.009035682599	0.022494589191
523051	0.000519927293	0.003032025544	-0.006057266286
243150	-0.013049407059	-0.013825896251	0.004623507523
323400	0.002447121393	0.002496376219	-0.007118118228
175375	0.001485099498	0.004260282588	-0.010106684177
171772	-0.020069884509	-0.010664154716	0.013181179573
227953	-0.003299991962	-0.009108559596	0.019459749816
259569	-0.01083690966	-0.031533557895	0.092796877884
104780	-0.014271947422	-0.022576806168	0.054597996018
138006	-0.017946295924	-0.016012576511	0.029985486798
103685	-0.003407696487	-0.000880828928	0.001798886705
335530	-0.009763754471	-0.013911990959	0.009723065391
181095	-0.007020432668	-0.019449908841	0.021099784239
569158	-0.012916456659	-0.015849764033	0.009579607669
355255	-0.00864339818	-0.010537799773	0.004610905546
148007	-0.001244614648	-0.006438898316	0.014422527151
150403	0.00220609517	-0.00270717744	0.000646074481
146656	0.001430946279	0.001401307315	-0.004199404098
108457	0.007765905442	0.019710725434	0.011479102788
295364	0.001432089364	-0.006777924301	-0.003042619147
509797	-0.002001837715	-0.004381521757	-0.001766508799
340420	-0.001278412725	0.000729504855	-0.001101286573
148286	-0.002987830388	-0.003444903566	-0.001399036898
160369	0.001175771024	-0.001397163002	0.001006790577
509437	0.000147290395	0.000261392513	-0.00039831234
79430	-0.001500814396	-0.007074847483	-0.001701937804
577375	-0.000165388938	-3.038573e-05	8.802459e-05
157385	0.007799215567	0.012062858841	0.01204513594
554336	0.001251722956	-0.001668969401	0.000438650027
566082	0.007379382051	0.006380870283	0.005828220853
511060	0.000576808554	0.000571072955	-0.000623397158
534571	0.009130634515	0.014781255683	0.00410534029
558868	-0.007328868987	0.004555880271	0.000501392963
571923	0.014388843948	0.032893750816	0.010633039777
211941	0.009082791861	0.036151472306	0.018559085512
593277	-0.004171546817	0.014084928512	0.007174042936
139672	-0.001549222098	-0.003152905077	-0.002365951731
239593	0.004603825295	0.033796653182	0.019380041741
509493	-0.002930308922	-0.005917519478	-0.003804598259
146292	0.001845333188	0.002193825224	0.000491975288
157434	0.008179329751	0.031391848207	0.009001401232
267968	0.005890787164	0.006607730949	0.0056239436
130615	0.01138486039	0.036509531585	0.010480570899
230769	0.004637448477	0.005125354961	0.004957864754
509310	0.013296898323	0.016794193755	0.009345102538
560267	0.00188372276	0.02064930817	0.008463252902
315021	0.015242577829	0.02191201523	0.005769115419
57445	0.000391584034	-0.00185954799	9.5303791e-05
353370	0.003644225497	-0.006728659254	0.001114436815
267276	0.000985450961	0.010919957224	0.004739644993
159438	-0.006679525757	-0.009856861794	-0.000765093219
214814	-0.00013713375	-0.00034694331	-0.000663671991
114252	-0.007031390572	-0.008219943423	-0.001974797005
134023	-0.005425081478	-0.000946315753	-0.003382955696
219867	-0.002894379289	-0.005399488312	-0.003706925276
77751	0.004751820514	0.007381031966	0.002059388632
135753	0.004116040735	0.004713851904	0.001498935279
343959	-0.001262980433	0.001563159999	-0.002097632597
293605	0.009740643836	-0.003855185058	-0.003317515766
278831	0.000854499711	-0.000224506594	0.000135551687
232505	0.00961215992	0.012420938589	-0.000271677081
578548	-0.009941360568	0.007067509933	0.003035494138
543813	0.013574774413	-0.016943608842	-0.006517099558
334320	8.2785256e-05	-0.000568184694	-0.000353925221
251049	0.004476510705	-0.003540162433	-0.008608604542
103093	-0.008473818113	-0.007251615544	-0.005674536361
219243	0.012935003209	-0.003142229003	-0.004939641029
244639	0.006542063725	-0.001208034463	-0.00386602877
332717	0.031796663007	-0.003283350444	0.000740361324
353811	0.011281714427	-0.00725142427	-0.004998058099
142131	0.01833596268	-0.000635968112	0.002891471899
240552	0.006599541912	-0.002753580224	-0.001573232079
533024	-0.00551463238	-0.004448650015	-0.002568148608
226802	0.008533265613	-0.002507469021	-0.003199262652
140883	0.0042531059	6.8415706e-05	-0.005138585584
2483	0.007445909767	-0.014062018777	-0.00883501821
553113	0.024680578658	-0.001324006226	0.000740171406
179289	0.01741731104	0.011094676251	0.004672307182
539235	0.016951161147	-0.00459944555	-2.9329259e-05
277727	0.008097761496	-0.009443416671	-0.008248557646
583756	-0.001231734125	-0.009955443327	-0.005023459187
144069	0.005791958098	-0.010755016232	-0.009560387202
222673	0.017151074376	0.0018703758	0.000769036482
304078	0.010220408306	0.011446066914	0.007671840896
113559	0.005509713339	-0.002665134175	-0.004149688863
284644	0.010558387041	0.008671540946	0.003264016494
223126	0.018049769338	0.008601257235	0.005249434486
113674	0.013891163481	-0.002229930215	-0.002461393795
593017	-0.014577128507	-0.005203902816	-0.004127596233
82023	0.012245724922	0.017433778111	0.008955058217
536400	-0.006790619711	-0.003118471119	-0.002375233461
257151	0.014831201519	0.005020174898	0.006298127291
144042	0.023596880321	0.004217786032	0.007371095722
81939	0.005075165192	-0.000192483193	2.5009752e-05
167598	-0.007583810328	-0.008502448258	-0.006323040093
197142	-0.0059651109	0.00179040029	-0.003670753156
527601	-0.007108127316	-0.000745690371	-0.009514559468
584477	0.006672437257	-0.005692185455	-0.003303731178
525642	0.006998557504	0.007951698579	-0.003072041176
307869	-0.011372359704	0.003367083306	0.00015009026
593617	0.000618305065	0.004555759088	0.002295066083
227169	-0.010763251444	0.00535763431	0.000916791694
279186	-0.00028898632	0.004123582062	-0.000136018987
419525	-0.002712181731	0.004748326497	-0.002835682148
99927	-0.005772761005	0.01680790288	-0.002899842349
238434	0.002879338101	-0.004855821056	-0.004662407094
160802	-4.0187591e-05	-0.000845161447	0.000650548313
305278	-0.010429621385	0.002666751663	0.002283121597
248306	0.013758341193	-0.011463690891	-0.00861068736
236952	0.007616366312	-0.000902972672	-0.00433093245
366805	0.017024272242	-0.018726870745	-0.007650423559
198091	0.013340503497	-0.011699318984	-0.007510473544
2481	-0.006932001162	0.002836964487	0.001076043826
209091	-0.000302707272	0.000639014877	-5.594487e-06
44075	0.000360711107	0.000308752278	-0.000952708055
283608	0.006957303359	-0.006547657461	-0.006934171901
520492	0.003237820489	-0.001121293516	-0.001523921814
585420	-0.003228778674	0.00043753164	-3.3115967e-05
549127	-0.011834679447	0.005434222304	0.001589234336
397119	0.005992001753	-0.005812472633	-0.00551297178
70559	0.015085539768	-0.007055340721	-0.003337434071
68384	0.001838215218	0.004917056321	-0.011133191081
2485	0.000682092426	-0.000963213366	0.000686871211
258308	-0.003965365722	0.003154276167	-0.002159517163
212927	-0.014969125853	0.003080290423	-0.000481380806
46477	-0.004255362971	0.003468333491	-0.002166329658
207629	0.000901833029	0.002870877037	-0.005269678528
239331	-0.002319876664	-0.001997179711	-0.000100268578
414628	0.001125580173	-0.002607186467	0.001019635731
564708	0.002201691677	0.000338978606	-0.002517428225
183910	-0.002197642606	0.002759518731	-0.001970915138
149645	0.005535183972	-0.005104972861	-0.004671097044
287902	-0.001421759568	-9.8461259e-05	0.00069685648
163173	-0.006841686691	0.002772618383	-0.000143672657
46956	0.005493680922	-0.002185657454	-0.000575352047
365158	-0.00483640545	-0.002753190001	-0.004306314745
296702	0.004695611772	-0.002115846024	-0.000355489343
250357	0.00605003424	-0.000486851156	-0.007041819291
243196	0.008848313382	0.00160974407	-0.011055970493
544883	0.011584536482	-0.004862289423	-0.001587407351
268993	0.008777983866	-0.003983014253	-0.002285653231
165006	0.000758327293	-0.002716505853	-0.00407030149
353143	0.014866372015	-0.014657306533	-0.009535761214
560742	0.003925250502	-0.007621421145	-0.003223407171
168491	0.01563680484	-0.011029942828	-0.007064167522
205748	0.009064807633	-0.00390103288	-0.001815312159
204906	0.005314502422	-0.003088729284	0.000142174653
140918	-0.00197060754	0.002306984122	-0.002179014531
217769	0.005331045134	-0.001293636832	-0.002561440042
534367	-0.002295422979	5.086373e-05	-0.00255619469
222163	0.011581679343	-0.00489709099	-0.000493080924
512727	0.011223006665	-0.014011505782	-0.01089359054
156401	0.005818527867	-0.002655391246	-0.000227903791
156920	0.011000505123	-0.004819050852	-0.001763663696
565163	0.013224560851	-0.001424129849	-0.009050777992
347195	-0.010877373016	0.001859779608	-0.003991852438
40351	-0.012159919265	0.000955148368	-0.000581064843
142943	0.005851643179	0.003431954111	0.003830021937
176843	0.006429454651	0.008925327688	0.003854002057
555599	0.000648395645	0.000229632805	0.001952252114
543271	-0.001789812557	-0.002570501038	-0.000825602507
275936	-0.009049963965	0.003221027079	-0.013293390622
415279	-0.011020139326	0.025951001479	0.009482242129
162326	-0.021822724218	0.028455830512	-0.02273504902
164181	-0.005216356554	0.000924576208	-0.006391895713
269319	-0.002407558798	-0.003884940099	-0.002880818806
24593	-0.005330864818	0.001979433084	0.000258812474
327267	-0.00372423332	0.003657904007	-0.002556014716
42147	-0.011555658135	0.008476664898	-0.003192748483
278317	-7.9463359e-05	0.00273501196	0.002406502697
156351	-0.010822600991	0.001853724653	-0.003709449433
350649	-0.007087281937	-0.000958642318	-0.00249976484
221747	-0.009900580223	0.004489445092	0.001384492801
318649	0.001093597828	-0.001242182651	-0.001265840839
82548	-0.004881006083	0.00205049779	0.000649683654
327070	0.004315625908	0.002608762915	0.005060397972
228931	-0.022481436837	0.025276448867	-0.024485346075
161860	-0.001948148862	-0.001163991077	0.002252879454
58609	-0.001785765375	-0.005367467625	0.000431774295
152632	-0.002296147097	-0.007265089319	0.000453440934
155474	-0.016115017133	-0.001077234668	-0.003629752916
311868	-0.001956485751	-0.000374875786	0.000235793901
156524	-0.007054303786	-0.003498626847	0.000191938831
206913	-0.012482595499	0.006447769362	3.8036753e-05
278040	0.000566803874	0.000135205717	-0.000712893366
534943	-0.009667556993	0.00326944332	0.00231599563
320514	-0.002118364631	-0.00495095343	-0.003335863743
322937	-0.005246988274	-0.007920238566	-0.006000252006
99024	-0.013636852267	0.005122890927	-0.004756474542
102384	-0.007971035907	0.002599011646	0.00264933321
215176	-0.002866462398	0.001121721854	0.000240536976
113510	-0.008470585473	0.000726865339	-0.002824884299
2589	-0.010549717535	0.004282258768	-0.001206569669
342492	-0.002220377906	-0.001930177908	-0.003965898757
278904	0.001498319398	-0.00105933568	3.1433766e-05
58612	0.00033907255	-0.000841754312	0.000661632564
278936	-0.003355954183	0.000644584362	0.002157931937
279603	-0.000960877554	0.001286477113	-0.001063537054
58647	-0.001061224787	0.001565435401	-0.00197366998
79778	0.000890158634	-0.005202564818	-0.006161331997
248079	-0.006138846945	-0.002516193794	-0.002940071543
581429	-0.004220918496	0.003173180999	-0.00062736655
150881	-0.007575586839	0.001031714265	-0.003590761183
363114	-0.003867826556	0.001600414348	0.000820523024
584851	0.000850104399	-0.000800984985	0.000188465713
252068	-0.004129969975	-0.003795971455	-0.004502961024
274907	-0.005043201753	0.001829046327	-0.000291745305
324724	-0.002744727321	0.002285280449	-0.000123136822
2588	-0.01963705549	0.001970729566	0.002405801551
160192	-0.007038672931	0.002290650504	0.001993648718
275754	-0.005754080114	0.003309634093	-0.002131677529
323057	-0.009909058299	0.001200563166	-0.005619802119
334363	-0.005638632808	-0.002666606139	-0.00693879681
589134	-0.000908748792	-0.000380296565	0.000218329877
90078	-0.00919323086	-0.007387632902	-0.010764450169
234016	-0.013734770684	0.012918065359	-0.02250118552
2577	-0.002878623311	0.001187952978	-0.004045770986
154264	-0.003010824144	0.001709398918	-0.003349847759
153017	-0.013281506942	0.011165715109	-0.014177805936
582732	0.005054650417	0.020215443464	0.010857510919
148599	0.001351255983	0.002641773498	0.00152240199
342865	-0.00082509252	0.014306005674	0.004210545658
318753	0.013623595662	-0.005851271907	-0.003840243258
227919	0.009474439463	-0.005620028833	-0.009105256228
126906	-0.001024374561	0.002239869465	-0.002777815328
137491	-0.001184204216	0.00069976196	0.00038642485
172112	-0.008041304323	0.003473085005	-0.000204797953
306350	-0.011358059988	0.002901610757	0.000154640919
77550	-0.004625173727	0.002574198992	-0.001768672155
267557	0.003300199575	-0.001434897397	-0.001130317411
327621	-0.008352021556	0.002984492228	0.001430263638
82222	-0.003397416556	-0.012128233287	-0.004419910935
508793	-0.005277659717	0.002245281233	-7.0208146e-05
150955	-0.005807109308	0.001698456117	0.000425333687
20292	-0.000197162001	0.00054314228	-8.651258e-05
164255	0.000999966819	-0.000589360733	-0.000309975216
2604	-0.005124934074	0.00127520803	0.001817721201
390520	0.007825912196	-0.004501369633	-0.004855967773
434806	-0.006348779988	0.003228546725	-0.002963852257
235307	-0.007877265522	0.003297468961	0.001085754464
259708	-0.005818631239	0.001551230078	0.000931811503
270190	-0.003062914429	-0.004738756916	-0.002707539684
2605	-0.009083734547	-0.001767590506	-0.002126550383
593226	-0.013595741492	-0.001869360762	-0.003192861542
578726	-0.00394645089	0.001991740387	0.001127683114
588990	-0.001444859893	-0.00315138768	-0.002563482612
241717	-0.007952406281	0.003813061368	0.001672919099
267978	-0.00288857668	0.002144487884	-0.001598760128
413415	-0.002901477342	0.002000174805	0.000502734735
426444	-0.016171614883	-0.006303178012	-0.006307232427
309496	-0.003843157106	0.001816142439	-4.7593885e-05
303779	-0.011500924674	0.006508988704	-0.001764480603
212044	-0.009090768972	0.003853500786	-0.0003880489
151061	0.005114148024	-0.001332083506	-0.002236873113
449027	-0.004406977221	0.002666873593	0.000312710723
74081	-0.00676945879	-0.00400080998	-0.005879339921
209617	0.001520969163	-0.002668780931	0.003263328188
137870	-0.002706620846	-0.00244136561	-0.003785453321
47791	-0.002782872242	0.001466596723	0.001096255676
356181	0.001484772452	0.000767145081	-0.00379840513
99405	-0.004618862261	-0.002133836573	-0.002641032291
533965	-0.003320744679	0.002036012447	-0.000968751148
567966	-0.001350413684	0.001394201684	-0.000928352253
573077	0.006328373554	-0.002293622821	-0.004487581124
249391	0.007906772581	-0.003605007851	-0.002860366852
107814	0.007271392752	-0.002986457643	-0.004761916797
257862	0.003003411804	-0.011468220478	-0.000844812733
189580	-0.006447864014	0.004934636267	0.0015384722
163626	-8.1912411e-05	0.000921623945	-0.000179710916
575495	-0.012323885306	0.003555610513	2.2134154e-05
593976	0.003072926132	-0.001430315546	2.8634391e-05
327093	-0.004822811234	-0.006045449024	-0.003636070734
251656	0.000443472135	-0.000425614889	-0.000753401686
220782	0.009623713165	-0.001683642896	-0.008009972592
256413	0.014171445575	-0.007189317603	-0.000886792418
512079	0.010442223291	0.004777926948	0.000914801787
103998	0.012645496044	-0.00314604223	-0.000149273891
221084	-0.006574880357	-0.00389544993	-0.003783964662
351446	0.002184859091	0.001369196226	0.000873262675
205855	0.009580661508	0.017723535357	0.007540248557
151819	0.008244605344	-0.01650879099	-0.006836811163
560704	-0.000302188281	-0.005973573278	-0.001495005731
156963	0.030726321196	0.015255851583	0.013884118003
575014	0.00233437502	-0.002337519291	-0.000511120213
254014	-0.000663023634	0.000398774514	0.00016596025
308403	-0.002912713366	-0.003423179859	-0.001672329152
254579	0.020616845835	0.009026023578	0.003619768231
245713	0.01582287504	-0.006850945258	-0.006141362008
247445	0.011080499108	-0.003942825861	-0.010278699718
532331	-0.002045685915	0.000878645566	0.000423811233
141044	0.015637816867	-0.003425882508	-0.003835772441
571372	-0.005977256843	0.002563644077	0.000480286186
248117	-0.006748978051	0.003671074114	-0.000279269135
245770	0.002708525768	-0.001431655001	-0.00023420841
249693	-0.010070664004	0.00477153321	0.000797548798
242737	-0.010925938493	0.00494860925	0.001544963894
239844	0.012253035863	-0.005844542006	-0.009091982653
243349	0.002245632013	-0.000611056045	-0.000819374737
577085	0.021940875553	0.006873193925	-0.001772334179
65682	0.018839386313	-0.011278174269	-0.010902091488
348223	0.00987453301	-0.016090410219	-0.009075059649
159655	0.015072708908	-0.016466911491	-0.013299126335
541511	-0.006453492924	0.00303217249	0.000231049432
562144	0.000316279414	-0.006413548502	-0.002015959214
142125	0.012343858281	-0.010957511101	-0.006117936184
146568	-0.00072238749	0.006419437576	0.000852955758
135189	0.002090504225	0.000866911152	-0.000339741253
20151	-0.00929214591	0.003025780043	-0.000609520024
137145	-0.009179763536	0.020076959083	0.006222586545
150422	-0.000368049467	0.001776637029	-0.002949315724
146467	-0.002082237509	-0.003761080772	-0.001547566164
220913	-0.002355959652	-0.008268770177	-0.00938441597
339418	-0.003636663584	0.001142510375	0.000336788452
223665	-0.001997865474	0.002008666291	-0.002041691854
510901	0.00637124793	-0.000940548497	-0.00560765547
588867	-0.008172934519	0.00440782927	0.000352055112
508075	0.005121587211	0.008183537918	0.004406002799
544631	-0.009234248685	0.005307032956	0.000246420435
510721	0.003875928129	-0.002589277175	0.000127505848
362966	0.002610585234	0.000557907523	-0.004682865587
392770	-0.004159165124	0.001683119288	0.000392880936
256521	-0.001227185786	-0.003928854552	-0.00247762067
140646	-0.002324254297	0.000879167953	0.000432177835
178196	0.000107850242	-0.005287203862	-0.001132942162
181596	-0.009023356893	0.011010649163	-0.012987534362
335025	0.006273234815	0.002990198847	0.00640937176
440170	0.000535373792	-0.004078815128	-0.002256809181
334860	-0.00713540439	0.005047100221	0.001376344132
329138	-0.018788254961	-0.000954431029	-0.005680798334
538346	-0.008257335901	-0.004048740939	-0.00345502907
231673	-0.000522712578	-0.00151881394	-0.001217257549
523672	-0.004851216243	-0.008795910239	-0.006517751016
146854	0.000834939531	0.00107119896	0.000614439393
248300	-0.0058507266	-0.003364308305	-0.002208827604
325671	0.001942774282	0.000486493531	0.001987803155
244167	-0.002419879433	-0.007491269215	-0.005359310498
204415	0.001124191046	-0.005917557689	-0.006103209408
2538	-0.00211315228	-0.003711045926	-0.000465454052
233996	-0.002379004132	-0.003858156813	-0.001900463813
252788	0.006698507036	0.006579989151	0.007955278228
252967	0.010786605799	0.017664204975	0.004532353589
228243	0.00087186854	0.001046456494	-0.00025033961
263176	0.006056213217	0.005055801691	0.005738383794
538448	-0.004658283466	0.003154244878	0.000317075737
230258	-0.007923304371	0.005040415327	0.001106150771
579010	0.001525803256	-0.007687448614	-0.001181435337
274126	0.008541322984	0.015932709847	0.003126946889
576442	0.00673607112	0.00872050682	-0.000596155399
340563	0.001277543633	-0.000783339492	2.6294114e-05
353774	0.000168592011	-0.000941491376	0.001355893727
161382	-0.00101388928	0.001124460063	-0.001300004807
132699	0.005124773925	-0.007568867529	-0.007422974259
564650	0.027243912295	0.018623272761	0.00431092297
241706	-0.008515730294	-0.001939059307	-0.002077293277
200498	-0.001465577076	-0.001911476671	-0.005072944776
159352	0.004782123462	-0.003921221577	0.002209362736
194491	0.000262251835	-0.000714193872	-6.8109697e-05
568024	0.001763986938	-0.001960326821	0.001671482321
237153	0.00221997778	-0.002229822887	0.001546982904
378092	0.004098347447	0.024009561459	0.008734171113
184685	-0.002245249016	-0.000684512578	-0.003305253868
278585	-0.005616918402	-0.005071179649	-0.007220895687
262076	-0.001216004945	0.001301516171	-0.001898424137
242491	0.001246071802	-0.001365513303	0.001242703656
295985	0.001977985214	-0.001277701564	0.000794367803
273031	-0.000277139035	0.000671088664	-0.004918161637
584337	0.001279465067	-0.000277589174	-0.000402423909
255544	-0.002659383108	-0.002704177083	-0.004629696611
259026	-0.000224994686	0.000586259249	-0.000480815633
586573	0.002046939044	-0.002231687002	-0.000786765025
2550	-0.001764277635	-0.003236993806	-0.002983005651
211973	0.00355896911	-0.001245252561	-0.00116517117
109301	-0.002761807875	0.001048538872	-0.000189464402
263421	0.004457513212	0.021866894818	0.007051175122
168111	0.001832756505	-0.0017882318	0.001527468477
245374	0.000597180588	0.000567069053	-0.000954452392
570841	0.000362264081	-0.000487288699	0.000332405297
339533	-0.01920131073	0.020603090962	-0.01956570667
142556	0.003513496354	-0.003536152126	0.001628201926
583745	-0.001288752274	0.00177314628	-0.001633431306
242559	-0.003829728199	-0.000416928367	-0.005665803322
182208	-0.013145791868	0.015468688725	-0.012805816198
294530	-0.003236620374	-0.002357193053	-0.004701639931
63062	-0.002308913031	-0.002457152887	-0.003516060496
35418	-0.006391399548	0.002602030179	-0.008598312771
255567	-0.004472887829	-0.000643122973	-0.006334075107
574719	0.001404487709	-0.000883734262	0.000858621338
21302	-0.00116742082	0.000499581592	-0.001634550681
228572	-0.00491754247	-0.000370832412	0.00409069469
245356	0.003278587902	-0.010615925008	-0.005297617083
320742	0.012906807852	0.003879434736	-0.003148817138
538684	0.004506018393	-0.004146855904	-0.003911269679
2554	-0.006269044523	-0.004915002103	-0.001988803505
210280	-0.005104737011	-0.009017958625	-0.0052128296
533454	-0.011005311384	0.010433870689	-0.025089604724
205961	-0.001148005985	0.014638785659	0.007957276145
321867	-0.00190868849	-0.000378618263	-0.008509012443
239523	0.001617779283	-0.00959370916	-0.002080515745
250647	-0.004246163221	-0.004109964011	-0.004605823866
240677	-0.010497917815	-0.001007076041	-0.002241320911
273018	0.009297848915	-0.003369793812	-0.003370253155
557173	0.004215801019	0.000139933707	-0.003739159953
146138	0.007376580854	-0.015332057925	-0.006419446321
222507	0.012287200893	-0.00959955343	-0.004170318889
241640	0.010860084885	-0.004551495004	-0.004153105481
242277	0.004611840661	-0.001714625464	-0.003853096399
249252	0.01296556802	-0.008531587974	-0.015153318835
26459	0.010727968921	-0.015709265665	-0.00627611103
332655	0.001633477898	-0.006714618278	-0.001356076094
511346	-0.007676059279	0.003787532308	0.000928274779
219534	-0.004899999474	-0.006576952499	-0.004340918737
186736	0.004366127145	-0.00305283701	-0.006781663029
179407	0.018176155491	-0.012521807586	-0.005899018481
582864	0.005199453125	-0.009744015066	-0.004842404308
161257	-0.007355470332	0.002704279589	-0.00048546271
204934	0.018092477519	-0.009695651264	-0.0144603463
161479	0.009895806333	-0.004544965618	-0.004137830479
327512	-0.001423425496	0.000518039987	-0.002487064632
511866	0.009704296585	-0.003560081157	-0.005589075851
203293	-0.007227636495	-0.002006360551	-0.002267133854
177869	-0.013266275239	-0.005406150141	-0.004698896743
79291	0.009187149344	-0.008657083105	-0.005750976777
314149	0.016028332626	0.000200881984	-0.002733765701
82069	-0.002422695761	-0.005691459702	-0.001608273336
341708	-0.008643784439	0.004070283419	0.000978098491
82204	-0.011827232277	0.000906881268	-0.000678715609
525495	-0.004637236332	-0.009358743927	-0.003167094423
225377	-0.009378719014	-0.009900358081	-0.006948136052
309523	0.025284595953	-0.010195325185	0.0002691598
325652	0.021158818136	-0.010201465465	-0.014288888287
150281	-0.010778180249	-0.004647859536	-0.003078659786
555333	0.021170928963	0.02659022557	0.012326199741
233334	0.002730624899	0.008838858566	0.006771416629
82223	-0.003067364472	0.003170095317	-0.008237360368
574458	0.034927881599	-0.006395210682	0.003998711077
110665	-0.010674521276	-0.010579113595	-0.008800211991
235904	0.0341048997	0.014989786507	0.017179975205
218902	0.005114031183	-0.009645123168	-0.004071932272
509873	-0.00843800272	-0.004884861777	-0.007207986806
558682	-0.001510452871	0.003386551465	-0.001645863114
306684	0.035659819628	0.008763262136	0.011793680068
540217	0.035310157983	-0.00113765744	0.007524848669
525670	-0.018161356174	0.008816751754	0.001484595721
353659	0.011898571571	-0.003075097704	-0.002533708137
556276	-0.006549786051	-0.006677791827	-0.007686162855
282480	0.009449682908	0.017228332661	0.004775892676
534067	0.028208605496	0.020284628398	0.015952187638
252037	0.019671762441	0.013262626963	0.008538603626
211909	0.022674977327	-0.006502597735	-0.003141551657
498304	0.007902574034	-0.012009781088	-0.00671416504
143353	0.004022122737	-0.002121198404	5.6751116e-05
160173	0.017100945183	0.011689412027	0.003689394327
181908	-0.008955294717	0.001405460393	-0.000609039706
528336	0.030678219159	0.015397993858	0.000323588963
567683	0.004920845277	0.004700090735	0.002043478027
246781	-0.004050598923	0.009772895375	0.0062684081
307581	0.000752417941	-0.003940301288	0.001134376039
330540	-0.001875419325	-0.00352568822	-0.002433768667
572138	0.014712976993	0.012483347826	0.002198500938
72978	-0.000810541968	-0.005991380177	-0.005744650654
160651	0.005058540983	-0.009055567629	-0.00467608695
270708	0.001216969321	-0.003882816345	-0.002464316554
216180	-0.009188897274	0.002754152199	-0.004066109138
557323	0.007553924731	-0.002516852831	-0.002898007057
209422	0.005502099043	6.4924542e-05	-0.007931935555
395698	0.00856687687	-0.010691039072	-0.001948646326
218287	0.008595753091	-0.002339943708	-0.004260259768
161009	0.012261124535	-0.004449731689	-0.003355656503
543592	-0.001626274156	-0.002979371359	-0.004155912327
154287	-0.011937957965	0.004305925472	-8.8591001e-05
590811	-0.017940527535	0.002989347396	-0.001671893335
232992	0.012419837429	-0.007477628095	-0.00533934227
257780	0.000986932748	-0.002855485865	-0.003717282606
248962	-0.001764198825	-0.009009630543	-0.008950814789
350591	-0.000296694233	-0.002493954624	-0.004442225511
241705	-0.000102134746	-0.008414325557	-0.004679711813
344260	0.01404565212	-0.014690642372	-0.006561095747
583654	0.019742505202	-0.014541798209	-0.014577688434
526032	0.011744329969	-0.000306164553	-0.000626082553
242455	-0.007879062961	-0.001323260539	-0.001371655044
268617	-0.005525152376	0.000837767733	-0.005255518883
109907	0.046200689071	0.016775923843	0.015804768178
541963	0.031467519247	0.006896002352	0.000136405504
245652	0.005959367617	0.022617567397	0.011021187171
238692	-0.000323671736	-0.000772303699	-0.000464741658
222635	0.011684059872	-0.013609463413	-0.013521357207
211598	0.013163532707	-0.014203630502	-0.007140845172
551319	-0.015853159641	-0.005264333438	-0.006914156669
153542	-0.006996143433	0.000626759436	-0.004042639122
213892	0.026144257289	0.000310542982	-0.004260282443
247873	-0.001620813239	-0.010011090052	-0.004551173797
328627	0.021532967019	0.011981101192	0.010882982666
205943	-0.00733058536	0.001528246791	-0.000375993744
521806	-0.002597569674	-0.004151364325	-0.005029226383
551895	0.00772220954	0.016343263886	0.007638601704
521646	-0.017068346935	0.001020219806	-0.001539305091
47339	0.034820985537	0.006055058964	0.003419976872
363617	0.020555698182	-0.009205033784	-0.01385858127
278390	0.041667364001	0.010140103342	0.012967629408
549796	-0.003280463034	-0.005656382878	-0.00607156374
114289	-0.0057584019	0.007985741919	0.003846971061
542611	-0.005916830203	-0.007241709349	-0.004213108583
250672	0.009440018673	0.00559911237	-0.000539506738
563390	0.02892680168	0.006412214351	0.006801416021
434004	0.008424463978	-0.004372316787	-0.006298868163
358280	-0.005695199866	-0.005426581477	-0.000281211246
317096	0.025741324897	0.007252459027	0.006968918585
145905	0.005925370499	-0.004416317227	-0.001655009208
556825	0.027371949044	0.00127540642	-0.002125844818
280545	0.024436316628	-0.002148108261	0.004120943538
286368	-0.012537439856	0.005913965798	0.000778476705
113866	0.040260996088	0.001569274328	0.012161842839
213634	0.00746768479	-0.007114147345	-0.008686815693
541215	-0.003647441769	-0.002755249295	-0.005730283424
183639	-0.003073358559	0.003890886717	-0.006666023624
236776	-0.004774790518	0.00327592141	-0.002272102245
105552	0.01103405564	-0.015425679768	-0.013154124452
558805	-0.005401780758	-0.00628437884	-0.008029738558
208800	-0.010195059545	0.000702998308	-0.001998011951
592173	-0.005405842929	0.003290601776	-0.0020671999
510452	-0.012174434777	-9.2760967e-05	-0.001882118397
565399	0.039243530592	-0.019464952808	-0.00222074364
551005	-0.00698771252	-0.004568255065	-0.006102691654
586693	0.026955007204	-0.00713010782	-0.003606302404
32581	-0.001062574547	-4.5373874e-05	-7.382255e-06
346596	-0.006301804511	-0.003665071859	-0.0030181352
138295	-0.003287872794	-0.006469008281	-0.009075199251
317483	-0.005073909424	-0.013724070966	-0.006393723117
248199	-0.002583352161	-0.001368469917	-0.006293054239
554086	0.020451965074	0.004410326172	0.0030094666
540510	0.008360107041	-0.00512467231	-0.001089432562
578565	0.007308468593	-0.001785197462	-0.004774999589
367060	0.011589064002	-0.004715964315	-0.00393170207
204795	0.013747010997	-0.011072902864	-0.007605734217
553480	-0.000674758667	-0.008354301434	-0.008239854141
143991	-0.007822176351	0.003502337612	0.001142174148
534493	0.001847607903	-0.011867053394	-0.006657406836
210176	0.024507439201	-0.007909062103	-0.003683331285
123738	0.020033381293	-0.014709789054	-0.00761778615
594040	0.006305563585	-0.00687603165	-0.007037602665
154761	-0.00834211076	0.002715929971	0.00149042294
134825	0.009429657862	-0.018817917622	-0.016270966912
167066	-0.005413818947	0.000646477338	0.001033230756
564288	0.012727459381	-0.011609111863	-0.010880203009
137809	0.003782593618	-0.005565943548	-0.003159638964
136598	0.005721308614	-0.002030100697	-0.001854616598
325365	0.008384071826	-0.001497802261	-0.001674634985
254256	-0.00853820407	0.004119921291	0.00065111974
160560	0.014179294945	-0.007870980659	-0.007808516151
250514	0.02574017191	-0.008978851778	-0.009169979158
558503	0.000412826087	-0.011791876474	-0.015156006843
356069	0.004953511802	-0.014601108921	-0.007303038249
113307	0.027298531355	-0.007750364919	-0.00311161049
417385	0.006929560494	-0.001859071123	-0.003931310786
55504	0.029697260991	-0.007155568021	-0.009156486093
142330	-0.003931008118	0.002370517179	-0.001012763189
249431	0.018597537693	-0.017037922938	-0.017682349381
540458	0.00575568863	-0.008267544453	-0.008930363107
357994	0.004714202337	-0.014241283563	-0.013318587553
535998	0.007886759034	-0.003227312162	-0.008342916992
362648	0.019940778051	-0.011522086684	-0.010519357631
42740	0.005463676078	-0.0058010917	-0.005419243218
152361	0.013170663473	-0.008860940659	-0.00376160954
78422	0.003846501774	-0.003878705814	-0.002458877405
93798	0.004016232599	2.9621758e-05	-0.00458182744
553534	0.012434665768	-0.011995567822	-0.005989539671
250223	-0.007587039809	0.003680785529	0.00051413428
307031	0.021720249937	-0.003117736612	-0.007524514536
144976	0.008677526782	-0.007944746669	-0.007802012488
246952	-0.000997811964	-0.001037649652	-0.003651674752
547667	-0.002227863865	0.001351856181	-0.000118691476
254621	0.015090364838	-0.00573476095	-0.005138418926
535708	-0.007478334726	-0.005305644264	-0.003888764941
136597	-0.005273692214	0.001393407985	0.000292655022
250277	0.033965948016	0.003094923954	0.002978857455
540472	-0.01034510415	-0.002138912548	-0.005179931832
240838	0.021547522874	-0.009697503386	-0.00208940106
544834	-0.010761311689	-0.005450415333	-0.006556957618
250093	0.021498619608	-0.017795586899	-0.009752075692
445860	0.033714764789	0.001244010951	0.007881603616
221611	-0.01197555427	0.005952432068	0.000510275778
168695	-0.010013571912	0.000614994486	-0.002110748842
557126	0.001631073929	-0.004934004761	-0.003038418124
58620	-0.009991301075	-0.000902889296	-0.002155496455
58621	0.007919793844	-0.009263328011	-0.004865937994
584085	-0.003516271713	0.00229352832	-0.001482740609
164755	0.001649452569	-0.00697496458	-0.003500731029
141868	0.001445425874	-0.000209885953	-0.003422972903
260978	-0.001695146756	0.000184102355	-0.000354009478
82843	-0.007304963761	-0.002708547952	-0.004514634301
99395	-0.004710566288	0.003151186512	-0.001993706162
182778	-0.006255752428	0.003353745232	0.000597503425
557824	0.009779499736	0.011909056033	0.007410854944
209940	0.007190698666	-0.00203472182	-0.002940849267
212054	-0.005572311703	-0.006185112509	-0.007820959799
343941	-0.004805743193	-0.003958447139	-0.002788908544
238970	-0.00177872974	-0.007009528251	-0.007491607803
172843	0.004843480603	-0.001679402699	-0.001067331626
222632	0.013973439113	-0.010487324968	-0.006141832974
153138	0.009795628775	-0.010515825152	-0.005467924985
341142	0.002620802458	-0.000395912241	-0.003246148382
562783	0.029107926527	0.000872875742	0.004086586647
155441	0.009122294483	-0.002478039289	-0.006243571865
512264	0.011029440189	0.028946631267	0.014122814103
517065	-0.004827328052	-0.000678912245	0.000169068614
96454	-0.002549857808	-0.001880451084	-0.001588907629
58374	0.010470686964	-0.00564141065	-0.00557074658
42289	-0.001375468076	0.00050120023	-0.001001675787
278221	-0.015187267826	0.000778572122	-0.008472278824
131106	-0.004408268003	0.002218119476	-0.002194285125
127471	0.009354935778	0.015839359844	0.011940315775
70346	0.008597823142	0.018389502735	0.010510294626
548506	-0.007252291093	0.006551065214	0.003278724483
119875	0.000166305878	0.001183881662	0.000654932293
188772	-0.001790036812	-0.012891177651	-0.005018107406
206279	0.016489952068	0.001165539905	-0.002593621752
241011	0.012925178629	0.005637484383	0.000893000028
190531	-0.003628621346	0.000201984463	-0.003378817132
153532	-0.004848115047	0.001499905283	0.00014988401
534228	-0.000924021825	-0.009152822327	-0.005866884284
351947	-0.002314047374	-0.006623280936	-0.013258175406
97049	-0.005287359204	0.016062231578	-0.002109925059
151254	0.005319327767	0.010609744448	0.007153226532
152276	0.012322827221	-0.005545250626	-0.009137884824
558023	0.029355575586	0.029687240721	0.019850685342
241123	0.0203376764	0.006204873565	0.014279295071
346774	0.009060493969	-0.004440475096	-0.00028889895
534616	0.00616832606	0.021925427308	0.008904804562
228372	0.018082280232	0.029147419937	0.014196979008
224117	0.012376488054	-0.009972856335	-0.003220563616
224770	0.00463360909	-0.006029516303	-0.002596364281
203786	0.003909533738	-0.010985345305	-0.006368518305
320104	0.003359171759	-0.011186603385	-0.005439033255
348170	0.006308536933	0.001157392537	0.000961397561
246967	0.006413513845	-0.001126667143	-0.002276051712
2649	-0.002069598577	-0.00131624184	0.001632362544
268113	-0.00275557939	-0.004328138703	-0.003462307683
2648	-0.003503086117	0.001802939558	0.000604982836
536800	0.003089949556	-0.00270193925	0.00160283586
570489	-0.007500665978	-0.008204852304	-0.003417108278
255558	0.001748340029	-0.002761614572	0.00155635288
251756	-9.5256195e-05	-0.000250656095	0.000419174292
164768	-0.000368816759	-0.001413891187	0.001667890926
161044	6.1725795e-05	-0.000467730482	-0.002059477669
571736	0.002218728527	-0.001628857004	0.000891418346
160290	-0.00714246822	0.000891261554	-0.001365698381
25315	-0.005754549944	-0.005523202351	-0.004067049136
217425	-0.003507516132	-0.00506956325	-0.006354533945
144037	0.001448159497	0.002067073752	0.000423432354
558716	0.002571728819	0.000701220758	0.001839806814
523998	-0.000292907195	-0.002053403242	0.002172549883
31738	-0.004422166696	-0.005231772282	-0.001141997818
581301	-0.001042721599	-0.002054775873	-0.004083087326
171914	0.001272161474	-0.002627869567	0.002920784894
158348	-0.000738976174	0.000197854193	0.000162421593
378810	0.000348184852	-8.457981e-06	-0.000102788235
346244	-0.002315610152	-0.000255308207	0.001525861783
583042	-0.003049835292	-0.005715478775	-0.003869508967
273907	0.004273165921	0.004530723309	0.004208907143
162879	-0.005265802184	-0.008351620775	-0.003907064129
343475	-0.000445684854	0.001621988341	-0.002115454216
104828	-0.008475520871	0.004702206419	-0.013687755263
234454	-0.00826683146	0.001722598239	-0.008782182575
589064	-0.005681307158	0.008096618299	-0.00774145693
68979	-0.022340825848	0.017872807869	-0.020739556496
228198	-0.00331455007	0.004413001024	-0.003845085304
591182	-0.02756451025	0.025340307064	-0.018164179479
101444	-0.024725966843	0.036825537465	-0.009791040694
137211	-0.004438222108	0.005392001684	-0.004621752526
553223	-0.00020815603	0.000289097687	-0.000440670757
147332	-0.003107137461	0.003206258444	0.000328346222
298891	-0.007960222161	0.003741854601	0.000929504424
380491	0.001553313396	-0.002674639413	0.000610134024
260458	-0.007205621953	0.004052829581	-2.5759653e-05
365101	-0.004730351187	0.004632311604	-0.001281172957
263628	-2.611289e-05	-0.000549592146	-0.000566803937
114526	-0.000657236185	0.000183471564	0.000532187295
282134	-0.003393255246	-0.003022734081	-0.002693459086
344057	-0.006296971605	0.003100922462	-0.001183744327
94705	0.000320264631	-0.000990141659	-0.000540335245
1422	-0.001780994789	-0.002406633002	-0.002353174168
138843	-0.005713819949	0.002513091527	0.000650638229
516998	0.002089114916	-0.003967459982	0.00096325316
562787	0.001265186622	-0.000522762979	-0.000894413512
266995	-0.004905085084	0.001948801331	0.000684074151
86556	0.002352834039	-0.000743918102	-0.000118680877
268400	0.004180783189	-0.003372499374	0.000583178072
350334	-0.001376288841	0.001160519621	-0.000632059
259192	-0.006139437025	-0.004374733193	-0.006334367164
240890	-0.008309034539	0.003791761201	0.000811299223
237047	-0.005649787059	0.003331254744	-0.001912848022
219973	-0.010550765023	-0.004974634073	-0.008323227102
114146	-0.012762183238	0.005988374396	0.000925233181
560811	-0.005364886819	0.003505643881	-0.002153344392
112960	0.011856567213	-0.004547925575	-0.003781792665
250371	0.004634105864	-0.000995788907	-0.002769321078
112876	0.002594743357	-0.000426611478	-0.002848985805
514316	0.005973480887	-0.000834899878	-0.006000871585
113293	-0.004820338162	0.002728199006	-0.001639381728
113699	0.002432856563	-0.00134336924	-0.000297166334
249948	-0.005664871027	0.002305929385	0.001363316953
240654	-0.005424845387	0.002232569598	0.000888209969
247730	0.00280028418	-0.001066334563	-0.000997511111
89632	0.004394403218	-0.005277859789	-0.005531173151
518957	0.002904925337	-0.00623804119	-0.003538992536
412782	-0.000626813072	-0.005813981368	-0.002455286384
511514	0.001775098465	-0.011742850419	-0.008246348861
111580	-1.9620309e-05	-0.00913613728	-0.007300860708
246196	-0.009962174586	0.005237589502	0.001040369358
227543	-0.003312812867	0.001505939751	0.000556497896
573327	-0.003621248536	0.003011147042	-0.001997405755
105839	0.017212310665	0.00998297345	-0.003381640659
156895	0.008754476568	-0.006646359102	-0.004883739099
362018	0.003380448029	0.025984944558	0.012511973284
207957	0.006309534595	0.015051642762	0.003805741202
572428	0.027335496119	0.014688487226	0.008410831185
234041	0.004664054851	0.010091468895	0.004502403261
278836	-0.001381358472	-0.002705163775	-0.001920891406
243247	0.00249831467	0.001563874239	6.0338275e-05
336034	0.013871653941	0.002665787439	0.00347152453
81623	0.006103586574	0.006919241752	0.004568121204
142105	0.008432201997	0.001963276227	0.005533833008
76374	0.009241446484	0.002557247202	0.002844864549
590202	-0.001380884667	0.001460709808	-0.002426608303
593891	0.028925429639	-0.005923784903	-0.00235043537
152039	0.011183900521	-0.003609756546	-0.003322683281
567077	0.002466952189	-0.000348208354	-0.002891108743
316787	-0.005979709356	0.003298260062	0.000285166207
591271	-0.000690460695	0.000981030374	-1.5863911e-05
81666	0.001259572371	-0.012004363134	-0.006097612063
265561	0.005508728592	-0.004819037081	-0.006359489369
113777	0.003448971806	0.005606885718	0.003474252041
565312	0.002173137831	-0.00424412034	-0.005389859543
211950	0.003142747382	0.001038745823	0.000357148168
112987	0.006646199973	-0.00311913988	-0.000922735188
366191	-0.000448247053	0.001272933086	-0.001891117264
557467	0.007645793918	-0.002084874981	-0.00200562578
329566	-0.015088379416	0.001865404196	-0.00230326072
105000	-0.004211408113	0.002766629105	0.000489284868
111803	0.01124076193	-0.008743927526	-0.004471407174
263767	0.009893442571	-0.003299211174	-0.003538221264
551366	-0.009613878096	0.00419908881	-0.002082118013
360530	-0.002302611984	-0.003887209757	-0.003390367399
384470	-0.00805467111	0.003641438013	0.00060216293
379634	0.00114441639	-0.000430396797	-0.001150837204
325203	0.008113247105	-0.0060331514	-0.013781933288
225306	-0.006223330006	0.003233036244	-0.0003802664
384373	-0.006003066562	-0.002562309305	-0.002834847719
136683	-0.00765328895	0.00424691985	-0.000246748254
114101	-0.00824111336	-0.000528428064	-0.002184573215
166488	-0.002358417942	0.005616673431	0.001696536688
243927	0.000994637804	-0.006303496375	-0.002585979113
308062	0.002317172843	-0.000235336831	-0.002106817938
75389	0.012720773046	-0.009145638912	-0.00649834649
246796	-0.005549843406	0.00042284318	-0.003113616042
219707	0.001378219874	-0.005819190816	-0.005139966122
249854	0.001141410961	0.000383102615	-0.002521959964
343097	0.008054719217	-0.002887162417	-0.002893468583
79189	-0.000704186621	-0.01433218173	-0.009147100313
336425	-0.000648257702	0.005089795762	0.001379456664
580291	0.001808044808	0.000399055487	-0.001076615853
219517	0.013798445265	-0.003961911909	-0.005966878044
245557	0.007846249078	-0.006214377589	-0.007417568953
360943	-0.000413494384	-0.00269831585	-0.003788845603
172879	-0.009842712703	-0.002775575832	-0.0041811876
138605	-0.000398960899	-0.000911572693	-0.00094188244
79951	-0.008196432773	-0.001762442391	-0.002292423103
524341	0.006937784811	-0.002448886389	-0.012047128495
586438	-0.002131550883	-0.003490006518	-0.002639012817
205008	0.00036186884	-0.010633820692	-0.009793400192
314599	-0.002870429654	-0.010716254358	-0.004786555325
232442	0.005665320271	0.009003674305	0.004984312596
114629	-0.006137801016	0.005246819509	0.001235638593
558730	-0.005712266817	-0.005684861877	-0.006997640646
580796	-8.5827509e-05	-0.006449067908	-0.004800314423
252798	-0.003736018333	0.01623619901	0.011123285711
93508	0.011482143967	-0.010999381175	-0.008461133519
360637	0.022540781847	-0.008277894187	-0.012927067539
339480	-0.009493202598	-0.001140278249	-0.001986373594
249280	0.007164197798	-0.006194673755	-0.006875724414
75259	-0.012255850555	0.003832502582	0.000167750546
90194	-0.009333730596	-0.009190540354	-0.006597701588
279650	-0.003990865909	-0.005773328583	-0.003513014196
355297	0.004136278737	0.007768436376	0.004852227581
321448	-0.000534651178	0.000386112888	-0.001457912821
113192	-0.002427416738	-0.006329559492	-0.003777289552
586289	-0.013287383759	0.006262410556	0.001031061341
93741	-0.008306178168	0.003624179204	0.000502047541
113201	-0.010328960529	0.004699198178	0.000672288396
332252	-0.008388451866	0.003116997024	0.002110065375
588995	-0.0106006391	0.004860536111	0.000489680988
240326	-0.00601151851	0.002692384713	0.000813000115
208663	-0.006012678754	0.00188033292	0.001571480005
113023	0.013918304943	-0.005901358186	-0.005828411434
569321	0.001210616004	-0.005172212245	-0.007538415521
182109	-0.004796070545	0.002410947732	-0.00093115254
304950	-0.005318203744	-0.004181960931	0.002384715092
277812	-0.00403045716	-0.004329511029	-0.00225687593
542631	-0.002044489435	-0.005087792433	-0.002138129726
160916	-0.00059145052	-0.000124806682	0.000163043682
589761	-0.000352253544	-0.002186679174	0.002897055416
565653	0.001230326088	-0.002001797315	0.001854034734
583339	-0.002517003473	-0.004907029971	-0.003921046997
277923	-0.000739094355	-0.002959456767	0.003989990295
530814	-0.003798919815	-0.005121532298	-0.002597205909
533069	-0.000271892314	-0.008394667908	-0.000926575112
276624	-0.008098663635	-0.009823001341	-0.003345379847
279648	-0.000497887387	-0.000524430617	1.4575617e-05
147735	-0.00683969099	0.00084398685	-0.004684159965
113624	0.007411300877	-0.00219833293	-0.006197851239
254895	0.00615748324	-0.002492230264	-0.002470327322
443417	0.014429872416	-0.005903962599	-0.003968842684
113279	-0.012562511267	0.005884190683	0.000884999182
113420	-0.001484117111	0.000778462377	-0.000317003615
288106	-0.006336026734	0.002723130291	0.000888438737
292815	-0.010234019597	0.004601497327	0.001236905747
329327	0.004439345306	-0.001483062649	-0.0028910733
293363	-0.00611076965	0.002617052257	0.000704208024
585039	-0.000509979784	-6.073018e-06	0.000550404229
547995	0.003830218542	-0.001070978507	-0.002643031998
266522	0.011272652835	-0.013381903557	-0.009568551373
238623	-0.005875076747	0.004593927721	-0.00184654312
243874	0.0051289278	-0.001420967669	-0.002563098071
347997	0.006250544082	-0.006176706519	-0.001754565801
105224	0.00818924333	0.012848671879	0.008249747583
208727	0.000763238174	-0.010057719104	-0.005927844579
350305	-0.001412635049	-0.000486974574	0.00121348284
65675	0.000484734291	-0.005556316773	-0.006059105927
50582	0.001973385557	0.003856973095	0.002282264863
162674	-0.004430976648	-0.008171600877	-0.004261311162
29910	-0.004109736116	-0.007331045093	-0.006341289026
259809	-0.005896246877	-5.6281406e-05	-0.000718955935
586450	-0.001974888988	-0.003944008139	-0.003201382626
242950	0.003202561914	-0.00016568495	-0.002597274496
591098	0.000707752564	0.001041959028	0.000175593259
226370	0.000438851775	-0.00414924009	-0.001267580603
304435	0.016318943607	0.027482714845	0.01383195181
152020	0.009613170574	0.014089691897	0.00742189827
377046	0.002287635267	0.004220370602	0.002389843528
542476	0.00151266473	-0.001977600555	-0.001460235924
218039	0.007073899359	0.01262735974	0.007944817273
251942	0.004861477493	0.006471089713	0.004785833625
238907	0.007421424794	0.012728919598	0.007726489607
134526	0.00535033106	0.028762283353	0.00757755751
276838	0.003767817825	0.007132092237	0.004325052407
535000	0.014582350516	0.035470098936	0.010565174518
73076	0.005577945648	0.02182152993	0.004777228582
553953	0.009702055645	0.011850459831	0.010620991395
271962	0.005799287437	0.009127565618	0.006687783777
53679	-0.00243829994	-0.004588957348	-0.0032456713
89676	0.00933263278	0.029484796632	0.016115767155
199167	-0.000871142712	-0.009508417955	-0.005176471428
241732	-0.006956267707	-0.004502096848	-0.002697673872
60591	0.01129636175	-0.005818146707	-0.001591563633
260316	-0.003883987402	0.000210575494	-0.000504836969
94589	-0.001133574943	-0.002973453699	-0.001426039353
249817	0.001378932848	-0.006418709429	-0.00310974542
239492	-0.004604032434	-0.005096119982	-0.003223830792
256432	0.012268624015	-0.010741221963	-0.006038473849
531378	0.010827832828	-0.011243921684	-0.007766568455
248280	0.005202374455	-0.008797949693	-0.003259560319
509120	0.020705002871	0.000966925879	0.000598101529
176150	0.000842466146	-0.004423294007	-0.001918764761
576679	-0.014278942389	-0.004412490121	-0.00548278464
312378	0.020815520098	-0.00437982385	-0.007604471801
218152	0.011232603589	-0.001213667902	2.6145961e-05
220050	-0.003983138665	0.003651513196	-0.001221261069
114382	-0.001182108456	0.000647708271	0.000516922783
276586	0.009937872286	-0.000212861134	-0.005823613584
312923	0.004365565623	-0.001276860291	-0.002250817181
236940	0.023607473771	-0.001960379806	-0.000999829526
330280	-0.000263576013	0.001248175763	-0.001834303695
261165	-0.004093879602	-0.008872182931	-0.005962799816
578422	0.004590241504	0.005169307181	0.004773784221
538794	0.008358800683	0.01371919016	0.008838184943
257902	0.007001873576	0.011649879492	0.007025305237
75874	0.004135218599	0.006938925109	0.004180031216
514003	0.008888004141	0.010711502237	0.006914328896
261386	-0.000585619037	-0.001494745101	-0.001398752521
328957	0.002860074619	-0.006775087168	-0.006099720975
250861	0.004521105161	-0.008323827922	-0.006956077794
546975	0.006035067142	-0.009488408965	-0.007994909403
306921	0.037560676426	-0.003985894684	0.005814841939
213599	0.029205741435	-0.001389996112	-0.000888372559
240574	-0.004113893548	0.001549961467	0.00060692773
208694	0.028125554009	-0.01391175832	-0.009928036025
278272	0.025249140135	-0.021620577778	-0.013966937037
579647	0.011968001092	-0.004565965857	-0.003252481862
253427	-0.010454659173	-0.000859788759	-0.00153308261
250822	0.002690488141	-0.000195321084	-0.002861108801
578068	0.01859593345	-0.005243010508	-0.004063007242
237286	0.016145860654	-0.005227465859	-0.006770347715
255269	0.004093471183	-0.004915566013	-0.004788807072
254851	-0.000404219723	-0.00694159812	-0.004285048934
200479	0.008738306285	0.002777754252	0.001467919801
341275	0.025356741425	0.013783306263	0.011835990258
304627	0.009031014882	-0.003447982228	-0.00360238417
142005	0.021228440083	0.003434989353	0.005130574109
211684	0.006814107094	-0.005869975598	-0.002570686975
254041	0.000961722011	-0.004809703689	-0.002185856964
570191	0.01036222267	0.001204561061	-0.000766260041
578362	0.007176643304	-0.010863410776	-0.006978606712
587792	0.004372149563	-0.001730006496	-0.000493499187
512598	0.000761734346	0.005112719965	-0.002038621022
535721	0.028188045412	-0.008986855879	-0.003899081031
156857	-0.001926024405	-0.003818544985	-0.002333207911
539120	0.001117993503	-0.009448709984	-0.004554410847
175459	0.003217537611	0.007935826853	-0.005421429221
555684	0.011048405257	-0.002896316139	-0.003088002771
237962	0.023548188849	0.002449316357	-0.004145271323
317166	0.007546205496	-0.002462986752	-0.002699017081
537397	-0.002015760121	-0.006195258103	-0.003967727258
509823	0.007381353676	0.014069292214	0.00920298502
359433	0.006333377178	0.031164734835	0.016358972214
254954	-6.4283861e-05	0.010324507706	0.009087317749
195246	0.001642424305	-0.000216341829	-0.001997403395
337205	-0.001771115072	-0.006421410286	-0.002295589698
95448	-0.002134901779	-0.004377197878	-0.003317274897
234743	0.003968366395	0.006042556365	0.003274815778
550406	0.011816488843	0.00670481323	0.006624241273
511538	0.01072089131	-0.001884897067	-0.004725568271
541146	0.001729554879	-0.007386424495	-0.008950318443
321058	0.011568749352	-0.003430196651	-0.000795065974
224143	0.015490533646	-0.00724271201	-0.005445536481
156808	0.012570282406	-0.008457733757	-0.007257083064
584106	0.008115361329	0.009117604402	0.00804833713
325556	-0.001735192505	0.000185856182	0.000844391869
136924	-0.008600477347	0.004755844536	-0.001289275208
353698	0.009998979492	-0.009976055766	-0.006156172385
584482	-0.001239331407	-0.005181296494	-0.003485061492
558300	0.009899546647	-0.007066974734	-0.006747888987
255794	-0.011829225318	-0.004869772135	-0.003610628149
566535	0.003635141542	-0.004945058461	-0.004545493919
195316	0.010647615595	-0.001416551596	-0.002201300229
590747	-0.0033821793	-0.009602745013	-0.006150565749
1745	0.01208080586	-0.016833144262	-0.010255197841
247203	0.006050125959	-0.001720405556	-0.003011460943
36828	0.003578780736	-0.008961288287	-0.003975407173
588240	0.004786415564	-0.001958911514	-0.000329417463
347625	-0.008886979482	-0.001713314054	-0.002099142281
367606	0.008145551073	-0.006539879278	-0.00591423316
315631	0.004496384324	-0.001275271693	-0.002761554509
573607	0.019843837214	-0.011163146622	-0.011658916949
307883	0.006700901552	-0.002987803789	-0.000288633048
533587	0.01568195208	-0.014597080192	-0.009267304297
364090	0.007695717997	-0.01194115833	-0.004720337136
256992	0.002881364778	-0.006251677711	-0.003089147226
205994	0.017440436703	-0.015081256259	-0.01390024726
277931	0.029236460601	-0.013162421738	-0.007832835344
537483	0.013638170382	-0.013899617272	-0.007150380435
509431	0.010343541623	-0.014076930482	-0.013124308966
306532	0.020955836921	-0.013769779171	-0.010556857202
328633	0.013215274629	-0.005503592161	-0.003889060315
584174	0.012413705207	-0.010776648535	-0.00430916926
590565	0.017126566835	-0.007329043717	-0.004297515322
340198	0.010688062802	-0.004218675948	-0.004120594913
3686	0.00520050029	-0.001802582401	-0.003390782249
587975	0.01342193742	-0.016984957753	-0.012647289213
112292	0.008129078608	-0.013989575776	-0.007164558615
113626	0.024582860802	-0.013634719191	-0.010764241821
152150	-0.002698817853	0.00231058234	-0.002756180683
254353	0.009936065424	-0.003725517884	-0.00505723148
509991	-0.000723519557	0.001437567619	-0.002746471902
223948	0.004771334427	-0.001885459468	-0.000479375698
279384	-0.001807334803	0.00122547124	-0.001401036426
549105	0.003294379446	-6.2155613e-05	-0.00318273634
260501	0.005121691027	-0.001516541244	-0.002961511618
238020	0.013090165177	-0.009082840714	-0.006877839243
151008	0.001999941111	-0.000825310149	-0.000613158385
242304	0.020695088612	-0.012327233812	-0.004661013347
593400	0.00399563657	-0.001669654533	-0.003382085702
580740	-0.000640063228	0.000447831605	0.000477060694
562772	0.033211621866	-0.006157223582	0.001886886554
130368	0.03606490727	-0.003842159232	0.005573586548
590533	0.007189749704	0.023436806051	0.006919186129
239226	0.005405860549	0.002945961645	-0.001731232548
130135	0.026942971494	0.013073361559	0.010410308676
1749	0.001309689512	-0.00410815077	-0.006412430563
193738	0.031346226751	0.001571962939	-0.001543229433
160452	0.003900214125	-0.006930190006	-0.003647130021
340207	0.002002129474	-0.001019403289	-0.00055641141
352078	0.000981116608	0.000600932689	-0.001429742579
113117	-0.008076293894	0.004051517355	0.00019016415
532693	-0.01061900277	0.004985588036	0.001415600244
252860	-0.001348502946	0.001247349632	-0.001118101976
546388	-0.005165346047	0.001709706204	0.002760439987
244149	-0.003641439796	0.001715706207	0.000553066092
228891	0.009532663012	-0.005094891405	-0.008406318307
164562	0.01769455624	-0.015250784198	-0.006902929009
141698	0.016497063319	-0.011479245728	-0.007067782646
238914	0.011161427795	-0.004129391515	-0.004802960501
103211	0.001832391458	-0.000335892252	-0.001237734252
240332	0.016896850277	-0.009725852638	-0.006892377456
254706	0.006216528136	-0.000400603855	-0.00056044979
213767	0.01381481126	-0.006486961436	-0.007891998953
512304	0.01023701826	-0.005247825552	-0.002006457222
104872	0.009144390735	-0.001952404214	-0.006179851309
509916	0.001865993026	-0.006152646347	-0.003559818861
216444	-0.007852920889	0.003012379102	0.000400818057
218151	0.010275169237	-0.008577822476	-0.005429179205
256444	0.010036765245	-0.002538861826	-0.005782668955
247010	0.024210762823	-0.017315195457	-0.00421440682
220006	0.018754997933	-0.004781444003	-0.011503503948
1791	0.01803601488	-0.005230325517	-0.008718645417
576793	0.015569300972	-0.011474376976	-0.009421230414
78630	-0.007064711301	0.004431797199	-0.00228563889
327784	0.018043828225	-0.005784465198	-0.006819056303
336301	-0.002575046141	0.002175452396	-0.001891435165
357085	-0.009069294413	-0.00821284086	-0.00597926197
258006	-0.004933794285	-0.000785024777	-0.001668377269
250719	-0.012489370193	-0.001719459981	-0.006398281301
314978	0.000125595817	0.000105250767	0.0004018671
136325	-0.002146207091	-0.004936422596	-0.002342741941
253420	0.004918721625	-0.00218803665	-8.6285933e-05
214023	-0.001967765746	0.002844127807	-0.003202360506
582008	0.000822925122	-0.01104760438	-0.007833651388
355815	-0.005459044578	-0.0082450874	-0.004757364211
252725	-0.003431481049	0.001206948457	0.000821098435
155327	0.021839899456	-0.012537388714	-0.007224592354
240236	-0.002324326476	0.002359782875	-0.002084401373
224515	-0.006381929641	-0.002705342591	-0.002397762778
155408	0.005784046086	-0.005453745808	-0.008404593045
556931	-0.001477365129	-0.008376379825	-0.004242603319
215656	-0.009156212421	-0.001352060532	-0.002185988885
241044	0.008002925065	-0.002380991325	-0.006198341684
560258	0.016672218487	-0.004956763998	-0.005714027941
277804	0.008198151945	-0.008897179849	-0.00664579293
286989	0.014689112547	-0.011480229844	-0.005779616365
533525	0.023827004515	-0.004176970866	-0.000558427945
212760	0.011455632358	-0.006864409531	-0.003721829195
235270	0.026037714303	-0.000591174159	-0.001479794053
215337	-0.003505125512	-0.003994162753	-0.006086201576
539070	0.017556562519	-0.007531173144	-0.005098157849
221964	0.010019571054	-0.015528822594	-0.005414794864
215700	0.020907992789	-0.011407044299	0.001814068141
226137	0.009815317582	-0.013150954035	-0.008717552217
109694	0.008546258262	-0.009564551756	-0.005237463202
250258	0.020678795415	-0.016960981797	-0.005050980675
535450	0.005079408032	-0.003421886312	-0.003770144784
152830	0.022054932833	-0.014733257126	-0.00508720702
557465	0.010155740172	-0.010762742061	-0.005041277333
564102	0.005353762526	-0.002476191567	-0.000412470099
143307	0.006178382662	-0.008111466927	-0.005746302684
267261	-0.004170901874	-0.006735535169	-0.00422655442
590862	-0.000576700258	-0.009134970626	-0.004719934777
223904	0.002548381056	-0.006088209693	-0.005222855938
159436	0.001259344299	-0.008609244563	-0.004988241097
250674	0.005078220323	-0.013553432576	-0.003349685249
246248	0.001742848725	-0.000156624759	-0.002427302742
531776	0.006244862198	-0.012505712807	-0.0082773771
204592	0.022948101662	-0.015826173354	-0.006762064201
217472	0.015976917129	-0.010081940042	-0.012029157053
253054	0.014862419572	-0.009550873622	-0.00989482322
151613	0.001520239985	-0.004447329945	-0.003071653367
222151	0.001560836827	-0.000881100618	0.000299176146
559379	0.000350114161	-0.004687844537	-0.005875871081
212239	0.002251304603	-0.008326813359	-0.003039680721
238879	-0.004946671609	0.002806514099	-0.001579514733
239649	-0.006717796159	0.001852049504	0.00045843052
347619	0.003358958612	-0.001575929651	-0.003209792342
278437	0.01245348635	-0.009190011433	-0.003673998679
513331	0.016828778859	-0.01843927504	-0.007236769928
335716	-0.000360788015	0.001432120599	-0.002924346735
546864	0.007218192098	-0.007805354608	-0.004926146747
545180	0.001238162508	-0.005201183476	-0.002269078941
45591	0.002165087147	-0.004718363768	-0.004128536191
3730	0.013150901987	-0.003454496737	-0.006654789065
328245	0.014905825191	-0.008056094911	-0.006721091224
136280	-0.001105406407	0.001136283656	-0.000740111686
150977	0.003554194653	-0.000858855035	-0.002666278913
160987	0.016515813033	-0.01448548443	-0.007819912027
221248	-0.006023212497	0.001404964365	0.000531602829
39070	-0.002511803354	0.001591727152	-0.001687172509
245829	0.000872012809	-0.001181589133	-0.000148415486
154418	0.003534018714	-0.000887227568	-0.002304360508
534348	0.018389434899	-0.01061747584	-0.006403236867
28064	0.005701004386	-0.006373406829	-0.004743321133
225706	0.006950691401	-0.002426493902	-0.00283776402
112721	0.012532816486	-0.00648392387	-0.001574730286
563496	0.001634619795	-0.007132425151	-0.003014306948
41797	0.018716908366	-0.004621341945	0.001212557634
154268	0.020094264279	-0.019392384765	-0.005309509465
112964	0.00637001934	-0.002393758172	-0.002786183807
513998	0.010750856843	-0.007572142321	-0.006548685074
156545	-0.005866104635	0.004463905972	-0.002119461183
77390	0.001679429288	-0.001323516993	-0.007021914813
538729	-0.000377546255	-0.009313624744	-0.006605906381
557990	0.01833299812	-0.007324432696	-0.007998339071
182111	0.003601035219	-0.0175507518	-0.00890070645
257823	-0.004710772353	0.004958541842	-0.005147053129
309897	-0.000891132884	0.000362801989	0.000483327784
222403	0.006502683159	-0.006974467788	-0.006655571323
251273	0.005530622595	-0.00512807899	-0.00634244159
351826	0.000797967236	-0.010523895426	-0.003890090069
356511	-0.001070128193	-0.00121159948	-0.002048349798
255378	0.003318214376	-0.005966487127	-0.002215547777
294313	0.019742896578	0.004425705819	0.006119027961
145786	0.029074844451	-0.007452401131	-0.005498428149
531025	0.026310373916	0.000142558963	-0.000676774478
277770	0.012963630113	-0.015968524175	-0.008144912303
278816	-0.001342452108	-0.003757671043	-0.005424898033
543955	-0.001106051755	-0.005228411003	-0.002695539272
111986	0.016210947379	-0.0169601694	-0.00881213421
154230	0.022200623588	-0.017306844571	-0.009383957989
575937	0.021284920179	-0.023434455919	-0.008393035129
291945	0.009238118267	-0.002784385329	-0.005157250361
552854	0.017064908868	-0.01863849252	-0.007602132351
512197	0.011613954153	-0.002292273119	-0.006773624098
154494	0.004408215538	-0.003412826979	-6.6497548e-05
570222	-0.001140032181	0.001348245597	-0.000671246878
153294	0.001400638267	-0.003549381511	-0.004452883032
221695	0.012458441492	-0.005478359558	-0.008073741533
220721	0.006746611469	-0.008735615199	-0.004474575212
113959	0.029733087428	-0.01018424347	-0.003718337345
113921	0.013611970359	-0.011368784726	-0.015470528826
136445	0.011305998783	-0.000979245043	-0.000956233823
243138	0.006474301784	-0.001394174856	-0.002955325611
218646	0.008478868655	-0.003904194263	-0.000367502267
510555	0.003137739441	0.00037981247	-0.004203207812
254817	-0.002275151162	-0.009023285124	-0.004635985502
248716	0.009660505326	-0.018858677161	-0.009228956985
245527	-0.006767272542	-0.003072937549	-0.002261536316
215113	0.017774953919	-0.011740893646	-0.010886051039
216553	0.009597780744	-0.01497230354	-0.0067731632
227524	0.015028997116	-0.009200688355	-0.010867019933
331724	0.002493107524	0.001205912617	-0.003627882566
153165	0.014129514093	-0.006727300824	-0.008754118992
211129	-0.00083527208	-0.005626442982	-0.003428050713
244025	-0.006979094399	0.00288372628	0.001598381767
548651	-0.004202059883	-0.007628819737	-0.005416920741
236707	0.007381043594	-0.006300474395	-0.005685788682
565514	-0.011323632707	0.005082671055	0.001323296118
161093	-0.010474592424	0.003595421815	0.001557625967
347057	-0.008781408341	-0.002097520858	-0.0013908618
222528	0.012284673822	-0.01977705361	-0.011551079517
113257	-0.004426411894	0.002161034798	0.000630849035
212863	0.004007285326	-0.000613331531	-0.003300995865
246947	0.011534646609	-0.008510517908	-0.010330285183
513426	-0.009718773703	0.004867800311	0.001164963374
255838	0.015788194961	-0.020442346079	-0.011198086885
138920	0.000989157302	-0.006125783708	-0.002878940243
16412	0.008256864421	-0.009912742331	-0.003768602534
540569	0.004691213225	-0.01038441078	-0.004607917379
534995	0.005106428822	-0.014195559748	-0.003204866615
114356	0.005351130132	-0.010192234723	-0.00382752134
536567	0.001202441521	-0.005563230304	-0.005378670341
279613	0.01017314682	-0.010928860621	-0.009180376092
113763	0.00269033623	-0.002152103535	-0.005144874406
239344	0.0036077003	-0.000997804092	-0.000911699063
113212	0.017573927296	-0.017118534003	-0.003724122821
203969	0.005411712103	-0.009437718178	-0.003525819273
153350	0.003590089245	-0.01047373424	-0.004096345456
70614	0.007290718636	-0.00585979471	-0.006744691288
224300	0.014105965566	-0.011039357355	-0.00413963826
255186	0.002863797659	-0.008269762233	-0.005529138793
156635	0.007093300235	-0.008948739002	-0.007142097107
212596	0.012097443114	-0.011119486748	-0.006412491875
210872	0.005892983133	-0.014893122246	-0.010172907269
328506	0.014569041347	-0.007090641746	-0.007455669735
248865	3.016469e-06	-0.005706244679	-0.004596368477
279297	0.031797330515	-0.013285613162	0.006297239725
151018	0.020664381174	-0.01436327948	-0.007244884848
154822	0.026883645642	-0.019415227788	-0.000833032817
204462	0.018457276865	-0.006924926719	-0.007922309869
563862	0.006004374979	-0.015404107985	-0.00089858685
245411	0.017938880325	-0.021656432386	-0.013268612847
255584	0.022333230218	-0.006890719169	-0.01347042128
36155	0.025927359216	-0.013903262571	0.01608148073
254235	0.016671620266	0.000771996236	-0.003233055225
557785	0.028654803435	-0.015049969587	0.000461028966
549552	0.025854728814	-0.012574584826	-0.004073933729
156700	-0.004809130441	0.00212054881	0.000184809339
320175	-0.000196467085	-0.008631727979	-0.007519066101
577299	0.006927530382	-0.006739640313	-0.003663418026
78648	0.014959158939	-0.011622682019	-0.01778527805
547632	0.022834919499	-0.016779698504	-0.010379340463
156406	0.000902550202	-0.013448210264	-0.010687275545
156650	0.008452810216	-0.007294533654	-0.003562751972
575745	0.005787273367	-0.001984987652	-0.002967999214
316355	-0.004600795669	-0.00250366556	-0.00198103783
209523	0.006790802649	0.000168715391	-0.001862698911
580473	-0.004788926919	-0.009244769194	-0.00550446779
579143	-0.002011170978	-0.005172333619	-0.003251024826
110461	-0.012264566853	-0.001161573452	-0.006716716711
137789	-0.00976427113	-0.001120779071	-0.002724860314
247573	0.003068584865	-0.001538704915	-0.000795255194
553759	0.005792243944	-0.00143824906	-0.004549984556
240983	0.002405124306	0.004029630864	-0.01035398118
257077	-0.009820813766	-0.001363876266	-0.002441550393
161914	0.008237678283	0.014616531725	0.005349211856
562807	0.014130810932	0.002923674978	-0.00025807943
519245	-0.004127528415	0.00192240218	-0.000138286545
138346	-0.006920043466	3.6467603e-05	-0.002686099668
245809	-0.001162259088	0.001362469258	-0.002650068671
250526	-0.000288197498	0.002367492472	-0.003756442906
572184	0.011020648872	-0.002036146104	-0.007778156951
112776	0.002589363254	-0.001291595898	-0.001036718597
390023	-0.006580407396	0.003192440707	0.000102482154
287625	0.014923044458	-0.01555926573	-0.011497144711
204384	-0.005848515167	0.003000432052	0.000103782283
356083	0.019739941223	-0.01790124067	-0.013177365714
589802	0.007702712349	0.003886111407	-0.006625938559
136281	-0.006910415626	-0.006586867597	-0.004831066412
60816	-0.002704494368	-0.00586153924	-0.00412667865
154141	0.000808316644	-0.002027412142	-0.000383185486
3677	0.005250754267	0.009776365866	0.005706106475
106955	-0.008581570167	0.000728234149	-0.000702679037
564318	0.0023877947	0.003932047411	0.002310751623
220379	-0.001061443601	-0.000103644923	0.001067650993
566933	-0.00861871416	-0.00340371367	-0.003208895965
553792	-0.008838732358	0.001852697894	-0.001032286954
110208	-0.006201552799	-0.002332929462	-0.002416690246
145554	-0.0024900402	-0.004991139594	-0.003740153624
66935	0.002818454879	0.016867989469	0.006312248082
155976	-0.003331190449	0.001064132391	-0.000136784042
322588	-0.003103658506	0.001706234735	0.000388610244
272782	-0.001911890971	0.011336034899	0.006886310715
254383	0.013434439062	-0.008233495646	-0.0105349785
152545	-0.001427192895	-0.011159821854	-0.005521482226
156065	0.013893543472	-0.014257837835	-0.010668595019
241718	0.001897321452	-0.007604938693	-0.007982457814
541300	0.004201254378	-0.003085095802	-0.010674684109
513782	0.004731796749	-0.006156633688	-0.002797750206
160412	0.009185999441	-0.002496871959	-0.005953148913
26745	0.002056082085	-0.007494383031	-0.003924007529
145959	-0.00548497128	-0.009436347633	-0.005083981945
263285	-0.005944395514	0.002136133596	-0.000640864538
105453	0.00361441243	-0.010924332761	-0.006895273914
579706	0.005127804523	-0.008268112578	-0.006496858959
534479	0.015249951901	-0.009321681082	-0.005903058929
250451	-0.007318536174	-0.001936820664	-0.002671780943
277701	0.009688174051	-0.004423346505	-0.001740292202
217695	0.006343463659	-0.007862628251	-0.001547540271
237058	-0.001536897832	-0.009860557684	-0.008637900253
541524	0.015354628718	-0.010677524763	-0.005320756946
532631	0.008728202175	-0.007225329542	-0.005626358211
257240	0.012388737792	-0.011723098363	-0.00546167979
231211	-0.002002123421	-0.009147650092	-0.004668318569
279571	0.021952356212	-0.00916930911	-0.003279753952
516306	0.004822077746	-0.008635949691	-0.004592247487
225571	0.009946693565	-0.002788938133	-0.005631206242
204993	0.005291884606	-0.010352934375	-0.007721791714
593316	0.010317162089	-0.009808387725	-0.009626184563
589751	0.007876462789	0.005832278162	0.006350257662
241567	-0.004847614021	-0.009247200831	-0.005887577457
540593	-0.005748024419	0.003561233063	0.001550304633
529964	0.011791312353	0.007357899908	0.006816197193
526228	-0.001452287492	-0.005817632615	-0.006269684951
154125	0.007952703992	-0.001250671012	-0.005658626139
221341	-0.0016259739	-0.007020797542	-0.004749016302
220981	0.01145743792	-0.013873678726	-0.005445107601
222843	0.006795286711	-0.009505164698	-0.003657917294
534914	0.008101695792	-0.011698614358	-0.009083431775
332934	0.015548671342	0.002199701944	0.00102709578
578443	0.004670680997	-0.000137080575	0.000582323841
242626	0.00320496834	-0.000997305799	-0.000870623248
150160	-0.006414101645	-0.005872609264	-0.003816569089
545323	-0.010057860429	-0.001231312556	-0.001934037127
110291	-0.001223880127	-0.003639919579	-0.001880831486
152363	-0.007064833525	0.000844163451	-0.001716824317
223220	0.003584796475	-0.000822521314	-0.002691585848
226313	-0.002038824066	-0.001596860205	-0.001622391427
131989	0.017828721138	-0.000555740094	-0.006986069671
215356	0.025110098166	-0.007985209182	0.001117705639
514228	0.011500282408	-0.003501085939	-0.003516983384
305083	0.006569801262	-0.008739598451	-0.008551172857
224203	0.022877633812	-0.001321491849	0.000208826078
154625	-0.004004795458	-0.007999158267	-0.005467725853
541749	0.001075102045	-0.004680311226	-0.002901720593
210615	0.01478398999	0.001264732859	-0.001300152292
141801	0.011642201967	0.005459242082	-0.004021427927
114075	0.004713928936	-0.004025031488	-0.007549154284
327098	-0.004822811234	-0.006045449024	-0.003636070734
235290	0.003363382817	-0.000662332604	-0.002234635814
135106	0.000233978669	0.000525081719	-0.000756311404
278424	0.002500315663	-0.003661328288	-0.00147261698
143592	-0.008816642782	-0.008705904548	-0.006528089126
525931	0.005456873165	-0.006252085733	-0.004129201104
551710	0.001102719632	-0.014217448501	-0.008057128418
574911	-6.198663e-05	-0.015034758968	-0.006981555444
139346	-0.010851152431	-0.008716432441	-0.006843943196
254271	0.012117385123	-0.004589018463	-0.004365408123
216341	0.000570791577	-0.010582728691	-0.005949302932
278026	0.00080962963	-0.004659240048	-0.002020342238
78832	0.004334476861	-0.013698587901	-0.006976038336
226099	0.012054231877	-0.011157101608	-0.00641486182
210677	0.008923686443	-0.007246218344	-0.009305983289
134417	0.005683108014	-0.006717275852	-0.008936934725
223529	-0.005139654363	-0.003604659268	-0.002386744782
221845	0.008882895174	-0.004496320994	-0.000349533423
204324	0.004564647361	-0.012236460831	-0.008910773548
583954	-0.000386039992	-0.004382492895	-0.005318144442
209415	0.003346959403	-0.010799058795	-0.011347668981
241307	-0.001614702533	-0.000246935632	0.00108105301
211735	-0.006541505195	0.002983451891	0.000116873187
588882	-0.002238940334	-0.003002223712	-0.002961524901
199540	-0.001267265699	-0.001787961981	0.002696225537
268134	0.002278922253	-0.001625779418	0.001115615121
272414	-0.006078424099	0.001327654608	0.002844163294
147271	-0.005849529753	0.002165477845	-0.000351423642
73852	-0.004632199368	-0.001169718784	-0.006105015614
533240	-0.000349377965	0.001155160735	-0.001753793572
77218	-0.002941443833	-0.007847740207	-0.004024114481
246440	-0.00866017788	-0.00083257357	-0.003236863322
61819	0.002816029198	-0.009668590411	-0.005480757869
204097	-0.010381155822	0.005007837599	0.000951987594
160588	0.004398671516	-0.008432527404	-0.002912784243
223271	0.016564565776	0.012649399733	0.000645985037
567564	-0.004302346349	-0.006433308871	-0.004636637511
139322	0.002917842223	-0.000283858552	-0.002630053276
105472	0.005431996025	-0.010445200697	-0.012131276318
333617	-0.004873610276	-0.003948249248	-0.007243916626
17667	-0.005541746858	-0.007168356294	-0.004816911133
582320	0.035217147466	-0.000873201706	0.005969530084
358489	0.00625714705	-0.007480670016	-0.006253212666
151725	0.026101007312	-0.017802765865	-0.003508651497
592524	-0.002351131179	-0.000163616048	0.000134072567
571433	-0.011312639738	-0.00452054173	-0.003352682139
210543	-0.00293860826	-0.001799750734	-0.001836948189
557691	0.003221234959	-0.003198172611	-0.00794013281
346716	0.014738608785	-0.008139263011	0.000390681211
567903	-0.007214241588	0.004152807965	-0.000725454749
584129	0.008969709043	-0.005915925862	0.000952689442
123625	-0.001307610434	0.000373301997	-0.000374981714
328752	0.005505691772	0.000823721941	-0.007235146268
88422	-0.001056967542	0.000389240546	-0.000681076532
162343	-0.008680726155	0.010172714895	0.004236888649
252501	0.016333945641	0.014797455946	0.002523481594
162661	-0.002958071624	0.001590476726	-0.000264578635
180033	0.00073423131	0.006618193233	0.00566920455
368658	0.01835724796	-0.00740846501	-0.005513154835
274731	0.005738304309	-0.002500051687	-0.00074379933
138750	-0.003700839221	-0.006465999136	-0.005260091231
257461	0.005443761234	-0.004342123456	-0.001481990182
343086	-0.00934565985	0.004498848907	0.000706854576
121575	0.021151491175	0.009257026571	-0.000235859114
370090	0.020860813969	-0.003245989943	-0.00751818266
556094	0.008110302747	-0.002235541967	-0.004090589053
346425	0.019065197701	-0.003200162114	-0.005274165356
592157	-0.006902820719	0.003138212767	0.000876699555
139075	0.015452163585	-0.007962750376	-0.006039875985
1807	0.007148044527	-0.007416816964	-0.006084249018
584801	0.01707261883	0.000988790154	-0.001054309315
530540	0.027148081441	-0.012483782144	-0.002677254385
576508	-0.000458700603	-0.005510904116	-0.002788735496
305400	0.003766217265	-0.00735162706	-0.003627709273
310002	-0.012885876904	-0.002851277553	-0.004338156738
89318	-0.003659217806	-0.003391235777	-0.004630558419
245895	-0.016631982535	-0.00584306319	-0.006223705181
312487	-0.006471932525	0.004183288765	-0.001862706765
557143	-0.004058163938	0.002242512346	-0.000208080389
361764	0.034555386457	-0.001603182557	0.008548430736
572799	-0.00498772881	-0.003116301405	-0.00463040266
319263	0.010790202101	-0.013087906922	-0.009351316695
249526	0.007811018942	-0.01255009925	-0.01498258484
104490	0.002885602532	0.000337862881	0.001599865989
93865	0.030876096439	-0.010107447695	-0.002038724325
138816	-0.010692713843	-0.001040059286	-0.00184358432
527683	0.032224444842	-0.009849969058	0.000732478507
333613	0.001349523855	-0.000623651689	1.7839035e-05
212676	0.005347112231	-0.002399895472	-0.000222010416
359837	-0.00450857023	0.002849398145	-0.000480633371
244670	-0.003688791685	0.000957756371	-0.000231377909
28670	0.016745800598	0.00140573093	0.000526937869
362116	0.006066233014	-0.004629184406	-0.004546000387
161103	0.012440116735	0.015131038636	0.009860079065
51476	0.007096183529	-0.004201626261	-8.2582132e-05
591433	0.021127542693	-0.001949482091	-0.005567467293
209723	0.031308935566	-0.001894843945	0.001556816993
214042	0.015735489077	0.011997736246	0.007200342497
217420	-0.002823106496	-0.000256085509	-0.000210272214
206192	0.033204926649	-0.000132041085	-0.001609234024
257702	-0.002240551512	-0.012798102294	-0.007461565624
226487	0.027005946977	0.00683292229	0.001608773174
361862	-0.005268767745	0.000608567792	-0.000465000924
592891	0.018992050889	0.00834610045	0.005811268029
586102	-0.006600758802	-0.004277075561	-0.002972039807
75044	0.018438486152	0.0059192941	0.004875235294
18847	0.021144835523	-0.010209853699	-0.006794832078
544080	-0.003018218934	-0.007523560821	-0.004265472217
247121	-0.002240763585	-0.002189761802	-0.001364132413
240630	-0.001514568052	0.011244331008	0.005912265623
510188	0.000577739267	-0.009161139324	-0.005806821039
555182	-0.006709032519	0.004661590547	-0.000618217701
534744	-0.015553181411	-0.006400852342	-0.006028759233
586374	0.002248535487	-0.007185281388	-0.006509734662
551255	-0.003178940497	0.001292696281	0.000480336306
510034	0.013493863504	-0.002741087708	-0.003510073215
251649	-0.002918508674	-0.009656860974	-0.008076059347
141140	0.008673537433	-0.005183650315	0.001309450799
364386	0.003526961392	-0.005833846864	-0.003312387913
279390	0.025083838712	0.006478967092	0.001235248794
141984	0.027711668588	0.00504573049	0.006566141821
1857	0.004724851437	-0.003055815821	3.7995359e-05
240529	0.016813087576	0.0090540816	0.006583410885
326559	-0.008556995004	-0.002950349859	-0.000791903315
362913	0.005346796066	-0.003935873588	-0.008979949418
323276	-0.014183895957	0.006822266835	0.001067594741
248203	-0.002368569755	-0.002178978659	-0.00317592909
236775	0.01596225271	0.008904371737	-0.001659918801
144789	0.00015351602	0.011941682893	0.004590424624
162113	0.007667491566	0.01084945757	0.009068766626
205244	-0.001227724383	-0.004799298635	-0.003525885907
280342	0.026473988592	-0.010866118273	-0.009129272807
221631	0.010610238535	-0.008415745593	-0.004044621885
559897	-0.006469370676	0.003078031421	0.00052627418
578528	-0.011345467943	0.005184115299	0.001428226561
240116	0.017815481507	-0.015413160706	-0.015943247081
153556	0.011757444245	-0.002888841525	-0.005926513751
1847	0.01716751142	0.003012987128	0.000194220206
128094	-0.001346345362	-0.005343157224	-0.0026961623
129976	0.008623967909	-0.007779305908	-0.009226966159
84930	0.007016463886	-0.013811592121	-0.003814929297
310755	0.004386705265	-0.005739707753	-0.003804519428
334226	0.010161990487	-0.004094192285	-0.00039421841
334500	0.015648329052	-0.007284210303	-0.002260602845
547596	0.004873735992	-0.005736720191	-0.009194105676
324678	0.014487692708	-0.013921138628	-0.008990628139
583119	0.008683046395	0.026235774168	0.00825435751
350966	0.020810680955	-0.009581109553	-0.003175764981
254729	0.010351903671	-0.008624498086	-0.012934247513
90452	0.018948787775	0.01342356709	0.002526710471
313276	0.022524997083	-0.002466308204	-0.006266197045
540282	0.018530558481	-0.021450436896	-0.010349558928
251031	-0.007916747114	-0.002118186328	-0.002105411481
113404	-0.00300155029	0.001407715626	0.000110367391
511023	0.014617897252	-0.016791927594	-0.010335604991
589598	0.010038742707	-0.004518112426	-0.000741861706
52982	0.008617204945	-0.007780255242	-0.006064257804
291406	0.006033616203	-0.003512561734	0.000657151965
113717	0.00303614221	-0.007555315293	-0.010094907765
250320	0.003695106047	-0.003807776379	-0.006592353746
562471	0.003364307541	-0.001402729217	-0.000220626963
114322	8.1461073e-05	-0.006064140782	-0.003185418837
360823	-0.000716709733	0.00034247	0.000433348576
355862	0.011924063845	-0.012196573258	-0.008653855839
245188	0.017222681781	-0.014801028354	-0.009542067813
258402	0.009761643535	-0.006626185016	-0.003121133899
279512	-0.008337029741	-0.008899332476	-0.008944711471
541741	-0.012264154178	6.8730722e-05	-0.001903833178
571492	0.021173634086	-0.002897879309	-0.006183609148
329291	-0.013983260778	-0.008903158333	-0.007410311031
328111	-0.005430357742	-0.009105806066	-0.005249895684
238869	0.006524764427	-0.00805696546	-0.003888187165
306180	0.052614028151	0.010543722983	0.021768269745
514381	0.028837058142	0.001920549629	0.004328615273
242275	-0.001059263689	-0.002691767607	-0.002793339618
587313	0.023121792028	-0.001044580831	-0.005002099018
564526	0.012511473838	-0.0109802512	-0.007427156167
114260	-0.011746644118	-0.005676964164	-0.006583594117
329486	0.029119447067	0.012537079595	0.004328468985
514542	-0.003285222244	-0.00485343909	-0.005335637035
362645	0.020531094819	-0.000344081208	-0.003098721923
277357	-0.001357649073	-0.005607260668	-0.002582450088
151517	-0.007495421915	-0.002123178443	-0.002365033367
103326	0.031154118076	-0.004677372304	-0.008027266498
279590	0.020682027656	-0.004322788601	-0.000353815723
131421	0.000837706362	-0.002612208286	-0.00445960167
225522	0.036476920769	-0.000585501665	0.002894228785
308898	-0.012184904361	-0.000108468795	-0.001545421861
220968	-0.000250119234	-0.004101009685	-0.001079011166
220395	0.016982130813	-0.010665340888	-0.006661980921
207042	0.011796203562	-0.009709788567	-0.00070173696
307994	0.002925646284	-0.007915880693	-0.003832167138
225376	-0.006912366032	0.003547621242	0.000926067114
273309	0.022162599844	-0.000556885307	-0.001425619746
143610	0.011329915532	0.001921812875	-0.00100491519
77025	-0.007863745662	-0.001917359128	-0.001978968314
282802	-0.015360291371	-0.004232340717	-0.004059547833
306018	0.018217690435	-0.0013419418	-0.001958347358
113191	0.000295992994	-0.008971015408	-0.004387652954
218467	0.040518387035	-0.004450566652	0.007366783646
77004	-0.003414909641	-0.004008944245	-0.002232354405
142411	0.004047733587	0.029457527884	0.011408352588
114093	-0.004062202543	-0.00198969531	-0.002408122026
273538	0.009082117799	0.00727435956	0.009485962933
242816	-0.01011902197	-0.007625444822	-0.007044944944
235415	0.000204567835	-0.000310544028	0.000216458142
169706	-0.013489353986	-0.004700238853	-0.005090007185
334113	0.002881759225	0.011422170535	0.007995445737
194730	0.010079826485	0.022878665546	0.010628200053
138015	0.003871256968	0.00798408638	0.000430370639
343921	0.009288752532	0.00021622118	-0.006326984242
114383	-0.010364518052	-0.006257645789	-0.007810092782
565220	-0.001510272122	-0.002763602607	-0.001559923372
532951	-0.005648886837	-0.005772300068	-0.003488917747
333448	0.005874136793	0.014607734104	0.008606765918
222747	0.014223108551	0.021330554929	0.008410892745
63234	0.009326476512	0.013322482039	0.007906158081
545706	0.012696998042	0.015105945938	0.010602461478
584529	0.010882499569	0.014636315364	0.006671921226
556670	-0.003760920475	-0.007558168533	-0.004666850582
553178	0.007248739961	0.021870719431	0.001879978903
237457	0.008845863976	0.022577646435	0.012154973412
226421	0.004210000954	0.007860258134	0.004687356482
564867	0.000875410564	0.001360551209	0.000514062747
590326	0.011573628388	0.006743310501	0.012440375164
583865	0.008711444964	0.014934542555	0.007313344735
63239	0.013305575173	0.020250504607	0.006427986196
170193	0.005982133045	0.026093830947	0.002201517277
252937	-0.007724163798	-0.006338425902	-0.004961071365
252244	-0.007895709859	-0.006196856413	-0.007310799172
235692	-0.013774745655	0.000545218318	-0.002073058178
78424	-0.003567992724	0.005570765921	0.003020807119
543083	0.016735230653	0.028060712661	0.008304346708
142591	0.016151148082	0.01878140537	0.009638550893
272259	0.015365873873	0.020458353853	0.009625946205
509593	0.000673686564	0.009777256475	0.007162010827
242979	-0.001170973265	-0.000424801235	0.001272665346
160549	-0.006825526592	-0.009640775882	-0.004046777236
512374	-0.005437995187	-0.009638630814	-0.004950690806
270648	-0.001602903384	0.002024957162	-0.001934427343
213210	0.001097053883	0.000998320742	-0.002516528404
97685	-0.005313466242	0.002743002146	0.000722726643
206727	-0.002409911911	-0.01105627218	-0.006719750036
347415	0.002822594405	-0.004364337386	-0.0016794181
244081	-0.00308829143	0.000928896837	0.001151443121
574623	-0.005506807805	0.001402484525	-0.001810525397
204817	-0.004136443356	-0.003066653572	-0.005625079627
553535	-0.001786175904	-0.00893285403	0.002006272232
329074	0.003960531962	-0.008871877452	-0.011198033099
362561	0.00013669004	0.001154429767	-0.005760643559
255335	-0.003429455295	-0.002293986286	-0.002199428932
275375	-0.009108215637	-0.010408102336	-0.00724149871
240534	0.010121645966	0.006699057399	0.004302901092
207151	0.006365337025	-0.006108113551	-0.003571773268
1710	0.016425661614	0.006012528807	0.003034351394
254631	-0.002700951231	-0.000446631528	-0.000783571803
572063	0.002744771027	0.005242439769	0.000552213748
145520	0.000566803874	0.000135205717	-0.000712893366
513960	-0.002226010493	-0.004337902565	-0.003279265674
349855	0.004001734916	-0.004247731024	0.003582318401
303596	-0.001658505613	-0.006899685495	-0.003982467123
591217	0.000246041185	-0.002322960333	0.003056048791
511412	-0.001815332246	-0.00230782512	-0.00357872913
151971	-0.001207637526	0.000115486211	0.000475569171
267499	-0.003599216065	-0.012104788531	-0.002509942628
581733	0.006788215313	0.017683603583	0.013243119321
249658	-0.002841261377	-0.002794703362	-0.002706308475
146478	0.007245415249	0.012583799004	0.007301841035
581273	-0.002512077206	-0.004965597087	-0.003353443207
63243	0.002052781035	0.003719112004	0.001869592112
259001	-0.001549222098	-0.003152905077	-0.002365951731
262036	0.007522023617	0.012806421707	0.007719746203
571698	0.002019901689	0.003539917107	0.001525053851
272699	0.002164876464	0.000695264549	0.002065230036
262506	-0.000974990573	0.000954827604	-0.002109274627
1716	0.001234572718	-0.001581596303	0.001421785278
541520	-0.003511429952	-0.00861266483	-0.005181159807
178099	4.0835486e-05	-0.004659298886	-0.002977120678
310379	0.000193516629	0.001272357979	-0.002879446731
509476	0.000630205358	-0.001754576843	0.002278176363
556154	0.002064035712	-0.001462558117	-2.5573336e-05
556802	0.011779708452	0.012959282998	0.004951296
524760	-0.002230622395	-0.005510190829	-0.001494737418
278792	-0.005723816058	0.003400617329	-0.000594586129
218162	-0.004834055862	0.002351768012	6.0312791e-05
217399	0.010144272883	-0.017159520154	-0.006709008257
209467	0.00196516009	-0.002783168718	-0.001287268646
103558	0.009758487022	-0.008482612179	-0.0072136956
141653	-0.001153260056	-0.005708944022	-0.00286769592
249729	0.020681741506	-0.007632839043	-0.005490724814
111806	0.028898249878	-0.024879765175	-0.010435348663
151990	0.014465840004	-0.006199152524	-0.003859257352
581845	0.017364127447	-0.008430882647	-0.005036790594
245720	0.005295761257	-0.002603017828	-0.000687675423
274632	0.005193431607	-0.000753139288	-0.003058157739
144956	-0.000554946975	-0.003286581679	-0.003846518064
563979	0.013624822413	-0.009619559861	-0.009968677541
572204	-0.002393748884	0.001456407358	-0.001945445554
272869	0.011941861714	-0.002350026286	-0.008399022687
542433	0.01078882317	-0.011693007825	-0.004487030939
143029	-0.001218705604	-0.002428892958	-0.001779097428
252625	-0.002624659263	-0.002798722506	-0.003716419722
326537	0.003106118794	0.00869617215	0.005781922279
217242	0.017588994268	0.007595341361	0.005273592776
148437	0.007082026327	0.011826399814	0.004313794136
560296	0.003644898948	0.005859276009	0.003496565408
100786	4.0987776e-05	0.001649700461	-0.002602233984
545378	0.008033482396	-0.014198657903	-0.009601215426
225918	0.000785948894	-0.00975551659	-0.006370412737
251805	0.003650532798	-0.004427277823	-0.005291806196
194029	0.005188434414	-0.011088980382	-0.006271674603
522476	0.021752637547	-0.000260086158	-0.000383184216
269664	0.000319904861	-0.000198546471	0.000240179103
241435	-0.011212814237	-4.8117393e-05	-0.003172991328
213078	0.004263781278	-0.01220743246	-0.00884345271
259756	-0.003848560265	-0.006206656837	-0.002722083639
542627	0.004402506812	-0.003461899023	0.001841349439
574895	0.018830256821	0.005917818235	-0.00052797069
320242	0.003142059001	-0.002416028136	0.000664831158
186035	-0.003175140741	0.001066445927	0.00055751858
251889	-0.00274296727	0.000153034138	0.001928351456
557689	0.004204501678	0.007688182238	0.004781361814
543301	-0.013867211158	0.00491111999	0.000806447503
558089	-0.007342229993	-0.002088992639	-0.003146797478
76549	0.015443671555	-0.01505093179	-0.012734280154
224421	0.014815092357	-0.007670116182	-0.00187768167
223577	-0.002827541043	0.001960863012	-0.001545848814
313254	0.010752883895	-0.005215217781	-0.002773952134
217972	0.009458607424	-0.00713643478	-0.002617222408
223804	0.028673152655	-0.001495466226	-0.00581994884
139153	-0.011595796402	0.004857222849	0.002351010183
204709	-0.016539978711	-0.001004116829	-1.6716654e-05
326715	-0.009675430437	0.004411505592	0.000515417181
98176	0.007053447742	-0.002427617814	-0.002906722163
132450	0.004197174036	0.007343368075	0.004779074086
1733	0.001991627095	0.00379459647	0.001992865498
556025	0.013877799446	0.022867239653	0.013986444625
76766	0.007903576129	0.002763063566	0.004060073713
144899	0.000796345956	0.012653854339	0.007938080989
1732	0.00049829247	0.010554130768	0.006783123071
252532	0.001824813409	0.003393769464	0.001755096009
553643	0.009406908048	0.016297522198	0.008233399283
76099	-0.000461903133	0.021302126039	0.01035291542
1736	0.010711928916	0.017907636263	0.010532245407
373070	-6.1103582e-05	-8.301104e-06	-7.002017e-05
133176	0.001158458387	-0.002399547452	-0.000978938625
542134	-0.00465689391	-0.007367423096	-0.004451946285
147757	0.004143354701	0.007612952165	0.00387914109
569418	-0.002181647844	0.000955545485	0.000179387855
250563	-0.00195256342	0.00154709828	-0.002418130532
514080	-0.015051036122	-0.006735773805	-0.005266936277
310735	0.001206612177	-0.002625478041	0.002934043828
540847	0.00392179425	0.007306750563	0.004347506543
508980	0.004290108366	0.002957171367	0.003117626604
565568	0.00108007479	0.002508666609	-0.001233240462
167800	0.009227653023	0.01456726219	0.010050160473
63221	0.013122293279	0.019770347747	0.005739340656
249639	-0.000602212873	-0.001570695721	-0.001168869602
51852	0.013429515307	0.02306970136	0.00715748082
577111	0.012401230635	0.017354197123	0.011111847389
149196	0.001670896252	0.002957033733	0.001177133875
143270	0.00652812493	0.009051160687	0.007159475733
320307	-0.001635567559	-0.003254280283	-0.002846503243
548178	0.001799253331	-0.002210218713	0.002200775603
105005	0.014770132754	0.02464620946	0.011758110995
159929	0.00447683413	0.007156525229	0.003939514207
138089	0.005498393806	-0.002866472124	0.003401516202
572073	-0.001455902306	-0.003115755492	-0.002689212242
590639	0.001997980933	0.003611995602	0.001918138513
160776	0.001939901775	0.003132389846	0.00170340891
154959	0.002530767551	0.004212779138	0.002576356721
169793	0.009708803373	0.017537623857	0.004344881111
143990	-0.000875525317	0.013576962121	0.006293633408
210132	0.003999528881	-0.002006362814	-0.000535465119
123055	0.006971003776	-0.006893052686	-0.00370593154
76201	-0.002890676616	-0.004914451491	-0.007024840068
104647	0.000891867233	0.001247586556	-0.002793464403
1443	-0.00262203684	-0.004711793824	-0.002687239559
246040	6.0249378e-05	-0.00120364073	0.000898811791
541711	0.000104783781	-0.000492282179	-0.000351827815
237590	0.000916793566	0.000844012895	-0.001693651705
102418	-0.004985207478	-0.001036844972	-0.004167506077
246188	0.000424910533	-0.000588847992	-0.000340045374
1468	-0.004459973319	-0.001866120482	-0.002499504028
136740	-0.001809661438	-0.002630233732	-0.001357932969
321513	0.001321171497	-0.006447542075	-0.006657670808
138766	-0.012955617802	0.000799378018	-0.002557208458
141312	0.013122304087	0.003763729337	0.005297672596
242147	-0.007667173544	-0.005911349654	-0.0052547527
570844	-4.5825641e-05	-0.005354703982	-0.003357291872
240878	-0.001440497419	0.001229942565	7.8783242e-05
102911	-0.006992035684	-0.006548348342	-0.004740794923
583840	0.003849447705	-0.002049732843	-0.000916151231
589700	-2.8495464e-05	0.012119197735	0.003226185066
244996	0.008983005553	0.012313055378	0.005885634287
242324	-3.3920459e-05	-0.005147369492	-0.002166563779
551656	0.013134452771	0.023688166807	0.010638035506
252035	0.007493259824	0.040650552532	0.016946577105
543239	-0.00265895922	0.013152880846	0.006603884906
63250	-0.012324844645	-0.004865116256	-0.003192641199
338777	-0.000843645942	0.000465196858	-0.000362095628
339589	-0.001253280505	-0.001534618459	0.002629523044
203996	0.011368119362	0.048720143571	0.021792602513
243749	-0.001422316006	-0.001460625646	-0.003773992141
263387	-0.005726014589	-0.009597115541	-0.004537655342
238328	-0.002017837426	0.000707251793	-0.001328596405
514019	-0.00025722931	-0.000370932157	0.000551565097
66921	0.000863693285	0.000974229243	-0.000498390993
552017	-0.002305317601	0.000401542804	0.000641031207
568248	-0.003905213638	0.001394292518	0.000460701919
541641	-0.007220033151	0.016294692651	0.009550279505
30354	-0.008363545371	-0.00170176749	-0.001962877766
239678	-0.002124820634	0.008072084854	0.00466954308
247643	-0.003712670472	0.001846932126	0.000577212627
103366	-0.001020847278	0.000768928935	0.000166833428
39225	0.001017673378	0.00245122456	-0.001223724558
82144	-0.005468975307	0.001630109215	0.000445745671
553102	-0.000524295307	-0.000724275441	-0.003872138502
63284	0.004015282587	-0.003223461269	-0.001993191277
591575	0.012774108199	0.000918684114	-0.007797302466
221640	0.001110322852	0.00194994768	0.000774857343
158132	-0.003668948654	0.008247020342	0.005173926146
247500	0.001368469501	0.002382221282	0.001161209155
567353	0.01605437374	0.024410200849	0.013116908088
547431	0.000912157754	-0.002083500596	0.002280428616
511928	-0.001025225217	0.000988334933	-0.00282020522
348335	-0.000877079853	4.0857095e-05	0.000648532204
252204	-4.5083808e-05	0.011651168509	0.007892977695
33594	-0.00318196776	-0.00563246371	-0.002004545118
567951	-0.001164038431	-0.00418201962	-0.000959080678
286220	0.000508593772	-0.002515144445	-0.004574787012
330990	-0.000330384309	2.0287109e-05	0.000475461686
304181	0.00077229414	0.01323452647	0.007247027923
229278	-0.00077202169	-0.001595471519	-0.001155876733
538765	0.002516682203	-0.002809772796	0.002357233854
324346	-0.000449885898	-0.000351178234	0.000794411438
147225	-0.000255509561	-0.000713594039	-0.00103863222
535561	-0.000773316825	0.000921448103	-0.001464453271
130730	-0.005342651995	-0.005229473494	-0.004383205651
255057	0.012857893009	-0.000606962644	-0.00364954969
535361	-0.001619006062	-0.004534401297	-0.004355980859
581317	-0.001395068648	4.7412106e-05	0.000946044192
267092	-0.012657706823	-0.005346545828	-0.001998756985
264692	-0.003857629833	0.000947977904	-0.001277604843
28793	0.006902257425	0.008869999132	0.007082475078
242108	-0.000248312338	-0.001401949755	-0.001310511086
246491	0.002319841103	0.003117038017	0.000473006237
223449	0.008349451016	-0.012823040771	-0.010918281137
581655	0.016760650908	-0.006268640276	-0.002691357387
240877	-0.001986143147	-0.003303142716	-0.003094362584
556217	-0.000316850342	-0.004931743816	-0.006179325229
540938	0.007058603855	-0.006200155224	-0.004217007642
241451	0.01049337327	0.005146438501	0.006648381268
277712	0.006289895419	0.000624077038	-0.001448800613
185827	0.02194963768	0.001924045786	0.004702062103
570966	0.012126286046	-0.001895269257	-0.00114014146
94268	-0.005349309221	-0.001274795549	-0.00152395867
144091	0.03017225718	0.01949003809	0.012871345996
252958	0.018933277351	0.007282478633	0.004993875045
259155	0.011626381336	0.001908935608	-0.001671366496
125802	0.01393698311	0.011015442835	0.009962011116
553028	-0.016983371222	0.001192334539	-0.002865409288
22777	0.00368527029	-0.01117084999	-0.005595484551
113334	0.010926209268	0.010867272855	0.004907308145
171876	-0.003341463649	-0.001789600622	-0.003327586496
526723	-0.000982209539	-0.001990851722	-0.001537521371
580844	-0.007316843273	-0.003982997854	-0.003347627269
510686	-0.001854075163	0.001964511364	-0.004908855893
279399	-0.008724639419	-0.006806168748	-0.0040707372
131965	-0.003346039724	-0.006000114867	-0.002990764701
158922	0.00048899224	-0.003184699913	-0.003044015129
586441	0.000685272079	-0.00213306162	0.0024692714
590821	0.000406027987	-0.00039976649	0.00078838475
32598	0.000777635108	-0.001216437228	-0.001099799762
172911	-0.000730038366	0.000709404805	-0.000851413435
260737	0.000703093785	-0.000305938211	-9.455762e-05
103111	0.000240511862	0.000273127261	0.0005321628
204759	0.008235585891	0.013862215531	0.009025191499
357229	-0.004670568927	-0.009480189486	-0.00537312271
405181	0.00663027253	0.008242725399	0.004484386919
258358	-0.002140071239	0.011940638025	0.011293604002
523166	-0.000366093811	0.007035428143	-0.001659657643
270455	-0.000482400027	-0.001001003743	0.000508809252
310512	0.00162995635	0.000416359198	-0.002462884704
341545	-0.001026191722	-0.000991947228	0.000932507362
278788	-0.002213484462	0.000842414071	-0.001334833712
334374	-0.019619976139	0.016971800484	-0.020245960271
545467	-0.015638603443	0.007469336423	-0.008587772398
41135	-0.009778649159	0.00435066061	-0.012853758075
245143	-0.017193872172	0.024253210572	-0.021204302996
234675	-0.008092461086	0.006368984171	-0.008744985393
244979	-0.000692629352	0.000794696577	-0.000681108676
227671	-0.001196668231	0.020383940091	-0.013198638992
119942	-0.006913436173	0.01359733001	-0.0121199412
225358	0.002604898693	-0.001707539403	0.000475324531
153206	-0.001359889911	0.003308479848	-0.003913230136
577212	0.000948780698	0.000979549416	0.004877397492
305871	-0.002786561437	-0.003119800898	-0.002434089245
1559	-0.00294337224	-0.003400413549	-0.002203745764
89313	0.002827135041	0.002769303554	0.002076053921
142233	0.003118509534	-0.0094911392	-0.005834839817
114313	0.012814292873	-0.002550333169	-0.003132165291
1549	-0.010882981756	0.005126653145	0.001428460308
350772	0.007634368793	-0.014847470197	-0.00565733369
154475	-0.007574889658	-0.006043484802	-0.006793610493
231447	0.018444485793	-0.004984995946	-0.0001124619
323190	0.033836523763	0.001518149917	-0.000593196379
136998	0.020097321844	-0.004928874988	0.003611828812
555078	-0.009980974604	-0.002785364307	-0.002746464312
526112	-0.000496495956	-0.005719706379	-0.001887926977
100737	0.01600762022	0.001529606947	-0.003428322255
584845	0.021334071946	0.004204019164	0.005066381544
209628	0.016642414	-0.001889171192	-0.001127551825
216828	0.005637399505	0.000183083102	-0.000826917966
167091	-0.015751216059	0.004377556933	0.002373655103
553713	0.002947868175	-0.006291552674	-0.00362958322
18774	-0.009071614506	-0.005144311233	-0.005195210791
96609	-0.002774759398	-0.00106139469	-0.002753286714
114788	-0.007870594148	0.002265666342	-0.001805672523
238021	-0.006306695266	0.000156491116	-0.001220918909
304196	-0.002743946325	8.623249e-05	-0.00891832124
237121	0.000496460435	-0.002801848437	5.5998287e-05
513750	0.000368982861	-0.001135143327	-0.000960250483
534533	0.010380170152	0.010048052878	0.007794967941
536133	0.000179231014	-0.00437202481	-0.002760620483
285033	0.016166517132	-0.007520958092	-0.011554035937
148371	-0.006572110823	-0.000614360595	-0.007431720942
544574	-0.002142448536	0.00284881227	-0.004262181695
55975	0.002373347771	-0.0013643908	0.000723187256
565073	-0.008994069081	-0.000315812204	0.001425244048
319505	0.017099052697	0.038425138794	0.037139699774
170976	0.024413629311	0.036744196732	0.028193179138
535322	-0.002733285336	0.020050401775	0.01332224147
510823	-0.005266314029	0.007356800438	-0.000849453317
510993	0.012518257726	0.034465529082	0.014593604693
589956	0.001126364975	-1.3093759e-05	-0.003152035233
546058	0.006289735926	0.016851228009	0.012424912942
106097	0.000740676469	0.022663806025	0.009556887722
105709	0.001118887442	0.003598602489	0.003789977246
111348	0.005713174735	0.004081023416	0.002450841405
562802	0.01140776402	0.017374191994	0.018622079384
512705	-0.002476429002	-0.005726370865	-0.003042089284
153529	-0.003407194625	-0.007784513645	-0.004787438802
540412	-0.002281375989	0.016209019897	0.006816586533
62479	-0.003721353841	-0.007348369475	-0.00428363471
235471	-0.009522354157	0.012009572585	0.006730487372
580227	-0.010943199387	0.022903323896	-0.01879579493
585845	0.001168808443	-0.000272746837	8.5123097e-05
588196	-0.002133947451	0.002690130304	-0.002102547228
161217	-0.028469362136	0.041608940634	-0.01472720937
155518	-0.023828676532	0.041921730367	-0.016422475843
338616	-0.018552612072	0.014123850143	-0.013613532421
329673	-0.000220834625	-0.000322724667	-0.000694430346
570408	-0.001114670147	-0.003176497936	-0.002807896733
152550	-0.008477865315	0.001753580895	-0.008705198875
235366	-0.002800191871	0.002056395419	0.001147472224
533261	0.002755612599	-0.001111490354	-0.000699546583
560235	0.004304632679	-0.004533521963	0.004215453977
153714	-0.001160374578	0.001861979998	-0.001605057107
517793	-0.001526605172	0.003400537833	-0.005192574237
554821	-0.000749290916	0.001527614388	-0.001665951589
510838	0.006491581044	0.007788696602	0.009339830008
264509	0.001316162268	-0.003568960109	0.001268714975
159169	0.001880018063	-0.001220326109	0.000966248749
524039	-0.000705417687	0.000232109595	0.000193914421
305960	-0.006384589268	0.016350085518	-0.019430596978
569018	0.001380754008	0.002540768385	-0.001428112389
40791	0.002357707996	-0.001495511073	0.003566918331
346553	-0.02274636996	0.033299535313	-0.007214640186
45741	-0.003017684911	-0.004074422233	-0.003347724808
323497	-0.000579769851	0.000625307145	-0.000901608324
237232	-0.018346273093	0.028647684107	-0.010324720816
584159	-0.000790707388	0.001091170804	-0.001573286239
562351	-0.000350494684	0.000490608788	-5.8733526e-05
288494	-0.00584288653	0.002585962588	0.000430506672
278234	-0.014691156545	-0.012436220148	0.024413971315
561987	-0.006064556585	0.001397338362	0.001631691249
177339	-0.02188389912	-0.016306054922	0.037124496799
1596	0.020902214378	0.013522242855	0.012517842593
113378	0.007682324715	0.017374685076	0.009121805001
102890	0.00058164624	0.014676204575	0.006129638223
1591	-0.004198216737	0.000809652944	-0.000245864802
1592	-0.005585379251	0.00193588759	-0.000538603923
556878	0.008431595908	0.008237975045	0.006508803421
200446	-0.001936031919	-0.006060703715	-0.002996915684
248041	0.008761696939	0.0140784151	0.000535201494
510359	-0.000479414766	-0.000328933497	-0.00073483337
512820	-0.00011117923	0.00116873178	-0.001698569492
537149	-0.007718332691	-0.006463071712	-0.004732914073
549833	-0.007379594898	0.003751395219	0.001063640265
314513	-0.00237041217	0.002142142632	-0.001944601298
591617	-0.00175380999	-0.001370980605	-0.002472699902
246208	0.011764614255	-0.005540733285	-0.001145349302
252314	0.013513453307	0.008678462891	0.005135499011
519950	0.008040126489	0.009340328491	0.003141541539
231528	-0.002533138423	-0.004075319767	-0.00251403902
119231	0.000667802786	0.02279432604	0.008649671605
570886	0.002709232389	0.019478679166	0.004315314516
243512	0.008070905737	-0.014495482681	-0.006839712385
221896	0.008374807194	-0.003751850473	-0.003695608276
573565	0.006002246324	0.00507650723	0.009204533693
509040	-0.007606361223	0.00347903418	-0.002185152021
509124	-0.002209931239	0.010587253569	0.002622442331
244496	0.013113657476	0.010945473613	0.010857531682
267722	0.019485571207	-0.002705893308	0.006345712
578508	0.006295318162	-0.000365108815	0.004154037828
127649	0.023741538351	-0.012349065544	-0.00145754476
256945	0.004701120351	-0.003870316677	-0.00085707969
589110	0.000844087927	-0.000148985306	0.000293031497
146126	-0.002587081309	0.007786273123	0.004524283103
320201	-0.005321046585	-0.003115012609	-0.002540628177
593896	0.000675193074	-0.008283900128	-0.007689864263
154899	0.02392704315	0.012323665779	0.003419326686
227051	0.033159250682	0.013875837393	0.009510592663
154102	0.029185673614	-0.026156329389	-0.010345675914
217594	-0.003297856853	0.00260359995	-0.001906700262
352632	0.02876025511	-0.017463331093	-0.010386392791
161227	0.036367673671	-0.003964364575	0.000683988538
243516	0.008280853259	-0.013653109535	-0.00874710492
152195	0.023165773168	-0.008372169238	0.004195443445
223329	0.038817434057	-0.004067702004	0.000142673213
222701	0.018082933004	-0.011681360787	-0.006696743967
246641	0.009702320028	-0.008661534916	-0.008146731354
226045	0.012682584971	-0.008012925066	-0.008574091842
208283	0.025155140289	-0.016808217982	0.000448178286
220494	0.029099347582	-0.021953194916	-0.006101107055
220859	0.013266720614	-0.008268658552	-0.008284762565
225313	0.01878806471	-0.008094759492	-0.003439556625
3046	0.034684111847	-0.023140570965	-0.003581692376
225633	0.013988600144	-0.009766430055	-0.007452861867
245203	0.026545568632	-0.013874616394	-0.013243035913
214739	0.008913798902	-0.010671876097	-0.007162438033
335630	0.018514479932	-0.010357951247	-0.012169189964
515684	0.007214025118	-0.001941075124	-0.002655738265
340507	0.027442113393	-0.014134473471	-0.011419230265
559200	0.024730935165	-0.015901675585	-0.009921683542
225899	0.02036848889	-0.00375255711	-0.003848423346
541744	-0.003108202777	0.002066887456	-0.000569286729
1605	0.019796117726	-0.020129268594	-0.007103564295
592952	0.02586724767	-0.005864699416	-0.000496859222
240862	0.006938603519	0.005194920196	0.001096587785
82424	0.002778642045	-0.014076374986	-0.014527177297
584155	0.006776733193	-0.009010958462	-0.003019172767
213519	0.005482395607	-0.007679159855	-0.005687023882
582528	0.012533305066	-0.00034779037	-0.009416897185
248485	-0.009034554489	-0.000905857606	-0.004482347845
309788	0.037055124727	-0.019769126695	0.006840529587
256977	0.041024288598	-0.015621281662	0.010192149911
256227	0.014852751859	-0.013873326604	-0.013796756919
209352	0.015596186497	-0.007215281445	-0.005686824324
254530	0.007587836223	-0.00252408296	-0.002993772825
221749	-0.002704872233	0.002128684723	-0.000804152315
544465	0.003253097158	-0.010955324222	-0.006591115722
512364	0.017377359775	-0.020836743743	-0.000300753409
240687	0.035039582655	-0.015749112256	0.0157373616
252179	-0.00918766163	0.005697161789	-0.001088430092
150925	0.031791123868	-0.01534986906	-0.003334575794
243353	0.012342168447	-0.01358899711	-0.000139614465
206632	0.023377045446	-0.003543102906	-0.00921517088
201417	0.020458175015	-0.020405982722	-0.004537765101
252778	0.014002663703	-0.018226476079	-0.01151268601
237783	0.011211544208	-0.015216866796	-0.008073853052
244491	0.023429042372	-0.0145966135	-0.009749343938
578268	0.0282723522	-0.01732943391	-0.004568271791
235848	0.014666923559	0.002573630743	0.001579346812
236458	0.022037664661	0.017641133955	0.009423330631
354713	0.041348843263	0.017863441352	0.01779955758
142335	0.032570929126	0.011221552666	0.004463673297
160871	0.01079746919	0.003660087298	0.002621833637
207125	0.011752904412	-0.014227138399	-0.01092669731
562926	0.003372240057	-0.006953826336	-0.010242703052
214306	0.00720221613	0.004011462958	0.003137865613
249859	0.005361239583	-0.008666826446	-0.00362812929
358664	0.015507908669	-0.005172267882	-0.005919624545
538238	0.000658228673	0.000813405341	-0.003037125514
270180	0.018182840547	0.005764656117	0.006737148681
205420	0.002367613428	-0.006902366518	-0.000330216723
220364	-0.001135084898	-0.001911260649	-0.00163849492
535268	0.021104424167	-0.000365763769	0.000981532976
560184	-0.01377859557	-0.00534104113	-0.00213066088
251499	0.041366885445	0.005459649722	0.00337208757
104784	0.033854664685	0.011486961746	0.015001942793
347528	0.015123667723	-0.01315260246	-0.007799524308
553562	0.013846551404	-0.00926463703	-0.008407728819
578410	0.007159187281	-0.003712712731	-0.004211284563
511873	0.011151261406	-0.010899373126	-0.005566200845
541789	0.010363953215	-0.019633353075	-0.012775044326
216255	0.018461488004	-0.014650304994	-0.002799826013
115085	0.010675423819	-0.003528879245	-0.007195062678
248216	0.011865466635	-0.010415674876	-0.006547628309
511817	0.001542830308	-0.007577353728	-0.004041568348
134130	-0.00310260119	-0.000480789256	-0.000944863823
21798	-0.004236040396	-0.003076494304	-0.001773080446
99144	0.001488201635	0.000651665289	-0.002086355561
560147	-0.001411517731	-0.002357441124	-0.001449396342
337426	-0.001280026464	0.001139856781	0.000148234466
526598	0.002403442188	-0.008404333852	-0.004513427575
574533	0.003228608767	0.008302372716	0.010014140727
159970	-0.004722324503	-0.004616654906	-0.001555739615
570490	-0.004041788226	-0.006504045912	-0.003648977361
239430	0.013137979055	-0.0149463884	-0.00595213085
237237	0.000350742924	-0.007283474462	-0.006172300148
131444	0.005909777202	-0.002565546111	-0.003324609584
254690	0.000410975832	-0.005958355339	-0.003859565258
579528	-0.000933828193	-0.010607201643	-0.008058952917
250649	0.01170172496	-0.014020069375	-0.008621658164
331129	0.021774301538	0.007056418288	0.004401492094
536090	0.032508956957	0.001834351444	0.004504236187
222261	0.027741492412	0.022716971656	0.016280139819
238183	-0.001131642538	-0.001795922849	-0.000926473862
222914	0.027138054027	0.001857444502	0.006075393373
149969	-0.002414848018	-0.004531782376	-0.002985723938
590842	0.00509751379	0.000755175718	0.00136664058
589297	0.018888343068	0.001380652537	-0.004871415975
578045	0.01421177256	0.022233109883	0.007670789947
156917	0.005299432354	0.008812598478	0.005616420572
338969	0.014304798786	0.012117724174	0.002420912531
240142	0.014841257968	0.001402923894	-0.000291815826
210788	0.010960680834	0.006142088314	0.002323042767
217650	0.021328036476	0.019210962457	0.004273864891
218224	-0.002744279861	-0.005607331408	-0.002815407649
217739	-0.004344056805	0.005432088722	0.000883723551
152799	0.035390237321	0.02178086123	0.015467898059
137061	0.020743645122	0.015656783807	0.012813697749
539821	0.026322868095	0.009419992743	0.00392691791
151664	0.006444456142	0.008596998304	0.005535779217
241839	0.03367395386	0.01225875397	0.006077573631
353925	0.018067502893	0.006874445497	0.004766617809
590899	-0.002192325165	-0.000918983599	-0.002920860814
242989	0.007014756265	-0.001581610723	-0.000409384848
235541	0.023086211051	0.003846660139	-0.008811404473
107428	0.004740646015	-0.006683283909	-0.003449469724
220892	-0.007744906244	-0.000356691485	-0.000886117395
113303	0.019481392795	6.7933123e-05	-0.007992396888
110756	0.008983280744	0.003900677441	-0.005895325799
217883	0.018718247332	-0.002160379665	0.001685047012
221568	0.003365792351	-0.006108808956	-0.002150724192
221251	0.011615146594	-0.002327181395	0.001208135811
250253	0.014748388624	0.004770639409	0.000194317448
220118	0.001892013274	-0.006727089405	-0.00690209952
223550	0.021104679714	0.010263265152	0.000427323408
219094	0.001291897861	-0.000367684504	0.001260713799
241999	0.00824258022	0.005989799958	0.004764064073
50325	0.013539900167	-0.004448796447	-0.004137324517
551837	0.028675523021	-0.001081137452	-0.00245206314
510956	0.031696413179	0.008740004657	-0.004059540879
114948	0.019091046662	-0.00491398909	-0.001288371451
220193	0.004338140484	-0.009268276221	-0.004709108985
238929	0.016912092956	0.006137953736	0.003690923672
154318	0.009852535493	0.028901226685	0.014736833068
221692	0.016176466341	0.016341980403	0.005977086022
218032	0.012980150755	-0.018476724367	-0.013334122933
224152	0.020235893606	0.009094399163	0.00842751941
248805	0.026935887516	-0.001425761669	0.001707363342
585431	0.028265510547	0.012075596515	0.010184757006
251275	0.001214981883	-0.008631296492	-0.005880970301
155778	0.013851315367	0.002323779499	0.007703221782
156353	0.021006404219	0.014205785611	0.006142708458
513679	0.01167335507	0.009330311037	0.003899751883
132722	0.024583514779	0.011473773534	0.00580533658
206560	0.010485939867	0.009574853354	0.004441347792
215142	0.002943690884	-0.012636507507	-0.009576856687
256933	0.025930941029	0.009954078112	0.00589919788
218456	0.032723247974	0.000747331418	0.006239323557
590252	-0.002220771079	-0.010499222754	-0.005045143218
248808	-0.008245572967	-0.003152994786	-0.005669319254
589290	0.006827319812	0.006468079778	0.0049548611
253619	0.015137277916	0.021870528986	0.009861587432
200868	0.012428235365	0.008617477312	0.006967225803
237754	0.038785939699	0.023932161078	0.018766244936
204465	0.028171241832	0.020624620146	0.014415630931
543327	-0.000431383292	0.011762451439	0.005238810845
125736	0.037828427388	0.007643086135	0.010308870124
192386	0.013595786853	-0.004193969168	-0.005328371454
541345	0.008976476938	-0.000646783722	-0.00604511793
575223	-0.001201913002	-0.007503493969	-0.004157085203
81873	-0.009411218659	-0.001577137794	-0.001965952876
259898	0.011175608373	0.009049138377	0.000529012968
63232	0.02962300354	0.017124159918	0.00814468895
570808	-0.001674067332	0.016099992647	0.009715028908
161263	0.018541050618	0.004008837239	-0.00163835806
577355	0.002589886484	-0.012393623214	-0.003906623527
586002	-0.006966517145	-0.010903355205	-0.006964043382
339617	0.026933678516	0.008828243505	0.010144650307
247797	0.019198467618	0.003987726463	0.008034630402
255540	0.016484693776	0.0087532885	0.002450599248
255118	0.003071942431	0.001773601512	0.002464744921
333383	0.00320652288	0.003098285065	-9.172074e-06
248066	0.010619191479	0.001078422894	0.00018699991
257782	0.006322777566	0.009790184312	0.004347804957
218434	0.01884470187	0.011920005637	0.00605782806
113158	0.028692970537	0.008429077972	0.006844453345
239159	0.015264899045	-0.008080027691	-0.006238112871
251458	0.007938966567	-0.004354864146	-0.000851046765
583421	0.031919840388	-0.002988321485	-0.001213272144
137099	0.006766759678	-0.002539188608	-0.002911585394
326461	0.003647983813	-0.008459257196	-0.014062974468
570407	0.005803840654	-0.001500801899	-0.003738559728
553068	0.01172010898	-0.005057266499	-0.003624075262
218116	0.013439450056	-0.011125806605	-0.004264477491
240895	0.010745598873	-0.004174714459	-0.003629283769
512539	0.003859869664	-0.0059043068	-0.004629536957
242520	0.018368085136	-0.007393421671	-0.009862508208
257941	-0.000905953025	-0.003272492721	-0.002834957597
512717	0.001882777345	-0.001081923193	-0.000107492942
143418	0.007933416593	-0.009816072621	-0.006265809751
248211	0.01359661849	-0.011979100597	-0.013069369712
249432	0.019168116971	-0.01208771551	-0.010368296855
225894	0.01910862604	-0.008536358289	-0.004397271823
50109	0.015086661001	-0.017341539445	-0.009982964497
249781	-0.005761524668	0.000933478615	-0.000517107879
513658	-0.01849674321	0.002124556137	-0.010916149359
355710	-0.000588867895	0.00128366359	-0.001212433943
63828	0.000159609403	0.000205772452	-6.5161082e-05
343315	-0.005975402551	0.002200142796	-0.005617574926
57459	0.000633635187	-0.001489945235	0.000678092477
564018	-0.00036880048	0.001049112786	-0.001486827761
61856	-0.001765239515	-0.006935042364	-0.001388842798
114335	-0.001111580781	0.001301667801	-0.002762405901
146032	0.000478002163	-0.000630951501	0.000482065221
533044	-0.003607331272	0.003639215698	-0.004430718625
157859	-0.001254014473	-0.002758419535	-0.001400709937
258236	-0.000599504109	-0.001811427466	-0.002170339273
343926	-0.005128667688	0.002096933883	0.000599430845
306305	-0.003960706968	0.001826681017	0.000449616824
292730	-0.003119153064	0.004150513365	-0.006537530686
301719	0.006503114057	-0.002435501915	-0.002765253709
287578	0.014264096047	-0.004804124853	-0.00551537902
290862	0.002096130057	-0.000335353483	-0.002572722949
298808	-0.005948133206	0.00293703932	0.000802614751
296097	0.014020065279	-0.008276043315	-0.006246861112
288689	-0.000995506883	0.000152907708	0.00025960812
303126	-0.004170509477	0.001694815848	0.000578841566
291133	-0.005987941786	0.002741096741	0.000720988647
305041	-0.006780615903	0.002968384213	0.00081708278
297691	-0.005846815231	0.002473023286	0.000727430962
296121	-0.001310156118	0.000265324012	0.000202913446
298910	-0.009198297763	-0.010071682532	-0.006613339487
339447	-0.005084676266	0.002320139923	0.000676234671
293151	-0.00363617531	0.001409278318	0.000552810815
287686	-0.01023224851	0.004595853552	0.001293752331
315248	-0.001336619584	-0.003597271357	-0.002624981212
295136	0.003996112695	-0.002148325509	-0.000322736456
300038	0.000247883364	-0.000302195258	-1.6469498e-05
340709	-0.003263993474	0.001360077446	0.000431500544
522702	-0.001130260822	0.000358938224	0.000164994833
584326	-0.003454296225	0.001397064179	0.00047760346
251544	0.007536894682	0.007160974513	0.002396101853
63771	0.004019718236	0.002324172163	0.002138943515
70013	-0.005042765067	-0.009489315975	-0.005185611755
83178	0.007441756742	0.013666548788	0.00511274222
310771	0.001382763222	-0.00079060367	0.001261503935
548553	0.00198894463	0.003134330686	0.001671440631
552105	0.001688550498	-0.002101456394	0.001979047781
113979	-0.001541424479	0.001317179595	-0.001668900502
100123	-0.010103879954	-0.002193325889	0.010973342544
368928	-0.015066657987	-0.003358491807	0.002369799314
79502	-0.011109434964	-0.004179203314	-0.003697427401
563388	0.00426185905	0.007837007054	0.004584957409
111528	-0.007407466629	0.003604539188	-0.008476214319
113934	0.001998827521	0.003815838644	0.001851381598
562517	-0.002673905627	-0.005364876987	-0.003932449316
24341	-0.005020541132	-0.007146239011	-0.004957387936
579085	-0.000759051639	-0.002643151243	-0.003441882449
547579	0.001539305655	-0.00598542271	-0.003045300567
136933	-0.003415665875	-0.002448769295	-0.001604241504
2920	-0.006885650283	0.003487653534	0.000711069598
580742	-0.010949370827	-0.000320565213	-0.002139101617
217851	-0.002252649123	0.003557088847	-0.004421254477
89521	0.000622091745	0.000998975284	-0.002173604837
249365	-0.005773700032	-0.003088523707	-0.002394552812
25769	0.002452308335	-0.013079010769	-0.006696249743
152689	-0.008800204025	-0.005971192869	-0.003833006561
239522	-0.003886709783	-0.009033482394	-0.005061859217
253897	-0.006936315861	-0.003360987876	-0.002493260379
535088	-1.4683554e-05	-0.00630514667	-0.0037590196
171324	-2.7360432e-05	-0.006516336928	-0.007220436161
552935	0.005631227728	-0.011123160611	-0.008274213579
211556	-0.00629228803	-0.002560668106	-0.003812633319
264161	-0.006978877104	0.001038150348	-0.000106141223
553831	-0.013058221402	0.000764349007	0.000228797219
552101	-0.008855690909	0.000529664229	-0.001789147955
65679	-0.008265826683	0.001374117924	-0.002806997639
592150	-0.013106389006	0.005010258998	6.164557e-06
153831	0.009142960211	0.011731036119	0.007413694751
593533	0.001975085212	-0.005063075341	-0.002812612096
509494	-0.004886868424	-0.009936265031	-0.007842806313
509258	-0.003529502071	-0.004284080926	-0.002668978122
131589	0.001248964166	0.015694159822	0.011123907453
585368	-0.004794741164	0.012221133295	0.001758265383
517884	-0.007790841574	-0.008078473851	-0.005020898142
274405	0.000186065932	0.000523759642	-0.001190107447
236704	0.000246059758	-0.001467988412	-0.000959515455
258248	-0.00508309025	-0.008063003019	-0.004282134317
329424	0.008608576127	-0.008246043377	-0.003530843245
346712	-0.001917699337	-0.005033977673	-0.002367981932
242995	-0.011648123768	-0.00854089186	-0.00665882688
269582	0.000844632571	-0.002057055866	0.002286503414
189073	-0.00363303088	-0.003326025603	-0.003151413886
73086	0.004886367725	0.011463176398	0.008166385876
509051	0.016616077167	0.014127120019	0.00799580537
527968	0.006992557372	-0.002924949479	-0.001626407676
256416	0.00423878646	-0.004040434681	-0.003691929371
217349	0.005594371189	-0.008527194942	-0.003323523084
351437	0.008224354481	-0.006932202665	-0.006063649906
588740	1.0503016e-05	-0.010779191581	-0.007569363046
315617	-0.002412788383	0.00090055744	0.000198655557
513469	-0.001116104103	-0.006993647831	-0.00078312592
568582	0.002370036878	-0.002219581199	0.001829601741
137533	-0.001977587242	-0.009235632003	-0.004651930873
2788	-0.017882375573	0.008206153658	-0.012407188813
518864	0.006878007178	-0.004354484301	-0.007048202112
333159	0.006047933285	0.006245027371	0.004375412255
244050	0.027675029341	0.010165327573	0.002758645645
318107	0.013716942788	0.004414326963	0.004894297237
536150	0.013829419853	0.007323195622	0.000313326505
266276	0.000224579254	0.000278382314	-0.000608148829
266754	-0.000987780102	0.002452411637	-0.005934598308
201142	0.001045407585	0.000244588901	-0.000760273507
290327	-0.00097033466	0.001043083296	-0.001637810942
577122	-0.004262924848	-0.002667804833	-0.006540765005
560658	0.000340725877	-1.35941e-05	-0.000171700501
305954	-0.000547597212	-0.005580472298	0.000289170737
40888	0.0005499166	-0.006590907375	-0.003224835352
416173	0.008019408504	-0.002704742302	-0.003085096887
305142	-0.002055475363	-0.006881811279	0.001354504281
60573	-0.000413313438	6.9492383e-05	0.001430811832
332638	-0.008840575125	0.001196585323	-0.000938451564
511983	-0.009266433757	0.000887053196	-0.000605967732
525666	0.010798789059	0.007266907366	0.006845457862
200064	0.010499817794	0.0250649238	0.017633864894
314228	0.020665934488	0.013755755794	0.011524260467
559075	0.003436028306	0.0067196276	0.000710602126
542907	0.004421790504	0.004659496719	0.001581807773
72455	0.008797635913	0.01055281584	0.01005731001
511406	-0.000105013149	0.000634516279	-0.001334484431
249219	-0.010732054387	-0.000687047936	-0.00351257298
512846	-0.006266178491	-0.00379474022	-0.006152573024
555142	0.004567033992	0.007710853513	0.001807549761
510851	0.008981364478	0.012432299836	0.007627353444
154335	-0.000350838041	-0.000897860208	-0.000902911367
226857	-0.001818471581	-0.004470073014	-0.00489262788
159441	-0.007808235736	-0.007510294145	-0.00415250169
112006	-0.002801860212	-0.005495367877	-0.000824438872
536385	-0.004677318882	0.007151584136	0.004920568349
100723	-0.002402119009	-0.005734622147	-0.003660558423
560786	0.003882691808	0.020571650122	0.010691951885
66932	0.000890186766	0.015749129505	0.013503493381
270829	0.00059679198	0.000802511723	-0.001457104551
558390	-0.007200516952	0.000862947811	-0.000567084199
582509	0.001171468744	0.008223338431	0.001728678409
583233	-0.00868087446	-0.006070886428	-0.004473017142
577182	-0.015293331858	-0.005288522403	-0.006293440511
242039	-0.017593526462	-0.000457969099	-0.00330040812
549290	0.004177781717	0.002556719848	0.001005380406
244548	-0.010329254579	-0.008324997189	-0.006170433327
224266	-0.011753585191	-0.009768072003	-0.008940410236
86701	-0.012575333607	-0.005859652574	-0.005865262985
590779	-0.001547006757	9.7432696e-05	0.000703221398
270592	-0.004531136197	-0.004953731122	-0.004666792454
558165	-0.000744705259	-0.003550872302	-0.002510232064
321503	0.003843403136	-0.00414794722	0.002575632553
337713	0.001092639975	-0.000543890518	0.000415805952
338653	-0.008027845471	-0.002692791018	-0.000327884387
579255	-0.001218936098	0.000659452291	-0.000693307759
579998	-0.000381797471	-0.000306112062	-0.001240304799
364773	-0.000223140125	-0.00033469397	0.000776062916
518971	0.001935158995	-0.00254683057	0.002038494793
544225	0.011157554569	0.002071450051	0.000803244469
582419	-0.001248673289	-0.00141222086	-0.000332066479
153472	-0.000414463918	0.001512803782	0.002579828001
323064	0.003287696869	0.014936029665	0.005521458707
50882	0.012686803123	0.009487427645	0.006705487686
579256	0.010855354332	0.011469867677	0.006163601285
544469	0.002785743406	0.00342928662	0.003590845481
225493	0.001578560456	-0.002122288912	-0.000851729559
509843	0.002907056721	-0.003563381603	-0.005626029842
537953	0.009954881411	-0.004824638777	0.00016829497
113272	0.022086601826	0.001295222478	-0.002937372243
213225	0.018033176962	0.001993825972	0.007494654461
200097	-0.005053388474	-0.00765492605	-0.005236977041
589011	0.005135894246	0.003788304691	0.005451218974
170286	0.006618894018	0.013889332922	0.008104103922
272697	-0.006400353761	-0.003963865644	-0.003170748315
353483	-0.013739146183	0.006887195968	0.001920881146
259028	-0.007596178027	-0.010789331767	-0.006855780407
558104	-0.005579053371	-0.008229177658	-0.00447634388
593766	-0.000768763235	0.000897814388	-0.001117029318
20894	-9.146204e-05	-0.003943815303	-0.001465853727
563596	0.00606899476	0.011777074531	0.001981659932
578134	-0.000855056536	-0.001716142967	-0.00100208495
200049	-0.000619028995	8.0953066e-05	4.563184e-05
165216	-0.006018558614	-0.006711459515	-0.007011727571
352532	-0.001194928373	-0.006736148652	-0.000813207922
535958	0.000475325351	0.000438546271	-0.000969912827
440418	-0.002359354884	-0.001793200625	-0.005669999341
591115	-0.002278211126	-0.005621240966	-0.003433343378
399640	-0.015546898469	0.013839998953	-0.017826948514
297164	0.002501154564	-0.003661991976	0.00251687502
229328	0.001904700726	2.0096898e-05	-0.001464202625
172922	-0.00321718835	-0.00554493691	-0.002356758949
247225	0.00031844899	0.018385984368	0.006786060057
82921	0.001911246963	0.004333568558	-0.003285832451
107148	-0.001033125331	0.029549998423	0.010893113083
589642	0.007935156138	0.011251788577	0.003273644936
558514	0.003944075028	0.020841627287	0.01280657022
352654	-0.00102142414	0.009265126496	0.001988553875
499834	-0.004465263097	0.001561564519	0.001469564857
2805	-0.006355458101	0.000588146031	0.000572558507
2801	-0.004308174945	0.00204589195	0.000332426458
529264	-0.000379865216	-0.001403712143	-0.000324172745
566185	0.002896444484	0.003020057672	0.000960100383
319990	0.008772782891	0.0111993003	0.008630853825
545203	0.005551783272	0.010720645953	0.0055860225
536123	0.001428498366	-0.001589218233	0.001241848081
543167	-0.021786156851	0.027993908902	-0.021437177898
258652	-0.000160510702	-0.000223774196	0.00048892722
200848	0.000670561739	-0.000832734678	0.000342624137
136912	-0.002019651401	0.003962756748	-0.005831310977
521136	0.000762186986	0.001316832402	-0.002618091596
168811	-9.6967042e-05	-0.000140393985	0.000297377078
142901	0.003937651284	0.014715953503	0.014005595644
555396	-0.000847821682	-0.00124101632	-0.005239579641
214356	0.008362583859	0.017081275244	0.004196831847
201662	0.006745464303	0.010447349301	0.006794303725
153928	0.005549129337	0.008657474971	0.005091134327
152343	0.005128646729	0.005184735774	0.003795619437
41301	0.002172452714	0.003011669724	0.000579011002
30167	0.011392259098	0.020368558486	0.00752859683
223634	0.007459076943	0.009989463601	0.006561947142
51628	0.014004357583	0.019753675614	0.013715778072
145730	0.013997054504	0.011250480147	0.011052920949
200304	0.007968995235	0.014172147013	0.003530494281
245832	0.015532702132	0.003252317252	0.004238907238
577081	0.002774743874	0.013358502505	0.007000684078
513590	-0.022097323587	0.047404376138	0.004577326331
252268	-0.008604416736	0.000144463813	-0.002158884363
579129	0.00183399904	-0.000264411907	0.000760895984
586939	-0.001774261132	-0.002690573379	-0.009242289299
204219	-0.001790189604	0.014136817798	-0.005126909317
431182	-0.001534093995	-0.003110247684	-0.001821686084
331408	-0.00077202169	-0.001595471519	-0.001155876733
324145	0.005640834799	0.003174375722	0.004960831984
28765	0.019796143268	0.002378294453	0.002550764102
244840	-3.5279578e-05	-0.007554168738	-0.003562851558
329544	0.021365137939	0.000964585153	0.00204476857
238799	0.025521511245	0.001740937058	-0.00242928438
139405	0.002663098564	-0.002727546538	-0.001079015662
172675	0.004656712041	-0.000719807065	0.001018642331
575719	-0.005426673093	-0.002769852686	-0.003123200648
513929	-0.001454086593	-0.011330899261	-0.009328074032
2826	-0.002338754758	-0.000400550677	-0.000478585386
212837	0.003090714921	-0.008867025879	-0.003414446687
219667	-0.006738986298	-0.003397265844	-0.002843222161
235394	-0.001913048542	-0.000379882012	-0.000248958037
512209	0.020780310448	-0.000771958969	-0.005679782586
560957	0.023427566141	0.009392463273	0.007076556515
583602	-0.002080461256	0.015058138883	0.008823286708
35556	0.022608454117	0.012969369812	0.009727992348
530010	0.023615792223	0.011956447744	0.009514291361
241588	0.005063346143	0.004342875387	0.000572542104
208621	0.029229220347	0.006189757234	0.002497425279
252536	-0.001006473589	-0.002626420336	-0.000885236886
513639	-0.002986684759	-0.007144134735	-0.004034437987
304581	0.00885605179	0.008587777857	-0.000419468306
33376	0.020411588443	0.001250270702	0.002834723164
273690	0.012104299043	-0.006007650025	-0.001325506633
245639	-0.00236147228	-0.004633713361	-0.002558059425
585391	-0.005179111685	-0.004839442799	-0.005427195408
251778	-0.005456238419	-0.003338213872	-0.002512983191
565226	0.007901356298	-0.007507168969	-0.00505538506
533695	-0.005521263345	-0.006079866066	-0.005558815546
278198	-0.000441241174	0.019073971335	0.010316494529
558118	0.025709706278	0.001577835817	0.001884145925
105215	-0.010522277808	0.005756831527	0.001601248353
209753	0.000688050359	-0.000748732234	-9.5903278e-05
85331	0.012552840688	0.00601008867	0.002670457161
256640	0.000279434324	-0.010050141719	-0.0050727661
508828	0.026678004858	0.000224320108	-0.001003935617
548264	0.012758295664	-0.001842465519	-0.007540375356
199905	-0.008434164159	-0.00407843981	-0.004227918439
46917	0.002720965277	-0.012968439051	-0.006860120242
573487	-0.011447915989	0.004248787818	0.001975418488
255306	-0.000592835406	-0.009197449432	-0.0079881625
537762	-0.00548401937	0.002549735245	0.000892977297
526316	0.005602977603	-0.001950125024	-0.001216030448
237767	-0.003409831312	-0.004080458029	-0.004958661204
576162	-0.005352705468	-0.004843222087	-0.011024408614
2849	-0.000225105452	0.000182473964	-0.000349106004
581457	-0.002691070074	0.002096333099	-0.003712676721
385507	0.01360127577	0.025961201828	0.006151488941
84174	-0.002673768087	-0.004928781097	-0.002366606069
325188	-0.002294328471	-0.005472607359	-0.002766263456
238659	-0.003066919883	0.014560707441	0.004888120114
339412	-0.000264426195	3.6338764e-05	0.001272865138
314251	-0.000961547167	0.001268694281	-0.000931683336
190209	-7.8449684e-05	-0.000922792631	0.000755530447
542264	-0.01056070171	0.004986206396	0.001027660478
589189	-0.002431389367	0.007009052189	0.004882941029
528880	-0.008504234612	-0.000544668865	-0.000657606874
517269	-0.006942541531	0.002692920801	0.001585380334
500211	0.000457259214	-0.000425670778	0.000514336234
275643	-0.005812475514	-0.001021592162	-0.00253196129
143227	-0.008261548287	0.000384396789	-0.00232123369
246619	0.014036740015	0.005563431547	9.6677719e-05
2862	0.003258974057	0.009066628666	0.006097603993
50220	0.014112266664	0.016280479782	0.012306667665
368930	0.000804385067	0.000610044194	0.000813136116
588567	0.001334636008	-0.005923301153	-0.000564780683
533542	-0.003189227834	0.001982107633	-0.000340842887
509799	0.01063113889	-0.01162738524	-0.012764917237
308302	0.004046792273	-0.002963235833	-0.00077398595
509806	-0.004947839331	-0.006573693913	-0.004490811737
2838	-0.004519101583	-0.006196477994	-0.000376357225
551250	-0.00552629929	-0.005942388485	-0.007272150345
197419	-0.008159087816	-0.003954585693	-0.003146924421
314184	-0.006841429598	-0.009195819957	-0.005637262054
528592	0.004063002298	0.004473134633	0.005040710173
415267	-0.006663981173	-0.005169229663	-0.003640086287
583403	-0.01147910975	-0.00062684676	-0.00570658099
326719	0.008930041231	-0.013595815652	-0.007313790718
331911	-0.007969091243	0.004196265471	-0.004285001988
203469	0.017732265891	0.008245242764	0.001931899128
573149	0.018644234244	0.010380160099	-0.002167914112
242568	0.001080172697	-0.007961969495	-0.008007517478
243139	0.009746578101	-0.015464360563	-0.010651472593
201735	-0.006038967784	-0.001135680435	-0.002196325818
277693	0.003109462418	-0.007180483601	-0.004353735249
319977	0.006226305751	-0.008476067386	-0.003526337172
201913	0.0020112373	0.008082410424	-0.004584841103
268742	0.019122830734	-0.004406516009	0.000683353945
200086	0.009930272785	-0.003805200585	-0.003809143412
218719	0.006561205893	-0.008025100149	-0.006250329687
278656	-0.009058868064	-0.001334540304	-0.002306451526
332967	0.017089523177	-0.002916044013	-0.009566731997
594164	-0.00088143791	-0.007943621283	-0.007458016
517456	-0.007104820622	-0.002085070978	-0.002822522162
200854	0.007376558799	-0.007442258607	-0.004029464086
585097	0.009896698082	-0.013768993776	-0.00986372925
545782	0.015986839679	-0.010610659583	-0.007932793632
202207	-0.01425793165	-0.005422207228	-0.004516707124
528610	0.002044334125	0.003863222277	-0.001090864061
200885	-0.01058432222	-0.008300065789	-0.00607336517
242138	0.014436358158	-0.002297294425	-0.00967434535
591358	0.016760345214	-0.00405069837	-0.004929824108
509595	0.014902436294	-0.011367856522	-0.004706077187
252286	0.00259900125	-0.00266399565	-0.003397103026
235865	0.012020512266	-0.001744832985	-0.000890313149
416617	0.006953304585	-0.000487122458	-0.006844891672
524860	-0.000265826234	-0.007220643815	-0.003912763634
513834	-0.013383015303	-0.00721769054	-0.008779431387
581403	0.01278609706	0.003952490877	0.006652010826
257237	0.005793087696	-0.012624960421	-0.011449161342
572280	0.018840694806	-0.004691966566	-0.001256303818
588684	0.010536595057	-0.000303997437	0.001035562414
278955	-0.00585391256	-0.00597801607	-0.004403764056
527118	0.003824505824	-0.001544537297	-0.006625406962
202670	0.015117446168	-0.008028541513	-0.003770523787
321885	0.005059112665	-0.005710948883	-0.007910237039
255557	0.00056434198	-0.006353157315	-0.002775780596
324960	-0.001712696079	-7.1107699e-05	0.002076701672
397840	0.004612503265	-0.003770390273	-0.004446990093
223042	-0.005713104618	-0.002559483972	-0.002719774382
201687	0.007302257774	0.008354509743	0.007323542893
253376	0.000600929672	0.010157125321	-0.001608257567
202686	0.006613215789	-0.014226289898	-0.007498995517
202759	0.002141373323	-0.009893156967	-0.006375467079
246400	0.002581449301	-0.003801212856	-0.005171671634
243365	0.005747096265	-0.005465738145	-0.005709364612
320812	0.017839730283	-0.014665657012	-0.007287867285
325828	-0.008899935037	0.004297207896	0.000862850007
279355	0.019538613736	0.004870678821	0.001170859128
238600	-0.004875012633	-0.002275165163	-0.004633106201
308368	0.00608618726	-0.008986722398	-0.010514712468
250454	-0.000776723933	-0.008742972072	-0.00722611968
214051	0.020156799862	-0.00610508048	-0.005476887477
316663	0.022520213525	-0.006304723999	-0.00126722588
236629	0.011081479914	-0.015777937528	-0.006420742787
563036	0.008741806652	-0.003769255982	-0.001776418108
251736	0.017590481049	-0.008158742655	-0.004481469902
244582	0.007109734545	-0.011110504854	-0.008137763214
580792	-0.006098668911	-0.00397468723	-0.002836368613
551517	0.001103464094	0.000680206793	-0.001995426189
254402	9.8773552e-05	-0.010837777822	-0.00790119428
202050	0.005921661445	-0.007744359249	-0.012912228791
254636	0.000285251212	-0.001770628057	-0.001414372905
244080	0.004835357779	-0.01588047895	-0.007684836604
242459	-0.004922816449	0.002395751011	0.000672422809
587032	0.009684891434	-0.007489286266	-0.002789064434
582011	-0.002646045103	0.00053509836	-0.000170209402
252476	-0.005398968945	0.003026088246	0.000688864858
237881	0.006585316212	-0.009739468642	-0.008945306527
307906	-0.006316739701	0.003301291542	0.000273094617
250620	-0.004466975851	-0.001733774124	-0.002150432676
236287	0.007339729355	-0.007476212024	-0.002841129204
219131	0.010091256354	-0.007222993753	-0.002613012668
219963	0.015258302661	-0.006285160164	-0.002330110409
238979	0.00437975012	-0.001223022155	-0.001486762339
561767	0.006482998188	-0.004148851594	0.001889760733
253499	-0.000839821211	-0.01228067139	-0.007302985959
581157	0.013447057267	-0.018171557151	-0.015226075719
235969	-0.003606187003	-0.000633099217	-0.005003888929
312527	0.008994623169	-0.00470650491	-0.005508072343
244946	0.007012882963	-0.000278619335	-0.003962994421
258765	-0.002653353851	-0.004678521259	-0.002310503619
220916	0.015677623717	-0.000260958176	0.003573120892
216983	0.003374214399	-0.00595298255	-0.002218229098
203365	-0.004248393143	-0.010871879768	-0.009198664297
237749	0.008039123785	-0.011779217703	-0.005674806039
201554	0.010605040463	-0.011937147967	-0.006230415514
221204	-0.006645186373	0.003557402461	0.000826214183
219582	-0.00105710155	0.002944877243	-0.003364836281
572242	0.016414607505	-0.007049566323	-0.001624074906
579057	0.007551424419	-0.006281052172	-0.0022033718
212306	0.014104661701	-0.013268047233	-0.001955004049
532312	0.009217966134	-0.01163066579	-0.01008242454
238922	0.007230487923	-0.00037657809	-0.004397028024
333924	0.003203299026	-0.002821644486	-0.002182334415
239490	-0.005100851515	-0.004396122976	-0.004347250573
200727	-0.011362178912	0.005612981949	0.000982801269
544572	0.003818885305	0.006560512461	0.00444474635
202171	-0.001026685372	0.026335678183	0.006740656463
2879	-0.001108197704	0.000436466599	0.000295758376
545566	-0.0045583011	-0.005891536012	0.000203072698
512214	-0.004772929911	0.00069964132	-0.007907881375
549261	0.012853951656	-0.013877072402	-0.015911990406
538856	0.003755248322	-0.013767883106	-0.010373734801
547217	0.008684843621	-0.009944945081	-0.007705725824
344331	0.010276276531	-0.013300398849	-0.011071858827
224453	0.012723729244	-0.008584239521	-0.008802947808
235318	-0.005026827734	0.007417042546	-0.001361149627
221502	0.007720182961	0.014028333628	0.005472983871
336484	-0.002987639628	0.002211499499	0.003082875266
16557	0.008729387349	-0.010685837651	-0.008248524436
345379	0.020006868287	-0.000438255315	-0.002973430551
328853	0.002576843349	0.001896738856	0.001489710035
53180	-0.0071080898	0.003646156562	0.000496426076
24367	0.003778072037	-0.004293854588	-0.001923218832
250059	0.008129337913	-0.003652303244	-0.00817025677
534483	-0.000431612756	-0.004624979761	-0.000944686797
246083	0.011093060783	-0.006900414199	-0.008734395817
170729	0.003020608688	0.000703067273	-0.003642593702
240933	-0.003679416296	0.00171978372	0.00035693984
222936	-0.00267066678	0.002131092618	-0.002318121989
35108	0.011385382406	-0.009411158002	-0.008716650168
201365	-0.007863605666	0.003991182114	0.000878538556
541286	0.01904378523	-0.001166433397	0.001324346705
220676	0.023477987469	-0.001589691127	-0.001742139652
155587	-0.002925317528	0.001433072998	-8.9128739e-05
213873	1.0549285e-05	-0.003875366434	-0.002005404238
239076	-0.002871392368	-0.003389465572	-0.002229534505
312723	0.000963414164	-0.001391379359	0.00137496315
44762	0.001665834721	-0.002174849077	0.002013048786
302876	0.001292355723	-0.001526045922	0.001789540829
509247	0.003851222834	-0.001056679092	-0.002319881345
252359	0.007190253156	-0.004523061905	-0.002860994588
311526	0.003944844224	-0.007766476701	-0.004077571231
135881	0.010399031165	-0.007309938408	-0.007271526656
251688	-0.00471378103	-0.006080519116	-0.000545886464
231309	-0.01437753634	-0.002112174647	-0.014995309313
351708	0.006585841269	0.011711534236	0.006397680773
237452	0.002193746984	-0.001204376211	-0.00011396428
219735	0.003622803148	0.006127242357	0.0037717717
548781	-0.001803579554	-0.003289276449	-0.002346428695
517627	0.010669594027	0.013556365481	0.008272120129
576923	-0.001473249917	-0.002262667386	0.004431798541
260280	-0.002404871367	-0.007433269203	0.001462357494
571999	-0.00162270022	0.000325263882	-0.000406356599
246293	-0.000619823981	-0.000667641695	0.001357475299
549097	0.001445802623	0.00173064084	-0.000229454261
554003	-0.003803011933	-0.008979049986	-0.000112234317
198875	-0.013791924124	-9.9313002e-05	0.012501829962
218062	0.002432593567	0.004218520815	0.003462283146
585249	-0.000960709969	-0.007392347164	0.000179974353
511070	-0.001339563489	0.000578633159	-0.00091193758
403814	-0.003819678762	-0.000925622265	-0.001804609201
549187	-0.003473888293	-0.00877612402	0.004173778723
276082	-0.004969076673	-0.002113588557	-0.006112826623
240360	-0.002340419849	-0.004406248502	-0.003545756814
269210	0.005002535925	0.006838749923	0.005239145699
235874	0.001946407289	0.005033257509	0.001888888119
276723	-0.000998910266	-0.005422388158	-0.00473603427
542890	-0.000166977624	-1.5891305e-05	-0.001059838958
309556	-0.003076016253	-0.00488373779	-0.00293383684
276403	0.000703729971	-0.000109895501	0.000196346655
548383	0.000625789157	0.000114766533	-0.000694399668
161593	-0.00034280165	-0.010271149317	-0.005763321173
256308	0.008078578894	-0.003213404716	-0.006290640187
156060	0.011306766515	-0.002203171273	-0.007947487871
181593	0.005665346028	-0.005958656758	4.4508786e-05
588933	0.022757225432	-0.007792532221	-0.004362131297
65683	0.035879664645	-0.014724840379	0.002353885738
550231	0.009980721391	-0.010617212312	-0.004439652763
216191	0.023299678261	-0.019072395734	-0.010703292979
216375	0.020809074456	-0.01772546686	-0.01079362186
250291	0.036656605696	-0.002838663818	0.007522869445
112280	0.0277745026	-0.009442628464	-0.008547424922
111273	0.002757243996	-0.005288867682	-0.002540194848
35667	-0.001551360913	-0.001274916989	-0.00602611961
109707	0.01306248902	-0.004014032852	-0.005586947681
556144	0.011466330809	-0.012982016287	-0.009868961152
219383	0.008413905596	-0.005364662955	-0.005064723026
245617	0.004431281423	-0.002361539461	-0.006614386861
543366	0.032945475332	0.0041731132	-0.004269287087
235601	0.018119275575	-0.007729357381	-0.010567543702
583790	0.009077254709	-0.002194178076	-0.005048141388
245031	0.000827052323	-0.005534607577	-0.004969660636
286652	0.018209995424	0.00495629568	0.001836639986
217403	0.005262927569	-0.007236019465	-0.006284847289
102644	0.002938933002	-0.000301271052	-0.00434783824
223251	0.022608718354	0.00716644615	0.006362732884
240455	0.014504993993	-0.007809319224	-0.009991474912
203959	0.004405152017	-0.006328170513	-0.001918627057
547110	0.017959489916	-0.014313646636	-0.007093926579
588682	0.002490039482	-0.01175879891	-0.009714600372
227320	-0.002447429622	-0.014154634756	-0.008457606738
205811	0.01707131368	-8.2598063e-05	-0.004009471635
281308	0.000767832312	-0.001952532849	-0.000802172666
238340	0.021946565847	0.005167935069	0.010639917076
568391	0.014583236691	-0.009735771978	-0.004986781067
211992	0.031334252517	0.012987712062	0.001769295918
136324	0.01490951123	0.008572425995	0.006727516959
534600	0.004772294684	0.001824795274	0.003091582321
572899	0.02868530823	0.000736568889	0.002390705363
55354	0.023606504368	-0.009777252665	-0.019472950796
587131	0.006651673929	-0.006599544504	-0.00555796773
244874	-0.000547574959	-0.004379147283	-0.002614728159
559033	0.00038196911	-0.001222212671	-0.000477449512
224072	0.021319832653	-0.000747089163	0.000988229772
513586	-0.00631191992	-0.004311125234	-0.004418095781
223655	0.020376938992	-0.0037333765	-0.00396807847
253931	-0.011601060783	-0.003276254715	-0.00520958368
523807	0.010232739685	-0.002141405664	-0.007438062989
220924	0.027484735063	0.000644172409	0.001250044361
210216	0.023588049193	-0.010022460862	-0.007999232637
273516	-0.001652813644	-0.000807905392	0.000266792898
262812	-0.003835311056	-0.00952307058	-0.002461627262
262361	-0.002639985931	0.00054375535	0.000711733919
560755	0.000782005503	0.00106202047	-0.000398818587
518323	-0.001216060303	0.000624640457	-0.000874891888
573896	0.004327100183	0.00619176851	0.004637628896
545808	0.00044166378	0.000678971704	-0.000312809614
556620	-0.002483774206	-0.00492431538	-0.003726295937
327743	-0.006267035461	-0.00938597287	-0.004751748179
97060	0.0103681092	0.009348577326	0.007666940456
281663	0.007886749172	0.028707326471	0.007411000693
164797	0.002212841748	0.000761026105	0.001876940218
227819	-0.00213571454	-0.004576396043	0.003132399841
182894	0.000523917865	0.001188465432	-0.002509471515
199727	-0.000562168383	-0.000893805833	-0.00767771815
173965	-0.00714817264	-0.006557862494	0.008122162611
470150	-0.00109352434	-0.006118438192	0.015749232806
186029	-0.002514535219	-0.004407864833	0.011405343743
484296	-0.008712686984	-0.001345198652	-0.003224117287
529659	0.000118710826	0.001023607433	-0.009787465708
175508	-4.6036646e-05	9.5672512e-05	-3.3043514e-05
11372	-0.009932729108	-0.006675709102	0.016610721356
593352	-0.004260534345	-0.008964729391	0.012045334534
77607	-0.003311754102	0.012657345928	0.006937011037
135349	0.014905125532	0.023989902271	0.012658374116
78335	-0.002203661914	-0.004090536234	-0.002468260581
76995	0.012189646717	0.019655089067	0.010472395324
569953	0.008140482388	0.016173387066	0.004036273087
94574	0.010494116233	0.037006664993	0.020783797727
75442	0.005796330376	0.011448000737	0.003509521849
236583	-0.00097883219	-0.011737094363	-0.010278605103
236596	0.00168635865	-0.003800829361	-0.007920578676
349634	0.024676983114	-0.013262107073	-0.004199829305
160983	0.00310358741	-0.007011176452	-0.00353049077
114136	0.013580476608	-0.019415043478	-0.01467985587
305277	0.008650186146	-0.007842070749	-0.007278039012
574032	0.033277667207	0.003497214406	0.009834214257
401635	0.013238657705	-0.014983850251	-0.009894723967
252308	0.009402582442	-0.013657660318	-0.006608001116
252569	0.008460120916	-0.00696722922	-0.009972543026
149649	0.022747335332	-0.016948986594	-0.011670898771
247938	-0.000557309468	9.441251e-05	0.000206124028
570893	0.005123767284	-0.001703671505	-0.00137198916
252979	0.021729483966	-0.009788204633	-0.004279745956
566193	0.018294482309	-0.010214201863	-0.010996258228
251135	-0.002856051378	0.002003441646	-0.000725659431
203418	0.009758730859	-0.014566047336	-0.017584224503
190707	-0.006833978792	0.004368332962	-0.002421199305
589372	-0.003665863771	0.001706476045	0.000221226285
154017	0.009601970748	-0.00134851894	-0.006247525641
149358	0.014878604021	-0.00290579359	-0.003369899986
267851	-0.00163588124	0.000967439675	-0.000199082939
248034	0.008763344678	-0.010065324974	-0.003821263237
452924	0.011874822793	-0.010996885744	-0.005497384879
125555	0.006611774235	-0.002710847753	-0.000853703438
111050	0.018427563522	-0.007871430828	-0.003608482925
239059	0.011906480825	-0.002215463359	-0.007722352216
533434	0.024687485222	-0.012842102674	-0.007552308875
159851	-0.014115351117	-0.003734910958	-0.003453268231
146359	-0.000495153431	0.000407675933	0.000466747978
251712	-0.00395790721	-0.002889394064	-0.002425096372
223764	-0.000604825752	0.003334318348	0.001825167723
538427	-0.001905921821	-0.00252794302	-0.001676771333
223672	0.008871234885	-0.013468043721	-0.008456916296
138529	0.001747053697	-0.000620243988	-0.00094679745
24067	-0.004267984602	-0.000468785869	-0.000240905306
200245	0.006105284648	-0.001097971627	-0.003898414901
223743	0.002825078185	-0.005140229961	-0.008375916589
217548	0.014080372495	-0.012092260111	-0.00558827178
243412	0.00830558962	-0.001649601408	-0.005478429032
580173	0.008200370274	-0.004119443892	-0.001056669134
513327	0.000271699438	0.000411411804	-0.000958955981
88335	0.00456560087	-0.000379638835	-0.005010630987
90198	0.013815238446	-0.003769585987	-0.007679010351
255859	0.006130591198	-0.001479105399	-0.004190525062
19731	0.008793139619	-0.01200535395	-0.003979614711
217448	0.011042106916	-0.006010585326	-0.000174274435
250264	0.010425119531	-0.003197114291	-0.005626365897
593430	-0.009740580793	-0.004427000457	-0.004491845991
256705	0.002912182519	-0.007049956427	-0.00315638846
538368	0.014713776559	-0.01190468346	-0.009618603728
544147	0.013245792913	-0.008861350534	-0.016642679988
583293	0.015061962257	-0.010115649881	-0.009111360012
251034	0.007061198196	-0.010279022714	-0.006684493273
209882	0.02038557521	-0.02015939788	-0.008000567738
509881	-0.003836315836	-0.008196170343	-0.004560728397
561981	0.019808558029	-0.008862014189	-0.009991736511
89763	0.009193708718	-0.01207915785	-0.006299123388
252993	-0.001759219044	0.001644706557	-0.000845535672
151564	0.014081115486	0.014596519222	0.007473647348
113997	5.6750665e-05	-0.009067172537	-0.004666723886
550165	0.012274582821	-0.008540252627	-0.004358201624
238013	0.000731718148	-0.010046346442	-0.006174184887
235293	0.008188619719	-0.016245286391	-0.009149008517
235064	-0.007323413603	0.001588888181	-0.000383459761
225982	0.006752521905	-0.012942767811	-0.00908773717
583767	-0.006818842078	0.003279959658	0.000359342064
547544	0.007241094646	0.000215049551	-0.006938751469
534856	-0.002452830039	-0.001974640451	-0.002512726284
243579	0.005077211436	-0.008459103402	-0.005226405198
240349	0.005975013056	-0.006126372614	-0.008986483342
584366	-0.005411127986	-0.004856613986	-0.006093405581
552857	0.0021796661	-5.9847386e-05	-0.002635988721
362794	-0.002018190419	0.001515062882	0.000355909966
254704	-0.008778600671	-0.001880348582	-0.002392070774
239437	0.01169150658	-0.009799924324	-0.008354090321
586961	0.004663809478	-0.002605108037	-0.001494804018
513760	0.004570867762	-0.006816634573	-0.00443364288
219818	-0.003794042222	-0.004629060015	-0.003960583466
103760	0.014908648909	-0.006978538951	-0.006497050876
583887	0.000447344374	0.000210511107	-0.000741339489
240018	0.003169699045	-0.013331759597	-0.010015828968
282759	0.000987452996	0.002192683865	-0.001889671582
160311	0.006958768572	-0.002561401291	-0.002085073181
562566	-0.005263174933	-0.001178366935	-0.002668209146
121120	-0.005630210499	-0.003323298173	-0.002581559977
249770	0.016345402212	-0.005568280869	-0.005457669004
240881	0.01535064663	-0.01065808375	-0.012559671872
547206	1.2347561e-05	-0.005567023067	-0.003206308595
216189	0.000556051075	-0.009114602023	-0.004373668935
572569	0.00416636892	0.001052946016	0.001109437876
509116	0.011061431505	-0.010155022667	-0.011080571574
240172	-0.004204668171	0.002320711854	0.000242508531
237482	0.000922224639	0.000913414768	-0.002904852679
314789	-0.013063416389	0.002244437605	-0.001971565534
566165	-0.002097286989	0.001496868836	-0.000197200004
27571	-0.004173892721	-0.004311930144	-0.00243183909
305385	0.015708674212	-0.017595424807	-0.005904664409
582187	-0.008527208636	0.004014608164	0.000892176991
593325	0.002672102188	-0.001111493223	-0.000504597355
356027	0.001228927056	-0.005595803957	-0.002713520515
227361	0.003556302547	-0.006251846125	-0.004526300586
236252	0.00904196128	-0.002391446875	-0.004129304999
141167	0.00567390544	-0.007755002234	-0.005691416898
572125	-0.002405250021	-0.000444955015	-0.002587791775
253490	0.005352407859	-0.012200383821	-0.006869927295
256786	-0.0085738955	0.004256000218	0.001109189213
248299	0.003755372842	-0.005475057644	-0.003723766087
132770	-0.003708893713	-0.00613929197	-0.002158977536
322856	0.014392758882	0.003994242804	0.00666741183
560846	0.032352440299	0.012494598257	0.011499145898
239095	0.019080703998	-0.010701078612	-0.013818451338
244063	0.010358668645	-0.008492917777	-0.00466276849
542025	0.01859398191	-0.013615124559	-0.006436064059
210666	-0.000430310373	-0.004404575381	-0.006030200442
368027	0.008009187051	-0.003089329134	-0.001295876592
225485	0.014420188595	-0.009053386567	-0.003793952178
350375	0.023523061715	-0.008852595041	-0.003384195757
593718	0.016279417436	-0.004322190546	-0.007092661506
572494	0.001188179383	-0.000356629044	-0.00017776381
258935	0.001436701704	-0.010120015098	-0.011841142074
539978	-0.005743849485	0.00274617403	0.000424753708
252595	0.009551196582	-0.008635718077	-0.006564744844
254009	0.01566686824	-0.011862815779	-0.014840636384
248114	0.014945096972	-0.018315641377	-0.006753878899
311550	0.014042922582	-0.013191675018	-0.014216753837
243586	-1.3551504e-05	7.4556602e-05	-8.6901773e-05
251112	0.012251176741	-0.01183079243	-0.004759118317
253677	-0.015410494768	0.001874442638	-0.001822966739
134038	0.002438264126	-0.00163703565	-0.001005965487
253774	0.008075325909	-0.003797700244	-0.00078902557
541327	-0.002654796089	-0.00215234899	-0.001322678384
533016	-0.006149216925	0.004221678129	-0.001989522635
512663	-0.021307227384	-0.005193744519	-0.00660052001
123528	0.007424970819	0.010305892122	0.008573690199
370425	0.000785421139	0.005119754277	-0.001614550155
253296	-0.005053058863	-0.00524554075	-0.003156813063
91949	0.018861517213	0.02745927881	0.017511396862
577551	0.004615396128	0.005069071988	0.006239663535
580190	0.007018365484	-0.001653837651	-0.004750343096
242600	-0.003905361058	-0.000237245929	-0.006570659625
137813	0.00743055549	-0.00323192858	-0.00243244976
237357	0.004289646228	-0.00264790186	-0.000388712687
168709	0.01199574621	-0.00967842436	-0.00594825337
166076	0.004197122688	0.001817309763	-0.008020162097
155707	-0.004068267387	0.000152848328	-0.00712886918
509078	0.007446951187	-0.004601994593	-0.009332967637
250781	0.005761716073	-0.006405879499	-0.008593093244
104603	-0.009641845168	0.00580127654	-0.001634735881
275285	0.015781130146	0.024074698493	0.00338780452
308664	0.004935798213	0.005958805164	0.005359166238
223917	0.00391943919	0.004761969785	-0.000628394075
84679	0.003707387772	0.006215267464	0.003568545239
13713	0.00338776095	0.002722041426	0.002281780164
318438	-0.001732954746	-0.005295599483	-0.002627905068
509179	5.9516657e-05	0.001873311324	-0.003179724031
136276	0.009834776329	-0.006103457549	-0.007176948905
112742	0.007585008229	-0.012966684864	-0.008439388026
227521	-0.000112106561	-4.0319735e-05	-0.000229772979
246550	0.003218295397	-0.003446241243	0.002392866632
90217	0.002455401288	-0.000353516255	-6.519371e-06
308650	0.002806783824	-0.000508099515	-0.001860625939
282718	0.005560709021	0.009111897142	0.00900316539
362406	-0.006829551031	-0.006158588272	-0.005240896928
1435	0.000410108093	0.005992779931	0.003114993644
569984	-0.001862303822	-0.002974870495	-0.002623224013
238196	-0.009814462811	-0.005462576549	-0.004135779547
221405	0.001365226921	-0.001545780778	-0.000713562993
535432	0.00099480862	0.000626697445	-0.006731767104
247439	-0.000660761544	0.00055417197	-0.000624688904
369894	-0.002278557084	0.000985078217	0.000214197419
549912	0.002572965208	-0.000787396714	-0.000479709109
100171	-0.015694372941	0.001267903318	-0.00036491053
141815	-0.000317532773	-0.001598953977	-0.004902806668
319724	-3.1177583e-05	0.000816509122	-0.002015906971
321601	-0.006651195841	0.002908226669	0.000424381854
163720	-0.001217151195	0.012430364601	0.008620385312
247640	0.001248712833	0.001612575311	0.001414240873
542039	0.005614283244	0.006674734681	0.002929480548
576477	-0.001488786555	0.014205531096	0.007648341041
537151	0.004168993428	0.004330566889	0.004190579033
548377	0.001552406812	0.002706291285	0.001452134731
143747	0.004576280278	0.006645138734	0.005264441739
565587	0.006488998175	0.009363920635	0.00573266812
568807	0.006448299694	0.012010471279	0.007486704167
250645	0.004391110528	0.008285017719	0.005263675387
153870	0.000425971986	0.001163168597	-0.002062584295
519788	0.000793187261	0.001527917783	0.000707379377
243552	-0.002555075171	0.003041414575	-0.002637131783
235803	-0.003736032225	0.001864638102	0.000328853677
239599	-0.004237033428	0.002157405085	0.00056608511
254133	-0.00576893377	0.002752958042	0.000506218086
347509	-0.006227938251	0.003038244227	0.000560067807
306910	0.003143566652	-0.000102258229	-0.00368130824
537856	-0.001885297005	0.000914518894	0.000283835394
568015	-0.003996173757	-0.002242632407	-0.002559130378
369522	0.006554658332	0.012638531647	0.002890537469
590848	-0.006643952217	0.001257876203	-0.000122337551
584471	0.012792463722	-0.011372313868	-0.009122006472
221811	0.006419468171	0.00908070987	0.00311044176
550218	0.003097296121	-0.005783800102	-0.005683997896
225301	0.017061980621	0.003088677104	0.002678915606
589390	0.028267749429	0.004338009711	0.004610830436
156900	0.006906258662	-0.009944085046	-0.004025602308
56514	-0.005618834755	-0.000846959075	-0.002456535327
369447	0.003906451194	-0.000530301624	-0.002629863961
113767	0.00866697786	-0.000719194473	0.001999113418
282328	0.006427208907	-0.009157942059	-0.009238527125
241676	0.0057781286	0.006697614709	0.005381716927
70379	-0.000171132204	-2.2177335e-05	-1.0386013e-05
10984	-0.006919100044	0.009320135534	-0.001199111168
581615	0.00168840128	-0.002207229576	0.001808006783
288295	0.00127941078	-0.002001322019	0.002019070376
205209	-0.007562581277	-0.004959536224	-0.004611092121
200752	0.010294088313	0.000831773661	0.002408128135
202068	0.005253267466	-0.002312718563	4.0236591e-05
556248	-0.003726405471	-0.007391103303	-0.005041098788
224443	0.00013900338	-0.001079356836	-0.001987041514
112352	-0.004953611999	0.005993941195	0.007224730207
225404	0.008745457665	0.011148730845	0.009504965503
210172	0.000194473712	0.003794003372	0.004220827807
247875	-0.003486663173	0.001148246249	-0.000174390368
85874	-0.002665410182	0.00149820233	-9.3974844e-05
526791	-0.001290443186	0.000222657108	0.000972889978
137866	-0.003240175892	0.001582479036	0.000775566658
527277	-0.002687726852	0.001539747678	0.000799866612
549954	-0.002958687225	-0.010209570982	-0.006370337298
534516	0.00312063323	-0.000241874907	-0.002989645562
541046	-0.002870570941	-0.002362337612	-0.001065485579
510471	0.000232679143	0.000224792289	0.00016530102
238766	-0.004041788226	-0.006504045912	-0.003648977361
220353	-0.00481837165	0.002679834783	4.6634175e-05
289530	-0.00089310903	-0.008402297439	-0.004438274768
588861	-0.0045673137	-0.005593181933	-0.009889717372
217917	-0.005496886476	-0.003285171623	-0.002443128583
494235	0.002972424764	-0.002200925924	-0.004219639211
585970	0.005118002865	-0.007041817392	-0.003970005151
346142	-0.001850969461	9.088495e-05	0.000156886251
282711	0.01047726487	0.031845262314	0.023655995072
286104	0.037368145868	0.007076577954	0.010716482513
82007	-0.003199365629	-0.000811310974	-0.000682467218
160921	0.004893694679	0.011612040124	0.007100886049
584527	0.024087284327	-0.006969242957	-0.002980167575
207796	0.025151670914	0.003560306193	-0.001292956755
134616	0.024268505514	0.012509273035	0.009967026542
206278	0.019118779903	0.02919027437	0.02425519911
212027	0.024776186657	-0.000188637295	0.000366860946
206963	0.020175611284	0.015524504499	0.007963167921
593363	0.01719629329	0.00652370404	0.009855546353
533602	0.007880660429	0.002134150548	0.000202992833
256904	0.005049371431	-0.002875771256	0.000226580671
549321	-0.008588958047	-0.005937614307	-0.005131237246
512939	0.015860149593	0.013616891084	0.01147036788
112929	0.001077735438	-0.003007502005	-0.001907867025
113232	-0.002569233134	0.001588951832	0.000623973806
218985	0.01928187765	0.007380363299	0.007670721593
284171	0.008504324959	0.005799564179	0.000657902661
166792	-0.00146099249	-0.002989812462	-0.002676130206
580677	-0.002167779856	-0.007355172929	-0.003194085721
217400	0.000711796704	-9.3683598e-05	0.000208220332
160354	-0.007932021591	-0.005136241586	-0.004556429509
222810	-0.000237665444	0.001735410588	-0.002464891064
285320	0.002802802365	-0.00663254338	-0.003416298413
113170	-0.001184376392	0.000716897769	4.731582e-05
247231	0.007627835837	-0.003521773126	-0.000484618423
236377	0.001138565322	-0.005822655054	-0.003538291961
325796	0.011569207785	-0.010542120276	-0.00593186643
161451	0.014153591461	-0.00799256256	-0.013966111423
184881	0.003192870563	-0.001057363247	-0.000342706676
239601	-0.006097141184	0.003318632969	0.000344436032
186887	-0.002704755718	-0.004423711437	-0.002721697999
225605	0.001091807941	-0.000441728129	-0.000383568651
251412	0.006015963232	-0.002628462701	-0.000501630792
242432	2.1142901e-05	0.000798259411	-0.000925350063
219565	0.009382730306	-0.003529671214	-0.003175629609
223752	0.008645378562	-0.004057171737	-0.000458009991
261663	0.004981098882	-0.011484104722	-0.008037706716
112949	0.000434953098	-0.005226176433	-0.002878293489
113599	-0.008625884571	0.00641096787	-0.003803967929
114334	-0.004603103967	-0.009730436015	-0.005173416792
113276	0.001800898801	-0.000704811586	-0.000572997234
494503	0.000160395597	0.000168612666	0.000524469365
112836	0.01081950634	-0.004191951262	-0.003119647911
213333	0.008331333963	-0.002998732156	-0.003133150798
235741	-0.005432855076	0.003900555587	-0.001452632642
571700	0.012271953678	-0.004860086856	-0.005129773121
567113	-0.004275169048	-0.008302655822	-0.005199126841
559741	-0.012439414236	-0.005505583985	-0.005575674699
569476	-0.006862526056	-0.003440535208	-0.003780609346
206654	0.013745740345	-0.007268016284	-0.007950343539
273805	-0.003220355955	-0.006359102162	-0.004488217799
238509	-0.001934751064	-0.007406087828	-0.003882252731
144409	0.00281477783	-0.003156540895	-0.003058009032
226939	0.008171998607	0.004817061407	0.002784127898
143212	-0.009384595419	-0.009351872602	-0.007339229101
536088	-0.00173862113	-0.005428561675	-0.003551875671
239300	-0.017268472404	-0.003899499917	-0.005391808157
560792	-0.002417361351	-0.005611853859	-0.004256215704
239349	-0.005538682318	-0.000965254996	-0.00110206797
511930	-0.006191866315	-0.000439146212	9.1378845e-05
512873	-0.014394831554	-0.007550617585	-0.005562952422
210026	0.000164736178	-5.5795258e-05	-0.000370546955
211287	0.003854358848	-0.00614631231	-0.005733093011
558845	-0.00348238025	-0.003457202337	-0.005029165041
553650	-0.002034241412	-0.000334886082	0.001575061833
587936	0.000495947368	5.5264508e-05	-0.000542411545
536270	0.0003330841	0.000261944404	-0.000391669186
56382	-0.002213266846	-0.004131539747	-0.003010320393
513763	0.017741079155	0.027667045919	0.009016832455
559475	0.001390255184	-0.001646420865	0.000333001433
169163	-0.000823957753	-0.001733538096	-0.002015100931
406679	-0.00078147964	-0.001723071829	0.001067109087
217608	-0.001210118103	-0.002634843152	-0.002236194895
143037	-0.001093126461	-0.002348334804	-0.00230574922
13743	-0.002349112091	-0.00465059199	-0.003585459538
573684	0.000517611557	0.000575200574	4.4122166e-05
74169	0.010594792243	0.012110744821	0.010947697453
545811	-0.002372660547	-0.005053631665	-0.003664817545
582257	-0.000328654849	-0.005274890727	-0.000845453053
542211	0.01411204875	0.016663068579	0.010291427212
573491	0.0124474134	0.021074820858	0.006856567268
509986	-0.002186125478	-0.004240537787	-0.007580625737
113898	0.008212060367	-0.006820850278	-0.003709996896
533078	-0.006995278242	0.003441787223	-0.002187419909
349891	0.00344791081	0.00690153861	0.001426528032
534526	0.002266864979	0.00318205416	0.002492482562
552001	0.006514303332	0.007969556094	0.007116265454
44024	-0.001174285994	-0.001456013811	-0.001097676353
215669	-0.007995282176	-0.008740825498	-0.006793996067
65688	0.000869255522	-0.001974637376	-0.004369275893
102361	0.009075222902	0.025935275103	0.010300450821
531244	0.015643799675	0.024515411462	0.010761212701
267008	0.016032609681	0.023509725844	0.013491646839
163647	0.003546066502	0.002804852458	0.003676458391
260028	-0.00330832434	-0.007193604886	-0.004451986116
574788	-0.002870258806	-0.006409753602	-0.004536982681
81161	0.005578990121	0.003506361193	0.004887999741
52017	0.00152114535	0.001059588669	0.000130931359
66912	0.004970655121	0.008154680438	0.004867049923
65481	-0.003049835292	-0.005715478775	-0.003869508967
210067	0.019504087617	0.02620222385	0.012578979076
162849	0.009281068339	0.011258068423	0.004638892529
235963	0.005514143008	0.006972402951	0.006024673771
263961	0.001967707517	0.003115432687	0.001876577722
100980	0.007718453641	0.013629007991	0.001557535423
576076	0.014498996345	0.022938745265	0.01688911445
533160	-0.00242675211	-0.004551980865	-0.00690326362
166011	0.015027673228	0.015160212653	0.013246616138
199390	-0.000891095694	-0.002900926419	-0.002112186172
151229	-0.003630000443	-0.006746775313	-0.004856548598
170927	0.009292681277	0.014623866532	0.006402207268
70228	-0.003748780847	-0.006988216454	-0.004980775107
214216	0.000127491126	-0.00019420786	-0.002019345798
594126	-0.011581605193	0.005310302339	0.00143973028
274279	-0.00586988025	0.002713457996	0.001032997877
570248	0.010543742178	0.014544410586	0.004467874553
509572	0.007036341822	0.004840491644	0.003292306835
538643	-0.000250916982	2.2700522e-05	-0.000308279056
553966	0.012447900154	0.022520816089	0.002879978112
2724	-0.001866507389	-0.003590928424	-0.002669841581
277874	0.009214596299	0.014214489101	0.001246137997
69761	0.004462714579	0.007408535173	0.004178849392
264526	0.011835777078	0.018569770893	0.012203405946
579753	0.002870824319	0.005428587074	0.003236985736
66911	0.001457042561	0.00161276256	8.4863189e-05
102061	0.007766123128	0.009554839815	0.006547234934
90530	0.002591630339	0.003789866526	0.001682514156
65476	0.002134232531	-0.005388788227	0.000903160798
2742	0.018951941973	0.028976871726	0.014584769771
47263	0.015848995939	0.023657001387	0.014578106108
101137	0.006359385869	0.009449802057	0.006848717863
2745	0.014948088	0.015459121457	0.01410790052
310689	-0.000176940209	-0.000354006415	-0.000695330283
83666	0.016068271298	0.019171279442	0.009563516886
143650	0.009595412014	0.02684371792	0.015515577912
563365	0.00077218019	-0.002093378483	0.000380659715
284052	0.016585638383	0.036886479389	0.020363549295
511535	0.005921990212	0.007991304306	0.000872721835
226739	0.003556840235	0.004861312784	0.003048074832
278445	0.006674495083	0.012485966443	0.003939320052
2744	0.004094120646	0.007112652473	0.004350859472
544167	0.007082883878	0.01000339467	0.008043897213
549137	-0.002802195324	-0.005555310941	-0.003656863298
194108	0.008176330639	0.009431341267	0.006431911686
143935	0.012163338544	0.015029504553	0.00481031385
114372	0.003779786816	0.005363994032	0.003549022048
564996	0.015842483054	0.021774622782	0.015604938522
563567	-0.005923088476	0.034445021876	0.013264553292
251287	0.014226549043	0.02399854452	0.00714523245
573498	0.011330152157	0.018298770199	0.003109739871
565564	-0.006247134579	0.015247363886	0.007460997317
562167	-0.005577435447	-0.005256258237	-0.001717583037
568335	-0.007390328667	0.0047222704	0.001109768733
575415	-0.005817664247	-0.005427953318	-0.003631166606
22845	0.001321923473	0.003521288489	0.000129555203
559525	-0.004114370926	0.011018366143	0.00497154832
278709	0.003544020928	0.006724334566	0.006074670311
153300	0.001065028347	0.0019486666	0.000973883269
548078	0.004515028441	0.005433629801	0.003667452883
220556	0.014418962188	0.022542941536	0.008264036359
162841	0.009712586605	0.033112082002	0.014871487261
534587	0.012323466734	0.036418067937	0.014254905516
590201	-0.006240822877	-0.008432896134	-0.000166789047
274885	-0.002263973615	-0.001184831079	-0.001896919108
552531	-0.000949469794	-0.002874669646	-0.002743944268
319179	0.003144335138	0.005770887544	0.003328060782
72863	0.011784542575	0.013401538522	0.007711379088
581965	0.015881480466	0.036734683474	0.016480259763
541573	-0.002103168129	0.000531739528	0.000373167411
182748	0.002600158049	0.00385880262	-0.000597288181
260455	0.016325404694	0.030744994063	0.011671506315
208032	0.009658728882	0.023260722614	0.011101366379
555305	0.015471170549	0.026941286987	0.009398635734
563339	-0.001484186442	0.015730893874	0.008825937652
552873	0.005901779845	0.017521156344	0.008629749309
348818	0.000393521409	0.002140998234	0.00509921635
551071	0.011880084483	0.013492857774	0.012453570335
211661	0.013096897538	0.016444181151	0.012801697207
143557	0.008183940524	0.01112695916	0.00848688894
203941	0.003387442134	0.012083079206	0.005828706802
143216	0.006973867052	0.012279170215	0.008178306743
594201	-0.000558629836	-0.007038413075	-0.003528908185
232744	0.000638287508	0.004107610628	0.005193594412
2751	-1.3703893e-05	-0.00047889618	-0.000475951767
542855	0.013489601256	0.013788244346	0.009058928575
65692	-0.002676677798	-0.004776488955	-0.003054609066
587145	-0.006664101274	0.002452369376	-0.000116914653
246089	0.006295205149	-0.012813787463	-0.006264294859
82558	-0.001535712289	0.001878336141	-0.002160271802
250810	-0.008618474333	-0.001854554606	-0.002153902433
557083	-0.000460077897	-0.004440527613	-0.005089503872
144633	0.020042453302	-0.017757139078	-0.005664415379
23428	0.005734116128	0.003486762355	0.003049776901
114295	0.010934792304	-0.009279290881	-0.003005328784
542524	0.002559930265	-0.003099832819	0.000818428278
248616	-0.00223305443	-0.005859425658	-0.003860901399
248283	0.004422963105	-0.000665748013	-0.001701066426
243950	-0.009423140038	0.001091044349	-0.000436655013
154220	0.001869694306	0.010577057154	0.005563453367
219899	-1.621327e-06	-0.004510030463	-0.001870603813
223701	-0.011307838242	0.006138336267	0.001270085836
214083	-0.006445171379	-0.008867334035	-0.005047235437
330071	0.004578973569	-0.001859134262	-0.000882082807
535410	0.000604998991	0.000553254222	-0.002532611675
249472	0.001533307737	-8.3366574e-05	-0.002395129234
114049	0.002398105848	-0.001249420485	-0.000482431937
330804	0.020276381199	0.005903178733	0.000893711013
113017	0.026271191385	0.006347949092	0.009172007517
65453	0.010594455155	0.001154476478	0.001155503681
308698	-0.011967280148	-0.003984499479	-0.003053693608
533646	0.023513706276	0.008307588332	0.008630660782
248412	-0.014646465955	-0.00186945227	-0.003656280267
576689	-0.009137664968	0.004243702327	0.000740917884
71617	-0.006426367845	-0.006864335233	-0.008547786868
584629	-0.0033114843	0.001366157819	0.000410829225
251306	-0.006119034369	0.002905257405	0.000289580154
361865	0.003535764732	0.00687628902	0.00449343994
336578	-0.004553536766	-0.006437738289	-0.003627313546
306793	9.3906574e-05	-0.0001497194	-8.4912524e-05
257781	-0.002136531197	-0.006365267096	-0.003827693999
2710	-0.005664398409	-0.008087974627	-0.006850888888
539981	0.001507627976	0.001009174422	0.00085741439
193982	0.001962186459	-0.001296889241	0.00057737919
142371	0.000180970015	-0.003356538053	0.001349959131
184557	0.004133002431	0.006697329214	0.003791575843
533639	0.009942164645	0.009247529906	0.01223618417
173719	0.003787595851	0.006394383989	0.004054807304
102457	0.010632855578	0.015390137226	0.011595506124
322996	-0.001528221611	0.004595966048	-0.010149235384
559886	-0.001667176289	-0.00717990117	-0.000616890356
243734	0.001251609871	0.001675588283	0.001018110774
248966	-0.00074897687	0.001731986499	-0.002722092877
233441	0.011869195116	0.021383824511	0.013002752273
161161	0.003634890469	-0.003720974112	0.002857913356
246357	0.000833387369	0.000176065587	-0.000560071111
12396	0.001603261924	0.002952933816	0.001758806508
569727	0.002231232242	0.000839699562	0.00237005874
575067	0.002339849895	0.002750697853	0.000564728883
184899	0.018987219646	-0.006533663822	-0.007487973419
258809	0.005026756261	-0.002169522916	-0.000688920958
262115	0.003604589241	-0.001650715074	-0.000933298094
143458	-0.001727140644	-0.011538636274	-0.007014485847
212594	0.006362586523	-0.002463242308	-0.000940032321
114339	0.02262657756	-0.016026914042	-0.011403707347
211351	0.022056946473	-0.014925700971	0.001709683141
254564	0.017173721845	-0.012431478801	-0.00617241916
247114	0.00359497456	-0.000743228013	-0.000240584335
226892	0.014496341986	-0.008471579677	-0.006962326307
261806	-0.002993327522	-0.006514662886	-0.005287818073
51973	-0.001222309596	-0.00361503307	-0.002493251771
73998	-0.001867329666	-0.000849845343	0.000507323578
247984	-0.001179173432	-4.5793148e-05	0.000426607418
250288	-0.002904537522	0.001249055266	-0.001498025794
325608	-0.005327386471	-0.03436758734	0.078928187383
138368	0.003352428962	0.005913711174	0.003152304184
273357	0.001773687256	0.002425036415	-0.005247914444
510994	-0.001152950778	-0.015445421744	0.036524694085
273775	-0.00358237306	-0.006121619435	-0.004030106886
584060	-0.014271124164	0.006927667368	-0.004463922611
312221	0.000296867225	-0.002095145444	0.004994191587
515620	-0.001355425309	-0.001291620419	0.000846461326
89770	-0.001611081085	-0.00064634187	0.000975138815
44695	-0.004513704505	-0.003246967207	0.014439878
295560	-0.001052102455	-0.004765969025	0.013034900429
344553	-0.010210526379	-0.007109448652	0.019057509758
193066	-0.021698367915	-0.026457777769	0.037519830545
526583	-0.000234703484	-0.001610747094	0.005193718249
182202	-0.015513516932	-0.006461062912	0.011169321484
338957	-0.005423593956	-0.01112458313	-0.005942024607
553388	0.001049197128	0.002453124917	-0.004334739445
300356	-0.000795005015	0.001221056201	-0.002541362832
319790	0.003759991574	0.005445452656	0.003785834188
298875	0.001622284748	-0.020845169885	0.07022074842
301680	-0.007171388099	-0.00867487025	0.017568004549
321137	-0.012353472391	-0.003605549097	-0.00082361347
287156	-0.003199024433	-0.00624189204	-0.004455934922
308502	-0.009434760318	-0.011281232967	0.021572388728
99507	-9.9264778e-05	0.000317331181	-0.000461342634
289611	-0.004039754302	0.001702541186	0.000595573547
330492	-0.006824165504	0.004738433309	-0.002056175944
294860	-0.003168566385	0.001393779356	0.000527350885
352027	0.001822428028	-0.001179516925	-1.0772963e-05
291568	-0.003887816025	0.001553347622	0.000448745634
146485	-0.001998419676	-0.004450142606	0.009238061334
68350	0.000206521603	0.000267060079	-0.0004537801
14145	-0.000334564064	-0.002994296288	-0.002454471346
591847	0.004618721807	0.002675243313	0.00522051732
66939	0.004626427796	0.008181914705	0.005061690043
112263	-0.000745183099	-0.003371129832	-0.002162558232
586356	-0.001560633948	-0.004464220427	-0.005703457535
14157	-0.000627101315	-0.007430113634	-0.002472690051
224206	0.004248921622	0.008169310036	0.005538631957
187802	-0.001020581854	-0.004751876674	0.008652997409
347636	-0.005201672778	0.0034419102	-0.001681892901
208565	-0.009579219812	-3.1930002e-05	0.00814957146
212304	-0.00427961913	-0.010320100855	0.01684232388
484442	0.00022756648	-0.000970469219	0.000403795039
552238	-0.003614486851	-0.008027267549	0.007042964519
207340	-0.000306374772	0.001620506906	-0.002368378457
589746	-0.001213735389	-0.000188654043	-0.007137012637
215890	-0.007028082933	-0.003443986406	0.002587255275
543525	-0.012048014493	0.005278346678	0.000187440703
289968	-0.007128167318	0.003156031951	0.000810704677
109334	-0.000375274727	-0.001826868935	0.003367618473
46159	-0.010919706975	0.009991623523	-0.008029276265
14163	0.000368520398	0.002581403152	-0.005407960723
229761	-0.012772476493	-0.007402411523	0.011628623926
351583	-0.008457362994	0.002776212133	0.002160238002
320853	-0.008373580952	0.003808315114	0.001031861277
309179	-0.003197070531	-0.001442208555	0.005800692633
584294	0.010492017359	0.013844659435	0.011713066614
219207	0.000295812709	0.000403984753	6.6666507e-05
347891	-0.000766768806	0.002128542676	-0.002615918153
160284	-0.013856416173	-0.009962693046	0.0067285605
405524	-0.010542186659	-0.019217305409	0.012739528354
68341	-0.006482570206	0.000210833527	0.004642299393
179165	0.000527288926	0.002333787671	-0.005158438
221226	0.001123440284	0.00145765339	-0.003859186069
426785	-0.001493551438	-0.003896594251	0.006937738949
268507	7.8218611e-05	0.000786592778	-0.001264810779
266777	-0.001604923663	-0.004779422518	0.007970693025
565812	-0.000139364435	-0.015745297426	0.011682295448
14277	-0.006361814828	-0.01114290172	-0.002020661911
489717	2.7743408e-05	0.000456986727	-0.000744507011
182104	-0.005486034051	-0.017915117713	0.007880976757
83175	-0.003017154649	-0.005682934591	-0.001600337877
364655	-0.002661822873	-0.004572186222	-0.00284793427
446471	0.000718866018	0.001164312183	-0.002090195734
86757	-0.009201348171	-0.018725913944	0.022298505996
523577	7.8057516e-05	0.002068600932	-0.003677699121
408773	0.000139312769	0.001416783689	-0.002324370685
275891	-0.005403660706	-0.019030949369	0.007121155562
175062	0.00026463443	0.001288147496	-0.004121150492
448819	-0.01638452118	-0.003408141508	0.021229671715
359171	-0.002462282032	-0.024251729459	0.065443095725
469655	0.000837705906	-0.006848613679	0.007765791368
218121	-0.000818314084	-0.004755655346	-0.00765641042
190690	-0.003582393374	-0.009369681339	0.007570624875
469646	-0.000358529999	-0.001011348752	0.000224418137
253709	0.000778347714	0.002402092502	-0.004092154985
492843	-0.00803876403	0.000457376038	0.003259939403
307370	-0.00141122135	-0.014089167895	-0.01265990356
14290	0.002454582928	-0.00652660742	-0.005958185868
357533	-0.000275526355	-0.007620665566	-0.00159305353
367842	-0.000812756928	-0.000778582109	0.001026739422
212128	-0.012198766606	-0.009162005479	-0.001058405026
500281	-0.001694863689	-0.000150498037	0.001921268301
181489	-0.002527718296	-0.003378451471	-0.008678953223
79549	-0.002577813133	-0.004846787474	-0.002753707608
259130	-0.001409709039	-0.006647271812	0.009172651342
469661	-0.006842241824	-0.024035713784	0.046865709738
571852	-0.009557712797	0.000452823157	-0.001592896525
267192	-0.005325123986	-0.019191827229	0.054267788632
111248	-0.001782056758	-0.003664786515	-0.002614675536
102184	0.000643262659	-0.001426880929	-0.001829045688
180930	0.000373071433	-0.001409918499	-3.1876383e-05
114950	-0.008864080048	0.001937730264	-0.000240609529
134335	-0.006092191326	0.002301637704	-0.000721100131
287160	0.01171295469	0.032474010859	0.014213715177
248695	-0.008552944543	0.002297692332	-0.001005066842
209458	-0.005434382446	4.0176979e-05	-0.00377426502
541432	-0.010540413643	-0.002397138905	-0.004157311406
589921	0.005973451976	0.011298939889	0.006917815649
183481	0.009021768476	0.014096887552	0.007702100192
571847	0.002366976236	0.004766226824	-0.000210157411
16144	-0.00839690099	-0.002866685848	0.00986826044
246458	-0.002032512476	0.002047924796	-1.624002e-05
16145	0.013328062361	0.021324840675	0.009228462283
224769	0.015942254575	0.020371851958	0.006429856373
104466	0.01699175114	0.018350994834	0.0119376091
104893	-0.007059666474	-0.000776423162	-0.003328826073
35306	0.002441081518	0.003970965106	0.002612222521
580821	-0.008147921245	-0.001085017836	-0.000559405918
252720	-0.003992362844	0.002337163958	-0.001733103734
578057	-0.000664944307	-0.001441424822	-0.002694699557
587690	0.003945688224	0.006525904634	0.003424480992
224105	-0.004643304883	0.001032770561	-0.004752079527
364085	-0.001114070824	-0.002837727274	-0.007726846948
469935	-0.002288293281	-0.006221393672	0.002054960061
16219	-0.004623321743	-0.004189609428	-0.010409891053
319567	-0.001159573627	-0.002095921099	-0.000348685666
346780	-0.013252731738	-0.037049976005	0.07091608127
313142	-0.009059983944	-0.003732959687	-0.012733790155
16214	0.001005249787	-0.000303299605	-0.003150310319
513409	0.000220306167	0.000111762484	0.00067893971
579564	-0.004416415268	-0.003520189959	0.046632996408
248563	-0.016678577584	-0.010764060085	0.004490937338
16213	-0.007877959166	-0.007376231065	-0.008328912701
315982	-0.004008028307	-0.009453268376	-0.001928543186
296166	-0.010802246876	0.005748362683	4.706303e-06
138056	-0.000267476344	0.007504071652	0.004429360687
352379	0.001284310633	0.001043512255	-0.003388692919
300582	0.000728817901	0.000856132996	-0.00071126813
288039	-0.01593631997	-0.001488668072	-0.003025364213
295190	-0.009707165279	-0.002217873783	0.001311362819
207741	-0.002620159111	-0.003910477458	-0.003736555367
555688	0.002615367825	0.004989922916	0.003146823076
591496	-0.000638272142	0.016205494215	0.010414340169
49549	0.006154504534	0.010841603151	0.009826924503
302631	0.001550086612	0.001349780401	0.00103173949
297938	0.000616198834	0.000173269342	-0.004818372608
16227	-0.00407148566	0.011002700773	0.005593505116
16239	0.009289043451	0.007675656823	0.010220652134
16223	-0.013339214656	-0.001835281387	-0.002513018547
16220	-0.001533143546	-0.002458807221	-0.002025676807
81682	-0.002207840361	-0.004439475659	-0.002813584208
99654	-0.001418006737	-0.005285218521	-0.003468904613
16231	0.003407888767	0.005206812828	0.001684263514
130030	0.000842162949	0.007439783027	0.002991941808
554614	-0.008412183834	0.005034114448	-0.002468428329
555547	-0.000255312519	-0.000889094305	0.001962755976
206881	-0.004233657414	-0.009689318061	0.019913999765
110175	-0.014149047103	0.000419303472	-0.000619859615
166629	-0.007618287585	0.003393383519	0.001132241455
571884	0.00187726468	0.003729551261	-0.002180495584
587566	0.003388462268	0.006557368987	0.004624227463
227369	-0.000445342891	-0.000587846686	-0.001152585498
165334	-0.005855949287	-0.003908272432	0.010043757087
549577	-0.004565888324	-0.000759913883	0.002658650783
329761	-0.009295618493	0.005019278289	0.001232232267
320073	-0.007807600987	-0.006398468381	0.011341294342
569463	-0.00237623196	-0.004446544844	-0.002778304062
83754	0.000844560633	0.000407772544	-0.003137041346
217109	-0.000782131818	-0.001993790793	0.004213857961
319455	-0.010640129131	-0.006596522905	0.011165721337
544392	-0.002204017134	-0.006569102957	0.010746025689
213762	-0.007269475703	-3.0498456e-05	0.006582838392
178618	-0.002525152722	-0.00483714099	0.000420259976
197539	-9.902048e-05	-0.001540637438	0.001230179329
368252	-0.013844792335	-0.015810380534	0.012306638635
389371	-0.008306578272	0.002968473869	0.001932255165
69942	-0.010215702383	0.0031169813	-0.010619749888
187767	-0.010637679609	-0.001317022824	-0.000662500229
363519	-0.001530351369	-0.003092019275	0.006390976798
296695	-0.008826700752	-0.010685185321	0.019059350731
204932	-0.015618682594	-0.014645652448	0.022190693271
191905	0.000285883925	-0.001747497139	0.002189162164
312520	0.00067559608	0.003637173963	-0.006606846624
549871	-0.007958752921	-0.019591194701	0.014784963289
308199	-0.003944145039	0.000144217023	0.003989435477
291097	-0.001522778588	-0.003418522612	-0.002381425747
299042	-0.0053112022	0.002432849984	0.000788363587
306735	-0.012656468535	0.006527680748	0.000462904899
272425	-0.0024050013	-0.004880303042	-0.002851630234
215758	-0.01384011691	0.003302659161	-0.003013070514
570930	-0.000864574183	-0.002849023624	0.00371582724
356309	-0.009181277798	0.004349365462	0.00144323884
212288	-0.004493921765	-0.009834209421	0.011647524277
292758	-0.005677973828	0.001783768	0.002506140533
195998	0.001020936459	-0.001356127493	0.001479991129
218710	-0.000906708466	-0.002108581421	0.004425246123
131845	-0.010947747958	0.004982899538	0.001271675909
288138	-0.000203099066	-0.000720578013	0.001631241934
191866	-0.007825054113	0.003769581813	0.000991071365
365302	-0.000409359938	-0.00129633597	0.002882111821
219192	0.00170779093	0.003071949138	0.001516088538
114917	-0.000274372643	-0.00025504275	-0.000356860251
509371	-0.009798391701	-0.000937650971	-0.001216911547
134002	-0.011436106491	-0.003193500756	-0.003723280954
579868	-0.004830180672	0.002692933664	0.000756104245
587360	0.003916370604	0.011906826042	0.007285028179
591475	-0.003188116759	0.012210765328	0.001546256257
15963	0.000350038821	-0.002142176956	-0.001911948842
15957	-0.010345427089	-0.002529732758	-0.002722331211
131553	-0.002556655048	-0.005604103675	-0.00365779974
122896	0.001609118282	0.001004410384	0.00082981178
338452	0.00205914421	0.003631659008	0.001862689979
50120	-0.002960151268	0.000121253591	-0.003529203703
142282	-0.006450757933	0.0028281438	-0.000172747112
304678	-0.001274130311	0.002623029554	0.00085245832
586020	-0.01010202257	-0.001137296369	-0.002074086227
550979	-0.001316341698	-0.002279737779	-0.004526733316
532875	0.001558061817	0.012203899186	0.004432325875
142277	-0.009572595541	0.000535652536	-0.000978062207
578409	0.00232614813	0.008554271702	0.006877607694
555754	-0.003150661342	-0.005739940201	-0.003550324849
144522	-0.006980182782	-0.006757741473	-0.004715446637
560325	-0.000575871136	-0.001355277809	-0.001138262274
16001	0.001858919333	0.000646426166	0.000611545027
131056	-0.004604168718	-0.000935131004	-0.00256371008
556214	-0.001779687171	-0.003165928919	-0.006088181137
218474	0.000362443764	-0.006830888859	-0.008702506653
131938	-0.000582197146	-0.001408657612	0.003051745641
358030	-0.000473068881	-0.002571845874	0.004689138128
69664	0.000370203845	-0.001292365269	0.000781433435
97301	0.0008275399	0.002306389524	-0.005025108974
325962	0.006298372761	0.01185044323	0.006982194822
65412	0.006699538978	0.012787804348	0.003475963924
563668	-0.003338246848	-0.00666117469	-0.004619946318
304094	-0.006872732092	0.003012911927	0.000878503199
307646	-0.00161502991	-0.002984428075	-0.001864846016
334222	-0.008959828778	0.004116896926	0.001117353931
540546	0.001167571364	0.002352838203	0.001883503534
399586	-0.003937953207	-0.006661854906	0.003255790734
302171	-0.004821976609	0.003180242197	-0.000268772396
300990	-0.007108330231	0.002934834768	0.001040473355
233169	-0.002611990182	0.002356484002	-0.001244374257
298416	-0.012905494096	0.007830465836	-0.00100575927
177704	-0.002888255456	-0.003019130874	0.007256698323
366882	-0.014265104613	-0.007994259948	0.002020900244
167872	-0.006269733539	-0.008232552317	0.009381519465
538796	-0.007673380619	-0.005002957473	-0.005566016848
230437	-0.016963432016	-0.000543579066	0.004817109175
348897	-0.011022623347	-0.004756892628	0.005917452884
49406	-0.001522252032	-0.010500718944	0.015905205915
204782	-0.004627520838	0.003195422521	-0.00197657929
105109	-0.012258019061	0.006533839141	-0.000875931675
263654	-0.000879918171	-0.002070196978	-0.005311811436
525905	-0.003161615632	0.000171698196	0.002562452369
23757	-0.002992928137	0.003205460928	-0.002206376812
523404	0.001819398207	-0.001436046057	5.5373649e-05
524781	-0.005738673345	-0.001559353489	0.007914355519
269956	-0.001750478513	-0.005542317601	0.000791387647
565565	-0.00629726497	-0.010848930117	0.001453687214
204351	0.000677957943	-0.007944558363	0.009786370692
300102	-0.011456642463	0.005106417925	0.00155528512
209103	-0.003072755303	-0.009629508844	0.002392088255
522130	-0.016541175255	-0.000183461325	0.005816410394
350555	-0.00077301432	-0.002643472433	0.003296281572
196795	-0.005299284753	-0.005506900112	0.01245655855
255669	-0.005155101824	-0.002186763616	0.008000857366
293085	-0.004464452426	0.000266515207	0.003700006075
21195	-0.00092803904	-0.00216478267	0.004381884964
186654	-2.751577e-05	-0.001336737255	0.001577788177
184208	-0.003953653252	-0.008058357587	0.006669797838
170124	-0.009889432534	-0.006330915795	0.016789713628
198941	-0.001550576775	-0.008441749161	0.012234331938
187846	-0.001037343794	-0.005158305657	0.009278108252
158946	-0.002718133927	-0.006581127331	0.004058801688
318972	-0.009408219269	0.004712840147	-0.003398221848
183699	-0.003106623318	-0.006053314658	-0.000449270881
191553	-0.009273472983	0.001941709172	0.005398281664
510817	-0.000582379779	-0.00369837291	0.005898697543
290513	-0.009271417173	0.004276783023	0.001212775711
301182	-0.00820158975	0.005078312201	-0.001070019966
51907	-0.008523168141	0.004326613564	0.000157869475
150878	-0.002774411852	0.000946289765	0.000525339106
294626	-0.006350258177	0.007765872302	-0.006437094563
538805	-0.008571038057	0.005554480249	-0.001746845384
301325	-0.00423401946	0.003170927217	-0.001568488989
193651	0.002944839548	6.5413307e-05	-0.002850766412
296591	0.001644319686	-0.004784754748	-0.014584068281
289495	-0.007825054113	0.003769581813	0.000991071365
334839	0.000299883506	0.002232219949	-0.003732800554
544358	-0.01553859919	-0.016830954124	0.012482917575
336513	5.9969101e-05	0.000447602212	-0.001158943263
196210	-0.002436076015	0.004637263333	-0.005638062806
78376	-0.00210564636	-0.004198447754	-0.004148105713
594119	0.000864825686	0.0017610768	-0.003555059677
272021	-0.009294629856	0.00459203476	0.001140572567
302160	-0.012040814996	-0.022741448733	0.032039505841
330252	-0.004475208784	0.00231952293	-0.000548824186
157036	-0.000100072059	0.000810954843	-0.001059891855
276522	0.000252219622	0.000299572324	-0.000552052626
422283	0.000732326734	0.001874261487	-0.004623170901
182033	0.000917909586	0.002328458152	-0.005036685639
177113	-0.003200726525	-0.007690103308	0.014604442575
209327	0.001111468832	0.003325897253	-0.007515292563
204282	-0.001811764199	-0.003617010137	0.004074771877
192573	-0.013465407539	-0.019167932174	0.074118687916
300851	-0.000229483025	0.00040690614	-0.001862515994
114348	-0.008638094111	-0.002157348885	0.011433834044
204093	-0.002226166217	-0.005841472969	0.009957190033
158027	-0.002007742705	-0.005348355442	-0.001806652838
316911	-0.000713678391	0.000809249035	0.000148630258
288514	-0.001398933412	0.00096266814	-5.0970845e-05
204126	-0.000522914404	-0.000384249248	-0.000262857939
206906	-0.011819893555	-0.006044288167	0.019957081688
158160	-9.1266708e-05	0.000314572228	-0.000956061066
165261	-0.021560872914	-0.02949115529	0.061892329753
469744	-0.008478449809	-0.005467060868	0.021973005185
180565	5.4137079e-05	1.0745331e-05	4.3051371e-05
435679	-0.005750291796	-0.00133692201	0.007964504595
420351	-0.002342607149	-0.005022976248	0.010371826965
208543	5.3125815e-05	0.000104985532	-0.00011380134
34823	-0.002985087771	-0.00770312346	0.013676607405
303345	-0.001318285275	-0.002050472573	-0.002086775494
288371	-0.001662976546	0.004230897984	-0.004768376148
296949	-0.002651156247	-0.002306489735	0.006111641231
299718	5.6571018e-05	0.000290069401	-0.000553814084
110968	0.000221914054	0.000400186802	-0.000743000744
169479	1.7105269e-05	0.000371809282	-0.00077830056
193896	-0.002926329064	0.003628218632	-0.004037970728
208751	0.001247906265	0.003328399454	-0.007356381224
278609	-0.002637648347	0.000771317286	0.001618601655
371870	-2.2456622e-05	-0.000245455164	0.000545643817
95502	-0.010301381321	-0.004673995931	0.006426437892
162151	-0.000787223471	-0.000164338248	0.001298357351
113111	-0.00056623817	0.000331552861	0.00018103614
277228	0.000102243656	0.00048903343	-0.001044152519
368752	-0.003298220033	-0.007560258179	0.002481852934
294545	-0.000220854001	0.001145997629	-0.011465440022
130048	-0.001372325313	-0.003118314786	0.006411285126
213306	-0.001299132304	-0.004575360949	0.007896347824
175497	-0.016225120607	-0.014655774893	0.020781669827
298457	0.002072306508	-0.000550028131	-0.000987146423
168795	-0.005486620223	-0.005119593779	0.000884560421
298036	0.000984654905	0.002241536888	-0.004608260206
306711	-0.002083844351	0.003735161088	-0.004007235709
554883	-0.006353226925	-0.001128497391	0.006981096804
263461	-0.012829175388	-0.011192801307	0.019141383631
168037	2.1901191e-05	-0.000454040528	0.001345216858
195102	-0.011335194624	-0.006994502125	0.005017413048
298072	-0.00478499452	0.004386004083	-0.002847032972
298918	-0.007362803438	0.002715637689	0.002048695822
303255	-0.007643622077	0.004357700252	-0.000879229836
593486	-0.007893762318	-0.005903490944	0.015243823657
165734	-0.010018028588	-0.015085764979	0.023589260006
158222	-0.000968459904	-0.007366738343	0.012446945197
548032	-0.010924125495	-0.002738242624	0.012921990281
510070	0.000280742547	0.000853944142	-0.001777950966
522699	-0.004137219734	0.004182068899	-0.002580470781
205531	-0.003320560319	0.000885526095	-0.000111343185
580270	-0.016789295123	-0.012294649444	0.016170539635
520720	-0.002258633698	0.001253609254	0.000384939892
41119	-0.002911893639	0.000666426428	0.001754491355
49276	0.000835906539	0.001788281029	-0.003546435305
209196	-0.000394944969	-0.000871216063	0.001815423937
349204	-0.004197283197	0.005426526323	-0.004504902139
311718	-0.007588156599	0.003679419804	0.000535580184
207983	-0.014032044243	-0.0139931062	0.020758596718
112837	-0.002346626334	-0.00483751831	0.00989817986
193632	-0.012120088834	-0.011726989073	0.020120928248
301943	-0.013055884213	-0.004253744896	0.013263837982
203545	-0.018856554866	-0.012133139295	0.014443563856
302974	-0.014031585945	-0.006374494173	0.004609868692
296377	-0.010402353638	0.000330297377	0.009888854937
209475	-0.001818223116	-0.003951098618	0.008155899982
164242	0.000736721264	-9.7219009e-05	-0.0008615058
549281	0.001250737209	0.002673645612	-0.005402958333
358150	0.000572559956	0.001180352444	-0.002329336618
215231	-0.009833032611	0.000338104745	0.006865199685
302377	-0.000737069802	-0.001041907458	0.001388910342
322956	-0.002597016558	-0.006044361484	0.008349087246
311308	9.779072e-06	-0.000854279147	-0.00044020113
581463	-0.011184164226	0.005267756339	0.001181990026
294604	-0.008997777872	0.003032617189	0.002962033634
216862	-0.02153874837	-0.014216980965	0.026658464941
204625	-0.002016610206	0.000139289556	0.002951476283
301803	-0.006305914395	0.005362573958	-0.003467883835
328532	-0.013942629513	0.000853590439	-0.001624917349
295890	-0.011178427268	-0.003787487161	0.004505048769
208377	-0.01972870576	-0.009840222256	0.011682377774
526794	-0.002951449027	0.003183676906	-0.004398330346
330360	-0.00013964293	-0.001521050643	0.003198097927
289958	-0.002252184249	0.002698107537	-0.002071369398
161109	-0.00247736021	-0.001121790377	-0.005123393595
296860	-0.010648285227	0.005992154908	-0.000437645844
155593	-0.005532658078	0.006923447787	-0.005902583738
134357	-0.004636641133	-0.000977545451	-0.001457686126
205241	-0.004487699279	-0.010340459904	0.008837752801
288325	-0.000619603811	-0.001612463494	0.003426022753
313898	-0.008801257435	0.008674723183	-0.007458628051
175959	-0.009063350394	0.002271204248	0.005281997241
289181	-0.000519191377	-0.001381459419	0.002852818725
355197	-0.008179627147	-0.003075067059	0.016319155395
341349	-0.004151155686	0.005407631137	-0.004474218257
188307	0.001298134753	0.002703933685	-0.005522071801
194648	-0.013566875658	-0.01532052256	0.047184537506
183866	-0.000239786384	-0.00061087525	0.001272088723
199308	-0.002060655092	-0.004499971266	0.003013031784
191796	-0.008303989563	-0.001992838027	0.009453218158
179989	-0.003731839483	-0.006449544592	0.001291927465
296257	0.001985819567	-0.004655851917	0.002585438058
342688	-0.001550038059	0.004008283421	-0.005737057696
198708	0.000230462956	0.000837929066	-0.001707331219
190454	-0.002015457909	-0.005159099365	-0.003762866466
14010	-0.001223818806	-0.00073968785	-0.000680666566
99173	-0.00992942445	0.005091146288	1.247788e-06
578437	0.000371994466	-0.000332605135	0.000328362143
531052	-0.000110409834	-0.000239363708	0.000521240641
199013	-0.006790942133	-0.013672266232	0.018489735194
231128	-0.001812273554	-0.006075514765	0.012588292574
578857	-0.001200490953	-0.002345066193	-0.008022297924
319153	-0.002724363332	-0.013029543801	0.019072740753
184905	-0.005800258531	0.003537104929	-0.001103374202
263014	-0.00659991564	0.001886484277	0.004109809787
325586	-6.978215e-05	-0.001373063011	0.004299374032
174911	-0.011790077815	-0.006265631138	0.013917270957
592572	-0.001368470733	-0.003737373394	-0.000678244065
562033	-0.004159084235	-0.009973960919	0.0086623879
297101	-0.007608956039	0.00055770702	-0.003456187685
342774	0.002188378337	0.004044796157	-0.009371021789
136370	-0.002222181913	0.001582199935	-0.000219977052
297819	-0.009726971807	-0.002221750857	0.015706882719
377385	0.000716506239	-0.001367254872	0.002836603761
161899	-0.003073072732	0.002553722854	-0.00139154286
206931	-0.004892421938	0.001902778931	0.001345102359
179228	-0.000507127117	-0.00202725043	0.003575466788
195173	-0.02537061476	-0.015306184296	0.038077463687
198536	-0.000646037528	-0.001114732292	0.001827059737
207390	0.00102408551	0.001383432507	-0.003534293648
298632	0.001616735722	0.003335964288	-0.006442530654
182428	-0.00133337799	-0.004442787411	0.011356945316
300725	0.002433849404	0.004815624926	-0.010781041796
290502	-0.005730883567	0.003676732152	-0.001335137454
16853	-0.002203881643	-0.003742545966	0.005707648517
350041	-0.001465402492	0.005293492865	-0.007405155686
298031	0.000891048217	0.002312802297	-0.005038871817
294370	-0.000406108602	-0.000679441385	0.001121744038
164569	0.000325912462	0.000786608096	-0.001817248556
301498	-0.001003905238	-0.001245044059	-0.00810885959
523666	0.000810170036	0.002142466942	-0.004597448216
299066	-0.000460793341	-0.003936565843	0.006859759757
344713	0.000386096651	0.000731685065	-0.001303130677
162110	-8.6816705e-05	0.000580545578	-0.000550304615
236097	0.000300846492	0.000957711697	-0.002281994438
353775	-0.011282474119	0.005083814811	0.000766406928
274828	0.001218533368	0.002575730885	-0.005224492549
195449	-0.000101627387	-0.000489329702	0.001103077708
293330	0.000965986484	-0.000426950698	0.000896819684
339743	-0.001187688992	0.002628694741	-0.004163320047
289745	-0.009615205693	0.002357861018	-0.00600771531
177986	-0.001562083836	-0.005140972774	0.003988155988
182122	-2.4705925e-05	0.000241789436	-0.000774953108
192396	-0.010244006464	-0.004685536123	0.011139002306
186717	-0.019462188594	-0.02218307208	0.043403146524
287978	-0.019396584488	-0.017828555091	0.057267661469
325236	-0.002271324088	0.004310596628	-0.004763782438
130773	0.001494870124	0.003970060096	-0.008989858947
592901	0.000581888818	0.001282640283	-0.002399448426
185090	0.000484351237	0.000796208492	-0.001560098033
288833	0.000196981523	-0.002260768072	0.004610423157
179807	-0.021468229449	-0.007190723212	0.021798617164
337465	0.000270457402	-0.000585239538	-0.000923226822
317226	-0.010337744941	-0.015668555323	0.034516828197
508984	-0.008211603233	5.8138499e-05	0.01024198382
214980	-0.012563157513	0.001969537746	0.008830324262
130289	-0.00516388425	0.004113755888	-0.001697555327
212787	-0.010174301455	-0.000439350621	-0.004071225493
364261	-9.0474811e-05	-0.00045084144	0.001373943806
299639	-0.015120891954	0.010413038262	-0.005125365053
311692	0.000246470269	0.000556827755	-0.001495843056
204072	-0.010389626252	0.003257628696	0.002966897513
97679	-0.012059101384	-0.019045153155	0.047151545022
103782	0.001399176572	-0.001893079841	-0.000106940235
317041	-0.004189153201	-0.010797900753	-0.001095483768
289113	0.001808327054	0.004858137967	-0.010713274778
329662	-0.021489538792	-0.020389699945	0.044211592631
520937	-0.007479567882	0.004780501386	-0.001786901687
303897	-0.005708609857	-0.004043545489	0.016913603204
310490	-0.002039756793	-0.004747907058	0.009262305442
206631	0.001635239838	-0.003801638434	0.007149917481
365763	0.000851469709	-6.3431655e-05	-0.000911501448
255798	0.001335497052	0.002146317811	-0.003090063496
594268	0.000649185339	0.001426680869	-0.002963490265
299390	-0.00742580949	-0.022399446033	0.049011774732
192025	0.000185305048	-0.000746638881	0.003510251236
290362	-0.000730507505	-0.003844403655	0.011069397209
365310	0.000269923648	0.000625087703	-0.004429951514
369814	-0.011728014954	0.003400981642	0.002606044284
318444	-0.009597798969	-0.027955738741	0.048355240194
302128	-0.003732606035	-0.008275041855	0.007469112345
295456	0.002299395596	0.00275838107	-0.006713992527
291684	-0.000399690782	-0.00489070771	0.007576553959
289555	-0.007799454891	0.001132347045	0.00866785031
183955	-0.00053681509	-0.002137194766	0.005942718402
130214	-0.003331092643	-0.006342616082	0.001595730871
198845	2.9669062e-05	-8.932433e-06	9.220463e-06
181955	0.000595541934	0.002078891728	-0.005469497058
560070	-0.016221701604	-0.012057005413	0.035591777878
199487	-0.018337905921	-0.027056419215	0.051245514791
190108	-0.017767521841	-0.016804694148	0.041446183088
22923	-0.013852383564	-0.004202468723	0.000262265758
328717	0.000449652529	0.000721851931	-0.001399404057
296977	-0.003009768971	-0.007191037411	0.003747010894
359500	-0.002432420051	-0.005432874369	0.006790499622
181678	-0.000402874148	-0.000889531672	0.001793062507
365510	0.00015815381	0.000243883049	-0.000463954222
527418	0.002126926415	-0.005352296874	0.007207780318
199010	0.000563947138	0.001114136499	-0.002215869287
529400	0.000107489687	-0.001110372406	0.0019270257
344947	-0.000248802175	-0.002333124704	0.004733239778
181927	0.000473776718	0.000782943044	-0.001549993395
348259	-0.004616181529	-0.002253826744	0.001649173953
536540	-0.001507886222	-0.003147162155	-0.003032577165
534244	-0.012793498248	-0.011872549147	0.021641300525
572109	0.000904451026	0.001821154519	-0.003663151507
436032	0.000708596559	0.001347774939	-0.002317726258
544532	-0.001482529067	-0.003470875937	0.00717152221
179436	-0.015903300179	0.001762039353	0.008890922074
181226	-0.001203340121	-0.002829609276	0.005809193447
198951	0.00033448529	0.001079189453	-0.002561653711
175586	-0.00341480364	-0.007069982777	-0.007723192564
362488	0.000858185027	0.002163840263	-0.004881300026
180905	-0.014423399551	-0.027820900242	0.046637857397
178122	0.00052983002	0.001074380217	-0.002169084676
318504	-0.006979506512	-0.007470187441	0.014072315989
77371	-0.000158180163	-0.000325523183	0.000685565524
192899	0.000912745267	0.00206324502	-0.004435811206
306199	-0.008147819955	0.002591221596	0.004134769399
384505	-0.000400410773	-0.004236574821	0.011700184332
177349	-0.002616493739	-0.007070789064	0.004648552651
147991	0.001239785489	0.002737028017	-0.00565566737
469888	-0.003063686595	-0.006791111848	0.012755397738
164906	0.002017853819	0.003026193739	-0.007585263369
290501	-0.00256266117	-0.005035052279	0.005128118092
554160	0.000578825117	0.001795337426	-0.00436731416
99566	-0.01012990156	0.000459203701	0.007925867897
196932	-0.002342169347	-0.008610573209	0.016746911427
182728	-0.000483422596	-0.001016477852	0.002030243107
194745	-0.001722480818	-0.013577192671	0.018559327653
175296	0.000117483752	-0.000929266719	0.000781175737
195034	-0.005718216829	-0.012831940336	0.013772420016
191306	-0.011237792289	-0.01601230438	0.026230927238
206178	0.000219456399	0.000220571359	-0.000412426366
198922	-0.002468592752	-0.007421275518	0.004630536604
360182	-0.000366577914	-0.000961642528	-0.004171307856
177101	-0.00276983499	-0.003852853379	0.00642557965
187025	-0.006062284685	0.003539003878	-0.000908607536
576954	-0.002733770352	-0.006840681769	0.007599382863
324163	-0.00848017598	-0.001913168711	0.007655682496
186166	0.000421310106	0.001016667751	-0.002076609642
360660	-0.002068334069	-0.00586742331	0.002185277422
183824	-0.003129653091	-0.008083908597	0.013841495508
187385	-0.003787198859	-0.01567415232	0.007212520411
193842	-0.007550073386	0.004620768118	-0.00138144187
174093	-0.006890133754	-0.007695672927	0.020449258953
146226	0.00017524319	-0.000312065966	-6.4853494e-05
295257	-0.002089449552	-0.004626446987	2.4958625e-05
531582	-0.001264620116	-0.002937972796	0.006027579676
362856	0.000264643797	0.0004551419	-0.000911779055
342380	0.000170083407	-0.002086101443	0.001756255699
298301	-0.003644325469	0.002312633777	-0.011478041426
291733	-0.002822339585	-0.007547912405	0.009523194457
299892	-0.007084573163	-0.029375542784	0.069140000245
300629	-4.8527217e-05	5.3090176e-05	-0.000867418805
13995	-0.00224498027	0.004529305406	-0.005515424912
525378	-0.014799927346	-0.003312951201	0.018766523855
31735	0.000394711306	0.000811815257	-0.001656577923
178016	-0.002758129306	-0.005682180426	-0.000433924167
296948	-0.001549746819	-0.004713351505	-0.000175122205
181003	-0.016846680034	-0.011975352835	0.011509434107
191950	-0.011831028862	-0.025063904178	0.05145788837
544925	0.000535584646	0.001257225923	-0.00236651522
149178	0.000737300361	-0.000480440439	-2.519588e-05
292633	-0.000918493245	-0.002972017701	0.005673050549
199290	-0.000978650836	-0.002246135975	0.004579097144
174348	-0.008284371447	-0.01749381704	0.034997600937
357853	-0.001776847098	-0.003041799936	-0.004363225437
330059	0.000846558183	0.002642295161	-0.00619914605
304108	-0.001308091356	-0.002603036876	-0.004179981683
368950	-0.001012652503	-0.002313465066	0.004705389485
358442	-0.001003123112	-0.001120257374	0.002766148378
193852	-0.000299173773	-0.000672862938	0.001355533454
336133	-1.0884156e-05	-0.000146421132	0.000274074676
194438	-0.001091830949	-0.010050117996	0.014726257747
176519	0.002047140128	-0.001352230085	-0.000891711063
177214	-0.014236189742	-0.013985385526	0.036719186834
302321	-0.005585185126	0.000444534774	0.002431559891
520411	-0.000282029084	-0.000735473461	0.001493646292
178173	0.001017333027	0.001838275797	-0.003350494148
189189	-0.003864308038	-0.002270683793	0.008239273807
161277	-0.00181308965	-0.006537339623	0.017211667204
277760	0.000635158805	0.001644590393	-0.003769767816
195934	-0.007907534604	-0.007163273584	0.013786697476
192504	0.001086118877	-0.000788546298	0.004370906548
263697	0.000821656315	0.00258645923	-0.006434738766
261710	-1.2786579e-05	-0.000928629394	0.002966028205
326948	-0.008379119049	0.006517866207	-0.002539685852
353923	0.001994847711	0.002124556185	-0.006023025517
164160	-0.001685971215	0.000621939684	0.000620712562
333351	-0.001068870603	-0.001487114475	-0.007188539713
302512	-0.003255758228	0.001734142323	0.000262719112
24175	-0.002619427216	-0.001526984095	-0.00789937327
335267	-0.005702265647	0.006399172739	-0.00660042396
388896	-0.00083006676	-0.001907253012	-0.005041144914
157957	-0.001031997967	-0.001780880961	0.003262351245
259218	-0.010190624121	-0.016399620345	0.033378935095
320281	0.001876039975	0.002839657319	-0.006049071594
275657	-0.006564395806	0.001258510874	0.006028759442
180288	0.000791657651	0.001999530988	-0.004233601648
270673	0.001265779523	0.002947366717	-0.006217701972
236736	0.000323771815	-0.000308591815	0.002094358906
353657	0.001671850727	0.003828192668	-0.008179962509
264461	-0.00411745607	0.007306233547	-0.009362110346
169242	-0.00106522851	-0.00198881794	0.003816292537
347885	-0.001635025999	0.004324718202	-0.005614168992
302407	-0.008819018529	-0.005379468367	0.009164664149
291267	-0.006892140124	-0.012487076625	0.024117148385
294302	-0.01694004887	-0.004429765185	0.028632311073
288049	-0.011371813523	-0.005011933926	0.010751000059
570367	-0.002861979506	-0.009483221803	0.01307725407
575261	0.00092996112	0.002105212534	-0.004344134671
294440	-0.000486406389	-0.002053092939	0.005842721154
290632	0.000893629652	0.001919751318	-0.003870051611
289636	-0.001996897923	0.002686073417	-0.002130149771
328466	-0.005042120721	-0.013911551194	0.008519339699
337495	-0.00080431948	-0.006149787742	0.013559333216
290205	-0.003331528547	0.004245751016	-0.003770051512
353085	-0.002145354307	0.003061467349	-0.004012081505
298714	-0.004587209307	0.005009601104	-0.004722371482
293015	-0.008305361607	0.005006359201	-3.7573657e-05
454156	-0.007154759752	0.005867902638	-0.004009579359
252823	0.001809209311	0.003954091219	-0.007801131476
105358	0.001712734858	0.004950229697	-0.011652618826
569774	-0.006726528632	0.005001144652	-0.002496897238
264507	-0.00928208199	0.005198355249	-0.000499849838
334453	-0.011606045071	-0.001733298661	0.014861428996
186237	-0.00040185445	-0.000515836174	0.000259546703
348863	0.001389108986	0.002803710923	-0.005664027641
198511	-0.001100159755	-0.003786504014	0.007565348395
203590	0.000688076538	0.00172795764	-0.003983633559
192127	-0.013583695028	-0.023202246867	0.042977489457
132359	-0.011705412061	-0.000925253571	2.3754503e-05
325199	-0.001348350052	0.005498360374	-0.009513525663
294708	-0.01341033181	-0.002161077228	0.01883865916
207065	-0.000518150106	-0.000929723428	-0.007413365383
305552	-0.007907943787	-0.000571956055	0.006193242263
297522	-0.003878588616	0.003895277031	-0.002854031281
241483	-0.004531433809	0.004526725173	-0.00379085935
110682	0.000456521057	-0.00484269558	-0.001787216198
301233	-0.001040035443	0.005285530956	-0.009005542574
298374	-0.001611344068	0.00097893819	-0.000386057623
293503	0.005087091908	0.002937300721	-0.011525785164
334956	-0.007120611474	0.00230419694	0.00185035476
298107	-0.011062038619	-0.016383830006	0.028104390921
276114	-0.012494006013	0.007327179775	-0.001557279111
579431	-0.012039489365	0.00327388951	0.002357566333
110046	-0.017437573655	0.007117252278	0.006222384656
328972	-0.0080926474	0.006282130608	-0.002752015772
299115	-0.01425955143	-0.009280766606	0.011234666328
300075	-0.006168652008	0.002759102698	0.002419270581
297411	-0.010316613249	0.001478597053	0.006995464596
320147	-0.016955749852	-0.009301090939	0.006325780115
183200	-0.014084686831	-0.008484052143	0.013243676491
296901	-0.008576495516	-0.000298437494	0.005318040805
328825	-0.00095687241	-0.001049167476	0.004170801569
521496	-0.00220917455	-0.004699273442	5.2983269e-05
293990	-0.00881288872	-0.004811998523	0.020289065172
229348	-0.009638887238	0.009296211273	-0.006258798591
561312	0.002021662216	0.00523274997	-0.010668666358
292892	-0.008341145006	0.010598562643	-0.012271390105
337580	-0.00052232404	-0.010969532353	0.012963685446
302902	0.001108184115	0.00225737131	-0.004782702554
295574	-0.014342402675	-0.008121902685	0.015423579603
301156	0.001142654005	0.000719036038	-0.002969926495
584137	0.000218870971	0.000146613819	0.000348208623
290620	-0.001170756741	-0.00374420234	-0.002166376672
275824	0.000398069271	0.000704781343	-0.001353742774
170775	0.00108116074	-0.002863946065	0.00781395876
236801	0.00281716074	-0.000424976114	-0.001240837699
169584	-0.000702214602	-0.0021273808	0.00473928144
332589	-0.010752870377	-0.002992487447	0.007297356913
294535	-0.009988629199	-0.00253781848	0.017046313176
307638	-0.003134535751	-0.014580752927	0.015454387245
291199	-0.003963877188	0.002892885566	-0.001113050978
578649	-0.019320623483	-0.022348644374	0.035694498525
561027	-0.01169618513	-0.008625097908	0.020344568735
530379	-0.001533699956	-0.006644550371	0.018167842842
298821	0.000849140019	0.001871573589	-0.004507614154
323189	-0.015630561257	0.007964406787	0.001023673519
292285	-0.000923774136	0.004640847036	-0.005928689696
559499	-0.001024963603	-0.001434937029	-0.008244927874
343761	-0.017759181003	0.001306302816	0.003071349542
469890	-0.001507805191	-0.020566331469	0.062111417349
189957	-0.001505345808	-0.005260733901	0.013743377471
530243	3.121846e-06	-0.005182566723	0.012026802019
544596	-0.000199398403	-0.00364625844	0.006175710646
142325	0.001231305173	0.003072898462	-0.006482503993
544448	-0.010483198341	-0.003729442611	0.006446638483
184518	0.001260511627	0.002900531466	-0.006560200453
181170	-0.011130388647	-0.009495841106	0.013834443421
212503	-0.01553571675	-0.037216071986	0.068990102682
295711	-0.013877991801	0.006926437118	0.001781975928
182980	-0.012902496722	-0.024544526871	0.05929854319
180450	-0.001395625174	-0.010050079124	0.019223159476
162491	-0.012507667427	-0.0172190309	0.03714432911
328207	0.000437850867	0.001615624274	-0.004170098599
530629	0.001077040009	-0.001574300544	0.002654451023
204617	-0.005730003006	0.004315567144	-0.001728155883
207610	-5.6084123e-05	-0.002725080771	0.004337884709
189624	0.000311945934	0.00132827235	-0.003138783631
192159	-0.000210632249	-0.001988531334	0.003683303615
207615	0.001601358509	0.003239707292	-0.006569724248
318396	-0.018935251368	-0.02549511823	0.046220303869
292740	-0.021732964231	-0.02490543756	0.053491596687
211212	-0.004189300546	-0.008616182429	0.007732338281
325329	0.00143390525	0.00386892965	-0.009082256562
322505	-0.014975109168	0.003156888694	0.00547612607
471000	0.000342073741	-0.000566105933	-0.000620650995
34221	0.001256584526	0.003251161616	-0.007216667992
299484	-0.010085012831	0.007926789477	-0.004546770058
110481	-0.008274314974	-0.005790442678	0.021301326162
181843	-0.013627380379	-0.031220379221	0.067807053206
274688	0.000839111249	9.3600503e-05	-0.001280581445
92464	-0.0029439215	0.001044845679	0.000452498276
205466	-0.004235025388	0.001186843602	0.001719691319
177772	-0.004249638387	-0.013968913765	0.030841252177
192990	-0.001426461422	-0.004333432877	0.008835363842
186077	-0.005237432324	-0.014100238195	0.021441757614
177520	-0.00869347248	-0.014296391691	0.028858139375
525474	-0.000138990591	-0.00080635174	0.002874421656
292399	-0.008283710937	0.003181988717	0.001478608176
514384	-0.015819397086	0.000211405999	0.016652744234
316489	-0.003919245216	-0.000206989921	0.005956918866
187447	-0.010551718227	-0.012943565826	0.024866388422
102506	-0.010705997931	0.001378160351	0.01007083342
541602	0.000284027062	0.00102035608	-0.002117218192
304891	-0.002762068229	-0.006421895635	0.015316424112
194053	-0.011809101693	-0.041525841526	0.07532038012
181189	0.001650304599	0.00291684652	-0.006746668209
176297	-0.001193798749	-0.00300731764	0.006916238663
197930	0.000501985951	0.00153237077	-0.003088188541
188023	0.001951019113	0.004462591727	-0.00918849809
190076	-0.00461560543	-0.003719769934	0.01298766059
300222	-0.008921429564	-0.007344116031	0.023903569977
295420	-0.012896266707	-0.014035519301	0.026695532589
109014	-0.01416777863	-0.021759889848	0.035173607462
361119	-0.001582167222	-0.002724038623	0.004550384495
522134	0.000792973572	-0.000374440093	0.000264275211
175692	0.00175063906	0.003570272195	-0.008253128256
529905	-0.000325803148	-0.000730232146	0.001673683879
518613	-0.005005033807	-0.022174760514	0.048156202123
562038	0.001614613383	0.002478206191	-0.005437149351
518438	-0.020643730463	-0.039946288687	0.083174225448
516553	-0.008205423308	-0.01847172161	0.040126386676
311704	-0.010758176015	-0.004494400873	0.003358384311
175137	-0.011557293328	-0.00086182432	0.014647018756
198071	-0.006206126575	0.001644889357	0.003913594988
186955	-0.003446782242	-0.011506657257	0.014758868716
512903	0.000773010618	0.002080756753	-0.004711586227
193343	-0.027310890531	-0.034400248067	0.067979403457
302746	0.001384266513	0.003345018715	-0.007198189093
357795	-0.016785510732	-0.034124989307	0.090849196685
175518	-0.00151766789	-0.018420594988	0.036290828072
184910	0.000914315608	0.00268578449	-0.005408727105
183969	0.002131939398	0.003703566176	-0.00850560456
193067	-0.000307977609	-0.00249400704	0.005355504535
311423	0.001730916839	0.004783206431	-0.010982943257
175208	-0.00584714697	-0.003311081086	0.012605001878
45296	-0.007523069181	-0.018656238727	0.022618800449
297701	-0.010269289185	0.010551572919	-0.00862580703
522135	0.001143529639	0.003416879662	-0.00814039858
41673	-0.003030052062	-0.008833268351	0.021232440308
152170	-0.011424828701	-0.007143979924	0.026316528928
201110	-0.000805778311	-0.004555081986	0.009826052251
33681	0.000653707821	0.001610476549	-0.002891947175
343967	-0.001479641817	-0.003945085912	0.008618425899
317818	-0.012059426335	-0.001639641979	0.018392262918
352304	-0.010641831444	-0.033187298866	0.088737438213
348861	-0.003067287894	-0.01065858794	0.025389701608
177830	-0.006205498649	-4.797627e-05	0.008086989468
514741	-0.007046755017	-0.000404564631	0.010580707403
358016	-0.002729529739	-0.008269295619	0.020177671054
192952	0.000902982447	0.002283771506	-0.005454944828
149699	-0.004928704769	0.001803266821	0.000849391766
136044	-0.001417226125	-0.003278479193	0.001633060041
167727	0.000313185386	0.000589193733	-0.00094669298
358858	-0.001518147579	-0.003616751988	0.007420290836
288604	-0.011807214321	-0.004804806441	0.007539548222
29937	0.00139662703	0.00298341766	-0.006881827286
348641	-0.008961151356	0.001791397942	0.007413544051
557120	0.000621851472	0.00355109141	-0.007664027091
345753	-0.008440628288	0.002054741133	-0.00557108866
274176	-0.006061657464	0.005406700401	-0.002718521203
276703	-0.007827817706	0.007040633211	-0.004983992211
533877	0.000768413098	0.00214675433	-0.004057729891
525259	0.000770070372	0.002225846595	-0.005430319742
151675	-0.00285470328	0.000179890853	0.002010639665
163539	0.000610120694	0.00136067217	-0.002737300859
258148	0.001703277244	0.000249971333	-0.00197057163
272809	0.00034451362	-0.000607039664	-0.010238582045
273376	0.000983771671	0.001456264476	-0.001903249002
237324	-0.00320959109	-0.007193685151	0.0053567832
187219	-0.003031762186	0.002382935694	-0.000618299443
179460	-0.014878316806	-0.01466275699	0.043301141839
327240	6.220029e-06	0.000321267112	-0.001010520993
276190	-0.002674226015	0.003778968186	-0.004595201453
350052	-0.012074434295	0.004005274631	0.004273018919
377525	-0.001401121421	-0.008578185441	0.013054797965
273967	0.003171095561	0.002007995486	-0.006307828819
340517	-0.005907862432	0.004721652247	-0.003402608406
315974	-0.009721680395	0.003280971363	0.006216054974
311724	0.000268262663	0.000502848277	-0.000624081583
296041	0.001497814041	0.003781690259	-0.008586150199
269949	-0.011827933677	-0.00013657392	0.013880933629
335846	-0.001932369178	0.004012397526	-0.004648097119
228762	0.00153650846	0.001943596797	-0.003761718766
574689	-0.006346141771	0.002478924362	0.002122856398
176924	-0.003221501638	-0.004972805243	0.001182480781
83271	0.000204308731	0.000938199706	-0.002362215955
509709	-0.005722252093	0.001558997833	0.005675078921
332584	-0.005303252178	0.005741988437	-0.00559785764
342085	-0.01048087529	-0.00377198364	0.015061453131
294710	-0.011413687604	-0.00466679553	0.013252006495
513429	-0.006268562653	0.008138333609	-0.009819842562
333355	-0.006186783225	0.007968537013	-0.007539346375
213896	0.001120829254	0.001074124784	-0.000434302258
189334	-0.006836497218	-0.001810263821	0.009199676961
295568	-0.001418188083	-0.009628366236	0.004971957969
211903	-0.019309657438	-0.014296401272	0.018927144549
181834	-0.008415913259	-0.014060100669	0.015607174251
185864	0.000126876482	0.000494901878	-0.001252937367
184155	-0.007653945279	0.002908139313	-0.009526348281
198528	-0.012382414775	0.005458774809	0.00215805315
174153	0.000474786045	0.001728686902	-0.003541952266
269618	0.001421852013	0.003528961839	-0.007468902337
187360	-0.011995682249	-0.004718864808	0.016864004395
365125	-0.003209549355	-0.008297575865	0.017134468534
262012	-0.000352346608	0.004559253113	-0.005788962079
268620	-0.002111909405	0.0033781534	-0.002679354358
157470	0.000913788943	-0.004932362584	0.007702747645
290934	-0.013843151607	0.006105022139	0.002491856545
291937	0.001194355941	0.002887301349	-0.00580983395
234097	-0.006276504167	0.00061847117	0.006850493306
540710	-0.000233081655	-0.009564681126	0.010467139539
331150	-0.00864621266	0.002211352685	0.001069471063
316781	-0.006697720342	0.00360320449	-0.010683514718
207580	-0.004835663928	-0.002017578692	0.008213501906
180216	-0.000499829413	-0.002037707443	0.005634066102
149725	0.001107951531	0.001625951908	-0.00196954306
106860	-0.003358645983	0.001456687387	0.003198371647
545473	-0.00860065633	-0.025074727357	0.049127296377
578025	-0.009097537663	-0.005487884035	0.017444285129
445575	-0.004542075566	-0.004652274651	-0.012587719885
296872	-0.001845804094	-0.005777824666	0.014303283024
369032	-0.009914992833	-0.001334277659	0.011999790808
167365	-0.014104041442	-0.001428795716	0.007395541336
568877	0.003007314852	0.0046684921	-0.010656708534
239053	-0.003722670982	0.001380997797	0.000680632089
191809	-0.005578176104	-0.004592049106	0.013009356452
175401	-0.003643845328	-0.010331222046	0.012686552514
528380	-0.000890809028	0.001506734219	-0.004460058057
295304	-0.012074290123	0.007031965971	-0.001500687081
288053	0.002110817285	0.000979066541	-0.004005345511
248759	-0.020448062062	0.000336450965	-0.003917581421
590169	-0.006762954574	0.005340491837	-0.004615580595
236261	-0.004969694816	0.006563629569	-0.008364467276
73450	-0.001101516639	0.001070744535	-0.001803458494
71387	-0.00030859726	-0.005421210867	-0.00295551675
166178	-0.001817252092	0.000505467678	0.000615975385
104740	-0.001726620903	0.002616933865	-0.002612051418
526081	-0.008654835562	-0.016566361387	0.038690312098
471120	-0.006572183834	0.007942688092	-0.008148064014
470747	-0.017629752652	0.004041233802	0.024234771546
542096	0.000782332523	0.001297912547	-0.002830721452
469972	-0.017776053348	-0.031321364229	0.055779602429
469991	-0.008082801302	-0.018510296834	0.040430069868
362539	-0.007932474948	0.002317536312	0.003658029891
192133	-0.005192226703	0.005533294664	-0.004338794435
299128	0.000490582477	0.000380318158	0.000199129561
351986	-0.006577585355	-0.012676256358	0.022328566389
296226	0.000534905368	0.001108512055	-0.001998461485
300766	-0.007143889661	-0.000282277516	0.009485978
182190	-0.006396849824	0.006078770881	-0.005036720924
306107	0.000550380129	0.001147852161	-0.00225327634
199212	-0.011846892579	-0.000771644704	0.002324766927
175537	-0.010048394608	-0.022783067518	0.036381747595
289929	-0.007486760927	0.002380482918	0.004795989441
297208	-0.003774804237	-0.000114243818	0.004066628665
208901	-0.001200212797	-0.002912152817	0.006089154513
187470	-0.004238587923	-0.000866107737	-0.005828253863
107082	-0.001465180497	-0.003112885136	-0.003026969134
569660	0.000805821663	0.001687611785	-0.003373904716
296697	-0.007693291691	0.001516315587	0.004052348035
312940	-0.009448805704	0.007567817011	-0.004363887392
102221	-0.003214690061	0.003017594933	-0.002916014713
332630	-0.006812147547	0.003106454583	0.000707532239
334954	-0.000184659587	0.00090917906	-0.002375385442
297562	-0.000831533334	0.00223627229	-0.004016803319
292587	-0.000592587249	-0.001344356443	0.00273251301
290036	-0.004422449269	-0.00215931359	0.004012708441
295951	-0.003743794883	0.006036863508	-0.006892856515
295539	-0.006890515804	0.004446442122	-0.001707995742
291938	-0.00284052595	0.004918259352	-0.006076872479
183867	0.000565315372	0.00054707449	0.001012902055
174158	-0.007273600236	0.001128051483	-0.004604396401
178513	-0.000880885995	-0.003543557124	0.006929135854
183228	-0.016590405057	-0.002068430587	0.022010304649
188077	0.001512827235	0.003733467437	-0.008556552468
288134	-0.016741033131	-0.028176202163	0.047642949194
184472	-0.008793096346	0.001511171619	0.002537304515
184577	-0.004371403914	-0.011627131311	0.012672262971
189679	-0.003888026376	-0.011067436556	0.016592812408
190464	-0.014086398487	-0.025160246829	0.04270965435
129783	-1.253023e-05	-0.000907304984	0.00307842332
227682	-8.2201341e-05	-0.000648969189	0.001751306667
199455	-0.008025309222	0.000337825419	-0.004551871317
180022	-0.001793608876	-0.003771335495	-0.001768814105
182927	-0.002595565393	-0.005343328519	0.00112680834
183879	-0.011295506735	-0.006729618217	0.019310426016
189396	-1.4141646e-05	-0.001273689194	0.004397281772
184670	0.00090822593	0.001443929352	-0.00249970259
81160	0.001556946087	0.003523818381	-0.007804192966
364896	-0.002171394069	-0.012593881712	0.016426026653
198740	0.000595097089	0.001252838299	-0.002488398973
193452	-0.019161112321	0.003058017949	0.011838774144
181828	-0.005772146716	-0.003867919294	0.011660306306
186519	-0.003187444434	-0.004989942812	0.000857038491
290281	-0.011217394452	-0.011331969986	0.025650429759
295250	0.00168575443	0.003446042418	-0.006735415418
110292	-0.000356625254	-0.000818142843	0.001735748749
178915	-0.010016481746	-0.010067826008	0.017943399118
186672	-0.000131995342	-0.001595531455	0.003081269554
326539	-0.006969969683	0.001791329018	-0.006073788466
363692	-0.006748264773	-0.006746857068	0.021019371883
342397	-0.013195213326	0.000994693133	0.013975086594
180368	-0.005362800101	0.004738050317	-0.004112768366
366612	-0.024920131094	-0.010039994021	0.024213026903
325977	0.000828406071	0.002093264689	-0.004581769595
188313	0.001070397404	0.000990759625	-0.002552496685
215433	-0.006257441393	-0.005637861087	0.017083972004
329241	0.00109297078	0.00065305136	-0.00110730137
188818	0.000364356942	0.000549203603	-0.000789827372
360796	-0.013808705	-0.029120949319	0.050602837298
261912	-0.014892666984	-0.035330637174	0.082433764254
325181	0.000932365707	-0.008227834394	0.015336731584
355372	0.00265647162	0.006062539265	-0.012524750618
321610	-0.010411248769	0.003410594524	0.005177877205
182653	-0.00693899018	0.006622007007	-0.005990998997
182248	-0.008971401216	0.000212228944	0.009406389488
177359	-0.013995087155	-0.028616701979	0.060898392121
216607	-0.012002022661	-0.022676019429	0.027552557162
196508	-5.217417e-06	-0.000517453969	0.002162404433
546052	-0.000592378098	-0.002525989024	0.007192217976
130103	-0.001681019951	-0.005357938817	0.009689437205
330750	-0.000325863117	0.001333879897	-0.002175385377
179319	-0.002602107873	-0.005305245912	0.000935362381
564188	-0.001717014206	-0.005611417719	0.014265092518
296516	-0.009649140977	0.008477599651	-0.006350330343
195336	-0.014487023116	0.002535742192	0.01046662718
293078	-0.00049285567	-0.005162743674	0.014241452639
593369	-0.004003483591	0.0016335236	0.001346881753
297920	-0.006912138125	0.004920563738	-0.002499747997
185281	-0.008752245593	-0.012303351596	0.020758173229
212474	-0.002689757955	-0.007454588324	0.015175307996
401222	-0.00033919462	-0.000551186083	0.001049865265
191687	-0.013335192719	-0.016897484936	0.028546498946
185692	-0.007156428502	0.000716556389	0.005745101235
197765	-0.005422844001	-0.000191064021	0.005315073952
340272	-0.009962581605	-0.00927671179	0.017693135136
165986	-0.007636148651	0.004661583704	-0.001645646798
173379	0.001306578642	0.003170584326	-0.006918240952
176465	-0.011473558644	0.005517330242	3.02887e-07
190045	-0.010389956175	-0.014305897334	0.016443019473
314489	0.000540629567	-0.003250939943	0.006946483727
263138	0.00047638081	0.000407733657	0.000438927125
351734	-0.004012313271	-0.008929936685	0.014133945269
333775	-0.001940101332	-0.005457716222	0.004396757666
573969	-0.001057431452	-0.003564074207	0.008748428929
264774	0.001511605967	-0.000464411805	0.001887059198
563572	-0.003680404381	-0.013529506704	0.020571101189
315594	-0.003589340057	-7.9041101e-05	0.006005520466
193509	0.000166343952	-0.001077769202	0.00423189073
173277	-0.004804560611	0.006040733008	-0.003845144424
342887	0.001359899478	0.001529522256	-0.003358896112
279026	-0.008020210079	-0.000488906803	-0.001430818388
192304	-0.002772465183	-0.006004155144	0.002731343112
307217	-0.010681594155	0.00441025055	0.001877607026
193876	-0.005176757183	-0.0198961728	0.055025476276
14036	-0.001255652526	-0.004341703763	0.011436076823
195999	0.00054847144	-0.00028201051	0.000762230344
174136	-0.009642692917	-0.009658448739	0.037186221124
297182	-0.014397646405	0.003531139428	0.010991600078
295018	-0.000290448504	-0.003878158253	0.011567356709
329770	0.000891057935	-0.00105616759	0.003245748519
295966	0.000921539049	0.00116852071	-0.000788048834
295366	-0.006268500174	-0.004345964735	0.015849166658
294022	-0.020126719249	-0.036730262296	0.074042657598
187812	-0.014243696076	0.003360217455	0.010559495531
509831	0.000340885669	-0.000675344192	0.003480080099
114982	0.001000144405	-0.006022257703	0.01304680662
167187	-0.000866730369	-0.004861175277	0.011560089263
511008	-0.008807907757	-0.032635812907	0.085610195048
290548	-0.007760095719	-0.006785482964	0.008392603477
349002	0.001946309077	0.000453503447	-0.001318361921
353009	-0.000346678752	-0.002070791675	0.006175520114
302224	-0.013693890412	-0.002892032559	0.016300197748
297602	-0.012007830731	-0.011390830449	0.02352563474
310492	-0.002851919406	0.002814680517	-0.001416687458
327642	0.002501436082	0.005998758536	-0.012637947244
298557	0.001139081565	0.002760068021	-0.006309171942
339111	0.001342710447	0.003536374522	-0.007441891047
342110	-0.012329474961	-0.006295782315	0.019256015869
292073	-0.003416834208	0.001340284706	0.001617314185
293681	-0.004198495732	-0.003368052679	0.013897694874
321874	0.000779100527	0.001992903068	-0.004838779335
303180	-0.002388147893	0.003363353446	-0.001929812608
297917	-0.006717895462	-0.010747957654	0.019046301053
296994	-0.000288789262	-0.002428562695	0.005752194448
168711	-0.008587899364	-0.007917394006	0.012342908919
470973	-0.00841536871	-0.035074027799	0.098327261563
179408	0.000903155998	0.002213700752	-0.004627918475
287645	-0.006973005856	-0.001413774011	0.009737995349
193297	-0.002027067037	-0.005071307412	-0.000323630138
100067	9.907786e-05	0.00113714886	-0.002913168329
198997	-0.008027920516	-0.014890351628	0.033656765067
129692	4.8901267e-05	-0.00048561737	0.001428181124
185972	-0.00033522639	-0.00052289454	0.000676029897
136507	-0.001431094274	-0.00320557995	0.006295158964
234421	-0.016412160723	-0.027040851903	0.035747043209
234309	-0.00083279337	-0.003349880203	0.009330755008
358748	-0.001232133745	-0.001853456252	0.002984967666
360838	-0.000667812516	-0.003299755792	0.005953520089
194406	0.001056536531	0.000842285814	-0.001898266719
361809	-0.01033050899	-0.032888967183	0.048442830807
71685	-0.010259048429	-0.02251905839	0.02913067758
162162	-0.022115907675	-0.025205290564	0.051308900598
126315	-0.017300133038	-0.017723904568	0.027288615327
300877	-1.6258201e-05	-0.000136647652	0.000279783239
177911	-0.000664103953	-0.005601477814	0.010858938862
307569	0.00043672208	0.000352447546	-0.003254639579
181028	-0.014035308784	-0.014085386134	-7.6032219e-05
49088	-0.000618442054	-0.00073087484	0.001167583691
43159	-0.001645329873	-0.013834984869	0.029227266619
292387	9.5941216e-05	0.000675605031	-0.002189179169
511234	-0.002272619425	-0.002535364402	0.006813593669
162201	-0.003572184728	0.000291244748	0.004747400883
541415	-0.009526725898	-0.009164644728	0.010812354629
520836	0.001564656716	0.003558311899	-0.008014106358
165397	-0.00296405805	-0.006141420899	0.002924535747
290787	-0.008341877544	-0.00399480438	0.003673056153
529810	-0.000274319799	-0.001140414458	-0.011173012298
365602	-0.008577410971	0.002824219033	0.002235710862
319199	-0.011007712199	-0.004829901958	0.016272053431
203843	-0.007060393326	-0.000462785375	0.007041953134
17494	-0.000656964931	0.003292443551	0.001431006037
222721	-0.005059820399	-0.004065420988	-0.009804649169
206865	-0.019155123138	-0.007156102753	0.011585117721
204044	-0.024374994583	-0.013818288369	0.03089704686
336015	0.001248306871	0.002900851886	-0.006265194017
42492	-0.011502068475	0.002256370578	0.005788356223
289680	-0.005486305939	0.002972291173	0.000738420166
292231	0.001388069028	0.002314051991	-0.003491669724
319938	-0.002811410969	-0.000771328189	0.010439589775
583237	0.000194398292	0.000153268031	-0.00019333447
343422	0.001825167445	-0.002392367568	0.00210215482
470172	-0.014974515487	-0.018743964832	0.019915255049
332450	-0.005786184842	0.004563478131	-0.002282896316
469946	-0.005903702826	-0.012765236646	0.002405407559
300123	-0.009240580148	0.005516568857	-5.444466e-05
328422	-0.01499858964	-0.011404123295	0.013459596648
528157	0.000896502582	0.002247059433	-0.005268868261
355318	-0.007308528587	0.004518354842	-0.00420469644
322137	-0.012535456891	-0.01611903732	0.023061909145
172603	-0.001124156222	-0.004521080353	0.008427212594
17859	-0.004489443086	-0.005514622397	0.013599909428
179320	-0.001746570641	-0.0146546106	0.024729130262
196097	0.000380715359	0.000707661779	-0.001356731424
178146	-0.006567534497	-0.004054998102	0.011914943238
181320	0.001605100465	0.002067886494	-0.004460067144
182071	0.000672290023	0.001180793376	-0.002304926297
190307	0.000329669928	-0.005972191779	0.009626779672
16512	-0.009310309867	-0.001364377282	0.00973411959
189485	-0.000243459734	-0.00472150577	0.010024350403
246937	-0.00776409521	-0.002708676909	0.008160747949
188131	-7.0872335e-05	0.00014413252	-0.000631528751
300759	-0.010928784975	0.006556173108	-0.001058961357
291475	5.5026087e-05	0.000102474651	-0.000155914085
217060	0.00077660536	0.000468307853	-0.001326828153
551141	-0.002448022294	-0.006548428457	-0.004132061518
540943	-0.008766484949	0.002216512634	4.0408965e-05
308774	0.001437718707	0.003847555579	-0.008562873011
222851	-0.000483855123	-0.003787451775	-0.003271208024
353577	0.000804167889	0.002009394222	-0.004764544204
561219	-0.002451802346	-0.004779399833	0.001134294537
353711	-0.000268630059	-0.000698219196	0.00152482564
189099	-0.011644693604	-0.004281972081	0.016012664143
175596	0.001362137854	0.001314359199	-0.004751918596
21698	-0.019718944255	-0.015685087314	0.020409467675
324961	-0.002668254648	0.007136356111	-0.010155490223
540224	-0.005543174483	0.004611918805	-0.002385449138
296607	-0.016575295504	0.01055490387	-0.002908115323
289704	-0.009196133384	0.004354129814	0.001142182085
172705	-0.005658787541	0.004822754189	-0.003141265973
343667	-0.005178060442	-0.002119891294	0.010835654801
271750	-0.006249424505	0.003097541489	0.000962748362
320284	0.000533963722	0.000832847337	-0.001561369263
292255	-0.00071795525	-0.002437154113	0.006508389259
167588	0.000429910113	0.000862617724	-0.001677010214
114994	0.001063968744	0.001221529956	-0.004592038267
514272	-0.000458367085	-0.000690982565	0.001165198022
182512	-0.00797901562	-0.016637677425	0.006687186816
182054	-0.000849184457	-0.008937095643	0.015553193568
300596	-0.004366716174	-0.000529088798	0.005638406036
266392	0.00030405501	-0.000198112009	-0.000210727296
279893	-0.002548040166	-0.015598883714	0.031881178917
539014	-0.000706324836	-0.000676924911	0.001843844813
50757	0.000142676078	0.000409907388	-0.0008134879
213747	-0.022725786517	-0.017284729573	0.02204657795
585539	-0.000375520353	-0.000606356405	0.001009218894
179065	-0.000443244937	0.001043407199	-0.003565097084
229281	0.000381840193	0.001136410451	-0.00304592776
329071	0.000808628889	0.00232091545	-0.005226420888
343630	-0.000972861148	-0.002578378858	0.00590877386
268933	-0.001602811365	-0.004794049319	0.010351964275
265156	-0.007630523134	0.004480280328	-0.001353660731
289177	-0.005277632162	0.005609885658	-0.004775057694
171399	-0.000172035885	-0.000481346521	0.001452991181
276643	-0.001798942436	-0.005372285003	0.004818812372
186294	-0.001658072345	-0.003996667984	-0.000460528655
536831	-0.004090664357	-0.01205836174	0.01425794323
318445	-0.003045104318	-0.012004202937	0.023877825529
181344	-0.003311856518	-0.01012021735	0.023137378812
262724	-0.016792171118	-0.031566763631	0.062990676243
536281	-0.006560576975	0.003001193046	8.8597933e-05
287580	-0.01507531216	-0.00253634933	0.007593966546
162820	0.000968787863	0.001899705126	-0.003711531081
310394	-0.009249209021	0.005462692199	7.5848919e-05
184403	-0.019093780244	-0.028343440151	0.050532129391
182125	-0.010597588825	-0.020816328416	0.049464278239
272886	-0.001189615709	-0.004186835435	0.010745211981
301234	0.002171630146	0.005026860476	-0.010754085463
191303	-0.006986966179	0.005924795161	-0.004182696648
197956	-0.00056366422	0.001850375956	-0.00211595866
583958	-0.00357029889	0.001465264076	0.001144692599
184211	-0.000817568555	-0.003071928462	0.005917267035
309994	-0.000547159221	-0.001080263012	0.002243111004
469824	-0.011909578655	-0.020793673629	0.029145238636
592015	-0.01379771092	-0.002716914748	0.01536339673
82283	-0.012698891331	-0.017598113837	0.025117696065
323020	-0.00217406502	-0.009481047345	0.013578037364
42680	-0.01220037617	-0.017013786963	0.012234493875
316732	-0.011604283376	-0.021848089863	0.053893046709
203620	-0.013465154789	-0.009754126729	0.01835601995
178001	0.000521659362	-0.000123640828	-8.021374e-05
293896	-0.017290916078	-0.024865926941	0.043491650916
188127	-0.004208922718	-0.010037885537	0.010909648112
182555	-1.1184524e-05	-0.00099848872	0.001706003704
109733	-0.005762781065	0.004174181122	-0.002151306904
188196	0.002010094668	0.001224180641	-0.003953847608
192187	-0.007062109821	-0.002512692524	0.009313972514
267399	-0.001573577408	-0.005064733466	0.010137301326
183673	-0.001125161117	-0.003890855953	0.010230783195
179557	-0.00013162761	0.000214905322	-0.000939406454
196731	-0.019310623193	-0.0189961963	0.063498837087
350626	-0.006865120915	-0.01425374437	-0.002704128836
352215	0.000211805693	-0.000389794609	-0.002557763385
355615	0.001333499959	0.002771243049	-0.005142955264
303927	-0.000552542132	-0.005560155645	0.010999218577
289452	0.001357666034	0.001470065025	-0.004493984743
547287	-0.010109746681	0.002278311787	0.008562549834
188238	0.000230482881	-0.005715266691	0.009266080895
291644	0.000694313913	0.00016626615	-0.000326262381
313106	0.000956747576	0.001591726054	-0.0022048144
207570	-0.0013266163	-0.002603340282	0.002733998264
49274	-0.015077427241	0.004401978445	0.006236781955
213176	0.000103823699	-0.0020195084	0.002482767244
365160	-0.002925392784	-0.007396687575	0.010540715211
358594	-0.002583278436	-0.005652891836	0.011589768388
204620	-0.002750388834	-0.006805782932	0.01141767575
166869	-0.001303430544	-0.00269718426	0.005540247194
31573	-0.001220388286	-0.004343436742	0.007606999512
204121	-0.010542759665	-0.001755173274	0.012020572849
277790	-0.000881105638	-0.002587984462	-0.002220741534
92430	0.000618848848	-0.001338024739	0.000354359074
591118	-0.009300783641	0.001038990574	0.001154872892
329703	-0.002935025929	-0.007629526385	0.005811992687
558007	-0.012479441414	0.005778770249	0.001620644714
115142	-0.005106730103	-0.009500896777	-0.005187952288
103585	-0.005162527213	0.002221286813	0.0006713295
48583	-0.012221342276	0.000801697074	-0.000497410914
110678	0.000918745923	-0.000448282128	-0.001024118663
339455	0.001851485509	0.000929805248	-0.003265827978
300401	-0.008763806617	0.00400913717	0.000886434279
334036	0.001485774828	0.002468579289	-0.005631207267
306329	-0.002562787806	0.003619380897	-0.00320023754
350394	0.001142827681	0.002507296766	-0.005166421235
330368	-0.008451642747	0.002099132911	0.005550204279
551295	-4.758281e-06	-0.001280125232	0.004391038753
557599	0.002177749314	-0.002686544425	0.003034516435
587175	-0.007862963945	0.007595863993	-0.004965021957
542686	-0.001356149986	0.0034230881	-0.004353390857
13948	-0.009416383684	0.002035762034	-0.003753888602
332854	0.000925563972	0.001155631961	-0.0038694922
545236	-0.013849555509	0.007705918891	-0.001527271317
588409	-0.010518185578	-0.003672117686	0.018038641676
164216	0.000981038426	0.002960656909	-0.006960734394
347740	0.001432913667	0.002623660381	-0.004767980916
260018	0.000322167882	-0.000225639146	0.001862301941
312126	-0.000284157063	0.005113398234	-0.007134152267
346253	0.00136269129	0.001524040869	-0.003249731936
184136	-0.00105855971	-0.003940277491	0.008655392268
330287	0.001489742016	0.003683322681	-0.008460923783
221429	-0.00162870427	-0.00365798732	0.007514061882
174885	-0.000717839465	-0.00172103662	0.003643496721
347421	-0.000105648743	0.001418694791	-0.002621898744
139060	1.1389081e-05	-0.000223566997	0.00054053571
564026	-0.001088155174	-0.00179867642	-0.0114615644
210095	-0.00299106582	-0.006508664003	0.003857307788
364606	0.000540842867	0.001487017879	-0.00308345536
163601	-0.005328752307	-0.002564845423	0.009245770307
169961	-0.007846151744	-0.016028831432	0.00702401608
167602	-0.018108822768	-0.00662898289	0.029103107075
203788	-0.005875280628	-0.013023929173	0.011127198459
215843	-0.001071824858	-0.002427786637	0.004317839446
470114	-0.001840723154	-0.014434647057	0.030199018984
170206	-0.012615531202	-0.01251185413	0.020319476982
365676	-0.019294495495	-0.026280910807	0.056265254631
349431	-0.00086070613	-0.001726915523	0.002904186909
223059	-0.017036615095	-0.021000352269	0.054380628105
311591	-0.00082037559	-0.001815399464	-0.005641660967
241489	0.001790927472	0.002618316134	-0.005489193926
592555	0.000635290794	0.001206614662	-0.002391038008
144304	-0.001386226467	-0.010679768791	0.009107791597
259104	-0.00019277627	-0.000770149905	0.001667046315
74461	-0.000891347435	-0.002335696686	0.004813688416
364099	-0.001423766915	-0.003559598986	0.007326543966
187524	-0.019510357289	-0.017184883435	0.049694398539
327900	0.00072910541	-0.002120406027	0.002318016923
184450	-0.003191631723	-0.007843982897	0.012975582694
136789	-0.001454084878	-0.005295751567	0.009908167277
237133	-0.001264199007	-0.004218859642	0.008377913337
392407	-0.001254428284	-0.002599512091	0.004578498439
234170	-0.001564825322	-0.00416436785	0.008866927168
167166	-0.000871973533	-0.006002222093	0.008699298345
52759	-0.002506024397	-0.013272678873	-0.001202317241
323253	-0.017687421479	-0.005395455813	0.023346131199
166689	-0.002826756915	-0.006042489274	0.002822025155
178967	-0.002706659584	-0.007310101736	0.011317181721
511009	0.000845818473	0.000943016442	-0.002536793309
191541	-0.017964084872	-0.033627565812	0.076572202202
188886	0.000654258453	0.001773930659	-0.003552978392
294851	0.000991920781	0.001977564745	-0.003952708255
212619	-0.025998420809	-0.024453536302	0.057549671628
186456	-0.007834810958	-0.008668089222	0.016194399671
369903	-0.005991878491	-0.010197634883	0.012116031601
354737	-0.010759913366	-0.010418937123	0.019456124283
291266	-0.011210434989	-0.00505032039	0.018396471544
368137	-0.006510042682	-0.018915842838	0.030558386883
191393	-2.4416107e-05	-0.000728242303	0.002568501821
195608	-0.00272191267	-0.007394595945	0.004171138249
194219	-0.002447108537	-0.010146037561	0.021984891978
471106	-0.006342722794	-0.022975628748	0.067721476444
176861	-0.002110255095	-0.007728850203	0.008553712128
178056	-0.011476323024	-0.00598306192	0.011122290134
173135	-0.005409575145	-0.01126907786	0.014941439933
179321	-0.009034338109	-0.009436624274	0.014127531025
554436	-0.002789552007	-0.007077728082	0.01433185312
175681	-0.001423510948	-0.010378084357	0.017784661593
186081	-0.000897959667	-0.003342529762	-0.004360961572
180285	0.002856083885	-6.9165489e-05	-0.00271141619
357470	-0.014790729551	-0.024504707401	0.048886562611
163939	-0.000959152781	-0.001671777093	0.003081748981
525169	0.000617069554	0.00291191997	-0.005148204694
367417	-0.001257042152	-0.00607370991	0.010624485672
326792	-0.009358714404	-0.016438655606	0.033594162865
308135	-0.010102415946	-0.004556243322	0.013886766851
325407	-0.011787232206	-0.026158772807	0.077068303468
208332	-5.5321819e-05	-0.001155447966	0.001702641501
518372	-0.001094849977	-0.002621177795	0.005437858911
528715	-0.000364295569	-0.002191085649	0.004151060704
523363	-0.000345658254	-0.000913870566	0.001948084796
531429	-0.017503103555	0.000911686573	0.003603327236
527741	-0.002514189336	-0.0037387929	0.007734897864
177602	0.00050918757	0.000974564366	-0.00193371356
165924	-0.001527536005	-0.004589301843	-0.000377985546
215767	-0.022903009085	-0.020022188587	0.02981995919
365372	0.000674460564	0.001217920755	-0.002420075771
362757	-0.001512194389	-0.003351746872	0.006578122942
187888	0.00108193949	0.00249684311	-0.005072292971
185390	-0.003083225418	-0.007934967548	0.00643641731
368362	-0.002684282135	-0.00619403968	0.002669518636
184511	0.002034169031	0.003031264593	-0.006488837424
188646	-0.014053021947	-0.022758003135	0.029795508381
361581	-0.008895702416	-0.004534245016	0.005786363304
190675	0.001119290092	0.002350818768	-0.004774155936
180304	-0.007833060019	-0.015898903755	0.011955187719
171551	-0.006208293692	-0.025078261737	0.082207808586
290260	-0.011522311807	-0.022621797406	0.07235612623
367433	-0.019239402382	-0.025058361316	0.062140188103
185734	-0.0094887539	-0.010137957799	0.015801583696
194986	-0.000150159681	-0.000487528948	0.00108199994
194654	-0.001084151315	-0.000384980276	0.001284762462
176115	-0.016397528851	-0.026061846518	0.024878697975
310301	-0.017799324894	-0.011509809337	0.033637051554
193761	-0.012741989497	-0.022366837646	0.069941236499
183914	-0.001032773754	-0.004402183494	0.007956216591
179291	-0.001635179897	-0.004424319919	0.007374940664
190572	0.000454189375	0.001100026838	-0.002253370462
179287	-0.002409816826	-0.009968567558	0.009312186121
188900	-0.014084441887	-0.014883769797	0.011690988209
327476	-0.019297322228	-0.019525758689	0.063706997363
309533	0.000297298486	0.001036480959	-0.002859340698
164241	-0.001716301989	-0.004175050844	0.009033039717
189047	-0.010920318829	-0.018895221559	0.086421673643
180658	-0.014390566675	-0.016910287114	0.07793224164
360297	0.001086410089	-0.003971997216	0.004943771545
157966	-0.003222822787	-0.00811497891	0.003822583384
72147	-0.001546731928	-0.007086393437	0.017546888992
358449	-0.002459348478	-0.00531980439	0.00152277679
178512	-0.001620272593	-0.004607343483	0.009027889963
258099	-0.000249975899	-0.002961083804	0.00495684283
171788	-0.008474612585	-0.003100659038	0.01130912602
158569	9.7153861e-05	0.000195029289	-0.000350150193
368412	-0.0005676387	-0.001248779541	0.002712295023
114087	-0.000896216611	-0.00203229014	0.004325000187
315223	-0.01042619133	-0.003717282576	0.017572084837
367814	-0.000369344552	-0.000949193751	0.00261165117
261022	-0.010972370641	-0.022784686069	0.046962490626
288588	-0.016807883743	-0.013186889395	0.020583636136
262944	0.000205794093	2.0062552e-05	0.001035383623
539296	-0.001497408075	-0.003073873939	0.006090379437
173810	-0.001959340544	-0.010063603443	0.003422826371
274928	-0.000498426543	-0.001237644603	0.002603784258
585908	-0.010479302728	0.008786376598	-0.00543357773
94496	-0.010785985383	0.00723327359	-0.002407470917
291566	0.000833678351	0.001500627707	-0.002901217862
264510	-0.009350225375	0.009683089397	-0.007247556893
16066	0.001667203905	0.002653365417	-0.006075103833
254943	0.000774706764	0.000578228286	-0.00216258355
269833	-0.013145126586	-0.027299681044	0.043929143267
209578	-0.009007532439	0.002260273322	-0.008578911247
365147	-0.007999588659	0.003208277351	0.000926336412
367055	-0.013744681204	-0.011089190789	0.017254867705
223222	2.3305751e-05	-0.00013812949	0.0003681429
181961	-0.004386716735	0.004019211505	-0.003194651991
269378	-0.008123481027	0.003384816161	0.000811043751
217186	0.001593791027	0.002128127854	-0.004593427936
304044	-0.002624542829	0.003255437122	-0.002426392235
293409	-0.00039094308	-0.000952753766	0.002098844462
340923	-0.002544939769	0.000918230191	0.000347152706
299609	-0.001358615329	0.000519435948	0.000155507273
203708	-0.018544211923	-0.019388091675	0.043665093989
232828	-0.000993506459	-0.002174519364	0.004898499201
470117	-0.009861332282	-0.020956034545	0.051655332959
297622	-0.009425135558	0.004571244056	0.000968678167
147100	-0.00346044701	-0.00232391437	0.00713713438
337250	-0.001363618018	-0.002919682564	0.005956641776
175074	-0.003518639605	-0.009192254266	0.015558074431
209845	-0.000942904748	-0.003578503059	0.007044609707
349944	0.000656908679	0.00168873939	-0.003435349935
232658	6.1048676e-05	0.000154157428	-0.000260914842
187264	0.000383691074	0.000888463713	-0.001738547545
362854	0.001199899684	0.000373549805	-0.001698525708
375225	-0.008626316202	-0.00245967359	0.010516020783
579366	-0.003146309023	-0.006824582366	0.004481846632
519880	0.000508406698	0.000451048944	-0.001765092975
274533	-0.001020460558	-0.002412304807	0.005028621431
394980	-0.011107148908	-0.002948437909	0.013137885001
130337	-0.00361833733	-0.007782950235	0.009668855193
194651	-0.001677967743	-0.010471610312	0.016166671698
170185	0.000566241267	-0.001796352041	0.002679582165
210552	-0.021562638489	0.000273024043	0.018689767383
565404	-0.002155435271	0.004298960182	-0.004534638681
210793	-0.002786077958	-0.006541513482	0.013398994535
113822	-0.000870708972	-0.002825925624	0.005385516723
207624	-0.001121601462	-0.004095778909	0.008122930455
212532	-0.004111277737	-0.009006943977	0.004840322049
213870	-0.004607833145	-0.001913509343	-0.005017366361
181174	-0.002587464754	-0.006009764606	0.013173771224
291517	-0.01023224851	0.004595853552	0.001293752331
288479	0.003472821824	-0.002963326984	0.000868833857
209122	-0.009922431201	0.00444161123	0.001141483967
208386	-0.005045072885	-0.006904198166	0.01113900396
100124	0.008674821317	0.014049687885	0.008554098421
109546	-0.011169819214	-0.007187467409	0.011944011018
207466	-0.003301973867	-0.001961974471	0.006522182286
359984	-0.003238344168	-0.006013325602	-0.006716141172
204593	-0.013103407401	0.002136634386	0.006992053978
307299	-0.00754404238	0.003368669775	0.000947288717
288935	-0.008418483829	0.007058382316	-0.003901074036
356387	-0.002086529166	-0.003338627712	-0.005043752316
181892	-0.022325264812	-0.009125347837	0.02768116616
342487	-0.004469928504	-0.001655573627	0.008974237994
204889	-0.014233342374	-0.005373126496	0.005263898616
187181	-0.002645712562	-0.004469566491	0.010095290756
301979	-0.005668348823	0.003718081726	-0.001413207398
544549	-0.00586019196	0.003454479691	0.000420953415
586517	-0.001612194731	-0.003601191652	0.006600281944
291263	-0.00491975278	-7.540435e-05	0.004331444432
297116	-0.01038286552	0.004859400996	0.001404096525
323050	-0.003809599727	0.002733803164	-0.001046292723
326570	-0.00363617531	0.001409278318	0.000552810815
300260	-0.012093266723	0.003617766477	0.004742628522
528722	-0.000722901371	-0.001361822114	0.003186773643
194869	-0.004022748492	0.002023766734	0.000445889711
251289	-0.004164346055	8.183853e-06	0.004205615359
344208	-0.010199209406	0.00463481642	0.001019528113
33987	-0.005165126454	-0.009757971188	-0.001075327075
358346	-0.002219107863	-0.013298166085	0.016342603624
287771	-0.014425504786	0.006222526118	0.002233087772
174012	-0.009173242738	-0.016729365881	0.025868674491
248158	-0.012031889603	0.006734899573	-0.001060725768
140598	0.001140682221	-0.000269035284	-0.000307487237
242393	-0.007237910795	0.003530502365	0.000406828165
207832	-0.003658720268	-0.00849971638	-0.004107732714
237079	-0.010465278513	-0.000552596337	-0.001717869573
554312	0.000582308003	-4.561363e-05	-0.000382429736
562015	-0.01313507615	-0.004073994227	-0.006850501676
451299	0.001301940707	-0.000567130462	-6.9432449e-05
14516	-0.011911187707	0.008258983441	-0.002728843503
78009	-0.004465121792	-0.00471052895	6.1250572e-05
206803	-0.012789071291	-0.009415432959	-0.007644298688
269392	-0.006162870465	0.004572548542	-0.002151438507
23244	0.001364255192	-0.004023004736	-0.003073396497
274948	-0.002940927354	0.005145737927	-0.005178498349
287776	0.002576730202	-0.000896126543	-0.000352509176
535097	-8.503633e-05	-0.00505711984	-0.00427168657
238738	-0.000398492276	-0.012721956637	-0.006666404653
99331	-0.009231710875	-0.000116479986	-0.004033001845
265085	-0.002860978698	-0.004623825581	-0.002031825867
45468	0.012624091333	-0.015678854521	-0.004176246007
14577	-0.006840326845	0.003273022134	0.00044468193
558741	-0.005970994596	-0.00218022907	-0.002802399813
138036	-0.006375251503	0.004933868535	-0.002220948936
137638	-0.00536742629	0.002021267249	0.000588723704
136835	0.003022668775	-0.000738240679	-0.002284204043
111121	-0.012887344383	0.008310254695	-0.00251745109
111264	-0.013123131932	0.002204259639	-0.001498618384
247036	-0.000337129972	0.000272679579	2.257313e-06
561398	-0.000494285172	-0.008800825417	-0.000651013216
452061	-0.009903895205	-0.003255494112	-0.007126083135
559130	-0.003253673994	-0.006050750618	-0.006379065252
100562	-0.003027918369	0.00262400259	-0.000435369579
106622	-0.004482409268	0.001472832279	0.001063188208
137597	-0.001020578133	-0.005660826458	-0.000284151977
409809	-0.002236563069	-0.005448896805	-0.003409427968
144299	-0.007498099773	-0.001321639629	-0.004293690235
73915	-0.015756016174	0.001652859896	-0.001461426699
142429	-0.007875110051	0.002904064705	-0.002530014327
218836	-0.007490148126	0.004800675499	-0.000767131626
110687	-0.006323686435	-0.002774375928	-0.002443110164
566053	-0.003050919109	0.002174987652	0.000399823867
273830	-0.011421869324	0.004478399957	-0.006242551887
278527	-0.005184652838	0.002940805362	0.000664198352
575425	-0.010377513917	-0.005627400203	-0.005369410202
561548	-0.002857652449	-0.004547063628	-0.002884752821
532740	-0.011561191909	-0.008625167833	-0.005447646625
173427	-0.003118677683	0.004135616698	-0.003814000919
566131	-0.00540416629	0.002837206754	-0.000273833341
591907	0.003825686717	-0.00670610749	-0.006797526689
314025	-0.002393388483	-0.004970257875	-0.006018233687
256533	-0.014580971792	0.006701426046	0.001314986868
554803	-0.005644428577	-0.009904432822	-0.006222689582
581181	-0.007059240417	0.005002843117	-0.002294000415
257174	-0.007258126374	-0.004746955555	-0.005541174378
443147	-0.009188741258	0.004384398178	0.001501172296
22928	-0.005549431871	0.003418875884	0.000208431291
173241	-0.004974589958	0.002360910891	0.000820443699
69411	0.015656091877	-0.007352203535	-0.001881040917
14628	0.002154589109	-0.012468670267	-0.008016499299
258206	-0.006099682652	0.003630036344	-0.001869149753
89853	-0.002542066629	-0.00245398969	-0.004556091477
24211	-0.005970643644	0.00240216497	-2.0895891e-05
270179	-0.000873215901	0.001487788336	-0.000654023713
539360	-0.012147353538	0.000526451933	-0.003669517253
277136	-0.007349671017	-0.001433541641	-0.002296200494
511363	-0.004265883706	0.002835732325	-0.000341522146
571004	-0.012402702209	-0.006078741807	-0.006539803384
101949	-0.007900607167	0.004032110806	0.000946296473
183736	0.002520632799	0.000312074276	-0.003362255955
471387	-0.015074769849	0.007629421756	0.000851895123
457044	0.007088892992	-0.01024002227	-0.007797014071
287758	0.013348853036	-0.008563616827	-0.008120043526
62950	-0.006887474693	-0.001419649874	-0.003135654407
287877	-0.012995803355	0.006334386811	0.001566021682
555419	0.006247083773	-0.006000332808	-0.006402700777
130998	0.003998935824	-0.013279306018	0.00092686754
591504	-0.011818968831	0.003992154137	0.000697604938
157711	-0.00243854972	0.004044512396	-0.005000731307
269842	0.005388620922	-0.006354476177	-0.009502020334
107258	0.001290399556	-0.000988749285	-0.000897811614
45265	0.000609679907	-0.000337215169	-0.000282146587
154106	-0.002166112627	-0.007519839777	-0.005107390848
470462	-0.015310190381	0.005630774685	-0.002188822316
272578	-0.001057315963	-0.000495786824	-0.003812811878
301364	-0.015131629587	-0.010112785027	0.019330132016
370030	-0.00020082972	0.000567823678	-0.000272640539
542345	-0.000221357495	0.000442177775	-0.000265790561
513562	0.000205998549	-0.000149788832	0.00013482192
41248	0.002128541413	-0.003295487328	0.002791084152
15241	-0.008542640871	0.003237424673	0.000944128232
362988	0.000322644008	-0.000108795388	-0.000154926944
15237	0.000582932622	-0.000256380225	-0.002313504352
15250	-0.001189595514	0.001174053985	-0.000197187422
28186	-0.016058193035	0.002006227771	-0.001740306462
15302	-0.002792618253	-0.002142695572	-0.003013043428
540230	-0.001803971379	0.000933023802	0.000809356887
148827	-0.007047308817	0.003576902875	0.000514771475
44126	-0.001323395238	0.000641212463	0.000389816901
557059	-0.000395832993	-0.001458237026	0.002613789789
53470	-0.000300686128	6.5246978e-05	-2.6458086e-05
512239	-0.011733442818	-0.002692382112	0.001376808907
132661	-0.00799222038	0.003548635378	0.000973555043
570199	0.001770488904	-0.002395201684	0.001855745916
334656	-0.009587948306	-0.001106195932	-0.002838736187
140940	-0.005235458037	-0.010946868461	-0.007920985957
276183	-0.000793824811	0.00022358123	0.000206062982
148840	0.001499699875	0.00023109994	-0.000732224181
15054	-0.014669376303	-0.001400441739	-0.009576570924
470477	-0.014068833827	0.003223608099	-0.000740106197
15059	-0.012761323498	0.003666654742	0.002237614031
469920	0.000995536269	-0.001481968843	-0.000735439216
129773	-0.000773030513	-0.000138249539	-3.2254177e-05
517319	-0.000254058858	-0.000654030702	0.000544683682
15053	-0.005330110921	0.002576373229	-0.002649334525
240694	-0.004421434827	0.001690563211	0.000876601359
363305	7.496166e-06	-0.001637518056	0.00248905228
168242	0.003045692443	-0.006060387886	0.005348048011
246692	-0.006428881763	-0.000514556926	-0.002837407887
148099	0.002422534896	-0.000971473726	-0.000709242462
471112	-0.008150340735	0.003595603708	0.001037433165
556087	0.000317756198	0.001593405915	-0.002842181065
326464	-0.000636174368	-0.002210712333	0.005911136087
345575	-0.0151647945	-0.018597069649	0.017529306022
164145	-0.000729773663	-0.002544209871	0.006706581283
521294	-0.000429475172	-0.001465320715	0.00396765658
517535	0.000386735753	-0.001535345259	0.002789051834
299667	1.3283789e-05	-0.001026940983	0.00329081192
303161	-0.006935265763	-0.003373450859	0.009429458858
301608	-0.001780721308	-0.006907579622	0.018407229045
292424	-0.0090297806	0.000208030045	0.009344242211
302919	-0.002872925986	7.4541388e-05	0.006623911916
294794	-0.009014021474	-0.004909852036	0.012436298266
296292	-0.001114847499	-0.003899463186	0.010177265855
306758	-0.000806295146	-0.00357958933	0.010187396684
205229	-0.002638645242	-0.006871383385	0.002287664124
316587	-0.001718379585	-0.021865180449	0.065962844114
15571	-0.001372787194	0.000573124416	-6.3557056e-05
98605	-0.00871956649	0.004030610615	0.036157211149
154802	-0.000568367867	0.000300512673	-0.000204617236
221080	-0.003617591761	-0.004184960236	-0.002787927618
218959	-0.003273019257	-0.005418834474	-0.002498148936
18951	-0.000394205724	-0.000721857221	0.000414241151
511532	0.000933853604	0.001676843751	-0.006452951796
506496	-0.005674686188	-0.008718677396	-0.004783436278
332405	-0.012578777031	0.000446332991	0.008658534178
298862	-0.000744443306	0.000387237842	0.000367895336
526804	-0.018176052617	0.00657429139	0.032111717993
113900	-9.833914e-06	-0.000431111487	-0.000594627025
534193	-0.011131621722	-0.002317469928	-0.003779901637
50448	-0.011947281307	0.001582946986	-0.004718183072
286668	-0.002474690267	-0.002969005298	-0.003507631272
582722	0.001633816102	0.002978356158	-0.008652694847
108747	-0.016799047882	-0.00062079374	0.051499723138
35624	-0.000382398087	0.001024124465	-0.00242118408
144643	-0.007470993978	-0.009771976739	-0.014376486259
111084	-0.000568662383	0.000551469062	-0.000487816869
370433	0.004891431991	-0.003836149182	-0.005734181347
169991	0.000721617606	-0.002371979132	0.003740423365
416992	-0.001029112563	-0.00923620497	-0.006193215741
137341	0.000595832348	0.00052802997	-0.001997773942
15382	-0.000804946192	0.000531148229	-0.006014890765
72003	-0.007037795357	0.00180487604	0.006414300266
139660	0.000400538732	-0.000756238192	-0.000333826002
44359	-0.001042999597	-0.000100871894	-0.000126579892
568929	-7.0378341e-05	-0.002016909585	0.004778787282
15357	-0.01142232818	-0.001817659149	0.00351563593
305263	-0.001161830736	-0.003959400251	0.000917138365
15432	-0.002837108164	-0.005548154289	0.000795734364
15431	-0.000371719981	-0.001241255251	0.003174849643
328458	-0.002356278286	-0.008518944056	0.009051421365
242407	-0.000772404529	-0.000338011821	0.000236114748
240865	0.001927111343	0.002804631047	-0.006508301392
90388	0.00036455022	0.000963884622	-0.001650941736
578837	-0.000408749282	0.000860507963	-0.002174273476
52562	0.001987474267	-0.002759473457	0.002262047223
484444	0.000794260854	-0.000493001399	-0.000146992719
376024	0.001157841646	-0.001929659037	0.001469772279
566203	-0.001146343683	0.00097436889	-0.000201570062
518033	-0.004204184592	-0.009487002074	-0.00600154973
292302	0.000594835497	-0.000209485085	0.000328159519
259372	-0.000626663505	0.000752841641	-0.000490645952
292358	-0.002134954401	-0.003322672511	-0.002755415731
266771	-0.000651879588	-0.007319661581	-0.000747014694
470603	0.000718663292	0.000419777418	-0.00226765406
252321	-0.005436342733	-0.004030870572	0.006120273931
514694	-0.001739129142	-0.002733698524	-0.004941632011
470599	0.001270678301	0.000387342251	-0.001842991775
541987	-0.000400456269	-0.000492047598	-7.3242472e-05
168326	-0.000162376735	0.000288282443	-0.000173503643
356733	-0.000168602271	0.000476849393	-0.000293517242
331583	-8.8858997e-05	-0.000220026759	0.000212145647
220521	-0.003183581252	0.003080435877	-0.001926659322
269541	-0.011889862393	-0.004118017255	-0.005361519406
218488	-3.55594e-07	-0.000636093684	0.000496373229
16357	-5.7106672e-05	0.000221068473	-0.000134534189
284293	-0.000260729721	-0.000461176233	0.000332879622
338191	-2.9542979e-05	-0.000206419204	0.000188970523
217912	0.000187572034	-0.0005576337	0.000456067817
347704	-1.051014e-06	-0.000266399238	0.000195507239
576936	0.001079597299	-0.001967201706	0.00138216509
323445	0.000180699855	-0.000384048861	0.000329598798
378462	-0.011509565454	0.00242387227	0.00097173033
312294	-7.0782191e-05	2.660668e-05	3.9224583e-05
586238	0.000125996515	-5.7205556e-05	0.000118069513
158047	0.000284937119	-0.001167944002	0.000792420941
428705	-0.008357076856	-0.001963756057	-0.000143422588
181589	-0.000113823447	0.000462277884	-0.000676438253
326116	0.0032457094	-0.004073558052	0.002336922618
107105	-0.006185709148	0.003201641154	0.00047340194
386541	0.000911845087	-0.000853554486	9.1479595e-05
192272	0.00174995384	-0.0064957287	-0.002413732228
184742	-0.002501009806	0.003827536561	-0.003660728875
526718	0.001769826797	-0.002087837988	-0.000437017396
28012	-0.008252519735	0.003427943301	0.000972890417
312102	-0.004500386964	-0.001431864064	-0.002956153925
536014	-0.007045662529	0.0048590122	-0.001890118644
578911	-0.010893144658	-0.002380392253	-0.006719468865
561839	-0.003499750337	0.001024369718	0.000422583546
252328	0.00021232152	0.000434515941	-0.000463450235
244571	-0.004475292942	0.000322299568	-0.000706657312
253236	-0.005521587379	-0.000863320228	-0.002666199352
249211	-0.005993122505	-0.004359839383	-0.005231238969
211866	-0.00979455359	-0.008718308053	-0.006748861445
262550	-0.010827246878	0.007207936712	-0.002346443141
99527	-0.003620178526	0.002460973997	-9.3265504e-05
137642	-0.009620930639	0.001820296515	-0.004112052205
257088	-0.005303549681	0.00335059536	-0.000410847035
255713	-0.007199482339	-0.007496943912	-0.006144079862
77934	7.1141454e-05	-2.061912e-06	0.000412375781
250537	-0.001698693886	-0.004999601532	-0.002786908883
198464	-0.00612144405	0.000274383799	-0.001096953382
14363	-0.012813369891	-0.005371016147	-0.004537738265
252209	-0.007095051606	-0.003554444436	-0.005350362512
276959	-0.010767071718	-0.00021488877	-0.002600535966
516425	-0.007321857541	-0.002105910044	-0.002429852424
349014	-0.004562170188	-0.002318905377	-0.001504029119
189988	-0.005472160264	0.002512242235	0.000876447225
241963	-0.007442580494	0.003271617086	0.001193076699
105240	-0.006525442635	0.003382036634	0.000621369941
269649	-0.008552131614	-0.004506243536	-0.00545588985
241113	-0.001910108674	-0.004211661131	-0.003461943111
46942	-0.006944613411	0.004485200796	-0.000153715812
138165	-0.014076013849	0.007455021283	0.000749134554
494185	-0.012176041272	0.005736006758	0.001164469294
133383	0.000945347249	0.001473633573	-0.003741783653
237040	-0.010336533183	-0.005040953731	-0.00270400806
346886	0.000376371978	0.000491782259	0.000721695351
147740	-0.003962886274	-0.005148898319	-0.0054995861
90607	0.001644793064	0.002933955497	0.001554141751
149186	7.3790479e-05	-0.000958108187	-0.001692870074
251837	0.001748526183	0.002023012099	0.00136345489
172658	0.003240612121	0.005978561578	0.003725346413
589024	-0.021253160322	-0.017863923	0.033306622169
302001	0.002088686586	-0.007046539438	-0.003243023272
206442	0.005840206002	-0.003085656332	-0.000685157952
555326	0.007028479015	-0.013309506575	-0.010416345655
469482	-0.019060667446	-0.002856434993	0.01434784533
13850	0.000642417563	0.000946052467	0.002986617224
470993	0.002157725757	-0.006022555731	0.006309015956
120969	-0.000725183486	-0.001093562547	0.000638380715
247733	-0.000836055181	-0.001362456821	-0.000350068604
550364	-0.002701838402	-0.004677346623	-0.002257023577
33071	0.000969858741	-0.002868597745	0.002102954782
92034	0.002020710021	-0.001031195827	-0.00084709822
360574	-0.001126520632	-0.000495011879	0.000677745059
149091	-0.000700322334	0.001113458551	-0.002612225764
41385	-0.000396165595	-0.001315646348	0.003653204434
27326	-0.000164001858	-0.000654281271	0.001616096937
149335	-0.011309478979	-0.001825461245	0.01803165397
470691	-0.007932301089	-0.016284251305	0.037432921848
217802	-0.004073676444	0.001932520121	0.000598933142
563108	-0.003718846652	-9.6200005e-05	-0.000262500727
172753	-0.01124216931	-0.002432328247	-0.002837194096
141751	0.001445997022	0.003232973231	-0.000975568453
572360	-0.012812023156	-0.003378511795	-0.004876654005
96971	0.000848339408	-0.001022234336	-0.004555865802
161464	0.00769210079	0.008664759462	0.006312189932
519938	0.000124269642	0.000309761039	0.000895437281
535825	-0.007456673847	-0.003016036721	-0.004280609505
13825	-0.006662666151	-0.003789949617	0.002091432229
48207	-0.008302035186	0.004990960932	-0.001132432025
358364	-0.014280898421	-0.008300231096	0.016627519213
400559	-0.003649534921	-0.009709581804	0.009129260191
389170	-5.030659e-05	0.000138456853	-0.000792736622
128382	0.000361733612	-0.002224073352	0.001972818256
301827	-0.001189427898	0.000717787319	4.9334377e-05
155948	-0.010903063384	5.8229717e-05	-0.006117667438
585419	0.000404556152	0.000285115987	-0.00237441988
85594	3.110541e-06	0.000540953305	0.000120751161
516119	-0.002114388547	-0.004273310084	-0.000710693412
114821	-0.01301372245	0.007294442361	0.033083576378
145149	-0.014273627914	0.011549422031	0.03296941111
573384	-0.002911236932	-0.004389974728	-0.003309155136
471370	-0.008454038108	-0.018890735042	0.037509616191
94154	0.001121003188	-0.000939454032	0.002514580279
569794	-0.000433663552	-0.001492512773	0.003996925711
535804	-0.001600498255	-0.003275517048	-0.002500715396
573107	0.000229034596	-0.001436839102	0.003717262718
96132	0.000257389496	-0.000133191451	0.000202533007
240047	-0.004877144614	-0.000169790745	-0.001504063725
250833	-0.004061464817	0.009846688321	0.004112645026
237991	-0.006604762998	0.00122747577	0.003965300988
278423	-0.00056348493	-0.00201609435	0.004650665684
110317	-0.006054136364	-0.004501028921	0.012131661743
68340	-0.002905933825	-0.006510716867	-0.002352248227
13893	0.001246448658	-0.003377291467	0.004293855194
129508	0.000150389106	-0.002220857842	-0.003256770836
269031	-0.004787514188	0.001048444484	0.000237264432
318205	-0.008436133277	-0.001947793508	-0.00242077733
565822	-0.009140403331	0.000623935972	-0.000713643225
134479	-0.009095730275	0.000659762612	-0.002097635907
246195	-0.001099550464	-4.5397808e-05	0.000714589899
92501	-0.000698989032	-0.001028900847	-0.0010592059
546622	-0.000258657295	0.000329043402	-0.000766705891
278222	-0.002285859708	-0.003339814502	-0.003721208658
535321	0.000871177621	-0.002094715803	0.002124799835
200359	-0.003997416759	-0.009792386068	-0.002626180228
271582	-0.003009631535	-0.004221364133	-0.003221322828

Site	26	3
CL3	0.418070240339	-0.234382293112	-0.183400787024
CC1	0.495445663429	-0.20105613388	-0.218347134681
SV1	0.280761062264	-0.18106563587	-0.226228542968
M31Fcsw	-0.165832547081	-0.21440505633	0.171446975356
M11Fcsw	-0.130470242788	-0.177033377282	0.148325927867
M31Plmr	-0.069879061168	-0.121640365847	-0.165753851658
M11Plmr	0.072702659476	-0.112967062392	-0.09415546715
F21Plmr	0.004315700566	-0.106785543134	-0.159417621584
M31Tong	-0.149223461939	0.054782065829	-0.033113601801
M11Tong	-0.057238720361	0.049229057734	-0.024322423433
LMEpi24M	-0.011735068477	0.094630530185	0.014549698119
SLEpi20M	0.037082110781	0.111263447262	-0.043239953012
AQC1cm	0.188515223658	0.358507924686	0.26280256455
AQC4cm	0.245527555261	0.437540299584	0.171958312886
AQC7cm	0.266982662328	0.407230811737	0.180188406554
NP2	-0.187041535778	0.209099187388	-0.252350487062
NP3	-0.251269498226	0.184769735668	-0.302463290797
NP5	-0.278341762199	0.239636959245	-0.279423397866
TRRsed1	-0.11365762095	0.000454143727	-0.076621484714
TRRsed2	-0.113330852132	-0.025499968795	-0.178122804858
TRRsed3	-0.12311732059	-0.066249027403	-0.01385161576
TS28	-0.129084763855	-0.17817566804	0.213605037431
TS29	-0.121229795306	-0.156489094102	0.202967655889
Even1	-0.034303155823	-0.106189303223	0.314290450092
Even2	-0.024730220708	-0.129999515183	0.288370769906
Even3	-0.048917250721	-0.135206118453	0.282306665719

Biplot	0	0

Site constraints	0	0
