Sample1	Sample2	BetaNTI	RCbray	BrayCurtis	Group1	Group2	PairScope	Process
S2	S1	-0.54136513424475	1	0.470324290715913	IW	IW	Within IW	Dispersal limitation
S3	S1	-0.0100404257510373	1	0.459285433525424	IW	IW	Within IW	Dispersal limitation
S4	S1	-0.226605196981091	1	0.489039407541363	IW	IW	Within IW	Dispersal limitation
S5	S1	0.571206433781637	1	0.574840476291086	IW	IW	Within IW	Dispersal limitation
S6	S1	0.264127823472023	1	0.584178850123558	IW	IW	Within IW	Dispersal limitation
S7	S1	-1.10671884478367	1	0.546929711154104	IW	IW	Within IW	Dispersal limitation
S9	S1	-0.103736958604438	1	0.396101190684452	IW	IW	Within IW	Dispersal limitation
S10	S1	-0.569673504283833	1	0.595559183555884	IW	IW	Within IW	Dispersal limitation
S11	S1	-0.730755150233551	1	0.596775295256823	IW	IW	Within IW	Dispersal limitation
S12	S1	-0.794054699683062	1	0.603882818686177	IW	IW	Within IW	Dispersal limitation
S13	S1	1.72567109255014	1	0.577866626232176	IW	IW	Within IW	Dispersal limitation
S15	S1	0.0986842885121707	1	0.784771405636635	IW	IW	Within IW	Dispersal limitation
S16	S1	1.12127590088285	1	0.796009652936687	IW	IW	Within IW	Dispersal limitation
S17	S1	2.57807534955419	1	0.805185722145671	IW	IW	Within IW	Heterogeneous selection
S18	S1	-0.571258340773669	1	0.757340431203213	IW	IW	Within IW	Dispersal limitation
S19	S1	1.36475189845027	1	0.768985511056066	IW	IW	Within IW	Dispersal limitation
S20	S1	0.48259346211307	1	0.746438200012601	IW	IW	Within IW	Dispersal limitation
S22	S1	0.696092601369729	1	0.594785343573726	IW	IW	Within IW	Dispersal limitation
S23	S1	-0.0323818770841059	1	0.612725210041578	IW	IW	Within IW	Dispersal limitation
S24	S1	-1.2360406442047	1	0.636751095899458	IW	IW	Within IW	Dispersal limitation
S25	S1	-0.388008332385816	1	0.674688031344513	IW	IW	Within IW	Dispersal limitation
S26	S1	0.428038643392865	1	0.762195531498347	IW	IW	Within IW	Dispersal limitation
S27	S1	0.155600837589248	1	0.734082768892514	IW	IW	Within IW	Dispersal limitation
S28	S1	-0.1345577931387	1	0.815777870392181	IW	IW	Within IW	Dispersal limitation
S30	S1	-0.0768043585417563	1	0.738449803494753	IW	IW	Within IW	Dispersal limitation
S34	S1	-0.525355162585007	1	0.690019629933987	IW	IW	Within IW	Dispersal limitation
S35	S1	0.612108701198857	1	0.705566225118918	IW	IW	Within IW	Dispersal limitation
S36	S1	0.562133001323489	1	0.800170037763019	IW	IW	Within IW	Dispersal limitation
S37	S1	1.38046941749579	1	0.738735084067078	IW	IW	Within IW	Dispersal limitation
S61	S1	-0.363838353443068	1	0.832763368748789	CW	IW	Between groups	Dispersal limitation
S62	S1	-0.379349798053339	1	0.831463026473293	CW	IW	Between groups	Dispersal limitation
S63	S1	0.0901745247658238	1	0.789763121718041	CW	IW	Between groups	Dispersal limitation
S65	S1	-0.499182308678487	1	0.835955559816335	CW	IW	Between groups	Dispersal limitation
S85	S1	-0.410150179288669	1	0.850785597852281	CW	IW	Between groups	Dispersal limitation
S86	S1	0.733915855900178	1	0.776927792823745	CW	IW	Between groups	Dispersal limitation
S87	S1	-0.865529231601967	1	0.860095651894009	CW	IW	Between groups	Dispersal limitation
S88	S1	0.527335309250167	1	0.825741311146913	CW	IW	Between groups	Dispersal limitation
S89	S1	0.520489875437957	1	0.875225177452926	CW	IW	Between groups	Dispersal limitation
S112	S1	-0.274075880362727	1	0.856321817222547	CW	IW	Between groups	Dispersal limitation
S113	S1	-0.718438401209196	1	0.920078791298686	CW	IW	Between groups	Dispersal limitation
S114	S1	0.0603461509309453	1	0.910168588636795	CW	IW	Between groups	Dispersal limitation
S161	S1	0.802036918872758	1	0.858357244563535	CW	IW	Between groups	Dispersal limitation
S162	S1	0.862957317621052	1	0.835873587358736	CW	IW	Between groups	Dispersal limitation
S164	S1	0.857267847846024	1	0.832278394946009	CW	IW	Between groups	Dispersal limitation
S165	S1	2.80488904634067	1	0.811162985640547	CW	IW	Between groups	Heterogeneous selection
S166	S1	0.968553086154572	1	0.832358054925897	CW	IW	Between groups	Dispersal limitation
S167	S1	0.509099309423007	1	0.787607228739564	CW	IW	Between groups	Dispersal limitation
S168	S1	0.533559659169658	1	0.796035683212171	CW	IW	Between groups	Dispersal limitation
S169	S1	1.48791879589519	1	0.78758704483793	CW	IW	Between groups	Dispersal limitation
S170	S1	1.20651241707305	1	0.854624110805174	CW	IW	Between groups	Dispersal limitation
S171	S1	-0.0849874154973084	1	0.859969265573261	CW	IW	Between groups	Dispersal limitation
S172	S1	0.415799781714239	1	0.859622341625413	CW	IW	Between groups	Dispersal limitation
S173	S1	0.725174403846907	1	0.837786002777207	CW	IW	Between groups	Dispersal limitation
S174	S1	0.87170520075152	1	0.85997716902219	CW	IW	Between groups	Dispersal limitation
S175	S1	1.05745415129559	1	0.868386098868072	CW	IW	Between groups	Dispersal limitation
S176	S1	2.7618170399402	1	0.834922797711816	CW	IW	Between groups	Heterogeneous selection
S177	S1	0.55364440800043	1	0.841794462279356	CW	IW	Between groups	Dispersal limitation
S179	S1	0.509400469356847	1	0.737456051102589	CW	IW	Between groups	Dispersal limitation
S182	S1	0.216499965183939	1	0.714941509363742	CW	IW	Between groups	Dispersal limitation
S187	S1	0.417567559822388	1	0.800028176258097	TW	IW	Between groups	Dispersal limitation
S188	S1	0.383914264476126	1	0.814599052870808	TW	IW	Between groups	Dispersal limitation
S191	S1	0.567714593376614	1	0.79882534365174	TW	IW	Between groups	Dispersal limitation
S194	S1	1.39925189172568	1	0.892358436690924	TW	IW	Between groups	Dispersal limitation
S196	S1	0.877627079816916	1	0.855918834296723	TW	IW	Between groups	Dispersal limitation
S197	S1	1.72896195127902	1	0.682089073778303	TW	IW	Between groups	Dispersal limitation
S198	S1	2.56261665145793	1	0.688740062336922	TW	IW	Between groups	Heterogeneous selection
S201	S1	1.2912317758394	1	0.583683674780976	TW	IW	Between groups	Dispersal limitation
S202	S1	1.03953052137941	1	0.681855235323444	TW	IW	Between groups	Dispersal limitation
S203	S1	0.692746661132835	1	0.758214276260834	TW	IW	Between groups	Dispersal limitation
S204	S1	0.161902644641633	1	0.742946807509006	TW	IW	Between groups	Dispersal limitation
S205	S1	4.48946397059055	1	0.788040926871152	TW	IW	Between groups	Heterogeneous selection
S206	S1	1.30664419280858	1	0.777706597145406	TW	IW	Between groups	Dispersal limitation
S207	S1	1.3146023606578	1	0.765553714108628	TW	IW	Between groups	Dispersal limitation
S208	S1	0.038968054753654	1	0.787739592119828	TW	IW	Between groups	Dispersal limitation
S209	S1	2.47470358554377	1	0.730276499423093	TW	IW	Between groups	Heterogeneous selection
S210	S1	1.44230665977622	1	0.655022720083553	TW	IW	Between groups	Dispersal limitation
S213	S1	2.37431198760078	1	0.708669843222912	TW	IW	Between groups	Heterogeneous selection
S214	S1	1.57417542315379	1	0.696048011076911	TW	IW	Between groups	Dispersal limitation
S215	S1	1.52883132500947	1	0.72823976841463	TW	IW	Between groups	Dispersal limitation
S216	S1	0.496566218385562	1	0.778440210323271	TW	IW	Between groups	Dispersal limitation
S217	S1	2.60676662221598	1	0.693691796490701	TW	IW	Between groups	Heterogeneous selection
S218	S1	1.05598772252744	1	0.680922570433624	TW	IW	Between groups	Dispersal limitation
S219	S1	2.02838949570479	1	0.768055392329264	TW	IW	Between groups	Heterogeneous selection
S220	S1	1.26246998732577	1	0.696766620124607	TW	IW	Between groups	Dispersal limitation
S221	S1	1.86819390652984	1	0.698300789341253	TW	IW	Between groups	Dispersal limitation
S222	S1	2.13004926268791	1	0.753541325105246	TW	IW	Between groups	Heterogeneous selection
S223	S1	0.895352667745645	1	0.819389951275867	TW	IW	Between groups	Dispersal limitation
S224	S1	2.30762969257083	1	0.710311801105541	TW	IW	Between groups	Heterogeneous selection
S225	S1	1.27399087501135	1	0.714978223416187	TW	IW	Between groups	Dispersal limitation
S3	S2	0.616991730186073	-1	0.238892711464939	IW	IW	Within IW	Homogenizing dispersal
S4	S2	0.0646338548527195	0.361361361361361	0.365496758542834	IW	IW	Within IW	Undominated
S5	S2	-0.356125908618377	1	0.475976045386127	IW	IW	Within IW	Dispersal limitation
S6	S2	2.51111266242869	1	0.539151113827535	IW	IW	Within IW	Heterogeneous selection
S7	S2	-0.463822436423189	1	0.53064455690553	IW	IW	Within IW	Dispersal limitation
S9	S2	0.724132445799933	0.995995995995996	0.323273708868444	IW	IW	Within IW	Dispersal limitation
S10	S2	-0.330218151903525	1	0.619074484710744	IW	IW	Within IW	Dispersal limitation
S11	S2	-0.340830190778176	1	0.640459097363183	IW	IW	Within IW	Dispersal limitation
S12	S2	-0.771716329743729	1	0.664441234004088	IW	IW	Within IW	Dispersal limitation
S13	S2	-0.597835829934001	1	0.627103321068292	IW	IW	Within IW	Dispersal limitation
S15	S2	1.6041664353099	1	0.818764631202258	IW	IW	Within IW	Dispersal limitation
S16	S2	1.2944539357942	1	0.817380308871779	IW	IW	Within IW	Dispersal limitation
S17	S2	4.06154439937605	1	0.832887342875544	IW	IW	Within IW	Heterogeneous selection
S18	S2	1.06182590464173	1	0.755184331874195	IW	IW	Within IW	Dispersal limitation
S19	S2	-0.240988775397211	1	0.768753684101581	IW	IW	Within IW	Dispersal limitation
S20	S2	1.46359416653193	1	0.750673436202379	IW	IW	Within IW	Dispersal limitation
S22	S2	-0.297423536994372	1	0.539138641645832	IW	IW	Within IW	Dispersal limitation
S23	S2	-0.622946299471623	1	0.552281271820916	IW	IW	Within IW	Dispersal limitation
S24	S2	-0.871928068725438	1	0.578450123651807	IW	IW	Within IW	Dispersal limitation
S25	S2	-0.466252358651945	1	0.631030136604137	IW	IW	Within IW	Dispersal limitation
S26	S2	-0.302913443137843	1	0.664489322765726	IW	IW	Within IW	Dispersal limitation
S27	S2	-0.408708081319868	1	0.62969831821451	IW	IW	Within IW	Dispersal limitation
S28	S2	2.51223755102347	1	0.81969463364867	IW	IW	Within IW	Heterogeneous selection
S30	S2	0.0313869946970062	1	0.703102162835253	IW	IW	Within IW	Dispersal limitation
S34	S2	2.44970719749243	1	0.556903897878417	IW	IW	Within IW	Heterogeneous selection
S35	S2	-0.718704896872593	1	0.633367710865913	IW	IW	Within IW	Dispersal limitation
S36	S2	0.429207495897532	1	0.811151396249907	IW	IW	Within IW	Dispersal limitation
S37	S2	-0.400905766382941	1	0.694544020694222	IW	IW	Within IW	Dispersal limitation
S61	S2	-0.165207122184615	1	0.850016081148983	CW	IW	Between groups	Dispersal limitation
S62	S2	-0.764434618887103	1	0.853064290349763	CW	IW	Between groups	Dispersal limitation
S63	S2	0.438840881613386	1	0.8400301217426	CW	IW	Between groups	Dispersal limitation
S65	S2	-0.398185829299963	1	0.85883956933864	CW	IW	Between groups	Dispersal limitation
S85	S2	-0.233659494666127	1	0.863470196768391	CW	IW	Between groups	Dispersal limitation
S86	S2	0.861421794039902	1	0.802473522048252	CW	IW	Between groups	Dispersal limitation
S87	S2	-0.948956424086706	1	0.873033035533445	CW	IW	Between groups	Dispersal limitation
S88	S2	0.308231706375993	1	0.843004342381353	CW	IW	Between groups	Dispersal limitation
S89	S2	1.21952181297552	1	0.883539621193453	CW	IW	Between groups	Dispersal limitation
S112	S2	1.95578109176596	1	0.870478779666093	CW	IW	Between groups	Dispersal limitation
S113	S2	0.840748215151576	1	0.926903134875208	CW	IW	Between groups	Dispersal limitation
S114	S2	0.289439170747852	1	0.918620247984789	CW	IW	Between groups	Dispersal limitation
S161	S2	-0.313262066681756	1	0.890412552545764	CW	IW	Between groups	Dispersal limitation
S162	S2	-0.189434996835493	1	0.860521407895396	CW	IW	Between groups	Dispersal limitation
S164	S2	0.36095100608969	1	0.865674368817939	CW	IW	Between groups	Dispersal limitation
S165	S2	1.61361735007058	1	0.845886781050123	CW	IW	Between groups	Dispersal limitation
S166	S2	0.0334752017688944	1	0.862429569609049	CW	IW	Between groups	Dispersal limitation
S167	S2	1.05497862027095	1	0.80693877520565	CW	IW	Between groups	Dispersal limitation
S168	S2	0.474548444508692	1	0.844162880633072	CW	IW	Between groups	Dispersal limitation
S169	S2	0.979060334314671	1	0.821651193332075	CW	IW	Between groups	Dispersal limitation
S170	S2	0.0307439542264655	1	0.887028832653042	CW	IW	Between groups	Dispersal limitation
S171	S2	-0.641062920889216	1	0.887718918504961	CW	IW	Between groups	Dispersal limitation
S172	S2	-0.699671980115026	1	0.888042973931515	CW	IW	Between groups	Dispersal limitation
S173	S2	-0.143661034356437	1	0.875824992026652	CW	IW	Between groups	Dispersal limitation
S174	S2	-0.0354094973270619	1	0.888086844541985	CW	IW	Between groups	Dispersal limitation
S175	S2	-0.17086948265372	1	0.890449557348738	CW	IW	Between groups	Dispersal limitation
S176	S2	1.78622446327742	1	0.865687956908171	CW	IW	Between groups	Dispersal limitation
S177	S2	0.0401662917026131	1	0.872832147472349	CW	IW	Between groups	Dispersal limitation
S179	S2	1.90391873039899	1	0.776931452468365	CW	IW	Between groups	Dispersal limitation
S182	S2	1.0371597793926	1	0.78673472680509	CW	IW	Between groups	Dispersal limitation
S187	S2	2.0348855963623	1	0.880073106866241	TW	IW	Between groups	Heterogeneous selection
S188	S2	1.23078830231286	1	0.878466146980351	TW	IW	Between groups	Dispersal limitation
S191	S2	1.53208518259523	1	0.874147691391639	TW	IW	Between groups	Dispersal limitation
S194	S2	2.49977679669723	1	0.911844888958951	TW	IW	Between groups	Heterogeneous selection
S196	S2	1.56254785215409	1	0.880728248710334	TW	IW	Between groups	Dispersal limitation
S197	S2	2.85236797524685	1	0.716706337963079	TW	IW	Between groups	Heterogeneous selection
S198	S2	3.32894959665775	1	0.722283561778948	TW	IW	Between groups	Heterogeneous selection
S201	S2	1.77869299878088	1	0.75511270137892	TW	IW	Between groups	Dispersal limitation
S202	S2	-0.481240935691834	1	0.828316607520292	TW	IW	Between groups	Dispersal limitation
S203	S2	-0.211921937528789	1	0.871539629800185	TW	IW	Between groups	Dispersal limitation
S204	S2	1.64372633709211	1	0.830791563575288	TW	IW	Between groups	Dispersal limitation
S205	S2	3.28250140843926	1	0.84995377058795	TW	IW	Between groups	Heterogeneous selection
S206	S2	1.45303753935705	1	0.841227999627134	TW	IW	Between groups	Dispersal limitation
S207	S2	-0.22580819992612	1	0.820914493676838	TW	IW	Between groups	Dispersal limitation
S208	S2	2.27569919628482	1	0.84824458686177	TW	IW	Between groups	Heterogeneous selection
S209	S2	0.878085564685089	1	0.804276921490243	TW	IW	Between groups	Dispersal limitation
S210	S2	1.70275299426289	1	0.765549848589875	TW	IW	Between groups	Dispersal limitation
S213	S2	3.65374251819176	1	0.752090491141503	TW	IW	Between groups	Heterogeneous selection
S214	S2	2.77181883154773	1	0.767826163846104	TW	IW	Between groups	Heterogeneous selection
S215	S2	0.088389067335725	1	0.795228716865951	TW	IW	Between groups	Dispersal limitation
S216	S2	0.184090110712932	1	0.844303009106236	TW	IW	Between groups	Dispersal limitation
S217	S2	0.950257666376343	1	0.690980842760949	TW	IW	Between groups	Dispersal limitation
S218	S2	-0.213297936462444	1	0.747986500689139	TW	IW	Between groups	Dispersal limitation
S219	S2	1.18635811332249	1	0.805326631651492	TW	IW	Between groups	Dispersal limitation
S220	S2	-0.0767211590692607	1	0.765275139931257	TW	IW	Between groups	Dispersal limitation
S221	S2	1.00599473585371	1	0.793508554240346	TW	IW	Between groups	Dispersal limitation
S222	S2	2.10748009564618	1	0.834022194682738	TW	IW	Between groups	Heterogeneous selection
S223	S2	0.329330134597721	1	0.870308594794958	TW	IW	Between groups	Dispersal limitation
S224	S2	1.18010434947971	1	0.763455074921829	TW	IW	Between groups	Dispersal limitation
S225	S2	0.644348761870741	1	0.814140214574655	TW	IW	Between groups	Dispersal limitation
S4	S3	0.199190432894699	-1	0.268008320084344	IW	IW	Within IW	Homogenizing dispersal
S5	S3	0.0308624409847192	1	0.486985314449151	IW	IW	Within IW	Dispersal limitation
S6	S3	-0.379308893458765	1	0.524859889066977	IW	IW	Within IW	Dispersal limitation
S7	S3	-1.09370135266056	1	0.485292377329611	IW	IW	Within IW	Dispersal limitation
S9	S3	-0.241951554427005	-0.731731731731732	0.333232075803019	IW	IW	Within IW	Undominated
S10	S3	-0.544895962554603	1	0.616384630486397	IW	IW	Within IW	Dispersal limitation
S11	S3	-0.651250797973597	1	0.64548535063484	IW	IW	Within IW	Dispersal limitation
S12	S3	-1.14251375846794	1	0.655451816815943	IW	IW	Within IW	Dispersal limitation
S13	S3	-0.835011511703197	1	0.615961810827036	IW	IW	Within IW	Dispersal limitation
S15	S3	1.21359162424539	1	0.828867283431853	IW	IW	Within IW	Dispersal limitation
S16	S3	1.26227037242938	1	0.823723336665477	IW	IW	Within IW	Dispersal limitation
S17	S3	1.51121953219014	1	0.841982900779645	IW	IW	Within IW	Dispersal limitation
S18	S3	0.765465065123396	1	0.769856893089289	IW	IW	Within IW	Dispersal limitation
S19	S3	1.70947639620824	1	0.786000419826464	IW	IW	Within IW	Dispersal limitation
S20	S3	1.13904092829508	1	0.761229296082674	IW	IW	Within IW	Dispersal limitation
S22	S3	-0.215524885551903	1	0.508120914628136	IW	IW	Within IW	Dispersal limitation
S23	S3	-0.970476905562366	1	0.517484248394801	IW	IW	Within IW	Dispersal limitation
S24	S3	-0.584208819426817	1	0.539502885424604	IW	IW	Within IW	Dispersal limitation
S25	S3	-0.555402369313615	1	0.603741015435534	IW	IW	Within IW	Dispersal limitation
S26	S3	-0.721603788601634	1	0.710418159591833	IW	IW	Within IW	Dispersal limitation
S27	S3	-0.580794501493831	1	0.678087744225038	IW	IW	Within IW	Dispersal limitation
S28	S3	-0.19595027298157	1	0.828355050149633	IW	IW	Within IW	Dispersal limitation
S30	S3	0.188472644014041	1	0.719947879475504	IW	IW	Within IW	Dispersal limitation
S34	S3	-0.0320056156162354	1	0.602330594084354	IW	IW	Within IW	Dispersal limitation
S35	S3	-1.13470150525174	1	0.662710825430893	IW	IW	Within IW	Dispersal limitation
S36	S3	-0.837345513513796	1	0.822900725981343	IW	IW	Within IW	Dispersal limitation
S37	S3	0.537682479192937	1	0.724011187612348	IW	IW	Within IW	Dispersal limitation
S61	S3	-0.439987639099779	1	0.8519786857359	CW	IW	Between groups	Dispersal limitation
S62	S3	-0.985889425229169	1	0.858248009892006	CW	IW	Between groups	Dispersal limitation
S63	S3	0.161995294131441	1	0.843352863336098	CW	IW	Between groups	Dispersal limitation
S65	S3	0.534222167736907	1	0.859988982999857	CW	IW	Between groups	Dispersal limitation
S85	S3	-0.84746723254753	1	0.864125253764024	CW	IW	Between groups	Dispersal limitation
S86	S3	0.0484379099522353	1	0.810462539687498	CW	IW	Between groups	Dispersal limitation
S87	S3	-1.1813556415763	1	0.868903356682255	CW	IW	Between groups	Dispersal limitation
S88	S3	0.181347491695493	1	0.846821941301102	CW	IW	Between groups	Dispersal limitation
S89	S3	1.21009928029682	1	0.883223314173594	CW	IW	Between groups	Dispersal limitation
S112	S3	0.792631331465124	1	0.877085361741192	CW	IW	Between groups	Dispersal limitation
S113	S3	1.65117948308341	1	0.929957935846388	CW	IW	Between groups	Dispersal limitation
S114	S3	-0.0873273443030364	1	0.922021498262486	CW	IW	Between groups	Dispersal limitation
S161	S3	-0.01477259007331	1	0.89918870374328	CW	IW	Between groups	Dispersal limitation
S162	S3	0.606302498096981	1	0.872189779769525	CW	IW	Between groups	Dispersal limitation
S164	S3	1.88213974110733	1	0.880943885941123	CW	IW	Between groups	Dispersal limitation
S165	S3	2.4644907515013	1	0.858359129588143	CW	IW	Between groups	Heterogeneous selection
S166	S3	2.52788622006037	1	0.874531944848771	CW	IW	Between groups	Heterogeneous selection
S167	S3	0.658816625192816	1	0.825015557675571	CW	IW	Between groups	Dispersal limitation
S168	S3	1.55042442999048	1	0.852673719277695	CW	IW	Between groups	Dispersal limitation
S169	S3	2.26111192443041	1	0.832031236738033	CW	IW	Between groups	Heterogeneous selection
S170	S3	0.542208764623948	1	0.894808366105425	CW	IW	Between groups	Dispersal limitation
S171	S3	0.151884950487239	1	0.900143258724567	CW	IW	Between groups	Dispersal limitation
S172	S3	0.415122353977004	1	0.89690803414826	CW	IW	Between groups	Dispersal limitation
S173	S3	0.175355323087454	1	0.883295620902165	CW	IW	Between groups	Dispersal limitation
S174	S3	2.03532031875149	1	0.898917969267282	CW	IW	Between groups	Heterogeneous selection
S175	S3	1.35016154493564	1	0.900651275534519	CW	IW	Between groups	Dispersal limitation
S176	S3	2.0121800864209	1	0.878922515053657	CW	IW	Between groups	Heterogeneous selection
S177	S3	0.538373785873842	1	0.884589392959641	CW	IW	Between groups	Dispersal limitation
S179	S3	0.510263838414403	1	0.805980425389192	CW	IW	Between groups	Dispersal limitation
S182	S3	0.338823877930184	1	0.80080084761722	CW	IW	Between groups	Dispersal limitation
S187	S3	1.81815612487858	1	0.891229043485253	TW	IW	Between groups	Dispersal limitation
S188	S3	1.45053711995169	1	0.886506032587903	TW	IW	Between groups	Dispersal limitation
S191	S3	1.29340879793064	1	0.887107645502962	TW	IW	Between groups	Dispersal limitation
S194	S3	1.50929358201051	1	0.921355075894541	TW	IW	Between groups	Dispersal limitation
S196	S3	4.21218222108983	1	0.893455999496896	TW	IW	Between groups	Heterogeneous selection
S197	S3	1.51006885344336	1	0.754400049992583	TW	IW	Between groups	Dispersal limitation
S198	S3	1.40638805049537	1	0.761574551587183	TW	IW	Between groups	Dispersal limitation
S201	S3	0.868839948626335	1	0.782672427526361	TW	IW	Between groups	Dispersal limitation
S202	S3	-0.347577450529194	1	0.845576943929434	TW	IW	Between groups	Dispersal limitation
S203	S3	0.464865669858418	1	0.88778765524905	TW	IW	Between groups	Dispersal limitation
S204	S3	2.11204116436106	1	0.845016537190262	TW	IW	Between groups	Heterogeneous selection
S205	S3	3.70140432648274	1	0.867253759507652	TW	IW	Between groups	Heterogeneous selection
S206	S3	1.87051306697056	1	0.855922496517869	TW	IW	Between groups	Dispersal limitation
S207	S3	1.56701683689296	1	0.836770115825742	TW	IW	Between groups	Dispersal limitation
S208	S3	0.249605766262035	1	0.860352154810573	TW	IW	Between groups	Dispersal limitation
S209	S3	1.57024850876284	1	0.823651969970377	TW	IW	Between groups	Dispersal limitation
S210	S3	1.83236517206037	1	0.796797683282275	TW	IW	Between groups	Dispersal limitation
S213	S3	2.88687617064333	1	0.778553947133571	TW	IW	Between groups	Heterogeneous selection
S214	S3	0.436724292590545	1	0.776390048358858	TW	IW	Between groups	Dispersal limitation
S215	S3	1.15215578059658	1	0.821883230097127	TW	IW	Between groups	Dispersal limitation
S216	S3	1.70151363969512	1	0.863622869759735	TW	IW	Between groups	Dispersal limitation
S217	S3	1.55685709872332	1	0.725101135363985	TW	IW	Between groups	Dispersal limitation
S218	S3	-0.32965542703171	1	0.777952483584622	TW	IW	Between groups	Dispersal limitation
S219	S3	2.67031814072697	1	0.82974657625843	TW	IW	Between groups	Heterogeneous selection
S220	S3	0.829789150224135	1	0.789262925802609	TW	IW	Between groups	Dispersal limitation
S221	S3	1.93874625202152	1	0.817999517144243	TW	IW	Between groups	Dispersal limitation
S222	S3	1.19992151703567	1	0.854961365826627	TW	IW	Between groups	Dispersal limitation
S223	S3	1.57106342579198	1	0.889404512499641	TW	IW	Between groups	Dispersal limitation
S224	S3	2.4218408104461	1	0.785461985916005	TW	IW	Between groups	Heterogeneous selection
S225	S3	0.709189256797029	1	0.831840096806872	TW	IW	Between groups	Dispersal limitation
S5	S4	0.239015198758905	1	0.481014986055878	IW	IW	Within IW	Dispersal limitation
S6	S4	1.73916951407417	1	0.509282776473488	IW	IW	Within IW	Dispersal limitation
S7	S4	0.857504116725341	0.0730730730730731	0.372228506571536	IW	IW	Within IW	Undominated
S9	S4	0.281545578615461	0.991991991991992	0.411851013637164	IW	IW	Within IW	Dispersal limitation
S10	S4	0.496303017078418	1	0.578058724056661	IW	IW	Within IW	Dispersal limitation
S11	S4	0.121389131620661	1	0.563178758998591	IW	IW	Within IW	Dispersal limitation
S12	S4	-0.177655045272459	1	0.565338000454914	IW	IW	Within IW	Dispersal limitation
S13	S4	0.616425091170234	1	0.523253373461161	IW	IW	Within IW	Dispersal limitation
S15	S4	-0.12553983579763	1	0.832285998369924	IW	IW	Within IW	Dispersal limitation
S16	S4	0.992479515570857	1	0.830823636498896	IW	IW	Within IW	Dispersal limitation
S17	S4	0.756454954495924	1	0.839792655323132	IW	IW	Within IW	Dispersal limitation
S18	S4	1.16714342043926	1	0.781769234732558	IW	IW	Within IW	Dispersal limitation
S19	S4	1.53611802175025	1	0.795771379991017	IW	IW	Within IW	Dispersal limitation
S20	S4	0.781486665566758	1	0.776086688250171	IW	IW	Within IW	Dispersal limitation
S22	S4	-0.518471169624387	1	0.463707086897358	IW	IW	Within IW	Dispersal limitation
S23	S4	-1.00485256098233	1	0.455586269078591	IW	IW	Within IW	Dispersal limitation
S24	S4	-0.288663209254674	1	0.523291231625196	IW	IW	Within IW	Dispersal limitation
S25	S4	-0.727819761452127	1	0.592679761145524	IW	IW	Within IW	Dispersal limitation
S26	S4	-0.872004345037463	1	0.757976392560152	IW	IW	Within IW	Dispersal limitation
S27	S4	-0.714163361085083	1	0.720139531518357	IW	IW	Within IW	Dispersal limitation
S28	S4	-0.223478172643304	1	0.830718542678048	IW	IW	Within IW	Dispersal limitation
S30	S4	0.33354098782834	1	0.751814152456921	IW	IW	Within IW	Dispersal limitation
S34	S4	-0.850026800267623	1	0.640122498230847	IW	IW	Within IW	Dispersal limitation
S35	S4	-1.32594910539846	1	0.669631407953342	IW	IW	Within IW	Dispersal limitation
S36	S4	0.77908463154628	1	0.823501860254292	IW	IW	Within IW	Dispersal limitation
S37	S4	0.594835244101277	1	0.738167967063283	IW	IW	Within IW	Dispersal limitation
S61	S4	0.392880560208815	1	0.852460591395935	CW	IW	Between groups	Dispersal limitation
S62	S4	-0.430896530214516	1	0.859617806763297	CW	IW	Between groups	Dispersal limitation
S63	S4	0.917475309084241	1	0.840292103258217	CW	IW	Between groups	Dispersal limitation
S65	S4	1.28932975992662	1	0.86267227110531	CW	IW	Between groups	Dispersal limitation
S85	S4	1.14001618805782	1	0.869377999706111	CW	IW	Between groups	Dispersal limitation
S86	S4	1.67994441295207	1	0.81653963012387	CW	IW	Between groups	Dispersal limitation
S87	S4	0.180377665074106	1	0.875405715497386	CW	IW	Between groups	Dispersal limitation
S88	S4	2.23700316629214	1	0.849649333044039	CW	IW	Between groups	Heterogeneous selection
S89	S4	1.69211074581016	1	0.88997878295917	CW	IW	Between groups	Dispersal limitation
S112	S4	-0.292896845839106	1	0.872513607069611	CW	IW	Between groups	Dispersal limitation
S113	S4	0.574196809108875	1	0.924897940685677	CW	IW	Between groups	Dispersal limitation
S114	S4	-0.497488496431713	1	0.916727460931372	CW	IW	Between groups	Dispersal limitation
S161	S4	0.457004532892158	1	0.892318667235293	CW	IW	Between groups	Dispersal limitation
S162	S4	0.305288302025301	1	0.872862314164377	CW	IW	Between groups	Dispersal limitation
S164	S4	0.513848308402383	1	0.874521255784228	CW	IW	Between groups	Dispersal limitation
S165	S4	2.30869014278817	1	0.856492232695905	CW	IW	Between groups	Heterogeneous selection
S166	S4	0.609189886089782	1	0.872849363629908	CW	IW	Between groups	Dispersal limitation
S167	S4	-0.302729544304814	1	0.836431651600545	CW	IW	Between groups	Dispersal limitation
S168	S4	-0.188175871419634	1	0.854358841106925	CW	IW	Between groups	Dispersal limitation
S169	S4	1.02005162896656	1	0.840013626579193	CW	IW	Between groups	Dispersal limitation
S170	S4	1.10970684944051	1	0.890485500398322	CW	IW	Between groups	Dispersal limitation
S171	S4	0.217053112825436	1	0.894598292216888	CW	IW	Between groups	Dispersal limitation
S172	S4	-0.109509924550451	1	0.89234214269517	CW	IW	Between groups	Dispersal limitation
S173	S4	0.271757788143572	1	0.881065942397009	CW	IW	Between groups	Dispersal limitation
S174	S4	0.871795323652031	1	0.893918984819135	CW	IW	Between groups	Dispersal limitation
S175	S4	0.463480890782754	1	0.899434450843157	CW	IW	Between groups	Dispersal limitation
S176	S4	2.80197915617235	1	0.875929109169332	CW	IW	Between groups	Heterogeneous selection
S177	S4	0.798205937265192	1	0.884797746930899	CW	IW	Between groups	Dispersal limitation
S179	S4	0.273708125007894	1	0.816922355613667	CW	IW	Between groups	Dispersal limitation
S182	S4	-0.0392118180072238	1	0.815535636965238	CW	IW	Between groups	Dispersal limitation
S187	S4	1.99989305202321	1	0.88850062840081	TW	IW	Between groups	Heterogeneous selection
S188	S4	1.51822636809376	1	0.887572674505573	TW	IW	Between groups	Dispersal limitation
S191	S4	1.69445684372462	1	0.883128298728212	TW	IW	Between groups	Dispersal limitation
S194	S4	0.553096614635794	1	0.917918857202932	TW	IW	Between groups	Dispersal limitation
S196	S4	1.14963664717442	1	0.89205046776625	TW	IW	Between groups	Dispersal limitation
S197	S4	1.37209602330171	1	0.778932091830779	TW	IW	Between groups	Dispersal limitation
S198	S4	0.859664466861538	1	0.784149232434858	TW	IW	Between groups	Dispersal limitation
S201	S4	1.23155274010154	1	0.798289138513601	TW	IW	Between groups	Dispersal limitation
S202	S4	-0.546252848526716	1	0.857837452085955	TW	IW	Between groups	Dispersal limitation
S203	S4	1.12720276390939	1	0.88808518368357	TW	IW	Between groups	Dispersal limitation
S204	S4	0.656714124812342	1	0.850481887137107	TW	IW	Between groups	Dispersal limitation
S205	S4	3.38322070967613	1	0.861748337233132	TW	IW	Between groups	Heterogeneous selection
S206	S4	0.858512893906849	1	0.854097832604252	TW	IW	Between groups	Dispersal limitation
S207	S4	0.271539862690896	1	0.839439451596363	TW	IW	Between groups	Dispersal limitation
S208	S4	1.81911539943664	1	0.858495917834342	TW	IW	Between groups	Dispersal limitation
S209	S4	1.84270344613679	1	0.824394312614566	TW	IW	Between groups	Dispersal limitation
S210	S4	1.62731670168112	1	0.808128299162078	TW	IW	Between groups	Dispersal limitation
S213	S4	3.15664137576478	1	0.78364408303715	TW	IW	Between groups	Heterogeneous selection
S214	S4	1.00304943288711	1	0.792225155353649	TW	IW	Between groups	Dispersal limitation
S215	S4	0.492262744697158	1	0.825041482617392	TW	IW	Between groups	Dispersal limitation
S216	S4	0.125097368351112	1	0.864196666340658	TW	IW	Between groups	Dispersal limitation
S217	S4	1.26463134174224	1	0.753825322150814	TW	IW	Between groups	Dispersal limitation
S218	S4	0.451830427251239	1	0.792073569244498	TW	IW	Between groups	Dispersal limitation
S219	S4	3.09357680869715	1	0.833824286779939	TW	IW	Between groups	Heterogeneous selection
S220	S4	0.476520804852873	1	0.791647026543849	TW	IW	Between groups	Dispersal limitation
S221	S4	2.28535623847301	1	0.820535764669843	TW	IW	Between groups	Heterogeneous selection
S222	S4	1.24947351821057	1	0.859212762194107	TW	IW	Between groups	Dispersal limitation
S223	S4	1.36843164781016	1	0.885957807375333	TW	IW	Between groups	Dispersal limitation
S224	S4	3.3286647820279	1	0.7832223421132	TW	IW	Between groups	Heterogeneous selection
S225	S4	0.81633594854087	1	0.832505225053965	TW	IW	Between groups	Dispersal limitation
S6	S5	0.709795681891201	-0.803803803803804	0.292169392133679	IW	IW	Within IW	Undominated
S7	S5	0.233122248675201	1	0.402137333151596	IW	IW	Within IW	Dispersal limitation
S9	S5	0.417675328396078	1	0.482661522016004	IW	IW	Within IW	Dispersal limitation
S10	S5	0.380494502221041	1	0.479102579728218	IW	IW	Within IW	Dispersal limitation
S11	S5	-0.236603169923569	1	0.544638715500714	IW	IW	Within IW	Dispersal limitation
S12	S5	-0.58166265942783	1	0.53568497575887	IW	IW	Within IW	Dispersal limitation
S13	S5	-0.0481165552316776	1	0.489921320148278	IW	IW	Within IW	Dispersal limitation
S15	S5	1.46656079686899	1	0.841274529978172	IW	IW	Within IW	Dispersal limitation
S16	S5	0.838650531738593	1	0.843439663857538	IW	IW	Within IW	Dispersal limitation
S17	S5	0.811425496632031	1	0.845541216379396	IW	IW	Within IW	Dispersal limitation
S18	S5	0.847740508365836	1	0.808495580367762	IW	IW	Within IW	Dispersal limitation
S19	S5	1.92677056062049	1	0.810662588684624	IW	IW	Within IW	Dispersal limitation
S20	S5	1.01943812317448	1	0.79423398585929	IW	IW	Within IW	Dispersal limitation
S22	S5	-0.911687694520908	1	0.635977746615728	IW	IW	Within IW	Dispersal limitation
S23	S5	-0.72248152992097	1	0.657687603893113	IW	IW	Within IW	Dispersal limitation
S24	S5	-0.52945729982565	1	0.655227740819973	IW	IW	Within IW	Dispersal limitation
S25	S5	-0.970302863908332	1	0.705806602893645	IW	IW	Within IW	Dispersal limitation
S26	S5	-1.3011473135787	1	0.764670667645214	IW	IW	Within IW	Dispersal limitation
S27	S5	-0.443742150842721	1	0.742073750991553	IW	IW	Within IW	Dispersal limitation
S28	S5	0.469418622970555	1	0.8343332169958	IW	IW	Within IW	Dispersal limitation
S30	S5	0.804582642673208	1	0.770491348145279	IW	IW	Within IW	Dispersal limitation
S34	S5	1.5643623616551	1	0.72877328008063	IW	IW	Within IW	Dispersal limitation
S35	S5	-0.693136018882788	1	0.744429375760565	IW	IW	Within IW	Dispersal limitation
S36	S5	-0.702466032850707	1	0.831440473200398	IW	IW	Within IW	Dispersal limitation
S37	S5	0.190196432961691	1	0.777155681093109	IW	IW	Within IW	Dispersal limitation
S61	S5	-1.29050485974662	1	0.85993533458707	CW	IW	Between groups	Dispersal limitation
S62	S5	-0.652493816485186	1	0.86324193061231	CW	IW	Between groups	Dispersal limitation
S63	S5	0.732819090331398	1	0.844321416411785	CW	IW	Between groups	Dispersal limitation
S65	S5	-0.304756008618928	1	0.871306134363516	CW	IW	Between groups	Dispersal limitation
S85	S5	-0.622556239102617	1	0.874458355221048	CW	IW	Between groups	Dispersal limitation
S86	S5	-0.130184192344273	1	0.822956141936612	CW	IW	Between groups	Dispersal limitation
S87	S5	-0.979113794512468	1	0.879925228678633	CW	IW	Between groups	Dispersal limitation
S88	S5	-0.175998760784346	1	0.858267572643373	CW	IW	Between groups	Dispersal limitation
S89	S5	2.06763608918508	1	0.895867401992887	CW	IW	Between groups	Heterogeneous selection
S112	S5	-0.769022501917244	1	0.871596971668637	CW	IW	Between groups	Dispersal limitation
S113	S5	0.0395805230877699	1	0.924868283444757	CW	IW	Between groups	Dispersal limitation
S114	S5	-0.547446611348204	1	0.917886181714476	CW	IW	Between groups	Dispersal limitation
S161	S5	0.137892939846379	1	0.89226262294148	CW	IW	Between groups	Dispersal limitation
S162	S5	0.109859126217169	1	0.869004987757384	CW	IW	Between groups	Dispersal limitation
S164	S5	0.33765647103704	1	0.872320585589507	CW	IW	Between groups	Dispersal limitation
S165	S5	1.52222426021663	1	0.847827696615802	CW	IW	Between groups	Dispersal limitation
S166	S5	-0.216168203241587	1	0.869043627861236	CW	IW	Between groups	Dispersal limitation
S167	S5	-0.188195920267214	1	0.831969425586177	CW	IW	Between groups	Dispersal limitation
S168	S5	-0.0211631840942803	1	0.856288978031896	CW	IW	Between groups	Dispersal limitation
S169	S5	0.0146701389634468	1	0.830225014354419	CW	IW	Between groups	Dispersal limitation
S170	S5	0.580595890203273	1	0.888844299334177	CW	IW	Between groups	Dispersal limitation
S171	S5	-0.36890542069013	1	0.891965458500451	CW	IW	Between groups	Dispersal limitation
S172	S5	-0.116759530065821	1	0.890412260232749	CW	IW	Between groups	Dispersal limitation
S173	S5	0.148350121793974	1	0.876356646908533	CW	IW	Between groups	Dispersal limitation
S174	S5	0.235656593306309	1	0.88797165242493	CW	IW	Between groups	Dispersal limitation
S175	S5	0.361721153644246	1	0.892152530292979	CW	IW	Between groups	Dispersal limitation
S176	S5	1.9435951138852	1	0.862519729352007	CW	IW	Between groups	Dispersal limitation
S177	S5	0.524781938305093	1	0.869924211022285	CW	IW	Between groups	Dispersal limitation
S179	S5	-0.35934815143408	1	0.790253071269097	CW	IW	Between groups	Dispersal limitation
S182	S5	0.288552344812454	1	0.814457434033723	CW	IW	Between groups	Dispersal limitation
S187	S5	1.23894623142535	1	0.883797344055461	TW	IW	Between groups	Dispersal limitation
S188	S5	1.2308903694599	1	0.882653423455263	TW	IW	Between groups	Dispersal limitation
S191	S5	0.826247379026786	1	0.886875453094193	TW	IW	Between groups	Dispersal limitation
S194	S5	0.134741790327899	1	0.914940107859042	TW	IW	Between groups	Dispersal limitation
S196	S5	0.835366376898889	1	0.891409553246046	TW	IW	Between groups	Dispersal limitation
S197	S5	0.0118143068337138	1	0.797912709990876	TW	IW	Between groups	Dispersal limitation
S198	S5	0.399718346912181	1	0.802469948758142	TW	IW	Between groups	Dispersal limitation
S201	S5	0.163745020616913	1	0.799612280577763	TW	IW	Between groups	Dispersal limitation
S202	S5	-0.652625594885434	1	0.84299895781379	TW	IW	Between groups	Dispersal limitation
S203	S5	-0.060183672014683	1	0.882034256033234	TW	IW	Between groups	Dispersal limitation
S204	S5	1.71853194283117	1	0.834523885725375	TW	IW	Between groups	Dispersal limitation
S205	S5	2.12987550330364	1	0.855781040262513	TW	IW	Between groups	Heterogeneous selection
S206	S5	0.824588107950604	1	0.848264630769738	TW	IW	Between groups	Dispersal limitation
S207	S5	0.501067952419279	1	0.836950399131376	TW	IW	Between groups	Dispersal limitation
S208	S5	0.799396389350576	1	0.854311845920409	TW	IW	Between groups	Dispersal limitation
S209	S5	1.72628382125694	1	0.839846832442801	TW	IW	Between groups	Dispersal limitation
S210	S5	0.677649906421115	1	0.799205285295573	TW	IW	Between groups	Dispersal limitation
S213	S5	2.84875619621477	1	0.792244230268831	TW	IW	Between groups	Heterogeneous selection
S214	S5	0.775085252851119	1	0.765435553853866	TW	IW	Between groups	Dispersal limitation
S215	S5	0.716134974120495	1	0.81984787873479	TW	IW	Between groups	Dispersal limitation
S216	S5	0.372878074577423	1	0.863549781803668	TW	IW	Between groups	Dispersal limitation
S217	S5	0.71421579846434	1	0.769791541026879	TW	IW	Between groups	Dispersal limitation
S218	S5	0.219963854605034	1	0.802671322558178	TW	IW	Between groups	Dispersal limitation
S219	S5	1.24186073136279	1	0.845154737904412	TW	IW	Between groups	Dispersal limitation
S220	S5	-0.139455442183612	1	0.795383066653718	TW	IW	Between groups	Dispersal limitation
S221	S5	0.747767845972606	1	0.820731975886773	TW	IW	Between groups	Dispersal limitation
S222	S5	0.729698993233084	1	0.857669584294576	TW	IW	Between groups	Dispersal limitation
S223	S5	0.737165355152096	1	0.884059887365594	TW	IW	Between groups	Dispersal limitation
S224	S5	0.861726638415209	1	0.797635866770383	TW	IW	Between groups	Dispersal limitation
S225	S5	1.00714836580036	1	0.825690653139453	TW	IW	Between groups	Dispersal limitation
S7	S6	-0.382362552668188	0.683683683683684	0.34673187769104	IW	IW	Within IW	Undominated
S9	S6	2.34626995316	1	0.500824474653142	IW	IW	Within IW	Heterogeneous selection
S10	S6	1.47484413664176	1	0.388112562288048	IW	IW	Within IW	Dispersal limitation
S11	S6	-0.19424925568559	1	0.471108081936352	IW	IW	Within IW	Dispersal limitation
S12	S6	-0.734726424803619	0.997997997997998	0.450665639096641	IW	IW	Within IW	Dispersal limitation
S13	S6	1.03832163942889	1	0.405945687515269	IW	IW	Within IW	Dispersal limitation
S15	S6	0.283325085121792	1	0.859325162509191	IW	IW	Within IW	Dispersal limitation
S16	S6	0.528429155691912	1	0.859471455534316	IW	IW	Within IW	Dispersal limitation
S17	S6	0.397860524123239	1	0.863048365177077	IW	IW	Within IW	Dispersal limitation
S18	S6	2.2046170441406	1	0.828427189049671	IW	IW	Within IW	Heterogeneous selection
S19	S6	1.80591078307748	1	0.834909548431745	IW	IW	Within IW	Dispersal limitation
S20	S6	0.519620858846725	1	0.809989855033127	IW	IW	Within IW	Dispersal limitation
S22	S6	-0.687112025248576	1	0.663838956522058	IW	IW	Within IW	Dispersal limitation
S23	S6	-0.644902131177968	1	0.677626425896125	IW	IW	Within IW	Dispersal limitation
S24	S6	-0.536310070843378	1	0.682825001206082	IW	IW	Within IW	Dispersal limitation
S25	S6	-0.64061006312835	1	0.749817346626048	IW	IW	Within IW	Dispersal limitation
S26	S6	0.8302920838641	1	0.810805245694377	IW	IW	Within IW	Dispersal limitation
S27	S6	0.471712082150218	1	0.792905533261395	IW	IW	Within IW	Dispersal limitation
S28	S6	-0.455008717097717	1	0.851611399721131	IW	IW	Within IW	Dispersal limitation
S30	S6	0.688619848120227	1	0.78837095555984	IW	IW	Within IW	Dispersal limitation
S34	S6	0.451923397580873	1	0.759758115864945	IW	IW	Within IW	Dispersal limitation
S35	S6	-1.10017110789048	1	0.759834648797323	IW	IW	Within IW	Dispersal limitation
S36	S6	-0.588423887956844	1	0.847169601506006	IW	IW	Within IW	Dispersal limitation
S37	S6	0.19529031037589	1	0.80244150660342	IW	IW	Within IW	Dispersal limitation
S61	S6	-1.13108670288527	1	0.878626003126181	CW	IW	Between groups	Dispersal limitation
S62	S6	-0.807456522199475	1	0.880814412893773	CW	IW	Between groups	Dispersal limitation
S63	S6	1.12536257929393	1	0.863820041031576	CW	IW	Between groups	Dispersal limitation
S65	S6	0.446415206870325	1	0.888460145567549	CW	IW	Between groups	Dispersal limitation
S85	S6	-1.08055839047352	1	0.889989183389927	CW	IW	Between groups	Dispersal limitation
S86	S6	0.550291346076581	1	0.844576892355606	CW	IW	Between groups	Dispersal limitation
S87	S6	-0.954197941861184	1	0.895842603667416	CW	IW	Between groups	Dispersal limitation
S88	S6	-0.287600748661646	1	0.875824504483987	CW	IW	Between groups	Dispersal limitation
S89	S6	2.12715938060407	1	0.903413938582053	CW	IW	Between groups	Heterogeneous selection
S112	S6	-0.593309357218049	1	0.88701404525939	CW	IW	Between groups	Dispersal limitation
S113	S6	-0.465263352458128	1	0.931505435689477	CW	IW	Between groups	Dispersal limitation
S114	S6	-0.100264784279604	1	0.924747456114143	CW	IW	Between groups	Dispersal limitation
S161	S6	0.0861777257912584	1	0.904520096219591	CW	IW	Between groups	Dispersal limitation
S162	S6	0.660592848603407	1	0.879934054656694	CW	IW	Between groups	Dispersal limitation
S164	S6	0.762551418767162	1	0.884513989754631	CW	IW	Between groups	Dispersal limitation
S165	S6	1.47953054296086	1	0.861548302440571	CW	IW	Between groups	Dispersal limitation
S166	S6	0.79556308215009	1	0.88177273934845	CW	IW	Between groups	Dispersal limitation
S167	S6	-0.0731528188823991	1	0.844578198695742	CW	IW	Between groups	Dispersal limitation
S168	S6	0.210330075887213	1	0.872817158307805	CW	IW	Between groups	Dispersal limitation
S169	S6	1.19369099662907	1	0.846041682908816	CW	IW	Between groups	Dispersal limitation
S170	S6	0.555169952758959	1	0.903775358166813	CW	IW	Between groups	Dispersal limitation
S171	S6	0.196420733088156	1	0.905280350867352	CW	IW	Between groups	Dispersal limitation
S172	S6	0.0539640963406884	1	0.903639132198724	CW	IW	Between groups	Dispersal limitation
S173	S6	0.494365313731123	1	0.891509370179674	CW	IW	Between groups	Dispersal limitation
S174	S6	0.788158833264662	1	0.902572942943072	CW	IW	Between groups	Dispersal limitation
S175	S6	0.44657508916151	1	0.905353048523701	CW	IW	Between groups	Dispersal limitation
S176	S6	1.9120292090108	1	0.871550961503468	CW	IW	Between groups	Dispersal limitation
S177	S6	1.53980069738948	1	0.883128485547182	CW	IW	Between groups	Dispersal limitation
S179	S6	0.0946696883549089	1	0.799564223540152	CW	IW	Between groups	Dispersal limitation
S182	S6	0.506014086582665	1	0.824538089004361	CW	IW	Between groups	Dispersal limitation
S187	S6	2.0576661547951	1	0.892673399428569	TW	IW	Between groups	Heterogeneous selection
S188	S6	1.74000477431346	1	0.894011655646058	TW	IW	Between groups	Dispersal limitation
S191	S6	1.27993917640059	1	0.901508149705014	TW	IW	Between groups	Dispersal limitation
S194	S6	1.05469989273482	1	0.924781689936894	TW	IW	Between groups	Dispersal limitation
S196	S6	1.16559111289163	1	0.90261213599426	TW	IW	Between groups	Dispersal limitation
S197	S6	0.749198355893842	1	0.820579309900501	TW	IW	Between groups	Dispersal limitation
S198	S6	1.30556431329134	1	0.824307764220073	TW	IW	Between groups	Dispersal limitation
S201	S6	1.52935950789765	1	0.82076156619104	TW	IW	Between groups	Dispersal limitation
S202	S6	-0.47889632033388	1	0.858499026719895	TW	IW	Between groups	Dispersal limitation
S203	S6	0.560578379275373	1	0.890649971081975	TW	IW	Between groups	Dispersal limitation
S204	S6	2.23079807013407	1	0.841745417153477	TW	IW	Between groups	Heterogeneous selection
S205	S6	3.42368089190576	1	0.869585416624475	TW	IW	Between groups	Heterogeneous selection
S206	S6	1.73201310870358	1	0.860352675114293	TW	IW	Between groups	Dispersal limitation
S207	S6	0.94474232260852	1	0.853991121549759	TW	IW	Between groups	Dispersal limitation
S208	S6	1.34060039121473	1	0.861708991297831	TW	IW	Between groups	Dispersal limitation
S209	S6	0.269303227669656	1	0.852143427397457	TW	IW	Between groups	Dispersal limitation
S210	S6	2.37832728689112	1	0.806319461483902	TW	IW	Between groups	Heterogeneous selection
S213	S6	2.75002446686271	1	0.810141302691471	TW	IW	Between groups	Heterogeneous selection
S214	S6	0.887846881210229	1	0.75615204844651	TW	IW	Between groups	Dispersal limitation
S215	S6	2.02415965905577	1	0.827952017092177	TW	IW	Between groups	Heterogeneous selection
S216	S6	2.18099170777182	1	0.874926395161859	TW	IW	Between groups	Heterogeneous selection
S217	S6	1.77363026654113	1	0.798939618945827	TW	IW	Between groups	Dispersal limitation
S218	S6	1.05050284755459	1	0.821989593668413	TW	IW	Between groups	Dispersal limitation
S219	S6	2.11049802893372	1	0.852699818253796	TW	IW	Between groups	Heterogeneous selection
S220	S6	0.701332681946844	1	0.812410123497108	TW	IW	Between groups	Dispersal limitation
S221	S6	1.27907368755951	1	0.833607549297036	TW	IW	Between groups	Dispersal limitation
S222	S6	0.92211275660801	1	0.864670189566599	TW	IW	Between groups	Dispersal limitation
S223	S6	1.91797188889579	1	0.89599999521462	TW	IW	Between groups	Dispersal limitation
S224	S6	2.1937812270774	1	0.803215949126409	TW	IW	Between groups	Heterogeneous selection
S225	S6	1.43202048831523	1	0.824375411722436	TW	IW	Between groups	Dispersal limitation
S9	S7	-0.87875524777756	1	0.484801994072926	IW	IW	Within IW	Dispersal limitation
S10	S7	-0.537832391498906	0.993993993993994	0.358289931528983	IW	IW	Within IW	Dispersal limitation
S11	S7	0.0426190879079634	0.857857857857858	0.373437748701431	IW	IW	Within IW	Undominated
S12	S7	-1.26908797106863	-0.781781781781782	0.355256463518766	IW	IW	Within IW	Undominated
S13	S7	-0.0840007327865269	-0.70970970970971	0.325241107520842	IW	IW	Within IW	Undominated
S15	S7	1.8106511522028	1	0.851937624191154	IW	IW	Within IW	Dispersal limitation
S16	S7	1.92180590167018	1	0.853895052949812	IW	IW	Within IW	Dispersal limitation
S17	S7	1.77465603563536	1	0.860939799748404	IW	IW	Within IW	Dispersal limitation
S18	S7	2.39025312281835	1	0.822189810003997	IW	IW	Within IW	Heterogeneous selection
S19	S7	2.54607012696078	1	0.826493645791823	IW	IW	Within IW	Heterogeneous selection
S20	S7	1.30894161239067	1	0.807666549193884	IW	IW	Within IW	Dispersal limitation
S22	S7	-1.03215420710108	1	0.595071559930575	IW	IW	Within IW	Dispersal limitation
S23	S7	-1.22212390667274	1	0.587340362531769	IW	IW	Within IW	Dispersal limitation
S24	S7	0.427937186846304	1	0.614322661328458	IW	IW	Within IW	Dispersal limitation
S25	S7	-0.885049031987714	1	0.694597645075337	IW	IW	Within IW	Dispersal limitation
S26	S7	-0.297948643557922	1	0.822602691773194	IW	IW	Within IW	Dispersal limitation
S27	S7	0.45539470768739	1	0.798347913243233	IW	IW	Within IW	Dispersal limitation
S28	S7	1.26865469973899	1	0.848685662069155	IW	IW	Within IW	Dispersal limitation
S30	S7	-0.147059352426362	1	0.779991859198935	IW	IW	Within IW	Dispersal limitation
S34	S7	-0.441924764321503	1	0.749934888319893	IW	IW	Within IW	Dispersal limitation
S35	S7	-0.912164395004	1	0.76207935006156	IW	IW	Within IW	Dispersal limitation
S36	S7	0.481664304097054	1	0.844171565093975	IW	IW	Within IW	Dispersal limitation
S37	S7	1.12303832329963	1	0.795982390044543	IW	IW	Within IW	Dispersal limitation
S61	S7	-0.865560911303342	1	0.868399601815419	CW	IW	Between groups	Dispersal limitation
S62	S7	-1.15211040313945	1	0.875956302103526	CW	IW	Between groups	Dispersal limitation
S63	S7	0.836010219660696	1	0.867249178801891	CW	IW	Between groups	Dispersal limitation
S65	S7	-0.55576516499217	1	0.880621363051283	CW	IW	Between groups	Dispersal limitation
S85	S7	-0.0511959732043992	1	0.881650971505909	CW	IW	Between groups	Dispersal limitation
S86	S7	1.7195657937158	1	0.835688492299177	CW	IW	Between groups	Dispersal limitation
S87	S7	-0.341308570048932	1	0.887699430261822	CW	IW	Between groups	Dispersal limitation
S88	S7	2.29460584800314	1	0.871512819700628	CW	IW	Between groups	Heterogeneous selection
S89	S7	3.41999560135645	1	0.902145362430065	CW	IW	Between groups	Heterogeneous selection
S112	S7	0.067319426185562	1	0.88129908365901	CW	IW	Between groups	Dispersal limitation
S113	S7	-0.675010204197985	1	0.929629321851998	CW	IW	Between groups	Dispersal limitation
S114	S7	-0.71267407644427	1	0.921315889356303	CW	IW	Between groups	Dispersal limitation
S161	S7	1.03857855067892	1	0.899139313202816	CW	IW	Between groups	Dispersal limitation
S162	S7	2.10598504696942	1	0.878623445088333	CW	IW	Between groups	Heterogeneous selection
S164	S7	1.51983716618398	1	0.876342243790679	CW	IW	Between groups	Dispersal limitation
S165	S7	2.67405238728522	1	0.864047362940525	CW	IW	Between groups	Heterogeneous selection
S166	S7	1.80166611747657	1	0.876159659633312	CW	IW	Between groups	Dispersal limitation
S167	S7	0.807929085957947	1	0.838143022703028	CW	IW	Between groups	Dispersal limitation
S168	S7	1.46565488957141	1	0.86489306137273	CW	IW	Between groups	Dispersal limitation
S169	S7	-0.191536552842081	1	0.836508812092663	CW	IW	Between groups	Dispersal limitation
S170	S7	1.40514422215015	1	0.895839920812917	CW	IW	Between groups	Dispersal limitation
S171	S7	0.209546034349469	1	0.899608008921492	CW	IW	Between groups	Dispersal limitation
S172	S7	0.472317031101441	1	0.896753194744055	CW	IW	Between groups	Dispersal limitation
S173	S7	0.901865034552812	1	0.884649707905511	CW	IW	Between groups	Dispersal limitation
S174	S7	1.27716834402749	1	0.895782568647313	CW	IW	Between groups	Dispersal limitation
S175	S7	0.980275645353071	1	0.896359851202222	CW	IW	Between groups	Dispersal limitation
S176	S7	2.63866229090852	1	0.872488000851101	CW	IW	Between groups	Heterogeneous selection
S177	S7	0.905504622253713	1	0.880980970462361	CW	IW	Between groups	Dispersal limitation
S179	S7	0.612363943485971	1	0.829804209918549	CW	IW	Between groups	Dispersal limitation
S182	S7	0.903325628679999	1	0.831344060011797	CW	IW	Between groups	Dispersal limitation
S187	S7	3.2354179476904	1	0.88476790373048	TW	IW	Between groups	Heterogeneous selection
S188	S7	2.87199358280801	1	0.887999589781105	TW	IW	Between groups	Heterogeneous selection
S191	S7	2.57182991565442	1	0.895736733182098	TW	IW	Between groups	Heterogeneous selection
S194	S7	1.59326650603069	1	0.92397025953209	TW	IW	Between groups	Dispersal limitation
S196	S7	2.32209251319089	1	0.902393222306898	TW	IW	Between groups	Heterogeneous selection
S197	S7	0.0518332462736597	1	0.809059307883634	TW	IW	Between groups	Dispersal limitation
S198	S7	0.903250669083037	1	0.814176187542714	TW	IW	Between groups	Dispersal limitation
S201	S7	-0.0278939904699961	1	0.80951567302834	TW	IW	Between groups	Dispersal limitation
S202	S7	-0.595122321712945	1	0.857135873622323	TW	IW	Between groups	Dispersal limitation
S203	S7	0.290257548708862	1	0.885641540516612	TW	IW	Between groups	Dispersal limitation
S204	S7	0.467991186642984	1	0.835532778345659	TW	IW	Between groups	Dispersal limitation
S205	S7	2.5187995601259	1	0.865838734302838	TW	IW	Between groups	Heterogeneous selection
S206	S7	-0.0664938943056064	1	0.865548508307249	TW	IW	Between groups	Dispersal limitation
S207	S7	-0.208313360937275	1	0.857360231917154	TW	IW	Between groups	Dispersal limitation
S208	S7	1.69067629989653	1	0.865081670360184	TW	IW	Between groups	Dispersal limitation
S209	S7	1.85111639969257	1	0.845720388224289	TW	IW	Between groups	Dispersal limitation
S210	S7	0.838824713145192	1	0.80199451664559	TW	IW	Between groups	Dispersal limitation
S213	S7	1.88397601804077	1	0.798925249351089	TW	IW	Between groups	Dispersal limitation
S214	S7	1.20997772579202	1	0.752042288442031	TW	IW	Between groups	Dispersal limitation
S215	S7	0.82797621357229	1	0.820983170488054	TW	IW	Between groups	Dispersal limitation
S216	S7	-0.419587493963785	1	0.868301005609635	TW	IW	Between groups	Dispersal limitation
S217	S7	0.898151752232297	1	0.784859974068303	TW	IW	Between groups	Dispersal limitation
S218	S7	0.508049091163106	1	0.816030385390431	TW	IW	Between groups	Dispersal limitation
S219	S7	1.44318848599003	1	0.847662078870979	TW	IW	Between groups	Dispersal limitation
S220	S7	-0.0137411581813264	1	0.806305743955566	TW	IW	Between groups	Dispersal limitation
S221	S7	-0.0569909047111509	1	0.827491224655784	TW	IW	Between groups	Dispersal limitation
S222	S7	0.332460342349449	1	0.861942494569864	TW	IW	Between groups	Dispersal limitation
S223	S7	-0.175932034422361	1	0.89015643230913	TW	IW	Between groups	Dispersal limitation
S224	S7	3.05959339661708	1	0.792369734298156	TW	IW	Between groups	Heterogeneous selection
S225	S7	0.590293627009733	1	0.813157917352783	TW	IW	Between groups	Dispersal limitation
S10	S9	0.911101884738782	1	0.560681499424671	IW	IW	Within IW	Dispersal limitation
S11	S9	-0.318399539227797	1	0.568025690004374	IW	IW	Within IW	Dispersal limitation
S12	S9	-0.543592340104035	1	0.576250881010936	IW	IW	Within IW	Dispersal limitation
S13	S9	-0.833216573374396	1	0.539055711807886	IW	IW	Within IW	Dispersal limitation
S15	S9	0.89547026754998	1	0.797727129740273	IW	IW	Within IW	Dispersal limitation
S16	S9	1.04333879353019	1	0.797641665456363	IW	IW	Within IW	Dispersal limitation
S17	S9	2.09589780991777	1	0.809427435553748	IW	IW	Within IW	Heterogeneous selection
S18	S9	1.90322579473934	1	0.724300353563401	IW	IW	Within IW	Dispersal limitation
S19	S9	1.94988594984737	1	0.741566488030338	IW	IW	Within IW	Dispersal limitation
S20	S9	2.28855788333971	1	0.718307476419495	IW	IW	Within IW	Heterogeneous selection
S22	S9	-0.519306810778843	1	0.623280377673384	IW	IW	Within IW	Dispersal limitation
S23	S9	-0.892198844018815	1	0.62139116300183	IW	IW	Within IW	Dispersal limitation
S24	S9	-0.733697265023755	1	0.664089001981977	IW	IW	Within IW	Dispersal limitation
S25	S9	-0.829317819690089	1	0.715229146845678	IW	IW	Within IW	Dispersal limitation
S26	S9	-0.441226859717172	1	0.663852299083721	IW	IW	Within IW	Dispersal limitation
S27	S9	0.336996225602009	1	0.645156007272474	IW	IW	Within IW	Dispersal limitation
S28	S9	1.1544500819145	1	0.800289018243849	IW	IW	Within IW	Dispersal limitation
S30	S9	-0.242362604235347	1	0.688811753400405	IW	IW	Within IW	Dispersal limitation
S34	S9	0.531399194135443	1	0.591028059160638	IW	IW	Within IW	Dispersal limitation
S35	S9	0.301674683483983	1	0.631495939107848	IW	IW	Within IW	Dispersal limitation
S36	S9	0.924048707565926	1	0.788746274075723	IW	IW	Within IW	Dispersal limitation
S37	S9	0.879150995482661	1	0.663986930460943	IW	IW	Within IW	Dispersal limitation
S61	S9	0.70784947264347	1	0.834151054355506	CW	IW	Between groups	Dispersal limitation
S62	S9	0.286604549736434	1	0.836182759242359	CW	IW	Between groups	Dispersal limitation
S63	S9	0.655017272751211	1	0.814406754159757	CW	IW	Between groups	Dispersal limitation
S65	S9	-0.216119550175234	1	0.841017155863245	CW	IW	Between groups	Dispersal limitation
S85	S9	-0.0921214153326431	1	0.850871661140768	CW	IW	Between groups	Dispersal limitation
S86	S9	0.958921815261916	1	0.783121787322801	CW	IW	Between groups	Dispersal limitation
S87	S9	-0.744056379275954	1	0.861626282362839	CW	IW	Between groups	Dispersal limitation
S88	S9	1.20099751639422	1	0.828833622308102	CW	IW	Between groups	Dispersal limitation
S89	S9	1.90962735539459	1	0.87791456609905	CW	IW	Between groups	Dispersal limitation
S112	S9	-0.734283183995657	1	0.855710397026764	CW	IW	Between groups	Dispersal limitation
S113	S9	-0.783563194679414	1	0.917973682835729	CW	IW	Between groups	Dispersal limitation
S114	S9	-0.104181156478523	1	0.907924148880077	CW	IW	Between groups	Dispersal limitation
S161	S9	0.477650313254192	1	0.872129897824833	CW	IW	Between groups	Dispersal limitation
S162	S9	0.438527143929092	1	0.850060745724903	CW	IW	Between groups	Dispersal limitation
S164	S9	0.464543515104277	1	0.852722991531118	CW	IW	Between groups	Dispersal limitation
S165	S9	2.21604233538616	1	0.830786255846556	CW	IW	Between groups	Heterogeneous selection
S166	S9	0.306403607531402	1	0.848175790647504	CW	IW	Between groups	Dispersal limitation
S167	S9	-0.068606374820167	1	0.787103000459738	CW	IW	Between groups	Dispersal limitation
S168	S9	0.521726988874778	1	0.818579193190895	CW	IW	Between groups	Dispersal limitation
S169	S9	1.48631987654214	1	0.791857981357455	CW	IW	Between groups	Dispersal limitation
S170	S9	0.57017568488358	1	0.864888634349434	CW	IW	Between groups	Dispersal limitation
S171	S9	0.258600141465586	1	0.871301132879113	CW	IW	Between groups	Dispersal limitation
S172	S9	0.103713812620974	1	0.872389886934471	CW	IW	Between groups	Dispersal limitation
S173	S9	0.111788159645153	1	0.858029739491513	CW	IW	Between groups	Dispersal limitation
S174	S9	0.200698415987348	1	0.873610023547059	CW	IW	Between groups	Dispersal limitation
S175	S9	0.0906538339331054	1	0.87800831714373	CW	IW	Between groups	Dispersal limitation
S176	S9	2.10720927330564	1	0.856975456610841	CW	IW	Between groups	Heterogeneous selection
S177	S9	0.137112182831397	1	0.85625303855208	CW	IW	Between groups	Dispersal limitation
S179	S9	0.448670479020478	1	0.754359186867451	CW	IW	Between groups	Dispersal limitation
S182	S9	0.170188506570303	1	0.759597151454152	CW	IW	Between groups	Dispersal limitation
S187	S9	1.23550007788013	1	0.841915664653196	TW	IW	Between groups	Dispersal limitation
S188	S9	0.812838894862155	1	0.846689944758833	TW	IW	Between groups	Dispersal limitation
S191	S9	1.23484495052645	1	0.841247592955714	TW	IW	Between groups	Dispersal limitation
S194	S9	1.65261254020498	1	0.900043708951293	TW	IW	Between groups	Dispersal limitation
S196	S9	3.68206256346479	1	0.86498003291361	TW	IW	Between groups	Heterogeneous selection
S197	S9	2.20100139960033	1	0.673501961202975	TW	IW	Between groups	Heterogeneous selection
S198	S9	2.52012428925805	1	0.688648076852886	TW	IW	Between groups	Heterogeneous selection
S201	S9	1.52694090377901	1	0.681423901190239	TW	IW	Between groups	Dispersal limitation
S202	S9	-0.403405706581962	1	0.757684294145931	TW	IW	Between groups	Dispersal limitation
S203	S9	0.0850203966128579	1	0.82147560855627	TW	IW	Between groups	Dispersal limitation
S204	S9	0.238541803156026	1	0.778330548136785	TW	IW	Between groups	Dispersal limitation
S205	S9	4.06916126136347	1	0.817987183422353	TW	IW	Between groups	Heterogeneous selection
S206	S9	2.12451920396859	1	0.799851819767243	TW	IW	Between groups	Heterogeneous selection
S207	S9	2.18032385328186	1	0.779665648789743	TW	IW	Between groups	Heterogeneous selection
S208	S9	-0.0544069694272418	1	0.809147268147801	TW	IW	Between groups	Dispersal limitation
S209	S9	2.86789603489286	1	0.760194993242998	TW	IW	Between groups	Heterogeneous selection
S210	S9	2.83685703189739	1	0.69506707225546	TW	IW	Between groups	Heterogeneous selection
S213	S9	3.38774279984594	1	0.704964844843191	TW	IW	Between groups	Heterogeneous selection
S214	S9	1.08725867089854	1	0.706457408581694	TW	IW	Between groups	Dispersal limitation
S215	S9	1.95280153633576	1	0.741823995882964	TW	IW	Between groups	Dispersal limitation
S216	S9	2.44156045236233	1	0.802551432190871	TW	IW	Between groups	Heterogeneous selection
S217	S9	1.12509024927293	1	0.661444273333937	TW	IW	Between groups	Dispersal limitation
S218	S9	1.86252006131958	1	0.70187789800317	TW	IW	Between groups	Dispersal limitation
S219	S9	2.78611590852642	1	0.766538888648177	TW	IW	Between groups	Heterogeneous selection
S220	S9	1.06166150988385	1	0.704154142745188	TW	IW	Between groups	Dispersal limitation
S221	S9	2.23889403869511	1	0.733741299213716	TW	IW	Between groups	Heterogeneous selection
S222	S9	2.07859184999076	1	0.782705437522386	TW	IW	Between groups	Heterogeneous selection
S223	S9	1.73167850917013	1	0.837981475554898	TW	IW	Between groups	Dispersal limitation
S224	S9	1.74222789848492	1	0.711315051692738	TW	IW	Between groups	Dispersal limitation
S225	S9	1.27648157209185	1	0.738448903698531	TW	IW	Between groups	Dispersal limitation
S11	S10	1.1351093789579	-0.333333333333333	0.308383952023328	IW	IW	Within IW	Undominated
S12	S10	-0.660716937355918	-1	0.242763518107127	IW	IW	Within IW	Homogenizing dispersal
S13	S10	2.30774206840302	-1	0.220818434953311	IW	IW	Within IW	Heterogeneous selection
S15	S10	0.317081566298095	1	0.885231106208878	IW	IW	Within IW	Dispersal limitation
S16	S10	0.169418625564641	1	0.885674046188372	IW	IW	Within IW	Dispersal limitation
S17	S10	-0.991458805425457	1	0.883154227951057	IW	IW	Within IW	Dispersal limitation
S18	S10	1.15654266066703	1	0.850143163635253	IW	IW	Within IW	Dispersal limitation
S19	S10	0.925146630978679	1	0.857919923578374	IW	IW	Within IW	Dispersal limitation
S20	S10	0.856392046786657	1	0.835671817535039	IW	IW	Within IW	Dispersal limitation
S22	S10	-0.544673999436825	1	0.728349229468362	IW	IW	Within IW	Dispersal limitation
S23	S10	-0.470407498128974	1	0.729446822941903	IW	IW	Within IW	Dispersal limitation
S24	S10	0.668560211962761	1	0.731743813323566	IW	IW	Within IW	Dispersal limitation
S25	S10	-0.795302704698724	1	0.796153385874783	IW	IW	Within IW	Dispersal limitation
S26	S10	-0.399632917305528	1	0.847763801422413	IW	IW	Within IW	Dispersal limitation
S27	S10	0.92637735859227	1	0.831427093723447	IW	IW	Within IW	Dispersal limitation
S28	S10	-0.768300929795454	1	0.879938884949546	IW	IW	Within IW	Dispersal limitation
S30	S10	-0.160411774115844	1	0.824663023993236	IW	IW	Within IW	Dispersal limitation
S34	S10	0.643697799142025	1	0.80465602757051	IW	IW	Within IW	Dispersal limitation
S35	S10	0.166839640755274	1	0.810972974892008	IW	IW	Within IW	Dispersal limitation
S36	S10	-0.0307829169308272	1	0.873228575225862	IW	IW	Within IW	Dispersal limitation
S37	S10	0.892843224500439	1	0.835570604648183	IW	IW	Within IW	Dispersal limitation
S61	S10	-0.653764184355514	1	0.890911886027836	CW	IW	Between groups	Dispersal limitation
S62	S10	0.165085725046344	1	0.893000118949002	CW	IW	Between groups	Dispersal limitation
S63	S10	1.33629467820231	1	0.88661099450961	CW	IW	Between groups	Dispersal limitation
S65	S10	0.106373578600167	1	0.900053271025106	CW	IW	Between groups	Dispersal limitation
S85	S10	0.209648734249498	1	0.898407851183002	CW	IW	Between groups	Dispersal limitation
S86	S10	1.04305409399248	1	0.864426612272762	CW	IW	Between groups	Dispersal limitation
S87	S10	0.200423796872086	1	0.909988781644202	CW	IW	Between groups	Dispersal limitation
S88	S10	0.830149958290457	1	0.891696014374103	CW	IW	Between groups	Dispersal limitation
S89	S10	1.80009598194985	1	0.911320297717144	CW	IW	Between groups	Dispersal limitation
S112	S10	0.0511649414907931	1	0.899254010692686	CW	IW	Between groups	Dispersal limitation
S113	S10	0.296869764581861	1	0.938562194126631	CW	IW	Between groups	Dispersal limitation
S114	S10	0.318873109936463	1	0.932238552758338	CW	IW	Between groups	Dispersal limitation
S161	S10	0.849663774944918	1	0.915801213479432	CW	IW	Between groups	Dispersal limitation
S162	S10	1.41170214010117	1	0.898483413674406	CW	IW	Between groups	Dispersal limitation
S164	S10	0.862267377846403	1	0.895711575450128	CW	IW	Between groups	Dispersal limitation
S165	S10	1.90582739221167	1	0.886625349862293	CW	IW	Between groups	Dispersal limitation
S166	S10	0.518054620360084	1	0.894833650267229	CW	IW	Between groups	Dispersal limitation
S167	S10	1.13757362329367	1	0.872919463358171	CW	IW	Between groups	Dispersal limitation
S168	S10	0.889216125067586	1	0.891755244324441	CW	IW	Between groups	Dispersal limitation
S169	S10	1.00135547925776	1	0.868904987671842	CW	IW	Between groups	Dispersal limitation
S170	S10	1.48762275238804	1	0.914304257942616	CW	IW	Between groups	Dispersal limitation
S171	S10	0.362103242755914	1	0.914841759439465	CW	IW	Between groups	Dispersal limitation
S172	S10	1.00732091779714	1	0.915404073967593	CW	IW	Between groups	Dispersal limitation
S173	S10	1.02309917063488	1	0.902984472755444	CW	IW	Between groups	Dispersal limitation
S174	S10	1.54461503639807	1	0.909986968854525	CW	IW	Between groups	Dispersal limitation
S175	S10	0.938820050405309	1	0.912179107428895	CW	IW	Between groups	Dispersal limitation
S176	S10	1.93670739249365	1	0.893210939564703	CW	IW	Between groups	Dispersal limitation
S177	S10	0.527326381455899	1	0.899570941219116	CW	IW	Between groups	Dispersal limitation
S179	S10	0.793800631408994	1	0.854571052857042	CW	IW	Between groups	Dispersal limitation
S182	S10	0.797468448462001	1	0.857512403609642	CW	IW	Between groups	Dispersal limitation
S187	S10	2.59630504097697	1	0.898329756047508	TW	IW	Between groups	Heterogeneous selection
S188	S10	1.98761986421522	1	0.89911305033286	TW	IW	Between groups	Heterogeneous selection
S191	S10	1.51608278903007	1	0.905137353274677	TW	IW	Between groups	Dispersal limitation
S194	S10	0.732624154761879	1	0.93528125991568	TW	IW	Between groups	Dispersal limitation
S196	S10	1.52537535196369	1	0.917376196017585	TW	IW	Between groups	Dispersal limitation
S197	S10	0.536075865875568	1	0.84792254482857	TW	IW	Between groups	Dispersal limitation
S198	S10	2.37905278713403	1	0.853189483186635	TW	IW	Between groups	Heterogeneous selection
S201	S10	1.05295724656983	1	0.835281928539631	TW	IW	Between groups	Dispersal limitation
S202	S10	-0.303108787646662	1	0.874657112323838	TW	IW	Between groups	Dispersal limitation
S203	S10	1.25013559505958	1	0.896489547365991	TW	IW	Between groups	Dispersal limitation
S204	S10	0.797178734026276	1	0.85962347555958	TW	IW	Between groups	Dispersal limitation
S205	S10	4.02306903039452	1	0.884730713253416	TW	IW	Between groups	Heterogeneous selection
S206	S10	2.32363536118481	1	0.888864880258178	TW	IW	Between groups	Heterogeneous selection
S207	S10	1.26830743915177	1	0.882781251084958	TW	IW	Between groups	Dispersal limitation
S208	S10	0.630028722647374	1	0.884053532263529	TW	IW	Between groups	Dispersal limitation
S209	S10	2.66821137922566	1	0.874082662867672	TW	IW	Between groups	Heterogeneous selection
S210	S10	1.91506064008678	1	0.824023308314423	TW	IW	Between groups	Dispersal limitation
S213	S10	1.62861495166132	1	0.839988059449741	TW	IW	Between groups	Dispersal limitation
S214	S10	1.65180005655449	1	0.782191356182825	TW	IW	Between groups	Dispersal limitation
S215	S10	2.064637332923	1	0.846771333200926	TW	IW	Between groups	Heterogeneous selection
S216	S10	1.56443997171615	1	0.88659347969896	TW	IW	Between groups	Dispersal limitation
S217	S10	1.61173202540545	1	0.812318470730744	TW	IW	Between groups	Dispersal limitation
S218	S10	0.12209265726098	1	0.849287599108694	TW	IW	Between groups	Dispersal limitation
S219	S10	2.56283289312539	1	0.872415136605791	TW	IW	Between groups	Heterogeneous selection
S220	S10	0.698385734767419	1	0.83677623981968	TW	IW	Between groups	Dispersal limitation
S221	S10	0.908663365077261	1	0.84910270461085	TW	IW	Between groups	Dispersal limitation
S222	S10	1.94786301781617	1	0.879148308182704	TW	IW	Between groups	Dispersal limitation
S223	S10	1.84826799167628	1	0.905055238603147	TW	IW	Between groups	Dispersal limitation
S224	S10	2.86837620216456	1	0.822778936506727	TW	IW	Between groups	Heterogeneous selection
S225	S10	1.77592613615477	1	0.830631726473186	TW	IW	Between groups	Dispersal limitation
S12	S11	-0.979790175226343	-1	0.199200556852251	IW	IW	Within IW	Homogenizing dispersal
S13	S11	0.375869080671952	-1	0.253587438879414	IW	IW	Within IW	Homogenizing dispersal
S15	S11	2.36151066483015	1	0.868975792676994	IW	IW	Within IW	Heterogeneous selection
S16	S11	0.712644342813528	1	0.872075299564832	IW	IW	Within IW	Dispersal limitation
S17	S11	2.41134002133446	1	0.87037997009394	IW	IW	Within IW	Heterogeneous selection
S18	S11	1.6630452234254	1	0.83722441996261	IW	IW	Within IW	Dispersal limitation
S19	S11	1.48868261012831	1	0.840400157417183	IW	IW	Within IW	Dispersal limitation
S20	S11	1.68584007922696	1	0.822881145804463	IW	IW	Within IW	Dispersal limitation
S22	S11	-1.20520902969974	1	0.695490262252074	IW	IW	Within IW	Dispersal limitation
S23	S11	-1.06906667528921	1	0.68809016161132	IW	IW	Within IW	Dispersal limitation
S24	S11	-0.270834158578316	1	0.724314143919921	IW	IW	Within IW	Dispersal limitation
S25	S11	-0.1081717215254	1	0.782543605699857	IW	IW	Within IW	Dispersal limitation
S26	S11	-0.943625046882519	1	0.842646431098567	IW	IW	Within IW	Dispersal limitation
S27	S11	0.186883469773705	1	0.823532239641216	IW	IW	Within IW	Dispersal limitation
S28	S11	1.48206285518247	1	0.864934427711231	IW	IW	Within IW	Dispersal limitation
S30	S11	-0.745794854564243	1	0.814184917118919	IW	IW	Within IW	Dispersal limitation
S34	S11	-0.992680920344646	1	0.807430436269878	IW	IW	Within IW	Dispersal limitation
S35	S11	-0.639746292741911	1	0.806377910088034	IW	IW	Within IW	Dispersal limitation
S36	S11	-0.114862794538804	1	0.857943399256924	IW	IW	Within IW	Dispersal limitation
S37	S11	0.157135335124277	1	0.820380671258087	IW	IW	Within IW	Dispersal limitation
S61	S11	-0.544040602822579	1	0.87641934464667	CW	IW	Between groups	Dispersal limitation
S62	S11	-0.975220896866267	1	0.879918535431493	CW	IW	Between groups	Dispersal limitation
S63	S11	0.15280574609817	1	0.8745971955424	CW	IW	Between groups	Dispersal limitation
S65	S11	-0.311059548663915	1	0.8859018697966	CW	IW	Between groups	Dispersal limitation
S85	S11	-0.408196612288477	1	0.88792029181315	CW	IW	Between groups	Dispersal limitation
S86	S11	0.566379334724633	1	0.849318421059809	CW	IW	Between groups	Dispersal limitation
S87	S11	0.333835133928366	1	0.897306989097926	CW	IW	Between groups	Dispersal limitation
S88	S11	-0.178658209564375	1	0.879072560268764	CW	IW	Between groups	Dispersal limitation
S89	S11	0.817260019269551	1	0.90707085553974	CW	IW	Between groups	Dispersal limitation
S112	S11	-0.361025099162014	1	0.888906143453242	CW	IW	Between groups	Dispersal limitation
S113	S11	0.248685758564485	1	0.929653457004862	CW	IW	Between groups	Dispersal limitation
S114	S11	0.524040111301349	1	0.924102864125202	CW	IW	Between groups	Dispersal limitation
S161	S11	0.0426899878707612	1	0.904072998650147	CW	IW	Between groups	Dispersal limitation
S162	S11	0.213846942461148	1	0.888189223134632	CW	IW	Between groups	Dispersal limitation
S164	S11	0.352974215491504	1	0.886230173531308	CW	IW	Between groups	Dispersal limitation
S165	S11	1.65436091660081	1	0.878622163665496	CW	IW	Between groups	Dispersal limitation
S166	S11	-0.134037720382744	1	0.888033301457442	CW	IW	Between groups	Dispersal limitation
S167	S11	0.30685953489186	1	0.85769051857477	CW	IW	Between groups	Dispersal limitation
S168	S11	0.186537101124166	1	0.878509543352225	CW	IW	Between groups	Dispersal limitation
S169	S11	0.187169758562724	1	0.856109374256132	CW	IW	Between groups	Dispersal limitation
S170	S11	0.376321727375139	1	0.90472738424575	CW	IW	Between groups	Dispersal limitation
S171	S11	-0.273782790951941	1	0.903627535655503	CW	IW	Between groups	Dispersal limitation
S172	S11	-0.209458612149651	1	0.902217832810175	CW	IW	Between groups	Dispersal limitation
S173	S11	-0.0301728668610064	1	0.89092268050797	CW	IW	Between groups	Dispersal limitation
S174	S11	0.257348782423789	1	0.900672021024815	CW	IW	Between groups	Dispersal limitation
S175	S11	-0.242416210036067	1	0.901195418518925	CW	IW	Between groups	Dispersal limitation
S176	S11	2.03323566540279	1	0.881490792790122	CW	IW	Between groups	Heterogeneous selection
S177	S11	0.105263763615277	1	0.89049348554855	CW	IW	Between groups	Dispersal limitation
S179	S11	0.166307996373275	1	0.84593025790979	CW	IW	Between groups	Dispersal limitation
S182	S11	0.410609689661674	1	0.843185090726292	CW	IW	Between groups	Dispersal limitation
S187	S11	2.07944253936648	1	0.886769747431929	TW	IW	Between groups	Heterogeneous selection
S188	S11	1.04658955196994	1	0.891150779971459	TW	IW	Between groups	Dispersal limitation
S191	S11	1.92120836319958	1	0.893406616888196	TW	IW	Between groups	Dispersal limitation
S194	S11	0.709167436462087	1	0.92739475000871	TW	IW	Between groups	Dispersal limitation
S196	S11	1.34919153016083	1	0.905768114207711	TW	IW	Between groups	Dispersal limitation
S197	S11	0.30841776755715	1	0.841461991215948	TW	IW	Between groups	Dispersal limitation
S198	S11	1.50564903589634	1	0.842361667826468	TW	IW	Between groups	Dispersal limitation
S201	S11	0.458697427311861	1	0.823709134936645	TW	IW	Between groups	Dispersal limitation
S202	S11	-0.55611775616797	1	0.864033544108273	TW	IW	Between groups	Dispersal limitation
S203	S11	1.38702781268319	1	0.88673118945141	TW	IW	Between groups	Dispersal limitation
S204	S11	2.06965813238683	1	0.848453216680455	TW	IW	Between groups	Heterogeneous selection
S205	S11	3.62552186142789	1	0.870667078238579	TW	IW	Between groups	Heterogeneous selection
S206	S11	1.75939412564541	1	0.879780719396485	TW	IW	Between groups	Dispersal limitation
S207	S11	0.886233738949822	1	0.873685038131928	TW	IW	Between groups	Dispersal limitation
S208	S11	0.952883887623297	1	0.871491478618222	TW	IW	Between groups	Dispersal limitation
S209	S11	3.24523351722425	1	0.863169776772772	TW	IW	Between groups	Heterogeneous selection
S210	S11	1.33638717734696	1	0.81046181265316	TW	IW	Between groups	Dispersal limitation
S213	S11	1.8463503409775	1	0.82651593983492	TW	IW	Between groups	Dispersal limitation
S214	S11	1.09258476127853	1	0.747992121223691	TW	IW	Between groups	Dispersal limitation
S215	S11	1.93578575491023	1	0.838118936330723	TW	IW	Between groups	Dispersal limitation
S216	S11	1.20113089235529	1	0.880793813202327	TW	IW	Between groups	Dispersal limitation
S217	S11	0.776092707363795	1	0.803418822559005	TW	IW	Between groups	Dispersal limitation
S218	S11	0.490111172032456	1	0.839190048937998	TW	IW	Between groups	Dispersal limitation
S219	S11	1.26017103976203	1	0.862542043520564	TW	IW	Between groups	Dispersal limitation
S220	S11	0.452544272751613	1	0.822732204121	TW	IW	Between groups	Dispersal limitation
S221	S11	0.294532276980148	1	0.83565327422364	TW	IW	Between groups	Dispersal limitation
S222	S11	0.751854800766185	1	0.869584671608418	TW	IW	Between groups	Dispersal limitation
S223	S11	0.588278826784957	1	0.894999628046799	TW	IW	Between groups	Dispersal limitation
S224	S11	1.61345743897131	1	0.817974006187506	TW	IW	Between groups	Dispersal limitation
S225	S11	1.1798179069184	1	0.810030011688287	TW	IW	Between groups	Dispersal limitation
S13	S12	1.10032195067835	-1	0.19258160231407	IW	IW	Within IW	Homogenizing dispersal
S15	S12	0.818190441171761	1	0.872278228278791	IW	IW	Within IW	Dispersal limitation
S16	S12	0.144656152506791	1	0.874808289145746	IW	IW	Within IW	Dispersal limitation
S17	S12	1.30930647607102	1	0.875087653879063	IW	IW	Within IW	Dispersal limitation
S18	S12	0.100911127289804	1	0.847674054775195	IW	IW	Within IW	Dispersal limitation
S19	S12	1.9554921816071	1	0.844038602460641	IW	IW	Within IW	Dispersal limitation
S20	S12	1.66493720335005	1	0.834242590766459	IW	IW	Within IW	Dispersal limitation
S22	S12	-1.02467652031081	1	0.731856486992584	IW	IW	Within IW	Dispersal limitation
S23	S12	-0.95048672041935	1	0.726611266747607	IW	IW	Within IW	Dispersal limitation
S24	S12	-0.310587480958554	1	0.752842447731982	IW	IW	Within IW	Dispersal limitation
S25	S12	1.31049450870068	1	0.808465893473905	IW	IW	Within IW	Dispersal limitation
S26	S12	-0.978904684135558	1	0.859769110750689	IW	IW	Within IW	Dispersal limitation
S27	S12	-0.103604685809692	1	0.839766029416375	IW	IW	Within IW	Dispersal limitation
S28	S12	-0.0687802002214491	1	0.874099611731321	IW	IW	Within IW	Dispersal limitation
S30	S12	-1.06396111535774	1	0.820374957747021	IW	IW	Within IW	Dispersal limitation
S34	S12	-1.0675047942465	1	0.82392485118807	IW	IW	Within IW	Dispersal limitation
S35	S12	-0.549747965066221	1	0.817113680589905	IW	IW	Within IW	Dispersal limitation
S36	S12	0.969048522927531	1	0.864810025812073	IW	IW	Within IW	Dispersal limitation
S37	S12	0.664063812591444	1	0.827765504023157	IW	IW	Within IW	Dispersal limitation
S61	S12	-0.750553223176165	1	0.877306845037346	CW	IW	Between groups	Dispersal limitation
S62	S12	-0.581512085968891	1	0.880525590643586	CW	IW	Between groups	Dispersal limitation
S63	S12	0.503799688250571	1	0.868144799623098	CW	IW	Between groups	Dispersal limitation
S65	S12	-0.291210695773649	1	0.885359041760589	CW	IW	Between groups	Dispersal limitation
S85	S12	-0.711604004513592	1	0.891753383650907	CW	IW	Between groups	Dispersal limitation
S86	S12	-0.714068796300466	1	0.853529232709459	CW	IW	Between groups	Dispersal limitation
S87	S12	-0.341801272433815	1	0.898831344279456	CW	IW	Between groups	Dispersal limitation
S88	S12	-0.0160652004496839	1	0.877764382830154	CW	IW	Between groups	Dispersal limitation
S89	S12	1.36618523816738	1	0.909632828571341	CW	IW	Between groups	Dispersal limitation
S112	S12	0.0780159671907781	1	0.891051224515515	CW	IW	Between groups	Dispersal limitation
S113	S12	-0.596831851645502	1	0.932183380864008	CW	IW	Between groups	Dispersal limitation
S114	S12	-0.78840538077137	1	0.927791868756687	CW	IW	Between groups	Dispersal limitation
S161	S12	0.560175838399802	1	0.904610481089845	CW	IW	Between groups	Dispersal limitation
S162	S12	0.612020365854183	1	0.893381747556419	CW	IW	Between groups	Dispersal limitation
S164	S12	-0.2951599359229	1	0.890449484067084	CW	IW	Between groups	Dispersal limitation
S165	S12	0.977500369979083	1	0.882028611843617	CW	IW	Between groups	Dispersal limitation
S166	S12	-0.404657945008915	1	0.890119153206833	CW	IW	Between groups	Dispersal limitation
S167	S12	-0.268315531563479	1	0.866176012759557	CW	IW	Between groups	Dispersal limitation
S168	S12	0.1230934956616	1	0.882162583881176	CW	IW	Between groups	Dispersal limitation
S169	S12	-0.571511969123214	1	0.868218790688962	CW	IW	Between groups	Dispersal limitation
S170	S12	0.810285887425886	1	0.903873213024523	CW	IW	Between groups	Dispersal limitation
S171	S12	-0.884994623428652	1	0.904469483993173	CW	IW	Between groups	Dispersal limitation
S172	S12	0.255282123832775	1	0.903605466529841	CW	IW	Between groups	Dispersal limitation
S173	S12	0.206931462789764	1	0.894121859311442	CW	IW	Between groups	Dispersal limitation
S174	S12	0.290175783132663	1	0.901872955117798	CW	IW	Between groups	Dispersal limitation
S175	S12	-0.427706855048108	1	0.903661767509538	CW	IW	Between groups	Dispersal limitation
S176	S12	1.29408571159402	1	0.884609581171413	CW	IW	Between groups	Dispersal limitation
S177	S12	-0.424989863141423	1	0.891460308297209	CW	IW	Between groups	Dispersal limitation
S179	S12	-0.119468826935481	1	0.84646014391784	CW	IW	Between groups	Dispersal limitation
S182	S12	0.115458091768236	1	0.846249240807905	CW	IW	Between groups	Dispersal limitation
S187	S12	0.832945369441387	1	0.886847905320931	TW	IW	Between groups	Dispersal limitation
S188	S12	0.52896312206154	1	0.88852352147837	TW	IW	Between groups	Dispersal limitation
S191	S12	0.6676758838467	1	0.889461122760095	TW	IW	Between groups	Dispersal limitation
S194	S12	0.357233348385242	1	0.928463557501587	TW	IW	Between groups	Dispersal limitation
S196	S12	0.577811182467449	1	0.90708637932785	TW	IW	Between groups	Dispersal limitation
S197	S12	-0.389822214701343	1	0.839119007361208	TW	IW	Between groups	Dispersal limitation
S198	S12	1.22963532907966	1	0.842830178915288	TW	IW	Between groups	Dispersal limitation
S201	S12	-0.0166142304708721	1	0.818638658684557	TW	IW	Between groups	Dispersal limitation
S202	S12	0.0393731060649808	1	0.857947429729225	TW	IW	Between groups	Dispersal limitation
S203	S12	-0.0798119222476225	1	0.880768262402237	TW	IW	Between groups	Dispersal limitation
S204	S12	1.61147696815521	1	0.844645785603861	TW	IW	Between groups	Dispersal limitation
S205	S12	2.04804138955681	1	0.87124086739921	TW	IW	Between groups	Heterogeneous selection
S206	S12	0.0150227762819893	1	0.873740703160774	TW	IW	Between groups	Dispersal limitation
S207	S12	-0.000897025016716672	1	0.870002183472101	TW	IW	Between groups	Dispersal limitation
S208	S12	-0.370441032245758	1	0.872041676578584	TW	IW	Between groups	Dispersal limitation
S209	S12	1.64746042481695	1	0.856140345567216	TW	IW	Between groups	Dispersal limitation
S210	S12	0.337899213114131	1	0.805702747264159	TW	IW	Between groups	Dispersal limitation
S213	S12	0.886234241809174	1	0.828133269521687	TW	IW	Between groups	Dispersal limitation
S214	S12	0.528759367985249	1	0.76249085550791	TW	IW	Between groups	Dispersal limitation
S215	S12	1.10470628829626	1	0.837394836590669	TW	IW	Between groups	Dispersal limitation
S216	S12	-0.4096332288809	1	0.87752075791468	TW	IW	Between groups	Dispersal limitation
S217	S12	-0.0329190737163245	1	0.813244598703582	TW	IW	Between groups	Dispersal limitation
S218	S12	-0.354072951962819	1	0.833892011775342	TW	IW	Between groups	Dispersal limitation
S219	S12	0.208552799270351	1	0.862725774322489	TW	IW	Between groups	Dispersal limitation
S220	S12	0.00365519027370598	1	0.814997190983253	TW	IW	Between groups	Dispersal limitation
S221	S12	-0.118513150140139	1	0.830953970612818	TW	IW	Between groups	Dispersal limitation
S222	S12	-0.414600675921384	1	0.865074269490364	TW	IW	Between groups	Dispersal limitation
S223	S12	-0.35895293757471	1	0.892388948555717	TW	IW	Between groups	Dispersal limitation
S224	S12	1.29834855278355	1	0.814480400922752	TW	IW	Between groups	Dispersal limitation
S225	S12	0.337588560086407	1	0.812249883345956	TW	IW	Between groups	Dispersal limitation
S15	S13	3.93552824815598	1	0.852508709941109	IW	IW	Within IW	Heterogeneous selection
S16	S13	2.5364386768831	1	0.854818399642605	IW	IW	Within IW	Heterogeneous selection
S17	S13	1.74814528881891	1	0.854815624222731	IW	IW	Within IW	Dispersal limitation
S18	S13	3.46419294548692	1	0.82502102136666	IW	IW	Within IW	Heterogeneous selection
S19	S13	1.44137833309794	1	0.824186289550781	IW	IW	Within IW	Dispersal limitation
S20	S13	2.4187692659347	1	0.809855190693786	IW	IW	Within IW	Heterogeneous selection
S22	S13	-1.08250022827413	1	0.703935669528381	IW	IW	Within IW	Dispersal limitation
S23	S13	-1.20165789720254	1	0.702697345411057	IW	IW	Within IW	Dispersal limitation
S24	S13	0.323219454873437	1	0.718124940866908	IW	IW	Within IW	Dispersal limitation
S25	S13	-0.959611907594001	1	0.784495031943358	IW	IW	Within IW	Dispersal limitation
S26	S13	-0.83935458276087	1	0.835872096239845	IW	IW	Within IW	Dispersal limitation
S27	S13	0.631354298821478	1	0.820058674469479	IW	IW	Within IW	Dispersal limitation
S28	S13	0.768921612973237	1	0.849587827593991	IW	IW	Within IW	Dispersal limitation
S30	S13	0.554938220113153	1	0.793231348080546	IW	IW	Within IW	Dispersal limitation
S34	S13	-0.230768153494006	1	0.788189991592421	IW	IW	Within IW	Dispersal limitation
S35	S13	-0.108861341837447	1	0.782882384492243	IW	IW	Within IW	Dispersal limitation
S36	S13	1.23221921783393	1	0.845017471948267	IW	IW	Within IW	Dispersal limitation
S37	S13	0.439378124983913	1	0.802080443291987	IW	IW	Within IW	Dispersal limitation
S61	S13	-1.1174403040185	1	0.862697566278522	CW	IW	Between groups	Dispersal limitation
S62	S13	-0.557209267896877	1	0.867758292482106	CW	IW	Between groups	Dispersal limitation
S63	S13	1.04247480506399	1	0.855065620284008	CW	IW	Between groups	Dispersal limitation
S65	S13	-0.643654966327263	1	0.868994618350638	CW	IW	Between groups	Dispersal limitation
S85	S13	-1.09014306514023	1	0.878867154090905	CW	IW	Between groups	Dispersal limitation
S86	S13	-0.178720570061379	1	0.833838245131744	CW	IW	Between groups	Dispersal limitation
S87	S13	-0.180687393624923	1	0.886184813808097	CW	IW	Between groups	Dispersal limitation
S88	S13	0.286663913162439	1	0.866521241634968	CW	IW	Between groups	Dispersal limitation
S89	S13	1.74056799895896	1	0.899949402562313	CW	IW	Between groups	Dispersal limitation
S112	S13	-0.33811570130678	1	0.876065880101345	CW	IW	Between groups	Dispersal limitation
S113	S13	-0.981169307822884	1	0.923982183701801	CW	IW	Between groups	Dispersal limitation
S114	S13	-0.977386391698103	1	0.916443819802524	CW	IW	Between groups	Dispersal limitation
S161	S13	-0.280002159578023	1	0.894806071648894	CW	IW	Between groups	Dispersal limitation
S162	S13	0.831274534794935	1	0.883006176196706	CW	IW	Between groups	Dispersal limitation
S164	S13	1.69379907942199	1	0.881009595682188	CW	IW	Between groups	Dispersal limitation
S165	S13	1.86344125563227	1	0.870372012177722	CW	IW	Between groups	Dispersal limitation
S166	S13	0.470120164126392	1	0.879092814106666	CW	IW	Between groups	Dispersal limitation
S167	S13	0.504999862395013	1	0.847380723845587	CW	IW	Between groups	Dispersal limitation
S168	S13	0.741405301204506	1	0.864611936843751	CW	IW	Between groups	Dispersal limitation
S169	S13	0.370611346678628	1	0.844110122171673	CW	IW	Between groups	Dispersal limitation
S170	S13	0.300796551179042	1	0.894114409228561	CW	IW	Between groups	Dispersal limitation
S171	S13	-0.880236350601532	1	0.895594880864486	CW	IW	Between groups	Dispersal limitation
S172	S13	0.219624919156835	1	0.894994843065572	CW	IW	Between groups	Dispersal limitation
S173	S13	0.325351157433622	1	0.885847453907766	CW	IW	Between groups	Dispersal limitation
S174	S13	0.832591807177158	1	0.893202449157371	CW	IW	Between groups	Dispersal limitation
S175	S13	0.720470286870083	1	0.89543552829099	CW	IW	Between groups	Dispersal limitation
S176	S13	2.41388029385533	1	0.876493346041658	CW	IW	Between groups	Heterogeneous selection
S177	S13	2.06858191392969	1	0.883748580280272	CW	IW	Between groups	Heterogeneous selection
S179	S13	0.321407197545508	1	0.831958357388607	CW	IW	Between groups	Dispersal limitation
S182	S13	0.447288569529204	1	0.831528153350635	CW	IW	Between groups	Dispersal limitation
S187	S13	1.86882189034524	1	0.879808495824724	TW	IW	Between groups	Dispersal limitation
S188	S13	1.57763997903835	1	0.880971562439112	TW	IW	Between groups	Dispersal limitation
S191	S13	1.16794366621021	1	0.882756901643569	TW	IW	Between groups	Dispersal limitation
S194	S13	1.9027529113603	1	0.918910060140128	TW	IW	Between groups	Dispersal limitation
S196	S13	3.56296552481481	1	0.894706083955754	TW	IW	Between groups	Heterogeneous selection
S197	S13	1.31918249717002	1	0.819102747954612	TW	IW	Between groups	Dispersal limitation
S198	S13	3.07349795953494	1	0.822359735179262	TW	IW	Between groups	Heterogeneous selection
S201	S13	2.28479590866743	1	0.804445289349872	TW	IW	Between groups	Heterogeneous selection
S202	S13	0.775960893317968	1	0.851568049932254	TW	IW	Between groups	Dispersal limitation
S203	S13	2.05816621062721	1	0.875946150888873	TW	IW	Between groups	Heterogeneous selection
S204	S13	0.923426564193606	1	0.830029821455093	TW	IW	Between groups	Dispersal limitation
S205	S13	4.23510259436953	1	0.858288138728526	TW	IW	Between groups	Heterogeneous selection
S206	S13	2.51361889333083	1	0.859751165686887	TW	IW	Between groups	Heterogeneous selection
S207	S13	2.49113814774468	1	0.859914916033813	TW	IW	Between groups	Heterogeneous selection
S208	S13	1.48634365597597	1	0.861647843766271	TW	IW	Between groups	Dispersal limitation
S209	S13	2.88511849902295	1	0.84678205296389	TW	IW	Between groups	Heterogeneous selection
S210	S13	2.26816270852913	1	0.79339334466388	TW	IW	Between groups	Heterogeneous selection
S213	S13	3.01300552838154	1	0.812716608118949	TW	IW	Between groups	Heterogeneous selection
S214	S13	1.56256106534888	1	0.733890884833972	TW	IW	Between groups	Dispersal limitation
S215	S13	1.47027905815123	1	0.82749621547592	TW	IW	Between groups	Dispersal limitation
S216	S13	1.495218772218	1	0.868734610913014	TW	IW	Between groups	Dispersal limitation
S217	S13	0.258784792800431	1	0.78241496361685	TW	IW	Between groups	Dispersal limitation
S218	S13	2.66880240352893	1	0.820198647069523	TW	IW	Between groups	Heterogeneous selection
S219	S13	2.01503159258307	1	0.845016350173598	TW	IW	Between groups	Heterogeneous selection
S220	S13	0.65943239567495	1	0.797805062183565	TW	IW	Between groups	Dispersal limitation
S221	S13	1.18534030173145	1	0.817001950423527	TW	IW	Between groups	Dispersal limitation
S222	S13	1.21469432130819	1	0.85394964208135	TW	IW	Between groups	Dispersal limitation
S223	S13	1.75520063464268	1	0.884293395275606	TW	IW	Between groups	Dispersal limitation
S224	S13	1.87529828563437	1	0.793996388601802	TW	IW	Between groups	Dispersal limitation
S225	S13	0.856221791334926	1	0.797955336231227	TW	IW	Between groups	Dispersal limitation
S16	S15	0.805758394106269	1	0.45918075481986	IW	IW	Within IW	Dispersal limitation
S17	S15	-0.0304467342913961	1	0.417066870944091	IW	IW	Within IW	Dispersal limitation
S18	S15	0.407674272842544	1	0.596517531088783	IW	IW	Within IW	Dispersal limitation
S19	S15	0.868156966859608	1	0.587665210421115	IW	IW	Within IW	Dispersal limitation
S20	S15	0.0390718090997418	1	0.591432782986766	IW	IW	Within IW	Dispersal limitation
S22	S15	0.748577184184613	1	0.822561043583289	IW	IW	Within IW	Dispersal limitation
S23	S15	0.0903323024621498	1	0.808561474635265	IW	IW	Within IW	Dispersal limitation
S24	S15	0.667130297510827	1	0.829028488824428	IW	IW	Within IW	Dispersal limitation
S25	S15	0.432679137113573	1	0.85134883388867	IW	IW	Within IW	Dispersal limitation
S26	S15	-0.490139011556752	1	0.71335316698455	IW	IW	Within IW	Dispersal limitation
S27	S15	-0.840970233274238	1	0.677903004824046	IW	IW	Within IW	Dispersal limitation
S28	S15	0.756335631050117	1	0.583280656845735	IW	IW	Within IW	Dispersal limitation
S30	S15	1.89159794759327	1	0.690050174658067	IW	IW	Within IW	Dispersal limitation
S34	S15	0.385763185090398	1	0.766728670714717	IW	IW	Within IW	Dispersal limitation
S35	S15	2.31952259705473	1	0.740976360760604	IW	IW	Within IW	Heterogeneous selection
S36	S15	1.30164342601365	1	0.666850104561387	IW	IW	Within IW	Dispersal limitation
S37	S15	-0.690040090643863	1	0.684765367958748	IW	IW	Within IW	Dispersal limitation
S61	S15	1.64654894951305	1	0.723018682816165	CW	IW	Between groups	Dispersal limitation
S62	S15	0.914427624861128	1	0.754921612795973	CW	IW	Between groups	Dispersal limitation
S63	S15	0.363085535614921	1	0.731499994132294	CW	IW	Between groups	Dispersal limitation
S65	S15	1.37755315965978	1	0.780195179151263	CW	IW	Between groups	Dispersal limitation
S85	S15	-0.310826637403775	1	0.813285723555048	CW	IW	Between groups	Dispersal limitation
S86	S15	1.27631248462307	1	0.748146815082502	CW	IW	Between groups	Dispersal limitation
S87	S15	2.40973186306935	1	0.818480403409687	CW	IW	Between groups	Heterogeneous selection
S88	S15	0.654097436702552	1	0.776132512991631	CW	IW	Between groups	Dispersal limitation
S89	S15	1.08075230758756	1	0.857707691276493	CW	IW	Between groups	Dispersal limitation
S112	S15	1.18306557690301	1	0.768808114972636	CW	IW	Between groups	Dispersal limitation
S113	S15	0.545051199481398	1	0.870627795944113	CW	IW	Between groups	Dispersal limitation
S114	S15	0.756617251169287	1	0.805050404835294	CW	IW	Between groups	Dispersal limitation
S161	S15	1.96130119952488	1	0.854974394587184	CW	IW	Between groups	Heterogeneous selection
S162	S15	0.883456713183656	1	0.82964548433238	CW	IW	Between groups	Dispersal limitation
S164	S15	1.80863515911084	1	0.850416691723352	CW	IW	Between groups	Dispersal limitation
S165	S15	2.0526880747251	1	0.812519662604608	CW	IW	Between groups	Heterogeneous selection
S166	S15	1.8175953088256	1	0.840091641637652	CW	IW	Between groups	Dispersal limitation
S167	S15	0.922495012291569	1	0.783629437436864	CW	IW	Between groups	Dispersal limitation
S168	S15	0.506184594100222	1	0.801980934987842	CW	IW	Between groups	Dispersal limitation
S169	S15	2.54878078455167	1	0.798227154587813	CW	IW	Between groups	Heterogeneous selection
S170	S15	2.01141880660779	1	0.854303933597588	CW	IW	Between groups	Heterogeneous selection
S171	S15	2.8443978867454	1	0.855692833870348	CW	IW	Between groups	Heterogeneous selection
S172	S15	1.24703610861635	1	0.858516255367301	CW	IW	Between groups	Dispersal limitation
S173	S15	2.81199942099544	1	0.851774408365507	CW	IW	Between groups	Heterogeneous selection
S174	S15	1.96060403989169	1	0.859491856530236	CW	IW	Between groups	Heterogeneous selection
S175	S15	1.39796529728612	1	0.86222523909919	CW	IW	Between groups	Dispersal limitation
S176	S15	2.65695889685302	1	0.847232086013331	CW	IW	Between groups	Heterogeneous selection
S177	S15	2.45087746263111	1	0.852053432974836	CW	IW	Between groups	Heterogeneous selection
S179	S15	1.77188431849769	1	0.813456736341438	CW	IW	Between groups	Dispersal limitation
S182	S15	1.99896477809418	1	0.808498024233407	CW	IW	Between groups	Heterogeneous selection
S187	S15	1.79305690920085	1	0.820744619036734	TW	IW	Between groups	Dispersal limitation
S188	S15	2.18223359577936	1	0.833146673342931	TW	IW	Between groups	Heterogeneous selection
S191	S15	2.47806693016398	1	0.8099677812508	TW	IW	Between groups	Heterogeneous selection
S194	S15	1.22927568274579	1	0.723214122302013	TW	IW	Between groups	Dispersal limitation
S196	S15	1.16729589764183	1	0.710388646885711	TW	IW	Between groups	Dispersal limitation
S197	S15	1.52283962617673	1	0.717542039262895	TW	IW	Between groups	Dispersal limitation
S198	S15	1.53884604768351	1	0.720455266266771	TW	IW	Between groups	Dispersal limitation
S201	S15	0.393322326169002	1	0.737811047170411	TW	IW	Between groups	Dispersal limitation
S202	S15	0.215190280890573	1	0.837067099623795	TW	IW	Between groups	Dispersal limitation
S203	S15	1.75807061577113	1	0.809119620470454	TW	IW	Between groups	Dispersal limitation
S204	S15	1.11460927243763	1	0.73090497200348	TW	IW	Between groups	Dispersal limitation
S205	S15	3.91750731301248	1	0.709646419498941	TW	IW	Between groups	Heterogeneous selection
S206	S15	0.734655540204241	1	0.671802710873978	TW	IW	Between groups	Dispersal limitation
S207	S15	0.470188215985119	1	0.703952602269396	TW	IW	Between groups	Dispersal limitation
S208	S15	1.08496562263207	1	0.713068653851792	TW	IW	Between groups	Dispersal limitation
S209	S15	1.73929460042039	1	0.730298361958438	TW	IW	Between groups	Dispersal limitation
S210	S15	0.482125495133152	1	0.749173564279423	TW	IW	Between groups	Dispersal limitation
S213	S15	1.04212457495562	1	0.655186410593079	TW	IW	Between groups	Dispersal limitation
S214	S15	0.873623365503853	1	0.762547240753498	TW	IW	Between groups	Dispersal limitation
S215	S15	0.912883175062347	1	0.758763997398073	TW	IW	Between groups	Dispersal limitation
S216	S15	0.889320624252228	1	0.763884523771204	TW	IW	Between groups	Dispersal limitation
S217	S15	1.05000611500155	1	0.757875745449542	TW	IW	Between groups	Dispersal limitation
S218	S15	1.50918230666798	1	0.731284187363595	TW	IW	Between groups	Dispersal limitation
S219	S15	1.40086932448526	1	0.731355162812539	TW	IW	Between groups	Dispersal limitation
S220	S15	1.86694118910018	1	0.758092579421807	TW	IW	Between groups	Dispersal limitation
S221	S15	2.76263498738556	1	0.749181933643686	TW	IW	Between groups	Heterogeneous selection
S222	S15	0.746731797741234	1	0.793323832360958	TW	IW	Between groups	Dispersal limitation
S223	S15	2.86728187279016	1	0.821301209795292	TW	IW	Between groups	Heterogeneous selection
S224	S15	3.03576999364993	1	0.728617965117853	TW	IW	Between groups	Heterogeneous selection
S225	S15	0.23292451881532	1	0.764440526100147	TW	IW	Between groups	Dispersal limitation
S17	S16	-0.152689497174431	1	0.521350356647349	IW	IW	Within IW	Dispersal limitation
S18	S16	0.421950592941244	1	0.573348335695658	IW	IW	Within IW	Dispersal limitation
S19	S16	3.23009633367642	1	0.548488798263411	IW	IW	Within IW	Heterogeneous selection
S20	S16	-0.443611376396871	1	0.533705023474169	IW	IW	Within IW	Dispersal limitation
S22	S16	0.381336216453841	1	0.820311885826618	IW	IW	Within IW	Dispersal limitation
S23	S16	1.54461767764958	1	0.81136918016257	IW	IW	Within IW	Dispersal limitation
S24	S16	3.16447807631204	1	0.835354014932075	IW	IW	Within IW	Heterogeneous selection
S25	S16	1.41871510606855	1	0.856058229971796	IW	IW	Within IW	Dispersal limitation
S26	S16	-0.556992036539906	1	0.631333855615537	IW	IW	Within IW	Dispersal limitation
S27	S16	-0.713366111145443	1	0.644768040124238	IW	IW	Within IW	Dispersal limitation
S28	S16	1.03652534738389	1	0.611783123902683	IW	IW	Within IW	Dispersal limitation
S30	S16	0.461612804403782	1	0.607235191280154	IW	IW	Within IW	Dispersal limitation
S34	S16	0.330959967238129	1	0.736850633644453	IW	IW	Within IW	Dispersal limitation
S35	S16	1.1377509968259	1	0.702247371724779	IW	IW	Within IW	Dispersal limitation
S36	S16	0.650834908194116	1	0.71789102582476	IW	IW	Within IW	Dispersal limitation
S37	S16	0.270679697683497	1	0.67284962056726	IW	IW	Within IW	Dispersal limitation
S61	S16	-0.421609944562039	1	0.773530723347376	CW	IW	Between groups	Dispersal limitation
S62	S16	-0.320349560567786	1	0.776236358983432	CW	IW	Between groups	Dispersal limitation
S63	S16	0.0760651128087459	1	0.770170066519635	CW	IW	Between groups	Dispersal limitation
S65	S16	-0.067995989605401	1	0.791047306991401	CW	IW	Between groups	Dispersal limitation
S85	S16	1.28044071361014	1	0.784280420455766	CW	IW	Between groups	Dispersal limitation
S86	S16	2.2211332262536	1	0.745035264372684	CW	IW	Between groups	Heterogeneous selection
S87	S16	0.191608701832088	1	0.809503259437712	CW	IW	Between groups	Dispersal limitation
S88	S16	2.46977484152288	1	0.767870706336012	CW	IW	Between groups	Heterogeneous selection
S89	S16	0.947061266307004	1	0.863642325535054	CW	IW	Between groups	Dispersal limitation
S112	S16	0.0854411698077716	1	0.780510946798769	CW	IW	Between groups	Dispersal limitation
S113	S16	0.287400012625884	1	0.866915233894639	CW	IW	Between groups	Dispersal limitation
S114	S16	0.151097596002446	1	0.829648918228054	CW	IW	Between groups	Dispersal limitation
S161	S16	0.537490057735709	1	0.857273544549745	CW	IW	Between groups	Dispersal limitation
S162	S16	-0.296890517688488	1	0.853261732560343	CW	IW	Between groups	Dispersal limitation
S164	S16	0.959439548804125	1	0.864706296366811	CW	IW	Between groups	Dispersal limitation
S165	S16	1.07829416569081	1	0.830124407259295	CW	IW	Between groups	Dispersal limitation
S166	S16	0.256576211899438	1	0.854624210143431	CW	IW	Between groups	Dispersal limitation
S167	S16	0.440222418002968	1	0.798182516819689	CW	IW	Between groups	Dispersal limitation
S168	S16	-0.0899175644958514	1	0.812170749870359	CW	IW	Between groups	Dispersal limitation
S169	S16	2.01505128702632	1	0.797417318709452	CW	IW	Between groups	Heterogeneous selection
S170	S16	1.05890305868053	1	0.871273937850257	CW	IW	Between groups	Dispersal limitation
S171	S16	1.01503972337634	1	0.862333887143474	CW	IW	Between groups	Dispersal limitation
S172	S16	0.160028849543453	1	0.877162611554172	CW	IW	Between groups	Dispersal limitation
S173	S16	0.843502174285805	1	0.863436773958834	CW	IW	Between groups	Dispersal limitation
S174	S16	0.305249879849357	1	0.872106380085294	CW	IW	Between groups	Dispersal limitation
S175	S16	0.268156827814307	1	0.878204196224902	CW	IW	Between groups	Dispersal limitation
S176	S16	1.62417100379698	1	0.856548094857446	CW	IW	Between groups	Dispersal limitation
S177	S16	1.49459908896676	1	0.869536216803531	CW	IW	Between groups	Dispersal limitation
S179	S16	1.70160744742196	1	0.820035019208297	CW	IW	Between groups	Dispersal limitation
S182	S16	0.332591872208686	1	0.820387227104659	CW	IW	Between groups	Dispersal limitation
S187	S16	0.744395080851312	1	0.802807758550684	TW	IW	Between groups	Dispersal limitation
S188	S16	1.00403583955291	1	0.825060265347782	TW	IW	Between groups	Dispersal limitation
S191	S16	1.87808581201776	1	0.806599430518579	TW	IW	Between groups	Dispersal limitation
S194	S16	0.710462117033271	1	0.788725715354575	TW	IW	Between groups	Dispersal limitation
S196	S16	0.62097901016914	1	0.788669064748202	TW	IW	Between groups	Dispersal limitation
S197	S16	2.67873564634349	1	0.721190614656292	TW	IW	Between groups	Heterogeneous selection
S198	S16	2.25217335612991	1	0.723008152640424	TW	IW	Between groups	Heterogeneous selection
S201	S16	1.98099210494074	1	0.756670886436873	TW	IW	Between groups	Heterogeneous selection
S202	S16	0.203079029646477	1	0.857691134101919	TW	IW	Between groups	Dispersal limitation
S203	S16	0.665296904163378	1	0.838109329092668	TW	IW	Between groups	Dispersal limitation
S204	S16	1.95595681882859	1	0.707593526041433	TW	IW	Between groups	Dispersal limitation
S205	S16	3.01399333971018	1	0.734251907022808	TW	IW	Between groups	Heterogeneous selection
S206	S16	1.83988571995731	1	0.684540915159974	TW	IW	Between groups	Dispersal limitation
S207	S16	0.557731227145912	1	0.768943445455724	TW	IW	Between groups	Dispersal limitation
S208	S16	1.25349460057028	1	0.765675780876669	TW	IW	Between groups	Dispersal limitation
S209	S16	2.00791282120608	1	0.76158914835063	TW	IW	Between groups	Heterogeneous selection
S210	S16	2.46168729694153	1	0.765695195525515	TW	IW	Between groups	Heterogeneous selection
S213	S16	2.52518609738825	1	0.675976429567499	TW	IW	Between groups	Heterogeneous selection
S214	S16	1.3121927550456	1	0.748638559000024	TW	IW	Between groups	Dispersal limitation
S215	S16	2.01326209706233	1	0.767128011134783	TW	IW	Between groups	Heterogeneous selection
S216	S16	2.48976264958202	1	0.766520265761713	TW	IW	Between groups	Heterogeneous selection
S217	S16	2.20888178840974	1	0.747043780709891	TW	IW	Between groups	Heterogeneous selection
S218	S16	1.9060505501283	1	0.723262166798612	TW	IW	Between groups	Dispersal limitation
S219	S16	2.45636320934192	1	0.74248728342667	TW	IW	Between groups	Heterogeneous selection
S220	S16	2.13967651596968	1	0.758976197900246	TW	IW	Between groups	Heterogeneous selection
S221	S16	2.84976342009066	1	0.758014515428096	TW	IW	Between groups	Heterogeneous selection
S222	S16	0.794630503415895	1	0.797904687414505	TW	IW	Between groups	Dispersal limitation
S223	S16	3.08125374908703	1	0.830612667432093	TW	IW	Between groups	Heterogeneous selection
S224	S16	3.28741826161065	1	0.731502444715288	TW	IW	Between groups	Heterogeneous selection
S225	S16	0.626251519238826	1	0.754006566886746	TW	IW	Between groups	Dispersal limitation
S18	S17	0.437837339813197	1	0.636281239356887	IW	IW	Within IW	Dispersal limitation
S19	S17	1.51275124030824	1	0.638210594900687	IW	IW	Within IW	Dispersal limitation
S20	S17	1.38574802902961	1	0.5958623158811	IW	IW	Within IW	Dispersal limitation
S22	S17	1.50529932027634	1	0.830376009229829	IW	IW	Within IW	Dispersal limitation
S23	S17	1.35484860043392	1	0.816942583223849	IW	IW	Within IW	Dispersal limitation
S24	S17	1.88013512481958	1	0.844303948775318	IW	IW	Within IW	Dispersal limitation
S25	S17	5.36344703294619	1	0.859985195301918	IW	IW	Within IW	Heterogeneous selection
S26	S17	0.154628433349944	1	0.718150922583882	IW	IW	Within IW	Dispersal limitation
S27	S17	-0.211783242766991	1	0.704920380029515	IW	IW	Within IW	Dispersal limitation
S28	S17	-0.332321770731359	1	0.612198490624619	IW	IW	Within IW	Dispersal limitation
S30	S17	0.847843758209231	1	0.70568438121819	IW	IW	Within IW	Dispersal limitation
S34	S17	1.4809734162566	1	0.782038740014742	IW	IW	Within IW	Dispersal limitation
S35	S17	2.34977562842955	1	0.748824563762642	IW	IW	Within IW	Heterogeneous selection
S36	S17	1.43951334625633	1	0.68450909646707	IW	IW	Within IW	Dispersal limitation
S37	S17	0.71680915367578	1	0.7084269894686	IW	IW	Within IW	Dispersal limitation
S61	S17	1.29613926576336	1	0.763830329911985	CW	IW	Between groups	Dispersal limitation
S62	S17	-0.363425661834606	1	0.795728302915696	CW	IW	Between groups	Dispersal limitation
S63	S17	0.527217486663379	1	0.77316658688956	CW	IW	Between groups	Dispersal limitation
S65	S17	0.543977813055551	1	0.78552335053933	CW	IW	Between groups	Dispersal limitation
S85	S17	0.24152661288432	1	0.817182869252339	CW	IW	Between groups	Dispersal limitation
S86	S17	0.538658099743353	1	0.755157067324214	CW	IW	Between groups	Dispersal limitation
S87	S17	2.26137264527748	1	0.816154674962077	CW	IW	Between groups	Heterogeneous selection
S88	S17	1.00039158965743	1	0.784856244230718	CW	IW	Between groups	Dispersal limitation
S89	S17	1.63634988242284	1	0.859782464195505	CW	IW	Between groups	Dispersal limitation
S112	S17	1.2514904364648	1	0.779159219538067	CW	IW	Between groups	Dispersal limitation
S113	S17	-0.531534875812528	1	0.861112662954285	CW	IW	Between groups	Dispersal limitation
S114	S17	2.72912720325351	1	0.822356409364174	CW	IW	Between groups	Heterogeneous selection
S161	S17	2.40523653080729	1	0.851614610765383	CW	IW	Between groups	Heterogeneous selection
S162	S17	1.21655136122371	1	0.841972496244854	CW	IW	Between groups	Dispersal limitation
S164	S17	2.01849129029153	1	0.859704406156828	CW	IW	Between groups	Heterogeneous selection
S165	S17	2.98610404233473	1	0.830123259576494	CW	IW	Between groups	Heterogeneous selection
S166	S17	4.49103312493777	1	0.849990864452151	CW	IW	Between groups	Heterogeneous selection
S167	S17	2.437867833253	1	0.799832795963801	CW	IW	Between groups	Heterogeneous selection
S168	S17	1.19471849773698	1	0.805924402904179	CW	IW	Between groups	Dispersal limitation
S169	S17	3.31465659723662	1	0.805374635646811	CW	IW	Between groups	Heterogeneous selection
S170	S17	1.69504742096918	1	0.859404125552326	CW	IW	Between groups	Dispersal limitation
S171	S17	3.09753593780382	1	0.852881807007456	CW	IW	Between groups	Heterogeneous selection
S172	S17	1.62291461477106	1	0.862398756180802	CW	IW	Between groups	Dispersal limitation
S173	S17	4.43929092938806	1	0.855495681110481	CW	IW	Between groups	Heterogeneous selection
S174	S17	3.07844419731831	1	0.864053163727389	CW	IW	Between groups	Heterogeneous selection
S175	S17	2.33119409219459	1	0.864487681143018	CW	IW	Between groups	Heterogeneous selection
S176	S17	3.62875872349952	1	0.85515389979132	CW	IW	Between groups	Heterogeneous selection
S177	S17	4.09248780635142	1	0.853471223491882	CW	IW	Between groups	Heterogeneous selection
S179	S17	2.24172494241052	1	0.824670946603007	CW	IW	Between groups	Heterogeneous selection
S182	S17	3.13950089192248	1	0.818035305210512	CW	IW	Between groups	Heterogeneous selection
S187	S17	2.24702571471464	1	0.830600163393063	TW	IW	Between groups	Heterogeneous selection
S188	S17	2.09489255862216	1	0.841648856197673	TW	IW	Between groups	Heterogeneous selection
S191	S17	2.2978772567255	1	0.827545958016187	TW	IW	Between groups	Heterogeneous selection
S194	S17	1.95058406628077	1	0.746332261074659	TW	IW	Between groups	Dispersal limitation
S196	S17	2.20575493988738	1	0.717583175054251	TW	IW	Between groups	Heterogeneous selection
S197	S17	4.84973467773478	1	0.745474215781812	TW	IW	Between groups	Heterogeneous selection
S198	S17	2.75467889340797	1	0.752588244037749	TW	IW	Between groups	Heterogeneous selection
S201	S17	1.56609721301119	1	0.769438866823701	TW	IW	Between groups	Dispersal limitation
S202	S17	1.15794981970613	1	0.843065028423229	TW	IW	Between groups	Dispersal limitation
S203	S17	4.75177203027865	1	0.833164142914456	TW	IW	Between groups	Heterogeneous selection
S204	S17	2.39329229992419	1	0.750768913741655	TW	IW	Between groups	Heterogeneous selection
S205	S17	5.81508419303779	1	0.745111355284113	TW	IW	Between groups	Heterogeneous selection
S206	S17	2.52548586526941	1	0.726241809471512	TW	IW	Between groups	Heterogeneous selection
S207	S17	3.04741059018688	1	0.749350887251065	TW	IW	Between groups	Heterogeneous selection
S208	S17	4.4203158351558	1	0.760371188458818	TW	IW	Between groups	Heterogeneous selection
S209	S17	2.06123987811274	1	0.76733991038838	TW	IW	Between groups	Heterogeneous selection
S210	S17	3.01063541241479	1	0.777017974794138	TW	IW	Between groups	Heterogeneous selection
S213	S17	3.33120432226064	1	0.706616230551727	TW	IW	Between groups	Heterogeneous selection
S214	S17	1.89706695402223	1	0.78482633974616	TW	IW	Between groups	Dispersal limitation
S215	S17	1.73628992212735	1	0.776445086874813	TW	IW	Between groups	Dispersal limitation
S216	S17	3.00965520161866	1	0.785284668889857	TW	IW	Between groups	Heterogeneous selection
S217	S17	3.70569435487538	1	0.78906967510118	TW	IW	Between groups	Heterogeneous selection
S218	S17	4.39314908311099	1	0.744773035071402	TW	IW	Between groups	Heterogeneous selection
S219	S17	3.24090092574082	1	0.754200569510006	TW	IW	Between groups	Heterogeneous selection
S220	S17	3.09987783968127	1	0.777402202867784	TW	IW	Between groups	Heterogeneous selection
S221	S17	3.77635644009543	1	0.762688004771635	TW	IW	Between groups	Heterogeneous selection
S222	S17	4.43845190713549	1	0.806596996531536	TW	IW	Between groups	Heterogeneous selection
S223	S17	4.92893114342847	1	0.823915362050516	TW	IW	Between groups	Heterogeneous selection
S224	S17	3.53598149721787	1	0.750140432853387	TW	IW	Between groups	Heterogeneous selection
S225	S17	1.48125772156961	1	0.799622300258438	TW	IW	Between groups	Dispersal limitation
S19	S18	0.196452945766132	1	0.421320518985563	IW	IW	Within IW	Dispersal limitation
S20	S18	0.03007631456787	1	0.442675908364108	IW	IW	Within IW	Dispersal limitation
S22	S18	0.887492023065304	1	0.793299691843958	IW	IW	Within IW	Dispersal limitation
S23	S18	1.81713053765534	1	0.775012216469655	IW	IW	Within IW	Dispersal limitation
S24	S18	0.745277491476512	1	0.809198671883554	IW	IW	Within IW	Dispersal limitation
S25	S18	0.592762705453921	1	0.827472073930029	IW	IW	Within IW	Dispersal limitation
S26	S18	1.10421914061776	1	0.595586894238326	IW	IW	Within IW	Dispersal limitation
S27	S18	-0.490931447172619	1	0.554921851214196	IW	IW	Within IW	Dispersal limitation
S28	S18	1.75730074566479	1	0.676812784709414	IW	IW	Within IW	Dispersal limitation
S30	S18	1.71367842097469	1	0.631908612722517	IW	IW	Within IW	Dispersal limitation
S34	S18	2.30060988521588	1	0.670702158450752	IW	IW	Within IW	Heterogeneous selection
S35	S18	1.87939050716215	1	0.585456657487174	IW	IW	Within IW	Dispersal limitation
S36	S18	1.56827423520574	1	0.73220307801981	IW	IW	Within IW	Dispersal limitation
S37	S18	0.873363303761763	1	0.569730745165643	IW	IW	Within IW	Dispersal limitation
S61	S18	0.376822949481968	1	0.757566246793609	CW	IW	Between groups	Dispersal limitation
S62	S18	-0.0566801985715607	1	0.780525327749071	CW	IW	Between groups	Dispersal limitation
S63	S18	2.10652923941169	1	0.771094946542517	CW	IW	Between groups	Heterogeneous selection
S65	S18	0.389054418414398	1	0.79130889338394	CW	IW	Between groups	Dispersal limitation
S85	S18	2.26544777232982	1	0.818196411608139	CW	IW	Between groups	Heterogeneous selection
S86	S18	2.68588520487851	1	0.761005984861819	CW	IW	Between groups	Heterogeneous selection
S87	S18	2.0344300067	1	0.82069131340858	CW	IW	Between groups	Heterogeneous selection
S88	S18	2.74772180818207	1	0.793584988854395	CW	IW	Between groups	Heterogeneous selection
S89	S18	2.55323842061042	1	0.872728287602639	CW	IW	Between groups	Heterogeneous selection
S112	S18	2.0797124687321	1	0.799076965702549	CW	IW	Between groups	Heterogeneous selection
S113	S18	1.28454785011129	1	0.835101217258723	CW	IW	Between groups	Dispersal limitation
S114	S18	2.58189467157304	1	0.833600819470383	CW	IW	Between groups	Heterogeneous selection
S161	S18	2.54763668785259	1	0.857475514327888	CW	IW	Between groups	Heterogeneous selection
S162	S18	1.69931790841519	1	0.841883318766659	CW	IW	Between groups	Dispersal limitation
S164	S18	1.51154441370206	1	0.85325291409636	CW	IW	Between groups	Dispersal limitation
S165	S18	3.2176778948821	1	0.822586791628103	CW	IW	Between groups	Heterogeneous selection
S166	S18	1.42396725535335	1	0.846438032760766	CW	IW	Between groups	Dispersal limitation
S167	S18	1.52963616700218	1	0.762833343512872	CW	IW	Between groups	Dispersal limitation
S168	S18	1.05385799920869	1	0.802522278636	CW	IW	Between groups	Dispersal limitation
S169	S18	3.01354217554598	1	0.781581098996768	CW	IW	Between groups	Heterogeneous selection
S170	S18	2.62920997333402	1	0.861234372820811	CW	IW	Between groups	Heterogeneous selection
S171	S18	1.39563535249167	1	0.854177395518588	CW	IW	Between groups	Dispersal limitation
S172	S18	1.81111777186392	1	0.860582562347363	CW	IW	Between groups	Dispersal limitation
S173	S18	2.20229306776752	1	0.855555555555556	CW	IW	Between groups	Heterogeneous selection
S174	S18	1.43211254855904	1	0.865566521659603	CW	IW	Between groups	Dispersal limitation
S175	S18	1.53733997333769	1	0.864769505682863	CW	IW	Between groups	Dispersal limitation
S176	S18	4.07163569679155	1	0.849285356350574	CW	IW	Between groups	Heterogeneous selection
S177	S18	1.67728812531347	1	0.84923978727852	CW	IW	Between groups	Dispersal limitation
S179	S18	2.01682752824134	1	0.798916827852997	CW	IW	Between groups	Heterogeneous selection
S182	S18	1.15282974565051	1	0.788659999927085	CW	IW	Between groups	Dispersal limitation
S187	S18	1.33466922660421	1	0.821936501899186	TW	IW	Between groups	Dispersal limitation
S188	S18	1.01453733119706	1	0.839300310953828	TW	IW	Between groups	Dispersal limitation
S191	S18	1.20514612118183	1	0.832624770373113	TW	IW	Between groups	Dispersal limitation
S194	S18	1.53615143579197	1	0.792336858760324	TW	IW	Between groups	Dispersal limitation
S196	S18	0.105548817977661	1	0.776231452726018	TW	IW	Between groups	Dispersal limitation
S197	S18	2.17686295822445	1	0.653257334008699	TW	IW	Between groups	Heterogeneous selection
S198	S18	1.84456263023296	1	0.662274419087444	TW	IW	Between groups	Dispersal limitation
S201	S18	0.601955735235731	1	0.72475268307263	TW	IW	Between groups	Dispersal limitation
S202	S18	-0.0791630352409052	1	0.823836299897066	TW	IW	Between groups	Dispersal limitation
S203	S18	2.02913944447951	1	0.845314928575183	TW	IW	Between groups	Heterogeneous selection
S204	S18	1.47449753806789	1	0.729663798484639	TW	IW	Between groups	Dispersal limitation
S205	S18	3.67422038318124	1	0.731407249720551	TW	IW	Between groups	Heterogeneous selection
S206	S18	1.40207143184669	1	0.659458058018381	TW	IW	Between groups	Dispersal limitation
S207	S18	0.219718898375919	1	0.716594033985338	TW	IW	Between groups	Dispersal limitation
S208	S18	2.02987925628891	1	0.739414363532581	TW	IW	Between groups	Heterogeneous selection
S209	S18	0.941094688156918	1	0.711820396123678	TW	IW	Between groups	Dispersal limitation
S210	S18	0.682084945675962	1	0.723288479952771	TW	IW	Between groups	Dispersal limitation
S213	S18	2.72189562345392	1	0.624170812318114	TW	IW	Between groups	Heterogeneous selection
S214	S18	1.60035917950017	1	0.740558234036493	TW	IW	Between groups	Dispersal limitation
S215	S18	1.43228689192631	1	0.693150202515627	TW	IW	Between groups	Dispersal limitation
S216	S18	1.63538053135804	1	0.726901587470906	TW	IW	Between groups	Dispersal limitation
S217	S18	2.61757139705296	1	0.676772299655595	TW	IW	Between groups	Heterogeneous selection
S218	S18	1.59444149578023	1	0.628206877636813	TW	IW	Between groups	Dispersal limitation
S219	S18	1.87053173951405	1	0.571436056559266	TW	IW	Between groups	Dispersal limitation
S220	S18	2.91193738309966	1	0.552769039992723	TW	IW	Between groups	Heterogeneous selection
S221	S18	2.63045195116249	1	0.659171424388816	TW	IW	Between groups	Heterogeneous selection
S222	S18	0.136688875937242	1	0.71925577432524	TW	IW	Between groups	Dispersal limitation
S223	S18	2.17360057410241	1	0.642798072495681	TW	IW	Between groups	Heterogeneous selection
S224	S18	3.19418249006454	1	0.598953334902433	TW	IW	Between groups	Heterogeneous selection
S225	S18	0.225949691166514	1	0.755971394256764	TW	IW	Between groups	Dispersal limitation
S20	S19	0.280927008684971	1	0.513131630980448	IW	IW	Within IW	Dispersal limitation
S22	S19	0.324906387272465	1	0.793168249651756	IW	IW	Within IW	Dispersal limitation
S23	S19	0.738724333653671	1	0.776617090104612	IW	IW	Within IW	Dispersal limitation
S24	S19	-0.342195265614015	1	0.805486442430248	IW	IW	Within IW	Dispersal limitation
S25	S19	1.08054178166061	1	0.829585440848773	IW	IW	Within IW	Dispersal limitation
S26	S19	-0.108289612857131	1	0.608253356240146	IW	IW	Within IW	Dispersal limitation
S27	S19	-0.782172946282012	1	0.578651179868204	IW	IW	Within IW	Dispersal limitation
S28	S19	3.03877539062968	1	0.691047253103984	IW	IW	Within IW	Heterogeneous selection
S30	S19	2.50011072388937	1	0.669542117568758	IW	IW	Within IW	Heterogeneous selection
S34	S19	2.68904952790927	1	0.662307742344524	IW	IW	Within IW	Heterogeneous selection
S35	S19	3.43301439365646	1	0.583801767321036	IW	IW	Within IW	Heterogeneous selection
S36	S19	1.75088134798844	1	0.7465637121511	IW	IW	Within IW	Dispersal limitation
S37	S19	0.346697792663137	1	0.556976653283932	IW	IW	Within IW	Dispersal limitation
S61	S19	1.07559183538283	1	0.782567819405165	CW	IW	Between groups	Dispersal limitation
S62	S19	0.360422782714894	1	0.815725709998069	CW	IW	Between groups	Dispersal limitation
S63	S19	2.6687719708744	1	0.785093773051677	CW	IW	Between groups	Heterogeneous selection
S65	S19	0.866961075248066	1	0.819679559316819	CW	IW	Between groups	Dispersal limitation
S85	S19	-0.128997541851193	1	0.849561245824036	CW	IW	Between groups	Dispersal limitation
S86	S19	2.33293161862419	1	0.776892354045371	CW	IW	Between groups	Heterogeneous selection
S87	S19	2.2297769583545	1	0.83093157065423	CW	IW	Between groups	Heterogeneous selection
S88	S19	1.47917714854666	1	0.81455191191694	CW	IW	Between groups	Dispersal limitation
S89	S19	2.04450305032712	1	0.876442628433848	CW	IW	Between groups	Heterogeneous selection
S112	S19	2.39333995592679	1	0.782342435884057	CW	IW	Between groups	Heterogeneous selection
S113	S19	1.20562893947885	1	0.829363571030245	CW	IW	Between groups	Dispersal limitation
S114	S19	1.98250259928314	1	0.825329288098127	CW	IW	Between groups	Heterogeneous selection
S161	S19	2.35704669824276	1	0.848627488768846	CW	IW	Between groups	Heterogeneous selection
S162	S19	1.6236048738969	1	0.840482611268932	CW	IW	Between groups	Dispersal limitation
S164	S19	1.97428097329893	1	0.860789411921644	CW	IW	Between groups	Heterogeneous selection
S165	S19	3.55218085021383	1	0.825222356820084	CW	IW	Between groups	Heterogeneous selection
S166	S19	1.42875329101625	1	0.852721877766099	CW	IW	Between groups	Dispersal limitation
S167	S19	1.01629870015567	1	0.769775110155475	CW	IW	Between groups	Dispersal limitation
S168	S19	0.915692191714929	1	0.797689703236238	CW	IW	Between groups	Dispersal limitation
S169	S19	1.96840727648124	1	0.792335563983632	CW	IW	Between groups	Heterogeneous selection
S170	S19	3.56647818287264	1	0.867320840696438	CW	IW	Between groups	Heterogeneous selection
S171	S19	3.54338324597973	1	0.862331872479222	CW	IW	Between groups	Heterogeneous selection
S172	S19	2.81581131694907	1	0.866804016733812	CW	IW	Between groups	Heterogeneous selection
S173	S19	3.34741776454354	1	0.855239261865247	CW	IW	Between groups	Heterogeneous selection
S174	S19	3.04310146617583	1	0.86508548299078	CW	IW	Between groups	Heterogeneous selection
S175	S19	2.3638730495223	1	0.863223982365349	CW	IW	Between groups	Heterogeneous selection
S176	S19	3.19042630851331	1	0.844751783406793	CW	IW	Between groups	Heterogeneous selection
S177	S19	3.08303756735698	1	0.854756778228967	CW	IW	Between groups	Heterogeneous selection
S179	S19	1.91927285885938	1	0.790164972425505	CW	IW	Between groups	Dispersal limitation
S182	S19	3.5880400095238	1	0.785346205000187	CW	IW	Between groups	Heterogeneous selection
S187	S19	1.56469481946709	1	0.832995800002104	TW	IW	Between groups	Dispersal limitation
S188	S19	2.13860302223481	1	0.848504595098225	TW	IW	Between groups	Heterogeneous selection
S191	S19	1.51038823242707	1	0.84089980393209	TW	IW	Between groups	Dispersal limitation
S194	S19	2.11386861276751	1	0.845683360212648	TW	IW	Between groups	Heterogeneous selection
S196	S19	2.33362278067524	1	0.815711459826881	TW	IW	Between groups	Heterogeneous selection
S197	S19	2.92912201839603	1	0.621967864698121	TW	IW	Between groups	Heterogeneous selection
S198	S19	3.08499567242986	1	0.628849238100427	TW	IW	Between groups	Heterogeneous selection
S201	S19	2.38274461897957	1	0.700410318010224	TW	IW	Between groups	Heterogeneous selection
S202	S19	3.04818432765114	1	0.821192430166002	TW	IW	Between groups	Heterogeneous selection
S203	S19	2.40918567133094	1	0.831984705535901	TW	IW	Between groups	Heterogeneous selection
S204	S19	2.44589659668268	1	0.747934710451813	TW	IW	Between groups	Heterogeneous selection
S205	S19	4.66269951060122	1	0.766056861576521	TW	IW	Between groups	Heterogeneous selection
S206	S19	0.847275443323152	1	0.71677733835997	TW	IW	Between groups	Dispersal limitation
S207	S19	1.4523076088384	1	0.745574604886378	TW	IW	Between groups	Dispersal limitation
S208	S19	2.49436886898794	1	0.761837737056607	TW	IW	Between groups	Heterogeneous selection
S209	S19	2.27599673598529	1	0.713002037809648	TW	IW	Between groups	Heterogeneous selection
S210	S19	1.57503467488085	1	0.696713810814198	TW	IW	Between groups	Dispersal limitation
S213	S19	3.0045724581779	1	0.589763780739658	TW	IW	Between groups	Heterogeneous selection
S214	S19	1.62816590387081	1	0.746627292927278	TW	IW	Between groups	Dispersal limitation
S215	S19	2.44107416651921	1	0.695387738193783	TW	IW	Between groups	Heterogeneous selection
S216	S19	0.809568208245141	1	0.726657816668294	TW	IW	Between groups	Dispersal limitation
S217	S19	1.14362545026803	1	0.708484140493019	TW	IW	Between groups	Dispersal limitation
S218	S19	2.37113524026027	1	0.591173973300919	TW	IW	Between groups	Heterogeneous selection
S219	S19	3.03091980181079	1	0.565750835816035	TW	IW	Between groups	Heterogeneous selection
S220	S19	1.81145049680581	1	0.612329215489779	TW	IW	Between groups	Dispersal limitation
S221	S19	1.82223425819281	1	0.639625389744872	TW	IW	Between groups	Dispersal limitation
S222	S19	1.03833444336706	1	0.724154787540444	TW	IW	Between groups	Dispersal limitation
S223	S19	3.64129812267147	1	0.708424603789293	TW	IW	Between groups	Heterogeneous selection
S224	S19	4.09483571532317	1	0.583244140093964	TW	IW	Between groups	Heterogeneous selection
S225	S19	0.594692979740669	1	0.774469760924409	TW	IW	Between groups	Dispersal limitation
S22	S20	-0.526849159261186	1	0.78324057526075	IW	IW	Within IW	Dispersal limitation
S23	S20	0.317894354853086	1	0.771087578833597	IW	IW	Within IW	Dispersal limitation
S24	S20	0.757273570562369	1	0.800179769569905	IW	IW	Within IW	Dispersal limitation
S25	S20	-0.255432546476441	1	0.82853186841222	IW	IW	Within IW	Dispersal limitation
S26	S20	-0.0453167897158369	1	0.623372139846818	IW	IW	Within IW	Dispersal limitation
S27	S20	-0.946195831101858	1	0.609558152954626	IW	IW	Within IW	Dispersal limitation
S28	S20	2.26039116521989	1	0.640359261891402	IW	IW	Within IW	Heterogeneous selection
S30	S20	1.08523700227629	1	0.602203763763519	IW	IW	Within IW	Dispersal limitation
S34	S20	1.84357528566791	1	0.713783575978851	IW	IW	Within IW	Dispersal limitation
S35	S20	2.056310602158	1	0.674571783859856	IW	IW	Within IW	Heterogeneous selection
S36	S20	0.886251702998511	1	0.686710654700849	IW	IW	Within IW	Dispersal limitation
S37	S20	-0.181701142844383	1	0.594548086902696	IW	IW	Within IW	Dispersal limitation
S61	S20	0.275671386471804	1	0.728983921373389	CW	IW	Between groups	Dispersal limitation
S62	S20	-0.0999953655897865	1	0.749498520682922	CW	IW	Between groups	Dispersal limitation
S63	S20	1.10963894125702	1	0.751375512590048	CW	IW	Between groups	Dispersal limitation
S65	S20	1.11012359710896	1	0.764014012551382	CW	IW	Between groups	Dispersal limitation
S85	S20	-0.256459692493236	1	0.796352390798793	CW	IW	Between groups	Dispersal limitation
S86	S20	1.14369949926124	1	0.731629014658779	CW	IW	Between groups	Dispersal limitation
S87	S20	1.20144073651451	1	0.79789087728102	CW	IW	Between groups	Dispersal limitation
S88	S20	0.258156272271976	1	0.76469596383943	CW	IW	Between groups	Dispersal limitation
S89	S20	1.98858204369365	1	0.852761076489271	CW	IW	Between groups	Heterogeneous selection
S112	S20	0.790278590474625	1	0.790096924900889	CW	IW	Between groups	Dispersal limitation
S113	S20	0.953941731767701	1	0.870589617772717	CW	IW	Between groups	Dispersal limitation
S114	S20	0.75352055401664	1	0.850083405005675	CW	IW	Between groups	Dispersal limitation
S161	S20	1.47812154707445	1	0.841630458676259	CW	IW	Between groups	Dispersal limitation
S162	S20	1.0035179565598	1	0.824136993267411	CW	IW	Between groups	Dispersal limitation
S164	S20	0.155597720485178	1	0.841645895788701	CW	IW	Between groups	Dispersal limitation
S165	S20	0.734729859762699	1	0.807014444371872	CW	IW	Between groups	Dispersal limitation
S166	S20	0.0880210977430669	1	0.83057864179794	CW	IW	Between groups	Dispersal limitation
S167	S20	-0.201354650123152	1	0.745907864961116	CW	IW	Between groups	Dispersal limitation
S168	S20	-0.0271294720979032	1	0.782985196985328	CW	IW	Between groups	Dispersal limitation
S169	S20	3.50343452079617	1	0.750699029783748	CW	IW	Between groups	Heterogeneous selection
S170	S20	1.33362351966961	1	0.844796724256886	CW	IW	Between groups	Dispersal limitation
S171	S20	0.10996121432475	1	0.842545522892141	CW	IW	Between groups	Dispersal limitation
S172	S20	0.951155512299416	1	0.844037468748095	CW	IW	Between groups	Dispersal limitation
S173	S20	1.61600497118923	1	0.834742774256784	CW	IW	Between groups	Dispersal limitation
S174	S20	-0.0369019144164759	1	0.853382593840655	CW	IW	Between groups	Dispersal limitation
S175	S20	-0.381330781164814	1	0.846842099215188	CW	IW	Between groups	Dispersal limitation
S176	S20	1.97457832333859	1	0.834413600246805	CW	IW	Between groups	Heterogeneous selection
S177	S20	1.2554594310964	1	0.839308500001005	CW	IW	Between groups	Dispersal limitation
S179	S20	0.704552994267317	1	0.781629500243868	CW	IW	Between groups	Dispersal limitation
S182	S20	0.286816010146863	1	0.77046753627084	CW	IW	Between groups	Dispersal limitation
S187	S20	0.0812976634070033	1	0.810911523657057	TW	IW	Between groups	Dispersal limitation
S188	S20	0.100734740076345	1	0.827439524838419	TW	IW	Between groups	Dispersal limitation
S191	S20	-0.150030072452837	1	0.820668037979696	TW	IW	Between groups	Dispersal limitation
S194	S20	0.173287845958337	1	0.790578846708821	TW	IW	Between groups	Dispersal limitation
S196	S20	0.309400901755142	1	0.759432891896225	TW	IW	Between groups	Dispersal limitation
S197	S20	1.81418161688888	1	0.678056666341186	TW	IW	Between groups	Dispersal limitation
S198	S20	-0.0287467970642098	1	0.683550115708138	TW	IW	Between groups	Dispersal limitation
S201	S20	0.735164261543215	1	0.713953560167233	TW	IW	Between groups	Dispersal limitation
S202	S20	-0.13747186714948	1	0.82701261116192	TW	IW	Between groups	Dispersal limitation
S203	S20	-0.0787145895582166	1	0.842738089778883	TW	IW	Between groups	Dispersal limitation
S204	S20	1.62642311916097	1	0.719265818586837	TW	IW	Between groups	Dispersal limitation
S205	S20	4.351891081677	1	0.747630417899686	TW	IW	Between groups	Heterogeneous selection
S206	S20	1.03764809950338	1	0.706574626008146	TW	IW	Between groups	Dispersal limitation
S207	S20	1.64427554937552	1	0.741530087955065	TW	IW	Between groups	Dispersal limitation
S208	S20	1.81254018520578	1	0.755145051141812	TW	IW	Between groups	Dispersal limitation
S209	S20	-0.06239801457131	1	0.723645664328676	TW	IW	Between groups	Dispersal limitation
S210	S20	2.21360863986467	1	0.727436908341619	TW	IW	Between groups	Heterogeneous selection
S213	S20	0.250579902079303	1	0.601407865387137	TW	IW	Between groups	Dispersal limitation
S214	S20	1.68966092480093	1	0.739180071217903	TW	IW	Between groups	Dispersal limitation
S215	S20	0.232232898516827	1	0.715035174142237	TW	IW	Between groups	Dispersal limitation
S216	S20	0.662664491695768	1	0.752578434850312	TW	IW	Between groups	Dispersal limitation
S217	S20	-0.155379610295523	1	0.721370530784	TW	IW	Between groups	Dispersal limitation
S218	S20	2.62753020662343	1	0.696477084316477	TW	IW	Between groups	Heterogeneous selection
S219	S20	1.9529043528996	1	0.70805924904043	TW	IW	Between groups	Dispersal limitation
S220	S20	3.12106929941164	1	0.700734407335055	TW	IW	Between groups	Heterogeneous selection
S221	S20	2.89494150802086	1	0.716347960566064	TW	IW	Between groups	Heterogeneous selection
S222	S20	2.50136782564739	1	0.766163496758982	TW	IW	Between groups	Heterogeneous selection
S223	S20	3.09458616298743	1	0.791684690237484	TW	IW	Between groups	Heterogeneous selection
S224	S20	2.91000794434014	1	0.676400558817092	TW	IW	Between groups	Heterogeneous selection
S225	S20	-0.395728203253847	1	0.76490040605775	TW	IW	Between groups	Dispersal limitation
S23	S22	-0.46347698576671	-1	0.247634324781193	IW	IW	Within IW	Homogenizing dispersal
S24	S22	-0.526632458609663	-0.981981981981982	0.328753217001536	IW	IW	Within IW	Homogenizing dispersal
S25	S22	0.362445181732435	1	0.46530380248284	IW	IW	Within IW	Dispersal limitation
S26	S22	-0.368993845125866	1	0.772274739753648	IW	IW	Within IW	Dispersal limitation
S27	S22	-0.901717593218289	1	0.743716033137569	IW	IW	Within IW	Dispersal limitation
S28	S22	0.275187037025995	1	0.819212882328216	IW	IW	Within IW	Dispersal limitation
S30	S22	-0.0986845242842318	1	0.747612031631034	IW	IW	Within IW	Dispersal limitation
S34	S22	-0.464406914567079	1	0.667271689488078	IW	IW	Within IW	Dispersal limitation
S35	S22	-1.35654782049184	1	0.709420653543893	IW	IW	Within IW	Dispersal limitation
S36	S22	1.84050285550077	1	0.816012385000389	IW	IW	Within IW	Dispersal limitation
S37	S22	-0.636016465784368	1	0.743307906653937	IW	IW	Within IW	Dispersal limitation
S61	S22	3.68494589111217	1	0.849234111424556	CW	IW	Between groups	Heterogeneous selection
S62	S22	-0.835335296706118	1	0.857504134898801	CW	IW	Between groups	Dispersal limitation
S63	S22	-0.874789724344366	1	0.845307928185201	CW	IW	Between groups	Dispersal limitation
S65	S22	-0.231617582245644	1	0.855789408117228	CW	IW	Between groups	Dispersal limitation
S85	S22	-0.537891728490066	1	0.857154598710068	CW	IW	Between groups	Dispersal limitation
S86	S22	0.813014106440471	1	0.808357579721747	CW	IW	Between groups	Dispersal limitation
S87	S22	5.63043219233168	1	0.863963439718874	CW	IW	Between groups	Heterogeneous selection
S88	S22	-0.298912276441444	1	0.84313049551604	CW	IW	Between groups	Dispersal limitation
S89	S22	2.21661911331606	1	0.881000426860196	CW	IW	Between groups	Heterogeneous selection
S112	S22	-0.19816868984996	1	0.862250947265614	CW	IW	Between groups	Dispersal limitation
S113	S22	-1.10205151526128	1	0.918718388742768	CW	IW	Between groups	Dispersal limitation
S114	S22	4.61779380465696	1	0.909841490913913	CW	IW	Between groups	Heterogeneous selection
S161	S22	4.79167242341185	1	0.890876528917136	CW	IW	Between groups	Heterogeneous selection
S162	S22	4.27777142815463	1	0.872294510788127	CW	IW	Between groups	Heterogeneous selection
S164	S22	4.1975841560301	1	0.877138771180987	CW	IW	Between groups	Heterogeneous selection
S165	S22	6.4733447352763	1	0.859977160837023	CW	IW	Between groups	Heterogeneous selection
S166	S22	3.63289576950017	1	0.872621798001405	CW	IW	Between groups	Heterogeneous selection
S167	S22	-0.536139889038816	1	0.833859199271954	CW	IW	Between groups	Dispersal limitation
S168	S22	4.8558533202381	1	0.858829448473047	CW	IW	Between groups	Heterogeneous selection
S169	S22	0.787236292526114	1	0.832845491673879	CW	IW	Between groups	Dispersal limitation
S170	S22	0.804191117870959	1	0.887371709600379	CW	IW	Between groups	Dispersal limitation
S171	S22	3.70629301028238	1	0.893329750054172	CW	IW	Between groups	Heterogeneous selection
S172	S22	-0.0452204201190551	1	0.888396084517947	CW	IW	Between groups	Dispersal limitation
S173	S22	4.64944151505009	1	0.878950336598393	CW	IW	Between groups	Heterogeneous selection
S174	S22	4.96772033662466	1	0.89008443163412	CW	IW	Between groups	Heterogeneous selection
S175	S22	1.1232571403955	1	0.892806270701704	CW	IW	Between groups	Dispersal limitation
S176	S22	3.11163393744815	1	0.877291245069798	CW	IW	Between groups	Heterogeneous selection
S177	S22	4.01719788475785	1	0.88140200216516	CW	IW	Between groups	Heterogeneous selection
S179	S22	3.32858039649915	1	0.826557616705191	CW	IW	Between groups	Heterogeneous selection
S182	S22	-0.0773153658044162	1	0.81416626720323	CW	IW	Between groups	Dispersal limitation
S187	S22	4.86336268754335	1	0.88991195904113	TW	IW	Between groups	Heterogeneous selection
S188	S22	2.92059206543146	1	0.887343511344973	TW	IW	Between groups	Heterogeneous selection
S191	S22	4.07731389333259	1	0.883096051322729	TW	IW	Between groups	Heterogeneous selection
S194	S22	4.60816299944717	1	0.915172958647414	TW	IW	Between groups	Heterogeneous selection
S196	S22	0.308472784879614	1	0.889821677278155	TW	IW	Between groups	Dispersal limitation
S197	S22	6.92427676944493	1	0.782235512175601	TW	IW	Between groups	Heterogeneous selection
S198	S22	6.628813505201	1	0.786257375965014	TW	IW	Between groups	Heterogeneous selection
S201	S22	5.9934923804574	1	0.813273948847003	TW	IW	Between groups	Heterogeneous selection
S202	S22	-0.344616284885225	1	0.875913553506935	TW	IW	Between groups	Dispersal limitation
S203	S22	3.21090098261325	1	0.893491718860439	TW	IW	Between groups	Heterogeneous selection
S204	S22	4.57321067430017	1	0.852888146360068	TW	IW	Between groups	Heterogeneous selection
S205	S22	7.51236595832621	1	0.864530734847502	TW	IW	Between groups	Heterogeneous selection
S206	S22	1.44862315157298	1	0.857372444744282	TW	IW	Between groups	Dispersal limitation
S207	S22	7.30096513191327	1	0.850442918673511	TW	IW	Between groups	Heterogeneous selection
S208	S22	5.92892779693033	1	0.862437687139268	TW	IW	Between groups	Heterogeneous selection
S209	S22	4.79683618958951	1	0.846899678976159	TW	IW	Between groups	Heterogeneous selection
S210	S22	2.2415574750916	1	0.824018276263028	TW	IW	Between groups	Heterogeneous selection
S213	S22	8.99933785431131	1	0.789802781279466	TW	IW	Between groups	Heterogeneous selection
S214	S22	5.15267896438773	1	0.818813299050067	TW	IW	Between groups	Heterogeneous selection
S215	S22	5.025748128358	1	0.843052786214282	TW	IW	Between groups	Heterogeneous selection
S216	S22	6.01734326415331	1	0.870369700786497	TW	IW	Between groups	Heterogeneous selection
S217	S22	1.85166440628928	1	0.804641687784923	TW	IW	Between groups	Dispersal limitation
S218	S22	6.31608189635764	1	0.796331336781365	TW	IW	Between groups	Heterogeneous selection
S219	S22	6.13627888079056	1	0.835279724158366	TW	IW	Between groups	Heterogeneous selection
S220	S22	6.11529422006571	1	0.819136738710933	TW	IW	Between groups	Heterogeneous selection
S221	S22	7.93394515400687	1	0.83307177089907	TW	IW	Between groups	Heterogeneous selection
S222	S22	6.09771536111142	1	0.860992127390517	TW	IW	Between groups	Heterogeneous selection
S223	S22	1.11989992694536	1	0.887052397888535	TW	IW	Between groups	Dispersal limitation
S224	S22	2.0258326044573	1	0.80163561346522	TW	IW	Between groups	Heterogeneous selection
S225	S22	6.2839866357106	1	0.852867108139189	TW	IW	Between groups	Heterogeneous selection
S24	S23	-0.297550607882157	-1	0.298355057725824	IW	IW	Within IW	Homogenizing dispersal
S25	S23	-0.489899286551243	1	0.51192015619307	IW	IW	Within IW	Dispersal limitation
S26	S23	-0.799939421312205	1	0.7554232149775	IW	IW	Within IW	Dispersal limitation
S27	S23	-1.04603800307769	1	0.730507185849455	IW	IW	Within IW	Dispersal limitation
S28	S23	0.189520281433131	1	0.81025984402572	IW	IW	Within IW	Dispersal limitation
S30	S23	0.469189467636944	1	0.746732094114301	IW	IW	Within IW	Dispersal limitation
S34	S23	-0.176490572523187	1	0.646568148562155	IW	IW	Within IW	Dispersal limitation
S35	S23	-0.962380405728853	1	0.675562487345931	IW	IW	Within IW	Dispersal limitation
S36	S23	1.83067024736693	1	0.81369387292053	IW	IW	Within IW	Dispersal limitation
S37	S23	-0.504847604238703	1	0.718492995782547	IW	IW	Within IW	Dispersal limitation
S61	S23	2.249090245151	1	0.843094803783779	CW	IW	Between groups	Heterogeneous selection
S62	S23	-0.670610543777113	1	0.853745720807857	CW	IW	Between groups	Dispersal limitation
S63	S23	-0.364934301140951	1	0.846523022594722	CW	IW	Between groups	Dispersal limitation
S65	S23	-0.932001330480855	1	0.851737018422064	CW	IW	Between groups	Dispersal limitation
S85	S23	-0.598509918202311	1	0.859026106234122	CW	IW	Between groups	Dispersal limitation
S86	S23	-0.0746777230050705	1	0.80997795137899	CW	IW	Between groups	Dispersal limitation
S87	S23	6.16416252391022	1	0.861544604621011	CW	IW	Between groups	Heterogeneous selection
S88	S23	-0.198763632777161	1	0.840053567211341	CW	IW	Between groups	Dispersal limitation
S89	S23	0.593034477247447	1	0.88543366420863	CW	IW	Between groups	Dispersal limitation
S112	S23	-0.102539479347826	1	0.855662303746783	CW	IW	Between groups	Dispersal limitation
S113	S23	-0.634303245687922	1	0.914197159990294	CW	IW	Between groups	Dispersal limitation
S114	S23	3.11610503899836	1	0.903294656456018	CW	IW	Between groups	Heterogeneous selection
S161	S23	5.05980982222901	1	0.885640150400477	CW	IW	Between groups	Heterogeneous selection
S162	S23	5.12506709068289	1	0.869897675621817	CW	IW	Between groups	Heterogeneous selection
S164	S23	4.83591592081084	1	0.876945632648257	CW	IW	Between groups	Heterogeneous selection
S165	S23	6.96801838694619	1	0.859735660682372	CW	IW	Between groups	Heterogeneous selection
S166	S23	4.74157709836793	1	0.87453636259599	CW	IW	Between groups	Heterogeneous selection
S167	S23	-0.108356634341281	1	0.820253694158423	CW	IW	Between groups	Dispersal limitation
S168	S23	3.60723499796744	1	0.84389880790323	CW	IW	Between groups	Heterogeneous selection
S169	S23	1.86242426678906	1	0.823931439789223	CW	IW	Between groups	Dispersal limitation
S170	S23	1.32325871674068	1	0.885575499277159	CW	IW	Between groups	Dispersal limitation
S171	S23	3.92953760457033	1	0.890982128433737	CW	IW	Between groups	Heterogeneous selection
S172	S23	0.192204572829675	1	0.886290239969148	CW	IW	Between groups	Dispersal limitation
S173	S23	4.4349766223166	1	0.875623967785634	CW	IW	Between groups	Heterogeneous selection
S174	S23	5.16747360451144	1	0.890276441256233	CW	IW	Between groups	Heterogeneous selection
S175	S23	1.69665174198375	1	0.89188273211367	CW	IW	Between groups	Dispersal limitation
S176	S23	3.34345561318605	1	0.871839687324991	CW	IW	Between groups	Heterogeneous selection
S177	S23	3.80412507431962	1	0.881520201520495	CW	IW	Between groups	Heterogeneous selection
S179	S23	6.53158563549156	1	0.820322514798938	CW	IW	Between groups	Heterogeneous selection
S182	S23	0.899763140375011	1	0.805062623990473	CW	IW	Between groups	Dispersal limitation
S187	S23	6.24892480788842	1	0.889611526922731	TW	IW	Between groups	Heterogeneous selection
S188	S23	4.38991766638557	1	0.885402171509774	TW	IW	Between groups	Heterogeneous selection
S191	S23	5.39357682341393	1	0.885100996315073	TW	IW	Between groups	Heterogeneous selection
S194	S23	5.5800544351226	1	0.913835727015731	TW	IW	Between groups	Heterogeneous selection
S196	S23	0.905811971540331	1	0.888213884757822	TW	IW	Between groups	Dispersal limitation
S197	S23	7.57621466940898	1	0.791244117690455	TW	IW	Between groups	Heterogeneous selection
S198	S23	7.61866900549417	1	0.79498389147691	TW	IW	Between groups	Heterogeneous selection
S201	S23	5.94485123632982	1	0.820043869071412	TW	IW	Between groups	Heterogeneous selection
S202	S23	-0.602268505601626	1	0.879418233487911	TW	IW	Between groups	Dispersal limitation
S203	S23	3.95947244526901	1	0.894779349648959	TW	IW	Between groups	Heterogeneous selection
S204	S23	5.58795409342926	1	0.853429974762014	TW	IW	Between groups	Heterogeneous selection
S205	S23	6.61326924927225	1	0.859775122262758	TW	IW	Between groups	Heterogeneous selection
S206	S23	1.92928558007921	1	0.845306303701855	TW	IW	Between groups	Dispersal limitation
S207	S23	4.95827237126402	1	0.846065916121029	TW	IW	Between groups	Heterogeneous selection
S208	S23	7.38126037395928	1	0.862043171193556	TW	IW	Between groups	Heterogeneous selection
S209	S23	5.34332906451221	1	0.832952748483212	TW	IW	Between groups	Heterogeneous selection
S210	S23	1.20177978769609	1	0.823242894445949	TW	IW	Between groups	Dispersal limitation
S213	S23	8.88723212532323	1	0.789729035304534	TW	IW	Between groups	Heterogeneous selection
S214	S23	4.42124388208369	1	0.807106200936577	TW	IW	Between groups	Heterogeneous selection
S215	S23	6.06933493138698	1	0.837481973303453	TW	IW	Between groups	Heterogeneous selection
S216	S23	6.67168238102414	1	0.866640278350826	TW	IW	Between groups	Heterogeneous selection
S217	S23	1.73029787759528	1	0.81488638160005	TW	IW	Between groups	Dispersal limitation
S218	S23	6.78982647329384	1	0.7940066289241	TW	IW	Between groups	Heterogeneous selection
S219	S23	7.90455635098575	1	0.824714672515444	TW	IW	Between groups	Heterogeneous selection
S220	S23	6.30210907802927	1	0.81132662740783	TW	IW	Between groups	Heterogeneous selection
S221	S23	7.32486196975841	1	0.820589766088847	TW	IW	Between groups	Heterogeneous selection
S222	S23	3.3162096507122	1	0.857016989018159	TW	IW	Between groups	Heterogeneous selection
S223	S23	1.24776103499777	1	0.881285567070745	TW	IW	Between groups	Dispersal limitation
S224	S23	2.74776238527414	1	0.779045122819114	TW	IW	Between groups	Heterogeneous selection
S225	S23	6.27049537163449	1	0.846461143916586	TW	IW	Between groups	Heterogeneous selection
S25	S24	-0.773852092683692	1	0.544165360499674	IW	IW	Within IW	Dispersal limitation
S26	S24	-0.850946919875793	1	0.797446829962742	IW	IW	Within IW	Dispersal limitation
S27	S24	-1.15585493049949	1	0.776816739496617	IW	IW	Within IW	Dispersal limitation
S28	S24	1.17951567107677	1	0.837131291018148	IW	IW	Within IW	Dispersal limitation
S30	S24	1.97787056275191	1	0.776317266016183	IW	IW	Within IW	Heterogeneous selection
S34	S24	-0.216412254194371	1	0.697709337490374	IW	IW	Within IW	Dispersal limitation
S35	S24	-1.05135091748085	1	0.726946906847432	IW	IW	Within IW	Dispersal limitation
S36	S24	2.01150182218737	1	0.835680790192652	IW	IW	Within IW	Heterogeneous selection
S37	S24	-0.0184922999427287	1	0.763017769006458	IW	IW	Within IW	Dispersal limitation
S61	S24	3.56668335729167	1	0.863817514641337	CW	IW	Between groups	Heterogeneous selection
S62	S24	-0.41300444820018	1	0.87080253349719	CW	IW	Between groups	Dispersal limitation
S63	S24	0.521826707459901	1	0.86505718311885	CW	IW	Between groups	Dispersal limitation
S65	S24	0.969945613115852	1	0.870717789871048	CW	IW	Between groups	Dispersal limitation
S85	S24	0.726052335999833	1	0.874455425878025	CW	IW	Between groups	Dispersal limitation
S86	S24	0.48699653633057	1	0.822843565730903	CW	IW	Between groups	Dispersal limitation
S87	S24	3.99426390882195	1	0.878968572142249	CW	IW	Between groups	Heterogeneous selection
S88	S24	1.96400037769775	1	0.854208678099819	CW	IW	Between groups	Heterogeneous selection
S89	S24	0.0421403459381318	1	0.894132377541097	CW	IW	Between groups	Dispersal limitation
S112	S24	0.0994180579506542	1	0.868196068990877	CW	IW	Between groups	Dispersal limitation
S113	S24	-0.990868391462054	1	0.922930574775064	CW	IW	Between groups	Dispersal limitation
S114	S24	2.84231552993991	1	0.915074800357386	CW	IW	Between groups	Heterogeneous selection
S161	S24	4.72903820504593	1	0.898995623192445	CW	IW	Between groups	Heterogeneous selection
S162	S24	4.68100300529982	1	0.879610600324499	CW	IW	Between groups	Heterogeneous selection
S164	S24	4.22364893511691	1	0.885690446651984	CW	IW	Between groups	Heterogeneous selection
S165	S24	6.45846777490928	1	0.868924754691055	CW	IW	Between groups	Heterogeneous selection
S166	S24	4.39315212401853	1	0.877746818756148	CW	IW	Between groups	Heterogeneous selection
S167	S24	-0.0507464190862989	1	0.838286431302881	CW	IW	Between groups	Dispersal limitation
S168	S24	4.60045598943444	1	0.85982354001633	CW	IW	Between groups	Heterogeneous selection
S169	S24	2.39163128784916	1	0.837820262648607	CW	IW	Between groups	Heterogeneous selection
S170	S24	1.49081686129885	1	0.896813222419796	CW	IW	Between groups	Dispersal limitation
S171	S24	3.38350948746706	1	0.900548487434665	CW	IW	Between groups	Heterogeneous selection
S172	S24	0.742579169721067	1	0.900365511226773	CW	IW	Between groups	Dispersal limitation
S173	S24	3.59383955340358	1	0.888224901922082	CW	IW	Between groups	Heterogeneous selection
S174	S24	4.50697929177811	1	0.898746462088656	CW	IW	Between groups	Heterogeneous selection
S175	S24	1.50865211310429	1	0.900181889565222	CW	IW	Between groups	Dispersal limitation
S176	S24	3.82157053089275	1	0.88466758038148	CW	IW	Between groups	Heterogeneous selection
S177	S24	3.17568754828437	1	0.8896910718489	CW	IW	Between groups	Heterogeneous selection
S179	S24	5.46311098185051	1	0.8291290289173	CW	IW	Between groups	Heterogeneous selection
S182	S24	0.757467391263772	1	0.816291717919592	CW	IW	Between groups	Dispersal limitation
S187	S24	4.02164567347672	1	0.896785549095413	TW	IW	Between groups	Heterogeneous selection
S188	S24	3.19717396096233	1	0.892805884984663	TW	IW	Between groups	Heterogeneous selection
S191	S24	3.52134713895433	1	0.891745626522614	TW	IW	Between groups	Heterogeneous selection
S194	S24	4.9319183126197	1	0.923062705857183	TW	IW	Between groups	Heterogeneous selection
S196	S24	2.41731035846829	1	0.897232496973912	TW	IW	Between groups	Heterogeneous selection
S197	S24	5.20446293907117	1	0.807363998232683	TW	IW	Between groups	Heterogeneous selection
S198	S24	4.73063949893493	1	0.808967884477769	TW	IW	Between groups	Heterogeneous selection
S201	S24	4.01894484649744	1	0.828610625321278	TW	IW	Between groups	Heterogeneous selection
S202	S24	-0.656747585990622	1	0.886626465925274	TW	IW	Between groups	Dispersal limitation
S203	S24	3.10720342367633	1	0.90451385614525	TW	IW	Between groups	Heterogeneous selection
S204	S24	4.49592998719586	1	0.861245350635979	TW	IW	Between groups	Heterogeneous selection
S205	S24	5.84685600237306	1	0.871306369806436	TW	IW	Between groups	Heterogeneous selection
S206	S24	2.27277622485099	1	0.864090623874865	TW	IW	Between groups	Heterogeneous selection
S207	S24	4.88656748068055	1	0.858375222256993	TW	IW	Between groups	Heterogeneous selection
S208	S24	5.77008279608652	1	0.874215571519045	TW	IW	Between groups	Heterogeneous selection
S209	S24	5.63262322288031	1	0.855343032621787	TW	IW	Between groups	Heterogeneous selection
S210	S24	2.63494630031315	1	0.837640186842834	TW	IW	Between groups	Heterogeneous selection
S213	S24	6.74657581121757	1	0.812692858581495	TW	IW	Between groups	Heterogeneous selection
S214	S24	2.63805171709417	1	0.809435981961672	TW	IW	Between groups	Heterogeneous selection
S215	S24	4.08294102925997	1	0.848320115793072	TW	IW	Between groups	Heterogeneous selection
S216	S24	4.82012358615365	1	0.877490440980924	TW	IW	Between groups	Heterogeneous selection
S217	S24	1.55826598620256	1	0.823470689975343	TW	IW	Between groups	Dispersal limitation
S218	S24	4.98004078542478	1	0.813484281880479	TW	IW	Between groups	Heterogeneous selection
S219	S24	6.19924789264748	1	0.84241894568069	TW	IW	Between groups	Heterogeneous selection
S220	S24	5.30774223076054	1	0.831275256064806	TW	IW	Between groups	Heterogeneous selection
S221	S24	6.47878944246333	1	0.844683865100307	TW	IW	Between groups	Heterogeneous selection
S222	S24	3.16105180275553	1	0.870598305295392	TW	IW	Between groups	Heterogeneous selection
S223	S24	2.68486663015602	1	0.901965275659464	TW	IW	Between groups	Heterogeneous selection
S224	S24	2.99007872437912	1	0.803127157285635	TW	IW	Between groups	Heterogeneous selection
S225	S24	5.4675561447944	1	0.853279278108459	TW	IW	Between groups	Heterogeneous selection
S26	S25	-0.865416689621383	1	0.803086394054942	IW	IW	Within IW	Dispersal limitation
S27	S25	-1.01071633431338	1	0.795706979234706	IW	IW	Within IW	Dispersal limitation
S28	S25	0.599752316457683	1	0.851442522942414	IW	IW	Within IW	Dispersal limitation
S30	S25	0.459910982088061	1	0.803482196339761	IW	IW	Within IW	Dispersal limitation
S34	S25	0.299765377458305	1	0.735797657199663	IW	IW	Within IW	Dispersal limitation
S35	S25	-0.959766800599473	1	0.762242156595453	IW	IW	Within IW	Dispersal limitation
S36	S25	1.43351912421972	1	0.853943945610946	IW	IW	Within IW	Dispersal limitation
S37	S25	0.474145758161729	1	0.786238372757767	IW	IW	Within IW	Dispersal limitation
S61	S25	0.653495984967737	1	0.876920026896576	CW	IW	Between groups	Dispersal limitation
S62	S25	-0.970470206125705	1	0.882585473726431	CW	IW	Between groups	Dispersal limitation
S63	S25	-0.481636388286673	1	0.87825949119264	CW	IW	Between groups	Dispersal limitation
S65	S25	-0.79201969703354	1	0.882676415193649	CW	IW	Between groups	Dispersal limitation
S85	S25	-0.747629656543364	1	0.88417274118571	CW	IW	Between groups	Dispersal limitation
S86	S25	0.204070316258151	1	0.847499261457755	CW	IW	Between groups	Dispersal limitation
S87	S25	0.862110444025591	1	0.894922742570904	CW	IW	Between groups	Dispersal limitation
S88	S25	-0.413480429898346	1	0.873900017171419	CW	IW	Between groups	Dispersal limitation
S89	S25	-0.15869291998598	1	0.905369414476939	CW	IW	Between groups	Dispersal limitation
S112	S25	1.99725283105524	1	0.882786675010823	CW	IW	Between groups	Heterogeneous selection
S113	S25	-0.845172251171737	1	0.924182891773083	CW	IW	Between groups	Dispersal limitation
S114	S25	1.03954484288533	1	0.917997023395583	CW	IW	Between groups	Dispersal limitation
S161	S25	3.11993847388826	1	0.906491235598021	CW	IW	Between groups	Heterogeneous selection
S162	S25	3.41465645713899	1	0.891813155378758	CW	IW	Between groups	Heterogeneous selection
S164	S25	2.39477587477004	1	0.900547752192294	CW	IW	Between groups	Heterogeneous selection
S165	S25	3.53845758500289	1	0.881503367685328	CW	IW	Between groups	Heterogeneous selection
S166	S25	2.24982075334133	1	0.890853571878142	CW	IW	Between groups	Heterogeneous selection
S167	S25	-0.655339591902557	1	0.860660858803466	CW	IW	Between groups	Dispersal limitation
S168	S25	4.1528255672552	1	0.871657198324184	CW	IW	Between groups	Heterogeneous selection
S169	S25	0.78480143855901	1	0.859963237127514	CW	IW	Between groups	Dispersal limitation
S170	S25	0.743886244589638	1	0.905855136243223	CW	IW	Between groups	Dispersal limitation
S171	S25	3.21843066807621	1	0.907698474754835	CW	IW	Between groups	Heterogeneous selection
S172	S25	0.648596600312994	1	0.907933725044588	CW	IW	Between groups	Dispersal limitation
S173	S25	2.07106673322554	1	0.897173687555555	CW	IW	Between groups	Heterogeneous selection
S174	S25	2.51356731997302	1	0.90612803780268	CW	IW	Between groups	Heterogeneous selection
S175	S25	2.44942341196519	1	0.911797021994243	CW	IW	Between groups	Heterogeneous selection
S176	S25	3.8385091919236	1	0.895802958653666	CW	IW	Between groups	Heterogeneous selection
S177	S25	2.83461222233064	1	0.903929954033986	CW	IW	Between groups	Heterogeneous selection
S179	S25	2.37393818696298	1	0.845142005369005	CW	IW	Between groups	Heterogeneous selection
S182	S25	1.96295229740919	1	0.834478257318238	CW	IW	Between groups	Heterogeneous selection
S187	S25	5.329270970402	1	0.910024261859406	TW	IW	Between groups	Heterogeneous selection
S188	S25	3.29706515418903	1	0.90894071561214	TW	IW	Between groups	Heterogeneous selection
S191	S25	2.28848043140396	1	0.911092095086489	TW	IW	Between groups	Heterogeneous selection
S194	S25	3.58559338157678	1	0.930320596581324	TW	IW	Between groups	Heterogeneous selection
S196	S25	3.04104761434947	1	0.904838967665125	TW	IW	Between groups	Heterogeneous selection
S197	S25	4.18282396094111	1	0.823623819425376	TW	IW	Between groups	Heterogeneous selection
S198	S25	3.92530165155211	1	0.825550920285747	TW	IW	Between groups	Heterogeneous selection
S201	S25	3.99878909840732	1	0.844336707285526	TW	IW	Between groups	Heterogeneous selection
S202	S25	0.0492094227410742	1	0.900733770016062	TW	IW	Between groups	Dispersal limitation
S203	S25	2.65229872584747	1	0.915573785546593	TW	IW	Between groups	Heterogeneous selection
S204	S25	1.73903057285848	1	0.880693879818581	TW	IW	Between groups	Dispersal limitation
S205	S25	3.90381577191204	1	0.882667884699247	TW	IW	Between groups	Heterogeneous selection
S206	S25	3.56298017982171	1	0.874875119615899	TW	IW	Between groups	Heterogeneous selection
S207	S25	4.17733048221789	1	0.871986593714611	TW	IW	Between groups	Heterogeneous selection
S208	S25	2.60978168959234	1	0.888037183500665	TW	IW	Between groups	Heterogeneous selection
S209	S25	4.19146180853436	1	0.859225931891239	TW	IW	Between groups	Heterogeneous selection
S210	S25	3.49573220939391	1	0.850945925033556	TW	IW	Between groups	Heterogeneous selection
S213	S25	5.24171420944116	1	0.825731468125566	TW	IW	Between groups	Heterogeneous selection
S214	S25	1.88852218315446	1	0.832072213174525	TW	IW	Between groups	Dispersal limitation
S215	S25	1.3130190963917	1	0.868514256047035	TW	IW	Between groups	Dispersal limitation
S216	S25	3.49489500652343	1	0.890858364724343	TW	IW	Between groups	Heterogeneous selection
S217	S25	1.70385662695843	1	0.839615908809994	TW	IW	Between groups	Dispersal limitation
S218	S25	0.958165708133675	1	0.831779734451265	TW	IW	Between groups	Dispersal limitation
S219	S25	1.68187096163592	1	0.855115480324276	TW	IW	Between groups	Dispersal limitation
S220	S25	3.18561230835404	1	0.845058739688709	TW	IW	Between groups	Heterogeneous selection
S221	S25	4.63820909612752	1	0.857285719293949	TW	IW	Between groups	Heterogeneous selection
S222	S25	5.5467823761849	1	0.87991292940108	TW	IW	Between groups	Heterogeneous selection
S223	S25	1.002336674748	1	0.906855461573276	TW	IW	Between groups	Dispersal limitation
S224	S25	2.57277904945881	1	0.831839357617226	TW	IW	Between groups	Heterogeneous selection
S225	S25	4.03893048947578	1	0.871110368597131	TW	IW	Between groups	Heterogeneous selection
S27	S26	1.05412849250502	1	0.352920537355619	IW	IW	Within IW	Dispersal limitation
S28	S26	1.18390334110086	1	0.730957007702553	IW	IW	Within IW	Dispersal limitation
S30	S26	2.43430526016039	1	0.540676009254838	IW	IW	Within IW	Heterogeneous selection
S34	S26	0.472753030886868	1	0.581409905475544	IW	IW	Within IW	Dispersal limitation
S35	S26	0.34710513195333	1	0.550287697206139	IW	IW	Within IW	Dispersal limitation
S36	S26	-0.493031971292686	1	0.765892580846285	IW	IW	Within IW	Dispersal limitation
S37	S26	-0.498373724780677	1	0.475044732754697	IW	IW	Within IW	Dispersal limitation
S61	S26	-0.389823172643631	1	0.824768294051401	CW	IW	Between groups	Dispersal limitation
S62	S26	-0.794851570981918	1	0.828106822339468	CW	IW	Between groups	Dispersal limitation
S63	S26	-0.439943343927918	1	0.819485459574686	CW	IW	Between groups	Dispersal limitation
S65	S26	-0.535476038574614	1	0.838442414175033	CW	IW	Between groups	Dispersal limitation
S85	S26	-0.186264560426715	1	0.854068658481725	CW	IW	Between groups	Dispersal limitation
S86	S26	1.80099599084598	1	0.801705323856802	CW	IW	Between groups	Dispersal limitation
S87	S26	-0.766991933575966	1	0.868563697699686	CW	IW	Between groups	Dispersal limitation
S88	S26	0.741510786231273	1	0.834240815182508	CW	IW	Between groups	Dispersal limitation
S89	S26	3.09641511972454	1	0.884680719970823	CW	IW	Between groups	Heterogeneous selection
S112	S26	-0.0941997881358211	1	0.854636550576791	CW	IW	Between groups	Dispersal limitation
S113	S26	0.448288581658455	1	0.896686184037823	CW	IW	Between groups	Dispersal limitation
S114	S26	-0.698495819540244	1	0.886348032012908	CW	IW	Between groups	Dispersal limitation
S161	S26	0.321121801306655	1	0.870504882798045	CW	IW	Between groups	Dispersal limitation
S162	S26	-0.12733732336941	1	0.853313568880578	CW	IW	Between groups	Dispersal limitation
S164	S26	0.596968599196647	1	0.862996808226449	CW	IW	Between groups	Dispersal limitation
S165	S26	1.86639190031076	1	0.836465976279393	CW	IW	Between groups	Dispersal limitation
S166	S26	0.347086413426725	1	0.857604516210057	CW	IW	Between groups	Dispersal limitation
S167	S26	0.511267548632963	1	0.753827574714231	CW	IW	Between groups	Dispersal limitation
S168	S26	1.3251961967075	1	0.800158758553052	CW	IW	Between groups	Dispersal limitation
S169	S26	1.30936115810621	1	0.773753782277592	CW	IW	Between groups	Dispersal limitation
S170	S26	0.538173113906351	1	0.871006761225193	CW	IW	Between groups	Dispersal limitation
S171	S26	0.0731542811517579	1	0.870613443265671	CW	IW	Between groups	Dispersal limitation
S172	S26	0.260811276283219	1	0.876300720524577	CW	IW	Between groups	Dispersal limitation
S173	S26	1.23201028981925	1	0.861050561646569	CW	IW	Between groups	Dispersal limitation
S174	S26	0.240568486550574	1	0.875105787644825	CW	IW	Between groups	Dispersal limitation
S175	S26	1.2247819431575	1	0.877049653481798	CW	IW	Between groups	Dispersal limitation
S176	S26	2.55928599967686	1	0.865558628627169	CW	IW	Between groups	Heterogeneous selection
S177	S26	1.75020132129243	1	0.862928409351789	CW	IW	Between groups	Dispersal limitation
S179	S26	0.0883409449888964	1	0.796889109913397	CW	IW	Between groups	Dispersal limitation
S182	S26	-0.190800629141648	1	0.791498508186262	CW	IW	Between groups	Dispersal limitation
S187	S26	0.333161861734093	1	0.852553039021835	TW	IW	Between groups	Dispersal limitation
S188	S26	0.366023294252857	1	0.860029691756315	TW	IW	Between groups	Dispersal limitation
S191	S26	0.257598514296958	1	0.858730802859855	TW	IW	Between groups	Dispersal limitation
S194	S26	0.306603846670145	1	0.86682641277913	TW	IW	Between groups	Dispersal limitation
S196	S26	0.907785920099939	1	0.835798169288773	TW	IW	Between groups	Dispersal limitation
S197	S26	1.8536766696568	1	0.597965889895303	TW	IW	Between groups	Dispersal limitation
S198	S26	2.00550087263065	1	0.597233415140109	TW	IW	Between groups	Heterogeneous selection
S201	S26	0.632642009427403	1	0.716519413618057	TW	IW	Between groups	Dispersal limitation
S202	S26	-0.229710462970596	1	0.849885116376224	TW	IW	Between groups	Dispersal limitation
S203	S26	0.962198164010435	1	0.868671129864667	TW	IW	Between groups	Dispersal limitation
S204	S26	0.0451075331400706	1	0.792599345003167	TW	IW	Between groups	Dispersal limitation
S205	S26	2.75561570439649	1	0.791733149210447	TW	IW	Between groups	Heterogeneous selection
S206	S26	2.32470149231954	1	0.747582491598591	TW	IW	Between groups	Heterogeneous selection
S207	S26	0.10453814196025	1	0.770927283171509	TW	IW	Between groups	Dispersal limitation
S208	S26	0.163055360186592	1	0.806089150372726	TW	IW	Between groups	Dispersal limitation
S209	S26	-0.0904590313000777	1	0.713499605860957	TW	IW	Between groups	Dispersal limitation
S210	S26	1.13575268628812	1	0.723617796816686	TW	IW	Between groups	Dispersal limitation
S213	S26	1.87954561207779	1	0.616186259504267	TW	IW	Between groups	Dispersal limitation
S214	S26	1.79144366412574	1	0.757628847252977	TW	IW	Between groups	Dispersal limitation
S215	S26	0.715072130318687	1	0.711338879355853	TW	IW	Between groups	Dispersal limitation
S216	S26	1.03018349620519	1	0.760423207535362	TW	IW	Between groups	Dispersal limitation
S217	S26	1.7745181135347	1	0.618920814882015	TW	IW	Between groups	Dispersal limitation
S218	S26	1.92010890145275	1	0.673637631582294	TW	IW	Between groups	Dispersal limitation
S219	S26	1.73058548646241	1	0.666682132307366	TW	IW	Between groups	Dispersal limitation
S220	S26	0.791599024164046	1	0.697884088476402	TW	IW	Between groups	Dispersal limitation
S221	S26	1.34916722485401	1	0.727500921436487	TW	IW	Between groups	Dispersal limitation
S222	S26	0.442952965415811	1	0.767611024975172	TW	IW	Between groups	Dispersal limitation
S223	S26	1.0389513670243	1	0.807405432042635	TW	IW	Between groups	Dispersal limitation
S224	S26	1.64769716290717	1	0.663499880324988	TW	IW	Between groups	Dispersal limitation
S225	S26	1.28172493757169	1	0.77759688138763	TW	IW	Between groups	Dispersal limitation
S28	S27	-0.289143025441321	1	0.716273164764001	IW	IW	Within IW	Dispersal limitation
S30	S27	1.1944484041855	1	0.580425534188461	IW	IW	Within IW	Dispersal limitation
S34	S27	-0.347113003124118	1	0.568451636725347	IW	IW	Within IW	Dispersal limitation
S35	S27	0.9394633523372	1	0.507650188800233	IW	IW	Within IW	Dispersal limitation
S36	S27	-0.426040803143917	1	0.73846198611921	IW	IW	Within IW	Dispersal limitation
S37	S27	-1.23167939580583	1	0.430196801767715	IW	IW	Within IW	Dispersal limitation
S61	S27	-0.0266747943634414	1	0.799995658195807	CW	IW	Between groups	Dispersal limitation
S62	S27	-0.812993573897441	1	0.813093928576613	CW	IW	Between groups	Dispersal limitation
S63	S27	-0.80209973340252	1	0.798912944222559	CW	IW	Between groups	Dispersal limitation
S65	S27	-0.116786876164666	1	0.818241066487646	CW	IW	Between groups	Dispersal limitation
S85	S27	-1.02068345254967	1	0.835235987051379	CW	IW	Between groups	Dispersal limitation
S86	S27	-1.06353166575381	1	0.774638953053549	CW	IW	Between groups	Dispersal limitation
S87	S27	-0.673523637520228	1	0.844455914370183	CW	IW	Between groups	Dispersal limitation
S88	S27	-0.567274520251818	1	0.813906522294673	CW	IW	Between groups	Dispersal limitation
S89	S27	-0.340725071091709	1	0.867566471366148	CW	IW	Between groups	Dispersal limitation
S112	S27	-0.159035176237268	1	0.838590568707793	CW	IW	Between groups	Dispersal limitation
S113	S27	-0.857835448248141	1	0.881571689557467	CW	IW	Between groups	Dispersal limitation
S114	S27	-0.865410814295912	1	0.880567821748802	CW	IW	Between groups	Dispersal limitation
S161	S27	-0.0217488736403651	1	0.868323473240781	CW	IW	Between groups	Dispersal limitation
S162	S27	0.114659218385122	1	0.847583470003442	CW	IW	Between groups	Dispersal limitation
S164	S27	0.764492036537773	1	0.858154412478093	CW	IW	Between groups	Dispersal limitation
S165	S27	2.08563515033281	1	0.825418743376383	CW	IW	Between groups	Heterogeneous selection
S166	S27	0.737205136241338	1	0.851911379284046	CW	IW	Between groups	Dispersal limitation
S167	S27	0.345636890125831	1	0.755250838536096	CW	IW	Between groups	Dispersal limitation
S168	S27	-0.177353062581138	1	0.7994669784973	CW	IW	Between groups	Dispersal limitation
S169	S27	1.2938881736222	1	0.78144561417953	CW	IW	Between groups	Dispersal limitation
S170	S27	0.604007152512565	1	0.869225453983575	CW	IW	Between groups	Dispersal limitation
S171	S27	0.13645008026785	1	0.868296259561727	CW	IW	Between groups	Dispersal limitation
S172	S27	0.223172177810661	1	0.870215088653954	CW	IW	Between groups	Dispersal limitation
S173	S27	0.40644613984014	1	0.86029729139892	CW	IW	Between groups	Dispersal limitation
S174	S27	0.432312087328336	1	0.869076191049751	CW	IW	Between groups	Dispersal limitation
S175	S27	0.681756009005267	1	0.875967832219765	CW	IW	Between groups	Dispersal limitation
S176	S27	2.23576272723602	1	0.85614327163407	CW	IW	Between groups	Heterogeneous selection
S177	S27	0.895258573260517	1	0.850937956736709	CW	IW	Between groups	Dispersal limitation
S179	S27	0.911771737864528	1	0.79121901695456	CW	IW	Between groups	Dispersal limitation
S182	S27	-0.0216613333470592	1	0.789562492094804	CW	IW	Between groups	Dispersal limitation
S187	S27	1.70977484792595	1	0.855089648912397	TW	IW	Between groups	Dispersal limitation
S188	S27	1.83565880817836	1	0.86335137272262	TW	IW	Between groups	Dispersal limitation
S191	S27	1.38685451673215	1	0.855063389821443	TW	IW	Between groups	Dispersal limitation
S194	S27	0.424192988859973	1	0.860298166130589	TW	IW	Between groups	Dispersal limitation
S196	S27	0.823041624773645	1	0.828962472003116	TW	IW	Between groups	Dispersal limitation
S197	S27	1.65119323598536	1	0.59475089334661	TW	IW	Between groups	Dispersal limitation
S198	S27	2.37680820247549	1	0.599630484475807	TW	IW	Between groups	Heterogeneous selection
S201	S27	0.516563686625693	1	0.711861021942407	TW	IW	Between groups	Dispersal limitation
S202	S27	-0.31119111673936	1	0.846316238684486	TW	IW	Between groups	Dispersal limitation
S203	S27	0.377430569044678	1	0.872700896313301	TW	IW	Between groups	Dispersal limitation
S204	S27	1.70107845535925	1	0.791999948467922	TW	IW	Between groups	Dispersal limitation
S205	S27	0.252687967569951	1	0.783601836206456	TW	IW	Between groups	Dispersal limitation
S206	S27	0.553156507347991	1	0.724714065802109	TW	IW	Between groups	Dispersal limitation
S207	S27	-0.0324251318150092	1	0.754553122998042	TW	IW	Between groups	Dispersal limitation
S208	S27	-0.403530278290228	1	0.804978769234396	TW	IW	Between groups	Dispersal limitation
S209	S27	2.10804331737344	1	0.746803545863487	TW	IW	Between groups	Heterogeneous selection
S210	S27	0.267940257309818	1	0.718197105141822	TW	IW	Between groups	Dispersal limitation
S213	S27	1.78597778845447	1	0.59720655195763	TW	IW	Between groups	Dispersal limitation
S214	S27	0.360726113584487	1	0.750632785755482	TW	IW	Between groups	Dispersal limitation
S215	S27	1.32621714591179	1	0.684118867317512	TW	IW	Between groups	Dispersal limitation
S216	S27	0.478472316221562	1	0.742140000593378	TW	IW	Between groups	Dispersal limitation
S217	S27	1.37356366943022	1	0.588297174428915	TW	IW	Between groups	Dispersal limitation
S218	S27	1.46596775582416	1	0.65008082921977	TW	IW	Between groups	Dispersal limitation
S219	S27	1.40168025576637	1	0.620377307235691	TW	IW	Between groups	Dispersal limitation
S220	S27	0.989425044781441	1	0.673950937810559	TW	IW	Between groups	Dispersal limitation
S221	S27	1.24728798477439	1	0.706199151904674	TW	IW	Between groups	Dispersal limitation
S222	S27	0.701657598040968	1	0.75145997504947	TW	IW	Between groups	Dispersal limitation
S223	S27	0.733297272275003	1	0.785649219389429	TW	IW	Between groups	Dispersal limitation
S224	S27	1.92588136121433	1	0.632733766236684	TW	IW	Between groups	Dispersal limitation
S225	S27	0.00599056530816174	1	0.76608224616189	TW	IW	Between groups	Dispersal limitation
S30	S28	-0.503579541596861	1	0.641664910174122	IW	IW	Within IW	Dispersal limitation
S34	S28	2.46729621743284	1	0.772589322402648	IW	IW	Within IW	Heterogeneous selection
S35	S28	-0.268784495763527	1	0.740993835149498	IW	IW	Within IW	Dispersal limitation
S36	S28	1.91315626751581	1	0.605564416215375	IW	IW	Within IW	Dispersal limitation
S37	S28	0.240822785370223	1	0.707382900262626	IW	IW	Within IW	Dispersal limitation
S61	S28	-0.205435020793282	1	0.736108342745776	CW	IW	Between groups	Dispersal limitation
S62	S28	-0.626470473392681	1	0.801765068152299	CW	IW	Between groups	Dispersal limitation
S63	S28	-0.377898426933747	1	0.808232730417027	CW	IW	Between groups	Dispersal limitation
S65	S28	0.0267889680958314	1	0.7950935918186	CW	IW	Between groups	Dispersal limitation
S85	S28	0.746416552926835	1	0.830403461460266	CW	IW	Between groups	Dispersal limitation
S86	S28	0.448518923906167	1	0.786821097068885	CW	IW	Between groups	Dispersal limitation
S87	S28	-0.1126606650487	1	0.826453137124084	CW	IW	Between groups	Dispersal limitation
S88	S28	1.05204569545029	1	0.816218969066556	CW	IW	Between groups	Dispersal limitation
S89	S28	-0.135337939926198	1	0.880129454095764	CW	IW	Between groups	Dispersal limitation
S112	S28	-0.538082811223219	1	0.828825559643251	CW	IW	Between groups	Dispersal limitation
S113	S28	-0.0437233671299773	1	0.887907284224613	CW	IW	Between groups	Dispersal limitation
S114	S28	1.92378448171367	1	0.870207393762306	CW	IW	Between groups	Dispersal limitation
S161	S28	0.507311777812463	1	0.873429404079946	CW	IW	Between groups	Dispersal limitation
S162	S28	-0.0738091562380717	1	0.863928122929895	CW	IW	Between groups	Dispersal limitation
S164	S28	0.352460616604458	1	0.869387842886864	CW	IW	Between groups	Dispersal limitation
S165	S28	0.967040051381513	1	0.849876525501615	CW	IW	Between groups	Dispersal limitation
S166	S28	0.329629884420965	1	0.860229057701541	CW	IW	Between groups	Dispersal limitation
S167	S28	0.306120389428564	1	0.809505253880736	CW	IW	Between groups	Dispersal limitation
S168	S28	-0.542410247024371	1	0.825814483378493	CW	IW	Between groups	Dispersal limitation
S169	S28	1.1216851756408	1	0.801086816091442	CW	IW	Between groups	Dispersal limitation
S170	S28	0.0393659804719245	1	0.877145968992697	CW	IW	Between groups	Dispersal limitation
S171	S28	0.798348833199277	1	0.868213812570795	CW	IW	Between groups	Dispersal limitation
S172	S28	-0.0780962618401626	1	0.876114874862122	CW	IW	Between groups	Dispersal limitation
S173	S28	0.574267794920998	1	0.872254536595778	CW	IW	Between groups	Dispersal limitation
S174	S28	0.334489764941228	1	0.87836437509942	CW	IW	Between groups	Dispersal limitation
S175	S28	0.327666821966283	1	0.883521392117777	CW	IW	Between groups	Dispersal limitation
S176	S28	1.07598895711456	1	0.870940973056278	CW	IW	Between groups	Dispersal limitation
S177	S28	0.81025157015183	1	0.873406270209672	CW	IW	Between groups	Dispersal limitation
S179	S28	0.477207345652812	1	0.83742967527428	CW	IW	Between groups	Dispersal limitation
S182	S28	0.423207737965828	1	0.829537772158014	CW	IW	Between groups	Dispersal limitation
S187	S28	1.05357653053281	1	0.867332358811135	TW	IW	Between groups	Dispersal limitation
S188	S28	1.04232532190883	1	0.872669772127561	TW	IW	Between groups	Dispersal limitation
S191	S28	0.747858532956605	1	0.873717169401246	TW	IW	Between groups	Dispersal limitation
S194	S28	0.531883641818404	1	0.79917474236413	TW	IW	Between groups	Dispersal limitation
S196	S28	0.555657873236035	1	0.763487357270993	TW	IW	Between groups	Dispersal limitation
S197	S28	4.08515432979605	1	0.779708666243214	TW	IW	Between groups	Heterogeneous selection
S198	S28	0.693299443331561	1	0.781227278474326	TW	IW	Between groups	Dispersal limitation
S201	S28	0.323089515098909	1	0.809577960691826	TW	IW	Between groups	Dispersal limitation
S202	S28	0.582589823938607	1	0.876917707474536	TW	IW	Between groups	Dispersal limitation
S203	S28	0.693550771328223	1	0.879589842749126	TW	IW	Between groups	Dispersal limitation
S204	S28	1.2110194524646	1	0.798681758286416	TW	IW	Between groups	Dispersal limitation
S205	S28	0.816292947932613	1	0.81195989503513	TW	IW	Between groups	Dispersal limitation
S206	S28	0.200849436693872	1	0.795241175273701	TW	IW	Between groups	Dispersal limitation
S207	S28	0.344402078272182	1	0.820932930600062	TW	IW	Between groups	Dispersal limitation
S208	S28	0.73775199650019	1	0.828867477378068	TW	IW	Between groups	Dispersal limitation
S209	S28	0.74656899212772	1	0.811250485713659	TW	IW	Between groups	Dispersal limitation
S210	S28	0.502026851093239	1	0.813744498608903	TW	IW	Between groups	Dispersal limitation
S213	S28	0.635425691435882	1	0.740212124018319	TW	IW	Between groups	Dispersal limitation
S214	S28	0.0900282955250717	1	0.814078956943215	TW	IW	Between groups	Dispersal limitation
S215	S28	0.754729971222066	1	0.823221448558647	TW	IW	Between groups	Dispersal limitation
S216	S28	0.533726337592441	1	0.834054108872802	TW	IW	Between groups	Dispersal limitation
S217	S28	1.20066243154416	1	0.819612865130737	TW	IW	Between groups	Dispersal limitation
S218	S28	1.25337333466271	1	0.787371987687873	TW	IW	Between groups	Dispersal limitation
S219	S28	0.731813566031002	1	0.798134049893858	TW	IW	Between groups	Dispersal limitation
S220	S28	0.702161568602362	1	0.801290755139167	TW	IW	Between groups	Dispersal limitation
S221	S28	1.15057121437717	1	0.81084862214023	TW	IW	Between groups	Dispersal limitation
S222	S28	0.159309916146332	1	0.838159068043336	TW	IW	Between groups	Dispersal limitation
S223	S28	0.764269673777593	1	0.861623682095256	TW	IW	Between groups	Dispersal limitation
S224	S28	3.02246649694587	1	0.786596146601884	TW	IW	Between groups	Heterogeneous selection
S225	S28	0.319952246869527	1	0.841973761475836	TW	IW	Between groups	Dispersal limitation
S34	S30	0.770211331707076	1	0.609107378830167	IW	IW	Within IW	Dispersal limitation
S35	S30	0.700446999999541	1	0.552870074069906	IW	IW	Within IW	Dispersal limitation
S36	S30	0.472180973813686	1	0.695678484779429	IW	IW	Within IW	Dispersal limitation
S37	S30	0.723902512256716	1	0.487498787807824	IW	IW	Within IW	Dispersal limitation
S61	S30	-0.0786984519738006	1	0.750609692678279	CW	IW	Between groups	Dispersal limitation
S62	S30	-0.559516633840271	1	0.75978085348165	CW	IW	Between groups	Dispersal limitation
S63	S30	-0.0874075615565841	1	0.726815312131693	CW	IW	Between groups	Dispersal limitation
S65	S30	-0.844466457485246	1	0.766100083283929	CW	IW	Between groups	Dispersal limitation
S85	S30	0.0467884854403802	1	0.787689138877792	CW	IW	Between groups	Dispersal limitation
S86	S30	0.796166239185072	1	0.69769147911229	CW	IW	Between groups	Dispersal limitation
S87	S30	-0.661544824385656	1	0.802875055443177	CW	IW	Between groups	Dispersal limitation
S88	S30	-0.241762143756206	1	0.759028352974681	CW	IW	Between groups	Dispersal limitation
S89	S30	2.00418592227273	1	0.843117437584146	CW	IW	Between groups	Heterogeneous selection
S112	S30	0.715870675387574	1	0.826265095807146	CW	IW	Between groups	Dispersal limitation
S113	S30	0.355103858363015	1	0.907785003644488	CW	IW	Between groups	Dispersal limitation
S114	S30	-0.15494263458836	1	0.891929518880856	CW	IW	Between groups	Dispersal limitation
S161	S30	0.779311244650894	1	0.849550930377348	CW	IW	Between groups	Dispersal limitation
S162	S30	0.681348688287243	1	0.823382331701491	CW	IW	Between groups	Dispersal limitation
S164	S30	0.134179228150876	1	0.83213983305786	CW	IW	Between groups	Dispersal limitation
S165	S30	0.691145633297721	1	0.804697055937272	CW	IW	Between groups	Dispersal limitation
S166	S30	-0.353469789655624	1	0.822087206638582	CW	IW	Between groups	Dispersal limitation
S167	S30	0.331487914200217	1	0.729767584706355	CW	IW	Between groups	Dispersal limitation
S168	S30	0.00795758321001023	1	0.771501300229963	CW	IW	Between groups	Dispersal limitation
S169	S30	0.638346083435909	1	0.743373212457557	CW	IW	Between groups	Dispersal limitation
S170	S30	0.718157181528038	1	0.842312591523039	CW	IW	Between groups	Dispersal limitation
S171	S30	-0.099676743067899	1	0.850848365987468	CW	IW	Between groups	Dispersal limitation
S172	S30	0.328003600065952	1	0.85321297530415	CW	IW	Between groups	Dispersal limitation
S173	S30	0.0176423287969777	1	0.83744711477367	CW	IW	Between groups	Dispersal limitation
S174	S30	-0.390369661613015	1	0.856619040490395	CW	IW	Between groups	Dispersal limitation
S175	S30	0.0323632904255029	1	0.851470970279856	CW	IW	Between groups	Dispersal limitation
S176	S30	0.954291379808281	1	0.837265948182017	CW	IW	Between groups	Dispersal limitation
S177	S30	0.249107691417056	1	0.840817144372916	CW	IW	Between groups	Dispersal limitation
S179	S30	0.105960967179703	1	0.745303259817204	CW	IW	Between groups	Dispersal limitation
S182	S30	-0.448730172837822	1	0.76166250981083	CW	IW	Between groups	Dispersal limitation
S187	S30	-0.476061497175126	1	0.826547880903932	TW	IW	Between groups	Dispersal limitation
S188	S30	-0.0476538071799506	1	0.83378586779314	TW	IW	Between groups	Dispersal limitation
S191	S30	-0.283440713809077	1	0.828269091850441	TW	IW	Between groups	Dispersal limitation
S194	S30	0.439794329167948	1	0.847152517543211	TW	IW	Between groups	Dispersal limitation
S196	S30	0.772783368402864	1	0.827634249323506	TW	IW	Between groups	Dispersal limitation
S197	S30	1.797864752137	1	0.662503575233756	TW	IW	Between groups	Dispersal limitation
S198	S30	1.33641362125895	1	0.666836154995842	TW	IW	Between groups	Dispersal limitation
S201	S30	0.260372633363059	1	0.737958931302847	TW	IW	Between groups	Dispersal limitation
S202	S30	-0.689980468177809	1	0.832353631982584	TW	IW	Between groups	Dispersal limitation
S203	S30	-0.220968678211392	1	0.838533128210306	TW	IW	Between groups	Dispersal limitation
S204	S30	1.15669733258223	1	0.726930932793177	TW	IW	Between groups	Dispersal limitation
S205	S30	1.05617626034968	1	0.778570420140132	TW	IW	Between groups	Dispersal limitation
S206	S30	1.80866931068461	1	0.764393597183489	TW	IW	Between groups	Dispersal limitation
S207	S30	0.73118786396916	1	0.767592097032928	TW	IW	Between groups	Dispersal limitation
S208	S30	0.659564567649822	1	0.804453792295128	TW	IW	Between groups	Dispersal limitation
S209	S30	0.315724723863689	1	0.76253739321679	TW	IW	Between groups	Dispersal limitation
S210	S30	1.62273614190913	1	0.741423324522525	TW	IW	Between groups	Dispersal limitation
S213	S30	2.70651218381241	1	0.665886031226314	TW	IW	Between groups	Heterogeneous selection
S214	S30	0.628925085518812	1	0.734036665127455	TW	IW	Between groups	Dispersal limitation
S215	S30	0.11421992676417	1	0.751197652567238	TW	IW	Between groups	Dispersal limitation
S216	S30	0.814811328913248	1	0.800318717805877	TW	IW	Between groups	Dispersal limitation
S217	S30	-0.0753866927598879	1	0.676408976392647	TW	IW	Between groups	Dispersal limitation
S218	S30	1.03513399229233	1	0.71275635783159	TW	IW	Between groups	Dispersal limitation
S219	S30	1.13186758587016	1	0.730003158283086	TW	IW	Between groups	Dispersal limitation
S220	S30	0.523756562100695	1	0.684569939562014	TW	IW	Between groups	Dispersal limitation
S221	S30	0.254198999635685	1	0.744186051991408	TW	IW	Between groups	Dispersal limitation
S222	S30	0.385406495611973	1	0.798806265163392	TW	IW	Between groups	Dispersal limitation
S223	S30	1.02533286763339	1	0.838415109899701	TW	IW	Between groups	Dispersal limitation
S224	S30	1.76469071984865	1	0.675651793642585	TW	IW	Between groups	Dispersal limitation
S225	S30	-0.278926684134022	1	0.726995344764796	TW	IW	Between groups	Dispersal limitation
S35	S34	0.997029558230852	-1	0.330107910010885	IW	IW	Within IW	Homogenizing dispersal
S36	S34	0.98129575824113	1	0.776073638154263	IW	IW	Within IW	Dispersal limitation
S37	S34	1.46402759544463	1	0.454730950521032	IW	IW	Within IW	Dispersal limitation
S61	S34	-0.313320885483854	1	0.855226433110291	CW	IW	Between groups	Dispersal limitation
S62	S34	-0.585822553800927	1	0.86327750365055	CW	IW	Between groups	Dispersal limitation
S63	S34	-1.29254090514966	1	0.84833748059786	CW	IW	Between groups	Dispersal limitation
S65	S34	-0.0977993112508177	1	0.866372785887357	CW	IW	Between groups	Dispersal limitation
S85	S34	-0.949929074332339	1	0.872972390134313	CW	IW	Between groups	Dispersal limitation
S86	S34	-0.847533714092051	1	0.816406200463969	CW	IW	Between groups	Dispersal limitation
S87	S34	-0.732607851762629	1	0.880187421421473	CW	IW	Between groups	Dispersal limitation
S88	S34	-0.0678138794204065	1	0.854513233132309	CW	IW	Between groups	Dispersal limitation
S89	S34	-0.458845464336227	1	0.898105347182755	CW	IW	Between groups	Dispersal limitation
S112	S34	-0.38404391433368	1	0.86145671953083	CW	IW	Between groups	Dispersal limitation
S113	S34	-0.930061044462119	1	0.906527893579504	CW	IW	Between groups	Dispersal limitation
S114	S34	-0.894200865042847	1	0.897215245601118	CW	IW	Between groups	Dispersal limitation
S161	S34	-0.428288136339309	1	0.888263046199487	CW	IW	Between groups	Dispersal limitation
S162	S34	0.074942906742128	1	0.867782082846054	CW	IW	Between groups	Dispersal limitation
S164	S34	1.31015127801894	1	0.875098122491608	CW	IW	Between groups	Dispersal limitation
S165	S34	0.801445261378931	1	0.850383708168555	CW	IW	Between groups	Dispersal limitation
S166	S34	0.733735749152383	1	0.871166875716157	CW	IW	Between groups	Dispersal limitation
S167	S34	0.93971878375013	1	0.791785523340741	CW	IW	Between groups	Dispersal limitation
S168	S34	-0.762645211571164	1	0.830819271602846	CW	IW	Between groups	Dispersal limitation
S169	S34	1.06896719884043	1	0.807820187644506	CW	IW	Between groups	Dispersal limitation
S170	S34	0.624381914263955	1	0.885717710448285	CW	IW	Between groups	Dispersal limitation
S171	S34	0.218410567593345	1	0.888761391397012	CW	IW	Between groups	Dispersal limitation
S172	S34	-0.60361715291643	1	0.889104035402282	CW	IW	Between groups	Dispersal limitation
S173	S34	0.322810372349723	1	0.87818689284878	CW	IW	Between groups	Dispersal limitation
S174	S34	0.372662710635971	1	0.891540929004266	CW	IW	Between groups	Dispersal limitation
S175	S34	0.847356490906594	1	0.891238616952971	CW	IW	Between groups	Dispersal limitation
S176	S34	2.07676247014512	1	0.877213504221688	CW	IW	Between groups	Heterogeneous selection
S177	S34	1.40727948473032	1	0.879226800234556	CW	IW	Between groups	Dispersal limitation
S179	S34	0.603744370368256	1	0.805653292745061	CW	IW	Between groups	Dispersal limitation
S182	S34	-0.614332667087346	1	0.801970674886489	CW	IW	Between groups	Dispersal limitation
S187	S34	0.932841728230377	1	0.890088610564847	TW	IW	Between groups	Dispersal limitation
S188	S34	0.54050135050612	1	0.894463650343792	TW	IW	Between groups	Dispersal limitation
S191	S34	0.459041938497548	1	0.895056756522902	TW	IW	Between groups	Dispersal limitation
S194	S34	0.78079127410847	1	0.884313881296156	TW	IW	Between groups	Dispersal limitation
S196	S34	0.604019757025872	1	0.868219400900707	TW	IW	Between groups	Dispersal limitation
S197	S34	3.28093789410946	1	0.642952391447335	TW	IW	Between groups	Heterogeneous selection
S198	S34	2.93781734938523	1	0.644073621992631	TW	IW	Between groups	Heterogeneous selection
S201	S34	1.1689939319924	1	0.750974047388138	TW	IW	Between groups	Dispersal limitation
S202	S34	-0.70878610809953	1	0.868789565892924	TW	IW	Between groups	Dispersal limitation
S203	S34	-0.497896402967545	1	0.894666351513584	TW	IW	Between groups	Dispersal limitation
S204	S34	1.33072460112536	1	0.832585104059302	TW	IW	Between groups	Dispersal limitation
S205	S34	0.314183820814788	1	0.833653467712843	TW	IW	Between groups	Dispersal limitation
S206	S34	0.278685726858498	1	0.792761173292099	TW	IW	Between groups	Dispersal limitation
S207	S34	-0.531919576851953	1	0.80426037010641	TW	IW	Between groups	Dispersal limitation
S208	S34	0.0569874713122456	1	0.850229481818349	TW	IW	Between groups	Dispersal limitation
S209	S34	2.69534986614416	1	0.800578336513166	TW	IW	Between groups	Heterogeneous selection
S210	S34	1.95947762749992	1	0.761728855441026	TW	IW	Between groups	Dispersal limitation
S213	S34	3.82555008423117	1	0.684672505389385	TW	IW	Between groups	Heterogeneous selection
S214	S34	0.654980735148953	1	0.796522219150286	TW	IW	Between groups	Dispersal limitation
S215	S34	0.392698333076451	1	0.76270065638547	TW	IW	Between groups	Dispersal limitation
S216	S34	-0.198572254896514	1	0.792144596688129	TW	IW	Between groups	Dispersal limitation
S217	S34	1.21971646333755	1	0.707609619684251	TW	IW	Between groups	Dispersal limitation
S218	S34	1.18466626173752	1	0.722167901888348	TW	IW	Between groups	Dispersal limitation
S219	S34	1.71722962834848	1	0.718509348229718	TW	IW	Between groups	Dispersal limitation
S220	S34	0.458462541954907	1	0.739555458887593	TW	IW	Between groups	Dispersal limitation
S221	S34	0.744353343849951	1	0.776837610650888	TW	IW	Between groups	Dispersal limitation
S222	S34	-0.0200636211222545	1	0.808127549427052	TW	IW	Between groups	Dispersal limitation
S223	S34	0.423759348284137	1	0.840059731730481	TW	IW	Between groups	Dispersal limitation
S224	S34	3.51913641391771	1	0.697665719601413	TW	IW	Between groups	Heterogeneous selection
S225	S34	-0.128017301746442	1	0.812996988915671	TW	IW	Between groups	Dispersal limitation
S36	S35	0.711639645410187	1	0.734428268898026	IW	IW	Within IW	Dispersal limitation
S37	S35	1.36367856311893	0.0730730730730731	0.406777365031231	IW	IW	Within IW	Undominated
S61	S35	1.2576795056758	1	0.827974885636048	CW	IW	Between groups	Dispersal limitation
S62	S35	1.15122430078772	1	0.842379994557067	CW	IW	Between groups	Dispersal limitation
S63	S35	0.323090026559397	1	0.818620925696221	CW	IW	Between groups	Dispersal limitation
S65	S35	0.989136042049302	1	0.844961247991013	CW	IW	Between groups	Dispersal limitation
S85	S35	1.53181593214299	1	0.854404901621024	CW	IW	Between groups	Dispersal limitation
S86	S35	2.79148273222966	1	0.789574268421162	CW	IW	Between groups	Heterogeneous selection
S87	S35	-0.162121245641197	1	0.860680845659742	CW	IW	Between groups	Dispersal limitation
S88	S35	2.36851499611895	1	0.835277734559459	CW	IW	Between groups	Heterogeneous selection
S89	S35	2.51903863142552	1	0.885955392107057	CW	IW	Between groups	Heterogeneous selection
S112	S35	0.0508729302142979	1	0.84799152179473	CW	IW	Between groups	Dispersal limitation
S113	S35	0.383951617627469	1	0.884136129213264	CW	IW	Between groups	Dispersal limitation
S114	S35	0.0700378329275926	1	0.886027917384537	CW	IW	Between groups	Dispersal limitation
S161	S35	-0.201829206157163	1	0.876978785742566	CW	IW	Between groups	Dispersal limitation
S162	S35	-0.0550048844458229	1	0.859281273375103	CW	IW	Between groups	Dispersal limitation
S164	S35	0.720852451804846	1	0.857560113978937	CW	IW	Between groups	Dispersal limitation
S165	S35	0.671958568954865	1	0.834447178397404	CW	IW	Between groups	Dispersal limitation
S166	S35	-0.0357870164489601	1	0.856253847115733	CW	IW	Between groups	Dispersal limitation
S167	S35	0.188422224432131	1	0.766215123295728	CW	IW	Between groups	Dispersal limitation
S168	S35	0.121397545174926	1	0.799550893600975	CW	IW	Between groups	Dispersal limitation
S169	S35	1.1737116154659	1	0.779514424273935	CW	IW	Between groups	Dispersal limitation
S170	S35	0.632904084688428	1	0.879460840054249	CW	IW	Between groups	Dispersal limitation
S171	S35	0.378105109942438	1	0.878617274326978	CW	IW	Between groups	Dispersal limitation
S172	S35	-0.312800314935772	1	0.87975305829419	CW	IW	Between groups	Dispersal limitation
S173	S35	0.343599342567836	1	0.869439458691746	CW	IW	Between groups	Dispersal limitation
S174	S35	-0.0072008565992554	1	0.882362436440765	CW	IW	Between groups	Dispersal limitation
S175	S35	0.695650543699834	1	0.882558625259476	CW	IW	Between groups	Dispersal limitation
S176	S35	2.46892388326845	1	0.852980112525196	CW	IW	Between groups	Heterogeneous selection
S177	S35	0.354562311946672	1	0.856987431668789	CW	IW	Between groups	Dispersal limitation
S179	S35	0.994031611133286	1	0.766348986869926	CW	IW	Between groups	Dispersal limitation
S182	S35	-0.466212625901867	1	0.772509962362014	CW	IW	Between groups	Dispersal limitation
S187	S35	1.21692651641937	1	0.877355746664427	TW	IW	Between groups	Dispersal limitation
S188	S35	1.18301993229797	1	0.876913329370407	TW	IW	Between groups	Dispersal limitation
S191	S35	0.855740717238254	1	0.875519890793101	TW	IW	Between groups	Dispersal limitation
S194	S35	2.36507326542368	1	0.868801760187814	TW	IW	Between groups	Heterogeneous selection
S196	S35	1.28860581643561	1	0.852244714904646	TW	IW	Between groups	Dispersal limitation
S197	S35	2.41201208975645	1	0.625643047032989	TW	IW	Between groups	Heterogeneous selection
S198	S35	1.70331695477865	1	0.636618114084925	TW	IW	Between groups	Dispersal limitation
S201	S35	1.30467803816767	1	0.733599984766464	TW	IW	Between groups	Dispersal limitation
S202	S35	0.36504359641917	1	0.842741145171826	TW	IW	Between groups	Dispersal limitation
S203	S35	-0.383149107047739	1	0.881215950666703	TW	IW	Between groups	Dispersal limitation
S204	S35	1.17644119890179	1	0.807705848557137	TW	IW	Between groups	Dispersal limitation
S205	S35	2.52133322835258	1	0.8129650745842	TW	IW	Between groups	Heterogeneous selection
S206	S35	0.479438128484339	1	0.756291339492421	TW	IW	Between groups	Dispersal limitation
S207	S35	0.0543271923382152	1	0.780271181037613	TW	IW	Between groups	Dispersal limitation
S208	S35	0.898646433774529	1	0.826661264671616	TW	IW	Between groups	Dispersal limitation
S209	S35	2.79124575298467	1	0.777276541643244	TW	IW	Between groups	Heterogeneous selection
S210	S35	0.962237298120312	1	0.736700146817031	TW	IW	Between groups	Dispersal limitation
S213	S35	3.30700568498406	1	0.657886157143361	TW	IW	Between groups	Heterogeneous selection
S214	S35	0.161171208091036	1	0.782919174876931	TW	IW	Between groups	Dispersal limitation
S215	S35	0.274362850736092	1	0.733684671195938	TW	IW	Between groups	Dispersal limitation
S216	S35	-0.201531659012381	1	0.762294536701211	TW	IW	Between groups	Dispersal limitation
S217	S35	0.340729816967509	1	0.690187033383621	TW	IW	Between groups	Dispersal limitation
S218	S35	0.987217971304984	1	0.655025164638542	TW	IW	Between groups	Dispersal limitation
S219	S35	0.614308133667152	1	0.655066001430369	TW	IW	Between groups	Dispersal limitation
S220	S35	0.287000394295756	1	0.672155850526953	TW	IW	Between groups	Dispersal limitation
S221	S35	0.196189229940691	1	0.707132346246887	TW	IW	Between groups	Dispersal limitation
S222	S35	-0.128054497620197	1	0.764679694930364	TW	IW	Between groups	Dispersal limitation
S223	S35	0.154322975607612	1	0.782596832874689	TW	IW	Between groups	Dispersal limitation
S224	S35	2.56820012211369	1	0.628107586891839	TW	IW	Between groups	Heterogeneous selection
S225	S35	-0.102920549758508	1	0.797431326698597	TW	IW	Between groups	Dispersal limitation
S37	S36	0.955194544132864	1	0.711812960006172	IW	IW	Within IW	Dispersal limitation
S61	S36	0.994443309679697	1	0.747783992933333	CW	IW	Between groups	Dispersal limitation
S62	S36	-0.84884342421845	1	0.800216713049012	CW	IW	Between groups	Dispersal limitation
S63	S36	-0.282547437490989	1	0.807077178187892	CW	IW	Between groups	Dispersal limitation
S65	S36	-0.46514463607949	1	0.764693100745649	CW	IW	Between groups	Dispersal limitation
S85	S36	1.84990077980416	1	0.837602530006678	CW	IW	Between groups	Dispersal limitation
S86	S36	1.65597883930653	1	0.77827786597969	CW	IW	Between groups	Dispersal limitation
S87	S36	1.36228974689901	1	0.818824877651577	CW	IW	Between groups	Dispersal limitation
S88	S36	2.61850596996637	1	0.82140112187867	CW	IW	Between groups	Heterogeneous selection
S89	S36	0.626380946358385	1	0.879375136713833	CW	IW	Between groups	Dispersal limitation
S112	S36	-0.107246890150213	1	0.834786593187249	CW	IW	Between groups	Dispersal limitation
S113	S36	-0.517208203958794	1	0.897438629403633	CW	IW	Between groups	Dispersal limitation
S114	S36	0.25057183262573	1	0.881779293084075	CW	IW	Between groups	Dispersal limitation
S161	S36	1.04712074114877	1	0.865924593940288	CW	IW	Between groups	Dispersal limitation
S162	S36	0.866597888517628	1	0.850468188537694	CW	IW	Between groups	Dispersal limitation
S164	S36	1.13279161631762	1	0.866659582951532	CW	IW	Between groups	Dispersal limitation
S165	S36	1.14177090484224	1	0.847092851845968	CW	IW	Between groups	Dispersal limitation
S166	S36	0.793057866110044	1	0.863509089329173	CW	IW	Between groups	Dispersal limitation
S167	S36	0.440333797436716	1	0.807986471019109	CW	IW	Between groups	Dispersal limitation
S168	S36	0.291198767497137	1	0.821958599060861	CW	IW	Between groups	Dispersal limitation
S169	S36	0.813240256794164	1	0.800309000757808	CW	IW	Between groups	Dispersal limitation
S170	S36	0.469247332161008	1	0.861963247272187	CW	IW	Between groups	Dispersal limitation
S171	S36	0.731318292270937	1	0.8589803365953	CW	IW	Between groups	Dispersal limitation
S172	S36	0.622288185287595	1	0.859751470309241	CW	IW	Between groups	Dispersal limitation
S173	S36	0.85968124765207	1	0.848507719545309	CW	IW	Between groups	Dispersal limitation
S174	S36	0.600602189550134	1	0.86902545297136	CW	IW	Between groups	Dispersal limitation
S175	S36	0.999798473109003	1	0.87702345806906	CW	IW	Between groups	Dispersal limitation
S176	S36	2.28343048741213	1	0.864665675920655	CW	IW	Between groups	Heterogeneous selection
S177	S36	0.982740834400389	1	0.853231615024618	CW	IW	Between groups	Dispersal limitation
S179	S36	0.812547891441874	1	0.830917061238328	CW	IW	Between groups	Dispersal limitation
S182	S36	0.276695503790015	1	0.827140299343029	CW	IW	Between groups	Dispersal limitation
S187	S36	0.838702899648691	1	0.875456417359029	TW	IW	Between groups	Dispersal limitation
S188	S36	0.365987157474581	1	0.878731444760362	TW	IW	Between groups	Dispersal limitation
S191	S36	0.884182135715755	1	0.878606864055797	TW	IW	Between groups	Dispersal limitation
S194	S36	1.43342034397865	1	0.721594054311131	TW	IW	Between groups	Dispersal limitation
S196	S36	1.59394449840275	1	0.73309796528173	TW	IW	Between groups	Dispersal limitation
S197	S36	1.8901902116014	1	0.786979892005161	TW	IW	Between groups	Dispersal limitation
S198	S36	2.04767690934584	1	0.798056102599572	TW	IW	Between groups	Heterogeneous selection
S201	S36	1.16274088563281	1	0.80564093588753	TW	IW	Between groups	Dispersal limitation
S202	S36	0.0262878184325779	1	0.871451745425729	TW	IW	Between groups	Dispersal limitation
S203	S36	0.531219010315304	1	0.881550798138922	TW	IW	Between groups	Dispersal limitation
S204	S36	1.35538007576963	1	0.812301285870047	TW	IW	Between groups	Dispersal limitation
S205	S36	2.40202537752688	1	0.824712198242096	TW	IW	Between groups	Heterogeneous selection
S206	S36	1.95370268743956	1	0.817611672515237	TW	IW	Between groups	Dispersal limitation
S207	S36	1.32736891406795	1	0.832652191044708	TW	IW	Between groups	Dispersal limitation
S208	S36	0.375376089588918	1	0.840124065286814	TW	IW	Between groups	Dispersal limitation
S209	S36	2.47985663219305	1	0.830095901667078	TW	IW	Between groups	Heterogeneous selection
S210	S36	1.55910910704421	1	0.81745128008258	TW	IW	Between groups	Dispersal limitation
S213	S36	1.60090086066944	1	0.764079163421444	TW	IW	Between groups	Dispersal limitation
S214	S36	1.0114491952766	1	0.822918946922933	TW	IW	Between groups	Dispersal limitation
S215	S36	1.03629447141543	1	0.837079039597353	TW	IW	Between groups	Dispersal limitation
S216	S36	1.63845579780736	1	0.850872736069876	TW	IW	Between groups	Dispersal limitation
S217	S36	1.7228878323522	1	0.822773817012651	TW	IW	Between groups	Dispersal limitation
S218	S36	1.40643718694021	1	0.787674043066753	TW	IW	Between groups	Dispersal limitation
S219	S36	1.11123132516822	1	0.815517943580312	TW	IW	Between groups	Dispersal limitation
S220	S36	1.19007495289584	1	0.808521541753134	TW	IW	Between groups	Dispersal limitation
S221	S36	1.6705772552063	1	0.819479178044915	TW	IW	Between groups	Dispersal limitation
S222	S36	0.514265685081409	1	0.851555675791308	TW	IW	Between groups	Dispersal limitation
S223	S36	1.66338120283579	1	0.872322781155272	TW	IW	Between groups	Dispersal limitation
S224	S36	1.64601375740422	1	0.799255637774732	TW	IW	Between groups	Dispersal limitation
S225	S36	0.312312606156814	1	0.845884011796333	TW	IW	Between groups	Dispersal limitation
S61	S37	0.457723210632475	1	0.794356797355195	CW	IW	Between groups	Dispersal limitation
S62	S37	0.536111021987277	1	0.806174038108647	CW	IW	Between groups	Dispersal limitation
S63	S37	-0.504078542712321	1	0.783435326518004	CW	IW	Between groups	Dispersal limitation
S65	S37	0.404093216895377	1	0.81341335778148	CW	IW	Between groups	Dispersal limitation
S85	S37	-0.602611832550781	1	0.834243904584941	CW	IW	Between groups	Dispersal limitation
S86	S37	1.35076839907554	1	0.764828415832196	CW	IW	Between groups	Dispersal limitation
S87	S37	-0.493820983083564	1	0.838786951337245	CW	IW	Between groups	Dispersal limitation
S88	S37	-0.0774854269176394	1	0.80820470457495	CW	IW	Between groups	Dispersal limitation
S89	S37	-0.10046868754064	1	0.869877229696468	CW	IW	Between groups	Dispersal limitation
S112	S37	0.230990724941831	1	0.82166810860111	CW	IW	Between groups	Dispersal limitation
S113	S37	0.618282222666875	1	0.885635826541042	CW	IW	Between groups	Dispersal limitation
S114	S37	-0.0597876058103134	1	0.870294756414469	CW	IW	Between groups	Dispersal limitation
S161	S37	-0.448685827730985	1	0.856629542022887	CW	IW	Between groups	Dispersal limitation
S162	S37	-0.611199811684649	1	0.834902338225327	CW	IW	Between groups	Dispersal limitation
S164	S37	0.0327587412829956	1	0.846611685367384	CW	IW	Between groups	Dispersal limitation
S165	S37	0.335847801698913	1	0.808090310386112	CW	IW	Between groups	Dispersal limitation
S166	S37	-0.488046477206902	1	0.83338025513148	CW	IW	Between groups	Dispersal limitation
S167	S37	-0.59176550986123	1	0.730438145507856	CW	IW	Between groups	Dispersal limitation
S168	S37	-0.473661331313921	1	0.765243176939737	CW	IW	Between groups	Dispersal limitation
S169	S37	1.21310967438477	1	0.764705097748597	CW	IW	Between groups	Dispersal limitation
S170	S37	0.360214125211863	1	0.861408349829806	CW	IW	Between groups	Dispersal limitation
S171	S37	-0.351251062521171	1	0.854325375831993	CW	IW	Between groups	Dispersal limitation
S172	S37	-0.590216065268278	1	0.85652938240584	CW	IW	Between groups	Dispersal limitation
S173	S37	-0.158125477911258	1	0.851892782393733	CW	IW	Between groups	Dispersal limitation
S174	S37	-0.399344850983734	1	0.86532570367913	CW	IW	Between groups	Dispersal limitation
S175	S37	0.0888766052158595	1	0.864924761154243	CW	IW	Between groups	Dispersal limitation
S176	S37	1.35066312001113	1	0.848717400444971	CW	IW	Between groups	Dispersal limitation
S177	S37	0.115797152991288	1	0.84173987832273	CW	IW	Between groups	Dispersal limitation
S179	S37	0.237670508571461	1	0.773203060777544	CW	IW	Between groups	Dispersal limitation
S182	S37	-0.667018937257709	1	0.766924766502954	CW	IW	Between groups	Dispersal limitation
S187	S37	0.990440961755315	1	0.848906782772364	TW	IW	Between groups	Dispersal limitation
S188	S37	1.05921376541289	1	0.852358407646146	TW	IW	Between groups	Dispersal limitation
S191	S37	0.490283992837594	1	0.851951541793696	TW	IW	Between groups	Dispersal limitation
S194	S37	0.403283545547198	1	0.846402310791267	TW	IW	Between groups	Dispersal limitation
S196	S37	0.718683961732241	1	0.813409921126476	TW	IW	Between groups	Dispersal limitation
S197	S37	2.75131965413884	1	0.515505223532926	TW	IW	Between groups	Heterogeneous selection
S198	S37	2.9614186402694	1	0.525586306081747	TW	IW	Between groups	Heterogeneous selection
S201	S37	2.22603241826581	1	0.675188661653346	TW	IW	Between groups	Heterogeneous selection
S202	S37	-0.00531348532359313	1	0.822427315950161	TW	IW	Between groups	Dispersal limitation
S203	S37	0.210314707936212	1	0.849387262921038	TW	IW	Between groups	Dispersal limitation
S204	S37	1.70685032794164	1	0.782105757712842	TW	IW	Between groups	Dispersal limitation
S205	S37	2.89011736842157	1	0.780081038620073	TW	IW	Between groups	Heterogeneous selection
S206	S37	0.548437510378306	1	0.718230361518721	TW	IW	Between groups	Dispersal limitation
S207	S37	1.01548266452764	1	0.745821449701486	TW	IW	Between groups	Dispersal limitation
S208	S37	0.589978707309669	1	0.801482274438688	TW	IW	Between groups	Dispersal limitation
S209	S37	1.16131202458101	1	0.723090486864483	TW	IW	Between groups	Dispersal limitation
S210	S37	0.603820085501065	1	0.687773852764742	TW	IW	Between groups	Dispersal limitation
S213	S37	2.40267503799891	1	0.543676996536739	TW	IW	Between groups	Heterogeneous selection
S214	S37	0.955683650657029	1	0.744083459355092	TW	IW	Between groups	Dispersal limitation
S215	S37	0.0826038596270274	1	0.662802271464563	TW	IW	Between groups	Dispersal limitation
S216	S37	-0.0713003868791955	1	0.720648154765944	TW	IW	Between groups	Dispersal limitation
S217	S37	0.0318178711870641	1	0.635705005302141	TW	IW	Between groups	Dispersal limitation
S218	S37	3.25883032134062	1	0.650397631883881	TW	IW	Between groups	Heterogeneous selection
S219	S37	0.304744157463007	1	0.607129913217017	TW	IW	Between groups	Dispersal limitation
S220	S37	0.103126777525194	1	0.657015404975816	TW	IW	Between groups	Dispersal limitation
S221	S37	0.289796025478659	1	0.689402727803013	TW	IW	Between groups	Dispersal limitation
S222	S37	-0.00474393174194467	1	0.744904627435507	TW	IW	Between groups	Dispersal limitation
S223	S37	-0.039231474775533	1	0.793867828219836	TW	IW	Between groups	Dispersal limitation
S224	S37	1.70604482956754	1	0.607631926352981	TW	IW	Between groups	Dispersal limitation
S225	S37	0.145260311450166	1	0.765503752956782	TW	IW	Between groups	Dispersal limitation
S62	S61	0.0279263990813292	0.941941941941942	0.336024786036819	CW	CW	Within CW	Undominated
S63	S61	-0.504579874949392	1	0.538898596781039	CW	CW	Within CW	Dispersal limitation
S65	S61	-0.555417876521348	1	0.436005592162096	CW	CW	Within CW	Dispersal limitation
S85	S61	-0.310089511760411	1	0.693519929378888	CW	CW	Within CW	Dispersal limitation
S86	S61	-0.00235323733324564	1	0.624375306222441	CW	CW	Within CW	Dispersal limitation
S87	S61	-1.31080959282298	1	0.703953325179061	CW	CW	Within CW	Dispersal limitation
S88	S61	-0.634399335139983	1	0.67037737910335	CW	CW	Within CW	Dispersal limitation
S89	S61	-0.545214549729955	1	0.821912718923866	CW	CW	Within CW	Dispersal limitation
S112	S61	-0.478376824675976	1	0.692969342918633	CW	CW	Within CW	Dispersal limitation
S113	S61	-0.581014393558509	1	0.790212529035725	CW	CW	Within CW	Dispersal limitation
S114	S61	-0.478671080269993	1	0.766689122978932	CW	CW	Within CW	Dispersal limitation
S161	S61	0.439604641926038	1	0.710414926619426	CW	CW	Within CW	Dispersal limitation
S162	S61	-0.403040837795827	1	0.729160623068676	CW	CW	Within CW	Dispersal limitation
S164	S61	-0.259293783319859	1	0.793930239798648	CW	CW	Within CW	Dispersal limitation
S165	S61	2.15624160238549	1	0.734370345279194	CW	CW	Within CW	Heterogeneous selection
S166	S61	0.245390838030616	1	0.767744939533366	CW	CW	Within CW	Dispersal limitation
S167	S61	-0.278384408519491	1	0.744435539432797	CW	CW	Within CW	Dispersal limitation
S168	S61	0.140610445559071	1	0.732257917732837	CW	CW	Within CW	Dispersal limitation
S169	S61	1.39623697277692	1	0.751253013329681	CW	CW	Within CW	Dispersal limitation
S170	S61	0.103669687945008	1	0.724680237571238	CW	CW	Within CW	Dispersal limitation
S171	S61	1.89741559919249	1	0.717780232170818	CW	CW	Within CW	Dispersal limitation
S172	S61	0.380533213205415	1	0.706352713208662	CW	CW	Within CW	Dispersal limitation
S173	S61	0.191785459826753	1	0.715550408544039	CW	CW	Within CW	Dispersal limitation
S174	S61	-0.27871742871955	1	0.736001623845888	CW	CW	Within CW	Dispersal limitation
S175	S61	0.694246416131704	1	0.736455276179422	CW	CW	Within CW	Dispersal limitation
S176	S61	1.92823936032331	1	0.722477407588872	CW	CW	Within CW	Dispersal limitation
S177	S61	0.661581558336542	1	0.721643071046458	CW	CW	Within CW	Dispersal limitation
S179	S61	0.572948769004508	1	0.803522308051377	CW	CW	Within CW	Dispersal limitation
S182	S61	-0.0579773469142598	1	0.799780905565981	CW	CW	Within CW	Dispersal limitation
S187	S61	1.29477277064207	1	0.815337701098015	TW	CW	Between groups	Dispersal limitation
S188	S61	1.58842266263427	1	0.834423049298494	TW	CW	Between groups	Dispersal limitation
S191	S61	-0.0913798430539141	1	0.827395925830989	TW	CW	Between groups	Dispersal limitation
S194	S61	2.18985294671284	1	0.775660254054374	TW	CW	Between groups	Heterogeneous selection
S196	S61	1.03178565609682	1	0.692537091800627	TW	CW	Between groups	Dispersal limitation
S197	S61	2.18810221716475	1	0.805376567918084	TW	CW	Between groups	Heterogeneous selection
S198	S61	2.05884198738205	1	0.805578823320733	TW	CW	Between groups	Heterogeneous selection
S201	S61	1.31807108219522	1	0.813446651938791	TW	CW	Between groups	Dispersal limitation
S202	S61	1.74837269638876	1	0.854482702982435	TW	CW	Between groups	Dispersal limitation
S203	S61	0.732921233913185	1	0.852890855280141	TW	CW	Between groups	Dispersal limitation
S204	S61	1.16933796287581	1	0.800109992694692	TW	CW	Between groups	Dispersal limitation
S205	S61	5.49025110507524	1	0.771062124422428	TW	CW	Between groups	Heterogeneous selection
S206	S61	1.29845578658464	1	0.786454874690418	TW	CW	Between groups	Dispersal limitation
S207	S61	1.02178734384258	1	0.824927630909354	TW	CW	Between groups	Dispersal limitation
S208	S61	0.314866551351586	1	0.80569301932855	TW	CW	Between groups	Dispersal limitation
S209	S61	3.24029672026244	1	0.823125651925673	TW	CW	Between groups	Heterogeneous selection
S210	S61	2.42902726449543	1	0.828532025449459	TW	CW	Between groups	Heterogeneous selection
S213	S61	1.26050495096062	1	0.784165612046005	TW	CW	Between groups	Dispersal limitation
S214	S61	-0.125069042237671	1	0.80393967320719	TW	CW	Between groups	Dispersal limitation
S215	S61	0.904627433080564	1	0.827156423960731	TW	CW	Between groups	Dispersal limitation
S216	S61	0.526865170292311	1	0.843822322663506	TW	CW	Between groups	Dispersal limitation
S217	S61	0.949088511457391	1	0.830294020614168	TW	CW	Between groups	Dispersal limitation
S218	S61	0.0485436694679641	1	0.791852336345406	TW	CW	Between groups	Dispersal limitation
S219	S61	0.125832654274082	1	0.792843632635829	TW	CW	Between groups	Dispersal limitation
S220	S61	1.4625587642797	1	0.802698431736453	TW	CW	Between groups	Dispersal limitation
S221	S61	2.495383385699	1	0.799823684218589	TW	CW	Between groups	Heterogeneous selection
S222	S61	2.3796671478227	1	0.844766345570593	TW	CW	Between groups	Heterogeneous selection
S223	S61	2.39204571997017	1	0.853044272536041	TW	CW	Between groups	Heterogeneous selection
S224	S61	1.35853022323449	1	0.790196597094221	TW	CW	Between groups	Dispersal limitation
S225	S61	0.189753506652009	1	0.798608459704752	TW	CW	Between groups	Dispersal limitation
S63	S62	-0.263494423295717	1	0.451006747342588	CW	CW	Within CW	Dispersal limitation
S65	S62	-0.445127508738421	1	0.459594942127949	CW	CW	Within CW	Dispersal limitation
S85	S62	-0.0217114891914447	1	0.651681532909576	CW	CW	Within CW	Dispersal limitation
S86	S62	0.817380955762056	1	0.614830604456747	CW	CW	Within CW	Dispersal limitation
S87	S62	-1.06330410659426	1	0.693498680402289	CW	CW	Within CW	Dispersal limitation
S88	S62	-1.20824730826407	1	0.642494838775067	CW	CW	Within CW	Dispersal limitation
S89	S62	-0.476256516679725	1	0.771770977633068	CW	CW	Within CW	Dispersal limitation
S112	S62	-0.427129758565288	1	0.741521448514185	CW	CW	Within CW	Dispersal limitation
S113	S62	0.116869149180624	1	0.845796293064567	CW	CW	Within CW	Dispersal limitation
S114	S62	0.0189786965141353	1	0.813492227755451	CW	CW	Within CW	Dispersal limitation
S161	S62	0.00999088584506246	1	0.743087514624996	CW	CW	Within CW	Dispersal limitation
S162	S62	-0.433352718711941	1	0.737398450172473	CW	CW	Within CW	Dispersal limitation
S164	S62	-0.40980211281471	1	0.782204385775182	CW	CW	Within CW	Dispersal limitation
S165	S62	2.31731880765024	1	0.736089195017526	CW	CW	Within CW	Heterogeneous selection
S166	S62	-0.302607111113351	1	0.762363447149428	CW	CW	Within CW	Dispersal limitation
S167	S62	-0.440163569682706	1	0.756417512236819	CW	CW	Within CW	Dispersal limitation
S168	S62	0.0621353447461821	1	0.740843970202669	CW	CW	Within CW	Dispersal limitation
S169	S62	1.01536697095362	1	0.75682996591915	CW	CW	Within CW	Dispersal limitation
S170	S62	-0.162310660479119	1	0.74960946243324	CW	CW	Within CW	Dispersal limitation
S171	S62	0.694797594548877	1	0.751099661935164	CW	CW	Within CW	Dispersal limitation
S172	S62	0.830295153104183	1	0.736820954767827	CW	CW	Within CW	Dispersal limitation
S173	S62	-0.209148930490627	1	0.733207112190794	CW	CW	Within CW	Dispersal limitation
S174	S62	0.0284893898617404	1	0.752645711687114	CW	CW	Within CW	Dispersal limitation
S175	S62	0.0764284826928587	1	0.744084746596389	CW	CW	Within CW	Dispersal limitation
S176	S62	1.32873904928765	1	0.74402329991121	CW	CW	Within CW	Dispersal limitation
S177	S62	-0.203175275887232	1	0.740777146582696	CW	CW	Within CW	Dispersal limitation
S179	S62	0.00768229067384292	1	0.797979754671968	CW	CW	Within CW	Dispersal limitation
S182	S62	-0.273147973079922	1	0.793976295074954	CW	CW	Within CW	Dispersal limitation
S187	S62	1.25365126351155	1	0.78222091796101	TW	CW	Between groups	Dispersal limitation
S188	S62	0.962944487596379	1	0.803204972927008	TW	CW	Between groups	Dispersal limitation
S191	S62	-0.252512445629848	1	0.800629950395576	TW	CW	Between groups	Dispersal limitation
S194	S62	1.76494662922356	1	0.812609593746373	TW	CW	Between groups	Dispersal limitation
S196	S62	1.20751588203413	1	0.71521145468721	TW	CW	Between groups	Dispersal limitation
S197	S62	2.19672805208099	1	0.798336849269686	TW	CW	Between groups	Heterogeneous selection
S198	S62	2.30287569190946	1	0.806847080632252	TW	CW	Between groups	Heterogeneous selection
S201	S62	1.17057996673136	1	0.806074649940894	TW	CW	Between groups	Dispersal limitation
S202	S62	-0.388983848967783	1	0.839704717303272	TW	CW	Between groups	Dispersal limitation
S203	S62	0.00829477780293475	1	0.828140180054988	TW	CW	Between groups	Dispersal limitation
S204	S62	0.880003536197697	1	0.772243622781213	TW	CW	Between groups	Dispersal limitation
S205	S62	2.78225246715904	1	0.737623483944577	TW	CW	Between groups	Heterogeneous selection
S206	S62	0.208492260476292	1	0.755930812477429	TW	CW	Between groups	Dispersal limitation
S207	S62	0.154211920298884	1	0.807762281160596	TW	CW	Between groups	Dispersal limitation
S208	S62	1.22468801334715	1	0.79993927966429	TW	CW	Between groups	Dispersal limitation
S209	S62	0.511986214033439	1	0.812275209993623	TW	CW	Between groups	Dispersal limitation
S210	S62	1.58660358342289	1	0.817984174308604	TW	CW	Between groups	Dispersal limitation
S213	S62	2.77603134633108	1	0.774994431219182	TW	CW	Between groups	Heterogeneous selection
S214	S62	0.165928298015389	1	0.785340499131429	TW	CW	Between groups	Dispersal limitation
S215	S62	0.277672684738576	1	0.813718583742618	TW	CW	Between groups	Dispersal limitation
S216	S62	0.906656935306869	1	0.825789280649502	TW	CW	Between groups	Dispersal limitation
S217	S62	1.0291775505979	1	0.812231331132962	TW	CW	Between groups	Dispersal limitation
S218	S62	1.32845424211251	1	0.80175983995785	TW	CW	Between groups	Dispersal limitation
S219	S62	-0.0193420591581091	1	0.809502264642253	TW	CW	Between groups	Dispersal limitation
S220	S62	2.12058596133934	1	0.798931916393404	TW	CW	Between groups	Heterogeneous selection
S221	S62	2.13238287749724	1	0.791749206106888	TW	CW	Between groups	Heterogeneous selection
S222	S62	1.66078174374316	1	0.83089171891565	TW	CW	Between groups	Dispersal limitation
S223	S62	0.262965660098127	1	0.846281577596894	TW	CW	Between groups	Dispersal limitation
S224	S62	0.578356699715316	1	0.784765256412366	TW	CW	Between groups	Dispersal limitation
S225	S62	0.578334789079808	1	0.770157873674051	TW	CW	Between groups	Dispersal limitation
S65	S63	0.158504306950875	1	0.440319708954275	CW	CW	Within CW	Dispersal limitation
S85	S63	0.172418689963151	1	0.60458277590347	CW	CW	Within CW	Dispersal limitation
S86	S63	0.231605106032227	1	0.573588616203804	CW	CW	Within CW	Dispersal limitation
S87	S63	-0.698687480944826	1	0.665956773318786	CW	CW	Within CW	Dispersal limitation
S88	S63	-1.20930752089362	1	0.619731097243652	CW	CW	Within CW	Dispersal limitation
S89	S63	-0.578433954249275	1	0.71642431511348	CW	CW	Within CW	Dispersal limitation
S112	S63	0.372409025815281	1	0.671122262855332	CW	CW	Within CW	Dispersal limitation
S113	S63	0.69972280511631	1	0.80198162071372	CW	CW	Within CW	Dispersal limitation
S114	S63	-0.18943918577265	1	0.749097399140652	CW	CW	Within CW	Dispersal limitation
S161	S63	0.49079979755752	1	0.675055268911757	CW	CW	Within CW	Dispersal limitation
S162	S63	0.192925385801133	1	0.669370229163302	CW	CW	Within CW	Dispersal limitation
S164	S63	-0.209273836709482	1	0.726796416076488	CW	CW	Within CW	Dispersal limitation
S165	S63	0.721356927515991	1	0.656430933194551	CW	CW	Within CW	Dispersal limitation
S166	S63	0.932561519622862	1	0.694264913947785	CW	CW	Within CW	Dispersal limitation
S167	S63	-0.0111396729676371	1	0.698883698395603	CW	CW	Within CW	Dispersal limitation
S168	S63	0.0946703564174962	1	0.672822617419062	CW	CW	Within CW	Dispersal limitation
S169	S63	1.17217778162013	1	0.723976017195366	CW	CW	Within CW	Dispersal limitation
S170	S63	0.875677012138031	1	0.702755258002397	CW	CW	Within CW	Dispersal limitation
S171	S63	0.770144518213267	1	0.703592877189734	CW	CW	Within CW	Dispersal limitation
S172	S63	0.917585274774827	1	0.684335173183665	CW	CW	Within CW	Dispersal limitation
S173	S63	0.585668667780019	1	0.680249267807565	CW	CW	Within CW	Dispersal limitation
S174	S63	-0.606496139608095	1	0.711750370103604	CW	CW	Within CW	Dispersal limitation
S175	S63	-0.0977808647371137	1	0.705696006714155	CW	CW	Within CW	Dispersal limitation
S176	S63	0.422775781929939	1	0.71824428615086	CW	CW	Within CW	Dispersal limitation
S177	S63	-0.193983256805292	1	0.710127636978244	CW	CW	Within CW	Dispersal limitation
S179	S63	0.113576147867513	1	0.692125941740901	CW	CW	Within CW	Dispersal limitation
S182	S63	-0.0288039671671605	1	0.70622092625407	CW	CW	Within CW	Dispersal limitation
S187	S63	0.256539844917255	1	0.725784992596696	TW	CW	Between groups	Dispersal limitation
S188	S63	0.184431396390079	1	0.745776196979027	TW	CW	Between groups	Dispersal limitation
S191	S63	-0.391331293175284	1	0.720614193356464	TW	CW	Between groups	Dispersal limitation
S194	S63	1.20981764561486	1	0.824674401296669	TW	CW	Between groups	Dispersal limitation
S196	S63	0.31516111964942	1	0.783207694842644	TW	CW	Between groups	Dispersal limitation
S197	S63	1.22683462250424	1	0.755931035402314	TW	CW	Between groups	Dispersal limitation
S198	S63	1.56343229800276	1	0.760737588069511	TW	CW	Between groups	Dispersal limitation
S201	S63	0.983072227712497	1	0.743556683230912	TW	CW	Between groups	Dispersal limitation
S202	S63	0.446139116975938	1	0.766642867145223	TW	CW	Between groups	Dispersal limitation
S203	S63	3.04592462945775	1	0.730036393704051	TW	CW	Between groups	Heterogeneous selection
S204	S63	0.548962266326994	1	0.710262429531206	TW	CW	Between groups	Dispersal limitation
S205	S63	3.89940960711787	1	0.69722196191591	TW	CW	Between groups	Heterogeneous selection
S206	S63	0.662535852530262	1	0.717375349048853	TW	CW	Between groups	Dispersal limitation
S207	S63	0.584764071697541	1	0.770845670552305	TW	CW	Between groups	Dispersal limitation
S208	S63	0.487964263086535	1	0.757156799827917	TW	CW	Between groups	Dispersal limitation
S209	S63	0.943592928479118	1	0.762035186243923	TW	CW	Between groups	Dispersal limitation
S210	S63	1.96968322953187	1	0.761833317733058	TW	CW	Between groups	Heterogeneous selection
S213	S63	1.12555987141188	1	0.726016366983242	TW	CW	Between groups	Dispersal limitation
S214	S63	2.26731353134446	1	0.760706997731216	TW	CW	Between groups	Heterogeneous selection
S215	S63	0.86494303319211	1	0.769680288077034	TW	CW	Between groups	Dispersal limitation
S216	S63	0.853377410398302	1	0.795162582281538	TW	CW	Between groups	Dispersal limitation
S217	S63	0.577251748916413	1	0.784911673647787	TW	CW	Between groups	Dispersal limitation
S218	S63	0.918230532549446	1	0.751867171569844	TW	CW	Between groups	Dispersal limitation
S219	S63	0.717313624576067	1	0.764835302114426	TW	CW	Between groups	Dispersal limitation
S220	S63	1.86870921316904	1	0.733812077853937	TW	CW	Between groups	Dispersal limitation
S221	S63	1.46912006054429	1	0.721799474394629	TW	CW	Between groups	Dispersal limitation
S222	S63	0.740198245515386	1	0.786258023330553	TW	CW	Between groups	Dispersal limitation
S223	S63	0.537701822553521	1	0.816798484099523	TW	CW	Between groups	Dispersal limitation
S224	S63	1.40723577735516	1	0.740668453196937	TW	CW	Between groups	Dispersal limitation
S225	S63	0.119594111291383	1	0.70824007795465	TW	CW	Between groups	Dispersal limitation
S85	S65	1.35066005947383	1	0.55895134658571	CW	CW	Within CW	Dispersal limitation
S86	S65	-0.624410502593744	1	0.599277994468793	CW	CW	Within CW	Dispersal limitation
S87	S65	-0.709301383214735	1	0.577586869614921	CW	CW	Within CW	Dispersal limitation
S88	S65	-0.22634272744382	1	0.630052062221641	CW	CW	Within CW	Dispersal limitation
S89	S65	0.312644316273577	1	0.661165646932698	CW	CW	Within CW	Dispersal limitation
S112	S65	-0.545058074895389	1	0.732084501018819	CW	CW	Within CW	Dispersal limitation
S113	S65	-0.412179550868378	1	0.84558998934748	CW	CW	Within CW	Dispersal limitation
S114	S65	-0.0332320713020322	1	0.804010539034063	CW	CW	Within CW	Dispersal limitation
S161	S65	1.90389077142559	1	0.734732456882684	CW	CW	Within CW	Dispersal limitation
S162	S65	0.352266922596222	1	0.736504042458611	CW	CW	Within CW	Dispersal limitation
S164	S65	-0.0468179062275317	1	0.781127954391466	CW	CW	Within CW	Dispersal limitation
S165	S65	2.72568639674127	1	0.721807260508432	CW	CW	Within CW	Heterogeneous selection
S166	S65	1.84215804054704	1	0.746456509432158	CW	CW	Within CW	Dispersal limitation
S167	S65	1.12313071099589	1	0.749073320801441	CW	CW	Within CW	Dispersal limitation
S168	S65	0.844448094864209	1	0.746668759530217	CW	CW	Within CW	Dispersal limitation
S169	S65	2.29100153095985	1	0.754587715841821	CW	CW	Within CW	Heterogeneous selection
S170	S65	1.59691579343638	1	0.734058159234757	CW	CW	Within CW	Dispersal limitation
S171	S65	2.5204886984039	1	0.733631195449086	CW	CW	Within CW	Heterogeneous selection
S172	S65	2.18154250684652	1	0.711810036291685	CW	CW	Within CW	Heterogeneous selection
S173	S65	0.51301292360841	1	0.735440038696931	CW	CW	Within CW	Dispersal limitation
S174	S65	-0.0790156114952541	1	0.746297094345658	CW	CW	Within CW	Dispersal limitation
S175	S65	0.495137060939787	1	0.736599733729558	CW	CW	Within CW	Dispersal limitation
S176	S65	3.07925237126942	1	0.708021793456973	CW	CW	Within CW	Heterogeneous selection
S177	S65	0.328264791697051	1	0.709499053058406	CW	CW	Within CW	Dispersal limitation
S179	S65	0.941789060638499	1	0.768678310279671	CW	CW	Within CW	Dispersal limitation
S182	S65	0.466821776262015	1	0.76383638594207	CW	CW	Within CW	Dispersal limitation
S187	S65	1.12637473274935	1	0.784131501865615	TW	CW	Between groups	Dispersal limitation
S188	S65	0.64863634224854	1	0.793635606420848	TW	CW	Between groups	Dispersal limitation
S191	S65	0.193312722819249	1	0.793699470878618	TW	CW	Between groups	Dispersal limitation
S194	S65	1.41565455918178	1	0.799960232186743	TW	CW	Between groups	Dispersal limitation
S196	S65	1.11738899703197	1	0.750375874343464	TW	CW	Between groups	Dispersal limitation
S197	S65	1.10979670490768	1	0.818457694087759	TW	CW	Between groups	Dispersal limitation
S198	S65	0.855030897819728	1	0.821465576347376	TW	CW	Between groups	Dispersal limitation
S201	S65	-0.0724044266209862	1	0.814941997829986	TW	CW	Between groups	Dispersal limitation
S202	S65	0.556445523566827	1	0.836278013793617	TW	CW	Between groups	Dispersal limitation
S203	S65	0.165175188691582	1	0.792415897379555	TW	CW	Between groups	Dispersal limitation
S204	S65	0.281885748147561	1	0.764057190653022	TW	CW	Between groups	Dispersal limitation
S205	S65	0.877992078140632	1	0.77777237616954	TW	CW	Between groups	Dispersal limitation
S206	S65	0.146443818114587	1	0.796943572250897	TW	CW	Between groups	Dispersal limitation
S207	S65	-0.0105824269373821	1	0.827028683441329	TW	CW	Between groups	Dispersal limitation
S208	S65	0.161844923644545	1	0.811852779715243	TW	CW	Between groups	Dispersal limitation
S209	S65	1.44018365087175	1	0.827180831914589	TW	CW	Between groups	Dispersal limitation
S210	S65	0.516974799455887	1	0.833141761666963	TW	CW	Between groups	Dispersal limitation
S213	S65	0.451190455011087	1	0.794976481982335	TW	CW	Between groups	Dispersal limitation
S214	S65	1.50183051687801	1	0.805664938244657	TW	CW	Between groups	Dispersal limitation
S215	S65	0.99331312990834	1	0.834086145136301	TW	CW	Between groups	Dispersal limitation
S216	S65	0.189768338096843	1	0.854738795126476	TW	CW	Between groups	Dispersal limitation
S217	S65	0.478272971198632	1	0.839143118294079	TW	CW	Between groups	Dispersal limitation
S218	S65	0.543252973904317	1	0.814543329715552	TW	CW	Between groups	Dispersal limitation
S219	S65	0.76311990113517	1	0.82213235459545	TW	CW	Between groups	Dispersal limitation
S220	S65	1.00089440357053	1	0.810599959601549	TW	CW	Between groups	Dispersal limitation
S221	S65	1.08179880009857	1	0.802958768980723	TW	CW	Between groups	Dispersal limitation
S222	S65	1.43236000444339	1	0.846912939804283	TW	CW	Between groups	Dispersal limitation
S223	S65	0.746900887053451	1	0.861455674794748	TW	CW	Between groups	Dispersal limitation
S224	S65	0.827036979475941	1	0.799830263882384	TW	CW	Between groups	Dispersal limitation
S225	S65	0.487712226809976	1	0.792791718188927	TW	CW	Between groups	Dispersal limitation
S86	S85	-0.0709749143900753	1	0.459486901320952	CW	CW	Within CW	Dispersal limitation
S87	S85	-0.197589698957606	1	0.440436871121278	CW	CW	Within CW	Dispersal limitation
S88	S85	0.454356035039159	1	0.453897920849305	CW	CW	Within CW	Dispersal limitation
S89	S85	0.17582556355916	1	0.395562685188166	CW	CW	Within CW	Dispersal limitation
S112	S85	0.239866903037021	1	0.814277603940242	CW	CW	Within CW	Dispersal limitation
S113	S85	0.212588249012744	1	0.894074509420129	CW	CW	Within CW	Dispersal limitation
S114	S85	0.532450907598967	1	0.876344569442636	CW	CW	Within CW	Dispersal limitation
S161	S85	0.747663473079244	1	0.798104065918147	CW	CW	Within CW	Dispersal limitation
S162	S85	0.0542586417394835	1	0.800683085172976	CW	CW	Within CW	Dispersal limitation
S164	S85	0.0876943750480366	1	0.836917314848275	CW	CW	Within CW	Dispersal limitation
S165	S85	2.19974267119138	1	0.796024089622546	CW	CW	Within CW	Heterogeneous selection
S166	S85	0.398472704796634	1	0.817656331025652	CW	CW	Within CW	Dispersal limitation
S167	S85	0.235701697658555	1	0.806063814972155	CW	CW	Within CW	Dispersal limitation
S168	S85	0.151558986495593	1	0.821517844097097	CW	CW	Within CW	Dispersal limitation
S169	S85	0.0168656571111345	1	0.786085386556771	CW	CW	Within CW	Dispersal limitation
S170	S85	0.374971890757932	1	0.800098197447952	CW	CW	Within CW	Dispersal limitation
S171	S85	0.451940618990937	1	0.79969955761569	CW	CW	Within CW	Dispersal limitation
S172	S85	-0.00125567792376085	1	0.790034230604643	CW	CW	Within CW	Dispersal limitation
S173	S85	0.689203925110172	1	0.789407915617079	CW	CW	Within CW	Dispersal limitation
S174	S85	-0.114155749474392	1	0.803714639206542	CW	CW	Within CW	Dispersal limitation
S175	S85	-0.216902308724599	1	0.798251991785711	CW	CW	Within CW	Dispersal limitation
S176	S85	1.5769803200509	1	0.819642393197984	CW	CW	Within CW	Dispersal limitation
S177	S85	0.0297292638097254	1	0.788537186092754	CW	CW	Within CW	Dispersal limitation
S179	S85	0.393626580194828	1	0.825393349015023	CW	CW	Within CW	Dispersal limitation
S182	S85	0.623801302447636	1	0.822675024878578	CW	CW	Within CW	Dispersal limitation
S187	S85	1.70968753510602	1	0.807313392574231	TW	CW	Between groups	Dispersal limitation
S188	S85	0.955762304643451	1	0.807673116722869	TW	CW	Between groups	Dispersal limitation
S191	S85	2.0514702099248	1	0.817011591392672	TW	CW	Between groups	Heterogeneous selection
S194	S85	0.799026955974751	1	0.876552131567832	TW	CW	Between groups	Dispersal limitation
S196	S85	1.0441700202048	1	0.851138983076054	TW	CW	Between groups	Dispersal limitation
S197	S85	1.4895085175176	1	0.858058046195744	TW	CW	Between groups	Dispersal limitation
S198	S85	2.3117171205295	1	0.862009072302585	TW	CW	Between groups	Heterogeneous selection
S201	S85	1.4198389220011	1	0.861053493334644	TW	CW	Between groups	Dispersal limitation
S202	S85	0.10081540294997	1	0.882836404957746	TW	CW	Between groups	Dispersal limitation
S203	S85	1.97905034653633	1	0.849562985852449	TW	CW	Between groups	Heterogeneous selection
S204	S85	1.05151721099626	1	0.774728273983849	TW	CW	Between groups	Dispersal limitation
S205	S85	2.21355467427485	1	0.809670991058967	TW	CW	Between groups	Heterogeneous selection
S206	S85	-0.151928337181763	1	0.809657398373888	TW	CW	Between groups	Dispersal limitation
S207	S85	0.544513733047557	1	0.866870274083158	TW	CW	Between groups	Dispersal limitation
S208	S85	1.10060843659841	1	0.860004801573942	TW	CW	Between groups	Dispersal limitation
S209	S85	2.62554348475486	1	0.876070496029068	TW	CW	Between groups	Heterogeneous selection
S210	S85	1.81316386607898	1	0.869832532698267	TW	CW	Between groups	Dispersal limitation
S213	S85	1.91666640131851	1	0.839870336860784	TW	CW	Between groups	Dispersal limitation
S214	S85	0.64006834433113	1	0.823503644318762	TW	CW	Between groups	Dispersal limitation
S215	S85	2.38858735975558	1	0.858705576634068	TW	CW	Between groups	Heterogeneous selection
S216	S85	0.476154378539749	1	0.870299048278053	TW	CW	Between groups	Dispersal limitation
S217	S85	1.45031180128129	1	0.840924023049504	TW	CW	Between groups	Dispersal limitation
S218	S85	1.74357073497743	1	0.853143001284547	TW	CW	Between groups	Dispersal limitation
S219	S85	-0.105019783934541	1	0.857283183128362	TW	CW	Between groups	Dispersal limitation
S220	S85	1.7581594537089	1	0.848373260270308	TW	CW	Between groups	Dispersal limitation
S221	S85	1.79278696072956	1	0.84966140690688	TW	CW	Between groups	Dispersal limitation
S222	S85	0.845681933620258	1	0.884340067377038	TW	CW	Between groups	Dispersal limitation
S223	S85	0.492947207930057	1	0.889133497638562	TW	CW	Between groups	Dispersal limitation
S224	S85	1.33551629381661	1	0.841317123403015	TW	CW	Between groups	Dispersal limitation
S225	S85	0.874313893215407	1	0.825553024645719	TW	CW	Between groups	Dispersal limitation
S87	S86	1.93525538866474	1	0.669612767718448	CW	CW	Within CW	Dispersal limitation
S88	S86	-0.596150003360624	1	0.402038533127401	CW	CW	Within CW	Dispersal limitation
S89	S86	0.2156970830406	1	0.558299563842038	CW	CW	Within CW	Dispersal limitation
S112	S86	-0.137467465674812	1	0.788263138359956	CW	CW	Within CW	Dispersal limitation
S113	S86	0.135478804747561	1	0.870158998493268	CW	CW	Within CW	Dispersal limitation
S114	S86	0.177577781484285	1	0.853802776171199	CW	CW	Within CW	Dispersal limitation
S161	S86	1.04900143108488	1	0.767156447714784	CW	CW	Within CW	Dispersal limitation
S162	S86	0.000374222893116856	1	0.754899052658304	CW	CW	Within CW	Dispersal limitation
S164	S86	0.142219263613725	1	0.781701427605697	CW	CW	Within CW	Dispersal limitation
S165	S86	1.89187386530624	1	0.741748110729405	CW	CW	Within CW	Dispersal limitation
S166	S86	1.09065372655042	1	0.767568317588139	CW	CW	Within CW	Dispersal limitation
S167	S86	1.09347965676701	1	0.739748505241709	CW	CW	Within CW	Dispersal limitation
S168	S86	0.778803403453105	1	0.749199006407947	CW	CW	Within CW	Dispersal limitation
S169	S86	1.01466414527629	1	0.7426437969346	CW	CW	Within CW	Dispersal limitation
S170	S86	1.54459569430692	1	0.776912393889553	CW	CW	Within CW	Dispersal limitation
S171	S86	0.566672496337258	1	0.770136172678546	CW	CW	Within CW	Dispersal limitation
S172	S86	0.943277543969609	1	0.772719746428231	CW	CW	Within CW	Dispersal limitation
S173	S86	1.34573660896557	1	0.768738920626792	CW	CW	Within CW	Dispersal limitation
S174	S86	1.03425289937489	1	0.78990391249472	CW	CW	Within CW	Dispersal limitation
S175	S86	0.799538851003947	1	0.783318874108349	CW	CW	Within CW	Dispersal limitation
S176	S86	2.0989451024944	1	0.769268256110361	CW	CW	Within CW	Heterogeneous selection
S177	S86	0.431332100137695	1	0.724488623304987	CW	CW	Within CW	Dispersal limitation
S179	S86	2.4291818754134	1	0.704587245527894	CW	CW	Within CW	Heterogeneous selection
S182	S86	1.84708358941813	1	0.723969929180832	CW	CW	Within CW	Dispersal limitation
S187	S86	1.43293344404146	1	0.751083731552214	TW	CW	Between groups	Dispersal limitation
S188	S86	1.11413677053039	1	0.757202978475572	TW	CW	Between groups	Dispersal limitation
S191	S86	1.78965003528071	1	0.738041933667589	TW	CW	Between groups	Dispersal limitation
S194	S86	1.2360367269197	1	0.790577002905768	TW	CW	Between groups	Dispersal limitation
S196	S86	1.50045078417631	1	0.741534726238672	TW	CW	Between groups	Dispersal limitation
S197	S86	0.9748716600429	1	0.779451028138031	TW	CW	Between groups	Dispersal limitation
S198	S86	1.57064125212503	1	0.782457081400129	TW	CW	Between groups	Dispersal limitation
S201	S86	2.4051989481393	1	0.774658771098768	TW	CW	Between groups	Heterogeneous selection
S202	S86	2.43473540972444	1	0.809047932621173	TW	CW	Between groups	Heterogeneous selection
S203	S86	2.34221095978474	1	0.772529172989266	TW	CW	Between groups	Heterogeneous selection
S204	S86	2.72077719373058	1	0.711344359101888	TW	CW	Between groups	Heterogeneous selection
S205	S86	3.6736331259486	1	0.716394468246793	TW	CW	Between groups	Heterogeneous selection
S206	S86	0.829525993317777	1	0.74485337771326	TW	CW	Between groups	Dispersal limitation
S207	S86	1.43965550099657	1	0.808321598310156	TW	CW	Between groups	Dispersal limitation
S208	S86	2.33831830038803	1	0.790019863724929	TW	CW	Between groups	Heterogeneous selection
S209	S86	3.05599209975097	1	0.808968197433794	TW	CW	Between groups	Heterogeneous selection
S210	S86	2.14846202838834	1	0.785396605307884	TW	CW	Between groups	Heterogeneous selection
S213	S86	2.68622775818383	1	0.745588462895897	TW	CW	Between groups	Heterogeneous selection
S214	S86	1.20018188609969	1	0.762820512820516	TW	CW	Between groups	Dispersal limitation
S215	S86	2.54925990910463	1	0.787894253921447	TW	CW	Between groups	Heterogeneous selection
S216	S86	1.82879748911929	1	0.808043124184217	TW	CW	Between groups	Dispersal limitation
S217	S86	1.76970907539075	1	0.79478021978022	TW	CW	Between groups	Dispersal limitation
S218	S86	2.60693295764576	1	0.778320081911393	TW	CW	Between groups	Heterogeneous selection
S219	S86	1.51352142437802	1	0.773973363146792	TW	CW	Between groups	Dispersal limitation
S220	S86	2.13941007168413	1	0.755408208712678	TW	CW	Between groups	Heterogeneous selection
S221	S86	2.95808246077391	1	0.761314708683128	TW	CW	Between groups	Heterogeneous selection
S222	S86	2.59177841353705	1	0.828945227471598	TW	CW	Between groups	Heterogeneous selection
S223	S86	1.1808120513036	1	0.842195776460936	TW	CW	Between groups	Dispersal limitation
S224	S86	1.90973905772454	1	0.737495518625171	TW	CW	Between groups	Dispersal limitation
S225	S86	1.03389602852108	1	0.758567325926169	TW	CW	Between groups	Dispersal limitation
S88	S87	-0.0252960699947583	1	0.651733461453307	CW	CW	Within CW	Dispersal limitation
S89	S87	2.58360508764417	1	0.503950520287846	CW	CW	Within CW	Heterogeneous selection
S112	S87	-0.816363926585423	1	0.813780758025158	CW	CW	Within CW	Dispersal limitation
S113	S87	0.645843889348558	1	0.897386573725114	CW	CW	Within CW	Dispersal limitation
S114	S87	-0.693549038684029	1	0.870007918612768	CW	CW	Within CW	Dispersal limitation
S161	S87	-0.449874930539902	1	0.842220738739315	CW	CW	Within CW	Dispersal limitation
S162	S87	-0.675575504685153	1	0.84299886020169	CW	CW	Within CW	Dispersal limitation
S164	S87	-0.411664449994861	1	0.860095609825223	CW	CW	Within CW	Dispersal limitation
S165	S87	1.37885124149803	1	0.839187967716485	CW	CW	Within CW	Dispersal limitation
S166	S87	-0.49118535878226	1	0.850014819955451	CW	CW	Within CW	Dispersal limitation
S167	S87	-0.367132215813368	1	0.832750721110173	CW	CW	Within CW	Dispersal limitation
S168	S87	-0.694493625177896	1	0.832510020866845	CW	CW	Within CW	Dispersal limitation
S169	S87	0.0939965870056169	1	0.790053237629565	CW	CW	Within CW	Dispersal limitation
S170	S87	-0.360463302468554	1	0.845027217452827	CW	CW	Within CW	Dispersal limitation
S171	S87	-0.525584046671814	1	0.846091580527788	CW	CW	Within CW	Dispersal limitation
S172	S87	-0.378572805370795	1	0.839659853757501	CW	CW	Within CW	Dispersal limitation
S173	S87	-0.375471404893731	1	0.842317035855345	CW	CW	Within CW	Dispersal limitation
S174	S87	-0.82680749215081	1	0.852597727391303	CW	CW	Within CW	Dispersal limitation
S175	S87	-0.743922543209347	1	0.845911104905734	CW	CW	Within CW	Dispersal limitation
S176	S87	0.381403217932962	1	0.835840062376138	CW	CW	Within CW	Dispersal limitation
S177	S87	-0.635274848865258	1	0.827983044756132	CW	CW	Within CW	Dispersal limitation
S179	S87	-0.576313834176566	1	0.870833433279764	CW	CW	Within CW	Dispersal limitation
S182	S87	-0.285656015536994	1	0.861458350987096	CW	CW	Within CW	Dispersal limitation
S187	S87	1.77073072881507	1	0.879065836749647	TW	CW	Between groups	Dispersal limitation
S188	S87	1.77708723755308	1	0.880424485755722	TW	CW	Between groups	Dispersal limitation
S191	S87	1.80730454211055	1	0.878946363607999	TW	CW	Between groups	Dispersal limitation
S194	S87	-0.012254152615503	1	0.871410023853617	TW	CW	Between groups	Dispersal limitation
S196	S87	-0.456535573431234	1	0.85676319992484	TW	CW	Between groups	Dispersal limitation
S197	S87	0.391566877782203	1	0.862169958278328	TW	CW	Between groups	Dispersal limitation
S198	S87	0.144492411997614	1	0.866491438608388	TW	CW	Between groups	Dispersal limitation
S201	S87	0.0415836078233888	1	0.869018949982658	TW	CW	Between groups	Dispersal limitation
S202	S87	0.238691607393188	1	0.894760857670557	TW	CW	Between groups	Dispersal limitation
S203	S87	0.0248436733642265	1	0.889939557587203	TW	CW	Between groups	Dispersal limitation
S204	S87	0.666827058653643	1	0.850664822976734	TW	CW	Between groups	Dispersal limitation
S205	S87	2.14521287350601	1	0.856648567078318	TW	CW	Between groups	Heterogeneous selection
S206	S87	-0.0883820545774109	1	0.866344198071803	TW	CW	Between groups	Dispersal limitation
S207	S87	-0.451421699578118	1	0.874072317973352	TW	CW	Between groups	Dispersal limitation
S208	S87	1.39068771518471	1	0.870807598712105	TW	CW	Between groups	Dispersal limitation
S209	S87	1.16057079842021	1	0.878893131886754	TW	CW	Between groups	Dispersal limitation
S210	S87	0.0244965558519266	1	0.880572559793626	TW	CW	Between groups	Dispersal limitation
S213	S87	-0.0309124511726364	1	0.855020446883018	TW	CW	Between groups	Dispersal limitation
S214	S87	1.04899091151824	1	0.85571588939684	TW	CW	Between groups	Dispersal limitation
S215	S87	0.703284838577863	1	0.881697617364895	TW	CW	Between groups	Dispersal limitation
S216	S87	0.095131153248229	1	0.894298951964948	TW	CW	Between groups	Dispersal limitation
S217	S87	0.600119158845991	1	0.886055753815201	TW	CW	Between groups	Dispersal limitation
S218	S87	0.461173687008396	1	0.846248904196869	TW	CW	Between groups	Dispersal limitation
S219	S87	-0.168138156963868	1	0.867451210268699	TW	CW	Between groups	Dispersal limitation
S220	S87	0.440906116520563	1	0.860108124958799	TW	CW	Between groups	Dispersal limitation
S221	S87	0.195915601381252	1	0.857260328088963	TW	CW	Between groups	Dispersal limitation
S222	S87	-0.112491913414903	1	0.886110033270732	TW	CW	Between groups	Dispersal limitation
S223	S87	-0.649549605204716	1	0.897624710294846	TW	CW	Between groups	Dispersal limitation
S224	S87	-0.257616752277098	1	0.854713714319265	TW	CW	Between groups	Dispersal limitation
S225	S87	-0.130424980905927	1	0.875149699414698	TW	CW	Between groups	Dispersal limitation
S89	S88	-0.176436429107019	1	0.590760800154495	CW	CW	Within CW	Dispersal limitation
S112	S88	-0.445014509672844	1	0.790276585317797	CW	CW	Within CW	Dispersal limitation
S113	S88	-0.372655581870956	1	0.879038359333702	CW	CW	Within CW	Dispersal limitation
S114	S88	-0.638286868631112	1	0.852084108517519	CW	CW	Within CW	Dispersal limitation
S161	S88	0.212326849961242	1	0.776565296705371	CW	CW	Within CW	Dispersal limitation
S162	S88	-0.812557467455418	1	0.766457265625849	CW	CW	Within CW	Dispersal limitation
S164	S88	-0.300826094447797	1	0.810111209040642	CW	CW	Within CW	Dispersal limitation
S165	S88	0.773497218791545	1	0.76286872539778	CW	CW	Within CW	Dispersal limitation
S166	S88	-0.0163099370663298	1	0.786825426671009	CW	CW	Within CW	Dispersal limitation
S167	S88	-0.465631841074583	1	0.782999639301494	CW	CW	Within CW	Dispersal limitation
S168	S88	-0.251509935370612	1	0.789851994780153	CW	CW	Within CW	Dispersal limitation
S169	S88	0.346813929076103	1	0.786256629146744	CW	CW	Within CW	Dispersal limitation
S170	S88	0.392663553345312	1	0.773264006855574	CW	CW	Within CW	Dispersal limitation
S171	S88	-0.227068129793792	1	0.768731100980403	CW	CW	Within CW	Dispersal limitation
S172	S88	0.0868871637446564	1	0.765016898519393	CW	CW	Within CW	Dispersal limitation
S173	S88	0.32246828803421	1	0.771828410409233	CW	CW	Within CW	Dispersal limitation
S174	S88	-0.0272205452450717	1	0.78282074648081	CW	CW	Within CW	Dispersal limitation
S175	S88	-0.430112733200949	1	0.772430444005871	CW	CW	Within CW	Dispersal limitation
S176	S88	0.994900972460492	1	0.782128455943354	CW	CW	Within CW	Dispersal limitation
S177	S88	0.166704008949571	1	0.745445594554489	CW	CW	Within CW	Dispersal limitation
S179	S88	1.49978058474184	1	0.791784182389821	CW	CW	Within CW	Dispersal limitation
S182	S88	1.10443445384892	1	0.790731585251175	CW	CW	Within CW	Dispersal limitation
S187	S88	0.959016240412494	1	0.796833431770189	TW	CW	Between groups	Dispersal limitation
S188	S88	0.770097188719607	1	0.801002552301717	TW	CW	Between groups	Dispersal limitation
S191	S88	1.78187259192701	1	0.797570325667437	TW	CW	Between groups	Dispersal limitation
S194	S88	1.52752500582247	1	0.845735934031025	TW	CW	Between groups	Dispersal limitation
S196	S88	1.77764553598824	1	0.815409162883767	TW	CW	Between groups	Dispersal limitation
S197	S88	1.23750357093255	1	0.822972804105796	TW	CW	Between groups	Dispersal limitation
S198	S88	1.46967874269998	1	0.829922849564959	TW	CW	Between groups	Dispersal limitation
S201	S88	1.29311581038906	1	0.828838391040249	TW	CW	Between groups	Dispersal limitation
S202	S88	0.661763714814807	1	0.84848579942273	TW	CW	Between groups	Dispersal limitation
S203	S88	1.51664908940774	1	0.823935711747584	TW	CW	Between groups	Dispersal limitation
S204	S88	2.45230108375247	1	0.766876976247121	TW	CW	Between groups	Heterogeneous selection
S205	S88	2.69179569547666	1	0.788203390905275	TW	CW	Between groups	Heterogeneous selection
S206	S88	0.199451925403394	1	0.802424176514141	TW	CW	Between groups	Dispersal limitation
S207	S88	2.15185995014157	1	0.838153513970572	TW	CW	Between groups	Heterogeneous selection
S208	S88	0.334311146700449	1	0.830515249155187	TW	CW	Between groups	Dispersal limitation
S209	S88	0.970451069731804	1	0.844924435114825	TW	CW	Between groups	Dispersal limitation
S210	S88	1.38447754645299	1	0.833873227415603	TW	CW	Between groups	Dispersal limitation
S213	S88	2.1054782511967	1	0.802350205397555	TW	CW	Between groups	Heterogeneous selection
S214	S88	0.247212441387902	1	0.813947182739511	TW	CW	Between groups	Dispersal limitation
S215	S88	1.62230180377804	1	0.83231843055886	TW	CW	Between groups	Dispersal limitation
S216	S88	0.238413282244544	1	0.851257713787155	TW	CW	Between groups	Dispersal limitation
S217	S88	1.44157901274836	1	0.832360343905431	TW	CW	Between groups	Dispersal limitation
S218	S88	0.865435637881074	1	0.823602140050054	TW	CW	Between groups	Dispersal limitation
S219	S88	-0.170032586076366	1	0.825146388528642	TW	CW	Between groups	Dispersal limitation
S220	S88	1.61408442318024	1	0.809255612493291	TW	CW	Between groups	Dispersal limitation
S221	S88	1.66892178733605	1	0.814766664653798	TW	CW	Between groups	Dispersal limitation
S222	S88	0.954074886982029	1	0.859274020873158	TW	CW	Between groups	Dispersal limitation
S223	S88	0.93281991743633	1	0.871117771031069	TW	CW	Between groups	Dispersal limitation
S224	S88	0.262404741374136	1	0.801392747106561	TW	CW	Between groups	Dispersal limitation
S225	S88	1.07868059554428	1	0.817445580255134	TW	CW	Between groups	Dispersal limitation
S112	S89	-0.409932258032608	1	0.875587592039285	CW	CW	Within CW	Dispersal limitation
S113	S89	0.765163408686537	1	0.923918709854091	CW	CW	Within CW	Dispersal limitation
S114	S89	0.237306574145294	1	0.91385475450585	CW	CW	Within CW	Dispersal limitation
S161	S89	0.307617894624165	1	0.869959515364471	CW	CW	Within CW	Dispersal limitation
S162	S89	-0.589428370360625	1	0.850644826648473	CW	CW	Within CW	Dispersal limitation
S164	S89	-0.251315757870836	1	0.886795640189773	CW	CW	Within CW	Dispersal limitation
S165	S89	1.31236410376442	1	0.856964757889704	CW	CW	Within CW	Dispersal limitation
S166	S89	0.809426037608681	1	0.872424227510264	CW	CW	Within CW	Dispersal limitation
S167	S89	1.02439160254581	1	0.866911936783088	CW	CW	Within CW	Dispersal limitation
S168	S89	0.243527353443881	1	0.868572521437539	CW	CW	Within CW	Dispersal limitation
S169	S89	0.0218418249560623	1	0.85533410161665	CW	CW	Within CW	Dispersal limitation
S170	S89	1.08723695860242	1	0.86526773940975	CW	CW	Within CW	Dispersal limitation
S171	S89	0.794680328821347	1	0.873803573906351	CW	CW	Within CW	Dispersal limitation
S172	S89	-0.341409703106544	1	0.872755735864687	CW	CW	Within CW	Dispersal limitation
S173	S89	1.94095850428997	1	0.875489089367516	CW	CW	Within CW	Dispersal limitation
S174	S89	0.941446995261417	1	0.880014983751171	CW	CW	Within CW	Dispersal limitation
S175	S89	-0.0576269405340405	1	0.871323317495114	CW	CW	Within CW	Dispersal limitation
S176	S89	1.94533218873029	1	0.852100616991611	CW	CW	Within CW	Dispersal limitation
S177	S89	0.883691824859789	1	0.841424740162336	CW	CW	Within CW	Dispersal limitation
S179	S89	0.207880362942957	1	0.871237877855318	CW	CW	Within CW	Dispersal limitation
S182	S89	0.51748124705074	1	0.866128578937901	CW	CW	Within CW	Dispersal limitation
S187	S89	2.43188804832367	1	0.875211511566635	TW	CW	Between groups	Heterogeneous selection
S188	S89	1.91471703794543	1	0.868391014217505	TW	CW	Between groups	Dispersal limitation
S191	S89	1.8824741781129	1	0.875477690053374	TW	CW	Between groups	Dispersal limitation
S194	S89	1.23493677290783	1	0.905174295262629	TW	CW	Between groups	Dispersal limitation
S196	S89	0.336765750727564	1	0.88771699558629	TW	CW	Between groups	Dispersal limitation
S197	S89	0.325723312022225	1	0.887985640060905	TW	CW	Between groups	Dispersal limitation
S198	S89	1.26859917957391	1	0.896047060920517	TW	CW	Between groups	Dispersal limitation
S201	S89	2.95575415018455	1	0.889655981562031	TW	CW	Between groups	Heterogeneous selection
S202	S89	2.77449062813297	1	0.901217627661565	TW	CW	Between groups	Heterogeneous selection
S203	S89	1.83429536469136	1	0.895255874643212	TW	CW	Between groups	Dispersal limitation
S204	S89	-0.0398369658333682	1	0.868952416081651	TW	CW	Between groups	Dispersal limitation
S205	S89	2.62256145427435	1	0.875468922964307	TW	CW	Between groups	Heterogeneous selection
S206	S89	0.503371927103054	1	0.884523351394404	TW	CW	Between groups	Dispersal limitation
S207	S89	1.03069260485723	1	0.890980204553916	TW	CW	Between groups	Dispersal limitation
S208	S89	3.37764697710243	1	0.892746709163156	TW	CW	Between groups	Heterogeneous selection
S209	S89	2.50145800034413	1	0.900771484367804	TW	CW	Between groups	Heterogeneous selection
S210	S89	1.58744696235623	1	0.895715761313647	TW	CW	Between groups	Dispersal limitation
S213	S89	2.07326034312104	1	0.883866297786625	TW	CW	Between groups	Heterogeneous selection
S214	S89	1.00364108382574	1	0.889377464438614	TW	CW	Between groups	Dispersal limitation
S215	S89	2.88109625031086	1	0.899822887592156	TW	CW	Between groups	Heterogeneous selection
S216	S89	0.93128672166545	1	0.911461742308791	TW	CW	Between groups	Dispersal limitation
S217	S89	2.66113192770157	1	0.902726612854986	TW	CW	Between groups	Heterogeneous selection
S218	S89	1.88846780939166	1	0.888894809218304	TW	CW	Between groups	Dispersal limitation
S219	S89	1.27934274448625	1	0.894087748089984	TW	CW	Between groups	Dispersal limitation
S220	S89	1.84762777690628	1	0.888586093631635	TW	CW	Between groups	Dispersal limitation
S221	S89	1.56807436930004	1	0.888068313913805	TW	CW	Between groups	Dispersal limitation
S222	S89	1.57105137442518	1	0.912631233394719	TW	CW	Between groups	Dispersal limitation
S223	S89	0.697573120610736	1	0.915945972473395	TW	CW	Between groups	Dispersal limitation
S224	S89	3.23991959673586	1	0.879794601332769	TW	CW	Between groups	Heterogeneous selection
S225	S89	0.629014922455701	1	0.893131216129092	TW	CW	Between groups	Dispersal limitation
S113	S112	0.40843070159038	1	0.5788598662182	CW	CW	Within CW	Dispersal limitation
S114	S112	0.946802901381205	1	0.435700919506709	CW	CW	Within CW	Dispersal limitation
S161	S112	0.933720275826958	1	0.657980286609998	CW	CW	Within CW	Dispersal limitation
S162	S112	0.410044557658581	1	0.676769763828012	CW	CW	Within CW	Dispersal limitation
S164	S112	0.466336026217923	1	0.743480516430354	CW	CW	Within CW	Dispersal limitation
S165	S112	2.06294027348429	1	0.664487817296187	CW	CW	Within CW	Heterogeneous selection
S166	S112	0.68694449884688	1	0.70900272504423	CW	CW	Within CW	Dispersal limitation
S167	S112	0.860574234413009	1	0.729529447164994	CW	CW	Within CW	Dispersal limitation
S168	S112	1.03982432504922	1	0.67516530555331	CW	CW	Within CW	Dispersal limitation
S169	S112	3.35349433970311	1	0.736698624221909	CW	CW	Within CW	Heterogeneous selection
S170	S112	0.848568360986993	1	0.709772045005357	CW	CW	Within CW	Dispersal limitation
S171	S112	3.17774098478576	1	0.73171054454917	CW	CW	Within CW	Heterogeneous selection
S172	S112	1.25893331805118	1	0.683561716497744	CW	CW	Within CW	Dispersal limitation
S173	S112	-0.229617629336731	1	0.716749230385356	CW	CW	Within CW	Dispersal limitation
S174	S112	0.301287437234509	1	0.719179057971767	CW	CW	Within CW	Dispersal limitation
S175	S112	0.178407132119111	1	0.709133558223214	CW	CW	Within CW	Dispersal limitation
S176	S112	1.54550996141636	1	0.767017980679018	CW	CW	Within CW	Dispersal limitation
S177	S112	-0.307626256485517	1	0.777196882303262	CW	CW	Within CW	Dispersal limitation
S179	S112	1.3133304680396	1	0.838021884009615	CW	CW	Within CW	Dispersal limitation
S182	S112	0.329797446038594	1	0.829401038868575	CW	CW	Within CW	Dispersal limitation
S187	S112	1.1211079500703	1	0.863709669126444	TW	CW	Between groups	Dispersal limitation
S188	S112	1.2482070256205	1	0.864791130347098	TW	CW	Between groups	Dispersal limitation
S191	S112	0.516633005219761	1	0.857661981888088	TW	CW	Between groups	Dispersal limitation
S194	S112	0.160292234156251	1	0.894548914630049	TW	CW	Between groups	Dispersal limitation
S196	S112	0.602167529927109	1	0.854882532023666	TW	CW	Between groups	Dispersal limitation
S197	S112	0.91618252647361	1	0.833148830959937	TW	CW	Between groups	Dispersal limitation
S198	S112	1.17039220057238	1	0.836334834640733	TW	CW	Between groups	Dispersal limitation
S201	S112	0.833165623537929	1	0.842023775919246	TW	CW	Between groups	Dispersal limitation
S202	S112	-0.197609256506607	1	0.88326787711298	TW	CW	Between groups	Dispersal limitation
S203	S112	4.02522231395432	1	0.877022281493677	TW	CW	Between groups	Heterogeneous selection
S204	S112	2.16659636269924	1	0.84266501538964	TW	CW	Between groups	Heterogeneous selection
S205	S112	0.984909813928048	1	0.832828511016612	TW	CW	Between groups	Dispersal limitation
S206	S112	0.175362104255617	1	0.852753371457789	TW	CW	Between groups	Dispersal limitation
S207	S112	1.16700744147503	1	0.868682163975079	TW	CW	Between groups	Dispersal limitation
S208	S112	0.712817838179143	1	0.844859045132674	TW	CW	Between groups	Dispersal limitation
S209	S112	1.08549631932408	1	0.856790827120283	TW	CW	Between groups	Dispersal limitation
S210	S112	0.893843711334986	1	0.859359068677675	TW	CW	Between groups	Dispersal limitation
S213	S112	1.65682658862289	1	0.832942133881548	TW	CW	Between groups	Dispersal limitation
S214	S112	0.845286488606994	1	0.844127558542513	TW	CW	Between groups	Dispersal limitation
S215	S112	1.40933287668244	1	0.876628794847763	TW	CW	Between groups	Dispersal limitation
S216	S112	0.538206658610577	1	0.885802548433758	TW	CW	Between groups	Dispersal limitation
S217	S112	1.72644351932953	1	0.878360557606321	TW	CW	Between groups	Dispersal limitation
S218	S112	1.04138374930173	1	0.778199922984269	TW	CW	Between groups	Dispersal limitation
S219	S112	1.28270538077061	1	0.776491496999777	TW	CW	Between groups	Dispersal limitation
S220	S112	0.826552405231786	1	0.831911071366946	TW	CW	Between groups	Dispersal limitation
S221	S112	1.11165760139442	1	0.825992273820984	TW	CW	Between groups	Dispersal limitation
S222	S112	0.0138357110955102	1	0.867072497963368	TW	CW	Between groups	Dispersal limitation
S223	S112	2.41744454769113	1	0.862000696586495	TW	CW	Between groups	Heterogeneous selection
S224	S112	1.19048500244088	1	0.824187449092566	TW	CW	Between groups	Dispersal limitation
S225	S112	0.986259186840324	1	0.863965300994682	TW	CW	Between groups	Dispersal limitation
S114	S113	0.135403857204995	1	0.333415029733733	CW	CW	Within CW	Dispersal limitation
S161	S113	1.0379633836002	1	0.799777254501878	CW	CW	Within CW	Dispersal limitation
S162	S113	0.673923601954075	1	0.839700930716534	CW	CW	Within CW	Dispersal limitation
S164	S113	0.380855310224789	1	0.851110801102083	CW	CW	Within CW	Dispersal limitation
S165	S113	2.24146774155975	1	0.823960369986158	CW	CW	Within CW	Heterogeneous selection
S166	S113	1.00782641535511	1	0.801150387446424	CW	CW	Within CW	Dispersal limitation
S167	S113	1.01377489490039	1	0.867934126151968	CW	CW	Within CW	Dispersal limitation
S168	S113	1.21339882393884	1	0.859422889670206	CW	CW	Within CW	Dispersal limitation
S169	S113	1.47528380507072	1	0.860020415254036	CW	CW	Within CW	Dispersal limitation
S170	S113	0.56745738654313	1	0.85510611815174	CW	CW	Within CW	Dispersal limitation
S171	S113	0.712276947409085	1	0.840915863642883	CW	CW	Within CW	Dispersal limitation
S172	S113	0.614969644403688	1	0.830473605187243	CW	CW	Within CW	Dispersal limitation
S173	S113	-0.256149421766632	1	0.863273009007218	CW	CW	Within CW	Dispersal limitation
S174	S113	-0.386805411375688	1	0.782375099279396	CW	CW	Within CW	Dispersal limitation
S175	S113	-0.328413814685232	1	0.844238955489773	CW	CW	Within CW	Dispersal limitation
S176	S113	1.94858134583043	1	0.873305147136157	CW	CW	Within CW	Dispersal limitation
S177	S113	0.162866442496481	1	0.876067253923505	CW	CW	Within CW	Dispersal limitation
S179	S113	0.73292819629485	1	0.913198820100187	CW	CW	Within CW	Dispersal limitation
S182	S113	0.858325846743598	1	0.904510376521028	CW	CW	Within CW	Dispersal limitation
S187	S113	2.11030738347211	1	0.927746717051303	TW	CW	Between groups	Heterogeneous selection
S188	S113	2.35765966763339	1	0.928887469559027	TW	CW	Between groups	Heterogeneous selection
S191	S113	0.666001741651107	1	0.928500871537722	TW	CW	Between groups	Dispersal limitation
S194	S113	0.48036587716103	1	0.918768905979116	TW	CW	Between groups	Dispersal limitation
S196	S113	0.0124097800186207	1	0.878096800656276	TW	CW	Between groups	Dispersal limitation
S197	S113	0.787423310653901	1	0.903506528507997	TW	CW	Between groups	Dispersal limitation
S198	S113	0.138839120675128	1	0.911489306891519	TW	CW	Between groups	Dispersal limitation
S201	S113	0.848204056307872	1	0.914068452651584	TW	CW	Between groups	Dispersal limitation
S202	S113	0.949886398721045	1	0.932664449683634	TW	CW	Between groups	Dispersal limitation
S203	S113	2.48979452313957	1	0.927181771564499	TW	CW	Between groups	Heterogeneous selection
S204	S113	2.11473151299412	1	0.915555082328575	TW	CW	Between groups	Heterogeneous selection
S205	S113	2.54178181345217	1	0.902653076138341	TW	CW	Between groups	Heterogeneous selection
S206	S113	0.71869161019446	1	0.89452852695767	TW	CW	Between groups	Dispersal limitation
S207	S113	0.489313117596515	1	0.924320060579289	TW	CW	Between groups	Dispersal limitation
S208	S113	0.998643980415401	1	0.899366153813421	TW	CW	Between groups	Dispersal limitation
S209	S113	1.32886587941877	1	0.917082835404196	TW	CW	Between groups	Dispersal limitation
S210	S113	1.05824963282785	1	0.917864085793994	TW	CW	Between groups	Dispersal limitation
S213	S113	1.02631392820455	1	0.897209983903679	TW	CW	Between groups	Dispersal limitation
S214	S113	0.90294617740607	1	0.910201219799251	TW	CW	Between groups	Dispersal limitation
S215	S113	1.40650409952716	1	0.928035162942122	TW	CW	Between groups	Dispersal limitation
S216	S113	1.77697604759297	1	0.930527696748392	TW	CW	Between groups	Dispersal limitation
S217	S113	2.16756650246977	1	0.929927258671699	TW	CW	Between groups	Heterogeneous selection
S218	S113	1.37981924441795	1	0.829843705503661	TW	CW	Between groups	Dispersal limitation
S219	S113	1.49317150280759	1	0.810893654430907	TW	CW	Between groups	Dispersal limitation
S220	S113	0.862408925485294	1	0.873174164268914	TW	CW	Between groups	Dispersal limitation
S221	S113	0.859822484887117	1	0.869600355285343	TW	CW	Between groups	Dispersal limitation
S222	S113	0.336262455898284	1	0.896385729444554	TW	CW	Between groups	Dispersal limitation
S223	S113	1.56784091908461	1	0.877064998979694	TW	CW	Between groups	Dispersal limitation
S224	S113	1.76586930322923	1	0.869023773768768	TW	CW	Between groups	Dispersal limitation
S225	S113	0.8360836195771	1	0.923244321483693	TW	CW	Between groups	Dispersal limitation
S161	S114	1.75161942790575	1	0.745521873563699	CW	CW	Within CW	Dispersal limitation
S162	S114	0.680960212461646	1	0.782933636770271	CW	CW	Within CW	Dispersal limitation
S164	S114	0.232839826489344	1	0.826497024232698	CW	CW	Within CW	Dispersal limitation
S165	S114	1.87706617178682	1	0.768154060681829	CW	CW	Within CW	Dispersal limitation
S166	S114	0.185897225134072	1	0.799833510936995	CW	CW	Within CW	Dispersal limitation
S167	S114	0.674301965170035	1	0.821138987943624	CW	CW	Within CW	Dispersal limitation
S168	S114	0.694134761660549	1	0.786390387997776	CW	CW	Within CW	Dispersal limitation
S169	S114	1.28931551296089	1	0.810970388032038	CW	CW	Within CW	Dispersal limitation
S170	S114	0.298274893281069	1	0.801281273071409	CW	CW	Within CW	Dispersal limitation
S171	S114	1.28436903941256	1	0.795992943026843	CW	CW	Within CW	Dispersal limitation
S172	S114	0.755732416694157	1	0.780420333049484	CW	CW	Within CW	Dispersal limitation
S173	S114	-0.581868250412079	1	0.816093206310598	CW	CW	Within CW	Dispersal limitation
S174	S114	-0.528510539091084	1	0.815094529883261	CW	CW	Within CW	Dispersal limitation
S175	S114	-0.20568559128039	1	0.810655651303134	CW	CW	Within CW	Dispersal limitation
S176	S114	1.42849165824334	1	0.839265364265364	CW	CW	Within CW	Dispersal limitation
S177	S114	-0.366756185919873	1	0.831608002623286	CW	CW	Within CW	Dispersal limitation
S179	S114	0.218859973443435	1	0.895399812953006	CW	CW	Within CW	Dispersal limitation
S182	S114	0.182487002297927	1	0.886395017180858	CW	CW	Within CW	Dispersal limitation
S187	S114	0.563518216725421	1	0.908774199720232	TW	CW	Between groups	Dispersal limitation
S188	S114	0.786840378097757	1	0.911043638267542	TW	CW	Between groups	Dispersal limitation
S191	S114	0.198343270901284	1	0.899799869005167	TW	CW	Between groups	Dispersal limitation
S194	S114	0.578728982904901	1	0.915405484926032	TW	CW	Between groups	Dispersal limitation
S196	S114	0.323476553305277	1	0.880918040293039	TW	CW	Between groups	Dispersal limitation
S197	S114	0.184606745971057	1	0.882640074225922	TW	CW	Between groups	Dispersal limitation
S198	S114	-0.00892864606767532	1	0.89458154839511	TW	CW	Between groups	Dispersal limitation
S201	S114	0.346255781295178	1	0.897570167549309	TW	CW	Between groups	Dispersal limitation
S202	S114	0.472110890551857	1	0.92220033982082	TW	CW	Between groups	Dispersal limitation
S203	S114	1.35983436782447	1	0.918144713962342	TW	CW	Between groups	Dispersal limitation
S204	S114	0.199963448024153	1	0.903988505009906	TW	CW	Between groups	Dispersal limitation
S205	S114	2.028682178191	1	0.872518581741883	TW	CW	Between groups	Heterogeneous selection
S206	S114	0.31086900773978	1	0.878580222206049	TW	CW	Between groups	Dispersal limitation
S207	S114	0.225955049189706	1	0.908920608377129	TW	CW	Between groups	Dispersal limitation
S208	S114	0.122837622322138	1	0.882226119221795	TW	CW	Between groups	Dispersal limitation
S209	S114	0.603381711296499	1	0.898584257242388	TW	CW	Between groups	Dispersal limitation
S210	S114	0.562525613845157	1	0.905710432554693	TW	CW	Between groups	Dispersal limitation
S213	S114	0.316905688273369	1	0.879989798073513	TW	CW	Between groups	Dispersal limitation
S214	S114	0.531063721933189	1	0.894383394383394	TW	CW	Between groups	Dispersal limitation
S215	S114	1.64575108315145	1	0.917164075469225	TW	CW	Between groups	Dispersal limitation
S216	S114	1.17024868048248	1	0.921586874341867	TW	CW	Between groups	Dispersal limitation
S217	S114	1.79609586451324	1	0.921112878349723	TW	CW	Between groups	Dispersal limitation
S218	S114	0.712453300760301	1	0.804066293263077	TW	CW	Between groups	Dispersal limitation
S219	S114	1.43143919547695	1	0.805704382430301	TW	CW	Between groups	Dispersal limitation
S220	S114	0.530487028743021	1	0.869321981289275	TW	CW	Between groups	Dispersal limitation
S221	S114	0.289686187165995	1	0.863557276057276	TW	CW	Between groups	Dispersal limitation
S222	S114	-0.1136835102712	1	0.893940173063752	TW	CW	Between groups	Dispersal limitation
S223	S114	1.39043019511782	1	0.879058720018925	TW	CW	Between groups	Dispersal limitation
S224	S114	1.52686922090931	1	0.863177909214494	TW	CW	Between groups	Dispersal limitation
S225	S114	0.366196876782269	1	0.907134514794564	TW	CW	Between groups	Dispersal limitation
S162	S161	-0.43460188404655	0.661661661661662	0.283393551405448	CW	CW	Within CW	Undominated
S164	S161	0.485003791487283	1	0.511506118088598	CW	CW	Within CW	Dispersal limitation
S165	S161	-0.295103106544288	1	0.402800041622985	CW	CW	Within CW	Dispersal limitation
S166	S161	1.13645099151579	1	0.445859196769495	CW	CW	Within CW	Dispersal limitation
S167	S161	-0.736238475117502	1	0.627312247426568	CW	CW	Within CW	Dispersal limitation
S168	S161	-0.241358682249221	1	0.587102772028365	CW	CW	Within CW	Dispersal limitation
S169	S161	-0.416811699341828	1	0.629701588538621	CW	CW	Within CW	Dispersal limitation
S170	S161	-0.01360598342419	0.957957957957958	0.350219513680383	CW	CW	Within CW	Dispersal limitation
S171	S161	-0.601702207981485	1	0.423178273181496	CW	CW	Within CW	Dispersal limitation
S172	S161	0.675913611096458	1	0.38121229961934	CW	CW	Within CW	Dispersal limitation
S173	S161	-0.475595991458793	1	0.386037980681723	CW	CW	Within CW	Dispersal limitation
S174	S161	-0.669031650189789	1	0.421980900265054	CW	CW	Within CW	Dispersal limitation
S175	S161	-0.778297668618896	1	0.428436940415495	CW	CW	Within CW	Dispersal limitation
S176	S161	-0.480342116234858	1	0.545315936000347	CW	CW	Within CW	Dispersal limitation
S177	S161	-0.86785238418289	1	0.558842954412218	CW	CW	Within CW	Dispersal limitation
S179	S161	0.450611776851346	1	0.726388206082405	CW	CW	Within CW	Dispersal limitation
S182	S161	-0.12204299348596	1	0.724283939549627	CW	CW	Within CW	Dispersal limitation
S187	S161	1.61314422203089	1	0.792055571889142	TW	CW	Between groups	Dispersal limitation
S188	S161	0.932863553440598	1	0.781756274916148	TW	CW	Between groups	Dispersal limitation
S191	S161	0.50351917119086	1	0.792665903498629	TW	CW	Between groups	Dispersal limitation
S194	S161	0.142715314543011	1	0.822079074631291	TW	CW	Between groups	Dispersal limitation
S196	S161	0.24079201301636	1	0.765414342469951	TW	CW	Between groups	Dispersal limitation
S197	S161	-0.818062241061355	1	0.762731384269848	TW	CW	Between groups	Dispersal limitation
S198	S161	-0.785362489269164	1	0.768636844519835	TW	CW	Between groups	Dispersal limitation
S201	S161	0.27991867237024	1	0.786668708742334	TW	CW	Between groups	Dispersal limitation
S202	S161	-0.371052358214951	1	0.823407699238017	TW	CW	Between groups	Dispersal limitation
S203	S161	0.401035599468155	1	0.815233711950346	TW	CW	Between groups	Dispersal limitation
S204	S161	-0.601079422141874	1	0.767358134411442	TW	CW	Between groups	Dispersal limitation
S205	S161	-1.02359781834032	1	0.763780100273258	TW	CW	Between groups	Dispersal limitation
S206	S161	-0.867894083598676	1	0.794609454705645	TW	CW	Between groups	Dispersal limitation
S207	S161	-0.328283801603474	1	0.800802845140753	TW	CW	Between groups	Dispersal limitation
S208	S161	-0.490629085965324	1	0.795639124219377	TW	CW	Between groups	Dispersal limitation
S209	S161	1.50192578513767	1	0.786273288729105	TW	CW	Between groups	Dispersal limitation
S210	S161	0.246713648165571	1	0.803251587445697	TW	CW	Between groups	Dispersal limitation
S213	S161	0.739969263267797	1	0.763865349879243	TW	CW	Between groups	Dispersal limitation
S214	S161	-0.412704788426354	1	0.762334201497702	TW	CW	Between groups	Dispersal limitation
S215	S161	0.797255945778504	1	0.798689626841111	TW	CW	Between groups	Dispersal limitation
S216	S161	0.275372302728205	1	0.814581681529499	TW	CW	Between groups	Dispersal limitation
S217	S161	0.0480285768601037	1	0.812609030619837	TW	CW	Between groups	Dispersal limitation
S218	S161	0.89408236041338	1	0.777280351553871	TW	CW	Between groups	Dispersal limitation
S219	S161	0.0159539433938551	1	0.779309347939034	TW	CW	Between groups	Dispersal limitation
S220	S161	0.495362668173172	1	0.775019240407552	TW	CW	Between groups	Dispersal limitation
S221	S161	0.642317206789518	1	0.775422331505982	TW	CW	Between groups	Dispersal limitation
S222	S161	-0.256115653520507	1	0.814597833699677	TW	CW	Between groups	Dispersal limitation
S223	S161	-0.164648357478963	1	0.829111623659495	TW	CW	Between groups	Dispersal limitation
S224	S161	0.248742317306758	1	0.763844123623406	TW	CW	Between groups	Dispersal limitation
S225	S161	-0.794814025352964	1	0.799223954455989	TW	CW	Between groups	Dispersal limitation
S164	S162	0.395584065635991	0.997997997997998	0.398638080074181	CW	CW	Within CW	Dispersal limitation
S165	S162	0.769923784704894	1	0.323090646324814	CW	CW	Within CW	Dispersal limitation
S166	S162	2.49926031998563	0.997997997997998	0.322076944866933	CW	CW	Within CW	Heterogeneous selection
S167	S162	0.544583354685517	1	0.556887344363576	CW	CW	Within CW	Dispersal limitation
S168	S162	-0.232343099644336	1	0.532424801987723	CW	CW	Within CW	Dispersal limitation
S169	S162	-0.118287741917731	1	0.607106675439363	CW	CW	Within CW	Dispersal limitation
S170	S162	2.33519664735332	1	0.411668218364419	CW	CW	Within CW	Heterogeneous selection
S171	S162	1.50769892355153	1	0.48288633296185	CW	CW	Within CW	Dispersal limitation
S172	S162	2.37182309501249	1	0.44339802061387	CW	CW	Within CW	Heterogeneous selection
S173	S162	3.39727111617257	1	0.426927910182323	CW	CW	Within CW	Heterogeneous selection
S174	S162	0.254639408294964	1	0.484791135049118	CW	CW	Within CW	Dispersal limitation
S175	S162	0.958866584719298	1	0.424890412987855	CW	CW	Within CW	Dispersal limitation
S176	S162	0.443159527775212	1	0.494650715071507	CW	CW	Within CW	Dispersal limitation
S177	S162	-0.471335318444302	1	0.533293220151709	CW	CW	Within CW	Dispersal limitation
S179	S162	0.358557530601202	1	0.670299838494488	CW	CW	Within CW	Dispersal limitation
S182	S162	-0.225757806628792	1	0.671630984054204	CW	CW	Within CW	Dispersal limitation
S187	S162	1.70444432968804	1	0.771413877408548	TW	CW	Between groups	Dispersal limitation
S188	S162	2.13448146683135	1	0.763446989149479	TW	CW	Between groups	Heterogeneous selection
S191	S162	0.562464470938784	1	0.776251298079377	TW	CW	Between groups	Dispersal limitation
S194	S162	-0.923468277668223	1	0.81557703715577	TW	CW	Between groups	Dispersal limitation
S196	S162	-0.914164252836677	1	0.767681321703598	TW	CW	Between groups	Dispersal limitation
S197	S162	-0.348778336626801	1	0.74677009601248	TW	CW	Between groups	Dispersal limitation
S198	S162	-0.314372876059757	1	0.751601325887292	TW	CW	Between groups	Dispersal limitation
S201	S162	-0.0252378096530824	1	0.76744959358868	TW	CW	Between groups	Dispersal limitation
S202	S162	-0.589742001899794	1	0.806771080259092	TW	CW	Between groups	Dispersal limitation
S203	S162	-0.404094828881949	1	0.797103838564817	TW	CW	Between groups	Dispersal limitation
S204	S162	-0.992809376814037	1	0.742947340870832	TW	CW	Between groups	Dispersal limitation
S205	S162	-1.09305304059662	1	0.754716166557894	TW	CW	Between groups	Dispersal limitation
S206	S162	-1.03794918533397	1	0.778567733783785	TW	CW	Between groups	Dispersal limitation
S207	S162	-0.328531084361996	1	0.77156675533774	TW	CW	Between groups	Dispersal limitation
S208	S162	-0.489158126644953	1	0.778576229380863	TW	CW	Between groups	Dispersal limitation
S209	S162	0.395937126588696	1	0.768980667126161	TW	CW	Between groups	Dispersal limitation
S210	S162	-0.249333409641784	1	0.781114412225256	TW	CW	Between groups	Dispersal limitation
S213	S162	0.0832536425859636	1	0.749475744343008	TW	CW	Between groups	Dispersal limitation
S214	S162	1.59040589456684	1	0.74742803950725	TW	CW	Between groups	Dispersal limitation
S215	S162	0.601137157552513	1	0.783393235679667	TW	CW	Between groups	Dispersal limitation
S216	S162	-0.207097329851765	1	0.803728541924175	TW	CW	Between groups	Dispersal limitation
S217	S162	0.713909333519674	1	0.797078711630562	TW	CW	Between groups	Dispersal limitation
S218	S162	1.23617991700656	1	0.75785836847237	TW	CW	Between groups	Dispersal limitation
S219	S162	-0.283474511175644	1	0.772261537852835	TW	CW	Between groups	Dispersal limitation
S220	S162	0.172798443249677	1	0.757967620349746	TW	CW	Between groups	Dispersal limitation
S221	S162	0.239876872589765	1	0.764401440144014	TW	CW	Between groups	Dispersal limitation
S222	S162	-0.572649231516517	1	0.795179538636386	TW	CW	Between groups	Dispersal limitation
S223	S162	-0.667977951801692	1	0.825104586583226	TW	CW	Between groups	Dispersal limitation
S224	S162	-0.303244420990965	1	0.744774114853805	TW	CW	Between groups	Dispersal limitation
S225	S162	0.922882855211674	1	0.781917589917291	TW	CW	Between groups	Dispersal limitation
S165	S164	0.156937098202796	0.997997997997998	0.40819791564918	CW	CW	Within CW	Dispersal limitation
S166	S164	-0.0933498949232442	-1	0.282650995868951	CW	CW	Within CW	Homogenizing dispersal
S167	S164	-0.628491921880734	1	0.54104215886695	CW	CW	Within CW	Dispersal limitation
S168	S164	-0.882059925846094	1	0.542938357047672	CW	CW	Within CW	Dispersal limitation
S169	S164	-1.14464419828402	1	0.614228536248591	CW	CW	Within CW	Dispersal limitation
S170	S164	1.35946903305707	1	0.5328744502606	CW	CW	Within CW	Dispersal limitation
S171	S164	-0.0650331551166248	1	0.579324923156183	CW	CW	Within CW	Dispersal limitation
S172	S164	0.467223539312669	1	0.542104332780851	CW	CW	Within CW	Dispersal limitation
S173	S164	0.345643922045619	1	0.50610572087507	CW	CW	Within CW	Dispersal limitation
S174	S164	0.16966687420726	1	0.501331041195923	CW	CW	Within CW	Dispersal limitation
S175	S164	-0.220586128392627	1	0.477327396070996	CW	CW	Within CW	Dispersal limitation
S176	S164	-0.900210081096806	1	0.497573278881042	CW	CW	Within CW	Dispersal limitation
S177	S164	-0.384022605176411	1	0.463099427713518	CW	CW	Within CW	Dispersal limitation
S179	S164	-1.59384321842398	1	0.67268959504988	CW	CW	Within CW	Dispersal limitation
S182	S164	-1.29931252773749	1	0.655111152491437	CW	CW	Within CW	Dispersal limitation
S187	S164	-0.571349769277456	1	0.767561008701049	TW	CW	Between groups	Dispersal limitation
S188	S164	-0.819834009967732	1	0.779173333346908	TW	CW	Between groups	Dispersal limitation
S191	S164	-1.29009231887399	1	0.781525418329043	TW	CW	Between groups	Dispersal limitation
S194	S164	0.306125219421764	1	0.82399786613508	TW	CW	Between groups	Dispersal limitation
S196	S164	-1.0329354627605	1	0.759456969016812	TW	CW	Between groups	Dispersal limitation
S197	S164	-0.694305030760346	1	0.750171740859184	TW	CW	Between groups	Dispersal limitation
S198	S164	-1.2659409412551	1	0.756826241768965	TW	CW	Between groups	Dispersal limitation
S201	S164	0.569688476042386	1	0.764613015964639	TW	CW	Between groups	Dispersal limitation
S202	S164	-0.419933219570489	1	0.783533536963152	TW	CW	Between groups	Dispersal limitation
S203	S164	0.181599454259444	1	0.77862807149581	TW	CW	Between groups	Dispersal limitation
S204	S164	1.45751136730883	1	0.719268671888298	TW	CW	Between groups	Dispersal limitation
S205	S164	2.69357133164151	1	0.739564846290123	TW	CW	Between groups	Heterogeneous selection
S206	S164	-1.10072704289032	1	0.760857202314646	TW	CW	Between groups	Dispersal limitation
S207	S164	-1.09878532399932	1	0.77016013534538	TW	CW	Between groups	Dispersal limitation
S208	S164	-0.0574497725637152	1	0.775610660693454	TW	CW	Between groups	Dispersal limitation
S209	S164	-0.337479753505493	1	0.768720012907651	TW	CW	Between groups	Dispersal limitation
S210	S164	-0.499652047143878	1	0.784724610160402	TW	CW	Between groups	Dispersal limitation
S213	S164	0.32556314190979	1	0.734821502032158	TW	CW	Between groups	Dispersal limitation
S214	S164	-0.840594521973451	1	0.743505108569803	TW	CW	Between groups	Dispersal limitation
S215	S164	0.192773615307792	1	0.771536787283067	TW	CW	Between groups	Dispersal limitation
S216	S164	-0.849856195216607	1	0.768904182965844	TW	CW	Between groups	Dispersal limitation
S217	S164	-0.277778108911354	1	0.80096810881177	TW	CW	Between groups	Dispersal limitation
S218	S164	-0.639231893356418	1	0.75730658230206	TW	CW	Between groups	Dispersal limitation
S219	S164	-0.228121680568989	1	0.767234968748385	TW	CW	Between groups	Dispersal limitation
S220	S164	-0.0386735059527295	1	0.75550736532025	TW	CW	Between groups	Dispersal limitation
S221	S164	0.00317844805078688	1	0.758932850199024	TW	CW	Between groups	Dispersal limitation
S222	S164	-0.827450866148672	1	0.804474607085059	TW	CW	Between groups	Dispersal limitation
S223	S164	-0.694213354317317	1	0.826265153954011	TW	CW	Between groups	Dispersal limitation
S224	S164	0.61337716658078	1	0.746392913584428	TW	CW	Between groups	Dispersal limitation
S225	S164	-0.850789341320821	1	0.778275925724043	TW	CW	Between groups	Dispersal limitation
S166	S165	1.47196213289867	0.98998998998999	0.330413437960328	CW	CW	Within CW	Dispersal limitation
S167	S165	2.4110371625954	1	0.534520526977857	CW	CW	Within CW	Heterogeneous selection
S168	S165	0.796293594702813	1	0.520251548522786	CW	CW	Within CW	Dispersal limitation
S169	S165	-0.286402005431128	1	0.580183818160939	CW	CW	Within CW	Dispersal limitation
S170	S165	2.49491225023104	1	0.474838488913989	CW	CW	Within CW	Heterogeneous selection
S171	S165	2.79136890126917	1	0.530844959189008	CW	CW	Within CW	Heterogeneous selection
S172	S165	2.79041093856446	1	0.474411728297694	CW	CW	Within CW	Heterogeneous selection
S173	S165	-0.173193342570319	1	0.478938108641181	CW	CW	Within CW	Dispersal limitation
S174	S165	-0.756252892548514	1	0.506836096287649	CW	CW	Within CW	Dispersal limitation
S175	S165	2.284583667068	1	0.467960687467721	CW	CW	Within CW	Heterogeneous selection
S176	S165	-0.374439383433533	1	0.413611911823793	CW	CW	Within CW	Dispersal limitation
S177	S165	-0.329907478787203	1	0.540976087624328	CW	CW	Within CW	Dispersal limitation
S179	S165	-0.415484195302767	1	0.618664298621903	CW	CW	Within CW	Dispersal limitation
S182	S165	-0.345935347530565	1	0.632068374361781	CW	CW	Within CW	Dispersal limitation
S187	S165	-0.116369175007439	1	0.750003756877091	TW	CW	Between groups	Dispersal limitation
S188	S165	-0.968491432716377	1	0.74117075547422	TW	CW	Between groups	Dispersal limitation
S191	S165	1.15354752480236	1	0.756710892793468	TW	CW	Between groups	Dispersal limitation
S194	S165	-0.282940496357633	1	0.813375812597744	TW	CW	Between groups	Dispersal limitation
S196	S165	-0.826363828338741	1	0.745167772595405	TW	CW	Between groups	Dispersal limitation
S197	S165	-0.244358643512732	1	0.713344137033297	TW	CW	Between groups	Dispersal limitation
S198	S165	-0.180267477488616	1	0.72156490004381	TW	CW	Between groups	Dispersal limitation
S201	S165	0.100870424219385	1	0.735107317586981	TW	CW	Between groups	Dispersal limitation
S202	S165	-0.0560871661308276	1	0.775646510647098	TW	CW	Between groups	Dispersal limitation
S203	S165	1.05928177220238	1	0.766879464805156	TW	CW	Between groups	Dispersal limitation
S204	S165	-1.11129533038822	1	0.717028957646105	TW	CW	Between groups	Dispersal limitation
S205	S165	4.87645555324927	1	0.725361082871092	TW	CW	Between groups	Heterogeneous selection
S206	S165	-0.940217815405268	1	0.746060833404715	TW	CW	Between groups	Dispersal limitation
S207	S165	-0.671723884940055	1	0.750975107946116	TW	CW	Between groups	Dispersal limitation
S208	S165	1.20984985392398	1	0.747689480540518	TW	CW	Between groups	Dispersal limitation
S209	S165	0.345057210421694	1	0.73271563437713	TW	CW	Between groups	Dispersal limitation
S210	S165	-0.0230486752249572	1	0.750304219796673	TW	CW	Between groups	Dispersal limitation
S213	S165	0.573997813962778	1	0.707547183894922	TW	CW	Between groups	Dispersal limitation
S214	S165	-0.299429406010814	1	0.709729357743496	TW	CW	Between groups	Dispersal limitation
S215	S165	0.102318421673011	1	0.756453484857954	TW	CW	Between groups	Dispersal limitation
S216	S165	-0.819332626660807	1	0.781849495513561	TW	CW	Between groups	Dispersal limitation
S217	S165	2.57816565337081	1	0.770992526756136	TW	CW	Between groups	Heterogeneous selection
S218	S165	-0.538880810485855	1	0.724827561585607	TW	CW	Between groups	Dispersal limitation
S219	S165	-0.621187567114186	1	0.738292817895576	TW	CW	Between groups	Dispersal limitation
S220	S165	-0.194520562342114	1	0.724695445467401	TW	CW	Between groups	Dispersal limitation
S221	S165	2.32839745714002	1	0.722775834186132	TW	CW	Between groups	Heterogeneous selection
S222	S165	-0.656911519462276	1	0.76224399713352	TW	CW	Between groups	Dispersal limitation
S223	S165	-0.346736793636797	1	0.802811077374765	TW	CW	Between groups	Dispersal limitation
S224	S165	-0.176069011962698	1	0.706594953147398	TW	CW	Between groups	Dispersal limitation
S225	S165	-0.163005099072452	1	0.757046778509587	TW	CW	Between groups	Dispersal limitation
S167	S166	0.269481683485225	1	0.558509495599018	CW	CW	Within CW	Dispersal limitation
S168	S166	0.276957753288773	1	0.548137130044966	CW	CW	Within CW	Dispersal limitation
S169	S166	-0.099927256435518	1	0.579133446408784	CW	CW	Within CW	Dispersal limitation
S170	S166	1.81452031782118	1	0.500308388697248	CW	CW	Within CW	Dispersal limitation
S171	S166	1.82580891836783	1	0.564663382903469	CW	CW	Within CW	Dispersal limitation
S172	S166	2.52763278901344	1	0.5207599798813	CW	CW	Within CW	Heterogeneous selection
S173	S166	0.794274870130594	1	0.478721475460435	CW	CW	Within CW	Dispersal limitation
S174	S166	-0.455083460373717	1	0.463715692153003	CW	CW	Within CW	Dispersal limitation
S175	S166	0.854317111092492	1	0.440587982865148	CW	CW	Within CW	Dispersal limitation
S176	S166	-0.173120552337465	1	0.460926236620572	CW	CW	Within CW	Dispersal limitation
S177	S166	-0.015256603977573	1	0.520109125767344	CW	CW	Within CW	Dispersal limitation
S179	S166	-0.559873769673161	1	0.664693893676003	CW	CW	Within CW	Dispersal limitation
S182	S166	-0.0677361489770015	1	0.659438564949358	CW	CW	Within CW	Dispersal limitation
S187	S166	0.744005694112429	1	0.768647852057382	TW	CW	Between groups	Dispersal limitation
S188	S166	-0.707411779635789	1	0.762126181858082	TW	CW	Between groups	Dispersal limitation
S191	S166	-0.354462674855953	1	0.774808165188525	TW	CW	Between groups	Dispersal limitation
S194	S166	0.392800288061159	1	0.82790772247255	TW	CW	Between groups	Dispersal limitation
S196	S166	-0.894165373093657	1	0.766315926378396	TW	CW	Between groups	Dispersal limitation
S197	S166	0.314798513141028	1	0.749700793669269	TW	CW	Between groups	Dispersal limitation
S198	S166	0.208526702984153	1	0.757104454978628	TW	CW	Between groups	Dispersal limitation
S201	S166	1.09734996473636	1	0.767897767953689	TW	CW	Between groups	Dispersal limitation
S202	S166	-0.152932597281805	1	0.799785728145961	TW	CW	Between groups	Dispersal limitation
S203	S166	0.310816532783012	1	0.779481823065047	TW	CW	Between groups	Dispersal limitation
S204	S166	1.82141001482369	1	0.708613943953205	TW	CW	Between groups	Dispersal limitation
S205	S166	3.47147982764597	1	0.749792728398259	TW	CW	Between groups	Heterogeneous selection
S206	S166	1.60398911807988	1	0.778538450336174	TW	CW	Between groups	Dispersal limitation
S207	S166	0.0455350623412174	1	0.772720425023277	TW	CW	Between groups	Dispersal limitation
S208	S166	0.428363659597126	1	0.774305444076709	TW	CW	Between groups	Dispersal limitation
S209	S166	0.571000954043968	1	0.76876385059991	TW	CW	Between groups	Dispersal limitation
S210	S166	0.689132080616139	1	0.785916683855903	TW	CW	Between groups	Dispersal limitation
S213	S166	0.875021111385743	1	0.738338710089137	TW	CW	Between groups	Dispersal limitation
S214	S166	1.74798770904818	1	0.743951081782558	TW	CW	Between groups	Dispersal limitation
S215	S166	0.225776755946806	1	0.773982991810414	TW	CW	Between groups	Dispersal limitation
S216	S166	0.167918942462505	1	0.795280214911486	TW	CW	Between groups	Dispersal limitation
S217	S166	0.661748599601364	1	0.79329012551778	TW	CW	Between groups	Dispersal limitation
S218	S166	-0.129312098341647	1	0.75758621669744	TW	CW	Between groups	Dispersal limitation
S219	S166	-0.87055918528764	1	0.772939532500055	TW	CW	Between groups	Dispersal limitation
S220	S166	-0.394646802841845	1	0.756004091219198	TW	CW	Between groups	Dispersal limitation
S221	S166	0.34499522655813	1	0.759776732905559	TW	CW	Between groups	Dispersal limitation
S222	S166	0.309858635803349	1	0.796998288867343	TW	CW	Between groups	Dispersal limitation
S223	S166	-0.0804830026826474	1	0.825446452567793	TW	CW	Between groups	Dispersal limitation
S224	S166	-0.654404115360292	1	0.745775297711246	TW	CW	Between groups	Dispersal limitation
S225	S166	-0.127140089013196	1	0.775585338249885	TW	CW	Between groups	Dispersal limitation
S168	S167	0.670053753499314	1	0.408161730732644	CW	CW	Within CW	Dispersal limitation
S169	S167	0.602187314440844	1	0.41439079993102	CW	CW	Within CW	Dispersal limitation
S170	S167	-1.06774711188868	1	0.665110157094624	CW	CW	Within CW	Dispersal limitation
S171	S167	3.49518125741324	1	0.660372637676488	CW	CW	Within CW	Heterogeneous selection
S172	S167	-0.984061721024617	1	0.649066086687357	CW	CW	Within CW	Dispersal limitation
S173	S167	-1.32687762980294	1	0.631547842374217	CW	CW	Within CW	Dispersal limitation
S174	S167	-1.30185452799354	1	0.667579024215533	CW	CW	Within CW	Dispersal limitation
S175	S167	-1.50744732725959	1	0.650230165914573	CW	CW	Within CW	Dispersal limitation
S176	S167	1.39106182017824	1	0.611549782079584	CW	CW	Within CW	Dispersal limitation
S177	S167	-0.228496872040464	1	0.614339146109876	CW	CW	Within CW	Dispersal limitation
S179	S167	4.0544504475519	1	0.540481893757927	CW	CW	Within CW	Heterogeneous selection
S182	S167	-0.227293865307328	1	0.537013136564701	CW	CW	Within CW	Dispersal limitation
S187	S167	-0.473140795913831	1	0.745530590744552	TW	CW	Between groups	Dispersal limitation
S188	S167	-0.896968001711891	1	0.73400032708289	TW	CW	Between groups	Dispersal limitation
S191	S167	3.14587109141762	1	0.746187807777211	TW	CW	Between groups	Heterogeneous selection
S194	S167	-0.0355922538088277	1	0.794489758329003	TW	CW	Between groups	Dispersal limitation
S196	S167	-0.38314095956397	1	0.733712748344371	TW	CW	Between groups	Dispersal limitation
S197	S167	-1.34362096916794	1	0.650638115949737	TW	CW	Between groups	Dispersal limitation
S198	S167	-1.27951812157087	1	0.643452152104289	TW	CW	Between groups	Dispersal limitation
S201	S167	-0.894417903329788	1	0.685961510295116	TW	CW	Between groups	Dispersal limitation
S202	S167	-1.26828106753928	1	0.757086113174041	TW	CW	Between groups	Dispersal limitation
S203	S167	-0.0437261624647551	1	0.751967024042599	TW	CW	Between groups	Dispersal limitation
S204	S167	-0.42610943167295	1	0.665694578911265	TW	CW	Between groups	Dispersal limitation
S205	S167	2.62883655494388	1	0.709646923197534	TW	CW	Between groups	Heterogeneous selection
S206	S167	-1.01069840403041	1	0.722295805739515	TW	CW	Between groups	Dispersal limitation
S207	S167	-0.569856330925882	1	0.730067111120956	TW	CW	Between groups	Dispersal limitation
S208	S167	-0.619046286256554	1	0.742146576457939	TW	CW	Between groups	Dispersal limitation
S209	S167	0.355350866153305	1	0.721080410761674	TW	CW	Between groups	Dispersal limitation
S210	S167	-0.283797212925973	1	0.71500563545897	TW	CW	Between groups	Dispersal limitation
S213	S167	-0.818025955756314	1	0.640352767284579	TW	CW	Between groups	Dispersal limitation
S214	S167	-0.595051912300317	1	0.666636545941183	TW	CW	Between groups	Dispersal limitation
S215	S167	0.636966281753777	1	0.709754448126029	TW	CW	Between groups	Dispersal limitation
S216	S167	-0.929013370196439	1	0.74441046110553	TW	CW	Between groups	Dispersal limitation
S217	S167	0.196406012745273	1	0.733071503261463	TW	CW	Between groups	Dispersal limitation
S218	S167	-0.213280030933102	1	0.662223733457086	TW	CW	Between groups	Dispersal limitation
S219	S167	-1.0715651637852	1	0.677757305802938	TW	CW	Between groups	Dispersal limitation
S220	S167	0.0534288530178248	1	0.652636645466738	TW	CW	Between groups	Dispersal limitation
S221	S167	-0.409563209243679	1	0.67979670562452	TW	CW	Between groups	Dispersal limitation
S222	S167	-0.330493255071354	1	0.749216830501886	TW	CW	Between groups	Dispersal limitation
S223	S167	-0.0740808304372945	1	0.783476044618601	TW	CW	Between groups	Dispersal limitation
S224	S167	0.437947031016248	1	0.650665380289028	TW	CW	Between groups	Dispersal limitation
S225	S167	-0.90453493001496	1	0.713542327623632	TW	CW	Between groups	Dispersal limitation
S169	S168	1.37101947054269	1	0.538855499747333	CW	CW	Within CW	Dispersal limitation
S170	S168	-0.518438250234471	1	0.637653530214581	CW	CW	Within CW	Dispersal limitation
S171	S168	0.97649297553624	1	0.64635778611294	CW	CW	Within CW	Dispersal limitation
S172	S168	0.247924356878693	1	0.646782870017484	CW	CW	Within CW	Dispersal limitation
S173	S168	0.800495821295237	1	0.609793287661604	CW	CW	Within CW	Dispersal limitation
S174	S168	-0.605123468918933	1	0.659935903611364	CW	CW	Within CW	Dispersal limitation
S175	S168	-0.636989546903989	1	0.660594369921299	CW	CW	Within CW	Dispersal limitation
S176	S168	-0.071365247820083	1	0.636221358947078	CW	CW	Within CW	Dispersal limitation
S177	S168	-0.571375373823971	1	0.642677475174086	CW	CW	Within CW	Dispersal limitation
S179	S168	1.07036808533123	1	0.588455724694629	CW	CW	Within CW	Dispersal limitation
S182	S168	0.038791020887476	1	0.561531832627547	CW	CW	Within CW	Dispersal limitation
S187	S168	-0.0092534266733147	1	0.755113454540998	TW	CW	Between groups	Dispersal limitation
S188	S168	0.599891819964405	1	0.748758191702574	TW	CW	Between groups	Dispersal limitation
S191	S168	-0.0320462923254392	1	0.755101618891585	TW	CW	Between groups	Dispersal limitation
S194	S168	-0.838170648648328	1	0.802304854288438	TW	CW	Between groups	Dispersal limitation
S196	S168	-0.30174901878672	1	0.742006424662889	TW	CW	Between groups	Dispersal limitation
S197	S168	-0.188864108191071	1	0.670176988637129	TW	CW	Between groups	Dispersal limitation
S198	S168	-0.18020385237723	1	0.675379769255989	TW	CW	Between groups	Dispersal limitation
S201	S168	-0.112901922332585	1	0.693755966042856	TW	CW	Between groups	Dispersal limitation
S202	S168	-0.554462558037013	1	0.76157560897066	TW	CW	Between groups	Dispersal limitation
S203	S168	0.345129644499278	1	0.750013573878213	TW	CW	Between groups	Dispersal limitation
S204	S168	0.182696798044656	1	0.680076229206732	TW	CW	Between groups	Dispersal limitation
S205	S168	1.91312845542065	1	0.706644871112876	TW	CW	Between groups	Dispersal limitation
S206	S168	-0.482668931469025	1	0.726850117838603	TW	CW	Between groups	Dispersal limitation
S207	S168	-0.791240429845897	1	0.747858723484727	TW	CW	Between groups	Dispersal limitation
S208	S168	-0.919984719341181	1	0.745501799674363	TW	CW	Between groups	Dispersal limitation
S209	S168	0.308294890724997	1	0.716984539950304	TW	CW	Between groups	Dispersal limitation
S210	S168	-0.366430284735704	1	0.729951138295384	TW	CW	Between groups	Dispersal limitation
S213	S168	-0.586495588294289	1	0.673166257945717	TW	CW	Between groups	Dispersal limitation
S214	S168	-0.0307652449396887	1	0.677707875040298	TW	CW	Between groups	Dispersal limitation
S215	S168	1.24542482412941	1	0.733026573055581	TW	CW	Between groups	Dispersal limitation
S216	S168	-0.269054652812232	1	0.764941994235709	TW	CW	Between groups	Dispersal limitation
S217	S168	-0.100118584350202	1	0.750641737723241	TW	CW	Between groups	Dispersal limitation
S218	S168	0.0848970698878533	1	0.685772994203882	TW	CW	Between groups	Dispersal limitation
S219	S168	-0.809306934758589	1	0.703708311631564	TW	CW	Between groups	Dispersal limitation
S220	S168	0.479446315106166	1	0.687477092849264	TW	CW	Between groups	Dispersal limitation
S221	S168	-0.367406742766265	1	0.684553008424419	TW	CW	Between groups	Dispersal limitation
S222	S168	-0.33134422426308	1	0.750456242848131	TW	CW	Between groups	Dispersal limitation
S223	S168	-0.24521666168799	1	0.785516304104862	TW	CW	Between groups	Dispersal limitation
S224	S168	-0.93931850108284	1	0.667754234498754	TW	CW	Between groups	Dispersal limitation
S225	S168	0.134120001143913	1	0.733537441939446	TW	CW	Between groups	Dispersal limitation
S170	S169	-0.209193338365501	1	0.646872315619249	CW	CW	Within CW	Dispersal limitation
S171	S169	3.83497344260961	1	0.664664891409	CW	CW	Within CW	Heterogeneous selection
S172	S169	0.0622916128335241	1	0.651261881056416	CW	CW	Within CW	Dispersal limitation
S173	S169	-0.847480512960678	1	0.623131141841763	CW	CW	Within CW	Dispersal limitation
S174	S169	-0.613846574566858	1	0.659295316260326	CW	CW	Within CW	Dispersal limitation
S175	S169	-0.238297109297893	1	0.644230410021748	CW	CW	Within CW	Dispersal limitation
S176	S169	-0.106550382176233	1	0.627577866118698	CW	CW	Within CW	Dispersal limitation
S177	S169	0.137918226189701	1	0.643114716351996	CW	CW	Within CW	Dispersal limitation
S179	S169	3.87546080203621	1	0.622929630431803	CW	CW	Within CW	Heterogeneous selection
S182	S169	-0.0959942006691277	1	0.612604677158181	CW	CW	Within CW	Dispersal limitation
S187	S169	-0.0833375645971752	1	0.746774900466121	TW	CW	Between groups	Dispersal limitation
S188	S169	-0.503590413317029	1	0.734535442809137	TW	CW	Between groups	Dispersal limitation
S191	S169	3.60046538576677	1	0.754749941670339	TW	CW	Between groups	Heterogeneous selection
S194	S169	0.249036302909531	1	0.811031835609029	TW	CW	Between groups	Dispersal limitation
S196	S169	0.7402610260606	1	0.75063824869419	TW	CW	Between groups	Dispersal limitation
S197	S169	0.799144043845828	1	0.671641437151193	TW	CW	Between groups	Dispersal limitation
S198	S169	0.7449237659898	1	0.669885770392068	TW	CW	Between groups	Dispersal limitation
S201	S169	0.506266679229028	1	0.705145935618274	TW	CW	Between groups	Dispersal limitation
S202	S169	-0.117880826951692	1	0.777613855946399	TW	CW	Between groups	Dispersal limitation
S203	S169	0.0801581041959508	1	0.767387561740673	TW	CW	Between groups	Dispersal limitation
S204	S169	2.06115107137751	1	0.65676124371797	TW	CW	Between groups	Heterogeneous selection
S205	S169	-0.917228954262268	1	0.717620791038749	TW	CW	Between groups	Dispersal limitation
S206	S169	0.588837143403359	1	0.725422570790784	TW	CW	Between groups	Dispersal limitation
S207	S169	-0.0589469184795991	1	0.739468937787591	TW	CW	Between groups	Dispersal limitation
S208	S169	0.202866564708765	1	0.735853874536432	TW	CW	Between groups	Dispersal limitation
S209	S169	2.36591905249718	1	0.726433840481427	TW	CW	Between groups	Heterogeneous selection
S210	S169	0.419437493939316	1	0.728433434049957	TW	CW	Between groups	Dispersal limitation
S213	S169	1.28909339874686	1	0.666979457159898	TW	CW	Between groups	Dispersal limitation
S214	S169	0.0255841323534373	1	0.677153566565097	TW	CW	Between groups	Dispersal limitation
S215	S169	2.09971333331676	1	0.725529171817862	TW	CW	Between groups	Heterogeneous selection
S216	S169	0.915181496568352	1	0.758032056397484	TW	CW	Between groups	Dispersal limitation
S217	S169	1.03345921173888	1	0.743864765998264	TW	CW	Between groups	Dispersal limitation
S218	S169	0.423130537531312	1	0.679140344742373	TW	CW	Between groups	Dispersal limitation
S219	S169	-0.04127386145831	1	0.711683691723944	TW	CW	Between groups	Dispersal limitation
S220	S169	0.301890535368425	1	0.690348705412013	TW	CW	Between groups	Dispersal limitation
S221	S169	0.210150558692185	1	0.704185859510118	TW	CW	Between groups	Dispersal limitation
S222	S169	0.460355639544516	1	0.760479528817054	TW	CW	Between groups	Dispersal limitation
S223	S169	0.115655210479902	1	0.78588657271728	TW	CW	Between groups	Dispersal limitation
S224	S169	0.409415176489056	1	0.674508062990554	TW	CW	Between groups	Dispersal limitation
S225	S169	0.115619976268946	1	0.728738294923844	TW	CW	Between groups	Dispersal limitation
S171	S170	0.4558845967008	-0.997997997997998	0.270187001054624	CW	CW	Within CW	Homogenizing dispersal
S172	S170	0.556353690987493	-1	0.22781634868815	CW	CW	Within CW	Homogenizing dispersal
S173	S170	1.13376548088009	-1	0.251317462206706	CW	CW	Within CW	Homogenizing dispersal
S174	S170	-0.552593099859082	-0.995995995995996	0.276645310960197	CW	CW	Within CW	Homogenizing dispersal
S175	S170	-0.127085518380062	-0.997997997997998	0.287479781554398	CW	CW	Within CW	Homogenizing dispersal
S176	S170	2.42278051580113	1	0.527846233058223	CW	CW	Within CW	Heterogeneous selection
S177	S170	-0.331940584521366	1	0.514958731889992	CW	CW	Within CW	Dispersal limitation
S179	S170	-0.711804248448035	1	0.740617033068539	CW	CW	Within CW	Dispersal limitation
S182	S170	-0.330449433489613	1	0.736311062943103	CW	CW	Within CW	Dispersal limitation
S187	S170	1.83659521934888	1	0.790412918772691	TW	CW	Between groups	Dispersal limitation
S188	S170	0.373468871004692	1	0.786024983562375	TW	CW	Between groups	Dispersal limitation
S191	S170	-0.248546838524325	1	0.796816290737597	TW	CW	Between groups	Dispersal limitation
S194	S170	0.313987698922058	1	0.822677274326209	TW	CW	Between groups	Dispersal limitation
S196	S170	0.137705044370233	1	0.760983313979573	TW	CW	Between groups	Dispersal limitation
S197	S170	-0.213363096095946	1	0.761613389015074	TW	CW	Between groups	Dispersal limitation
S198	S170	-0.401123428085651	1	0.770495593288386	TW	CW	Between groups	Dispersal limitation
S201	S170	0.297730953469599	1	0.784968061140157	TW	CW	Between groups	Dispersal limitation
S202	S170	-0.023688808809773	1	0.825687892755351	TW	CW	Between groups	Dispersal limitation
S203	S170	-0.0738865456209952	1	0.819115235878175	TW	CW	Between groups	Dispersal limitation
S204	S170	-0.962731559621692	1	0.763860812985959	TW	CW	Between groups	Dispersal limitation
S205	S170	3.16151005679546	1	0.763048343750511	TW	CW	Between groups	Heterogeneous selection
S206	S170	-0.306117885570999	1	0.786193474799883	TW	CW	Between groups	Dispersal limitation
S207	S170	-0.12655386705929	1	0.796182257462268	TW	CW	Between groups	Dispersal limitation
S208	S170	0.226329347628021	1	0.785159047143951	TW	CW	Between groups	Dispersal limitation
S209	S170	1.73267515270965	1	0.781019152586076	TW	CW	Between groups	Dispersal limitation
S210	S170	0.0695362597106137	1	0.795074703125976	TW	CW	Between groups	Dispersal limitation
S213	S170	1.4641169057344	1	0.753899865414263	TW	CW	Between groups	Dispersal limitation
S214	S170	0.924504670146561	1	0.750192296977815	TW	CW	Between groups	Dispersal limitation
S215	S170	0.883329923583274	1	0.790386374370716	TW	CW	Between groups	Dispersal limitation
S216	S170	0.850444641573051	1	0.808843966474755	TW	CW	Between groups	Dispersal limitation
S217	S170	1.583489355266	1	0.805772027519379	TW	CW	Between groups	Dispersal limitation
S218	S170	0.469667471758283	1	0.778711594065193	TW	CW	Between groups	Dispersal limitation
S219	S170	1.00674045322674	1	0.782315352923356	TW	CW	Between groups	Dispersal limitation
S220	S170	0.914396189324919	1	0.770902080792542	TW	CW	Between groups	Dispersal limitation
S221	S170	0.132583063082175	1	0.774727450092312	TW	CW	Between groups	Dispersal limitation
S222	S170	-0.185254716911312	1	0.809768564534132	TW	CW	Between groups	Dispersal limitation
S223	S170	-0.109751991390524	1	0.825692955991219	TW	CW	Between groups	Dispersal limitation
S224	S170	0.815812682229233	1	0.759683425275292	TW	CW	Between groups	Dispersal limitation
S225	S170	-0.725942971216697	1	0.789833295346983	TW	CW	Between groups	Dispersal limitation
S172	S171	1.80103680942062	-0.987987987987988	0.249321649018316	CW	CW	Within CW	Homogenizing dispersal
S173	S171	0.459545571140657	0.963963963963964	0.343158929010072	CW	CW	Within CW	Dispersal limitation
S174	S171	-0.759176435600131	-0.309309309309309	0.29788219260647	CW	CW	Within CW	Undominated
S175	S171	-0.397563454426306	1	0.377957481286344	CW	CW	Within CW	Dispersal limitation
S176	S171	2.33632783190264	1	0.581803201506591	CW	CW	Within CW	Heterogeneous selection
S177	S171	-0.25084088619339	1	0.546294567199756	CW	CW	Within CW	Dispersal limitation
S179	S171	-0.807401699803237	1	0.729599896437257	CW	CW	Within CW	Dispersal limitation
S182	S171	0.120675752728705	1	0.725706983378214	CW	CW	Within CW	Dispersal limitation
S187	S171	1.25322836961159	1	0.784187610332064	TW	CW	Between groups	Dispersal limitation
S188	S171	-1.33704295762762	1	0.780006042738912	TW	CW	Between groups	Dispersal limitation
S191	S171	-1.28491073569433	1	0.78866756271628	TW	CW	Between groups	Dispersal limitation
S194	S171	1.46868478342158	1	0.819441264820879	TW	CW	Between groups	Dispersal limitation
S196	S171	0.0498195779883326	1	0.758784676952049	TW	CW	Between groups	Dispersal limitation
S197	S171	0.0669348098747839	1	0.751558742795216	TW	CW	Between groups	Dispersal limitation
S198	S171	0.864403813527412	1	0.761442303414811	TW	CW	Between groups	Dispersal limitation
S201	S171	0.181420720408187	1	0.78266225131945	TW	CW	Between groups	Dispersal limitation
S202	S171	-0.182813506673412	1	0.81922125704033	TW	CW	Between groups	Dispersal limitation
S203	S171	-0.160108391334352	1	0.811206945634014	TW	CW	Between groups	Dispersal limitation
S204	S171	-0.973743959708829	1	0.754567722647921	TW	CW	Between groups	Dispersal limitation
S205	S171	-0.635670836375002	1	0.758235942087046	TW	CW	Between groups	Dispersal limitation
S206	S171	-0.847294547517349	1	0.781078112967214	TW	CW	Between groups	Dispersal limitation
S207	S171	0.0316801836179121	1	0.789143976468957	TW	CW	Between groups	Dispersal limitation
S208	S171	0.128980032632926	1	0.782081523048284	TW	CW	Between groups	Dispersal limitation
S209	S171	1.82763492516959	1	0.781319699933569	TW	CW	Between groups	Dispersal limitation
S210	S171	-1.29776062228507	1	0.793319895932941	TW	CW	Between groups	Dispersal limitation
S213	S171	0.955503914686833	1	0.749048564825533	TW	CW	Between groups	Dispersal limitation
S214	S171	0.186998563357219	1	0.747397611804394	TW	CW	Between groups	Dispersal limitation
S215	S171	0.800490121545782	1	0.785590569915099	TW	CW	Between groups	Dispersal limitation
S216	S171	-0.933761692079316	1	0.803518401391405	TW	CW	Between groups	Dispersal limitation
S217	S171	0.0727928365956282	1	0.801121093694688	TW	CW	Between groups	Dispersal limitation
S218	S171	0.0857020751008097	1	0.772840348218885	TW	CW	Between groups	Dispersal limitation
S219	S171	-0.728645157803618	1	0.776283199598619	TW	CW	Between groups	Dispersal limitation
S220	S171	-0.333877866465399	1	0.764636682145207	TW	CW	Between groups	Dispersal limitation
S221	S171	-1.02307958901872	1	0.76963839675704	TW	CW	Between groups	Dispersal limitation
S222	S171	-1.20689933603483	1	0.80733477674918	TW	CW	Between groups	Dispersal limitation
S223	S171	-0.962384594638332	1	0.823757285208227	TW	CW	Between groups	Dispersal limitation
S224	S171	0.379249545937535	1	0.753562784650011	TW	CW	Between groups	Dispersal limitation
S225	S171	-1.01051132726062	1	0.782665654171123	TW	CW	Between groups	Dispersal limitation
S173	S172	1.40128510470052	-0.867867867867868	0.283494539490849	CW	CW	Within CW	Undominated
S174	S172	0.799465375471819	-1	0.244758217199878	CW	CW	Within CW	Homogenizing dispersal
S175	S172	0.169598097733076	-0.541541541541542	0.300279818317197	CW	CW	Within CW	Undominated
S176	S172	2.56898673650143	1	0.545905346873982	CW	CW	Within CW	Heterogeneous selection
S177	S172	-0.374691476844648	1	0.507032555041709	CW	CW	Within CW	Dispersal limitation
S179	S172	-0.684409584506989	1	0.726747271728035	CW	CW	Within CW	Dispersal limitation
S182	S172	-0.592381357340361	1	0.721257776578215	CW	CW	Within CW	Dispersal limitation
S187	S172	1.02893044503023	1	0.790597203761373	TW	CW	Between groups	Dispersal limitation
S188	S172	-1.2068908770177	1	0.787411589690119	TW	CW	Between groups	Dispersal limitation
S191	S172	-0.997270423509312	1	0.7909965198735	TW	CW	Between groups	Dispersal limitation
S194	S172	0.516360741798406	1	0.815557511116829	TW	CW	Between groups	Dispersal limitation
S196	S172	-0.364647823631455	1	0.750338253382533	TW	CW	Between groups	Dispersal limitation
S197	S172	-0.62646385701705	1	0.758536833360454	TW	CW	Between groups	Dispersal limitation
S198	S172	-1.04131819315203	1	0.768274969717534	TW	CW	Between groups	Dispersal limitation
S201	S172	0.205342878443141	1	0.784327764314592	TW	CW	Between groups	Dispersal limitation
S202	S172	0.119977419684693	1	0.821999180371784	TW	CW	Between groups	Dispersal limitation
S203	S172	-0.328260576868553	1	0.819433817570976	TW	CW	Between groups	Dispersal limitation
S204	S172	1.46263746707023	1	0.759557465641357	TW	CW	Between groups	Dispersal limitation
S205	S172	3.05943260589619	1	0.766082866500612	TW	CW	Between groups	Heterogeneous selection
S206	S172	-0.38114537798645	1	0.793354413440067	TW	CW	Between groups	Dispersal limitation
S207	S172	-0.23636935798547	1	0.796806801680059	TW	CW	Between groups	Dispersal limitation
S208	S172	0.418554952224599	1	0.788961614400007	TW	CW	Between groups	Dispersal limitation
S209	S172	1.18698712692231	1	0.78277228377903	TW	CW	Between groups	Dispersal limitation
S210	S172	-0.243918864397765	1	0.79524992862188	TW	CW	Between groups	Dispersal limitation
S213	S172	0.325018583182922	1	0.752007805599995	TW	CW	Between groups	Dispersal limitation
S214	S172	0.143282725285514	1	0.752155337487439	TW	CW	Between groups	Dispersal limitation
S215	S172	1.80746490383919	1	0.789417257853574	TW	CW	Between groups	Dispersal limitation
S216	S172	0.507095891504023	1	0.809323136061101	TW	CW	Between groups	Dispersal limitation
S217	S172	0.83278670333516	1	0.804015573990327	TW	CW	Between groups	Dispersal limitation
S218	S172	-0.0426773729518988	1	0.778942964616954	TW	CW	Between groups	Dispersal limitation
S219	S172	-0.0110608875377366	1	0.782895710313035	TW	CW	Between groups	Dispersal limitation
S220	S172	0.816564867251354	1	0.772113006313414	TW	CW	Between groups	Dispersal limitation
S221	S172	-0.188947286687516	1	0.77313150837136	TW	CW	Between groups	Dispersal limitation
S222	S172	-0.109534508370799	1	0.811940014553856	TW	CW	Between groups	Dispersal limitation
S223	S172	0.125774838200458	1	0.824165875741802	TW	CW	Between groups	Dispersal limitation
S224	S172	1.40738708206558	1	0.760674268904852	TW	CW	Between groups	Dispersal limitation
S225	S172	-0.393729435072602	1	0.789349741228174	TW	CW	Between groups	Dispersal limitation
S174	S173	-0.84390495456747	-0.997997997997998	0.278910176032038	CW	CW	Within CW	Homogenizing dispersal
S175	S173	0.508460209525054	-1	0.257577427611835	CW	CW	Within CW	Homogenizing dispersal
S176	S173	-0.42142448881092	1	0.514063432541694	CW	CW	Within CW	Dispersal limitation
S177	S173	-0.508832661054408	1	0.472052305857129	CW	CW	Within CW	Dispersal limitation
S179	S173	-0.624342312964462	1	0.708376830282475	CW	CW	Within CW	Dispersal limitation
S182	S173	-0.0294438302972111	1	0.698547601050747	CW	CW	Within CW	Dispersal limitation
S187	S173	1.0849936719971	1	0.778130716333918	TW	CW	Between groups	Dispersal limitation
S188	S173	0.103699843919712	1	0.772136062527978	TW	CW	Between groups	Dispersal limitation
S191	S173	-0.194640713030917	1	0.777357955734001	TW	CW	Between groups	Dispersal limitation
S194	S173	1.77053641233825	1	0.815330192935911	TW	CW	Between groups	Dispersal limitation
S196	S173	4.92970632794523	1	0.743940962419223	TW	CW	Between groups	Heterogeneous selection
S197	S173	-0.965977377280636	1	0.725349550906125	TW	CW	Between groups	Dispersal limitation
S198	S173	-1.1166713292564	1	0.737870848980349	TW	CW	Between groups	Dispersal limitation
S201	S173	-0.0626444299912326	1	0.747592000221944	TW	CW	Between groups	Dispersal limitation
S202	S173	-0.348183671689096	1	0.805822560537071	TW	CW	Between groups	Dispersal limitation
S203	S173	-0.182959752604686	1	0.804800246036981	TW	CW	Between groups	Dispersal limitation
S204	S173	-0.92406239303381	1	0.744708608183486	TW	CW	Between groups	Dispersal limitation
S205	S173	-0.828241792251332	1	0.735696930649277	TW	CW	Between groups	Dispersal limitation
S206	S173	-0.72866483284538	1	0.774150039741749	TW	CW	Between groups	Dispersal limitation
S207	S173	0.423193806261513	1	0.777227120705382	TW	CW	Between groups	Dispersal limitation
S208	S173	0.512758917543914	1	0.770496437878346	TW	CW	Between groups	Dispersal limitation
S209	S173	1.74547353015786	1	0.759666820381452	TW	CW	Between groups	Dispersal limitation
S210	S173	-0.00510503374749337	1	0.768079944131263	TW	CW	Between groups	Dispersal limitation
S213	S173	1.19057277771254	1	0.723870986951312	TW	CW	Between groups	Dispersal limitation
S214	S173	-0.0885518400371118	1	0.715103133581396	TW	CW	Between groups	Dispersal limitation
S215	S173	0.370817219681516	1	0.765448075227127	TW	CW	Between groups	Dispersal limitation
S216	S173	0.100364250352554	1	0.792951486950003	TW	CW	Between groups	Dispersal limitation
S217	S173	0.208933134385056	1	0.787773782281791	TW	CW	Between groups	Dispersal limitation
S218	S173	-0.361234086497746	1	0.750904139794094	TW	CW	Between groups	Dispersal limitation
S219	S173	0.234582571811097	1	0.753012992044573	TW	CW	Between groups	Dispersal limitation
S220	S173	-0.0411252741654522	1	0.743474691761848	TW	CW	Between groups	Dispersal limitation
S221	S173	-0.0244009907074656	1	0.74655457264153	TW	CW	Between groups	Dispersal limitation
S222	S173	-0.36821533338673	1	0.779132996254529	TW	CW	Between groups	Dispersal limitation
S223	S173	-0.6269360516223	1	0.8064499364033	TW	CW	Between groups	Dispersal limitation
S224	S173	-0.0688289577860792	1	0.733329540858703	TW	CW	Between groups	Dispersal limitation
S225	S173	-0.904963299319149	1	0.764275381095206	TW	CW	Between groups	Dispersal limitation
S175	S174	-0.382457221930695	-1	0.262625590034649	CW	CW	Within CW	Homogenizing dispersal
S176	S174	-1.42043508801628	1	0.551425589277701	CW	CW	Within CW	Dispersal limitation
S177	S174	-0.702994267558501	1	0.518777212700579	CW	CW	Within CW	Dispersal limitation
S179	S174	-1.01298634542233	1	0.736980178946016	CW	CW	Within CW	Dispersal limitation
S182	S174	-0.658898396626832	1	0.736444079041735	CW	CW	Within CW	Dispersal limitation
S187	S174	0.584717474651287	1	0.794796454707809	TW	CW	Between groups	Dispersal limitation
S188	S174	-0.839152797208468	1	0.787387981780168	TW	CW	Between groups	Dispersal limitation
S191	S174	-0.984728954689253	1	0.793009465428081	TW	CW	Between groups	Dispersal limitation
S194	S174	1.25637898969673	1	0.822954539190309	TW	CW	Between groups	Dispersal limitation
S196	S174	1.0898517251217	1	0.76117328973843	TW	CW	Between groups	Dispersal limitation
S197	S174	-0.596043904264902	1	0.752413252053616	TW	CW	Between groups	Dispersal limitation
S198	S174	-0.840998782910187	1	0.760389814225977	TW	CW	Between groups	Dispersal limitation
S201	S174	0.0452486342825939	1	0.780196801860756	TW	CW	Between groups	Dispersal limitation
S202	S174	-0.348336172472867	1	0.825546208415715	TW	CW	Between groups	Dispersal limitation
S203	S174	-0.622835711978763	1	0.82224760706395	TW	CW	Between groups	Dispersal limitation
S204	S174	-0.915046732897645	1	0.762660149079831	TW	CW	Between groups	Dispersal limitation
S205	S174	3.4755091919614	1	0.762720451788946	TW	CW	Between groups	Heterogeneous selection
S206	S174	-0.806739719000307	1	0.795781552651247	TW	CW	Between groups	Dispersal limitation
S207	S174	-0.0916151677090526	1	0.795884213765414	TW	CW	Between groups	Dispersal limitation
S208	S174	0.393309352521215	1	0.787931116961133	TW	CW	Between groups	Dispersal limitation
S209	S174	1.30045720906736	1	0.778835236722874	TW	CW	Between groups	Dispersal limitation
S210	S174	-0.106934294487089	1	0.787923028353495	TW	CW	Between groups	Dispersal limitation
S213	S174	1.37550727660903	1	0.74685667103727	TW	CW	Between groups	Dispersal limitation
S214	S174	0.454069091892042	1	0.747329743808615	TW	CW	Between groups	Dispersal limitation
S215	S174	1.18899924548005	1	0.786708787427917	TW	CW	Between groups	Dispersal limitation
S216	S174	-0.0751724589875437	1	0.804477104965843	TW	CW	Between groups	Dispersal limitation
S217	S174	0.535887866761721	1	0.799305482014896	TW	CW	Between groups	Dispersal limitation
S218	S174	-0.241120697376794	1	0.771793991643276	TW	CW	Between groups	Dispersal limitation
S219	S174	0.0125241402965153	1	0.775402865033663	TW	CW	Between groups	Dispersal limitation
S220	S174	0.351855533446303	1	0.769726132268881	TW	CW	Between groups	Dispersal limitation
S221	S174	-0.450314821548678	1	0.769605850591765	TW	CW	Between groups	Dispersal limitation
S222	S174	-0.378949756398488	1	0.801343172317727	TW	CW	Between groups	Dispersal limitation
S223	S174	-0.487835223256422	1	0.822722121411142	TW	CW	Between groups	Dispersal limitation
S224	S174	1.15029622050547	1	0.75505087817008	TW	CW	Between groups	Dispersal limitation
S225	S174	-1.14881413610277	1	0.790396271311471	TW	CW	Between groups	Dispersal limitation
S176	S175	2.41938242421132	1	0.469864255116054	CW	CW	Within CW	Heterogeneous selection
S177	S175	0.747289878749348	1	0.442582253598244	CW	CW	Within CW	Dispersal limitation
S179	S175	-0.737887410951633	1	0.727699518196993	CW	CW	Within CW	Dispersal limitation
S182	S175	-0.674938911340627	1	0.729617371521546	CW	CW	Within CW	Dispersal limitation
S187	S175	0.528280364813059	1	0.799380098373467	TW	CW	Between groups	Dispersal limitation
S188	S175	-0.664357590282541	1	0.791590231768632	TW	CW	Between groups	Dispersal limitation
S191	S175	-0.996807028419143	1	0.803668727924292	TW	CW	Between groups	Dispersal limitation
S194	S175	0.293836003261716	1	0.819277945371865	TW	CW	Between groups	Dispersal limitation
S196	S175	-0.228024269563746	1	0.764947327852004	TW	CW	Between groups	Dispersal limitation
S197	S175	-0.851747110447253	1	0.768804921858196	TW	CW	Between groups	Dispersal limitation
S198	S175	-1.22877874074476	1	0.777991078758125	TW	CW	Between groups	Dispersal limitation
S201	S175	0.015069151274972	1	0.796651614516322	TW	CW	Between groups	Dispersal limitation
S202	S175	-0.341064809237176	1	0.836674788330333	TW	CW	Between groups	Dispersal limitation
S203	S175	-0.356546702372254	1	0.832904248837365	TW	CW	Between groups	Dispersal limitation
S204	S175	-0.870441035474025	1	0.763403862790813	TW	CW	Between groups	Dispersal limitation
S205	S175	3.04126927613254	1	0.772998781790684	TW	CW	Between groups	Heterogeneous selection
S206	S175	-0.888732831761312	1	0.796558741653792	TW	CW	Between groups	Dispersal limitation
S207	S175	-0.473754512948471	1	0.801635690969442	TW	CW	Between groups	Dispersal limitation
S208	S175	0.307589123374351	1	0.790891683524321	TW	CW	Between groups	Dispersal limitation
S209	S175	0.541612897123995	1	0.785424167090859	TW	CW	Between groups	Dispersal limitation
S210	S175	0.532374849937875	1	0.804287310402163	TW	CW	Between groups	Dispersal limitation
S213	S175	0.0292517916895842	1	0.759391060616693	TW	CW	Between groups	Dispersal limitation
S214	S175	-0.393310836832493	1	0.756757231577376	TW	CW	Between groups	Dispersal limitation
S215	S175	-0.109550810941039	1	0.800623556514658	TW	CW	Between groups	Dispersal limitation
S216	S175	-0.115031049663925	1	0.817579800805095	TW	CW	Between groups	Dispersal limitation
S217	S175	0.294650675984948	1	0.809746488523466	TW	CW	Between groups	Dispersal limitation
S218	S175	-0.106770267393941	1	0.78452638757847	TW	CW	Between groups	Dispersal limitation
S219	S175	0.124651730761599	1	0.786859141990136	TW	CW	Between groups	Dispersal limitation
S220	S175	0.448411957282867	1	0.782098828936285	TW	CW	Between groups	Dispersal limitation
S221	S175	-0.0900445282003753	1	0.782658202442375	TW	CW	Between groups	Dispersal limitation
S222	S175	-0.436411891799388	1	0.81891191917603	TW	CW	Between groups	Dispersal limitation
S223	S175	-0.224952163001878	1	0.835882870569586	TW	CW	Between groups	Dispersal limitation
S224	S175	0.822025249303143	1	0.76776674902662	TW	CW	Between groups	Dispersal limitation
S225	S175	-0.969893674713374	1	0.79935715536319	TW	CW	Between groups	Dispersal limitation
S177	S176	0.667249885744146	0.991991991991992	0.388426392465694	CW	CW	Within CW	Dispersal limitation
S179	S176	-0.0387921922443792	1	0.674205158513668	CW	CW	Within CW	Dispersal limitation
S182	S176	-0.454677644683853	1	0.666896546103412	CW	CW	Within CW	Dispersal limitation
S187	S176	-0.628519527154756	1	0.780655029842285	TW	CW	Between groups	Dispersal limitation
S188	S176	-0.900893383296268	1	0.772187561054265	TW	CW	Between groups	Dispersal limitation
S191	S176	0.684730634394657	1	0.780703430123959	TW	CW	Between groups	Dispersal limitation
S194	S176	0.381731037637297	1	0.823436773779239	TW	CW	Between groups	Dispersal limitation
S196	S176	-0.48915346290536	1	0.765988756613758	TW	CW	Between groups	Dispersal limitation
S197	S176	-0.553034190364287	1	0.748136075827772	TW	CW	Between groups	Dispersal limitation
S198	S176	-0.755582328326311	1	0.758903038847654	TW	CW	Between groups	Dispersal limitation
S201	S176	-0.737787451798992	1	0.769650776429679	TW	CW	Between groups	Dispersal limitation
S202	S176	0.272865149836898	1	0.811946503964578	TW	CW	Between groups	Dispersal limitation
S203	S176	0.822795161270047	1	0.812098561804029	TW	CW	Between groups	Dispersal limitation
S204	S176	-0.304399827035977	1	0.746458047284895	TW	CW	Between groups	Dispersal limitation
S205	S176	3.55061054857896	1	0.757665793913877	TW	CW	Between groups	Heterogeneous selection
S206	S176	-0.934876174286959	1	0.780480725431056	TW	CW	Between groups	Dispersal limitation
S207	S176	-0.652431839048668	1	0.78052768487551	TW	CW	Between groups	Dispersal limitation
S208	S176	1.17702899092831	1	0.77897136218462	TW	CW	Between groups	Dispersal limitation
S209	S176	-0.135092377658532	1	0.768312695512027	TW	CW	Between groups	Dispersal limitation
S210	S176	0.367618423811698	1	0.780833145498149	TW	CW	Between groups	Dispersal limitation
S213	S176	-0.185705645973548	1	0.739159105278621	TW	CW	Between groups	Dispersal limitation
S214	S176	-0.310850007187096	1	0.735653235653235	TW	CW	Between groups	Dispersal limitation
S215	S176	0.275620069719974	1	0.785408907749623	TW	CW	Between groups	Dispersal limitation
S216	S176	-0.372962134274545	1	0.803200954014553	TW	CW	Between groups	Dispersal limitation
S217	S176	2.78808523053668	1	0.801162361030781	TW	CW	Between groups	Heterogeneous selection
S218	S176	-0.0296563291687992	1	0.758874097679737	TW	CW	Between groups	Dispersal limitation
S219	S176	-0.027672127246096	1	0.774289250932491	TW	CW	Between groups	Dispersal limitation
S220	S176	0.156246115243904	1	0.759960709737716	TW	CW	Between groups	Dispersal limitation
S221	S176	1.90178820090896	1	0.754146316646317	TW	CW	Between groups	Dispersal limitation
S222	S176	0.0596727965152074	1	0.789443452770754	TW	CW	Between groups	Dispersal limitation
S223	S176	0.0373433589213855	1	0.818696088289513	TW	CW	Between groups	Dispersal limitation
S224	S176	1.05444804911007	1	0.745867983367983	TW	CW	Between groups	Dispersal limitation
S225	S176	-0.570639409225697	1	0.782336744516091	TW	CW	Between groups	Dispersal limitation
S179	S177	0.841399219530884	1	0.684653597200284	CW	CW	Within CW	Dispersal limitation
S182	S177	-0.0837259532804812	1	0.678586355989743	CW	CW	Within CW	Dispersal limitation
S187	S177	4.38986626361858	1	0.76405452931367	TW	CW	Between groups	Heterogeneous selection
S188	S177	4.53552757199166	1	0.76628781273339	TW	CW	Between groups	Heterogeneous selection
S191	S177	2.03895322837529	1	0.768933345494264	TW	CW	Between groups	Heterogeneous selection
S194	S177	0.373867142053559	1	0.821437757970928	TW	CW	Between groups	Dispersal limitation
S196	S177	2.07456185827918	1	0.739118059887711	TW	CW	Between groups	Heterogeneous selection
S197	S177	0.49242325886287	1	0.746303561939715	TW	CW	Between groups	Dispersal limitation
S198	S177	-0.00559957352001425	1	0.757109838177932	TW	CW	Between groups	Dispersal limitation
S201	S177	0.740174684555818	1	0.763152860403695	TW	CW	Between groups	Dispersal limitation
S202	S177	0.60012665028106	1	0.782775104448699	TW	CW	Between groups	Dispersal limitation
S203	S177	0.633442236193225	1	0.789520085095446	TW	CW	Between groups	Dispersal limitation
S204	S177	0.757302489559196	1	0.733390578463047	TW	CW	Between groups	Dispersal limitation
S205	S177	1.09930598064978	1	0.744791696883282	TW	CW	Between groups	Dispersal limitation
S206	S177	0.060798819907246	1	0.76366126426857	TW	CW	Between groups	Dispersal limitation
S207	S177	1.29520597739139	1	0.773471737426551	TW	CW	Between groups	Dispersal limitation
S208	S177	0.0953018899142404	1	0.771398952971823	TW	CW	Between groups	Dispersal limitation
S209	S177	1.52760979552012	1	0.766088564667648	TW	CW	Between groups	Dispersal limitation
S210	S177	0.85615242637795	1	0.780364077392902	TW	CW	Between groups	Dispersal limitation
S213	S177	2.11450270907087	1	0.720481684359646	TW	CW	Between groups	Heterogeneous selection
S214	S177	0.247110116965188	1	0.744968301955202	TW	CW	Between groups	Dispersal limitation
S215	S177	0.842883572153484	1	0.760234090863615	TW	CW	Between groups	Dispersal limitation
S216	S177	0.485262149991121	1	0.779488518559385	TW	CW	Between groups	Dispersal limitation
S217	S177	1.08740696639369	1	0.795147256788259	TW	CW	Between groups	Dispersal limitation
S218	S177	0.551436119587568	1	0.764925747512675	TW	CW	Between groups	Dispersal limitation
S219	S177	0.641576178883397	1	0.76930447518523	TW	CW	Between groups	Dispersal limitation
S220	S177	0.0439876892707304	1	0.745328939111317	TW	CW	Between groups	Dispersal limitation
S221	S177	1.31857956905679	1	0.752755145549906	TW	CW	Between groups	Dispersal limitation
S222	S177	0.0591791718446031	1	0.800220988532653	TW	CW	Between groups	Dispersal limitation
S223	S177	0.0567150548407511	1	0.8105919120795	TW	CW	Between groups	Dispersal limitation
S224	S177	1.2073719387659	1	0.744486359828782	TW	CW	Between groups	Dispersal limitation
S225	S177	0.758260118408786	1	0.766791403095736	TW	CW	Between groups	Dispersal limitation
S182	S179	1.39636952022828	-1	0.250092722102613	CW	CW	Within CW	Homogenizing dispersal
S187	S179	-0.592289312292125	1	0.69904656503334	TW	CW	Between groups	Dispersal limitation
S188	S179	-0.6734001785887	1	0.669176535389699	TW	CW	Between groups	Dispersal limitation
S191	S179	-0.991580346238388	1	0.665577437920682	TW	CW	Between groups	Dispersal limitation
S194	S179	0.526965042081625	1	0.818807751075311	TW	CW	Between groups	Dispersal limitation
S196	S179	-0.9790750770572	1	0.761979483282673	TW	CW	Between groups	Dispersal limitation
S197	S179	0.224610680485035	1	0.662193218615757	TW	CW	Between groups	Dispersal limitation
S198	S179	0.775804507648678	1	0.668131144623871	TW	CW	Between groups	Dispersal limitation
S201	S179	-0.225111174090515	1	0.656312056737587	TW	CW	Between groups	Dispersal limitation
S202	S179	0.699917039904715	1	0.697494725218386	TW	CW	Between groups	Dispersal limitation
S203	S179	-0.411884669246839	1	0.654620401378779	TW	CW	Between groups	Dispersal limitation
S204	S179	-0.31909918608287	1	0.626441167078638	TW	CW	Between groups	Dispersal limitation
S205	S179	2.33935896205204	1	0.682379093778653	TW	CW	Between groups	Heterogeneous selection
S206	S179	-0.656131884837163	1	0.693162637465864	TW	CW	Between groups	Dispersal limitation
S207	S179	0.272709182613463	1	0.686346450342751	TW	CW	Between groups	Dispersal limitation
S208	S179	-0.534935693119971	1	0.712299037341344	TW	CW	Between groups	Dispersal limitation
S209	S179	0.616007931515443	1	0.678099771936667	TW	CW	Between groups	Dispersal limitation
S210	S179	-0.460562841957657	1	0.67610803597155	TW	CW	Between groups	Dispersal limitation
S213	S179	1.08590186831934	1	0.647528447995974	TW	CW	Between groups	Dispersal limitation
S214	S179	-0.1804842430621	1	0.629367157665032	TW	CW	Between groups	Dispersal limitation
S215	S179	-0.21533301164995	1	0.697387632059894	TW	CW	Between groups	Dispersal limitation
S216	S179	0.417764340773907	1	0.743954423781149	TW	CW	Between groups	Dispersal limitation
S217	S179	1.01417974129789	1	0.698522369754173	TW	CW	Between groups	Dispersal limitation
S218	S179	-0.181172440234047	1	0.642351084146796	TW	CW	Between groups	Dispersal limitation
S219	S179	-0.404840888436027	1	0.674065539068661	TW	CW	Between groups	Dispersal limitation
S220	S179	-0.192714661299847	1	0.626345022457456	TW	CW	Between groups	Dispersal limitation
S221	S179	-0.300784452672765	1	0.62501990523267	TW	CW	Between groups	Dispersal limitation
S222	S179	-0.481230063399581	1	0.716665699882054	TW	CW	Between groups	Dispersal limitation
S223	S179	-0.438848622004555	1	0.767822523252104	TW	CW	Between groups	Dispersal limitation
S224	S179	-0.240557215360037	1	0.618902181891284	TW	CW	Between groups	Dispersal limitation
S225	S179	-0.272669835893329	1	0.652309295118497	TW	CW	Between groups	Dispersal limitation
S187	S182	0.998977534276411	1	0.675929105608255	TW	CW	Between groups	Dispersal limitation
S188	S182	1.27267482170933	1	0.651383238111083	TW	CW	Between groups	Dispersal limitation
S191	S182	1.1227416858409	1	0.66204542468088	TW	CW	Between groups	Dispersal limitation
S194	S182	-1.02711402871519	1	0.812308551815593	TW	CW	Between groups	Dispersal limitation
S196	S182	-0.377274545819987	1	0.7513802525722	TW	CW	Between groups	Dispersal limitation
S197	S182	-1.03161901150042	1	0.659808328938548	TW	CW	Between groups	Dispersal limitation
S198	S182	-0.875492364557295	1	0.666562443547267	TW	CW	Between groups	Dispersal limitation
S201	S182	-0.729690868784365	1	0.654348262939079	TW	CW	Between groups	Dispersal limitation
S202	S182	-0.718445685642527	1	0.686001821268264	TW	CW	Between groups	Dispersal limitation
S203	S182	-0.0242899055318809	1	0.64335373211582	TW	CW	Between groups	Dispersal limitation
S204	S182	1.75387827882242	1	0.600695281521751	TW	CW	Between groups	Dispersal limitation
S205	S182	-0.592569352066668	1	0.673951974787219	TW	CW	Between groups	Dispersal limitation
S206	S182	-0.530402964361223	1	0.7007925835626	TW	CW	Between groups	Dispersal limitation
S207	S182	0.840330337678884	1	0.6895600197002	TW	CW	Between groups	Dispersal limitation
S208	S182	2.2837022512524	1	0.689724344828168	TW	CW	Between groups	Heterogeneous selection
S209	S182	0.518646301291073	1	0.673592625076066	TW	CW	Between groups	Dispersal limitation
S210	S182	0.3231852287967	1	0.665019484603181	TW	CW	Between groups	Dispersal limitation
S213	S182	0.0217214475162402	1	0.640455938490476	TW	CW	Between groups	Dispersal limitation
S214	S182	2.916005962217	1	0.618234428673064	TW	CW	Between groups	Heterogeneous selection
S215	S182	0.203551372635277	1	0.68701832934006	TW	CW	Between groups	Dispersal limitation
S216	S182	-0.291391585012174	1	0.734390352545764	TW	CW	Between groups	Dispersal limitation
S217	S182	0.388544698585489	1	0.713836461807423	TW	CW	Between groups	Dispersal limitation
S218	S182	-0.482126087763872	1	0.644806753886334	TW	CW	Between groups	Dispersal limitation
S219	S182	-0.538349933624237	1	0.665453197239502	TW	CW	Between groups	Dispersal limitation
S220	S182	-0.437854056100092	1	0.623844853353695	TW	CW	Between groups	Dispersal limitation
S221	S182	-0.393451934810472	1	0.607991326019149	TW	CW	Between groups	Dispersal limitation
S222	S182	-0.36392996142299	1	0.70558843449262	TW	CW	Between groups	Dispersal limitation
S223	S182	-0.436770887167726	1	0.74829687447839	TW	CW	Between groups	Dispersal limitation
S224	S182	-0.168267940898344	1	0.615324105578405	TW	CW	Between groups	Dispersal limitation
S225	S182	1.06445733404809	1	0.645343723210171	TW	CW	Between groups	Dispersal limitation
S188	S187	-0.325339264592608	-0.961961961961962	0.254741485636118	TW	TW	Within TW	Homogenizing dispersal
S191	S187	-0.251231798829482	-1	0.228265646728602	TW	TW	Within TW	Homogenizing dispersal
S194	S187	2.34375367247195	1	0.841342306870835	TW	TW	Within TW	Heterogeneous selection
S196	S187	0.00740991501530011	1	0.794831400809133	TW	TW	Within TW	Dispersal limitation
S197	S187	-0.733715090765992	1	0.7093735923306	TW	TW	Within TW	Dispersal limitation
S198	S187	-0.112055963741786	1	0.708744874303819	TW	TW	Within TW	Dispersal limitation
S201	S187	-0.461920709629343	1	0.6333254631402	TW	TW	Within TW	Dispersal limitation
S202	S187	2.68384779101602	1	0.654657876613319	TW	TW	Within TW	Heterogeneous selection
S203	S187	4.42933289440162	1	0.592845117122949	TW	TW	Within TW	Heterogeneous selection
S204	S187	-0.746087708740352	1	0.507320647803258	TW	TW	Within TW	Dispersal limitation
S205	S187	-0.927025321654838	1	0.605591780867026	TW	TW	Within TW	Dispersal limitation
S206	S187	0.466224594974247	1	0.61901384143825	TW	TW	Within TW	Dispersal limitation
S207	S187	3.64672089519245	1	0.663154501906126	TW	TW	Within TW	Heterogeneous selection
S208	S187	-0.0149673637938979	1	0.643485953246748	TW	TW	Within TW	Dispersal limitation
S209	S187	1.92748420919692	1	0.656175063357909	TW	TW	Within TW	Dispersal limitation
S210	S187	0.370998103106413	1	0.658781835073212	TW	TW	Within TW	Dispersal limitation
S213	S187	0.218167332642331	1	0.710122153635725	TW	TW	Within TW	Dispersal limitation
S214	S187	0.633376814468021	1	0.632962110855476	TW	TW	Within TW	Dispersal limitation
S215	S187	1.04015233804092	1	0.653153558742485	TW	TW	Within TW	Dispersal limitation
S216	S187	0.562451879836505	1	0.680387148144562	TW	TW	Within TW	Dispersal limitation
S217	S187	3.40540935198644	1	0.696205430133636	TW	TW	Within TW	Heterogeneous selection
S218	S187	-0.185118040657696	1	0.718327515295871	TW	TW	Within TW	Dispersal limitation
S219	S187	-0.156072292104275	1	0.736913596241382	TW	TW	Within TW	Dispersal limitation
S220	S187	1.22382485802035	1	0.702591243180685	TW	TW	Within TW	Dispersal limitation
S221	S187	0.769290980435535	1	0.646444787212016	TW	TW	Within TW	Dispersal limitation
S222	S187	0.520217173819595	1	0.698441089888101	TW	TW	Within TW	Dispersal limitation
S223	S187	-0.311769822005472	1	0.743855994168491	TW	TW	Within TW	Dispersal limitation
S224	S187	-0.0775444247527141	1	0.717028833838754	TW	TW	Within TW	Dispersal limitation
S225	S187	1.09666974926281	1	0.53700747791635	TW	TW	Within TW	Dispersal limitation
S191	S188	0.768898426126306	-1	0.254938617241888	TW	TW	Within TW	Homogenizing dispersal
S194	S188	2.53078614324058	1	0.850692656942963	TW	TW	Within TW	Heterogeneous selection
S196	S188	3.53388612199197	1	0.802319723675756	TW	TW	Within TW	Heterogeneous selection
S197	S188	-0.213084478448547	1	0.734397177342869	TW	TW	Within TW	Dispersal limitation
S198	S188	0.326716790500799	1	0.736157419007395	TW	TW	Within TW	Dispersal limitation
S201	S188	0.560304396107761	1	0.699743333508038	TW	TW	Within TW	Dispersal limitation
S202	S188	3.5693925454145	1	0.717237102978362	TW	TW	Within TW	Heterogeneous selection
S203	S188	3.07060264750671	1	0.632130974190179	TW	TW	Within TW	Heterogeneous selection
S204	S188	-1.03881994695734	1	0.552722329545768	TW	TW	Within TW	Dispersal limitation
S205	S188	-0.612112023777298	1	0.673217333413831	TW	TW	Within TW	Dispersal limitation
S206	S188	0.708334376538063	1	0.696991089292847	TW	TW	Within TW	Dispersal limitation
S207	S188	2.56955454831021	1	0.708622548247517	TW	TW	Within TW	Heterogeneous selection
S208	S188	-0.0402476413908769	1	0.677063929562676	TW	TW	Within TW	Dispersal limitation
S209	S188	3.61596057467391	1	0.706501563851565	TW	TW	Within TW	Heterogeneous selection
S210	S188	0.758545863988892	1	0.704806033819502	TW	TW	Within TW	Dispersal limitation
S213	S188	0.621120369837931	1	0.735237552373752	TW	TW	Within TW	Dispersal limitation
S214	S188	0.228510939746659	1	0.648371824631804	TW	TW	Within TW	Dispersal limitation
S215	S188	1.05022882147697	1	0.673442192606121	TW	TW	Within TW	Dispersal limitation
S216	S188	0.665463430364246	1	0.713109201464408	TW	TW	Within TW	Dispersal limitation
S217	S188	3.45328454913054	1	0.726380827447302	TW	TW	Within TW	Heterogeneous selection
S218	S188	-0.426464357979094	1	0.725216241627916	TW	TW	Within TW	Dispersal limitation
S219	S188	0.0938420494564321	1	0.744637045374324	TW	TW	Within TW	Dispersal limitation
S220	S188	1.85669165879859	1	0.716948755608775	TW	TW	Within TW	Dispersal limitation
S221	S188	0.938826356134515	1	0.674400892109513	TW	TW	Within TW	Dispersal limitation
S222	S188	0.907622346952886	1	0.729339102477084	TW	TW	Within TW	Dispersal limitation
S223	S188	0.213619584689988	1	0.770726573714685	TW	TW	Within TW	Dispersal limitation
S224	S188	0.880443320301533	1	0.726273063909676	TW	TW	Within TW	Dispersal limitation
S225	S188	0.556688289750161	1	0.592724085774819	TW	TW	Within TW	Dispersal limitation
S194	S191	3.72776495001461	1	0.846119324142547	TW	TW	Within TW	Heterogeneous selection
S196	S191	-0.547325813922538	1	0.80033999526963	TW	TW	Within TW	Dispersal limitation
S197	S191	1.01831290699141	1	0.718214868176383	TW	TW	Within TW	Dispersal limitation
S198	S191	1.66658498170011	1	0.721678672324883	TW	TW	Within TW	Dispersal limitation
S201	S191	1.2733079798355	1	0.656077845383941	TW	TW	Within TW	Dispersal limitation
S202	S191	2.54645222551991	1	0.676259290856754	TW	TW	Within TW	Heterogeneous selection
S203	S191	2.54751974245388	1	0.596976145827351	TW	TW	Within TW	Heterogeneous selection
S204	S191	-0.766789970608968	1	0.54378156352027	TW	TW	Within TW	Dispersal limitation
S205	S191	3.04121897117361	1	0.654903745175719	TW	TW	Within TW	Heterogeneous selection
S206	S191	0.385330330791871	1	0.679756446643863	TW	TW	Within TW	Dispersal limitation
S207	S191	1.26714319339651	1	0.710422526892436	TW	TW	Within TW	Dispersal limitation
S208	S191	-0.257745255183831	1	0.668302507287801	TW	TW	Within TW	Dispersal limitation
S209	S191	3.75055603012326	1	0.696112301784953	TW	TW	Within TW	Heterogeneous selection
S210	S191	0.430502155614756	1	0.683688952035398	TW	TW	Within TW	Dispersal limitation
S213	S191	0.770936311125734	1	0.727361542568887	TW	TW	Within TW	Dispersal limitation
S214	S191	1.18357955836747	1	0.648798405420922	TW	TW	Within TW	Dispersal limitation
S215	S191	0.358523674711015	1	0.672251938333902	TW	TW	Within TW	Dispersal limitation
S216	S191	0.744207783418605	1	0.713476175678592	TW	TW	Within TW	Dispersal limitation
S217	S191	1.00916523329003	1	0.727621045737115	TW	TW	Within TW	Dispersal limitation
S218	S191	0.409639908769192	1	0.721318686878099	TW	TW	Within TW	Dispersal limitation
S219	S191	-0.298471880468619	1	0.742710518015839	TW	TW	Within TW	Dispersal limitation
S220	S191	1.83249852834167	1	0.704187124842287	TW	TW	Within TW	Dispersal limitation
S221	S191	0.860564477578139	1	0.652170615746774	TW	TW	Within TW	Dispersal limitation
S222	S191	1.15050899525725	1	0.716302838768032	TW	TW	Within TW	Dispersal limitation
S223	S191	-0.403958063994862	1	0.759742197199514	TW	TW	Within TW	Dispersal limitation
S224	S191	0.686072838465881	1	0.719470230017798	TW	TW	Within TW	Dispersal limitation
S225	S191	-0.504098701229535	1	0.582386935102732	TW	TW	Within TW	Dispersal limitation
S196	S194	2.42154711168323	1	0.488115437644547	TW	TW	Within TW	Heterogeneous selection
S197	S194	-0.729529381383373	1	0.790715228749894	TW	TW	Within TW	Dispersal limitation
S198	S194	-0.383134119173997	1	0.797933779289895	TW	TW	Within TW	Dispersal limitation
S201	S194	0.235828328178412	1	0.816070892278706	TW	TW	Within TW	Dispersal limitation
S202	S194	-0.617728465443105	1	0.854301293688982	TW	TW	Within TW	Dispersal limitation
S203	S194	0.169785984877276	1	0.849760956367544	TW	TW	Within TW	Dispersal limitation
S204	S194	0.69508687122282	1	0.781471810707991	TW	TW	Within TW	Dispersal limitation
S205	S194	0.90684829673489	1	0.736052081139264	TW	TW	Within TW	Dispersal limitation
S206	S194	0.6242219374035	1	0.777587947750335	TW	TW	Within TW	Dispersal limitation
S207	S194	-0.304138579695576	1	0.793945919079927	TW	TW	Within TW	Dispersal limitation
S208	S194	1.74240475867596	1	0.775307429631677	TW	TW	Within TW	Dispersal limitation
S209	S194	1.08272412551938	1	0.805312510200846	TW	TW	Within TW	Dispersal limitation
S210	S194	-0.925553336623677	1	0.81441119865997	TW	TW	Within TW	Dispersal limitation
S213	S194	-0.163733976686607	1	0.764887493221502	TW	TW	Within TW	Dispersal limitation
S214	S194	-0.451098397602672	1	0.80768128370868	TW	TW	Within TW	Dispersal limitation
S215	S194	1.13098548503925	1	0.808417709446003	TW	TW	Within TW	Dispersal limitation
S216	S194	1.89877872188126	1	0.816004488229332	TW	TW	Within TW	Dispersal limitation
S217	S194	1.82583759965766	1	0.810961010870889	TW	TW	Within TW	Dispersal limitation
S218	S194	3.06290190162611	1	0.816470861527975	TW	TW	Within TW	Heterogeneous selection
S219	S194	-0.0721531695049859	1	0.799615727229311	TW	TW	Within TW	Dispersal limitation
S220	S194	0.934168716866594	1	0.807650294300238	TW	TW	Within TW	Dispersal limitation
S221	S194	2.09166260766054	1	0.812594305744992	TW	TW	Within TW	Heterogeneous selection
S222	S194	2.8295526897293	1	0.837039649659177	TW	TW	Within TW	Heterogeneous selection
S223	S194	-0.0290081031588089	1	0.846288021227587	TW	TW	Within TW	Dispersal limitation
S224	S194	0.527524487679745	1	0.794320572736878	TW	TW	Within TW	Dispersal limitation
S225	S194	-0.0999830917711285	1	0.810709223769776	TW	TW	Within TW	Dispersal limitation
S197	S196	-1.24282791720885	1	0.722610613801514	TW	TW	Within TW	Dispersal limitation
S198	S196	0.253571315028296	1	0.73747392407517	TW	TW	Within TW	Dispersal limitation
S201	S196	-0.75844936813928	1	0.755658723064117	TW	TW	Within TW	Dispersal limitation
S202	S196	-0.729114188241887	1	0.814370393662564	TW	TW	Within TW	Dispersal limitation
S203	S196	-0.749377549954118	1	0.81150349513038	TW	TW	Within TW	Dispersal limitation
S204	S196	0.897150100080076	1	0.741875694830461	TW	TW	Within TW	Dispersal limitation
S205	S196	4.30037451162316	1	0.681320944959486	TW	TW	Within TW	Heterogeneous selection
S206	S196	-0.723569192508364	1	0.730333491012299	TW	TW	Within TW	Dispersal limitation
S207	S196	-1.01954008020295	1	0.745911968466317	TW	TW	Within TW	Dispersal limitation
S208	S196	1.02014968830978	1	0.72616303005352	TW	TW	Within TW	Dispersal limitation
S209	S196	0.148447760750669	1	0.75384133544629	TW	TW	Within TW	Dispersal limitation
S210	S196	-0.939623424973099	1	0.773023898618607	TW	TW	Within TW	Dispersal limitation
S213	S196	-0.828564582374183	1	0.692007752332677	TW	TW	Within TW	Dispersal limitation
S214	S196	-0.762291286443566	1	0.738331807081805	TW	TW	Within TW	Dispersal limitation
S215	S196	0.418673456011171	1	0.760071186995418	TW	TW	Within TW	Dispersal limitation
S216	S196	4.31119873256274	1	0.771431544075493	TW	TW	Within TW	Heterogeneous selection
S217	S196	-0.635525291816528	1	0.778665413533836	TW	TW	Within TW	Dispersal limitation
S218	S196	4.89483539174679	1	0.753921252282314	TW	TW	Within TW	Heterogeneous selection
S219	S196	-0.674962586704778	1	0.743222307525739	TW	TW	Within TW	Dispersal limitation
S220	S196	3.46679292204216	1	0.74767169875879	TW	TW	Within TW	Heterogeneous selection
S221	S196	1.89222243131343	1	0.753473725348727	TW	TW	Within TW	Dispersal limitation
S222	S196	1.88709469150077	1	0.790108146765333	TW	TW	Within TW	Dispersal limitation
S223	S196	-0.725204623710672	1	0.805813183116385	TW	TW	Within TW	Dispersal limitation
S224	S196	1.40262998466043	1	0.740419393696833	TW	TW	Within TW	Dispersal limitation
S225	S196	0.365590496300957	1	0.769575516020923	TW	TW	Within TW	Dispersal limitation
S198	S197	0.0548139321449822	-1	0.14672345499938	TW	TW	Within TW	Homogenizing dispersal
S201	S197	-0.689628483908834	1	0.386508761184666	TW	TW	Within TW	Dispersal limitation
S202	S197	-0.567649342716914	1	0.662240894757413	TW	TW	Within TW	Dispersal limitation
S203	S197	1.02500915277517	1	0.702922473346375	TW	TW	Within TW	Dispersal limitation
S204	S197	-0.989980354949256	1	0.647869763592404	TW	TW	Within TW	Dispersal limitation
S205	S197	-0.569297928105237	1	0.590330201055273	TW	TW	Within TW	Dispersal limitation
S206	S197	-0.496438469918476	1	0.599242768212781	TW	TW	Within TW	Dispersal limitation
S207	S197	0.116639798672493	1	0.593867284712406	TW	TW	Within TW	Dispersal limitation
S208	S197	-0.467435446968171	1	0.629141259286075	TW	TW	Within TW	Dispersal limitation
S209	S197	-1.39092777545621	1	0.544399667244425	TW	TW	Within TW	Dispersal limitation
S210	S197	-0.379935258710337	1	0.432072492318774	TW	TW	Within TW	Dispersal limitation
S213	S197	0.376375957793194	1	0.362212573572977	TW	TW	Within TW	Dispersal limitation
S214	S197	-0.595265293276375	1	0.543288092083365	TW	TW	Within TW	Dispersal limitation
S215	S197	-0.417965519369095	1	0.475262155477705	TW	TW	Within TW	Dispersal limitation
S216	S197	-0.0770403589779633	1	0.530245886473997	TW	TW	Within TW	Dispersal limitation
S217	S197	0.653860892199886	1	0.471980517667863	TW	TW	Within TW	Dispersal limitation
S218	S197	0.448865208754086	1	0.448423880082262	TW	TW	Within TW	Dispersal limitation
S219	S197	-0.634255462549874	1	0.461872503638262	TW	TW	Within TW	Dispersal limitation
S220	S197	-0.613885977600555	1	0.512699089014149	TW	TW	Within TW	Dispersal limitation
S221	S197	-1.12594760059354	1	0.480152552739308	TW	TW	Within TW	Dispersal limitation
S222	S197	1.3633407681136	1	0.552211261878813	TW	TW	Within TW	Dispersal limitation
S223	S197	0.157328871293497	1	0.651446285915072	TW	TW	Within TW	Dispersal limitation
S224	S197	0.025206313758113	1	0.45253943212466	TW	TW	Within TW	Dispersal limitation
S225	S197	-0.337331737324215	1	0.581589642767092	TW	TW	Within TW	Dispersal limitation
S201	S198	0.103863811058447	1	0.388541661530102	TW	TW	Within TW	Dispersal limitation
S202	S198	-0.781955670059605	1	0.671137083520771	TW	TW	Within TW	Dispersal limitation
S203	S198	0.0766683487280316	1	0.694987943996097	TW	TW	Within TW	Dispersal limitation
S204	S198	-1.50916057722967	1	0.659061149309118	TW	TW	Within TW	Dispersal limitation
S205	S198	-0.365124396485715	1	0.603839391073751	TW	TW	Within TW	Dispersal limitation
S206	S198	-0.63619241905464	1	0.611213947902936	TW	TW	Within TW	Dispersal limitation
S207	S198	-0.456802010402991	1	0.606402452768626	TW	TW	Within TW	Dispersal limitation
S208	S198	-0.516103920998387	1	0.647018557377856	TW	TW	Within TW	Dispersal limitation
S209	S198	-1.5132551714254	1	0.552726076975138	TW	TW	Within TW	Dispersal limitation
S210	S198	0.265134661905051	1	0.441711236921097	TW	TW	Within TW	Dispersal limitation
S213	S198	1.61741935359009	1	0.371703933016611	TW	TW	Within TW	Dispersal limitation
S214	S198	-0.270551753662999	1	0.540364739283732	TW	TW	Within TW	Dispersal limitation
S215	S198	-0.306356245971553	1	0.484254691242992	TW	TW	Within TW	Dispersal limitation
S216	S198	-0.329264203913943	1	0.530267884898242	TW	TW	Within TW	Dispersal limitation
S217	S198	0.929243946670191	1	0.476134249944894	TW	TW	Within TW	Dispersal limitation
S218	S198	0.25980885786604	1	0.447086954533011	TW	TW	Within TW	Dispersal limitation
S219	S198	-0.634316794394638	1	0.474978814915602	TW	TW	Within TW	Dispersal limitation
S220	S198	-0.912976339467196	1	0.518480400008624	TW	TW	Within TW	Dispersal limitation
S221	S198	-0.800068661589439	1	0.489295219710273	TW	TW	Within TW	Dispersal limitation
S222	S198	1.14147743878403	1	0.555125242962812	TW	TW	Within TW	Dispersal limitation
S223	S198	-0.398001942668047	1	0.654401778453431	TW	TW	Within TW	Dispersal limitation
S224	S198	0.344756780360052	1	0.464292412316095	TW	TW	Within TW	Dispersal limitation
S225	S198	-0.472645524408454	1	0.590519974602914	TW	TW	Within TW	Dispersal limitation
S202	S201	-0.161674669191736	1	0.491059774073832	TW	TW	Within TW	Dispersal limitation
S203	S201	2.24631861245447	1	0.584570319252895	TW	TW	Within TW	Heterogeneous selection
S204	S201	-0.865449572152841	1	0.585645183624061	TW	TW	Within TW	Dispersal limitation
S205	S201	4.53060718777691	1	0.566882078040336	TW	TW	Within TW	Heterogeneous selection
S206	S201	-0.286235753767974	1	0.575259625276595	TW	TW	Within TW	Dispersal limitation
S207	S201	0.167439180555963	1	0.574182958335935	TW	TW	Within TW	Dispersal limitation
S208	S201	-0.160790452375181	1	0.616634598467214	TW	TW	Within TW	Dispersal limitation
S209	S201	-1.46698131329975	1	0.500269085642223	TW	TW	Within TW	Dispersal limitation
S210	S201	-0.313359755000364	1	0.33997673034107	TW	TW	Within TW	Dispersal limitation
S213	S201	-0.372325309037056	1	0.453857955144156	TW	TW	Within TW	Dispersal limitation
S214	S201	1.59245796535884	1	0.538349661859791	TW	TW	Within TW	Dispersal limitation
S215	S201	-0.177757005683719	1	0.495617653617486	TW	TW	Within TW	Dispersal limitation
S216	S201	-0.294996591508097	1	0.540895137039557	TW	TW	Within TW	Dispersal limitation
S217	S201	1.12527072659093	1	0.548880893134704	TW	TW	Within TW	Dispersal limitation
S218	S201	0.997711212488783	1	0.447918601869269	TW	TW	Within TW	Dispersal limitation
S219	S201	-0.354491084738573	1	0.558265172053955	TW	TW	Within TW	Dispersal limitation
S220	S201	0.43490966571092	1	0.500459603470763	TW	TW	Within TW	Dispersal limitation
S221	S201	-0.762054425758697	1	0.406660108090381	TW	TW	Within TW	Dispersal limitation
S222	S201	1.32677011122034	1	0.496148001119572	TW	TW	Within TW	Dispersal limitation
S223	S201	1.4314722903268	1	0.62983527468806	TW	TW	Within TW	Dispersal limitation
S224	S201	1.38297478396937	1	0.513695095717829	TW	TW	Within TW	Dispersal limitation
S225	S201	0.0986528470708992	1	0.520351560423251	TW	TW	Within TW	Dispersal limitation
S203	S202	1.22722146243588	1	0.53057118393582	TW	TW	Within TW	Dispersal limitation
S204	S202	-0.423180672800306	1	0.620162739296863	TW	TW	Within TW	Dispersal limitation
S205	S202	0.177207761679484	1	0.661645086694802	TW	TW	Within TW	Dispersal limitation
S206	S202	1.0519195039173	1	0.665668744404881	TW	TW	Within TW	Dispersal limitation
S207	S202	-0.107830925273298	1	0.69496984593894	TW	TW	Within TW	Dispersal limitation
S208	S202	0.319649820814154	1	0.723825472584198	TW	TW	Within TW	Dispersal limitation
S209	S202	-0.830568062951805	1	0.657530068879251	TW	TW	Within TW	Dispersal limitation
S210	S202	-0.213064894460673	1	0.602531128956859	TW	TW	Within TW	Dispersal limitation
S213	S202	0.0949802581050341	1	0.683285910215328	TW	TW	Within TW	Dispersal limitation
S214	S202	-0.462739166756614	1	0.68601512276211	TW	TW	Within TW	Dispersal limitation
S215	S202	1.35160726861881	1	0.653368673674203	TW	TW	Within TW	Dispersal limitation
S216	S202	0.561446963825866	1	0.69374348830698	TW	TW	Within TW	Dispersal limitation
S217	S202	0.173725387198563	1	0.701500275247899	TW	TW	Within TW	Dispersal limitation
S218	S202	-0.663728381747431	1	0.660818818549788	TW	TW	Within TW	Dispersal limitation
S219	S202	0.0503520577029697	1	0.724811543052673	TW	TW	Within TW	Dispersal limitation
S220	S202	0.456142050822627	1	0.637735542306452	TW	TW	Within TW	Dispersal limitation
S221	S202	-0.204919785841961	1	0.591283883452558	TW	TW	Within TW	Dispersal limitation
S222	S202	0.592527317629067	1	0.683379071350813	TW	TW	Within TW	Dispersal limitation
S223	S202	-0.146363065462471	1	0.748361113694419	TW	TW	Within TW	Dispersal limitation
S224	S202	0.0128209507602787	1	0.681200172119948	TW	TW	Within TW	Dispersal limitation
S225	S202	1.58076661965837	1	0.613479282688238	TW	TW	Within TW	Dispersal limitation
S204	S203	0.247991364621925	1	0.523779777585565	TW	TW	Within TW	Dispersal limitation
S205	S203	5.72871098224997	1	0.651639102361683	TW	TW	Within TW	Heterogeneous selection
S206	S203	5.09878994294231	1	0.666465067446275	TW	TW	Within TW	Heterogeneous selection
S207	S203	0.115145424848718	1	0.664908581017255	TW	TW	Within TW	Dispersal limitation
S208	S203	2.32917980074574	1	0.693478265298085	TW	TW	Within TW	Heterogeneous selection
S209	S203	0.99618126647791	1	0.665906765520736	TW	TW	Within TW	Dispersal limitation
S210	S203	2.65928162183569	1	0.669268768426827	TW	TW	Within TW	Heterogeneous selection
S213	S203	0.657478317983744	1	0.711982831863074	TW	TW	Within TW	Dispersal limitation
S214	S203	1.21788332172158	1	0.681766199556025	TW	TW	Within TW	Dispersal limitation
S215	S203	3.97102888257524	1	0.688198418543198	TW	TW	Within TW	Heterogeneous selection
S216	S203	3.67407334809993	1	0.728580698733684	TW	TW	Within TW	Heterogeneous selection
S217	S203	-0.0823264369250797	1	0.720358664490316	TW	TW	Within TW	Dispersal limitation
S218	S203	-0.0151500736247054	1	0.700395852045822	TW	TW	Within TW	Dispersal limitation
S219	S203	-0.270487722081079	1	0.750264199394339	TW	TW	Within TW	Dispersal limitation
S220	S203	0.128255291312002	1	0.685939602536227	TW	TW	Within TW	Dispersal limitation
S221	S203	0.0722358081348391	1	0.618295857457026	TW	TW	Within TW	Dispersal limitation
S222	S203	4.14935699392622	1	0.718258288522824	TW	TW	Within TW	Heterogeneous selection
S223	S203	2.53193758705856	1	0.77594950974051	TW	TW	Within TW	Heterogeneous selection
S224	S203	0.290354059053216	1	0.720630425602725	TW	TW	Within TW	Dispersal limitation
S225	S203	0.87913264896578	1	0.631398392656818	TW	TW	Within TW	Dispersal limitation
S205	S204	3.71666230975166	1	0.551802800416477	TW	TW	Within TW	Heterogeneous selection
S206	S204	1.90094210867082	1	0.552244747204419	TW	TW	Within TW	Dispersal limitation
S207	S204	-0.805578599249887	1	0.615744656854451	TW	TW	Within TW	Dispersal limitation
S208	S204	0.441415325274618	1	0.60205263998197	TW	TW	Within TW	Dispersal limitation
S209	S204	0.868906749766025	1	0.620849138930826	TW	TW	Within TW	Dispersal limitation
S210	S204	-1.12273583200918	1	0.590385672671822	TW	TW	Within TW	Dispersal limitation
S213	S204	-0.691114221044256	1	0.619422451079811	TW	TW	Within TW	Dispersal limitation
S214	S204	-0.455229920205732	1	0.571837749366932	TW	TW	Within TW	Dispersal limitation
S215	S204	-0.106770466133765	1	0.590606660321668	TW	TW	Within TW	Dispersal limitation
S216	S204	0.153533723297396	1	0.626842589147937	TW	TW	Within TW	Dispersal limitation
S217	S204	1.86075081421828	1	0.619263625991049	TW	TW	Within TW	Dispersal limitation
S218	S204	-0.631677101355681	1	0.639193680637915	TW	TW	Within TW	Dispersal limitation
S219	S204	-0.729952003755656	1	0.658230273995864	TW	TW	Within TW	Dispersal limitation
S220	S204	-0.199122505170123	1	0.592024824568506	TW	TW	Within TW	Dispersal limitation
S221	S204	-0.406992206031754	1	0.571077646953133	TW	TW	Within TW	Dispersal limitation
S222	S204	0.519054634060453	1	0.668400992762512	TW	TW	Within TW	Dispersal limitation
S223	S204	-0.30362973850427	1	0.72438385287738	TW	TW	Within TW	Dispersal limitation
S224	S204	-0.777238914527441	1	0.608782681459913	TW	TW	Within TW	Dispersal limitation
S225	S204	-1.26079933478709	1	0.506843970866255	TW	TW	Within TW	Dispersal limitation
S206	S205	4.30310853316029	1	0.389043398697992	TW	TW	Within TW	Heterogeneous selection
S207	S205	4.48359402900715	1	0.462847201453319	TW	TW	Within TW	Heterogeneous selection
S208	S205	3.96215045821952	1	0.552639371364255	TW	TW	Within TW	Heterogeneous selection
S209	S205	4.08720556707681	1	0.574947838466497	TW	TW	Within TW	Heterogeneous selection
S210	S205	-1.10671129061178	1	0.527749278369074	TW	TW	Within TW	Dispersal limitation
S213	S205	4.45360430791609	1	0.533529007674183	TW	TW	Within TW	Heterogeneous selection
S214	S205	-0.630216609713816	1	0.561371767107588	TW	TW	Within TW	Dispersal limitation
S215	S205	4.54998907962022	1	0.575695791765298	TW	TW	Within TW	Heterogeneous selection
S216	S205	4.56253530540482	1	0.530549288874717	TW	TW	Within TW	Heterogeneous selection
S217	S205	4.66896699370837	1	0.625726938705987	TW	TW	Within TW	Heterogeneous selection
S218	S205	4.35136023852846	1	0.625459911980056	TW	TW	Within TW	Heterogeneous selection
S219	S205	3.89956795763527	1	0.58282021714062	TW	TW	Within TW	Heterogeneous selection
S220	S205	0.201982117846962	1	0.557649254140769	TW	TW	Within TW	Dispersal limitation
S221	S205	4.84097355899696	1	0.521210781685998	TW	TW	Within TW	Heterogeneous selection
S222	S205	4.8292634385191	1	0.526576158489599	TW	TW	Within TW	Heterogeneous selection
S223	S205	4.68998513472361	1	0.579813274914704	TW	TW	Within TW	Heterogeneous selection
S224	S205	-0.450715010724579	1	0.586826773431456	TW	TW	Within TW	Dispersal limitation
S225	S205	-0.689850273593007	1	0.539208322797487	TW	TW	Within TW	Dispersal limitation
S207	S206	0.95878992614293	1	0.439739634585589	TW	TW	Within TW	Dispersal limitation
S208	S206	0.0837402685238809	1	0.525840458423192	TW	TW	Within TW	Dispersal limitation
S209	S206	0.0956580736782068	1	0.549448442381967	TW	TW	Within TW	Dispersal limitation
S210	S206	-1.0038331021447	1	0.527369224797159	TW	TW	Within TW	Dispersal limitation
S213	S206	0.122339405646131	1	0.51920589745807	TW	TW	Within TW	Dispersal limitation
S214	S206	-0.00584508068865105	1	0.582098383588449	TW	TW	Within TW	Dispersal limitation
S215	S206	0.0679750415811276	1	0.539755185085104	TW	TW	Within TW	Dispersal limitation
S216	S206	0.604985016793729	1	0.466060757237013	TW	TW	Within TW	Dispersal limitation
S217	S206	-0.688710204788407	1	0.602232402197547	TW	TW	Within TW	Dispersal limitation
S218	S206	-0.264604461808239	1	0.602960584150184	TW	TW	Within TW	Dispersal limitation
S219	S206	-1.01756508395457	1	0.556116125245725	TW	TW	Within TW	Dispersal limitation
S220	S206	0.645459734975393	1	0.529782759328766	TW	TW	Within TW	Dispersal limitation
S221	S206	1.04533640898304	1	0.523305269662886	TW	TW	Within TW	Dispersal limitation
S222	S206	1.50751884489638	1	0.554730177743937	TW	TW	Within TW	Dispersal limitation
S223	S206	-0.0773857540291437	1	0.534136532161235	TW	TW	Within TW	Dispersal limitation
S224	S206	-0.307313062072244	1	0.574679273500142	TW	TW	Within TW	Dispersal limitation
S225	S206	-0.0746614862443011	1	0.538934006530212	TW	TW	Within TW	Dispersal limitation
S208	S207	0.00662824761581024	1	0.506873656665349	TW	TW	Within TW	Dispersal limitation
S209	S207	1.94647617766255	1	0.533562009469823	TW	TW	Within TW	Dispersal limitation
S210	S207	-0.00228053598038044	1	0.519396774920653	TW	TW	Within TW	Dispersal limitation
S213	S207	-0.348999654937739	1	0.542327497134348	TW	TW	Within TW	Dispersal limitation
S214	S207	-0.581524283194699	1	0.628312629399584	TW	TW	Within TW	Dispersal limitation
S215	S207	0.839174224084465	1	0.540307461704115	TW	TW	Within TW	Dispersal limitation
S216	S207	0.776258740268407	1	0.540874352529333	TW	TW	Within TW	Dispersal limitation
S217	S207	-0.269467688541742	1	0.60446622408865	TW	TW	Within TW	Dispersal limitation
S218	S207	0.0290577681512133	1	0.617236486343735	TW	TW	Within TW	Dispersal limitation
S219	S207	-0.188557497214734	1	0.586822226308539	TW	TW	Within TW	Dispersal limitation
S220	S207	0.028777285355249	1	0.579511707895386	TW	TW	Within TW	Dispersal limitation
S221	S207	1.40823231173786	1	0.536683445379097	TW	TW	Within TW	Dispersal limitation
S222	S207	1.10538049429693	1	0.521660284472207	TW	TW	Within TW	Dispersal limitation
S223	S207	1.91188298594687	1	0.650174553394051	TW	TW	Within TW	Dispersal limitation
S224	S207	0.421685776857882	1	0.595954360429439	TW	TW	Within TW	Dispersal limitation
S225	S207	0.486246371749103	1	0.574127796203427	TW	TW	Within TW	Dispersal limitation
S209	S208	-0.638559252215116	1	0.545699259518554	TW	TW	Within TW	Dispersal limitation
S210	S208	-0.476285358049775	1	0.591865237087446	TW	TW	Within TW	Dispersal limitation
S213	S208	0.744302335956796	1	0.602849758583336	TW	TW	Within TW	Dispersal limitation
S214	S208	0.454185262686941	1	0.630601387085535	TW	TW	Within TW	Dispersal limitation
S215	S208	-0.510369377936786	1	0.619741954510497	TW	TW	Within TW	Dispersal limitation
S216	S208	-0.21966574476078	1	0.639401739934036	TW	TW	Within TW	Dispersal limitation
S217	S208	-0.427456863635303	1	0.680283200797383	TW	TW	Within TW	Dispersal limitation
S218	S208	-0.742846443191363	1	0.648550568176767	TW	TW	Within TW	Dispersal limitation
S219	S208	-0.955123901664704	1	0.626249216199484	TW	TW	Within TW	Dispersal limitation
S220	S208	-0.405733466347428	1	0.632480942411667	TW	TW	Within TW	Dispersal limitation
S221	S208	1.4519832962455	1	0.617329896328457	TW	TW	Within TW	Dispersal limitation
S222	S208	1.2267377234726	1	0.664154286909457	TW	TW	Within TW	Dispersal limitation
S223	S208	-0.229607145928796	1	0.708894162852462	TW	TW	Within TW	Dispersal limitation
S224	S208	-0.44230511734153	1	0.628255966481699	TW	TW	Within TW	Dispersal limitation
S225	S208	-0.777606479941743	1	0.612050537162903	TW	TW	Within TW	Dispersal limitation
S210	S209	-1.40492702708773	1	0.534513492309942	TW	TW	Within TW	Dispersal limitation
S213	S209	-0.691210867957938	1	0.537522625116826	TW	TW	Within TW	Dispersal limitation
S214	S209	-0.417581434775682	1	0.599197851146628	TW	TW	Within TW	Dispersal limitation
S215	S209	-0.461007444409641	1	0.53481413814848	TW	TW	Within TW	Dispersal limitation
S216	S209	2.11815459499525	1	0.612291433708755	TW	TW	Within TW	Heterogeneous selection
S217	S209	-0.417274686085013	1	0.597697752175539	TW	TW	Within TW	Dispersal limitation
S218	S209	-0.152112398583995	1	0.591511137027788	TW	TW	Within TW	Dispersal limitation
S219	S209	-0.713213470353545	1	0.608550902239232	TW	TW	Within TW	Dispersal limitation
S220	S209	1.76262476290252	1	0.587543290783836	TW	TW	Within TW	Dispersal limitation
S221	S209	-0.745692987440897	1	0.552697941339366	TW	TW	Within TW	Dispersal limitation
S222	S209	2.17094550236388	1	0.626646068432135	TW	TW	Within TW	Heterogeneous selection
S223	S209	3.225930036356	1	0.68965894365822	TW	TW	Within TW	Heterogeneous selection
S224	S209	-0.944866014065606	1	0.551736953214491	TW	TW	Within TW	Dispersal limitation
S225	S209	-0.652107080027805	1	0.579060014783704	TW	TW	Within TW	Dispersal limitation
S213	S210	-0.186445224097355	1	0.426287151591	TW	TW	Within TW	Dispersal limitation
S214	S210	1.19418782057202	1	0.507061116202241	TW	TW	Within TW	Dispersal limitation
S215	S210	-0.099314986034514	1	0.434941474652443	TW	TW	Within TW	Dispersal limitation
S216	S210	0.279001645796359	1	0.415939662239217	TW	TW	Within TW	Dispersal limitation
S217	S210	0.746276342971821	1	0.515526655198224	TW	TW	Within TW	Dispersal limitation
S218	S210	-0.279381964032133	1	0.494116436328193	TW	TW	Within TW	Dispersal limitation
S219	S210	-0.309230373293547	1	0.460643385321709	TW	TW	Within TW	Dispersal limitation
S220	S210	-0.308975297793631	1	0.45292192866561	TW	TW	Within TW	Dispersal limitation
S221	S210	0.58013698767107	1	0.316283614751184	TW	TW	Within TW	Dispersal limitation
S222	S210	0.379373792759361	1	0.397864199684203	TW	TW	Within TW	Dispersal limitation
S223	S210	0.00714092671707468	1	0.542007775396437	TW	TW	Within TW	Dispersal limitation
S224	S210	0.619513436370955	1	0.445331787640082	TW	TW	Within TW	Dispersal limitation
S225	S210	1.24137052905984	1	0.474939668873042	TW	TW	Within TW	Dispersal limitation
S214	S213	-0.0179509868556686	1	0.542791736221959	TW	TW	Within TW	Dispersal limitation
S215	S213	-0.366482287761067	1	0.4396019781091	TW	TW	Within TW	Dispersal limitation
S216	S213	-0.0839278124579989	1	0.477027655949553	TW	TW	Within TW	Dispersal limitation
S217	S213	-0.00139076136269839	1	0.498717062337453	TW	TW	Within TW	Dispersal limitation
S218	S213	0.0165718887449867	1	0.497062290239842	TW	TW	Within TW	Dispersal limitation
S219	S213	0.0349621054321669	1	0.428863398407467	TW	TW	Within TW	Dispersal limitation
S220	S213	0.79082898418201	1	0.448234478321748	TW	TW	Within TW	Dispersal limitation
S221	S213	0.359597960215357	1	0.442946660909595	TW	TW	Within TW	Dispersal limitation
S222	S213	0.396378692314557	1	0.522777871090991	TW	TW	Within TW	Dispersal limitation
S223	S213	2.20667046730714	1	0.582811287595889	TW	TW	Within TW	Heterogeneous selection
S224	S213	1.99614986943301	1	0.431902945664328	TW	TW	Within TW	Heterogeneous selection
S225	S213	-0.588046892244887	1	0.571011821970255	TW	TW	Within TW	Dispersal limitation
S215	S214	1.20259315085255	1	0.551684811176407	TW	TW	Within TW	Dispersal limitation
S216	S214	0.267520747271596	1	0.598344629896419	TW	TW	Within TW	Dispersal limitation
S217	S214	0.345860851848106	1	0.506889017415335	TW	TW	Within TW	Dispersal limitation
S218	S214	1.44160108516765	1	0.585823968646799	TW	TW	Within TW	Dispersal limitation
S219	S214	-0.395985918877108	1	0.595587196093602	TW	TW	Within TW	Dispersal limitation
S220	S214	-0.296435071370407	1	0.552178168159336	TW	TW	Within TW	Dispersal limitation
S221	S214	0.739002537014972	1	0.525770525770526	TW	TW	Within TW	Dispersal limitation
S222	S214	3.63651334048212	1	0.569441029497908	TW	TW	Within TW	Heterogeneous selection
S223	S214	0.514714022744673	1	0.656928970683293	TW	TW	Within TW	Dispersal limitation
S224	S214	0.570526589837386	1	0.563239854703267	TW	TW	Within TW	Dispersal limitation
S225	S214	1.20642434041704	1	0.424502684944474	TW	TW	Within TW	Dispersal limitation
S216	S215	0.996537354167105	-0.771771771771772	0.291066708422219	TW	TW	Within TW	Undominated
S217	S215	0.54006033004534	1	0.432713110509198	TW	TW	Within TW	Dispersal limitation
S218	S215	-0.527968488193219	1	0.588950000482426	TW	TW	Within TW	Dispersal limitation
S219	S215	0.128075697935214	1	0.470892497694823	TW	TW	Within TW	Dispersal limitation
S220	S215	0.489614014344012	1	0.501119144370965	TW	TW	Within TW	Dispersal limitation
S221	S215	1.4380770535707	1	0.467106226379628	TW	TW	Within TW	Dispersal limitation
S222	S215	1.1474009927955	1	0.530307755150317	TW	TW	Within TW	Dispersal limitation
S223	S215	3.04817134803853	1	0.592691937834547	TW	TW	Within TW	Heterogeneous selection
S224	S215	1.54738536222248	1	0.432195219759014	TW	TW	Within TW	Dispersal limitation
S225	S215	-0.601397614685767	1	0.478113387018925	TW	TW	Within TW	Dispersal limitation
S217	S216	-0.591084123005518	1	0.520923530217261	TW	TW	Within TW	Dispersal limitation
S218	S216	-0.920174246461138	1	0.631242375123637	TW	TW	Within TW	Dispersal limitation
S219	S216	-0.0914546461651592	1	0.467290496516285	TW	TW	Within TW	Dispersal limitation
S220	S216	0.457615585794707	1	0.545901072120986	TW	TW	Within TW	Dispersal limitation
S221	S216	0.430435000345349	1	0.473609115426816	TW	TW	Within TW	Dispersal limitation
S222	S216	0.0728689049585906	1	0.517936633433982	TW	TW	Within TW	Dispersal limitation
S223	S216	0.670833053934478	1	0.536265418182296	TW	TW	Within TW	Dispersal limitation
S224	S216	0.614053631224319	1	0.502840611448343	TW	TW	Within TW	Dispersal limitation
S225	S216	-0.623396930418559	1	0.536070502487788	TW	TW	Within TW	Dispersal limitation
S218	S217	0.78269460301437	1	0.575264765041736	TW	TW	Within TW	Dispersal limitation
S219	S217	-0.264180614022166	1	0.545496233348978	TW	TW	Within TW	Dispersal limitation
S220	S217	-0.676231374743286	1	0.540941613200495	TW	TW	Within TW	Dispersal limitation
S221	S217	0.731897101182606	1	0.562747145641882	TW	TW	Within TW	Dispersal limitation
S222	S217	1.86666040360805	1	0.6270088766619	TW	TW	Within TW	Dispersal limitation
S223	S217	0.242212749018809	1	0.682309724715482	TW	TW	Within TW	Dispersal limitation
S224	S217	0.392009457688937	1	0.51326866936623	TW	TW	Within TW	Dispersal limitation
S225	S217	3.07078484590109	1	0.478033413944859	TW	TW	Within TW	Heterogeneous selection
S219	S218	-0.954407016777969	1	0.456789490282873	TW	TW	Within TW	Dispersal limitation
S220	S218	0.730418610697082	1	0.453261894601298	TW	TW	Within TW	Dispersal limitation
S221	S218	-0.607088741171838	1	0.431154659779604	TW	TW	Within TW	Dispersal limitation
S222	S218	-0.20831528134258	1	0.524469796098142	TW	TW	Within TW	Dispersal limitation
S223	S218	-0.526420831814862	1	0.598003835864059	TW	TW	Within TW	Dispersal limitation
S224	S218	1.65291616046626	1	0.465738127382345	TW	TW	Within TW	Dispersal limitation
S225	S218	-0.265923203399487	1	0.609857022931919	TW	TW	Within TW	Dispersal limitation
S220	S219	-0.611111384766376	0.913913913913914	0.351237785109706	TW	TW	Within TW	Undominated
S221	S219	-0.883266538636084	1	0.380777349669453	TW	TW	Within TW	Dispersal limitation
S222	S219	-0.258674311169109	1	0.493134785566342	TW	TW	Within TW	Dispersal limitation
S223	S219	0.466504968184235	1	0.473349916772876	TW	TW	Within TW	Dispersal limitation
S224	S219	0.911698872014957	0.997997997997998	0.330742731156125	TW	TW	Within TW	Dispersal limitation
S225	S219	-0.324339439903478	1	0.586805587341341	TW	TW	Within TW	Dispersal limitation
S221	S220	1.8214678745213	0.991991991991992	0.352084581717882	TW	TW	Within TW	Dispersal limitation
S222	S220	1.235507168102	1	0.473455195428788	TW	TW	Within TW	Dispersal limitation
S223	S220	0.0579528332309163	1	0.423142276985028	TW	TW	Within TW	Dispersal limitation
S224	S220	-0.131193717282396	0.783783783783784	0.321399951523958	TW	TW	Within TW	Undominated
S225	S220	-0.370407687624962	1	0.538320593718146	TW	TW	Within TW	Dispersal limitation
S222	S221	-0.237313854245897	1	0.35904136653878	TW	TW	Within TW	Dispersal limitation
S223	S221	-0.336669311481106	1	0.454786204440184	TW	TW	Within TW	Dispersal limitation
S224	S221	0.143203434052015	1	0.35188282993161	TW	TW	Within TW	Dispersal limitation
S225	S221	0.123827651857681	1	0.504019322699436	TW	TW	Within TW	Dispersal limitation
S223	S222	-0.480282924868127	1	0.469569094580634	TW	TW	Within TW	Dispersal limitation
S224	S222	1.28085088669547	1	0.483162793718446	TW	TW	Within TW	Dispersal limitation
S225	S222	2.06066660687409	1	0.578723315382385	TW	TW	Within TW	Heterogeneous selection
S224	S223	0.747895003010078	1	0.507999788124692	TW	TW	Within TW	Dispersal limitation
S225	S223	1.17187712304031	1	0.654665211068113	TW	TW	Within TW	Dispersal limitation
S225	S224	0.336241695200128	1	0.548302791269939	TW	TW	Within TW	Dispersal limitation
