FeatureID	DisplayTaxon	Prevalence	TotalReads	LevinsB	StandardizedBreadth	BreadthClass
OTU_236	Chloroflexi	0.344444444444444	465	5.41333041058284	0.0495879821413802	Intermediate
OTU_399	Nitrosomonadaceae	0.8	463	17.3483543648143	0.183689374885554	Intermediate
OTU_1556	Subgroup 17	0.877777777777778	548	22.0415507738862	0.23642191880771	Intermediate
OTU_32	Miscellaneous Crenarchaeotic Group	1	2123	22.1591454838726	0.237743207683962	Intermediate
OTU_3692	Rhodobacter	0.933333333333333	547	41.8553888537324	0.459049312963285	Broad decile
OTU_50	Comamonadaceae	0.955555555555556	2724	13.97256498398	0.14575915712337	Intermediate
OTU_999	Desulfocapsa	0.677777777777778	326	16.3614253429392	0.172600284752126	Intermediate
OTU_305	Syntrophus	0.877777777777778	1441	27.2067364520739	0.294457712944651	Broad decile
OTU_13742	Comamonadaceae	0.744444444444444	314	31.3691636746274	0.341226558141881	Broad decile
OTU_408	Geoalkalibacter	0.966666666666667	991	32.9090452023354	0.35852859777905	Broad decile
OTU_6426	Xanthomonadales Incertae Sedis	0.966666666666667	1267	24.5191792593324	0.264260441116095	Intermediate
OTU_75	Rhodocyclaceae	0.955555555555556	1104	8.39919998308888	0.0831370784616729	Intermediate
OTU_2069	SC-I-84	0.844444444444444	338	28.4293884217054	0.30819537552478	Broad decile
OTU_356	Halieaceae	0.966666666666667	875	20.7827076509989	0.222277614056167	Intermediate
OTU_825	Anaerolinea	0.611111111111111	223	23.9933411067605	0.258352147266972	Intermediate
OTU_482	Haloferula	0.511111111111111	368	16.4230756418898	0.173292984740335	Intermediate
OTU_1	Clostridium sensu stricto 13	0.988888888888889	16783	7.81857636698044	0.0766132176065218	Intermediate
OTU_2268	Coriobacteriaceae	0.577777777777778	184	16.1001459225613	0.169664560927655	Intermediate
OTU_296	Anaerolineaceae	0.788888888888889	435	9.33696405691974	0.0936737534485364	Intermediate
OTU_1515	Comamonadaceae	0.744444444444444	268	25.9667853795093	0.280525678421453	Intermediate
OTU_1952	Christensenellaceae R-7 group	0.588888888888889	237	22.5156027744478	0.241748345780313	Intermediate
OTU_791	Gemmatimonadaceae	0.644444444444444	124	33.4385718327982	0.36447833519998	Broad decile
OTU_1628	Thermoanaerobaculum	0.433333333333333	132	14.6006867454447	0.152816705004996	Intermediate
OTU_4304	Subgroup 6	0.7	248	30.7026572838636	0.333737722290602	Broad decile
OTU_41	PeM15	0.977777777777778	2145	5.24940988281079	0.0477461784585482	Intermediate
OTU_59	Draconibacteriaceae	0.988888888888889	6403	15.8972853055635	0.167385228152399	Intermediate
OTU_792	Rhizobiales	0.833333333333333	272	38.8640508293725	0.425438773363736	Broad decile
OTU_2733	RB41	0.833333333333333	772	19.8954062739698	0.212307935662582	Intermediate
OTU_609	Aminicenantes	0.566666666666667	511	5.79560190881206	0.0538831675147423	Intermediate
OTU_1069	Acidimicrobiales	0.733333333333333	310	22.7936398129353	0.244872357448712	Intermediate
OTU_2753	Methanobacterium	0.322222222222222	119	6.95212274144463	0.0668777836117374	Intermediate
OTU_5031	Subgroup 6	0.4	160	13.5487307031535	0.140996974192736	Intermediate
OTU_4050	Subgroup 15	0.311111111111111	214	11.3671938238941	0.116485323863979	Intermediate
OTU_52	Bradyrhizobium	0.988888888888889	2536	25.3073707794835	0.273116525612174	Intermediate
OTU_6499	Roseomonas	0.566666666666667	180	17.2695175238002	0.182803567683148	Intermediate
OTU_4147	Halioglobus	0.577777777777778	580	16.1696406763035	0.170445400857342	Intermediate
OTU_286	Sulfuricurvum	0.488888888888889	127	16.6956811011543	0.1763559674287	Intermediate
OTU_23	Alcaligenaceae	1	4908	39.5472115660585	0.433114736697286	Broad decile
OTU_2	Arthrobacter	1	14018	10.4066662201551	0.105692878878147	Intermediate
OTU_2399	Verrucomicrobiaceae	0.477777777777778	174	20.5820994984101	0.220023589869776	Intermediate
OTU_684	Xanthomonadales Incertae Sedis	0.8	291	28.2716986665267	0.306423580522772	Broad decile
OTU_36	DA101 soil group	1	6794	9.40128791653266	0.0943964934441872	Intermediate
OTU_161	Chitinophagaceae	0.811111111111111	346	24.1766125486178	0.260411376950762	Intermediate
OTU_2335	11-24	0.655555555555556	238	17.7148814043964	0.187807656229174	Intermediate
OTU_1761	SB-5	0.522222222222222	328	18.6100964763117	0.197866252542828	Intermediate
OTU_2721	Blastocatella	0.433333333333333	326	14.8976343458459	0.156153194897145	Intermediate
OTU_192	KD4-96	1	2513	33.653693804112	0.366895436001259	Broad decile
OTU_3056	Clostridium sensu stricto 1	0.333333333333333	142	3.19319802519758	0.0246426744404223	Narrow decile
OTU_171	Anaerolineaceae	0.744444444444444	397	20.5154642229108	0.21927487890911	Intermediate
OTU_471	SC-I-84	0.933333333333333	680	32.2640198046565	0.351281121400635	Broad decile
OTU_3620	Acidimicrobiales	0.477777777777778	167	20.1122740824262	0.214744652611531	Intermediate
OTU_3	Paenisporosarcina	0.922222222222222	8001	5.05027955035073	0.0455087589927049	Intermediate
OTU_12367	Microbacteriaceae	0.644444444444444	317	29.8323816825977	0.323959344748289	Broad decile
OTU_605	Sva0081 sediment group	0.644444444444444	296	10.6337007993239	0.108243829205887	Intermediate
OTU_2808	SC-I-84	0.911111111111111	768	27.6481101878254	0.299416968402532	Broad decile
OTU_94	Comamonadaceae	1	2312	47.011971800614	0.51698844719791	Broad decile
OTU_123	Subgroup 17	0.988888888888889	1513	33.944177983755	0.370159303188258	Broad decile
OTU_859	Clostridium sensu stricto 1	0.488888888888889	127	9.08217569510196	0.0908109628663141	Intermediate
OTU_1646	Marinicella	0.611111111111111	450	22.8378235952542	0.245368804441059	Intermediate
OTU_387	Anaerolineaceae	0.411111111111111	561	4.60530655585389	0.0405090624253246	Intermediate
OTU_5862	OPB35 soil group	0.7	358	17.423344827147	0.184531964349966	Intermediate
OTU_37	Subgroup 6	0.988888888888889	2867	23.3698827692549	0.251346997407359	Intermediate
OTU_3060	DEV007	0.577777777777778	231	26.0458761887728	0.281414339199694	Intermediate
OTU_1494	4-29	0.577777777777778	176	24.4362360687051	0.26332849515399	Intermediate
OTU_993	Anaerolineaceae	0.277777777777778	518	3.59380285149943	0.0291438522640386	Narrow decile
OTU_575	Anaerolineaceae	0.355555555555556	107	8.59825205587566	0.0853736186053445	Intermediate
OTU_4513	Marinicella	0.211111111111111	116	3.00012110908842	0.022473270888634	Narrow decile
OTU_12389	Gaiellales	0.355555555555556	123	12.2343754249754	0.126228937359275	Intermediate
OTU_4307	Coriobacteriaceae	0.7	300	21.7159880536478	0.232763910715144	Intermediate
OTU_592	Illumatobacter	0.955555555555556	835	26.5319124096203	0.286875420332812	Intermediate
OTU_243	Bacteroidetes vadinHA17	0.622222222222222	1102	7.0937445352813	0.0684690397222618	Intermediate
OTU_359	Erysipelothrix	0.622222222222222	709	5.09028531017547	0.0459582619120839	Intermediate
OTU_550	Gaiella	0.833333333333333	371	24.4513791148135	0.263498641739478	Intermediate
OTU_1127	SB-5	0.811111111111111	647	29.5484908923563	0.320769560588273	Broad decile
OTU_2593	Chloroplast	0.6	227	11.0696146861974	0.113141738047162	Intermediate
OTU_1486	Pedomicrobium	0.577777777777778	291	14.6677371952075	0.153570080845028	Intermediate
OTU_7903	MB-A2-108	0.6	192	10.9951223624818	0.112304745645863	Intermediate
OTU_5089	Acidobacteriaceae (Subgroup 1)	0.422222222222222	139	10.2343975084662	0.103757275376025	Intermediate
OTU_5	Thiobacillus	1	7206	26.8305896914486	0.290231344847737	Broad decile
OTU_55	RB41	0.711111111111111	2440	7.97510894765428	0.0783720106478009	Intermediate
OTU_1013	Subgroup 6	0.822222222222222	481	24.709089795695	0.26639426736736	Intermediate
OTU_1045	Fodinicola	0.811111111111111	309	35.9048385840426	0.392189197573513	Broad decile
OTU_84	Illumatobacter	1	4113	29.4975937126446	0.320197682164546	Broad decile
OTU_157	Geodermatophilaceae	0.9	784	14.0474757253091	0.14660085084617	Intermediate
OTU_10153	SB-5	0.544444444444444	141	17.0813122920289	0.180688902157628	Intermediate
OTU_3693	Desulfobulbus	0.855555555555556	463	20.5163936722483	0.219285322160093	Intermediate
OTU_31	Xanthomonadales Incertae Sedis	1	4316	34.148254271385	0.372452295184101	Broad decile
OTU_3303	Bacteroidetes vadinHA17	0.9	1094	29.073950398156	0.315437644923101	Broad decile
OTU_22	Xanthomonadales Incertae Sedis	0.966666666666667	1592	15.4893129869871	0.162801269516709	Intermediate
OTU_1362	Gemmatimonas	0.766666666666667	529	26.1320819930997	0.282382943742694	Intermediate
OTU_1579	Coriobacteriaceae	0.833333333333333	477	32.8285875947861	0.357624579716698	Broad decile
OTU_104	Truepera	0.911111111111111	1509	3.80261912690408	0.031490102549484	Intermediate
OTU_16	KD4-96	1	7009	25.4240872607519	0.274427946750022	Intermediate
OTU_231	OPB35 soil group	0.966666666666667	905	24.1140256732806	0.259708153632366	Intermediate
OTU_515	KD4-96	0.922222222222222	836	11.1891814937051	0.11448518532253	Intermediate
OTU_377	Aeromonas	0.577777777777778	555	4.92822463961504	0.0441373555012926	Intermediate
OTU_3457	Rhodocyclaceae	0.688888888888889	165	33.6291203739724	0.366619330044633	Broad decile
OTU_1571	Clostridium sensu stricto 1	0.477777777777778	139	9.48585087696817	0.0953466390670581	Intermediate
OTU_402	0319-6A21	0.466666666666667	145	16.7767864405312	0.177267263376755	Intermediate
OTU_255	Gemmatimonadaceae	0.988888888888889	2098	21.3042491223008	0.22813763058765	Intermediate
OTU_1101	Miscellaneous Crenarchaeotic Group	0.855555555555556	303	39.9077331092128	0.437165540552953	Broad decile
OTU_518	Chloroflexi	0.711111111111111	221	17.9289134833311	0.190212511048664	Intermediate
OTU_12	Bacteroidetes vadinHA17	1	11671	10.6178088816242	0.108065268332856	Intermediate
OTU_443	Azoarcus	0.888888888888889	774	17.6902612876544	0.187531025703982	Intermediate
OTU_800	Subgroup 6	0.988888888888889	1017	45.0773828682396	0.495251492901568	Broad decile
OTU_1150	Anaerolineaceae	0.355555555555556	350	4.91532444435783	0.0439924094871666	Intermediate
OTU_4673	Sh765B-TzT-35	0.633333333333333	211	14.3827921814936	0.150368451477456	Intermediate
OTU_124	KD3-10	0.755555555555556	512	27.5155086519393	0.297927063504936	Broad decile
OTU_13964	Hyphomicrobium	0.566666666666667	124	22.8245860834377	0.245220068353232	Intermediate
OTU_919	Adhaeribacter	0.555555555555556	612	9.34050693962978	0.0937135611194357	Intermediate
OTU_1342	Chthoniobacter	0.444444444444444	194	22.2938164443938	0.239256364543751	Intermediate
OTU_1719	Anaerolineaceae	0.555555555555556	110	14.3366586358719	0.149850097032269	Intermediate
OTU_13785	Gaiellales	0.455555555555556	138	9.09073362616694	0.0909071193951341	Intermediate
OTU_1336	RB41	0.811111111111111	484	20.1478117939691	0.215143952741225	Intermediate
OTU_5558	Chthonomonas	0.322222222222222	111	13.2858861583588	0.138043664700661	Intermediate
OTU_4095	Sphingobacteriales	0.211111111111111	128	5.52834029444029	0.050880228027419	Intermediate
OTU_332	DA101 soil group	0.611111111111111	432	9.47438633494358	0.0952178239881301	Intermediate
OTU_1007	Latescibacteria	0.611111111111111	204	28.4962870945684	0.308947046006387	Broad decile
OTU_476	Thioalkalispira	0.477777777777778	123	18.78757533643	0.199860397038539	Intermediate
OTU_8	Planomicrobium	0.988888888888889	8424	9.31130999881633	0.0933855056046779	Intermediate
OTU_117	PHOS-HE36	0.944444444444444	1738	21.324797104089	0.228368506787517	Intermediate
OTU_169	Thiobacillus	0.988888888888889	1953	28.1708139997024	0.305290044940476	Broad decile
OTU_1118	Chloroflexi	0.744444444444444	697	20.5267068355717	0.219401200399682	Intermediate
OTU_9930	Chloroflexi	0.511111111111111	120	10.3395752053311	0.104939047250911	Intermediate
OTU_2528	Synechococcus	0.444444444444444	262	8.14503975934095	0.0802813456105725	Intermediate
OTU_950	Ardenticatenia	0.277777777777778	111	5.19207334106894	0.04710194765246	Intermediate
OTU_10487	KD4-96	0.633333333333333	695	10.5524727445169	0.107331154432774	Intermediate
OTU_297	Subgroup 6	0.866666666666667	840	12.7901215119771	0.132473275415473	Intermediate
OTU_8459	Coriobacteriaceae	0.577777777777778	152	23.126966463455	0.248617600712978	Intermediate
OTU_15	Subgroup 23	0.944444444444444	3550	7.22933150393994	0.0699924888083139	Intermediate
OTU_2621	Anaeromyxobacter	0.7	205	18.005141879273	0.191069009879471	Intermediate
OTU_8485	Dechloromonas	0.733333333333333	317	13.8664510793913	0.144566866060576	Intermediate
OTU_19	KD4-96	0.911111111111111	5117	12.4169261284382	0.128280068858857	Intermediate
OTU_833	OPB35 soil group	0.588888888888889	114	22.1863968644884	0.238049402971779	Intermediate
OTU_617	Anaerolineaceae	0.6	196	9.79231986433675	0.0987901108352444	Intermediate
OTU_1425	Leptolinea	0.311111111111111	152	8.53274724858299	0.0846376095346403	Intermediate
OTU_2420	Bacteroidetes vadinHA17	0.6	160	15.0995701120632	0.158422136090598	Intermediate
OTU_2326	FukuN57	0.677777777777778	135	42.2931812491304	0.463968328641915	Broad decile
OTU_1068	MB-A2-108	0.411111111111111	197	6.86302958994465	0.0658767369656702	Intermediate
OTU_2901	OPB35 soil group	0.688888888888889	217	29.5440352426065	0.320719497107939	Broad decile
OTU_3437	Acidimicrobiales	0.611111111111111	175	28.4900220902982	0.308876652699979	Broad decile
OTU_416	Desulfocapsa	0.722222222222222	277	7.69851161988862	0.0752641755043666	Intermediate
OTU_2869	OM1 clade	0.566666666666667	166	8.60238418372028	0.085420047008093	Intermediate
OTU_318	KD4-96	1	3356	34.5370756251058	0.376821074439391	Broad decile
OTU_2042	Anaerolineaceae	0.522222222222222	132	25.7573429216045	0.278172392377578	Intermediate
OTU_819	Lysobacter	0.811111111111111	635	23.597690308152	0.253906632675866	Intermediate
OTU_195	Comamonadaceae	0.988888888888889	1383	14.8988614535901	0.156166982624608	Intermediate
OTU_977	OPB35 soil group	0.811111111111111	507	26.2709243146857	0.283942969827929	Intermediate
OTU_214	OM1 clade	0.9	1609	11.6966162203279	0.120186699104808	Intermediate
OTU_826	Sulfuricurvum	0.744444444444444	924	1.8808803986857	0.00989753256950229	Narrow decile
OTU_2395	Oligosphaerales	0.5	116	28.1432725981159	0.304980590990066	Broad decile
OTU_3075	Planctomycetaceae	0.466666666666667	112	18.5073182074283	0.196711440532902	Intermediate
OTU_3775	Bacteroidetes vadinHA17	0.3	192	2.26539741305838	0.0142179484613301	Narrow decile
OTU_7	Clostridium sensu stricto 1	0.877777777777778	941	39.0670994710625	0.427720218775983	Broad decile
OTU_2926	Xanthomonadales	0.433333333333333	227	7.01742372193819	0.0676115024936876	Intermediate
OTU_2766	Coriobacteriaceae	0.633333333333333	278	25.3400978821632	0.273484245867003	Intermediate
OTU_65	Subgroup 2	0.444444444444444	1158	1.69908181893778	0.00785485189817727	Narrow decile
OTU_9597	Luteolibacter	0.288888888888889	122	15.4381941104815	0.162226900117769	Intermediate
OTU_1499	OPB35 soil group	0.611111111111111	242	15.5725077504794	0.163736042140218	Intermediate
OTU_1036	Sulfuritalea	0.744444444444444	218	33.2125801165246	0.361939102432861	Broad decile
OTU_2270	Bacteroidetes vadinHA17	0.4	221	3.40729381077574	0.0270482450648959	Narrow decile
OTU_175	Bryobacter	0.733333333333333	970	15.6664367207567	0.164791423828727	Intermediate
OTU_97	Anaerolineaceae	0.911111111111111	1583	23.307256497451	0.250643331432034	Intermediate
OTU_497	Desulfatiglans	0.733333333333333	288	14.9694819850275	0.156960471741882	Intermediate
OTU_1972	Geobacter	0.777777777777778	321	17.8262982399893	0.189059530786397	Intermediate
OTU_832	Gaiella	0.922222222222222	755	14.6120219679369	0.152944067055471	Intermediate
OTU_210	Chloroplast	0.588888888888889	123	8.41171411803815	0.0832776867195297	Intermediate
OTU_303	GR-WP33-30	0.911111111111111	384	33.3683317717873	0.363689121031318	Broad decile
OTU_91	Arenimonas	0.966666666666667	1032	20.7176334851024	0.221546443652835	Intermediate
OTU_25	KD4-96	1	5777	29.9188983207306	0.324931441805962	Broad decile
OTU_6091	Anaerolineaceae	0.633333333333333	150	16.3992314796622	0.173025072805193	Intermediate
OTU_2982	MB-A2-108	0.355555555555556	168	6.0495293911805	0.0567362852941629	Intermediate
OTU_4309	Coriobacteriaceae	0.355555555555556	133	13.0709285594527	0.135628410780367	Intermediate
OTU_395	Anaerolineaceae	0.566666666666667	556	12.0208331016497	0.123829585411795	Intermediate
OTU_153	Cytophagaceae	0.733333333333333	364	18.523034719358	0.196888030554584	Intermediate
OTU_5380	Bradyrhizobiaceae	0.877777777777778	767	28.0120767256777	0.303506480063794	Broad decile
OTU_434	Nitrospinaceae	0.977777777777778	1347	16.4564972814857	0.173668508780738	Intermediate
OTU_233	Blastocatella	0.877777777777778	1425	11.1221353079299	0.113731857392471	Intermediate
OTU_118	Subgroup 23	0.788888888888889	1344	6.01021070195233	0.0562945022691273	Intermediate
OTU_1698	Xanthomonadaceae	0.577777777777778	142	23.1373957595578	0.248734783815256	Intermediate
OTU_631	Subgroup 7	0.833333333333333	596	21.4751763340662	0.230058161056924	Intermediate
OTU_3878	Longilinea	0.577777777777778	125	20.3887948299285	0.217851627302568	Intermediate
OTU_27	Carnobacteriaceae	0.955555555555556	2444	3.22235589358034	0.0249702909391049	Narrow decile
OTU_2019	Arenimonas	0.533333333333333	202	11.1644421227399	0.114207214862246	Intermediate
OTU_2056	Nitrosomonadaceae	0.911111111111111	792	27.5495593183236	0.298309655262063	Broad decile
OTU_217	Bacteroidetes vadinHA17	0.911111111111111	2501	11.3219491139668	0.115976956336706	Intermediate
OTU_2457	OPB35 soil group	0.588888888888889	178	24.6704810385401	0.265960461107192	Intermediate
OTU_1629	Aminicenantes	0.511111111111111	253	15.2658294082272	0.160290218069968	Intermediate
OTU_3999	Desulfobacteraceae	0.5	166	18.52998135195	0.19696608260618	Intermediate
OTU_798	Methylocystaceae	0.933333333333333	485	9.28655464553876	0.0931073555678512	Intermediate
OTU_7758	Coriobacteriaceae	0.722222222222222	435	21.3221319627306	0.228338561378996	Intermediate
OTU_1339	Soil Crenarchaeotic Group(SCG)	0.466666666666667	266	5.76105888828729	0.0534950436886213	Intermediate
OTU_928	Anaeromyxobacter	0.677777777777778	142	39.8909408032985	0.43697686295841	Broad decile
OTU_9870	Mycobacterium	0.777777777777778	230	43.9676882343935	0.48278301386959	Broad decile
OTU_5851	KD4-96	0.744444444444444	664	17.9393514142268	0.190329791171087	Intermediate
OTU_262	Anaerolineaceae	0.755555555555556	332	28.6797094555256	0.3110079714104	Broad decile
OTU_748	Acidibacter	0.622222222222222	277	15.8587217394353	0.166951929656576	Intermediate
OTU_620	Desulfobacca	0.922222222222222	648	29.3177338744635	0.318176785106331	Broad decile
OTU_2229	KD4-96	0.877777777777778	1061	29.1207977254657	0.315964019387256	Broad decile
OTU_4691	Syntrophaceae	0.411111111111111	108	8.53961574302043	0.084714783629443	Intermediate
OTU_2411	Nitrosomonadaceae	0.6	147	23.6601085062568	0.254607960744458	Intermediate
OTU_1950	Rhodoplanes	0.688888888888889	202	26.6529936817277	0.288235884064356	Broad decile
OTU_13824	Clostridium sensu stricto 13	0.888888888888889	2894	5.19728456922213	0.0471605007777768	Intermediate
OTU_629	Nannocystaceae	0.644444444444444	194	16.9883666270887	0.179644568843693	Intermediate
OTU_5387	Aquabacterium	0.5	114	25.8822262998859	0.279575576403213	Intermediate
OTU_102	Nitrosomonadaceae	1	4182	45.7627656768024	0.502952423334858	Broad decile
OTU_392	Thioalkalispira	0.622222222222222	156	17.7437261061401	0.188131754001574	Intermediate
OTU_2810	Subgroup 6	0.922222222222222	618	45.3316215196131	0.498108106961945	Broad decile
OTU_973	Chloroflexi	0.8	313	24.7894709225197	0.267297426095727	Intermediate
OTU_591	Rhodospirillaceae	0.6	143	19.9331386857548	0.21273189534556	Intermediate
OTU_6910	Chloroflexi	0.422222222222222	110	19.8949073412705	0.212302329677197	Intermediate
OTU_994	KD4-96	0.755555555555556	1079	8.38842400112033	0.083016000012588	Intermediate
OTU_7791	SJA-28	0.255555555555556	129	8.23438339847509	0.0812852067244392	Intermediate
OTU_3535	Subgroup 23	0.333333333333333	129	11.6766903841805	0.119962813305399	Intermediate
OTU_1309	Anaerolineaceae	0.477777777777778	195	11.4828717156396	0.117785075456625	Intermediate
OTU_5117	Comamonadaceae	0.933333333333333	968	18.0101082647573	0.191124811963565	Intermediate
OTU_1634	Candidatus Solibacter	0.8	1438	12.6635954041972	0.131051633755025	Intermediate
OTU_677	Phenylobacterium	0.777777777777778	293	28.7710239927733	0.312033977446891	Broad decile
OTU_3147	MB-A2-108	0.6	421	13.4449718701071	0.139831144607945	Intermediate
OTU_78	Verrucomicrobiaceae	0.944444444444444	1351	26.3337898983801	0.284649324700901	Intermediate
OTU_912	WCHB1-69	0.777777777777778	715	16.7379626492964	0.17683104100333	Intermediate
OTU_3081	Christensenellaceae R-7 group	0.344444444444444	138	9.299227152013	0.093249743281045	Intermediate
OTU_218	Devosia	0.955555555555556	975	38.2100294829385	0.418090218909421	Broad decile
OTU_875	OPB35 soil group	0.911111111111111	713	22.617867567206	0.242897388395573	Intermediate
OTU_14304	Subgroup 6	0.522222222222222	130	26.6609590932682	0.28832538307043	Broad decile
OTU_54	Acinetobacter	0.644444444444444	1261	2.32830958219263	0.0149248267662093	Narrow decile
OTU_181	Sphingomonas	0.811111111111111	360	21.1040040078885	0.225887685481894	Intermediate
OTU_3906	Peptoclostridium	0.433333333333333	166	5.14059990946454	0.0465235944883656	Intermediate
OTU_1266	Sulfuricurvum	0.266666666666667	177	3.13856456188773	0.0240288153021094	Narrow decile
OTU_421	TRA3-20	0.522222222222222	114	26.0798998760162	0.281796627820406	Intermediate
OTU_310	WCHB1-32	0.744444444444444	1001	2.74963468931532	0.01965881673388	Narrow decile
OTU_331	MB-A2-108	0.577777777777778	149	28.0335536985	0.303747794365169	Broad decile
OTU_2708	Aminicenantes	0.566666666666667	231	11.4281390747773	0.11717010196379	Intermediate
OTU_9784	Nannocystaceae	0.411111111111111	111	12.6276329857567	0.130647561637715	Intermediate
OTU_3537	Gemmatimonadaceae	0.3	106	14.2361942115202	0.148721283275508	Intermediate
OTU_7109	Opitutus	0.544444444444444	156	23.6064777566471	0.254005368052215	Intermediate
OTU_4287	Caldilineaceae	0.388888888888889	100	20.2281451882403	0.216046575148767	Intermediate
OTU_8848	Candidatus Anammoximicrobium	0.444444444444444	258	6.727151352201	0.0643500151932697	Intermediate
OTU_1535	Anaeromyxobacter	0.633333333333333	127	35.9513728390232	0.392712054371047	Broad decile
OTU_79	KD4-96	1	2570	32.6384017847319	0.355487660502606	Broad decile
OTU_466	PeM15	0.8	556	12.7148676203656	0.131627726071524	Intermediate
OTU_5222	Subgroup 17	0.633333333333333	154	12.3209560075773	0.127201752894126	Intermediate
OTU_2047	Bacteroidetes vadinHA17	0.477777777777778	395	7.58844721559431	0.0740274968044305	Intermediate
OTU_152	Anaerolineaceae	0.822222222222222	546	20.5897964912062	0.220110072934901	Intermediate
OTU_12033	Blastocatella	0.544444444444444	247	13.9257442524874	0.145233081488622	Intermediate
OTU_3817	Aquabacterium	0.844444444444444	520	23.1720106138206	0.249123714762029	Intermediate
OTU_1751	Subgroup 6	0.888888888888889	681	24.8301064089252	0.267754004594665	Intermediate
OTU_526	Sphingomonadaceae	0.922222222222222	646	19.6604566008315	0.209668051694736	Intermediate
OTU_1289	Rhodocyclaceae	0.822222222222222	425	10.8660026660818	0.110853962540245	Intermediate
OTU_5888	OPB35 soil group	0.655555555555556	366	18.8215989403898	0.200242684723481	Intermediate
OTU_2161	Chloroflexi	0.688888888888889	149	38.5823586171436	0.422273692327456	Broad decile
OTU_151	Verrucomicrobiaceae	0.788888888888889	606	25.855335368496	0.279273431106696	Intermediate
OTU_1187	Methylophilaceae	0.766666666666667	339	25.4314912019225	0.274511137100253	Intermediate
OTU_730	TRA3-20	0.777777777777778	319	34.4271120952155	0.375585529159725	Broad decile
OTU_3436	Subgroup 7	0.555555555555556	736	4.53983215557593	0.0397733950064711	Intermediate
OTU_441	Bacteroidetes vadinHA17	0.677777777777778	635	16.1248385378859	0.169942006043662	Intermediate
OTU_5487	Ignavibacteriales	0.355555555555556	174	3.98688839223849	0.0335605437330167	Intermediate
OTU_442	RB41	0.633333333333333	732	3.53298991311982	0.028460560821571	Narrow decile
OTU_2263	RB41	0.544444444444444	129	12.4601432742416	0.128765654766759	Intermediate
OTU_1011	Anaerolineaceae	0.455555555555556	266	4.84859986335845	0.0432426950939152	Intermediate
OTU_6409	Xanthomonadales Incertae Sedis	0.644444444444444	168	27.1601803287556	0.293934610435456	Broad decile
OTU_275	Xenophilus	0.988888888888889	1650	50.5411201425887	0.556641799354929	Broad decile
OTU_105	OPB35 soil group	1	1528	49.2432693693833	0.542059206397565	Broad decile
OTU_7540	Subgroup 18	0.511111111111111	121	15.2892884172139	0.160553802440605	Intermediate
OTU_17	Rhodobacteraceae	0.977777777777778	1995	19.4945626316448	0.207804074512863	Intermediate
OTU_2562	Gaiellales	0.433333333333333	183	19.9194509174666	0.212578100196254	Intermediate
OTU_109	Anderseniella	0.888888888888889	1978	19.9507981804196	0.212930316633929	Intermediate
OTU_4639	Geothermobacter	0.611111111111111	398	10.1948447214332	0.103312862038575	Intermediate
OTU_10930	KD4-96	0.466666666666667	135	18.7531183360728	0.199473239731155	Intermediate
OTU_1641	Rhizobiales	0.822222222222222	534	16.5661103401107	0.174900116181019	Intermediate
OTU_4731	Bacillus	0.733333333333333	652	46.8898267227634	0.515616030592847	Broad decile
OTU_504	Subgroup 6	0.722222222222222	266	19.07454920141	0.203084822487753	Intermediate
OTU_3030	Subgroup 6	0.555555555555556	110	13.6722477827787	0.142384806548076	Intermediate
OTU_897	Bacteroidetes vadinHA17	0.644444444444444	1191	6.91652792758757	0.0664778418830064	Intermediate
OTU_204	Actibacter	0.633333333333333	754	1.96110721521185	0.0107989574742905	Narrow decile
OTU_1095	Xanthomonadales	0.533333333333333	132	21.7779542210094	0.233460159786622	Intermediate
OTU_2034	Chloroflexi	0.611111111111111	260	18.6500514779998	0.198315185146065	Intermediate
OTU_5849	Spirochaeta 2	0.466666666666667	122	23.5488848222659	0.253358256429954	Intermediate
OTU_1856	Subgroup 17	0.555555555555556	223	24.8190437981173	0.267629705596824	Intermediate
OTU_2814	KD4-96	0.588888888888889	178	20.257988750778	0.216381896076157	Intermediate
OTU_1852	Saprospiraceae	0.5	326	9.63622161218108	0.0970361978896751	Intermediate
OTU_326	C0119	0.777777777777778	378	22.1730572447181	0.237899519603575	Intermediate
OTU_1295	Latescibacteria	0.544444444444444	182	17.807958822844	0.188853469919596	Intermediate
OTU_926	Nitrosomonadaceae	0.922222222222222	1282	25.1605842827503	0.271467239132025	Intermediate
OTU_545	SC-I-84	0.955555555555556	614	33.660904568065	0.366976455820955	Broad decile
OTU_361	Subgroup 6	0.788888888888889	584	23.1097944498835	0.248424656740264	Intermediate
OTU_590	Nitrospira	0.644444444444444	311	24.4187789076789	0.263132347277291	Intermediate
OTU_582	Leptolinea	0.677777777777778	508	19.6874797637478	0.20997168273874	Intermediate
OTU_2409	Alcaligenaceae	0.555555555555556	144	12.406736036445	0.128165573443203	Intermediate
OTU_403	Chitinophaga	0.466666666666667	106	5.271297484937	0.0479921065723258	Intermediate
OTU_4383	KCLunmb-38-53	0.422222222222222	126	7.75605997374336	0.0759107862218355	Intermediate
OTU_3470	Spirochaeta 2	0.488888888888889	105	23.9961147181404	0.25838331143978	Intermediate
OTU_2443	Blastopirellula	0.4	121	16.110102246667	0.169776429737831	Intermediate
OTU_35	Exiguobacterium	0.9	2226	1.77411264597067	0.0086978948985469	Narrow decile
OTU_131	0319-6A21	0.888888888888889	851	15.5005992218358	0.162928081144222	Intermediate
OTU_300	Alcaligenaceae	0.688888888888889	848	10.3008349416917	0.104503763389795	Intermediate
OTU_3959	Haliangium	0.577777777777778	233	22.2534880610368	0.238803236640863	Intermediate
OTU_3361	Rhodocyclaceae	0.566666666666667	357	3.25324729697654	0.025317385359287	Narrow decile
OTU_193	Romboutsia	0.811111111111111	453	14.6261482716623	0.153102789569239	Intermediate
OTU_10721	SC-I-84	0.7	339	14.2477231243324	0.148850821621712	Intermediate
OTU_339	Anaerolineaceae	0.488888888888889	145	12.2725592891284	0.126657969540769	Intermediate
OTU_6	Soil Crenarchaeotic Group(SCG)	0.955555555555556	2871	6.96730870311464	0.0670484123945465	Intermediate
OTU_2952	WD2101 soil group	0.377777777777778	113	13.0905110470975	0.135848438731433	Intermediate
OTU_334	Anaerolineaceae	0.711111111111111	1073	9.12629488153834	0.0913066840622285	Intermediate
OTU_2088	Gallionellaceae	0.644444444444444	182	24.8180475685522	0.267618512006204	Intermediate
OTU_1202	Chthoniobacterales	0.411111111111111	106	17.1871464239925	0.18187804970778	Intermediate
OTU_7645	P. palm C 85	0.333333333333333	105	15.9152512079872	0.167587092224575	Intermediate
OTU_1252	Desulfatirhabdium	0.633333333333333	265	8.9673037873403	0.0895202672734865	Intermediate
OTU_6542	BSV26	0.511111111111111	220	13.9963758811037	0.146026695293299	Intermediate
OTU_778	Subgroup 6	0.611111111111111	204	12.0520498439593	0.124180335325386	Intermediate
OTU_220	Marinicella	0.988888888888889	4144	19.1850917835281	0.204326873972226	Intermediate
OTU_1254	Chloroflexi	0.444444444444444	238	8.89036586291018	0.088655796212474	Intermediate
OTU_1358	GR-WP33-30	0.788888888888889	292	44.040186095512	0.483597596578787	Broad decile
OTU_9903	Anaerolineaceae	0.155555555555556	124	1.81944649943439	0.00920726403858869	Narrow decile
OTU_145	GAL15	0.488888888888889	123	18.6670725389672	0.198506433022104	Intermediate
OTU_1475	Xanthomonadales Incertae Sedis	0.477777777777778	503	7.78249778652569	0.0762078402980415	Intermediate
OTU_1177	Coriobacteriaceae	0.822222222222222	601	26.3759480094724	0.285123011342386	Intermediate
OTU_2835	Sva0485	0.466666666666667	153	17.9144085868831	0.19004953468408	Intermediate
OTU_632	Thiobacillus	0.855555555555556	3251	14.2309920725148	0.148662832275447	Intermediate
OTU_432	Nitrospiraceae	0.844444444444444	547	19.1074869092473	0.203454909092666	Intermediate
OTU_1313	KD4-96	0.922222222222222	1121	20.8999277742174	0.223594694092331	Intermediate
OTU_5654	Clostridium sensu stricto 13	0.677777777777778	698	6.61802135119725	0.0631238354067107	Intermediate
OTU_923	Fastidiosipila	0.766666666666667	345	26.8237600600676	0.29015460741649	Broad decile
OTU_86	Anaerolineaceae	0.522222222222222	856	2.36403170714387	0.0153261989566726	Narrow decile
OTU_1505	OPB35 soil group	0.733333333333333	125	26.3887089729439	0.285266392954426	Intermediate
OTU_1909	Bacillus aquimaris	0.866666666666667	853	7.51004300333927	0.0731465505993176	Intermediate
OTU_1034	Subgroup 6	0.911111111111111	712	26.7858504601875	0.289728656856039	Broad decile
OTU_96	Gitt-GS-136	0.866666666666667	965	15.3318522989945	0.161032048303308	Intermediate
OTU_1071	0319-6A21	0.833333333333333	643	18.9235934339041	0.201388690268585	Intermediate
OTU_3224	Hyphomonas	0.677777777777778	227	33.222272571172	0.362048006417663	Broad decile
OTU_1421	Desulfobulbaceae	0.477777777777778	284	8.83772911957314	0.0880643721300353	Intermediate
OTU_483	Chitinophagaceae	0.688888888888889	295	24.5910026989536	0.265067446055658	Intermediate
OTU_1212	Woodsholea	0.555555555555556	123	28.7284752927794	0.31155590216606	Broad decile
OTU_2128	GR-WP33-30	0.477777777777778	102	26.8167196992611	0.290075502238889	Broad decile
OTU_1427	Aminicenantes	0.466666666666667	137	15.1780077327849	0.15930345767174	Intermediate
OTU_1713	Bacteroidetes vadinHA17	0.566666666666667	500	10.6611404450933	0.108552139832509	Intermediate
OTU_1190	Desulfobulbaceae	0.544444444444444	366	7.04815870014468	0.0679568393274684	Intermediate
OTU_1653	Nitrosomonadaceae	0.644444444444444	224	21.4244916860327	0.229488670629581	Intermediate
OTU_611	Myxococcaceae	0.844444444444444	337	25.9985618072695	0.280882716935612	Intermediate
OTU_773	Coriobacteriaceae	0.911111111111111	631	45.9159232773885	0.504673295251557	Broad decile
OTU_971	Pseudomonas	0.433333333333333	166	7.61111241784287	0.0742821619982345	Intermediate
OTU_49	DA101 soil group	0.977777777777778	2174	18.4730185707022	0.196326051356205	Intermediate
OTU_11	Sulfurovum	0.988888888888889	5963	7.45176683519767	0.0724917621932322	Intermediate
OTU_1364	Pedomicrobium	0.6	198	29.9050014720093	0.324775297438307	Broad decile
OTU_2744	Proteobacteria	0.611111111111111	197	17.230523874095	0.182365436787585	Intermediate
OTU_6142	BSV26	0.333333333333333	104	6.44880771883531	0.061222558638599	Intermediate
OTU_372	Gaiellales	0.977777777777778	1377	19.5404325511986	0.2083194668674	Intermediate
OTU_768	Xanthomonadales Incertae Sedis	0.888888888888889	584	22.6130209493767	0.242842932015469	Intermediate
OTU_5153	WCHB1-41	0.433333333333333	124	17.5865264073944	0.186365465251623	Intermediate
OTU_101	Sphingomonas	0.744444444444444	486	11.5751909280365	0.118822369977938	Intermediate
OTU_809	Planctomycetaceae	0.655555555555556	256	31.0180319080691	0.337281257394035	Broad decile
OTU_1052	Bacteroidia	0.511111111111111	212	16.6421990316155	0.175755045299051	Intermediate
OTU_3472	Rhodocyclaceae	0.788888888888889	436	9.14483903872271	0.0915150453789069	Intermediate
OTU_12265	Miscellaneous Crenarchaeotic Group	0.4	173	11.7345400028752	0.12061280902107	Intermediate
OTU_241	Bacteroidetes vadinHA17	0.711111111111111	890	10.212900827122	0.103515739630584	Intermediate
OTU_18	RB41	0.988888888888889	1548	13.3406492520463	0.13865898036007	Intermediate
OTU_9894	Iamia	0.544444444444444	180	17.2038578806935	0.182065818884196	Intermediate
OTU_9662	OPB35 soil group	0.422222222222222	112	15.9457206325894	0.167929445309994	Intermediate
OTU_72	Blastocatella	0.977777777777778	1926	19.3595272949453	0.206286823538711	Intermediate
OTU_390	Flavobacterium	0.844444444444444	1768	10.342024202049	0.104966564067966	Intermediate
OTU_3314	Comamonadaceae	0.855555555555556	503	22.1540421731751	0.237685867114327	Intermediate
OTU_7408	Nitrospinaceae	0.577777777777778	243	18.5096317247074	0.196737435109071	Intermediate
OTU_444	BSV13	0.633333333333333	566	4.81150403122411	0.0428258879912821	Intermediate
OTU_6595	Crenothrix	0.466666666666667	288	11.155095996363	0.114102202206326	Intermediate
OTU_1990	Bacteroidetes vadinHA17	0.555555555555556	252	20.8281045311335	0.222787691361051	Intermediate
OTU_1601	KD4-96	0.811111111111111	853	17.3090859992294	0.183248157294713	Intermediate
OTU_409	Rhodobiaceae	0.933333333333333	954	29.9029313701008	0.324752037866301	Broad decile
OTU_2213	S0134 terrestrial group	0.5	139	23.5932784929068	0.253857061718054	Intermediate
OTU_293	Acidimicrobiales	0.955555555555556	764	32.6873480959189	0.356037619055269	Broad decile
OTU_1759	Comamonadaceae	0.911111111111111	688	48.1040880692337	0.529259416508244	Broad decile
OTU_983	Ramlibacter	0.911111111111111	566	34.0809867508735	0.371696480346893	Broad decile
OTU_3460	Bacteroidetes vadinHA17	0.655555555555556	941	13.5651442849812	0.141181396460463	Intermediate
OTU_2725	DA101 soil group	0.688888888888889	765	17.5512191290539	0.185968754259032	Intermediate
OTU_5429	OPB35 soil group	0.544444444444444	121	19.9409903447154	0.212820116232757	Intermediate
OTU_2011	Coriobacteriaceae	0.811111111111111	601	22.1578123761684	0.237728228945713	Intermediate
OTU_769	Acidimicrobiaceae	0.566666666666667	127	13.8207651961281	0.144053541529529	Intermediate
OTU_1772	OPB41	0.288888888888889	262	1.74599802656764	0.00838200029851282	Narrow decile
OTU_1620	Phenylobacterium	0.7	226	35.3852287615934	0.386350884961724	Broad decile
OTU_247	Xanthomonadales	0.533333333333333	315	16.9299354906969	0.178988039221314	Intermediate
OTU_1403	Sphingomonas	0.755555555555556	387	28.2878372203553	0.306604912588262	Broad decile
OTU_238	GOUTB8	0.822222222222222	1031	19.1024726511168	0.203398569113672	Intermediate
OTU_346	MB-A2-108	0.722222222222222	362	8.9791437611543	0.089653300687127	Intermediate
OTU_1394	Gemmatimonadaceae	0.477777777777778	163	18.1718385288347	0.192942005941963	Intermediate
OTU_11209	Anaerolineaceae	0.222222222222222	172	3.63383076453738	0.0295936040959256	Narrow decile
OTU_13324	Miscellaneous Crenarchaeotic Group	0.477777777777778	227	10.7637344364092	0.109704881307969	Intermediate
OTU_13848	Xanthomonadales Incertae Sedis	0.633333333333333	188	9.92757482262447	0.100309829467691	Intermediate
OTU_139	OPB35 soil group	0.888888888888889	1477	12.7902864506582	0.13247512865908	Intermediate
OTU_1322	Anaerolineaceae	0.7	658	7.93286697718747	0.0778973817661513	Intermediate
OTU_183	Anaerolineaceae	0.833333333333333	903	2.86336994781912	0.0209367409867317	Narrow decile
OTU_726	Desulfobacteraceae	0.422222222222222	506	7.07571573777902	0.0682664689638092	Intermediate
OTU_656	Comamonadaceae	0.988888888888889	1987	20.896812069987	0.223559686179629	Intermediate
OTU_391	Subgroup 7	0.844444444444444	475	20.8022323047169	0.222496992187831	Intermediate
OTU_2057	Luteolibacter	0.511111111111111	520	3.41355141812296	0.0271185552598085	Narrow decile
OTU_289	Rhodocyclaceae	0.822222222222222	417	35.9463349288911	0.392655448639226	Broad decile
OTU_2884	Hydrogenophilaceae	0.533333333333333	107	16.5741985069162	0.174990994459733	Intermediate
OTU_1426	Saprospiraceae	0.522222222222222	162	16.866972470595	0.178280589557247	Intermediate
OTU_254	Subgroup 6	1	2640	43.9167237132945	0.482210378801062	Broad decile
OTU_10246	Desulfosporosinus	0.411111111111111	116	13.5520810849585	0.141034618932118	Intermediate
OTU_1960	OPB35 soil group	0.4	126	21.8884294080756	0.234701454023321	Intermediate
OTU_2348	Anaerolineaceae	0.344444444444444	502	4.24883282238243	0.0365037395773307	Intermediate
OTU_1221	Gemmatimonadaceae	0.6	331	12.2425281094284	0.126320540555375	Intermediate
OTU_2535	Anaerolinea	0.533333333333333	113	28.2571608224411	0.306260233960012	Broad decile
OTU_382	Bacillus	0.744444444444444	388	4.37403845433551	0.037910544430736	Intermediate
OTU_40	Sphingomonas	1	1930	15.3387415669558	0.161109455808492	Intermediate
OTU_1516	Subgroup 6	0.477777777777778	170	17.8456669523217	0.189277156767659	Intermediate
OTU_2907	OPB35 soil group	0.733333333333333	354	27.2552178560502	0.295002447820788	Broad decile
OTU_6059	Xanthomonadales	0.677777777777778	306	21.387261472225	0.229070353620505	Intermediate
OTU_484	Gemmatimonadaceae	0.844444444444444	493	28.8196310594297	0.312580124263255	Broad decile
OTU_3895	Nitrosomonadaceae	0.311111111111111	160	6.45354807464591	0.0612758210634372	Intermediate
OTU_6889	Anaerolineaceae	0.433333333333333	167	12.6655899165032	0.131074044005654	Intermediate
OTU_673	Gemmatimonadaceae	0.855555555555556	911	23.1347695984452	0.248705276387025	Intermediate
OTU_144	Anaerolineaceae	0.5	228	7.83301366512493	0.076775434439606	Intermediate
OTU_393	Syntrophaceae	0.855555555555556	489	22.6183618597309	0.242902942244167	Intermediate
OTU_5492	Nitrosomonadaceae	0.411111111111111	103	12.885905913627	0.133549504647494	Intermediate
OTU_1081	Woodsholea	0.6	125	30.5888452226245	0.332458935085668	Broad decile
OTU_8139	Sh765B-TzT-29	0.333333333333333	155	9.05144269961459	0.0904656483102763	Intermediate
OTU_294	Acidobacteriaceae (Subgroup 1)	0.644444444444444	425	7.64061041689881	0.0746136001898742	Intermediate
OTU_1462	Anaerolinea	0.566666666666667	417	12.3585739594636	0.127624426510827	Intermediate
OTU_827	RB41	0.377777777777778	272	3.34404208473655	0.0263375515138938	Narrow decile
OTU_1180	Synechococcus	0.411111111111111	267	6.35814811114219	0.0602039113611482	Intermediate
OTU_10089	SB-5	0.422222222222222	170	17.1207902549259	0.181132474774448	Intermediate
OTU_523	KD4-96	0.722222222222222	296	20.9633862400347	0.224307710562188	Intermediate
OTU_146	Gaiellales	0.988888888888889	1108	36.4146930587938	0.397917899537009	Broad decile
OTU_6376	Variibacter	0.844444444444444	248	42.3884779638919	0.465039078245976	Broad decile
OTU_5277	Nitrosomonadaceae	0.933333333333333	930	32.3014016290215	0.351701141899118	Broad decile
OTU_1349	Marinicella	0.766666666666667	1135	8.82799627298885	0.0879550143032455	Intermediate
OTU_67	Algoriphagus	0.855555555555556	2188	16.7583880145113	0.177060539488891	Intermediate
OTU_327	OM1 clade	0.211111111111111	361	1.09635498068638	0.00108264023243126	Narrow decile
OTU_1973	480-2	0.533333333333333	237	7.05703368907285	0.0680565583041893	Intermediate
OTU_3839	Gemmatimonadaceae	0.844444444444444	853	19.3409966062525	0.206078613553398	Intermediate
OTU_2021	Iamia	0.577777777777778	289	14.2942152877931	0.149373205480821	Intermediate
OTU_283	S085	0.755555555555556	440	9.78279479559425	0.0986830875909467	Intermediate
OTU_3477	Desulfobacteraceae	0.388888888888889	230	3.51706397582101	0.028281617705854	Narrow decile
OTU_1235	S0134 terrestrial group	0.277777777777778	367	2.94318507362813	0.0218335401531251	Narrow decile
OTU_724	Pseudomonas	0.722222222222222	540	11.7169181308898	0.120414810459436	Intermediate
OTU_459	Intrasporangiaceae	0.977777777777778	997	19.632994035765	0.209359483547921	Intermediate
OTU_1733	Anaerolineaceae	0.333333333333333	165	9.23678432800517	0.092548138516912	Intermediate
OTU_415	Subgroup 6	0.911111111111111	1099	12.6985209529034	0.1314440556506	Intermediate
OTU_834	Nitrospinaceae	0.666666666666667	248	19.2297907161261	0.204829109169956	Intermediate
OTU_83	Subgroup 6	0.8	812	14.1850630268348	0.148146775582413	Intermediate
OTU_7837	S0134 terrestrial group	0.244444444444444	106	6.26863898580276	0.0591981908517163	Intermediate
OTU_127	Gemmatimonadaceae	0.533333333333333	2706	2.11278457238605	0.0125031974425399	Narrow decile
OTU_689	Anaerolineaceae	0.633333333333333	511	8.49803953996966	0.084247635280558	Intermediate
OTU_1958	Anaerolineaceae	0.388888888888889	271	4.5400768071117	0.0397761439001315	Intermediate
OTU_966	Desulfobacteraceae	0.422222222222222	217	7.68760295730768	0.0751416062618841	Intermediate
OTU_2908	Gaiellales	0.655555555555556	211	25.5782063582589	0.276159622002909	Intermediate
OTU_839	KD4-96	0.811111111111111	762	3.40020405234185	0.0269685848577736	Narrow decile
OTU_4116	Pir4 lineage	0.4	128	17.1924130195286	0.181937224938523	Intermediate
OTU_4065	Gaiella	0.522222222222222	276	4.71449116806411	0.0417358558209451	Intermediate
OTU_226	Gemmatimonas	0.766666666666667	250	34.4559019130837	0.375909010259367	Broad decile
OTU_1871	Chloroflexi	0.655555555555556	234	27.9678298726986	0.303009324412343	Broad decile
OTU_2077	OM1 clade	0.588888888888889	435	6.55140763004312	0.062375366629698	Intermediate
OTU_1920	Anaerolineaceae	0.688888888888889	339	6.17656131863515	0.0581636103217432	Intermediate
OTU_3409	Hirschia	0.577777777777778	222	23.6148267107058	0.254099176524784	Intermediate
OTU_1816	Desulfobulbus	0.422222222222222	277	15.0373289087669	0.157722796727718	Intermediate
OTU_565	TRA3-20	0.511111111111111	415	2.26280320880721	0.0141888000989574	Narrow decile
OTU_2809	Chloroflexi	0.288888888888889	137	5.96365955540143	0.0557714556786677	Intermediate
OTU_115	Nitrospiraceae	0.977777777777778	1971	15.6610447387388	0.16473083976111	Intermediate
OTU_1217	Rhodobacteraceae	0.744444444444444	739	11.2069990584345	0.114685382679039	Intermediate
OTU_2334	Sva0485	0.555555555555556	176	3.37402675245539	0.0266744578927572	Narrow decile
OTU_1520	OPB35 soil group	0.5	197	17.518063207614	0.185596215815887	Intermediate
OTU_130	M20-Pitesti	0.955555555555556	2161	20.0374760504145	0.213904225285556	Intermediate
OTU_1092	SC-I-84	0.766666666666667	432	19.8401599038598	0.211687189931009	Intermediate
OTU_253	SC-I-84	0.855555555555556	631	15.4284931771512	0.162117900866868	Intermediate
OTU_4545	Chitinophaga	0.388888888888889	102	12.9986138747418	0.134815886233054	Intermediate
OTU_1701	alphaI cluster	0.711111111111111	201	34.3179909516378	0.374359448894806	Broad decile
OTU_1201	Chitinophagaceae	0.4	122	17.8254199408666	0.189049662256928	Intermediate
OTU_4070	Pedomicrobium	0.544444444444444	164	20.6341481244735	0.22060840589296	Intermediate
OTU_371	Methanosarcina	0.4	111	10.4520822817007	0.106203171704502	Intermediate
OTU_13400	KD4-96	0.388888888888889	141	8.39701920035018	0.0831125752848335	Intermediate
OTU_2251	Subgroup 6	0.777777777777778	445	18.7713567112456	0.199678165294894	Intermediate
OTU_1126	Acidimicrobiales	0.777777777777778	372	42.2058286916847	0.462986839232413	Broad decile
OTU_1614	Miscellaneous Crenarchaeotic Group	0.255555555555556	102	5.10365285967058	0.0461084590974222	Intermediate
OTU_921	Anaerolinea	0.311111111111111	150	9.83254301102344	0.0992420563036342	Intermediate
OTU_11936	KD4-96	0.877777777777778	327	26.771878353374	0.289571666891843	Broad decile
OTU_3902	Chryseolinea	0.366666666666667	109	19.611231651396	0.209114962375236	Intermediate
OTU_8841	OM1 clade	0.255555555555556	115	3.71649649583073	0.0305224325374239	Intermediate
OTU_1017	KF-JG30-B3	0.588888888888889	132	27.0554338493388	0.292757683700436	Broad decile
OTU_199	Anaerolineaceae	0.511111111111111	135	17.3134875856649	0.183297613322077	Intermediate
OTU_578	Bacteroidetes vadinHA17	0.977777777777778	2151	28.4717517317182	0.308671367772114	Broad decile
OTU_4684	SC-I-84	0.622222222222222	154	30.7090323273994	0.333809351993252	Broad decile
OTU_8764	DEV055	0.255555555555556	131	8.27279143035928	0.0817167576444862	Intermediate
OTU_1244	JG37-AG-4	0.566666666666667	704	3.28829007934516	0.0257111244870243	Narrow decile
OTU_3155	Gemmatimonadaceae	0.388888888888889	148	5.28283724054125	0.0481217667476544	Intermediate
OTU_5872	SB-5	0.488888888888889	248	22.6732453413791	0.243519610577293	Intermediate
OTU_6065	Xanthomonadales Incertae Sedis	0.622222222222222	141	28.795752681348	0.312311827880315	Broad decile
OTU_284	Kocuria	0.533333333333333	459	6.1179923997508	0.0575055325814697	Intermediate
OTU_1143	OM190	0.288888888888889	131	5.16035168456693	0.0467455245456958	Intermediate
OTU_1712	MB-A2-108	0.455555555555556	168	11.331461319343	0.116083835048798	Intermediate
OTU_380	Subgroup 6	0.833333333333333	470	30.78369938446	0.334648307690562	Broad decile
OTU_1588	Gaiellales	0.377777777777778	129	15.4499443377992	0.162358925143811	Intermediate
OTU_7991	ABS-19	0.455555555555556	149	22.0707165297197	0.236749623929435	Intermediate
OTU_1745	JG30-KF-CM45	0.611111111111111	248	14.7726392387737	0.154748755491839	Intermediate
OTU_82	Sphingomonas	1	5423	19.4830450772951	0.207674663789833	Intermediate
OTU_496	Acidovorax	0.977777777777778	1857	34.53914657984	0.376844343593708	Broad decile
OTU_1086	Rhodocyclaceae	0.655555555555556	392	15.3629366593314	0.161381310779005	Intermediate
OTU_363	Gaiellales	0.644444444444444	290	8.95754760101346	0.0894106472023985	Intermediate
OTU_3485	Verrucomicrobiaceae	0.522222222222222	172	20.3209597843844	0.2170894357796	Intermediate
OTU_1012	Anaerolineaceae	0.688888888888889	299	16.3777698766195	0.172783931197972	Intermediate
OTU_5244	Roseiflexus	0.266666666666667	104	4.42313351237945	0.0384621742963983	Intermediate
OTU_781	Candidatus Nitrotoga	0.955555555555556	801	31.4657140752556	0.342311394103995	Broad decile
OTU_341	Limnobacter	0.766666666666667	718	21.555756777942	0.230963559302719	Intermediate
OTU_1550	Nitrosomonadaceae	0.755555555555556	405	23.8110164111665	0.256303555181646	Intermediate
OTU_640	Opitutus	0.688888888888889	386	30.0584925547038	0.326499916344987	Broad decile
OTU_1879	DEV007	0.322222222222222	147	9.61826630638698	0.0968344528807526	Intermediate
OTU_1655	Anaerolineaceae	0.522222222222222	175	20.8037439930192	0.222513977449654	Intermediate
OTU_1785	Sh765B-TzT-29	0.622222222222222	226	18.4347626349429	0.195896209381381	Intermediate
OTU_494	Frankiales	0.555555555555556	112	29.3274631100956	0.318286102360625	Broad decile
OTU_3052	Nitrospinaceae	0.788888888888889	890	10.3128549958442	0.104638820178024	Intermediate
OTU_148	Subgroup 6	0.755555555555556	516	17.4516370017051	0.184849853951743	Intermediate
OTU_1333	Sphingorhabdus	0.522222222222222	289	10.5174035268941	0.106937118279709	Intermediate
OTU_367	KD4-96	0.866666666666667	650	34.3161181447304	0.374338406120567	Broad decile
OTU_2109	Terrimonas	0.544444444444444	514	18.4177644179741	0.195705218179485	Intermediate
OTU_2500	Pirellula	0.488888888888889	167	22.6876158889384	0.243681077403803	Intermediate
OTU_965	OM1 clade	0.833333333333333	718	25.5813527956708	0.276194975232256	Intermediate
OTU_701	Anaeromyxobacter	0.411111111111111	108	7.21124185774986	0.06978923435674	Intermediate
OTU_88	Lysobacter	0.966666666666667	2326	8.28194029763248	0.081819553905983	Intermediate
OTU_4053	Chitinophagaceae	0.233333333333333	106	8.62680136360241	0.0856943973438472	Intermediate
OTU_868	Mycobacterium	1	728	25.8998565581151	0.279773669192305	Intermediate
OTU_6042	Subgroup 18	0.711111111111111	214	24.1090716689028	0.259652490661829	Intermediate
OTU_1878	Pirellula	0.255555555555556	125	6.50451568508486	0.0618484908436502	Intermediate
OTU_467	Ignavibacterium	0.777777777777778	677	11.4682725619862	0.117621040022317	Intermediate
OTU_2484	Xanthomonadales	0.444444444444444	100	23.9634780449588	0.258016607246728	Intermediate
OTU_13463	Flavobacterium	0.766666666666667	1197	2.88641672890663	0.0211956935832206	Narrow decile
OTU_308	Methylophilaceae	0.566666666666667	130	24.4128199838326	0.263065393076771	Intermediate
OTU_1946	Leptolinea	0.444444444444444	421	5.7668016803185	0.0535595694417808	Intermediate
OTU_6122	Sva0485	0.555555555555556	126	15.725908161393	0.165459642262843	Intermediate
OTU_2086	Clostridium sensu stricto 1	0.322222222222222	190	2.01049313380651	0.0113538554360282	Narrow decile
OTU_4943	Xanthomonadales Incertae Sedis	0.633333333333333	185	33.2728579748631	0.362616381740035	Broad decile
OTU_1697	Nitrospiraceae	0.533333333333333	209	14.0887869040638	0.147065021393976	Intermediate
OTU_3936	C0119	0.377777777777778	186	12.5923684085081	0.130251330432675	Intermediate
OTU_2010	Verrucomicrobiaceae	0.355555555555556	132	15.6096064093975	0.164152881004466	Intermediate
OTU_1406	Propionibacteriales	0.311111111111111	112	6.46543375362119	0.0614093680182156	Intermediate
OTU_7065	Comamonas	0.655555555555556	164	27.8163464738418	0.301307263751032	Broad decile
OTU_194	Sporacetigenium	0.533333333333333	356	5.02286503928426	0.0452007307784748	Intermediate
OTU_1389	AT425-EubC11 terrestrial group	0.6	575	8.97658582005377	0.0896245597758851	Intermediate
OTU_1647	Syntrophobacteraceae	0.688888888888889	318	27.6921556317445	0.299911861030837	Broad decile
OTU_3673	Arenimonas	0.433333333333333	332	11.3558768385664	0.116358166725466	Intermediate
OTU_3943	Sva0081 sediment group	0.633333333333333	266	17.5158255636622	0.185571073749013	Intermediate
OTU_6979	Subgroup 17	0.566666666666667	115	9.94719648535817	0.100530297588294	Intermediate
OTU_2024	Armatimonadetes	0.322222222222222	120	11.1505057218023	0.114050626087667	Intermediate
OTU_952	Subgroup 6	0.711111111111111	425	14.2700511405231	0.149101698208125	Intermediate
OTU_764	Anaerolineaceae	0.355555555555556	106	7.06797844055414	0.0681795330399341	Intermediate
OTU_10501	Rhizobiales	0.422222222222222	172	17.2966172218145	0.183108058672073	Intermediate
OTU_2184	KD4-96	0.533333333333333	356	6.35536535565096	0.0601726444455164	Intermediate
OTU_114	Tropicimonas	0.977777777777778	1512	13.8454813942961	0.144331251621304	Intermediate
OTU_3141	Anaerolineaceae	0.4	223	10.750883485625	0.109560488602528	Intermediate
OTU_543	Pseudolabrys	0.755555555555556	1097	11.6252594152677	0.119384937250199	Intermediate
OTU_3413	Terrimonas	0.688888888888889	558	19.023730256144	0.202513823102742	Intermediate
OTU_747	KD4-96	0.988888888888889	890	41.0954858079575	0.450511076493905	Broad decile
OTU_2148	WD2101 soil group	0.411111111111111	174	11.3269649126613	0.116033313625408	Intermediate
OTU_165	Anaerolinea	0.944444444444444	1519	23.4327305262431	0.25205315198026	Intermediate
OTU_1164	Coriobacteriaceae	0.733333333333333	297	33.3466373277871	0.363445363233563	Broad decile
OTU_698	Soil Crenarchaeotic Group(SCG)	0.355555555555556	429	1.968287007164	0.0108796292939775	Narrow decile
OTU_10417	KD4-96	0.455555555555556	386	5.892203145204	0.0549685746652134	Intermediate
OTU_357	Comamonadaceae	0.988888888888889	3504	35.186833361763	0.384121723165877	Broad decile
OTU_7124	Planctomycetaceae	0.122222222222222	136	5.44907407439062	0.0499895963414676	Intermediate
OTU_1956	Geobacter	0.766666666666667	351	25.630941656063	0.27675215343891	Intermediate
OTU_1275	Smithella	0.444444444444444	197	14.6173296343967	0.153003703757266	Intermediate
OTU_1804	Rhodobacteraceae	0.9	578	37.8803267751536	0.41438569410285	Broad decile
OTU_2496	Xanthomonadales Incertae Sedis	0.7	268	13.4064279232795	0.139398066553702	Intermediate
OTU_1819	OM1 clade	0.744444444444444	995	17.8990767973699	0.189877267386179	Intermediate
OTU_1006	Gemmatimonas	0.733333333333333	162	14.6127861279465	0.152952653122994	Intermediate
OTU_138	S085	0.588888888888889	755	10.4709132903755	0.106414756071635	Intermediate
OTU_211	Anaerolineaceae	0.522222222222222	1099	6.34807209344655	0.0600906976791747	Intermediate
OTU_5466	Desulfatitalea	0.577777777777778	179	18.5064902136626	0.196702137232164	Intermediate
OTU_14198	Coriobacteriaceae	0.5	129	24.4570946359879	0.263562861078516	Intermediate
OTU_7417	Anaerolineaceae	0.377777777777778	319	9.98500828114062	0.100955149226299	Intermediate
OTU_198	Gaiella	0.922222222222222	808	21.7692634742738	0.233362510946897	Intermediate
OTU_2084	Sva0485	0.3	239	1.3980659585789	0.00447265121998767	Narrow decile
OTU_1674	Xanthomonadales	0.666666666666667	335	14.6096503106221	0.152917419220473	Intermediate
OTU_1747	Variibacter	0.977777777777778	545	48.8342407616849	0.537463379344774	Broad decile
OTU_314	Nitrosomonadaceae	0.6	226	13.0008885145	0.134841443983146	Intermediate
OTU_3806	Chloroflexi	0.622222222222222	159	15.0073871017075	0.157386371929298	Intermediate
OTU_920	Gaiellales	0.633333333333333	371	14.2712526896744	0.149115198760387	Intermediate
OTU_2065	Saprospiraceae	0.544444444444444	291	18.70950231713	0.198983172102584	Intermediate
OTU_1436	Subgroup 23	0.177777777777778	137	4.05680437870606	0.0343461166146748	Intermediate
OTU_374	Erythrobacter	0.6	612	7.04067003835659	0.0678726970601865	Intermediate
OTU_784	Iamia	0.533333333333333	117	21.5849151789619	0.231291181786089	Intermediate
OTU_4284	Nitrospiraceae	0.588888888888889	194	23.5896941993696	0.253816788756962	Intermediate
OTU_1775	Subgroup 6	0.9	1158	22.0082488584135	0.236047739982174	Intermediate
OTU_1408	Acidimicrobiales	0.444444444444444	173	14.4408989814448	0.151021336870167	Intermediate
OTU_480	Anaerolineaceae	0.455555555555556	172	14.6166361260432	0.152995911528576	Intermediate
OTU_865	Anaerolineaceae	0.522222222222222	101	26.1126165580115	0.282164230988893	Intermediate
OTU_9109	Anaerolineaceae	0.233333333333333	133	11.0661579106764	0.113102897872769	Intermediate
OTU_3852	Perlucidibaca	0.333333333333333	154	9.49190198354748	0.0954146290286234	Intermediate
OTU_472	Betaproteobacteria	0.766666666666667	168	30.5404845666174	0.331915556928286	Broad decile
OTU_3461	KD4-96	0.655555555555556	192	26.008366280018	0.280992879550764	Intermediate
OTU_1708	B1-7BS	0.6	201	20.2761639921757	0.216586112271637	Intermediate
OTU_3027	Nitrospira	0.933333333333333	563	20.0942459089611	0.214542088864732	Intermediate
OTU_502	Subgroup 17	0.722222222222222	388	22.4135981807131	0.240602226749585	Intermediate
OTU_349	Luteolibacter	0.788888888888889	901	17.0851322860496	0.180731823438759	Intermediate
OTU_90	[Eubacterium] brachy group	0.766666666666667	487	9.82937650539354	0.0992064775886915	Intermediate
OTU_135	Gitt-GS-136	1	2530	27.7555780440984	0.3006244724056	Broad decile
OTU_134	Desulfotignum	0.477777777777778	240	3.3057471213187	0.0259072710260528	Narrow decile
OTU_3366	Betaproteobacteria	0.533333333333333	262	10.58884597306	0.107739842393933	Intermediate
OTU_788	0319-6A21	0.522222222222222	101	34.7694161560861	0.379431642203214	Broad decile
OTU_3474	Draconibacteriaceae	0.3	219	7.44878695174233	0.0724582803566554	Intermediate
OTU_3120	Sh765B-TzT-35	0.644444444444444	228	20.1559969340629	0.215235920607448	Intermediate
OTU_158	Arenimonas	0.677777777777778	263	19.9184544984951	0.212566904477473	Intermediate
OTU_1114	Soil Crenarchaeotic Group(SCG)	0.611111111111111	222	12.0254002430383	0.123880901607172	Intermediate
OTU_1282	Sulfuritalea	0.677777777777778	291	20.9982499185087	0.224699437286615	Intermediate
OTU_5894	WCHB1-69	0.611111111111111	548	20.2026885652633	0.215760545677115	Intermediate
OTU_13	Candidatus Solibacter	0.977777777777778	5545	12.9381104777555	0.134136072783769	Intermediate
OTU_3739	Subgroup 6	0.5	123	10.3239680709324	0.104763686190252	Intermediate
OTU_73	Thiobacillus	1	3918	5.42510241517775	0.0497202518559298	Intermediate
OTU_2374	AKYH478	0.722222222222222	280	29.0058500160132	0.314672472090036	Broad decile
OTU_685	Sulfurovum	0.311111111111111	171	5.63158175755067	0.0520402444668615	Intermediate
OTU_687	Sh765B-TzT-35	0.566666666666667	329	10.134234459865	0.102631847863651	Intermediate
OTU_630	KD4-96	0.8	444	21.8315885957956	0.234062793211187	Intermediate
OTU_3787	Ferritrophicum	0.366666666666667	104	9.34554793624668	0.0937702015308616	Intermediate
OTU_1484	Terrimonas	0.377777777777778	167	5.20765689616419	0.0472770437771257	Intermediate
OTU_2170	Latescibacteria	0.222222222222222	139	2.80733456481431	0.0203071299417338	Narrow decile
OTU_5944	Variibacter	0.644444444444444	140	25.8691306843176	0.279428434655254	Intermediate
OTU_477	Sh765B-TzT-29	0.8	372	21.4464368831845	0.229735245878478	Intermediate
OTU_2881	Subgroup 6	0.511111111111111	114	20.8006380800851	0.222479079551518	Intermediate
OTU_6442	S085	0.622222222222222	183	30.4330479417056	0.330708403839388	Broad decile
OTU_2754	Pseudolabrys	0.9	372	43.0053968224967	0.47197075081457	Broad decile
OTU_2123	HSB OF53-F07	0.322222222222222	688	3.89744421966552	0.0325555530299497	Intermediate
OTU_240	BVA18	0.944444444444444	992	25.2045721985764	0.271961485377263	Intermediate
OTU_189	SC-I-84	0.588888888888889	237	39.4729003674984	0.432279779410095	Broad decile
OTU_767	Massilia	0.855555555555556	714	21.2317907949853	0.227323492078487	Intermediate
OTU_2190	KD4-96	0.922222222222222	1315	21.2356898264825	0.227367301421152	Intermediate
OTU_270	WCHB1-69	0.588888888888889	461	11.281216273117	0.115519283967606	Intermediate
OTU_71	JG30-KF-AS9	0.477777777777778	172	31.3848199568732	0.341402471425542	Broad decile
OTU_2101	Candidatus Microthrix	0.488888888888889	139	16.6192186067461	0.175496838278046	Intermediate
OTU_7139	S0134 terrestrial group	0.366666666666667	143	5.83682779140082	0.0543463796786608	Intermediate
OTU_463	Nitrospira	0.511111111111111	214	7.43415684416787	0.0722938971254817	Intermediate
OTU_1987	Desulfobulbaceae	0.555555555555556	327	4.69158536513096	0.0414784872486625	Intermediate
OTU_10088	Subgroup 6	0.555555555555556	136	33.0006242680736	0.359557576045771	Broad decile
OTU_11575	OM1 clade	0.3	227	3.87563532407821	0.0323105092593057	Intermediate
OTU_2985	Anaerolineaceae	0.4	132	11.5775887807579	0.118849312143347	Intermediate
OTU_2079	Anaerolineaceae	0.411111111111111	122	16.3441232336491	0.172405879029765	Intermediate
OTU_1642	Sorangium	0.755555555555556	256	29.2702474564155	0.317643229847365	Broad decile
OTU_4194	KI89A clade	0.566666666666667	138	24.8310694561861	0.267764825350406	Intermediate
OTU_1513	Subgroup 7	0.522222222222222	163	20.883624295084	0.223411508933528	Intermediate
OTU_252	Nitrosomonadaceae	0.622222222222222	220	13.6470451287214	0.142101630659791	Intermediate
OTU_260	MNG7	0.966666666666667	767	35.799174333606	0.391001958804562	Broad decile
OTU_1318	Anaerolineaceae	0.333333333333333	195	6.76505131795878	0.0647758575051549	Intermediate
OTU_1292	Bacillaceae	0.788888888888889	501	12.9268757622495	0.134009840025275	Intermediate
OTU_3580	Gemmatimonadaceae	0.477777777777778	257	12.8517758296263	0.133166020557599	Intermediate
OTU_2027	Holophagaceae	0.433333333333333	156	11.0228004350654	0.112615735225454	Intermediate
OTU_197	Subgroup 7	1	1320	21.8685716847342	0.234478333536339	Intermediate
OTU_2720	Gallionellaceae	0.566666666666667	330	10.206789158727	0.10344706919918	Intermediate
OTU_1026	Xanthomonadales	0.4	363	5.08128164086632	0.0458570970883856	Intermediate
OTU_771	Subgroup 6	0.911111111111111	1439	16.8216456844259	0.177771299825011	Intermediate
OTU_53	Anaerolineaceae	0.577777777777778	1972	3.15184768280061	0.0241780638516923	Narrow decile
OTU_1099	TRA3-20	0.666666666666667	425	26.3756072359257	0.285119182426131	Intermediate
OTU_11972	Oxalobacteraceae	0.5	126	26.3189928838313	0.284483066110465	Intermediate
OTU_12875	Gaiella	0.344444444444444	148	3.61860989168146	0.0294225830526007	Narrow decile
OTU_2119	Novosphingobium	0.744444444444444	301	27.0522819195646	0.292722268759153	Broad decile
OTU_820	PHOS-HE51	0.666666666666667	251	28.1673981196527	0.305251664265761	Broad decile
OTU_3001	Miscellaneous Crenarchaeotic Group	0.488888888888889	114	18.6736392277925	0.198580216042613	Intermediate
OTU_1742	BD2-11 terrestrial group	0.433333333333333	130	15.0700924695572	0.158090926624238	Intermediate
OTU_1314	Cyclobacteriaceae	0.311111111111111	294	2.11506208313056	0.0125287874509052	Narrow decile
OTU_3617	BSV26	0.422222222222222	187	14.2350636549055	0.148708580392197	Intermediate
OTU_8763	Anaerolineaceae	0.355555555555556	411	3.74080374127101	0.0307955476547304	Intermediate
OTU_811	Subgroup 6	0.8	598	17.136112717547	0.181304637275809	Intermediate
OTU_3078	S0134 terrestrial group	0.477777777777778	382	6.21756902958269	0.0586243711189067	Intermediate
OTU_3979	UASB-TL25	0.555555555555556	130	21.9236467906175	0.235097154950758	Intermediate
OTU_1507	Nitrospira	0.866666666666667	390	23.0379697401022	0.247617637529238	Intermediate
OTU_870	Pirellula	0.633333333333333	624	12.5316828675627	0.129569470422052	Intermediate
OTU_3636	OPB35 soil group	0.244444444444444	179	7.96951314454572	0.0783091364555699	Intermediate
OTU_420	Nitrosomonadaceae	0.766666666666667	590	14.5833960574608	0.152622427611919	Intermediate
OTU_9	Illumatobacter	0.711111111111111	3557	1.84904474086338	0.0095398285490267	Narrow decile
OTU_1702	Parasegetibacter	0.377777777777778	219	11.8111485010118	0.121473578663054	Intermediate
OTU_5649	Gaiellales	0.711111111111111	270	31.4185323860641	0.341781262764765	Broad decile
OTU_956	S-BQ2-57 soil group	0.7	387	11.1561096448482	0.114113591515148	Intermediate
OTU_1636	Nitrosospira	0.555555555555556	185	16.9347818118725	0.17904249226823	Intermediate
OTU_2707	Iamia	0.633333333333333	160	35.0267996232564	0.382323591272543	Broad decile
OTU_1435	Sva0485	0.477777777777778	263	10.9248437230347	0.111515098011626	Intermediate
OTU_4264	Sh765B-TzT-35	0.611111111111111	146	19.4123593133186	0.206880441722681	Intermediate
OTU_3645	Lentisphaerae RFP12 gut group	0.166666666666667	102	5.0605579903651	0.0456242470827539	Intermediate
OTU_924	CL500-29 marine group	0.622222222222222	523	22.0815664101301	0.236871532698091	Intermediate
OTU_2354	Pseudolabrys	0.933333333333333	712	24.9026544737891	0.268569151390888	Intermediate
OTU_1743	MB-A2-108	0.566666666666667	314	9.84801600781257	0.0994159102001412	Intermediate
OTU_1222	GOUTB8	0.555555555555556	434	16.686071675202	0.176247996350584	Intermediate
OTU_600	Subgroup 6	0.733333333333333	363	22.4357350316839	0.240850955412178	Intermediate
OTU_1131	Saprospiraceae	0.7	395	9.84478728988325	0.0993796324705983	Intermediate
OTU_11526	JG37-AG-4	0.3	197	6.13198833619523	0.0576627902943284	Intermediate
OTU_13941	WCHB1-69	0.388888888888889	152	12.8037528345538	0.132626436343301	Intermediate
OTU_3494	BSV26	0.388888888888889	123	12.3877678657234	0.127952447929476	Intermediate
OTU_589	TRA3-20	0.855555555555556	676	22.6991358228795	0.243810514863815	Intermediate
OTU_1524	TK10	0.733333333333333	215	22.2669819937597	0.238954853862469	Intermediate
OTU_1237	Ferruginibacter	0.611111111111111	534	16.6243599763165	0.175554606475466	Intermediate
OTU_3131	Subgroup 7	0.433333333333333	104	6.70286447574297	0.0640771289409322	Intermediate
OTU_227	Bacillus	0.755555555555556	1623	2.24594320525651	0.0139993618568147	Narrow decile
OTU_2175	RB41	0.744444444444444	294	28.1419305617372	0.304965511929631	Broad decile
OTU_7672	ODP1230B30.02 sediment group	0.4	126	15.5611963026123	0.163608947220363	Intermediate
OTU_411	Subgroup 7	0.944444444444444	1385	12.1078985905264	0.124807849331758	Intermediate
OTU_621	Gemmatimonas	0.433333333333333	180	4.96555636356224	0.0445568130737331	Intermediate
OTU_5867	Candidatus Koribacter	0.322222222222222	184	12.369680118889	0.127749214818977	Intermediate
OTU_319	BD1-7 clade	0.511111111111111	168	6.26629675177631	0.0591718736154642	Intermediate
OTU_1659	Subgroup 6	0.544444444444444	160	24.7380201954229	0.26671932803846	Intermediate
OTU_93	Methanobacterium	0.6	275	17.0541344383565	0.180383533015242	Intermediate
OTU_3982	Fastidiosipila	0.511111111111111	189	18.6199010436031	0.19797641622026	Intermediate
OTU_1495	Gaiellales	0.733333333333333	389	23.8709088555309	0.256976503994729	Intermediate
OTU_4490	Roseomonas	0.566666666666667	118	22.2885966425634	0.239197715084982	Intermediate
OTU_3559	Desulfopila	0.355555555555556	173	3.7993371847325	0.0314532267947472	Intermediate
OTU_1735	Bryobacter	0.677777777777778	443	18.6592056764221	0.198418041308113	Intermediate
OTU_1976	Anaerolineaceae	0.411111111111111	148	9.87622412003574	0.0997328552813005	Intermediate
OTU_245	Planococcaceae	0.877777777777778	1609	7.22281957375875	0.0699193210534691	Intermediate
OTU_3829	RB41	0.8	677	15.6198006152607	0.164267422643379	Intermediate
OTU_3378	Subgroup 23	0.455555555555556	195	10.2491018427705	0.103922492615399	Intermediate
OTU_1316	Pelolinea	0.466666666666667	225	14.9772353778737	0.157047588515435	Intermediate
OTU_2026	WCHB1-32	0.566666666666667	417	3.09983467183272	0.0235936479981205	Narrow decile
OTU_1472	Pleomorphomonas	0.744444444444444	387	12.0226315390499	0.123849792573595	Intermediate
OTU_1098	BSV26	0.7	430	11.0606699978372	0.113041235930755	Intermediate
OTU_1112	Acidovorax	0.988888888888889	1829	33.3778133683432	0.363795655824081	Broad decile
OTU_13080	Bacteroidetes vadinHA17	0.711111111111111	232	19.3618987584194	0.206313469195724	Intermediate
OTU_1096	Geobacter	0.811111111111111	253	43.4385905485713	0.476838096051363	Broad decile
OTU_597	Anaerolinea	0.5	126	15.3106374715922	0.160793679456092	Intermediate
OTU_74	Anaerolineaceae	0.877777777777778	770	8.64104847288521	0.0858544772234293	Intermediate
OTU_273	PeM15	0.788888888888889	569	9.25902470128294	0.0927980303514937	Intermediate
OTU_309	Saprospiraceae	0.822222222222222	1159	23.3645685479931	0.251287287056102	Intermediate
OTU_1110	Nitrospiraceae	0.7	385	19.3596220309335	0.206287887988017	Intermediate
OTU_757	Aminicenantes	0.444444444444444	170	12.7397775895072	0.131907613365249	Intermediate
OTU_894	Subgroup 2	0.5	468	14.1834727193484	0.14812890695897	Intermediate
OTU_586	Nitrospira	0.577777777777778	176	14.103806250965	0.14723377810073	Intermediate
OTU_4254	Conexibacter	0.544444444444444	117	26.2145772963612	0.283309857262486	Intermediate
OTU_1875	Ignavibacterium	0.5	244	10.4309501355621	0.105965731860248	Intermediate
OTU_249	0319-6A21	0.688888888888889	534	17.6425728814024	0.186995200914634	Intermediate
OTU_394	OM1 clade	0.544444444444444	604	2.04566397966024	0.0117490334793285	Narrow decile
OTU_794	Acidobacteriaceae (Subgroup 1)	0.933333333333333	1368	13.4959008240613	0.140403380045633	Intermediate
OTU_6965	Herminiimonas	0.555555555555556	114	20.2543524521939	0.216341038788696	Intermediate
OTU_292	JG34-KF-161	0.944444444444444	2080	18.2484798942749	0.193803144879493	Intermediate
OTU_4941	Rhodocyclaceae	0.577777777777778	119	18.6041173343078	0.197799071171998	Intermediate
OTU_317	Massilia	0.877777777777778	1319	8.82328541130659	0.0879020832731077	Intermediate
OTU_4048	Perlucidibaca	0.222222222222222	115	2.70063867775982	0.0191082997501104	Narrow decile
OTU_1552	Coriobacteriaceae	0.466666666666667	110	17.7135554540029	0.187792757910145	Intermediate
OTU_10396	Acetobacteraceae	0.244444444444444	131	4.72833116528954	0.0418913614077476	Intermediate
OTU_1978	Acidimicrobiales	0.7	234	32.8421831736972	0.357777339030306	Broad decile
OTU_8917	Smithella	0.477777777777778	278	8.70069394968334	0.0865246511200375	Intermediate
OTU_10735	Rhodoplanes	0.533333333333333	250	13.3026352085888	0.138231856276278	Intermediate
OTU_2770	KCLunmb-38-53	0.377777777777778	222	9.707404517164	0.0978360058108315	Intermediate
OTU_6500	Acidimicrobiales	0.622222222222222	180	10.3858968190778	0.105459514821099	Intermediate
OTU_350	Halioglobus	0.655555555555556	402	17.2823060969937	0.182947259516783	Intermediate
OTU_164	Geobacter	0.933333333333333	1283	32.621713539875	0.355300152133427	Broad decile
OTU_1328	Nocardioides	0.722222222222222	655	22.6595916508568	0.243366198324234	Intermediate
OTU_1532	Gemmatimonadaceae	0.555555555555556	196	17.0231617027056	0.180035524749501	Intermediate
OTU_6484	Gaiellales	0.555555555555556	111	31.474012035113	0.342404629608011	Broad decile
OTU_11235	Kineosporia	0.744444444444444	182	27.0372711092195	0.292553607968759	Broad decile
OTU_276	Subgroup 6	0.533333333333333	122	28.8850951681402	0.313315676046519	Broad decile
OTU_599	Subgroup 6	0.544444444444444	155	27.2242675088165	0.294654691110298	Broad decile
OTU_98	Comamonas	0.877777777777778	1215	5.98416895365205	0.0560018983556411	Intermediate
OTU_4931	Novosphingobium	0.711111111111111	210	20.6457878915488	0.220739189792683	Intermediate
OTU_479	Xanthomonadales Incertae Sedis	0.711111111111111	270	24.9610769865808	0.269225584118885	Intermediate
OTU_9664	Chloroflexi	0.522222222222222	178	15.302618137955	0.160703574583764	Intermediate
OTU_853	Flavobacteriaceae	0.688888888888889	1350	15.4031936214015	0.161833636195522	Intermediate
OTU_2376	Comamonadaceae	0.722222222222222	252	36.4248468073874	0.398031986599859	Broad decile
OTU_3178	Desulfopila	0.466666666666667	226	11.9656880687199	0.123209978300224	Intermediate
OTU_1149	JL-ETNP-Z39	0.733333333333333	279	30.0471419359838	0.326372381303189	Broad decile
OTU_3730	Gemmatimonadaceae	0.322222222222222	140	9.77258974695749	0.0985684241231178	Intermediate
OTU_398	4-29	0.888888888888889	1353	15.9324699167597	0.167780560862468	Intermediate
OTU_3858	Draconibacteriaceae	0.233333333333333	160	5.34390103431013	0.0488078767900014	Intermediate
OTU_446	CL500-29 marine group	0.644444444444444	694	13.8131671387667	0.143968170098503	Intermediate
OTU_1429	Subgroup 6	0.455555555555556	528	4.97952617645359	0.0447137772635235	Intermediate
OTU_544	Nitrospiraceae	0.7	412	22.0852137312363	0.236912513834115	Intermediate
OTU_51	DUNssu044	1	3579	10.9283255940335	0.111554220157679	Intermediate
OTU_325	Nitrospira	0.711111111111111	285	10.6273943907804	0.108172970682925	Intermediate
OTU_2798	Chthonomonadales	0.744444444444444	255	41.2280310160131	0.452000348494529	Broad decile
OTU_369	Rhodopirellula	0.6	290	22.9032245253071	0.246103646351766	Intermediate
OTU_111	Acidovorax	0.933333333333333	689	12.8755947408143	0.133433648773194	Intermediate
OTU_498	Anaerolineaceae	0.666666666666667	319	15.8765822795233	0.167152609882284	Intermediate
OTU_1159	MB-A2-108	0.688888888888889	244	29.7063189118672	0.322542909122103	Broad decile
OTU_8309	Anaerolineaceae	0.322222222222222	213	2.74411766364354	0.0195968276813881	Narrow decile
OTU_906	Blastocatella	0.644444444444444	350	24.8703787966089	0.268206503332684	Intermediate
OTU_7534	Chloroflexi	0.544444444444444	258	7.74897755195622	0.0758312084489463	Intermediate
OTU_33	BVA18	0.966666666666667	2265	6.88334217824106	0.0661049682948434	Intermediate
OTU_3021	GR-WP33-30	0.722222222222222	309	11.6210061371154	0.119337147608038	Intermediate
OTU_128	Soil Crenarchaeotic Group(SCG)	0.788888888888889	1107	9.57324204131625	0.0963285622619804	Intermediate
OTU_320	Chlorochromatium	0.966666666666667	773	26.5485958103025	0.287062874273061	Intermediate
OTU_1195	BSV26	0.533333333333333	126	19.296256883851	0.20557592004327	Intermediate
OTU_251	Anaerolineaceae	0.333333333333333	481	5.86853483714588	0.0547026386196166	Intermediate
OTU_3882	HSB OF53-F07	0.4	779	3.91756516187405	0.0327816310322928	Intermediate
OTU_244	Family XII	0.544444444444444	905	2.31028860632479	0.0147223438912898	Narrow decile
OTU_1560	Alcaligenaceae	0.688888888888889	206	29.8404372012644	0.324049856193982	Broad decile
OTU_5395	Hydrogenophaga	0.833333333333333	483	29.8562125930472	0.324227107787047	Broad decile
OTU_1895	Robiginitalea	0.577777777777778	1166	9.08544183737959	0.0908476610941527	Intermediate
OTU_1873	Nocardioides	0.7	392	26.4282130280012	0.285710258741586	Intermediate
OTU_1451	Chloroflexi	0.366666666666667	104	10.4284940691605	0.105938135608545	Intermediate
OTU_448	480-2	0.888888888888889	793	15.5188117934049	0.16313271677983	Intermediate
OTU_6014	Xanthobacteraceae	0.711111111111111	302	23.4376239579354	0.252108134358824	Intermediate
OTU_1855	Acidimicrobiales	0.5	281	12.0258204620808	0.123885623169447	Intermediate
OTU_85	Desulfuromonas	0.888888888888889	1048	26.6723103943103	0.288452925778767	Broad decile
OTU_4703	Anaerolineaceae	0.255555555555556	166	7.39616719735087	0.0718670471612457	Intermediate
OTU_187	Anaerolineaceae	0.2	529	2.63438759528993	0.0183639055650554	Narrow decile
OTU_2920	Variibacter	0.822222222222222	300	45.0930207148389	0.495427199043134	Broad decile
OTU_2006	Subgroup 18	0.555555555555556	260	10.6360357381876	0.108270064474018	Intermediate
OTU_28	43F-1404R	0.988888888888889	4281	17.4398733038252	0.18471767757107	Intermediate
OTU_7996	Gaiellales	0.6	330	24.6880392732245	0.266157744642972	Intermediate
OTU_229	Xanthobacteraceae	0.955555555555556	702	41.7048369732498	0.45735771880056	Broad decile
OTU_1818	Anaerolineaceae	0.588888888888889	442	19.289336447313	0.20549816232936	Intermediate
OTU_1078	Xanthomonadales	0.677777777777778	231	31.1735143694282	0.33902825134189	Broad decile
OTU_80	Sphingomonas	1	5329	22.271410711846	0.239004614739843	Intermediate
OTU_2929	Cytophagaceae	0.377777777777778	204	8.19568597875043	0.0808504042556229	Intermediate
OTU_3786	Variovorax	0.866666666666667	751	23.8279990166292	0.256494370973362	Intermediate
OTU_9595	Ignavibacteriales	0.433333333333333	217	12.1595793744551	0.125388532297248	Intermediate
OTU_1433	Planctomyces	0.733333333333333	438	13.8998501549635	0.144942136572624	Intermediate
OTU_474	MNG7	0.766666666666667	738	24.5812144591759	0.264957465833437	Intermediate
OTU_555	Comamonadaceae	0.6	812	6.72599219386672	0.0643369909423227	Intermediate
OTU_1496	Acidobacteriaceae (Subgroup 1)	0.522222222222222	315	16.3481343566485	0.172450947827511	Intermediate
OTU_548	Christensenellaceae R-7 group	0.688888888888889	507	18.7684545951279	0.199645557248628	Intermediate
OTU_2015	Comamonadaceae	0.711111111111111	479	26.7152062170555	0.28893490131523	Broad decile
OTU_541	Flavobacterium	0.355555555555556	488	3.25475308775929	0.0253343043568459	Narrow decile
OTU_137	Rhodanobacter	0.455555555555556	159	29.707844709429	0.322560052914933	Broad decile
OTU_1938	JG37-AG-4	0.255555555555556	409	1.88923378406667	0.0099913908322098	Narrow decile
OTU_1872	Gaiellales	0.466666666666667	128	18.132087113295	0.192495360823539	Intermediate
OTU_1800	Azonexus	0.577777777777778	308	14.8906801421629	0.156075057777112	Intermediate
OTU_7939	WD2101 soil group	0.311111111111111	112	9.36232799226365	0.0939587414861084	Intermediate
OTU_1922	Subgroup 6	0.455555555555556	573	2.59727101933354	0.0179468653857702	Narrow decile
OTU_1478	Gemmatimonas	0.733333333333333	380	15.1694267708651	0.159207042369271	Intermediate
OTU_517	Subgroup 7	0.644444444444444	634	8.44401938216169	0.0836406672152999	Intermediate
OTU_140	Subgroup 7	0.988888888888889	1893	10.7581000402948	0.109641573486458	Intermediate
OTU_368	Flavobacterium	0.644444444444444	134	27.9566396967652	0.302883592098485	Broad decile
OTU_1361	Leptolinea	0.322222222222222	256	10.4972028558729	0.10671014444801	Intermediate
OTU_412	Subgroup 23	0.822222222222222	620	10.9737648187693	0.112064773244599	Intermediate
OTU_709	DA101 soil group	0.688888888888889	1755	6.63777230998661	0.0633457562919844	Intermediate
OTU_5312	Reichenbachiella	0.3	126	6.47697062899876	0.0615389958314468	Intermediate
OTU_955	Azoarcus	0.722222222222222	646	8.25886385842939	0.0815602680722404	Intermediate
OTU_354	Anaerolineaceae	0.577777777777778	2194	4.32476812784872	0.0373569452567272	Intermediate
OTU_4655	Subgroup 6	0.522222222222222	109	27.1772898455256	0.294126852196916	Broad decile
OTU_1980	Pseudomonas	0.844444444444444	333	25.0025352577325	0.269691407390253	Intermediate
OTU_878	Subgroup 17	0.611111111111111	187	22.7137985505156	0.243975264612535	Intermediate
OTU_1077	Sh765B-TzT-29	0.688888888888889	172	31.621061336381	0.344056868948101	Broad decile
OTU_1415	OM1 clade	0.377777777777778	406	11.3936656068395	0.11678275962741	Intermediate
OTU_163	Gaiellales	0.622222222222222	139	23.1984184134588	0.249420431611896	Intermediate
OTU_7502	OM1 clade	0.555555555555556	379	16.2499234827029	0.17134745486183	Intermediate
OTU_3556	BSV26	0.488888888888889	249	12.7640084210357	0.132179869899278	Intermediate
OTU_2400	Acidibacter	0.5	115	23.0211683856093	0.247428858265273	Intermediate
OTU_116	TK10	0.766666666666667	1016	13.2825649702428	0.138006347980256	Intermediate
OTU_375	Anaerolineaceae	0.433333333333333	192	8.98442513531296	0.0897126419698086	Intermediate
OTU_2032	Sporichthyaceae	0.688888888888889	228	22.4432779170708	0.240935706933379	Intermediate
OTU_7865	KD4-96	0.622222222222222	152	30.8227173933875	0.335086712285253	Broad decile
OTU_8860	Subgroup 6	0.5	172	18.0473170512176	0.191542888215929	Intermediate
OTU_2622	Gaiellales	0.477777777777778	131	13.2635190312754	0.137792348666016	Intermediate
OTU_2028	Family XIII	0.411111111111111	144	8.15884047633172	0.0804364098464238	Intermediate
OTU_2164	HSB OF53-F07	0.0777777777777778	102	1.41001430405076	0.00460690229270518	Narrow decile
OTU_1200	Chloroflexi	0.444444444444444	251	12.2442555348095	0.126339949829321	Intermediate
OTU_381	JTB255 marine benthic group	0.822222222222222	2080	13.7562199419898	0.143328313954942	Intermediate
OTU_1253	Altererythrobacter	0.677777777777778	436	19.8846852432048	0.212187474642751	Intermediate
OTU_1323	Klebsiella	0.844444444444444	320	44.8898639311543	0.493144538552296	Broad decile
OTU_1466	Propionivibrio	0.4	114	11.7582954520306	0.120879724180119	Intermediate
OTU_450	Latescibacteria	0.644444444444444	437	6.65663684606243	0.063557717371488	Intermediate
OTU_2564	Syntrophus	0.733333333333333	612	20.988816296429	0.22459344153291	Intermediate
OTU_400	Anaerolineaceae	0.622222222222222	161	23.3293286314636	0.250891332937793	Intermediate
OTU_755	Lysobacter	0.622222222222222	168	13.6369094808488	0.14198774697583	Intermediate
OTU_708	MB-A2-108	0.411111111111111	195	12.0493855427669	0.124150399356931	Intermediate
OTU_8878	Sphingomonas	0.422222222222222	175	13.0574562211526	0.135477036192726	Intermediate
OTU_3384	288-2	0.544444444444444	162	20.6274233372525	0.220532846485983	Intermediate
OTU_3630	Opitutus	0.544444444444444	231	15.8992426725121	0.167407221039462	Intermediate
OTU_2880	Nitrosomonadaceae	0.622222222222222	126	33.798670584005	0.368524388584325	Broad decile
OTU_3479	Anaerolineaceae	0.222222222222222	133	5.06827284670051	0.0457109308618035	Intermediate
OTU_30	WCHB1-69	0.911111111111111	2691	10.5766824489318	0.107603173583504	Intermediate
OTU_4303	Haliangium	0.388888888888889	106	18.3281757256308	0.194698603658773	Intermediate
OTU_291	LD29	0.511111111111111	154	7.24797168100722	0.0702019290000811	Intermediate
OTU_6365	Rhizobacter	0.566666666666667	134	36.6674627186705	0.400758008074949	Broad decile
OTU_514	Blastocatella	0.555555555555556	220	11.9625300478455	0.123174494919613	Intermediate
OTU_212	Imtechella	0.555555555555556	1457	4.28050223347429	0.0368595756570145	Intermediate
OTU_3487	Anaerolineaceae	0.266666666666667	153	5.63814857469646	0.0521140289291738	Intermediate
OTU_2584	Syntrophorhabdus	0.5	127	24.0952412159398	0.25949709231393	Intermediate
OTU_1982	Bellilinea	0.188888888888889	172	3.15996197699815	0.0242692356966084	Narrow decile
OTU_3031	Desulfobulbaceae	0.766666666666667	545	9.21582712683143	0.0923126643464205	Intermediate
OTU_895	Pseudomonas xinjiangensis	0.511111111111111	422	2.69994166572492	0.0191004681542126	Narrow decile
OTU_7900	Coriobacteriaceae	0.322222222222222	109	8.69162335666342	0.0864227343445328	Intermediate
OTU_2372	Sh765B-TzT-29	0.811111111111111	253	23.6810275884749	0.254843006612077	Intermediate
OTU_179	Flavobacteriaceae	0.555555555555556	1295	5.12211685635418	0.0463159197343166	Intermediate
OTU_1836	Altererythrobacter	0.333333333333333	203	12.0132426149204	0.123744299044049	Intermediate
OTU_1720	Nitrosomonadaceae	0.477777777777778	109	18.7573888311248	0.199521222821627	Intermediate
OTU_378	OM1 clade	0.3	348	2.14816291253143	0.0129007068823756	Narrow decile
OTU_948	HSB OF53-F07	0.3	641	4.40484010589332	0.0382566304032958	Intermediate
OTU_206	Rhizomicrobium	0.677777777777778	658	14.115793197317	0.147368462891203	Intermediate
OTU_6262	Desulfomonile	0.633333333333333	142	23.5494569261463	0.253364684563441	Intermediate
OTU_24	Gillisia	0.888888888888889	4749	5.42620421479434	0.0497326316269027	Intermediate
OTU_461	Photobacterium	0.377777777777778	635	3.35258734194845	0.0264335656398702	Narrow decile
OTU_150	Subgroup 6	1	3147	21.2300067531344	0.227303446664431	Intermediate
OTU_1115	Anaerolineaceae	0.533333333333333	147	15.0127952869215	0.157447138055297	Intermediate
OTU_423	43F-1404R	0.722222222222222	463	14.7980000669814	0.155033708617768	Intermediate
OTU_2451	11-24	0.522222222222222	277	13.0749130722212	0.135673180586755	Intermediate
OTU_182	Shivajiella	0.422222222222222	132	13.5397726124862	0.140896321488609	Intermediate
OTU_358	Xanthomonadales	0.855555555555556	491	19.8727191476358	0.21205302413074	Intermediate
OTU_835	Neorhizobium	0.377777777777778	235	2.28223069275935	0.0144070864354983	Narrow decile
OTU_184	OM1 clade	0.522222222222222	992	3.09444182684386	0.0235330542342007	Narrow decile
OTU_2668	Subgroup 6	0.477777777777778	289	10.3949784232793	0.105561555317745	Intermediate
OTU_95	OM1 clade	0.911111111111111	948	18.2066000556914	0.193332584895409	Intermediate
OTU_3618	Methylorosula	0.744444444444444	159	43.2724254771521	0.474971072776989	Broad decile
OTU_10	Thermomonas	0.977777777777778	2129	21.1213433124169	0.22608250912828	Intermediate
OTU_185	Haliangium	0.888888888888889	329	53.5643907570382	0.590611132101553	Broad decile
OTU_347	Anaerolinea	0.366666666666667	192	14.046954861943	0.146594998448797	Intermediate
OTU_683	Halomonas	0.611111111111111	621	5.19785522739016	0.0471669126673052	Intermediate
OTU_2510	Marmoricola	0.722222222222222	232	36.5610461040637	0.399562315775997	Broad decile
OTU_816	Nitrospira	0.888888888888889	910	23.3305179748341	0.25090469634645	Intermediate
OTU_8826	Bacteroidetes vadinHA17	0.411111111111111	267	16.2908523361222	0.17180732961935	Intermediate
OTU_12215	Xanthobacteraceae	0.611111111111111	112	32.2723086996285	0.351374255052006	Broad decile
OTU_718	Gaiellales	0.633333333333333	168	24.8786409043306	0.268299336003714	Intermediate
OTU_1310	Desulfobulbaceae	0.766666666666667	534	15.184564119497	0.159377124938169	Intermediate
OTU_268	480-2	0.766666666666667	214	25.5206683975792	0.275513128062688	Intermediate
OTU_1587	43F-1404R	0.522222222222222	103	10.5347052097977	0.10713151921121	Intermediate
OTU_3071	Xanthobacteraceae	0.766666666666667	294	33.4556634589822	0.36467037594362	Broad decile
OTU_42	JG37-AG-4	0.688888888888889	1983	1.71792350628686	0.00806655625041413	Narrow decile
OTU_203	Gemmatimonadaceae	0.922222222222222	2106	17.0702437941719	0.180564537013167	Intermediate
OTU_4300	KD4-96	0.7	301	23.9140072199312	0.257460755280126	Intermediate
OTU_62	Nitrosomonadaceae	0.988888888888889	3693	23.0362546651704	0.247598367024387	Intermediate
OTU_1565	Bacillus megaterium	0.477777777777778	110	20.0861038543778	0.214450605105369	Intermediate
OTU_512	OPB35 soil group	0.744444444444444	212	38.7386172240453	0.424029407011745	Broad decile
OTU_945	Bacteriovorax	0.544444444444444	111	24.7471112040186	0.266821474202456	Intermediate
OTU_11867	Nitrospiraceae	0.266666666666667	119	10.1274602466233	0.102555733108127	Intermediate
OTU_2155	Xanthobacteraceae	0.9	459	31.3227612891905	0.340705183024613	Broad decile
OTU_4243	Roseiflexus	0.4	152	14.3522032856299	0.150024756018313	Intermediate
OTU_335	Anaerolineaceae	0.633333333333333	130	36.5607901463029	0.3995594398461	Broad decile
OTU_5434	Acidobacteriaceae (Subgroup 1)	0.544444444444444	204	16.6062251686912	0.175350844592036	Intermediate
OTU_20	KD4-96	0.955555555555556	3381	7.32307579848463	0.0710457954885913	Intermediate
OTU_7616	Anaerolineaceae	0.233333333333333	114	3.68019511729217	0.0301145518796872	Narrow decile
OTU_691	YNPFFP1	0.944444444444444	964	14.9473866565299	0.156712209623931	Intermediate
OTU_12946	MB-A2-108	0.4	158	6.17107798742222	0.0581019998586767	Intermediate
OTU_1283	Candidatus Koribacter	0.555555555555556	1104	8.993192697828	0.0898111539081798	Intermediate
OTU_2548	Gaiellales	0.355555555555556	160	14.4407274677	0.151019409749438	Intermediate
OTU_830	Nitrosomonadaceae	0.366666666666667	136	11.2459892848547	0.115123475110727	Intermediate
OTU_149	Subgroup 6	0.944444444444444	1472	26.3545508344845	0.284882593645894	Intermediate
OTU_2734	Kineosporia	0.733333333333333	253	35.4442456992505	0.387013996620792	Broad decile
OTU_223	Bacteroidetes vadinHA17	0.711111111111111	1495	11.3527482682248	0.116323014249717	Intermediate
OTU_3716	NPL-UPA2	0.555555555555556	279	22.8026165191225	0.244973219315984	Intermediate
OTU_3356	Gaiellales	0.566666666666667	749	10.4301607900334	0.105956862809364	Intermediate
OTU_869	Anaeromyxobacter	0.655555555555556	308	7.66033512335443	0.074835226105106	Intermediate
OTU_81	Acetoanaerobium	0.411111111111111	926	2.7871133288987	0.0200799250438056	Narrow decile
OTU_1155	Anaerolinea	0.444444444444444	303	9.25604199303037	0.0927645167756221	Intermediate
OTU_499	Anaerolineaceae	0.388888888888889	429	3.97267866865161	0.0334008839174339	Intermediate
OTU_1125	S085	0.4	153	10.4538871559817	0.106223451190805	Intermediate
OTU_290	Anaerolineaceae	0.444444444444444	104	22.4300761463743	0.240787372431172	Intermediate
OTU_2469	Cercis gigantea	0.222222222222222	107	1.70018356641756	0.00786723108334338	Narrow decile
OTU_1370	Nakamurella	0.622222222222222	343	7.3475613970702	0.0713209145738225	Intermediate
OTU_2789	SB-5	0.344444444444444	117	17.0343637076443	0.180161389973531	Intermediate
OTU_648	Geobacter	0.811111111111111	888	18.1657638797754	0.192873751458151	Intermediate
OTU_1981	Anaerolineaceae	0.177777777777778	129	5.95512786868402	0.0556755940301575	Intermediate
OTU_112	Subgroup 6	0.733333333333333	604	10.5833322340886	0.107677890270659	Intermediate
OTU_1623	Acidibacter	0.555555555555556	226	11.7334140872492	0.120600158283699	Intermediate
OTU_9299	Erythrobacteraceae	0.433333333333333	175	10.2631552996601	0.104080396625394	Intermediate
OTU_1148	SC-I-84	0.611111111111111	157	23.6423090384263	0.254407966723891	Intermediate
OTU_2058	Hydrogenophaga	0.711111111111111	415	17.859793241203	0.189435879114641	Intermediate
OTU_604	Nitrosomonadaceae	0.577777777777778	173	11.6473489590374	0.119633134371207	Intermediate
OTU_106	Rhodanobacter	0.455555555555556	126	29.6933080512841	0.322396719677349	Broad decile
OTU_2594	Lysinimicrobium	0.722222222222222	411	18.9154837870253	0.201297570640734	Intermediate
OTU_7269	Alcaligenaceae	0.544444444444444	102	33.5809436474838	0.366078018511053	Broad decile
OTU_288	SJA-149	0.744444444444444	640	19.2322049727716	0.204856235649119	Intermediate
OTU_646	Sulfurovum	0.3	244	1.91588069058015	0.0102907942761815	Narrow decile
OTU_8542	Anaerolineaceae	0.4	377	2.38966958845843	0.0156142650388588	Narrow decile
OTU_2592	Shinella	0.755555555555556	227	31.1508028168463	0.338773065357823	Broad decile
OTU_312	Variibacter	0.955555555555556	894	35.3985934922443	0.386501050474655	Broad decile
OTU_485	Gillisia	0.688888888888889	2205	3.46039611643059	0.0276449001846134	Narrow decile
OTU_2567	NS9 marine group	0.433333333333333	125	17.324605291649	0.183422531366842	Intermediate
OTU_1455	Subgroup 21	0.377777777777778	100	15.7101705354101	0.165282815004608	Intermediate
OTU_99	OPB35 soil group	0.633333333333333	805	6.76952517307286	0.0648261255401445	Intermediate
OTU_5346	Isosphaera	0.188888888888889	100	2.98528872374138	0.0223066148734987	Narrow decile
OTU_9137	DA101 soil group	0.733333333333333	160	39.6558213476304	0.434335071321689	Broad decile
OTU_47	Arenimonas	0.644444444444444	440	8.41303371905791	0.0832925136972799	Intermediate
OTU_12874	Subgroup 6	0.677777777777778	297	22.5272250040686	0.241878932629984	Intermediate
OTU_1315	Methylophilaceae	0.344444444444444	240	4.66378643823606	0.0411661397554614	Intermediate
OTU_3568	Devosia	0.411111111111111	209	10.7106595292665	0.109108534036703	Intermediate
OTU_4253	Candidatus Solibacter	0.288888888888889	141	8.65543260117218	0.086016096642384	Intermediate
OTU_751	WCHB1-69	0.433333333333333	417	9.12452389804171	0.0912867853712552	Intermediate
OTU_269	Candidatus Solibacter	0.433333333333333	715	5.47456359822606	0.050275995485686	Intermediate
OTU_579	OPB35 soil group	0.6	375	19.6097212000676	0.209097991011995	Intermediate
OTU_4728	Sphingomonas	0.566666666666667	116	19.2054017421702	0.204555075754721	Intermediate
OTU_6381	ABS-19	0.544444444444444	166	20.7052689211489	0.221407515967965	Intermediate
OTU_1203	Desulfobulbus	0.644444444444444	127	21.9875797311104	0.235815502596746	Intermediate
OTU_224	Xanthomonadales	0.833333333333333	626	20.4156394669443	0.218153252437577	Intermediate
OTU_500	GR-WP33-30	0.777777777777778	248	33.4924345264172	0.365083534004688	Broad decile
OTU_537	Candidatus Koribacter	0.544444444444444	893	5.34895871276127	0.048864704637767	Intermediate
OTU_2112	SC-I-84	0.533333333333333	193	17.6038785538913	0.186560433189789	Intermediate
OTU_3761	Candidatus Solibacter	0.355555555555556	107	15.7179355719502	0.165370062606182	Intermediate
OTU_3894	HSB OF53-F07	0.177777777777778	210	3.40977555478972	0.027076129829098	Narrow decile
OTU_676	RB41	0.811111111111111	587	12.8941705956835	0.133642366243635	Intermediate
OTU_61	Lutibacter	0.966666666666667	2786	11.0096631427059	0.112468125198943	Intermediate
OTU_3790	SC-I-84	0.477777777777778	263	12.0848134581232	0.124548465821609	Intermediate
OTU_11920	KD4-96	0.633333333333333	176	32.5230509337329	0.354191583525088	Broad decile
OTU_880	Syntrophobacteraceae	0.555555555555556	207	15.1406955658035	0.158884219840488	Intermediate
OTU_2597	Polynucleobacter	0.533333333333333	134	35.5926271843519	0.388681204318561	Broad decile
OTU_1089	Planctomycetaceae	0.544444444444444	140	16.2225446638169	0.171039827683336	Intermediate
OTU_8857	Anaerolineaceae	0.255555555555556	303	3.73589010556954	0.0307403382648263	Intermediate
OTU_1084	GR-WP33-30	0.555555555555556	141	15.0951021078877	0.158371933796491	Intermediate
OTU_3036	Subgroup 22	0.444444444444444	118	16.0207052061909	0.168771968608887	Intermediate
OTU_587	Gaiella	0.833333333333333	384	13.6778582506925	0.142447845513399	Intermediate
OTU_404	Iamia	0.877777777777778	699	41.186022646336	0.451528344340854	Broad decile
OTU_4125	Subgroup 17	0.433333333333333	126	15.9009674548525	0.16742660061632	Intermediate
OTU_635	Acidimicrobiales	0.522222222222222	181	16.6465948026949	0.175804435985336	Intermediate
OTU_458	Tabrizicola	0.855555555555556	908	13.7261849295045	0.142990841904545	Intermediate
OTU_256	Subgroup 6	0.744444444444444	448	19.6985372968518	0.210095924683728	Intermediate
OTU_510	Chthonomonadales	0.477777777777778	193	11.8874710751469	0.122331135675808	Intermediate
OTU_313	Subgroup 21	0.322222222222222	497	1.13249658865303	0.00148872571520256	Narrow decile
OTU_2068	S0134 terrestrial group	0.322222222222222	193	10.2831228988167	0.104304751672098	Intermediate
OTU_2407	Chloroflexi	0.611111111111111	123	20.5826559894426	0.220029842578007	Intermediate
OTU_1176	Rhodobacteraceae	0.666666666666667	611	13.5044667158702	0.140499626021014	Intermediate
OTU_132	Flavobacteriaceae	0.377777777777778	700	4.16997399922976	0.035617685384604	Intermediate
OTU_1375	Candidatus Methanoperedens	0.311111111111111	200	6.28147422041324	0.0593424069709352	Intermediate
OTU_4711	MNG7	0.633333333333333	196	30.8507474326687	0.335401656546839	Broad decile
OTU_892	Singulisphaera	0.455555555555556	129	21.5530533142976	0.230933183306714	Intermediate
OTU_435	Flavobacterium	0.644444444444444	496	11.5891651339554	0.118979383527589	Intermediate
OTU_7879	Pseudahrensia	0.333333333333333	112	15.8961563911732	0.167372543721047	Intermediate
OTU_529	Verrucomicrobiaceae	0.577777777777778	285	16.2623220310121	0.171486764393395	Intermediate
OTU_6888	Anaerolineaceae	0.5	310	3.10878581336949	0.0236942226221291	Narrow decile
OTU_3444	Anaeromyxobacter	0.544444444444444	143	12.7343621599964	0.131846765842656	Intermediate
OTU_396	SC-I-84	0.911111111111111	452	20.7024380734093	0.221375708689993	Intermediate
OTU_13317	Anaerolineaceae	0.1	157	2.71822428028465	0.0193058907897152	Narrow decile
OTU_103	Acidobacteriaceae (Subgroup 1)	0.477777777777778	413	10.2262717832721	0.103665975092945	Intermediate
OTU_333	Subgroup 7	0.766666666666667	202	38.4870448762184	0.421202751418184	Broad decile
OTU_3678	Crenothrix	0.255555555555556	108	3.20544501249136	0.0247802810392287	Narrow decile
OTU_3919	Candidatus Solibacter	0.388888888888889	129	16.2122121390437	0.170923731899367	Intermediate
OTU_723	MB-A2-108	0.122222222222222	121	3.01524787008475	0.0226432344953343	Narrow decile
OTU_535	OPB35 soil group	0.444444444444444	608	5.56382770517722	0.0512789629795193	Intermediate
OTU_322	Sva0081 sediment group	0.688888888888889	613	8.48841135883714	0.0841394534700803	Intermediate
OTU_932	Bacteroidetes vadinHA17	0.5	150	4.87772147615998	0.0435699042265166	Intermediate
OTU_1288	JG30-KF-CM66	0.433333333333333	350	6.92308865235517	0.0665515578916311	Intermediate
OTU_9148	Ferruginibacter	0.511111111111111	343	12.3415951855365	0.127433653770073	Intermediate
OTU_3753	OPB35 soil group	0.611111111111111	260	21.5208231842213	0.230571047013722	Intermediate
OTU_3728	Latescibacteria	0.333333333333333	143	7.97268440833348	0.0783447686329604	Intermediate
OTU_3944	Miscellaneous Crenarchaeotic Group	0.455555555555556	234	18.3375192516874	0.194803587097612	Intermediate
OTU_125	Gemmatimonadaceae	0.4	539	3.49861056857035	0.0280742760513523	Narrow decile
OTU_26	Exiguobacterium	0.755555555555556	1657	10.5487184195208	0.107288971005851	Intermediate
OTU_196	TRA3-20	0.933333333333333	1626	22.2094523909539	0.238308453830942	Intermediate
OTU_1420	Sphingomonas	0.811111111111111	258	37.2292373091196	0.40707008212494	Broad decile
OTU_602	Acidobacteriaceae (Subgroup 1)	0.422222222222222	120	13.1810898330294	0.136866177899206	Intermediate
OTU_13212	Ignavibacterium	0.4	181	14.6741776267482	0.153642445244362	Intermediate
OTU_9043	Flexithrix	0.255555555555556	117	4.75730881546955	0.0422169529828039	Intermediate
OTU_1640	Anaerolineaceae	0.122222222222222	126	1.38819035374293	0.00436168936789815	Narrow decile
OTU_6447	Anaerolineaceae	0.211111111111111	138	3.01145912464838	0.0226006643218919	Narrow decile
OTU_4269	4-29	0.377777777777778	110	6.87725575171587	0.0660365814799535	Intermediate
OTU_4154	Propionibacteriales	0.188888888888889	152	1.5358735901145	0.00602105157432027	Narrow decile
OTU_2018	Bauldia	0.511111111111111	116	27.2475229413823	0.294915988105419	Broad decile
OTU_6279	Subgroup 6	0.633333333333333	146	18.0697196639193	0.191794602965385	Intermediate
OTU_401	Terrimonas	0.933333333333333	1218	29.1639059950539	0.316448381966897	Broad decile
OTU_1371	Carboxylicivirga	0.288888888888889	246	7.34680441605085	0.0713124091691106	Intermediate
OTU_910	Rhodospirillaceae	0.533333333333333	131	11.3055195167725	0.115792354121039	Intermediate
OTU_1220	Solirubrobacter	0.766666666666667	365	22.6451196503044	0.243203591576453	Intermediate
OTU_8766	Cyclobacteriaceae	0.333333333333333	167	7.26954625233459	0.0704443399138718	Intermediate
OTU_2821	Nitrosomonadaceae	0.811111111111111	778	26.8786092595682	0.290770890556946	Broad decile
OTU_1046	Gemmatimonadaceae	0.588888888888889	252	22.3647477041282	0.240053344990205	Intermediate
OTU_2596	Sh765B-TzT-29	0.511111111111111	140	9.95431509809251	0.100610282001039	Intermediate
OTU_2792	Candidatus Solibacter	0.266666666666667	154	5.48161353852138	0.0503552082979931	Intermediate
OTU_3124	Nitrospinaceae	0.422222222222222	306	10.1346723261437	0.10263676770948	Intermediate
OTU_1501	Comamonadaceae	0.777777777777778	237	45.5561312997624	0.500630688761376	Broad decile
OTU_10688	HSB OF53-F07	0.2	316	4.71544524487486	0.0417465757851108	Intermediate
OTU_69	Vibrio	0.633333333333333	2916	2.70419157866524	0.0191482199850027	Narrow decile
OTU_457	0319-6A21	0.933333333333333	1049	21.0741386892875	0.225552120104354	Intermediate
OTU_11215	KD4-96	0.388888888888889	170	7.96891819893414	0.0783024516734173	Intermediate
OTU_1088	Anaerolineaceae	0.555555555555556	201	9.95056359108579	0.100568130236919	Intermediate
OTU_636	Xanthomonadales	0.677777777777778	757	10.8035188634554	0.110151897342196	Intermediate
OTU_160	Anaerolineaceae	0.744444444444444	255	36.8236499747488	0.402512921064593	Broad decile
OTU_328	Chloroplast	0.555555555555556	332	4.55483213191386	0.0399419340664478	Intermediate
OTU_205	Anaerolineaceae	0.633333333333333	1565	8.7589233517128	0.0871789140641887	Intermediate
OTU_3670	Candidatus Solibacter	0.311111111111111	186	5.49439582586351	0.0504988295040843	Intermediate
OTU_1461	SJA-149	0.588888888888889	142	23.8405289874439	0.256635157162291	Intermediate
OTU_562	alphaI cluster	0.488888888888889	360	7.13558769946856	0.0689391876344783	Intermediate
OTU_1539	Chthoniobacter	0.511111111111111	206	13.3267113730121	0.138502374977664	Intermediate
OTU_564	Blastocatella	0.766666666666667	1250	7.49481479115728	0.0729754470916548	Intermediate
OTU_664	Micromonosporaceae	0.588888888888889	221	17.7716666998123	0.188445693256317	Intermediate
OTU_5881	KD4-96	0.344444444444444	213	9.86354191587326	0.0995903586053175	Intermediate
OTU_2201	Pleomorphomonas	0.577777777777778	171	23.0438064343902	0.247683218363935	Intermediate
OTU_48	Anaerolineaceae	0.611111111111111	1776	5.90588606137061	0.055122315296299	Intermediate
OTU_8782	Chromatiaceae	0.277777777777778	126	5.41897969974903	0.0496514573005509	Intermediate
OTU_1801	Lysinimonas	0.866666666666667	485	23.2119505939977	0.249572478584243	Intermediate
OTU_7218	Subgroup 6	0.333333333333333	171	6.05399232216859	0.0567864305861639	Intermediate
OTU_1231	Actinotalea	0.9	1111	23.6761322541544	0.254788002855667	Intermediate
OTU_7411	ABS-19	0.644444444444444	304	23.7730335853793	0.255876781858195	Intermediate
OTU_1563	Haliangium	0.611111111111111	137	24.5156371992336	0.264220642688018	Intermediate
OTU_1577	Cellulomonas	0.511111111111111	128	19.7810771119321	0.211023338336316	Intermediate
OTU_1263	Anaerolineaceae	0.7	618	10.4310681732184	0.10596705812605	Intermediate
OTU_13423	Methylotenera	0.544444444444444	155	19.7474511604842	0.210645518657126	Intermediate
OTU_342	Anaerolineaceae	0.322222222222222	379	1.87540166309147	0.00983597374260083	Narrow decile
OTU_1553	Noviherbaspirillum	0.755555555555556	259	37.3243266397839	0.408138501570605	Broad decile
OTU_1929	Methylobacter	0.811111111111111	803	16.3295494366063	0.172242128501195	Intermediate
OTU_916	KD4-96	0.522222222222222	182	18.3805210971055	0.195286753900062	Intermediate
OTU_10136	Subgroup 6	0.544444444444444	144	22.4284856310695	0.240769501472691	Intermediate
OTU_2855	Subgroup 22	0.422222222222222	117	19.2284349593453	0.2048138759477	Intermediate
OTU_6942	43F-1404R	0.533333333333333	152	13.799347552772	0.143812893851371	Intermediate
OTU_462	Porphyrobacter	0.944444444444444	857	35.961384801175	0.392824548327809	Broad decile
OTU_1754	Smithella	0.555555555555556	184	18.8717376478666	0.200806040987265	Intermediate
OTU_277	Fusibacter	0.777777777777778	1456	6.7821027507366	0.0649674466374898	Intermediate
OTU_739	Gaiellales	0.488888888888889	311	8.22384679398718	0.0811668179099683	Intermediate
OTU_3571	SC-I-84	0.411111111111111	274	11.0956937339595	0.113434761055724	Intermediate
OTU_5919	Subgroup 6	0.711111111111111	199	36.7311060461741	0.401473101642405	Broad decile
OTU_407	Anaerolineaceae	0.566666666666667	358	9.30316939976668	0.0932940381996256	Intermediate
OTU_119	Pseudolabrys	0.933333333333333	1699	14.7824220714543	0.15485867496016	Intermediate
OTU_469	Reichenbachiella	0.355555555555556	111	4.13532234988919	0.0352283410099909	Intermediate
OTU_761	Bryobacter	0.655555555555556	251	26.2823861774937	0.2840717548033	Intermediate
OTU_6821	NS72	0.422222222222222	103	18.4148091092287	0.195672012463244	Intermediate
OTU_1280	Bryobacter	0.555555555555556	259	17.2243145441833	0.182295669035767	Intermediate
OTU_208	Ornithinibacter aureus	0.922222222222222	1131	12.1531861675021	0.125316698511259	Intermediate
OTU_563	Gemmatimonadaceae	0.455555555555556	435	4.81445825826642	0.0428590815535553	Intermediate
OTU_1102	S085	0.644444444444444	226	22.3297718567489	0.239660357940999	Intermediate
OTU_338	ABS-19	0.822222222222222	348	26.7946132215269	0.289827114848617	Broad decile
OTU_38	Cryobacterium	0.977777777777778	3347	24.7823534688434	0.267217454706106	Intermediate
OTU_3990	Algoriphagus	0.477777777777778	206	16.2520053360686	0.171370846472681	Intermediate
OTU_558	Sva1033	0.655555555555556	980	11.4217432059608	0.117098238269223	Intermediate
OTU_239	Fusibacter	0.722222222222222	810	4.86884838052492	0.043470206522752	Intermediate
OTU_3876	Blastocatella	0.9	577	33.6844197258534	0.367240671077004	Broad decile
OTU_6378	Subgroup 6	0.588888888888889	177	25.6838725119047	0.277346882156232	Intermediate
OTU_1039	SC-I-84	0.588888888888889	263	11.0000599377568	0.11236022401974	Intermediate
OTU_10329	Illumatobacter	0.655555555555556	235	23.4214261764281	0.251926136813799	Intermediate
OTU_817	Subgroup 6	0.8	681	24.8185013039302	0.267623610156519	Intermediate
OTU_1517	Haliangium	0.622222222222222	146	36.3013642344035	0.39664454195959	Broad decile
OTU_3865	Subgroup 18	0.355555555555556	107	18.5321836326062	0.196990827332654	Intermediate
OTU_2804	Anaerolineaceae	0.488888888888889	198	15.9944539581929	0.168477010766213	Intermediate
OTU_1727	Blastocatella	0.288888888888889	102	9.86870764938702	0.0996484005549103	Intermediate
OTU_3517	OM1 clade	0.5	434	8.77335520352391	0.0873410697025158	Intermediate
OTU_790	Acidothermus	0.677777777777778	436	8.25436186372574	0.081509683862087	Intermediate
OTU_9214	Rhodobacter	0.544444444444444	126	18.4024703806756	0.195533375063771	Intermediate
OTU_417	Anaerolineaceae	0.644444444444444	550	19.2873296106062	0.205475613602317	Intermediate
OTU_904	Anaerolineaceae	0.333333333333333	315	5.64391529639453	0.0521788235549947	Intermediate
OTU_1294	Flavihumibacter	0.366666666666667	172	10.3649063082776	0.105223666385142	Intermediate
OTU_21	Gillisia	0.855555555555556	2541	2.26089002290218	0.0141673036281144	Narrow decile
OTU_1198	Subgroup 7	0.533333333333333	249	8.74769452649679	0.087052747488728	Intermediate
OTU_3094	BSV26	0.3	143	8.77734162322539	0.0873858609351168	Intermediate
OTU_156	Proteiniclasticum	0.822222222222222	1424	7.42261245663539	0.0721641849060157	Intermediate
OTU_3579	Altererythrobacter	0.466666666666667	121	20.7063547266643	0.221419716029936	Intermediate
OTU_271	Gaiellales	0.633333333333333	908	14.1749733933826	0.148033408914411	Intermediate
OTU_259	OM1 clade	0.766666666666667	1133	15.1852261339394	0.15938456330269	Intermediate
OTU_34	Bacillus	0.8	8555	47.3851266964804	0.521181198836858	Broad decile
OTU_3408	Bryobacter	0.611111111111111	320	17.1860689129427	0.181865942842053	Intermediate
OTU_585	B1-7BS	0.633333333333333	134	11.71669484441	0.120412301622584	Intermediate
OTU_1384	RB41	0.388888888888889	351	3.88129120984051	0.0323740585375339	Intermediate
OTU_5501	Anaerolineaceae	0.311111111111111	171	8.01448563708771	0.0788144453605361	Intermediate
OTU_1100	Latescibacteria	0.644444444444444	170	30.5948292559717	0.332526171415412	Broad decile
OTU_8356	Gaiellales	0.411111111111111	311	8.72033756576639	0.0867453659074875	Intermediate
OTU_721	Acinetobacter	0.655555555555556	381	14.8499943212831	0.155617913722282	Intermediate
OTU_315	Halomonas	0.844444444444444	1250	8.57389766620808	0.0850999737776188	Intermediate
OTU_45	43F-1404R	0.866666666666667	2558	8.9978595993837	0.0898635910043113	Intermediate
OTU_11627	OM1 clade	0.488888888888889	354	10.8187244553907	0.110322746689783	Intermediate
OTU_9047	Demequina	0.377777777777778	148	16.7216542430645	0.176647800483871	Intermediate
OTU_10764	Comamonadaceae	0.688888888888889	297	16.5355192332551	0.17455639587927	Intermediate
OTU_7437	Anaerolineaceae	0.388888888888889	187	8.30344923468333	0.0820612273559925	Intermediate
OTU_3209	Blastocatella	0.488888888888889	224	10.2304426931977	0.103712839249412	Intermediate
OTU_2892	ABS-19	0.388888888888889	103	11.0538169103991	0.112964234948305	Intermediate
OTU_2228	SC-I-84	0.588888888888889	229	20.1156996848566	0.214783142526479	Intermediate
OTU_1473	Bacillus baekryungensis	0.655555555555556	275	4.43215472994123	0.0385635362914745	Intermediate
OTU_2427	Hydrogenophaga	0.622222222222222	137	30.1835447747005	0.327904997468545	Broad decile
OTU_1261	Nitrosomonadaceae	0.488888888888889	207	18.6050038129625	0.197809031606321	Intermediate
OTU_4504	Anaerolineaceae	0.211111111111111	133	5.19418927078518	0.0471257221436537	Intermediate
OTU_2760	Haliangium	0.644444444444444	174	38.204395081669	0.418026911029989	Broad decile
OTU_1396	RB41	0.455555555555556	467	6.06400264482794	0.0568989061216623	Intermediate
OTU_207	Subgroup 7	0.988888888888889	2996	14.9524835617952	0.156769478222418	Intermediate
OTU_836	Syntrophorhabdus	0.488888888888889	183	23.7812827287822	0.255969468862722	Intermediate
OTU_44	Soil Crenarchaeotic Group(SCG)	0.744444444444444	359	4.38992869627381	0.0380890864749866	Intermediate
OTU_447	Ferruginibacter	0.766666666666667	2207	16.0640365110501	0.16925883720281	Intermediate
OTU_1157	GR-WP33-30	0.588888888888889	274	18.6971894875879	0.198844825703235	Intermediate
OTU_841	S085	0.444444444444444	278	9.8500333185138	0.0994385766125147	Intermediate
OTU_3256	OPB35 soil group	0.122222222222222	105	5.82749840088029	0.0542415550660706	Intermediate
OTU_942	Subgroup 2	0.666666666666667	456	12.9340615272405	0.134090578957758	Intermediate
OTU_436	Bacteroidetes vadinHA17	0.777777777777778	1157	19.3291597456341	0.205945615119484	Intermediate
OTU_488	Chitinophagaceae	0.588888888888889	194	18.3664798878974	0.195128987504465	Intermediate
OTU_1097	Verrucomicrobiaceae	0.433333333333333	202	6.08353943148017	0.0571184205784289	Intermediate
OTU_1923	Desulfomicrobium	0.422222222222222	283	6.92025377086126	0.066519705290576	Intermediate
OTU_2868	Actinoplanes	0.566666666666667	235	17.7574769019945	0.188286257325781	Intermediate
OTU_1390	Aequorivita	0.5	341	5.13826621738781	0.0464973732290765	Intermediate
OTU_2173	Candidatus Solibacter	0.188888888888889	147	8.70278684666552	0.0865481668164665	Intermediate
OTU_11436	KD4-96	0.533333333333333	143	17.1429889564058	0.181381898386582	Intermediate
OTU_727	Nitrosomonadaceae	0.633333333333333	298	12.6983118053704	0.131441705678319	Intermediate
OTU_1511	Verrucomicrobiaceae	0.844444444444444	1323	25.119537606904	0.271006040527012	Intermediate
OTU_2553	Pseudonocardia	0.644444444444444	209	26.131662165253	0.282378226575877	Intermediate
OTU_433	Gemmatimonadaceae	0.444444444444444	346	2.04134239283829	0.0117004763240258	Narrow decile
OTU_1758	Subgroup 7	0.9	715	18.3342022370081	0.194766317269754	Intermediate
OTU_1271	BSV26	0.433333333333333	480	10.670689619264	0.108659433924315	Intermediate
OTU_4247	Subgroup 2	0.211111111111111	200	5.58559532091802	0.0515235429316631	Intermediate
OTU_1327	Rubellimicrobium	0.733333333333333	414	26.4645190039498	0.286118191055616	Intermediate
OTU_642	Subgroup 6	0.777777777777778	383	17.6204280661548	0.186746382765784	Intermediate
OTU_1381	HSB OF53-F07	0.166666666666667	150	3.20476007394128	0.0247725851004638	Narrow decile
OTU_7818	Gemmatimonadaceae	0.3	122	6.9518955736592	0.0668752311647101	Intermediate
OTU_4049	Nitrosomonadaceae	0.177777777777778	153	2.62324391238033	0.0182386956447229	Narrow decile
OTU_805	AKYH767	0.366666666666667	110	15.1014506379556	0.158443265595007	Intermediate
OTU_272	Nitrosomonadaceae	0.911111111111111	654	24.3925782393278	0.262837957745257	Intermediate
OTU_3957	Chloroflexi	0.277777777777778	206	6.39672926763446	0.0606374075015108	Intermediate
OTU_1242	Chloroflexi	0.466666666666667	144	15.9898023465569	0.168424745466931	Intermediate
OTU_133	Acidimicrobiales	0.877777777777778	829	23.945961591003	0.257819793157337	Intermediate
OTU_1675	Tumebacillus	0.455555555555556	132	4.73366144471201	0.0419512521877754	Intermediate
OTU_503	Sh765B-TzT-29	0.922222222222222	753	19.1460074373481	0.203887724015147	Intermediate
OTU_828	GR-WP33-30	0.733333333333333	259	25.3375134594247	0.273455207409266	Intermediate
OTU_1770	Anaerolinea	0.388888888888889	366	3.48377976116546	0.027907637765904	Narrow decile
OTU_843	Pelolinea	0.488888888888889	377	7.62949686964346	0.0744887288723984	Intermediate
OTU_2712	SC-I-84	0.555555555555556	249	14.6090074797829	0.152910196402055	Intermediate
OTU_2017	Saprospiraceae	0.577777777777778	342	9.00133189753977	0.0899026055903345	Intermediate
OTU_1782	S085	0.488888888888889	100	12.0445856689119	0.124096468190022	Intermediate
OTU_2045	[Eubacterium] coprostanoligenes group	0.5	315	10.8521194774015	0.110697971656197	Intermediate
OTU_8793	Chloroflexi	0.455555555555556	167	9.35310441096111	0.0938551057411361	Intermediate
OTU_1798	Coriobacteriaceae	0.7	544	13.7796618744466	0.143591706454456	Intermediate
OTU_6413	Yangia	0.377777777777778	280	6.60601562606459	0.0629889396187032	Intermediate
OTU_1797	Gemmatimonadaceae	0.222222222222222	257	3.06251620518923	0.0231743393841486	Narrow decile
OTU_7580	Rhodothermaceae	0.211111111111111	144	4.77000437407663	0.0423595997087262	Intermediate
OTU_746	Lacibacter	0.422222222222222	166	12.6852711212757	0.131295181137929	Intermediate
OTU_2176	Gaiellales	0.466666666666667	167	18.5359213448712	0.197032824099676	Intermediate
OTU_1325	Bacillus	0.877777777777778	1305	6.19877308091495	0.0584131806844376	Intermediate
OTU_166	Nitriliruptor	0.322222222222222	585	1.23890788618546	0.00268435827174673	Narrow decile
OTU_3905	0319-6A21	0.644444444444444	225	25.4445717928898	0.27465811003247	Intermediate
OTU_804	OPB35 soil group	0.744444444444444	529	22.3024424064131	0.239353285465315	Intermediate
OTU_1191	Desulfobulbaceae	0.7	567	18.0269641102293	0.191314203485722	Intermediate
OTU_758	Desulfuromonadales	0.722222222222222	477	16.3194849736111	0.172129044647316	Intermediate
OTU_927	Paludibacter	0.488888888888889	383	3.58184591188986	0.029009504627976	Narrow decile
OTU_1915	Ferruginibacter	0.444444444444444	323	11.481474320052	0.117769374382606	Intermediate
OTU_9127	Ruegeria	0.677777777777778	530	10.432789564978	0.105986399606495	Intermediate
OTU_5485	Rhodobacter	0.411111111111111	143	21.2518340388223	0.227548697065419	Intermediate
OTU_8770	Chloroflexi	0.4	238	8.7565963027232	0.0871527674463281	Intermediate
OTU_3756	Gaiellales	0.666666666666667	454	20.4577850955536	0.218626798826445	Intermediate
OTU_2159	SC-I-84	0.555555555555556	212	18.5156809864223	0.196805404341824	Intermediate
OTU_12052	Sphingopyxis	0.255555555555556	101	9.16078978833878	0.0916942672847054	Intermediate
OTU_6252	Gaiella	0.644444444444444	229	23.1584426378519	0.248971265593842	Intermediate
OTU_812	Carnobacterium	0.711111111111111	545	8.43040885656464	0.0834877399614005	Intermediate
OTU_1575	Gaiellales	0.644444444444444	553	15.8722214636295	0.167103611950893	Intermediate
OTU_3322	Rhodobacteraceae	0.433333333333333	219	12.4558775837868	0.128717725660526	Intermediate
OTU_39	Psychrobacter	0.377777777777778	1611	1.64926914530372	0.00729515893599685	Narrow decile
OTU_3385	Variibacter	0.666666666666667	248	23.5777269906453	0.253682325737588	Intermediate
OTU_263	Fusibacter	0.711111111111111	510	9.47522002347932	0.0952271912750486	Intermediate
OTU_2049	Acidimicrobiales	0.688888888888889	362	12.434975259566	0.128482868085012	Intermediate
OTU_961	Ellin6055	0.766666666666667	701	19.0012502438657	0.20226123869512	Intermediate
OTU_4506	Fodinibius	0.166666666666667	229	1.8951722869588	0.0100581155838068	Narrow decile
OTU_343	Anaerolineaceae	0.633333333333333	553	12.30844433916	0.127061172350113	Intermediate
OTU_606	Acidimicrobiales	0.6	220	19.6349892583244	0.209381901778926	Intermediate
OTU_12269	PAUC43f marine benthic group	0.2	218	5.81257070898069	0.0540738281907942	Intermediate
OTU_6536	Geothermobacter	0.544444444444444	239	16.2198565194847	0.171009623814435	Intermediate
OTU_1692	I-10	0.455555555555556	147	13.5994385464782	0.141566725241328	Intermediate
OTU_1670	BSV26	0.422222222222222	103	15.6737398596596	0.164873481569209	Intermediate
OTU_4150	Subgroup 6	0.444444444444444	259	5.5233374970988	0.0508240168213348	Intermediate
OTU_4218	Subgroup 6	0.655555555555556	342	13.5873627777825	0.141431042446995	Intermediate
OTU_2558	Xanthomonadales	0.255555555555556	163	4.35096740571374	0.037651319165323	Intermediate
OTU_1861	Arenicellaceae	0.444444444444444	414	4.81061437517064	0.0428158918558499	Intermediate
OTU_2672	Gemmatimonadaceae	0.211111111111111	103	3.01967934754399	0.0226930263768987	Narrow decile
OTU_1142	S0134 terrestrial group	0.6	168	17.9664079580786	0.190633797281782	Intermediate
OTU_113	11-24	0.533333333333333	190	8.60734964076883	0.0854758386603239	Intermediate
OTU_4396	Bryobacter	0.366666666666667	170	9.33363883501564	0.0936363914046701	Intermediate
OTU_1152	Saprospiraceae	0.688888888888889	374	8.06145300310845	0.0793421685742522	Intermediate
OTU_340	Brevundimonas	0.811111111111111	1026	18.5334786578399	0.197005378177976	Intermediate
OTU_1214	Micrococcales	0.588888888888889	221	20.0882243286689	0.214474430659201	Intermediate
OTU_6791	Subgroup 6	0.611111111111111	139	27.5923124699739	0.298790027752516	Broad decile
OTU_5866	Opitutus	0.522222222222222	169	21.0440472544368	0.225214014094796	Intermediate
OTU_250	Sandaracinaceae	0.488888888888889	765	4.73277981515657	0.0419413462377142	Intermediate
OTU_560	Erythrobacter	0.522222222222222	867	4.96680613534391	0.0445708554533023	Intermediate
OTU_1814	OM1 clade	0.522222222222222	305	19.4507901196096	0.207312248534939	Intermediate
OTU_10543	DA101 soil group	0.511111111111111	279	7.74821728896046	0.075822666168095	Intermediate
OTU_4219	Subgroup 7	0.511111111111111	141	27.5676190953003	0.298512574104498	Broad decile
OTU_3809	Sphingomonas	0.611111111111111	313	5.21404156919188	0.0473487816763133	Intermediate
OTU_861	OM1 clade	0.711111111111111	638	7.5623825182901	0.0737346350369675	Intermediate
OTU_1522	Bellilinea	0.222222222222222	122	2.75582867578682	0.0197284120874924	Narrow decile
OTU_533	Erysipelothrix	0.5	440	8.46125985852146	0.0838343804328254	Intermediate
OTU_1405	Fusibacter	0.322222222222222	150	5.04774898363543	0.045480325658825	Intermediate
OTU_1040	Gaiellales	0.622222222222222	216	10.4283391973249	0.105936395475561	Intermediate
OTU_8437	Novosphingobium	0.488888888888889	129	14.9550152715449	0.156797924399381	Intermediate
OTU_588	Gaiellales	0.488888888888889	188	17.6001567623686	0.186518615307512	Intermediate
OTU_2273	Acidimicrobiales	0.455555555555556	100	15.5026762311662	0.16295141832771	Intermediate
OTU_584	Anaerolineaceae	0.466666666666667	128	6.43594345792656	0.0610780163811973	Intermediate
OTU_12251	Subgroup 18	0.477777777777778	146	13.8879374560257	0.14480828602276	Intermediate
OTU_2537	SC-I-84	0.333333333333333	126	5.08200108321947	0.0458651807103311	Intermediate
OTU_4208	Gaiella	0.344444444444444	100	12.0622102772757	0.124294497497479	Intermediate
OTU_1547	Ignavibacteriales	0.633333333333333	263	20.7488966040207	0.221897714651918	Intermediate
OTU_3553	S0134 terrestrial group	0.166666666666667	115	5.34503023604539	0.0488205644499482	Intermediate
OTU_690	SJA-149	0.444444444444444	228	9.69979727555594	0.0977505311860218	Intermediate
OTU_1963	Gemmatimonadaceae	0.388888888888889	176	9.63312829334781	0.09700144149829	Intermediate
OTU_1882	Marmoricola	0.855555555555556	530	38.7896313615341	0.424602599567799	Broad decile
OTU_1939	Desulfosporosinus	0.344444444444444	159	3.60168900201737	0.0292324606968244	Narrow decile
OTU_3215	RB41	0.344444444444444	135	6.98438191372732	0.0672402462216553	Intermediate
OTU_1749	Anaerolineaceae	0.388888888888889	121	11.9770485573087	0.123337624239424	Intermediate
OTU_6701	Desulfobulbus	0.511111111111111	199	16.9038139641078	0.178694538922559	Intermediate
OTU_1645	GR-WP33-30	0.766666666666667	253	29.2173317475109	0.317048671320347	Broad decile
OTU_3599	Gaiellales	0.177777777777778	120	7.44671916367086	0.0724350467828186	Intermediate
OTU_2330	Subgroup 6	0.677777777777778	468	12.7788015410658	0.132346084731076	Intermediate
OTU_1004	Paludibacter	0.455555555555556	140	12.9479288607804	0.134246391694161	Intermediate
OTU_1335	Gemmatimonas	0.666666666666667	395	22.6941301438417	0.24375427127912	Intermediate
OTU_1822	Haliangium	0.355555555555556	232	7.44028283304315	0.072362728461159	Intermediate
OTU_1135	0319-6A21	0.588888888888889	116	33.7605269442395	0.368095808362242	Broad decile
OTU_844	OM1 clade	0.855555555555556	1213	19.0929226475439	0.20329126570274	Intermediate
OTU_2471	KD4-96	0.711111111111111	195	28.29501548547	0.306685567252472	Broad decile
OTU_756	Gaiellales	0.711111111111111	376	7.1687028838115	0.0693112683574326	Intermediate
OTU_6836	Acidimicrobiaceae	0.655555555555556	375	8.132204989305	0.0801371347112921	Intermediate
OTU_2005	KD4-96	0.388888888888889	387	7.93986291251163	0.0779759877810296	Intermediate
OTU_1874	Anaerolineaceae	0.311111111111111	170	6.76471667695881	0.0647720974939192	Intermediate
OTU_3577	Verrucomicrobiaceae	0.366666666666667	173	11.3918514170869	0.116762375472887	Intermediate
OTU_1437	KD4-96	0.911111111111111	493	30.0775773919534	0.326714352718578	Broad decile
OTU_64	Oryzihumus	0.977777777777778	2289	28.0244753282431	0.303645790204979	Broad decile
OTU_1301	Coriobacteriaceae	0.6	272	17.1539130065315	0.181504640522826	Intermediate
OTU_68	DA101 soil group	0.677777777777778	1603	4.05819365797126	0.0343617264940591	Intermediate
OTU_278	Erythrobacteraceae	0.911111111111111	995	22.1567189464008	0.237715943217986	Intermediate
OTU_7181	Nitrospira	0.411111111111111	150	13.8068848060088	0.143897582089986	Intermediate
OTU_11254	Chthonomonadales	0.533333333333333	114	33.3622243411623	0.363620498215306	Broad decile
OTU_29	JG37-AG-4	0.922222222222222	3879	4.94778627759214	0.0443571491864286	Intermediate
OTU_1393	OM1 clade	0.111111111111111	149	1.30098672592642	0.00338187332501597	Narrow decile
OTU_777	Subgroup 6	0.866666666666667	699	21.5514417330278	0.230915075651997	Intermediate
OTU_1531	Anaerolineaceae	0.377777777777778	266	8.49912332090901	0.0842598125944832	Intermediate
OTU_3214	Subgroup 17	0.422222222222222	290	7.28148703007796	0.0705785059559321	Intermediate
OTU_4008	JG30-KF-CM66	0.455555555555556	103	16.4267555705015	0.173334332252826	Intermediate
OTU_1663	KD4-96	0.7	214	38.5641182482291	0.422068744362124	Broad decile
OTU_4234	Subgroup 7	0.855555555555556	576	22.7032333846948	0.243856554884211	Intermediate
OTU_12301	Anaerolineaceae	0.366666666666667	115	9.76433913466342	0.0984757206141957	Intermediate
OTU_715	Subgroup 7	0.633333333333333	439	8.99139298483149	0.089790932413837	Intermediate
OTU_11335	TRA3-20	0.477777777777778	126	22.5055172268778	0.241635025021099	Intermediate
OTU_13098	Acidimicrobiaceae	0.566666666666667	132	25.2483729579802	0.272453628741351	Intermediate
OTU_2126	Nitrospiraceae	0.755555555555556	476	8.27206209120802	0.0817085628225621	Intermediate
OTU_911	Anaerovorax	0.4	229	6.12150869168411	0.0575450414795967	Intermediate
OTU_2489	Bradyrhizobium	0.588888888888889	144	19.1887851567227	0.204368372547446	Intermediate
OTU_3130	Sh765B-TzT-29	0.522222222222222	533	15.8952715040152	0.16736260116871	Intermediate
OTU_1998	Truepera	0.588888888888889	311	4.32294964392352	0.0373365128530733	Intermediate
OTU_854	Chloroflexi	0.755555555555556	1441	15.4225438676052	0.162051054692194	Intermediate
OTU_552	Nocardioides	0.422222222222222	142	11.8111775860856	0.121473905461636	Intermediate
OTU_1138	Pirellula	0.666666666666667	367	15.8661456483762	0.167035344363777	Intermediate
OTU_4348	KD4-96	0.455555555555556	304	15.2399870473863	0.159999854465014	Intermediate
OTU_896	JG30-KF-CM66	0.488888888888889	466	9.30650086171678	0.0933314703563684	Intermediate
OTU_1557	Sva0485	0.733333333333333	224	5.36786213863477	0.0490771026812896	Intermediate
OTU_4107	MB-A2-108	0.255555555555556	131	4.76133503680675	0.0422621914247949	Intermediate
OTU_759	BVA59	0.444444444444444	117	10.1560276814538	0.102876715521953	Intermediate
OTU_6887	Acidimicrobiales	0.4	114	14.8767433279811	0.155918464359338	Intermediate
OTU_1544	OM1 clade	0.277777777777778	161	9.52817305160366	0.0958221691191423	Intermediate
OTU_7665	Paracocccus	0.511111111111111	170	17.077924912556	0.180650841714113	Intermediate
OTU_4244	SC-I-84	0.555555555555556	143	12.7685276680371	0.132230647955473	Intermediate
OTU_2846	A0839	0.477777777777778	152	18.795544401318	0.199949937093461	Intermediate
OTU_2575	OPB35 soil group	0.8	397	19.201684260943	0.204513306302731	Intermediate
OTU_3264	Nitrospiraceae	0.477777777777778	340	5.0125101375331	0.0450843835677876	Intermediate
OTU_5282	Subgroup 7	0.666666666666667	316	21.7419433598475	0.233055543369073	Intermediate
OTU_616	Acidobacteriaceae (Subgroup 1)	0.766666666666667	1028	15.8461494760209	0.166810668269898	Intermediate
OTU_1867	KD4-96	0.833333333333333	636	13.7490400497658	0.143247641008605	Intermediate
OTU_257	Gaiellales	0.522222222222222	270	11.1702105777336	0.114272028963299	Intermediate
OTU_829	Christensenellaceae R-7 group	0.677777777777778	216	32.792275855836	0.357216582649843	Broad decile
OTU_4231	Subgroup 6	0.433333333333333	129	17.7161753901591	0.187822195395046	Intermediate
OTU_9593	Draconibacteriaceae	0.466666666666667	283	10.2073022629538	0.103452834415211	Intermediate
OTU_1831	Subgroup 6	0.477777777777778	507	15.9001235527274	0.167417118569971	Intermediate
OTU_4325	Acidobacteriaceae (Subgroup 1)	0.366666666666667	180	6.30215682376128	0.0595747957725986	Intermediate
OTU_2355	Rhodobacteraceae	0.688888888888889	462	12.6805672050572	0.13124232814671	Intermediate
OTU_1360	Bryobacter	0.488888888888889	431	12.8526905635291	0.133176298466619	Intermediate
OTU_1792	Altererythrobacter	0.555555555555556	335	10.7407619203156	0.109446763149613	Intermediate
OTU_1337	Thiobacillus	0.466666666666667	221	10.5686609294359	0.107513044150965	Intermediate
OTU_838	Sphingomonas	0.5	388	4.59783042826104	0.040425060991697	Intermediate
OTU_1219	Desulfuromonadales	0.588888888888889	203	21.4862819213033	0.230182942935992	Intermediate
OTU_10167	Cellulomonas	0.788888888888889	377	23.8755183031254	0.257028295540734	Intermediate
OTU_92	WCHB1-69	0.711111111111111	1440	12.0061645437075	0.123664770154017	Intermediate
OTU_821	Noviherbaspirillum	0.811111111111111	998	26.6037010918026	0.287682034739355	Intermediate
OTU_3881	SC-I-84	0.222222222222222	148	4.57265755603479	0.040142219730728	Intermediate
OTU_454	Gaiella	0.711111111111111	927	4.08231172032228	0.0346327159586773	Intermediate
OTU_2796	GR-WP33-30	0.6	134	16.7107454059601	0.17652522928045	Intermediate
OTU_3762	Subgroup 17	0.355555555555556	228	12.8645303949091	0.133309330279877	Intermediate
OTU_1124	WD2101 soil group	0.477777777777778	163	12.8361383049463	0.132990318033105	Intermediate
OTU_13919	Nitrospinaceae	0.4	108	6.84646051137891	0.0656905675435832	Intermediate
OTU_2402	GR-WP33-30	0.577777777777778	106	28.0369640214401	0.30378611260045	Broad decile
OTU_219	Xanthomonadaceae	0.888888888888889	2791	12.0796909164258	0.124490909173324	Intermediate
OTU_3632	MB-A2-108	0.6	183	18.6457472637966	0.198266823188726	Intermediate
OTU_903	LD-RB-34	0.588888888888889	532	10.0727350320656	0.101940843056917	Intermediate
OTU_2167	Acidobacteriaceae (Subgroup 1)	0.233333333333333	155	3.11434954881216	0.0237567365035074	Narrow decile
OTU_5157	Pseudonocardia	0.444444444444444	106	20.2410808656908	0.216191919839223	Intermediate
OTU_1780	Subgroup 6	0.422222222222222	247	12.5266695348894	0.129513140841454	Intermediate
OTU_6203	Comamonadaceae	0.777777777777778	285	32.2789805745159	0.351449219938381	Broad decile
OTU_1297	KD4-96	0.477777777777778	1157	5.5367255443371	0.0509744443183944	Intermediate
OTU_2615	Peptoclostridium	0.555555555555556	247	7.82915248269485	0.0767320503673579	Intermediate
OTU_1139	Desulfuromonas	0.733333333333333	594	18.433211135052	0.195878776798337	Intermediate
OTU_2747	Anaerolineaceae	0.311111111111111	145	12.3517145065916	0.127547354006648	Intermediate
OTU_922	Christensenellaceae R-7 group	0.4	214	2.49568276531821	0.0168054243294181	Narrow decile
OTU_909	Chitinophaga	0.433333333333333	483	12.6772562782	0.131205126721348	Intermediate
OTU_1240	DA101 soil group	0.733333333333333	663	9.552949152095	0.0961005522707303	Intermediate
OTU_3484	Chloroflexi	0.5	305	13.2627487216086	0.137783693501221	Intermediate
OTU_248	Haliangium	0.7	188	34.5306853004812	0.376749273039115	Broad decile
OTU_2583	Acidimicrobiales	0.588888888888889	161	17.4029339126548	0.184302628232077	Intermediate
OTU_2142	Anaerolineaceae	0.511111111111111	300	7.9996192818206	0.0786474076609056	Intermediate
OTU_1032	Solirubrobacter	0.566666666666667	241	6.94712519448629	0.0668216313987223	Intermediate
OTU_1363	Paracocccus	0.788888888888889	963	19.2421854413862	0.204968375745912	Intermediate
OTU_3872	S0134 terrestrial group	0.466666666666667	226	16.7845505214033	0.177354500240486	Intermediate
OTU_613	Lysobacter	0.466666666666667	137	7.63839276332143	0.0745886827339487	Intermediate
OTU_9409	Chitinophagaceae	0.477777777777778	145	24.8377068428816	0.267839402729006	Intermediate
OTU_5162	CL500-29 marine group	0.688888888888889	385	26.4793588712097	0.286284931137188	Intermediate
OTU_3009	Pir4 lineage	0.188888888888889	126	3.98699199159124	0.0335617077706881	Intermediate
OTU_10384	Devosia	0.311111111111111	115	7.64598823792384	0.0746740251452117	Intermediate
OTU_1635	Subgroup 7	0.622222222222222	440	8.61119051936985	0.0855189945996613	Intermediate
OTU_155	Rhodobacteraceae	0.9	1568	14.7477099887818	0.154468651559346	Intermediate
OTU_321	Subgroup 6	0.655555555555556	440	14.531890226873	0.152043710414303	Intermediate
OTU_6295	Subgroup 6	0.622222222222222	171	17.2001546329767	0.182024209359289	Intermediate
OTU_2389	Subgroup 6	0.822222222222222	283	34.6443599706546	0.378026516524209	Broad decile
OTU_2416	KD4-96	0.622222222222222	151	28.2016562171651	0.30563658670972	Broad decile
OTU_453	Robiginitalea	0.4	838	3.67498740650128	0.0300560382752952	Narrow decile
OTU_2365	Acidothermus	0.422222222222222	178	11.2988069063421	0.115716931531933	Intermediate
OTU_9102	Illumatobacter	0.644444444444444	402	8.7306296838767	0.0868610076840078	Intermediate
OTU_5904	S-BQ2-57 soil group	0.444444444444444	318	9.97527203174453	0.100845753165669	Intermediate
OTU_191	B1-7BS	0.733333333333333	181	13.1651277281521	0.136686828406203	Intermediate
OTU_9060	Bacteroidetes vadinHA17	0.422222222222222	135	6.6222005876931	0.0631707931201472	Intermediate
OTU_5237	Soil Crenarchaeotic Group(SCG)	0.322222222222222	165	3.96719761686401	0.0333392990658877	Intermediate
OTU_3592	RB41	0.755555555555556	610	9.81486242190516	0.0990433979989344	Intermediate
OTU_3491	Anaerolineaceae	0.466666666666667	300	7.53814894636643	0.0734623477119823	Intermediate
OTU_2497	KD4-96	0.6	136	18.9829295079223	0.202055387729464	Intermediate
OTU_8393	Gaiellales	0.477777777777778	209	14.1643844662352	0.14791443220489	Intermediate
OTU_898	Gemmatimonas	0.588888888888889	338	24.3764001015372	0.262656180916148	Intermediate
OTU_4185	Turicibacter	0.333333333333333	119	3.72386246011882	0.0306051961811103	Intermediate
OTU_8993	Gemmatimonadaceae	0.322222222222222	112	12.650654325975	0.130906228381741	Intermediate
OTU_222	Blastocatella	0.488888888888889	1172	3.82002490309195	0.0316856730684489	Intermediate
OTU_3386	AKYG1722	0.377777777777778	135	17.0812379000968	0.180688066293223	Intermediate
OTU_10626	Candidatus Solibacter	0.6	422	14.4047596673854	0.150615277161634	Intermediate
OTU_641	S085	0.544444444444444	140	22.3715406554927	0.240129670286435	Intermediate
OTU_731	Sphingomonas	0.611111111111111	261	8.42028224700243	0.0833739578314879	Intermediate
OTU_4419	Armatimonadetes	0.522222222222222	111	30.3831466731012	0.330147715428103	Broad decile
OTU_2665	Betaproteobacteria	0.433333333333333	202	11.6711463526423	0.119900520816206	Intermediate
OTU_4227	480-2	0.411111111111111	115	6.55432106066816	0.0624081018052602	Intermediate
OTU_2269	JG30a-KF-32	0.0777777777777778	111	2.11432130721031	0.0125204641259586	Narrow decile
OTU_12661	Latescibacteria	0.466666666666667	103	21.3093862978093	0.228195351660779	Intermediate
OTU_2120	Acidaminobacter	0.4	117	18.7210757440527	0.199113210607334	Intermediate
OTU_5221	Planctomycetaceae	0.466666666666667	164	19.528209281447	0.208182126757831	Intermediate
OTU_2285	Sva0071	0.244444444444444	326	4.27975457923955	0.0368511750476354	Intermediate
OTU_1224	Xanthobacteraceae	0.6	211	16.3166714724441	0.172097432274653	Intermediate
OTU_4501	AKYG1722	0.377777777777778	239	8.21068973061904	0.0810189857372926	Intermediate
OTU_960	SC-I-84	0.655555555555556	377	8.14290132118963	0.0802573182156138	Intermediate
OTU_3087	Hoeflea	0.744444444444444	342	22.8588450772276	0.245605000867726	Intermediate
OTU_2092	Candidatus Microthrix	0.522222222222222	140	26.365912360335	0.285010251239719	Intermediate
OTU_3243	Bauldia	0.444444444444444	158	7.67288623860121	0.0749762498719237	Intermediate
OTU_1023	Anaerolineaceae	0.522222222222222	227	12.8713542660613	0.133386002989453	Intermediate
OTU_2051	Caldilineaceae	0.477777777777778	185	16.4309126245888	0.173381040725717	Intermediate
OTU_645	Oceanimonas	0.144444444444444	245	2.02798259458468	0.0115503662312886	Narrow decile
OTU_725	Levilinea	0.355555555555556	108	14.8342667157369	0.155441199053223	Intermediate
OTU_1029	480-2	0.733333333333333	255	32.3830785765688	0.352618860410886	Broad decile
OTU_1807	Altererythrobacter	0.5	138	22.0593532724399	0.236621946881348	Intermediate
OTU_279	Anaerolineaceae	0.522222222222222	118	25.9601734106014	0.28045138663597	Intermediate
OTU_225	Variibacter	1	1392	13.4501300933076	0.139889102171995	Intermediate
OTU_884	Bacteroidetes vadinHA17	0.655555555555556	613	8.41131996389938	0.0832732580213413	Intermediate
OTU_213	Aestuariibaculum	0.433333333333333	629	2.647815445328	0.0185147802845842	Narrow decile
OTU_8559	OPB35 soil group	0.366666666666667	100	9.33707970961428	0.0936750529170144	Intermediate
OTU_2625	TK10	0.311111111111111	106	16.1747008233248	0.170502256441852	Intermediate
OTU_2097	Gaiellales	0.466666666666667	206	12.9862841175045	0.134677349634882	Intermediate
OTU_1299	OPB35 soil group	0.611111111111111	412	20.1364537836542	0.2150163346478	Intermediate
OTU_2033	Anaerolineaceae	0.233333333333333	349	5.34634108438205	0.0488352930829444	Intermediate
OTU_3969	Subgroup 6	0.477777777777778	226	13.8100681666308	0.143933350186863	Intermediate
OTU_8907	Acidimicrobiales	0.277777777777778	148	10.3569584875416	0.105134365028558	Intermediate
OTU_914	Acidimicrobiales	0.366666666666667	107	8.62083861253233	0.0856274001408127	Intermediate
OTU_3096	Nitrosomonadaceae	0.477777777777778	136	16.5101541275482	0.174271394691552	Intermediate
OTU_3711	Anaerolinea	0.411111111111111	139	19.5061791852482	0.207934597587058	Intermediate
OTU_4434	Subgroup 6	0.377777777777778	185	7.8962487347759	0.0774859408401786	Intermediate
OTU_306	Acidimicrobiales	0.744444444444444	469	17.9511520324598	0.190462382387189	Intermediate
OTU_9579	Subgroup 6	0.4	217	11.5131051451939	0.118124776912291	Intermediate
OTU_1062	Candidatus Solibacter	0.5	456	10.6207363768694	0.108098161537858	Intermediate
OTU_2628	KD4-96	0.444444444444444	145	8.38626421768676	0.0829917327829973	Intermediate
OTU_1296	Nitrosomonadaceae	0.9	1531	14.1571570381244	0.147833225147465	Intermediate
OTU_110	Chitinophagaceae	0.744444444444444	417	16.7847161181113	0.177356360877655	Intermediate
OTU_3985	Bacteroidetes	0.6	274	26.770045051792	0.289551067997663	Broad decile
OTU_1657	Hyphomicrobium	0.866666666666667	329	52.7319745839642	0.581258141392856	Broad decile
OTU_63	Draconibacteriaceae	0.9	2518	2.51584428143307	0.0170319582183491	Narrow decile
OTU_1256	Subgroup 7	0.477777777777778	290	17.9366515417587	0.190299455525378	Intermediate
OTU_58	Pseudomonas	0.7	2993	3.75704510204764	0.0309780348544679	Intermediate
OTU_2740	DA101 soil group	0.433333333333333	246	11.2358833778882	0.115009925594249	Intermediate
OTU_11205	KD4-96	0.466666666666667	119	19.515148337852	0.208035374582607	Intermediate
OTU_2061	Candidatus Solibacter	0.288888888888889	148	7.64563005047363	0.0746700005671194	Intermediate
OTU_6787	DA101 soil group	0.377777777777778	249	6.96566467370354	0.0670299401539724	Intermediate
OTU_7136	Gillisia	0.388888888888889	373	2.05862268544964	0.0118946369151645	Narrow decile
OTU_1584	Desulfuromonadales	0.633333333333333	235	21.491244514517	0.230238702410303	Intermediate
OTU_644	Methylococcaceae	0.455555555555556	257	5.44203895804128	0.0499105500903514	Intermediate
OTU_7652	Gemmatimonadaceae	0.266666666666667	106	9.14589423991996	0.0915269015721344	Intermediate
OTU_5717	Bauldia	0.311111111111111	106	10.1652490909155	0.102980326864219	Intermediate
OTU_12201	Subgroup 7	0.588888888888889	151	22.2118025963905	0.238334860633601	Intermediate
OTU_1278	Anaeromyxobacter	0.344444444444444	135	8.72025119401368	0.086744395438356	Intermediate
OTU_1000	Phenylobacterium	0.655555555555556	371	11.7778781118969	0.121099754066257	Intermediate
OTU_2397	Bacteroidetes vadinHA17	0.522222222222222	122	25.9357731180983	0.280177226046049	Intermediate
OTU_6831	KD4-96	0.588888888888889	142	28.4162217956187	0.308047435905828	Broad decile
OTU_9234	Sphingomonas	0.7	268	19.7764074615614	0.210970870354623	Intermediate
OTU_1756	Rhizobiales	0.611111111111111	181	24.1989447731607	0.26066230082203	Intermediate
OTU_507	Anaerolineaceae	0.488888888888889	518	10.153381605612	0.102846984332719	Intermediate
OTU_8453	BD2-11 terrestrial group	0.233333333333333	159	6.53881368547541	0.0622338616345551	Intermediate
OTU_495	Sphingomonas	0.777777777777778	208	17.0600526188331	0.180450029425091	Intermediate
OTU_6913	Pla1 lineage	0.533333333333333	107	26.0631633378697	0.281608576829996	Intermediate
OTU_1161	RB41	0.255555555555556	232	2.04816491796617	0.0117771339097322	Narrow decile
OTU_4508	Draconibacteriaceae	0.244444444444444	198	3.98834661695377	0.0335769282803794	Intermediate
OTU_3668	Gemmatimonadaceae	0.488888888888889	142	7.23056043583463	0.0700062970318498	Intermediate
OTU_1821	Subgroup 7	0.688888888888889	528	15.5632411662429	0.163631923216213	Intermediate
OTU_8935	Chthoniobacter	0.544444444444444	326	19.8487674823001	0.211783904295506	Intermediate
OTU_3212	Parcubacteria	0.488888888888889	216	11.9301550391796	0.122810730777299	Intermediate
OTU_1763	WCHB1-41	0.633333333333333	215	32.710127469738	0.356293567075708	Broad decile
OTU_9040	Nitrospira	0.488888888888889	147	10.6185842647356	0.108073980502647	Intermediate
OTU_176	Acidobacteriaceae (Subgroup 1)	0.8	1559	12.9621898061114	0.13440662703496	Intermediate
OTU_2896	Erythrobacteraceae	0.644444444444444	659	11.9059764815788	0.122539061590773	Intermediate
OTU_796	PAUC26f	0.633333333333333	555	8.92467868993593	0.0890413335947857	Intermediate
OTU_280	Acidobacteriaceae (Subgroup 1)	0.455555555555556	721	7.90108857039148	0.0775403210156347	Intermediate
OTU_2226	0319-6M6	0.533333333333333	140	18.4434116010208	0.195993388775514	Intermediate
OTU_2278	PAUC43f marine benthic group	0.466666666666667	430	3.63185542738814	0.029571409296496	Narrow decile
OTU_11880	Arthrobacter	0.477777777777778	287	9.07352776336506	0.0907137950939895	Intermediate
OTU_3763	SJA-28	0.366666666666667	144	13.2769882221865	0.137943687889736	Intermediate
OTU_13652	Gaiellales	0.344444444444444	105	10.9436208947303	0.11172607746888	Intermediate
OTU_66	Erythrobacter	0.711111111111111	1906	3.45053134559521	0.0275340600628675	Narrow decile
OTU_907	Anaerolineaceae	0.511111111111111	432	5.42993620176769	0.0497745640648055	Intermediate
OTU_188	OM1 clade	0.555555555555556	1746	4.5600050033381	0.040000056217282	Intermediate
OTU_1706	Acidimicrobiales	0.744444444444444	324	14.2383019004403	0.148744965173487	Intermediate
OTU_7039	Verrucomicrobiaceae	0.422222222222222	133	11.6844611971372	0.12005012581053	Intermediate
OTU_2035	M20-Pitesti	0.688888888888889	608	20.3483256513983	0.217396917431441	Intermediate
OTU_2441	Arenimonas	0.544444444444444	139	19.3887090757602	0.206614708716407	Intermediate
OTU_3651	Brevundimonas	0.644444444444444	369	19.9512717020457	0.212935637101637	Intermediate
OTU_3570	RB41	0.711111111111111	732	18.169598673897	0.192916839032551	Intermediate
OTU_2800	Hydrogenophilaceae	0.4	147	9.81422897082436	0.0990362805710602	Intermediate
OTU_981	Acidobacteriaceae (Subgroup 1)	0.4	224	5.4655608384096	0.0501748408810068	Intermediate
OTU_1829	Rhodobacteraceae	0.311111111111111	209	12.2378704856169	0.126268207703561	Intermediate
OTU_3476	Anaerolineaceae	0.266666666666667	258	2.9387294732806	0.0217834772278719	Narrow decile
OTU_1153	WD2101 soil group	0.177777777777778	111	4.21962467772406	0.0361755581766749	Intermediate
OTU_2090	Defluviicoccus	0.511111111111111	424	1.62991300779733	0.00707767424491387	Narrow decile
OTU_2501	SJA-28	0.777777777777778	406	25.4529683511529	0.27475245338374	Intermediate
OTU_10673	Leisingera	0.4	339	8.00563841221255	0.0787150383394669	Intermediate
OTU_1359	Bryobacter	0.233333333333333	206	5.30362366530722	0.0483553220821036	Intermediate
OTU_1705	Haliangium	0.488888888888889	131	15.368261229866	0.161441137414225	Intermediate
OTU_2413	Subgroup 6	0.855555555555556	581	28.2173287193283	0.305812682239644	Broad decile
OTU_9573	Sulfuricurvum	0.322222222222222	108	5.93761328086404	0.0554788009085848	Intermediate
OTU_9726	Gaiellales	0.533333333333333	118	31.7913002638491	0.345969665885945	Broad decile
OTU_5138	GR-WP33-30	0.611111111111111	117	34.6147618651737	0.377693953541277	Broad decile
OTU_831	vadinBC27 wastewater-sludge group	0.3	140	3.94835270377622	0.0331275584693958	Intermediate
OTU_405	Nitrospiraceae	0.477777777777778	112	9.44817272891861	0.0949232890889732	Intermediate
OTU_2577	OPB35 soil group	0.555555555555556	220	8.93842022040047	0.0891957328134885	Intermediate
OTU_766	Nitrosomonadaceae	0.488888888888889	185	14.982443034411	0.157106101510236	Intermediate
OTU_2053	Planctomyces	0.377777777777778	173	16.5226298407201	0.174411571244046	Intermediate
OTU_5106	Acidobacteriaceae (Subgroup 1)	0.455555555555556	169	11.9510949322788	0.123046010475043	Intermediate
OTU_520	Acidimicrobiales	0.844444444444444	493	27.3251431547825	0.295788125334635	Broad decile
OTU_258	Holophagaceae	0.844444444444444	489	13.4700742102148	0.1401131933732	Intermediate
OTU_3588	Novosphingobium	0.788888888888889	559	14.0499107139764	0.146628210269398	Intermediate
OTU_1257	Latescibacteria	0.644444444444444	336	11.9598544806749	0.123144432367133	Intermediate
OTU_10585	Rhizobacter	0.677777777777778	139	39.612078801099	0.433843582034821	Broad decile
OTU_1631	Chitinophagaceae	0.2	126	3.21028275948365	0.0248346377470073	Narrow decile
OTU_1942	Anaerolineaceae	0.322222222222222	150	7.46218085983069	0.0726087737059628	Intermediate
OTU_1460	TRA3-20	0.733333333333333	296	31.7851508428826	0.345900571268344	Broad decile
OTU_7537	Anaerolineaceae	0.288888888888889	122	13.5563607842581	0.141082705441102	Intermediate
OTU_10263	SB-5	0.3	122	13.0047940429428	0.1348853263252	Intermediate
OTU_1351	Methylobacteriaceae	0.7	295	11.2897730809531	0.115615427875878	Intermediate
OTU_4953	Candidatus Solibacter	0.422222222222222	113	16.5417469875459	0.174626370646584	Intermediate
OTU_2314	Hydrogenedentes	0.322222222222222	106	8.41314133379344	0.0832937228516116	Intermediate
OTU_1050	Roseiflexus	0.244444444444444	133	3.91345928482545	0.0327354975823085	Intermediate
OTU_1304	Sphingomonas	0.8	713	24.9907126116594	0.26955856867033	Intermediate
OTU_2690	Gaiellales	0.477777777777778	227	12.9609278633866	0.13439244790322	Intermediate
OTU_364	Bacteroidetes vadinHA17	0.566666666666667	1107	6.49777514103807	0.0617727543936862	Intermediate
OTU_1063	Xanthomonadaceae	0.377777777777778	119	12.5730237102747	0.130033974272749	Intermediate
OTU_4792	Woodsholea	0.433333333333333	127	21.1577498201523	0.226491571012947	Intermediate
OTU_8012	TRA3-20	0.466666666666667	130	9.66459710900202	0.0973550236966519	Intermediate
OTU_10247	Bacteroidetes vadinHA17	0.3	220	4.00284160901593	0.0337397933597296	Intermediate
OTU_3602	Opitutus	0.555555555555556	245	14.3025547004463	0.149466906746587	Intermediate
OTU_6433	KD4-96	0.455555555555556	102	16.8138497687554	0.177683705266914	Intermediate
OTU_3624	Chloroflexi	0.444444444444444	204	13.6871098027106	0.142551795536074	Intermediate
OTU_4512	Acetobacteraceae	0.388888888888889	177	12.61925786617	0.130553459170449	Intermediate
OTU_882	Anaerolineaceae	0.388888888888889	457	6.69334849819485	0.0639702078448859	Intermediate
OTU_931	Anaerolineaceae	0.522222222222222	138	20.6983132996357	0.221329362917256	Intermediate
OTU_1091	Sh765B-TzT-29	0.588888888888889	176	20.9483538494486	0.224138807297175	Intermediate
OTU_1806	Flavisolibacter	0.377777777777778	219	9.73949394895426	0.0981965612242051	Intermediate
OTU_2964	Sideroxydans	0.5	145	21.0488875455541	0.225268399388248	Intermediate
OTU_10820	Proteiniclasticum	0.422222222222222	216	3.51826862165992	0.0282951530523587	Narrow decile
OTU_418	Anoxynatronum	0.433333333333333	287	1.81194992064241	0.0091230328162068	Narrow decile
OTU_984	Anaerolineaceae	0.511111111111111	548	8.23694621210837	0.0813140023832401	Intermediate
OTU_4241	Gaiellales	0.366666666666667	132	11.594531513219	0.119039679923809	Intermediate
OTU_3428	Bryobacter	0.277777777777778	183	6.55948507659857	0.0624661244561637	Intermediate
OTU_237	Gaiellales	0.822222222222222	1251	18.7329737673705	0.19924689626259	Intermediate
OTU_8828	Candidatus Anammoximicrobium	0.311111111111111	138	11.4007874512837	0.116862780351502	Intermediate
OTU_3560	Bacteroidetes vadinHA17	0.6	251	13.6388356634115	0.142009389476534	Intermediate
OTU_1983	Xanthomonadales	0.455555555555556	249	7.56234040610127	0.0737341618663064	Intermediate
OTU_3524	RB41	0.3	177	5.85268843604697	0.0545245891690671	Intermediate
OTU_452	RB41	0.711111111111111	911	8.46390952553718	0.0838641519723279	Intermediate
OTU_10337	Anaerolineaceae	0.388888888888889	284	9.74007560452797	0.0982030966800896	Intermediate
OTU_2975	S085	0.6	216	15.7287910653629	0.165492034442279	Intermediate
OTU_2333	Sva1033	0.333333333333333	168	8.34064491521244	0.0824791563507015	Intermediate
OTU_5698	Planctomycetaceae	0.666666666666667	343	19.3919540104474	0.206651168656712	Intermediate
OTU_572	Subgroup 6	0.8	772	7.16712197866108	0.0692935053782144	Intermediate
OTU_7108	Planctomyces	0.333333333333333	174	12.02648431539	0.123893082195393	Intermediate
OTU_1262	OM1 clade	0.411111111111111	442	5.78709925679695	0.0537876320988422	Intermediate
OTU_1211	Roseomonas lacus	0.766666666666667	304	23.8789186772891	0.257066501992013	Intermediate
OTU_13123	Anaerolineaceae	0.255555555555556	101	9.03774540419929	0.0903117461145988	Intermediate
OTU_1824	OM190	0.322222222222222	325	8.33673506136689	0.0824352254086167	Intermediate
OTU_3654	Opitutus	0.511111111111111	275	30.769143970723	0.334484763715989	Broad decile
OTU_3722	Desulfobulbus	0.4	110	14.0010962128725	0.146079732728905	Intermediate
OTU_2716	Coriobacteriaceae	0.266666666666667	277	5.57265307748952	0.0513781244661744	Intermediate
OTU_780	Chitinophagaceae	0.433333333333333	243	8.67650748970659	0.0862528931427706	Intermediate
OTU_3914	Subgroup 2	0.322222222222222	126	7.61093130736352	0.0742801270490283	Intermediate
OTU_7819	Bradyrhizobiaceae	0.811111111111111	243	35.6537000352233	0.389367416126104	Broad decile
OTU_7765	Filomicrobium	0.411111111111111	135	22.8395323123191	0.245388003509204	Intermediate
OTU_688	Pedosphaera	0.255555555555556	148	7.14455284436516	0.0690399195996086	Intermediate
OTU_583	Xanthomonadales Incertae Sedis	0.577777777777778	203	16.9240035630387	0.178921388348749	Intermediate
OTU_13357	Sphingomonadaceae	0.477777777777778	107	16.1300620378067	0.170000697054008	Intermediate
OTU_8034	Rhodobacteraceae	0.288888888888889	133	14.9595983673466	0.156849419857827	Intermediate
OTU_3846	Pedobacter	0.466666666666667	206	13.0245264800518	0.135107039101706	Intermediate
OTU_12232	Subgroup 6	0.433333333333333	169	7.91870608752202	0.0777382706463149	Intermediate
OTU_3824	Aminicenantes	0.288888888888889	122	8.52517566817905	0.0845525355975174	Intermediate
OTU_3688	Cellulomonas	0.577777777777778	160	16.283338875648	0.171722908715147	Intermediate
OTU_2241	Gaiellales	0.566666666666667	196	16.36148980158	0.172601009006517	Intermediate
OTU_1229	Anaerolineaceae	0.411111111111111	194	9.23729453340533	0.0925538711618576	Intermediate
OTU_1192	BSV13	0.433333333333333	273	14.1409713029343	0.147651362954318	Intermediate
OTU_1479	Paracocccus	0.477777777777778	125	19.7761985001932	0.210968522474081	Intermediate
OTU_1031	Lysobacter	0.466666666666667	125	5.85993509292198	0.0546060122800223	Intermediate
OTU_129	Anaerolineaceae	0.422222222222222	389	1.84242527725698	0.00946545255344925	Narrow decile
OTU_3545	Acetobacteraceae	0.355555555555556	205	13.7025523941361	0.142725307799282	Intermediate
OTU_235	BSV26	0.666666666666667	760	6.9755073146312	0.0671405316250696	Intermediate
OTU_1463	Draconibacteriaceae	0.411111111111111	200	9.83170594751015	0.0992326510956197	Intermediate
OTU_3742	Anaerolineaceae	0.0777777777777778	100	1.42012308646641	0.00472048411760008	Narrow decile
OTU_674	WCHB1-32	0.766666666666667	959	17.6529715696031	0.1871120401079	Intermediate
OTU_542	Candidatus Solibacter	0.488888888888889	360	10.9358721540643	0.111639012967015	Intermediate
OTU_5890	MB-A2-108	0.166666666666667	136	3.62956960681661	0.0295457259192878	Narrow decile
OTU_732	ABS-19	0.388888888888889	205	4.63564664493034	0.0408499623025881	Intermediate
OTU_3791	SC-I-84	0.566666666666667	127	28.6219309860075	0.31035877512368	Broad decile
OTU_3746	Anaerolineaceae	0.522222222222222	401	12.8227618211304	0.132840020462139	Intermediate
OTU_8259	Desulfocapsa	0.644444444444444	261	19.8474095066694	0.211768646142353	Intermediate
OTU_348	Youngiibacter	0.677777777777778	963	5.35976226349781	0.04898609284829	Intermediate
OTU_4328	OM1 clade	0.144444444444444	123	2.93913434193206	0.0217880263138434	Narrow decile
OTU_2996	GOUTB8	0.422222222222222	126	16.4415217349683	0.173500244213127	Intermediate
OTU_3970	RB41	0.477777777777778	501	6.52968448418766	0.0621312863391872	Intermediate
OTU_1512	Sphingomonas	0.888888888888889	688	22.7179677049165	0.244022109044006	Intermediate
OTU_2406	Saprospiraceae	0.322222222222222	132	4.84098410112641	0.0431571247317574	Intermediate
OTU_1250	Draconibacteriaceae	0.6	647	10.6506345886692	0.108434096501901	Intermediate
OTU_344	Gemmatimonadaceae	0.633333333333333	137	25.7527700066003	0.278121011310115	Intermediate
OTU_614	Subgroup 6	0.711111111111111	370	18.0633047573461	0.191722525363439	Intermediate
OTU_8219	Syntrophus	0.322222222222222	121	16.441819642111	0.173503591484393	Intermediate
OTU_1500	Sphingomonas	0.677777777777778	254	17.4638728510451	0.184987335405001	Intermediate
OTU_3826	Lysinibacillus	0.277777777777778	124	4.2582469495544	0.0366095162871281	Intermediate
OTU_4080	Nitrosomonadaceae	0.588888888888889	305	21.4005442958689	0.229219598829988	Intermediate
OTU_4321	Planctomycetaceae	0.3	129	5.09316258745613	0.0459905908702936	Intermediate
OTU_1239	Acidaminobacter	0.433333333333333	133	13.4953537514865	0.14039723316277	Intermediate
OTU_3308	Betaproteobacteria	0.222222222222222	166	6.01535621395714	0.0563523170107544	Intermediate
OTU_1658	Anaerolineaceae	0.6	237	18.9802175918996	0.202024916762917	Intermediate
OTU_4515	KD4-96	0.333333333333333	225	6.85258451303683	0.0657593765509756	Intermediate
OTU_1859	Bacteroidetes BD2-2	0.555555555555556	482	10.541822960098	0.107211493933686	Intermediate
OTU_886	Subgroup 6	0.788888888888889	761	27.2170657191904	0.294573772125734	Broad decile
OTU_3573	SJA-149	0.466666666666667	224	8.728920469644	0.0868418030297078	Intermediate
OTU_3738	Verrucomicrobiaceae	0.377777777777778	137	8.49333362339605	0.0841947598134387	Intermediate
OTU_2197	OM1 clade	0.155555555555556	134	1.63608988541482	0.00714707736421141	Narrow decile
OTU_2048	CL500-29 marine group	0.5	253	19.6711597890391	0.209788312236394	Intermediate
OTU_7694	OPB35 soil group	0.355555555555556	123	7.31872881206949	0.070996952944601	Intermediate
OTU_1193	Subgroup 6	0.866666666666667	586	25.6510541895471	0.276978136961204	Intermediate
OTU_2072	WCHB1-69	0.4	349	9.44781200772743	0.0949192360418813	Intermediate
OTU_1493	Chthoniobacter	0.744444444444444	522	15.2990915460464	0.160663949955578	Intermediate
OTU_2825	Anaerolineaceae	0.388888888888889	158	7.0251156253238	0.0676979283744247	Intermediate
OTU_10989	HSB OF53-F07	0.233333333333333	273	5.5940820652805	0.0516188996098933	Intermediate
OTU_7960	Pir4 lineage	0.433333333333333	160	16.3119719904549	0.172044629106235	Intermediate
OTU_7214	AT425-EubC11 terrestrial group	0.4	183	12.329237449252	0.127294802800584	Intermediate
OTU_970	Xanthomonadales	0.655555555555556	819	8.31738846072419	0.0822178478733055	Intermediate
OTU_3984	Acidimicrobiales	0.577777777777778	144	23.560094397584	0.253484206714427	Intermediate
OTU_862	Sphingomonadales	0.711111111111111	478	8.79925641176445	0.0876320945142073	Intermediate
OTU_571	BD2-11 terrestrial group	0.355555555555556	310	6.57857589146884	0.0626806279940319	Intermediate
OTU_6811	Thiobacillus	0.666666666666667	172	32.8440495412099	0.357798309451797	Broad decile
OTU_1054	Subgroup 17	0.511111111111111	223	13.1190132779841	0.136168688516675	Intermediate
OTU_3680	Acidimicrobiales	0.588888888888889	132	22.6882861743847	0.243688608700952	Intermediate
OTU_3719	ABS-19	0.366666666666667	143	6.16715603694447	0.058057932999376	Intermediate
OTU_1019	Rhodobiaceae	0.788888888888889	312	13.6406708905331	0.142030010005989	Intermediate
OTU_3555	Sphingomonas	0.533333333333333	165	22.5176172702286	0.241770980564366	Intermediate
OTU_287	Chitinophagaceae	0.533333333333333	213	18.8408273649105	0.200458734437197	Intermediate
OTU_2379	Propionivibrio	0.577777777777778	225	7.54758180424963	0.0735683348792094	Intermediate
OTU_11381	Subgroup 6	0.344444444444444	158	14.9455833750734	0.156691948034532	Intermediate
OTU_108	RB41	0.833333333333333	980	17.1704277079197	0.18169019896539	Intermediate
OTU_1340	Subgroup 6	0.8	594	26.551028647056	0.287090209517483	Intermediate
OTU_601	Acidobacteriaceae (Subgroup 1)	0.844444444444444	543	15.6989724148624	0.165156993425421	Intermediate
OTU_3181	Coriobacteriaceae	0.477777777777778	216	12.6261803809647	0.130631240235558	Intermediate
OTU_1020	Subgroup 6	0.388888888888889	379	3.23742935984795	0.0251396557286287	Narrow decile
OTU_10446	Subgroup 17	0.333333333333333	102	8.96829714936498	0.0895314286445503	Intermediate
OTU_177	Anaerolinea	0.7	1279	10.3168060791326	0.104683214372277	Intermediate
OTU_2762	Anaerolineaceae	0.433333333333333	266	8.0686264058805	0.0794227686053988	Intermediate
OTU_4341	Sh765B-TzT-29	0.166666666666667	105	3.15159649258651	0.0241752414897361	Narrow decile
OTU_215	Flavobacterium	0.244444444444444	443	1.5931082955228	0.00666413815194162	Narrow decile
OTU_801	Subgroup 6	0.822222222222222	754	22.4240229328249	0.240719358795786	Intermediate
OTU_5741	Rhodobiaceae	0.711111111111111	218	32.8717851256753	0.358109945232307	Broad decile
OTU_2209	Massilia	0.688888888888889	347	13.5888705564686	0.141447983780546	Intermediate
OTU_772	WD2101 soil group	0.377777777777778	159	5.96562330287795	0.0557935202570557	Intermediate
OTU_1272	BSV26	0.5	337	10.3186554861497	0.104703994226401	Intermediate
OTU_9277	Ignavibacterium	0.655555555555556	291	17.5745506770497	0.186230906483704	Intermediate
OTU_5113	Candidatus Solibacter	0.311111111111111	106	7.68767473231133	0.0751424127225992	Intermediate
OTU_14	Salinimicrobium	0.388888888888889	1900	2.43921433812442	0.0161709476193755	Narrow decile
OTU_6547	Xanthomonadales	0.422222222222222	180	17.2447825189829	0.182525646280706	Intermediate
OTU_3994	Anaerolinea	0.666666666666667	340	17.6003365704017	0.186520635622491	Intermediate
OTU_1781	Cytophagaceae	0.555555555555556	154	14.2194196375059	0.148532804915796	Intermediate
OTU_234	Methylobacteriaceae	0.833333333333333	1334	14.7081420934782	0.154024068466047	Intermediate
OTU_2993	Bacteroidetes BD2-2	0.544444444444444	663	19.5428434903848	0.208346556071739	Intermediate
OTU_3287	Pelagibius	0.444444444444444	258	12.4545293549052	0.128702577021407	Intermediate
OTU_1643	Rhizobiales	0.633333333333333	461	15.1128065342435	0.15857085993532	Intermediate
OTU_1703	Brevundimonas	0.588888888888889	234	17.2860075158791	0.182988848493024	Intermediate
OTU_741	ABS-19	0.7	233	27.4954297724376	0.297701458117276	Broad decile
OTU_3510	Anaerolineaceae	0.266666666666667	143	5.01816132106567	0.0451478800119738	Intermediate
OTU_871	Anaerolinea	0.3	298	7.23562705477291	0.070063225334527	Intermediate
OTU_3834	Demequina	0.455555555555556	129	15.6242488077696	0.16431740233449	Intermediate
OTU_1303	Ruminococcaceae	0.455555555555556	224	8.00499598368948	0.0787078200414548	Intermediate
OTU_6571	Anaerolineaceae	0.266666666666667	129	5.56400885815726	0.0512809984062614	Intermediate
OTU_3532	Desulfobacteraceae	0.355555555555556	157	6.46780284629382	0.0614359870370092	Intermediate
OTU_643	DUNssu044	0.722222222222222	940	8.57960622041598	0.0851641148361345	Intermediate
OTU_1232	Mongoliicoccus	0.1	194	2.26192127982507	0.0141788907845514	Narrow decile
OTU_5923	Anaerolineaceae	0.244444444444444	125	6.12847695975535	0.0576233366264646	Intermediate
OTU_2064	KF-JG30-B3	0.422222222222222	161	15.6015124150761	0.164061937248046	Intermediate
OTU_1182	Gemmatimonadaceae	0.555555555555556	286	6.96503788656022	0.0670228976018002	Intermediate
OTU_2181	Pirellula	0.4	104	20.0890879206797	0.214484133940221	Intermediate
OTU_7127	Sva0485	0.311111111111111	111	12.2465786401729	0.126366052136774	Intermediate
OTU_2185	Subgroup 6	0.377777777777778	121	12.0473946388276	0.124128029649748	Intermediate
OTU_608	Candidatus Solibacter	0.744444444444444	833	16.3304865679358	0.172252658066694	Intermediate
OTU_13488	Subgroup 6	0.4	102	16.7294439462766	0.176735325239063	Intermediate
OTU_425	Flammeovirgaceae	0.622222222222222	1342	5.06996094625002	0.0457298982724722	Intermediate
OTU_603	Subgroup 6	0.577777777777778	146	13.1965824010255	0.137040251696915	Intermediate
OTU_1008	Nitriliruptor	0.266666666666667	152	4.46712280892145	0.0389564360552972	Intermediate
OTU_1662	Roseiflexus	0.488888888888889	132	20.4244534401287	0.218252285844143	Intermediate
OTU_1002	Gemmatimonadaceae	0.466666666666667	115	11.1313077714067	0.113834918779851	Intermediate
OTU_9986	Thiobacillus	0.511111111111111	628	8.13318179124819	0.0801481100140246	Intermediate
OTU_9478	OPB35 soil group	0.266666666666667	135	3.97392541939086	0.0334148923527063	Intermediate
OTU_1368	Acidobacteriaceae (Subgroup 1)	0.355555555555556	398	6.84436832995078	0.0656670598870874	Intermediate
OTU_1120	Nitrosomonadaceae	0.788888888888889	318	36.482103952335	0.398675325307135	Broad decile
OTU_1048	SC-I-84	0.5	180	16.5977848879829	0.175256009977336	Intermediate
OTU_3305	Rhodobacteraceae	0.488888888888889	273	11.2029338638034	0.11463970633487	Intermediate
OTU_3619	BSV13	0.4	250	14.6135536552171	0.152961277024911	Intermediate
OTU_170	Sulfurovum	0.566666666666667	890	10.1436491943069	0.102737631396707	Intermediate
OTU_1395	Rhodobacteraceae	0.411111111111111	328	13.3154912707181	0.138376306412563	Intermediate
OTU_9857	Sh765B-TzT-29	0.488888888888889	118	22.4594299708382	0.241117190683576	Intermediate
OTU_8945	Subgroup 6	0.455555555555556	209	18.5855069548189	0.197589965784482	Intermediate
OTU_12893	JG34-KF-161	0.488888888888889	227	15.5320802344178	0.163281800386717	Intermediate
OTU_7536	Pirellula	0.377777777777778	180	15.2651618086451	0.160282716951069	Intermediate
OTU_525	Comamonadaceae	0.855555555555556	1791	38.4793503795985	0.421116296399983	Broad decile
OTU_1194	Sulfurovum	0.633333333333333	1295	9.35339698643544	0.0938583931060162	Intermediate
OTU_12218	Bacteroidetes vadinHA17	0.266666666666667	113	8.27430532742531	0.0817337677238799	Intermediate
OTU_3993	Dokdonella	0.355555555555556	113	10.258718416938	0.10403054401054	Intermediate
OTU_7557	Bacteroidetes BD2-2	0.488888888888889	414	10.7520744235527	0.109573869927558	Intermediate
OTU_12309	KD4-96	0.555555555555556	340	14.4226360229505	0.150816135089332	Intermediate
OTU_4090	Gaiella	0.233333333333333	146	4.40189944575681	0.0382235892781664	Intermediate
OTU_3012	WCHB1-69	0.311111111111111	122	15.2193670521042	0.159768169124767	Intermediate
OTU_1851	Acidimicrobiaceae	0.888888888888889	1018	25.2916315011	0.272939679787641	Intermediate
OTU_2373	MB-A2-108	0.566666666666667	276	16.6790020370486	0.17616856221403	Intermediate
OTU_1207	Anaerolineaceae	0.444444444444444	396	14.5909970582725	0.152707832115421	Intermediate
OTU_87	Flavobacterium	0.9	4550	6.72149393054965	0.0642864486578612	Intermediate
OTU_4333	BD2-11 terrestrial group	0.211111111111111	259	6.64378022040339	0.0634132609034088	Intermediate
OTU_3466	Desulfobacteraceae	0.255555555555556	260	4.1281592227539	0.035147856435437	Intermediate
OTU_490	Anaerolineaceae	0.311111111111111	160	4.50258282168149	0.0393548631649605	Intermediate
OTU_3649	Chryseobacterium	0.3	328	5.54481744411695	0.0510653645406399	Intermediate
OTU_1880	Bacillus	0.288888888888889	254	3.24116627145858	0.0251816434995346	Narrow decile
OTU_1765	Syntrophobacteraceae	0.366666666666667	316	6.9212233001769	0.0665305988783921	Intermediate
OTU_695	Bacteroidetes vadinHA17	0.533333333333333	245	13.9889771530331	0.145943563517226	Intermediate
OTU_3316	Xanthomonadaceae	0.288888888888889	180	2.79504776585108	0.0201690760207986	Narrow decile
OTU_301	Smithella	0.655555555555556	457	44.4034086096663	0.487678748423217	Broad decile
OTU_1311	WCHB1-69	0.255555555555556	112	4.33778513704495	0.0375032037870219	Intermediate
OTU_9901	Pedobacter	0.511111111111111	410	11.8065038501066	0.121421391574231	Intermediate
OTU_2949	BD2-11 terrestrial group	0.344444444444444	192	8.44265316115148	0.0836253164174324	Intermediate
OTU_2470	Caldilineaceae	0.377777777777778	121	12.9916617236909	0.134737772176303	Intermediate
OTU_8873	Sphingomonadales	0.344444444444444	112	6.99178108220856	0.0673233829461636	Intermediate
OTU_1497	Polymorphobacter	0.522222222222222	236	17.4669312463384	0.185021699397061	Intermediate
OTU_3232	Anaerolineaceae	0.222222222222222	334	5.07783140991966	0.0458183304485355	Intermediate
OTU_5075	Candidatus Solibacter	0.388888888888889	112	11.2411642047034	0.115069260727005	Intermediate
OTU_967	Rhodobacteraceae	0.866666666666667	1541	21.0083308746055	0.224812706456242	Intermediate
OTU_883	Anaerolineaceae	0.222222222222222	337	4.72753265078574	0.0418823893346712	Intermediate
OTU_6492	GOUTB8	0.466666666666667	116	24.6226437942125	0.265422963979916	Intermediate
OTU_489	Subgroup 2	0.444444444444444	685	2.74119672008712	0.0195640080908665	Narrow decile
OTU_1926	Rhodobacteraceae	0.388888888888889	197	5.1451151918859	0.0465743279987179	Intermediate
OTU_3189	Nitrospinaceae	0.244444444444444	184	5.67932326181779	0.0525766658631213	Intermediate
OTU_1175	Chromatiales	0.533333333333333	462	12.8814001199918	0.133498877752716	Intermediate
OTU_6299	Acidimicrobiales	0.366666666666667	107	10.9634792998407	0.111949205616188	Intermediate
OTU_845	BSV26	0.388888888888889	343	4.69574913407631	0.0415252711693967	Intermediate
OTU_366	Chitinophagaceae	0.611111111111111	455	16.8559595406838	0.178156848771728	Intermediate
OTU_5405	Coriobacteriaceae	0.488888888888889	150	19.3571795382248	0.206260444249717	Intermediate
OTU_3508	Acidimicrobiales	0.277777777777778	211	8.90558514412696	0.0888267993722131	Intermediate
OTU_2403	Acidobacteriaceae (Subgroup 1)	0.655555555555556	368	15.3209275481384	0.16090929829369	Intermediate
OTU_1073	Algoriphagus	0.222222222222222	246	3.36770893015078	0.0266034711252897	Narrow decile
OTU_4787	Sh765B-TzT-29	0.6	172	27.9468332160903	0.302773406922363	Broad decile
OTU_6175	Coriobacteriaceae	0.333333333333333	109	3.62748881894821	0.029522346280317	Narrow decile
OTU_6002	Thermomonas	0.188888888888889	110	5.11881475851265	0.046278817511378	Intermediate
OTU_2661	Hyphomicrobiaceae	0.811111111111111	302	47.0596792831047	0.517524486327019	Broad decile
OTU_5412	Candidatus Solibacter	0.622222222222222	156	31.2677080422689	0.340086607216504	Broad decile
OTU_873	Armatimonadetes	0.466666666666667	292	6.77976005294449	0.0649411241903876	Intermediate
OTU_1312	Pirellula	0.411111111111111	127	18.7398056977338	0.199323659525099	Intermediate
OTU_2571	Opitutus	0.4	111	16.9806223833079	0.179557554868628	Intermediate
OTU_5875	Gemmatimonadaceae	0.222222222222222	103	5.96027077688252	0.0557333795155339	Intermediate
OTU_431	Anaerolineaceae	0.411111111111111	831	3.43821943850457	0.0273957240281412	Narrow decile
OTU_938	Rhodobacteraceae	0.555555555555556	582	12.3362148184745	0.127373200207579	Intermediate
OTU_362	Rhodothermaceae	0.222222222222222	351	1.27350301411212	0.00307306757429352	Narrow decile
OTU_905	Gitt-GS-136	0.644444444444444	672	7.89209790753576	0.0774393023318625	Intermediate
OTU_12236	KD4-96	0.622222222222222	785	4.12043313628305	0.0350610464750905	Intermediate
OTU_414	Gaiellales	0.844444444444444	350	12.2446726963748	0.126344637037919	Intermediate
OTU_1197	Aminicenantes	0.277777777777778	181	6.36152617770171	0.0602418671651877	Intermediate
OTU_669	SC-I-84	0.566666666666667	140	6.4087070249557	0.0607719890444461	Intermediate
OTU_1162	Novosphingobium	0.477777777777778	317	13.982963319071	0.145875992349113	Intermediate
OTU_625	Xanthomonadales	0.533333333333333	200	11.374978057082	0.116572787158225	Intermediate
OTU_12339	Anaerolineaceae	0.355555555555556	151	15.0437597721988	0.157795053620211	Intermediate
OTU_3116	Verrucomicrobiaceae	0.455555555555556	494	9.78042563303812	0.0986564677869452	Intermediate
OTU_7000	Rhizobiales	0.433333333333333	102	19.6778492270888	0.209863474461672	Intermediate
OTU_939	Bryobacter	0.444444444444444	243	9.28373420327456	0.0930756652053322	Intermediate
OTU_2089	DA101 soil group	0.5	356	4.86853174162264	0.0434666487822769	Intermediate
OTU_3750	Rhodobacteraceae	0.444444444444444	152	7.44435119861935	0.0724084404339252	Intermediate
OTU_6022	Rhodocyclaceae	0.566666666666667	224	19.3083929575954	0.205712280422421	Intermediate
OTU_460	OM1 clade	0.722222222222222	840	10.9030616322798	0.111270355418874	Intermediate
OTU_274	TM146	0.822222222222222	970	13.1990973760214	0.137068509842937	Intermediate
OTU_1210	Anaerolineaceae	0.377777777777778	720	4.91243434996848	0.0439599365164997	Intermediate
OTU_6991	Blastomonas	0.6	113	37.778406488817	0.413240522346258	Broad decile
OTU_6496	Sh765B-TzT-29	0.544444444444444	111	23.3356448156504	0.250962301299443	Intermediate
OTU_3718	BD2-11 terrestrial group	0.388888888888889	131	13.3517287702479	0.138783469328628	Intermediate
OTU_8103	Saprospiraceae	0.533333333333333	224	21.6065089470003	0.231533808393262	Intermediate
OTU_3061	Luteolibacter	0.4	288	6.78124012170468	0.064957754176457	Intermediate
OTU_634	11-24	0.555555555555556	247	16.8130347370696	0.177674547607524	Intermediate
OTU_711	Cloacibacterium	0.411111111111111	117	8.36097664457894	0.082707602748078	Intermediate
OTU_1061	SC-I-84	0.555555555555556	210	7.31858892370671	0.0709953811652439	Intermediate
OTU_6090	Reyranella	0.488888888888889	114	16.8280146983656	0.177842861779389	Intermediate
OTU_885	Ignavibacteriales	0.577777777777778	794	7.89886832351304	0.0775153744214948	Intermediate
OTU_696	Candidatus Solibacter	0.555555555555556	541	7.99914013283488	0.0786420239644369	Intermediate
OTU_1533	JG30-KF-CM66	0.433333333333333	106	20.8323362199181	0.222835238426046	Intermediate
OTU_1688	CCM11a	0.466666666666667	176	19.453375509362	0.207341297858	Intermediate
OTU_2309	Gaiellales	0.377777777777778	171	11.5247101186408	0.118255169872368	Intermediate
OTU_7205	Lineage IIa	0.366666666666667	179	15.2794224085991	0.160442948411226	Intermediate
OTU_618	SC-I-84	0.7	370	22.6222355291412	0.242946466619564	Intermediate
OTU_5790	Pseudolabrys	0.533333333333333	123	29.3871452150452	0.318956687809496	Broad decile
OTU_3996	Sphingomonas	0.255555555555556	100	8.8917912204618	0.0886718114658629	Intermediate
OTU_76	Cyclobacteriaceae	0.588888888888889	1543	2.58149146107086	0.0177695669783243	Narrow decile
OTU_1251	Azoarcus	0.622222222222222	366	5.99762664936573	0.0561531084198397	Intermediate
OTU_10371	Subgroup 7	0.555555555555556	164	22.8744144349036	0.245779937470827	Intermediate
OTU_1510	Gaiellales	0.555555555555556	248	14.1130836954805	0.147338019050343	Intermediate
OTU_705	RB41	0.833333333333333	931	11.2410324794712	0.115067780668215	Intermediate
OTU_4178	BD2-11 terrestrial group	0.3	236	4.04083481297924	0.0341666832919015	Intermediate
OTU_9428	Beijerinckiaceae	0.666666666666667	136	42.7187686440511	0.468750209483721	Broad decile
OTU_3629	Chloroflexi	0.311111111111111	167	12.2737078201947	0.12667087438421	Intermediate
OTU_11835	JG37-AG-4	0.166666666666667	155	2.18839479330828	0.0133527504866099	Narrow decile
OTU_12606	Halomonas	0.455555555555556	419	8.98083278079909	0.0896722784359449	Intermediate
OTU_10839	Subgroup 6	0.533333333333333	107	23.9341067699147	0.25768659292039	Intermediate
OTU_2361	Bryobacter	0.5	310	15.6563126700757	0.164677670450289	Intermediate
OTU_4997	Chitinophagaceae	0.588888888888889	344	21.6318275021514	0.231818286541027	Intermediate
OTU_3152	Beijerinckiaceae	0.466666666666667	152	16.1481331422108	0.170203743170908	Intermediate
OTU_1422	Methanosarcina	0.433333333333333	117	16.3148341167527	0.172076787828682	Intermediate
OTU_5182	Candidatus Solibacter	0.633333333333333	267	18.7143464535499	0.199037600601685	Intermediate
OTU_1277	S-BQ2-57 soil group	0.255555555555556	191	10.5688519198124	0.107515190110251	Intermediate
OTU_1367	Pirellula	0.477777777777778	155	17.6903713148222	0.187532261964294	Intermediate
OTU_2124	DUNssu044	0.677777777777778	895	4.6130234638349	0.0405957692565719	Intermediate
OTU_1944	CL500-29 marine group	0.444444444444444	247	12.7107445792093	0.131581399766397	Intermediate
OTU_281	Cyclobacteriaceae	0.544444444444444	397	9.68553400618365	0.0975902697324006	Intermediate
OTU_1784	ABS-19	0.533333333333333	363	8.71740643263903	0.0867124318274048	Intermediate
OTU_3306	Proteobacteria	0.666666666666667	770	9.4038849887905	0.0944256740313539	Intermediate
OTU_580	Anaerolineaceae	0.311111111111111	361	1.81517339812467	0.00915925166432219	Narrow decile
OTU_57	Pedobacter	0.822222222222222	5985	11.4441963175813	0.117350520422261	Intermediate
OTU_4789	Pseudomonas	0.444444444444444	272	7.9357356180328	0.0779296136857618	Intermediate
OTU_1341	Soil Crenarchaeotic Group(SCG)	0.377777777777778	159	6.46570137217996	0.0614123749683142	Intermediate
OTU_2854	SC-I-84	0.366666666666667	158	2.9804270195217	0.0222519889833898	Narrow decile
OTU_3245	Coriobacteriaceae	0.688888888888889	316	24.065019764547	0.259157525444348	Intermediate
OTU_958	Rhodobiaceae	0.644444444444444	429	8.4233285685162	0.0834081861631033	Intermediate
OTU_4298	Subgroup 7	0.444444444444444	146	11.8339165865262	0.121729399848609	Intermediate
OTU_2485	Subgroup 6	0.377777777777778	161	7.0737844951112	0.068244769607991	Intermediate
OTU_2659	Subgroup 13	0.222222222222222	111	7.37491086475235	0.0716282119635096	Intermediate
OTU_2149	SJA-28	0.222222222222222	105	10.6524045249672	0.108453983426598	Intermediate
OTU_3748	Bauldia	0.477777777777778	272	10.128927462964	0.102572218684989	Intermediate
OTU_4446	KD4-96	0.755555555555556	425	12.5907195427556	0.130232803851186	Intermediate
OTU_3490	RB41	0.466666666666667	127	13.6887752954085	0.142570508937174	Intermediate
OTU_6321	Thiobacillus	0.377777777777778	185	14.0685364625759	0.146837488343549	Intermediate
OTU_265	JTB255 marine benthic group	0.855555555555556	2712	13.258656457147	0.137737713001652	Intermediate
OTU_954	Gemmatimonas	0.255555555555556	273	2.00469822911771	0.01128874414739	Narrow decile
OTU_864	Xanthomonadales	0.622222222222222	149	22.307017135495	0.239404686915674	Intermediate
OTU_2008	Xanthomonadales	0.477777777777778	210	9.5296882808073	0.0958391941663742	Intermediate
OTU_3164	Croceicoccus	0.4	210	13.2162739495372	0.13726150505098	Intermediate
OTU_4135	Subgroup 7	0.377777777777778	107	3.55848202501264	0.0287469890450859	Narrow decile
OTU_3825	Gaiellales	0.422222222222222	130	12.7909963500156	0.132483105056356	Intermediate
OTU_7511	Desulfuromonas	0.422222222222222	171	11.5547339740003	0.118592516561802	Intermediate
OTU_9093	Anoxynatronum	0.433333333333333	256	3.67172555339199	0.0300193882403595	Narrow decile
OTU_5109	Candidatus Solibacter	0.677777777777778	225	27.7968295559529	0.301087972538796	Broad decile
OTU_917	Salinarimonas	0.7	342	9.80490977700696	0.098931570528168	Intermediate
OTU_2037	DA111	0.388888888888889	215	9.02978695694048	0.0902223253588818	Intermediate
OTU_7677	Sphingomonas	0.811111111111111	215	49.9227906547063	0.549694277019172	Broad decile
OTU_2296	Latescibacteria	0.477777777777778	150	16.0687943049127	0.169312295560817	Intermediate
OTU_506	Roseiflexus	0.588888888888889	286	8.90417204678217	0.0888109218739569	Intermediate
OTU_566	Terrimonas	0.633333333333333	357	20.5954121406588	0.220173170119762	Intermediate
OTU_77	Algoriphagus	0.5	1726	5.21091329277199	0.047313632503056	Intermediate
OTU_2022	Anaerolineaceae	0.555555555555556	370	4.41525948735946	0.0383737021051624	Intermediate
OTU_5050	SC-I-84	0.522222222222222	106	15.5102796154582	0.163036849611889	Intermediate
OTU_7217	Pontibacter	0.466666666666667	258	9.57778044133252	0.0963795555205901	Intermediate
OTU_1348	Nitrospiraceae	0.644444444444444	265	23.6149104464181	0.254100117375484	Intermediate
OTU_4699	WCHB1-69	0.577777777777778	221	16.3075818399402	0.171995301572362	Intermediate
OTU_963	TK10	0.322222222222222	101	13.2770878183786	0.137944806948074	Intermediate
OTU_7843	Anaerolineaceae	0.233333333333333	123	3.85932777715541	0.0321272783950046	Intermediate
OTU_1955	MB-A2-108	0.366666666666667	134	8.31858093752452	0.0822312464890396	Intermediate
OTU_4745	BD2-11 terrestrial group	0.222222222222222	108	3.76142353113979	0.0310272306869639	Intermediate
OTU_1774	Gallionellaceae	0.544444444444444	215	11.0127884392501	0.112503240890451	Intermediate
OTU_8066	IheB3-7	0.288888888888889	166	9.15369199322718	0.0916145167778335	Intermediate
OTU_1561	Porphyromonadaceae	0.466666666666667	101	20.0682706173232	0.214250231655317	Intermediate
OTU_6603	Ellin6055	0.7	398	20.1748777455333	0.215448064556554	Intermediate
OTU_8949	GOUTB8	0.4	135	13.5577829171717	0.141098684462604	Intermediate
OTU_1921	SC-I-84	0.588888888888889	289	23.7780997197012	0.255933704715744	Intermediate
OTU_782	Adhaeribacter	0.655555555555556	195	22.9395250520053	0.246511517438262	Intermediate
OTU_162	AT425-EubC11 terrestrial group	0.366666666666667	752	2.08181773761465	0.0121552554788163	Narrow decile
OTU_2838	Variibacter	0.533333333333333	118	24.9048884881266	0.268594252675579	Intermediate
OTU_946	BD2-11 terrestrial group	0.211111111111111	182	2.13204825741626	0.0127196433417557	Narrow decile
OTU_2874	AKYG1722	0.366666666666667	104	14.6746800254229	0.153648090173291	Intermediate
OTU_475	Acidiferrobacter	0.444444444444444	232	6.55384961304373	0.0624028046409408	Intermediate
OTU_2494	WD2101 soil group	0.211111111111111	134	2.91475988260193	0.0215141559842913	Narrow decile
OTU_1366	Acidobacteriaceae (Subgroup 1)	0.655555555555556	288	14.5119408821373	0.151819560473453	Intermediate
OTU_10581	JL-ETNP-Z39	0.466666666666667	186	11.2875870865498	0.115590866141009	Intermediate
OTU_728	Anaerolineaceae	0.388888888888889	314	5.10952079270017	0.0461743909292153	Intermediate
OTU_7711	Coriobacteriaceae	0.488888888888889	167	14.8139534372302	0.155212959968878	Intermediate
OTU_807	Subgroup 6	0.711111111111111	233	16.9926821382269	0.179693057732887	Intermediate
OTU_1355	Subgroup 7	0.666666666666667	457	9.32525039337687	0.0935421392514255	Intermediate
OTU_9306	Candidatus Solibacter	0.233333333333333	162	4.05466764465506	0.0343221083669108	Intermediate
OTU_532	Desulfosarcina	0.544444444444444	573	13.3195302617632	0.138421688334418	Intermediate
OTU_1730	Nitrosomonadaceae	0.566666666666667	255	4.61311450372424	0.0405967921766769	Intermediate
OTU_2227	JG30-KF-CM66	0.1	147	1.08258512739563	0.000927922779726152	Narrow decile
OTU_949	Pseudogulbenkiania	0.188888888888889	123	2.6864611544076	0.0189490017349168	Narrow decile
OTU_2452	Syntrophus	0.266666666666667	162	7.97411854456401	0.0783608825231911	Intermediate
OTU_4085	CL500-3	0.166666666666667	124	3.3367650513158	0.026255787093436	Narrow decile
OTU_1108	Subgroup 6	0.688888888888889	414	18.6149212400669	0.197920463371538	Intermediate
OTU_13125	Rhizobacter	0.666666666666667	177	32.0746968633391	0.349153897340889	Broad decile
OTU_9241	Sphingomonas	0.455555555555556	208	18.6860839610286	0.198720044505939	Intermediate
OTU_2401	Saprospiraceae	0.5	105	26.173710942643	0.282850684748797	Intermediate
OTU_11224	0319-6A21	0.244444444444444	134	3.70366914093094	0.0303783049542803	Narrow decile
OTU_3724	Anaerolineaceae	0.433333333333333	133	9.43945540982957	0.0948253416834783	Intermediate
OTU_1594	Limnobacter	0.211111111111111	154	1.54845067173069	0.00616236709809768	Narrow decile
OTU_3113	Patulibacter	0.533333333333333	133	17.9821107492908	0.190810233138099	Intermediate
OTU_122	Soil Crenarchaeotic Group(SCG)	0.377777777777778	102	16.9502701576061	0.179216518624787	Intermediate
OTU_508	DA101 soil group	0.466666666666667	428	9.59883208841138	0.0966160908810267	Intermediate
OTU_1123	Chloroflexi	0.544444444444444	277	6.71478625101542	0.0642110814720834	Intermediate
OTU_2549	DA101 soil group	0.444444444444444	268	5.63671849106473	0.0520979605737611	Intermediate
OTU_10650	Anaerolineaceae	0.277777777777778	168	7.55784427180977	0.0736836435034805	Intermediate
OTU_3336	Gaiellales	0.411111111111111	320	6.3722908633243	0.0603628186890371	Intermediate
OTU_3103	Undibacterium	0.711111111111111	232	37.9434746616232	0.415095220917115	Broad decile
OTU_713	SHA-109	0.477777777777778	414	10.7500779516216	0.109551437658669	Intermediate
OTU_663	Pseudofulvimonas	0.211111111111111	164	3.68172597476349	0.0301317525254325	Narrow decile
OTU_3486	NS9 marine group	0.488888888888889	145	21.6304976226613	0.231803344074846	Intermediate
OTU_866	Ruminococcaceae	0.544444444444444	282	16.0946072318157	0.169602328447367	Intermediate
OTU_1147	S0134 terrestrial group	0.288888888888889	349	2.35264402648198	0.0151982474885615	Narrow decile
OTU_855	Parcubacteria	0.1	138	1.58651385202082	0.00659004328113284	Narrow decile
OTU_1409	Pirellula	0.466666666666667	157	14.7002793958709	0.153935723549111	Intermediate
OTU_419	Reyranella	0.6	280	24.7139632632722	0.266449025430025	Intermediate
OTU_8734	Bacillus	0.6	144	36.2727102394994	0.396322586960667	Broad decile
OTU_8926	Anaerolineaceae	0.255555555555556	115	2.67034394147406	0.0187679094547648	Narrow decile
OTU_531	Anaerolinea	0.366666666666667	567	3.20709621553872	0.0247988338824576	Narrow decile
OTU_6031	Acidimicrobiales	0.455555555555556	122	20.902468367879	0.223623240088528	Intermediate
OTU_1305	Gemmatimonadaceae	0.355555555555556	110	14.8884518135125	0.156050020376545	Intermediate
OTU_10262	Desulfuromonadales	0.466666666666667	559	3.60390830906531	0.0292573967310709	Narrow decile
OTU_3451	JG37-AG-4	0.211111111111111	131	8.0472482603554	0.0791825647230944	Intermediate
OTU_261	Arenimonas	0.733333333333333	577	21.4180300844032	0.229416068364081	Intermediate
OTU_944	Leisingera	0.644444444444444	613	16.9711262909119	0.179450857201258	Intermediate
OTU_3259	WD2101 soil group	0.177777777777778	136	4.31132107237831	0.0372058547458237	Intermediate
OTU_3597	Anaerolineaceae	0.355555555555556	347	6.61454734848622	0.0630848016683845	Intermediate
OTU_1949	Candidatus Anammoximicrobium	0.577777777777778	584	6.35898709093844	0.0602133381004319	Intermediate
OTU_10377	Acidobacteriaceae (Subgroup 1)	0.433333333333333	143	7.09722000002298	0.0685080898878986	Intermediate
OTU_9375	Oxalobacteraceae	0.655555555555556	208	33.8798613645363	0.369436644545352	Broad decile
OTU_8029	Sphingomonadales	0.322222222222222	166	13.0568180594938	0.135469865837009	Intermediate
OTU_2132	Nitrosomonadaceae	0.7	461	17.4710098225876	0.18506752609649	Intermediate
OTU_1042	Chromatiaceae	0.288888888888889	160	4.29303418930916	0.0370003841495411	Intermediate
OTU_661	Staphylococcus	0.566666666666667	683	43.4437744298394	0.476896341908308	Broad decile
OTU_3249	S085	0.544444444444444	495	14.5356482092732	0.152085934935654	Intermediate
OTU_9261	Latescibacteria	0.244444444444444	133	4.81577986642069	0.0428739310833786	Intermediate
OTU_4134	Subgroup 6	0.522222222222222	278	20.4218754245718	0.218223319377211	Intermediate
OTU_2198	Iamia	0.144444444444444	106	3.44819741294009	0.0275078361004504	Narrow decile
OTU_2609	Reyranella	0.633333333333333	165	31.4447305452215	0.342075624103612	Broad decile
OTU_2014	WCHB1-69	0.6	376	14.0974392716964	0.147162239007825	Intermediate
OTU_9106	Desulfofustis	0.277777777777778	124	5.94945521941563	0.0556118563979284	Intermediate
OTU_6700	TRA3-20	0.5	157	20.4171666609037	0.218170411920266	Intermediate
OTU_3789	Anaerolineaceae	0.322222222222222	149	5.87496632513602	0.0547749025296182	Intermediate
OTU_1141	Leptolinea	0.511111111111111	173	16.6487829108815	0.175829021470579	Intermediate
OTU_2078	Saprospiraceae	0.388888888888889	252	9.23415241172484	0.0925185664238747	Intermediate
OTU_4595	OPB35 soil group	0.344444444444444	106	10.2310365809476	0.103719512145479	Intermediate
OTU_612	SC-I-84	0.477777777777778	226	6.33641589047194	0.0599597291064263	Intermediate
OTU_370	Gaiellales	0.755555555555556	419	17.7421302801932	0.188113823372958	Intermediate
OTU_9395	SC-I-84	0.555555555555556	184	24.8740448550154	0.268247695000173	Intermediate
OTU_1649	Polaromonas	0.744444444444444	541	19.1772344195043	0.204238588983195	Intermediate
OTU_1128	Alterococcus	0.644444444444444	196	32.4994428127369	0.353926323738616	Broad decile
OTU_2160	S085	0.433333333333333	115	14.8779072367192	0.155931541985609	Intermediate
OTU_3458	Anaerolineaceae	0.322222222222222	240	3.07162772924898	0.0232767160589774	Narrow decile
OTU_2196	A815	0.388888888888889	248	2.75732216894237	0.0197451929094648	Narrow decile
OTU_6465	Planctomyces	0.4	314	9.2304910658381	0.0924774277060461	Intermediate
OTU_8671	DA101 soil group	0.277777777777778	308	6.7525634628839	0.0646355445267854	Intermediate
OTU_3701	Anaerolineaceae	0.311111111111111	121	6.75577032905054	0.0646715767309049	Intermediate
OTU_3648	Planctomycetaceae	0.7	252	32.1811184533517	0.350349645543277	Broad decile
OTU_455	Subgroup 7	0.755555555555556	388	14.1223939628476	0.14744262879604	Intermediate
OTU_2281	Anaerolineaceae	0.1	101	2.52158359399217	0.0170964448763166	Narrow decile
OTU_7582	Lysobacter	0.5	104	20.5467626938914	0.219626547122375	Intermediate
OTU_5854	Candidatus Solibacter	0.488888888888889	282	9.45725375860584	0.0950253231304027	Intermediate
OTU_1755	Blastocatella	0.711111111111111	770	15.3770443446178	0.161539824096829	Intermediate
OTU_697	Blastococcus	0.811111111111111	368	20.2260315818124	0.216022826761937	Intermediate
OTU_2055	Nitrosomonadaceae	0.466666666666667	189	16.1222000180126	0.169912359752951	Intermediate
OTU_881	Candidatus Anammoximicrobium	0.677777777777778	628	9.54635574320219	0.0960264690247437	Intermediate
OTU_1888	Xanthomonadales Incertae Sedis	0.655555555555556	341	10.7795399016294	0.109882470804825	Intermediate
OTU_2750	Mesorhizobium	0.788888888888889	349	39.8332590588821	0.436328753470586	Broad decile
OTU_763	Anaerolinea	0.655555555555556	568	9.46842518391311	0.0951508447630687	Intermediate
OTU_486	Stenotrophomonas	0.422222222222222	142	10.4258403956009	0.105908319051695	Intermediate
OTU_267	Acinetobacter	0.8	769	3.99343297350927	0.0336340783540367	Intermediate
OTU_1365	Planctomycetaceae	0.4	166	13.4262702531879	0.139621014080763	Intermediate
OTU_1796	AKYG587	0.455555555555556	192	5.55730681759396	0.0512056945797075	Intermediate
OTU_964	Saprospiraceae	0.4	186	13.7431445842739	0.143181399823303	Intermediate
OTU_3396	Lautropia	0.166666666666667	150	2.92914107768274	0.0216757424458735	Narrow decile
OTU_7241	Desulfuromonas	0.455555555555556	219	9.9668613720811	0.100751251371698	Intermediate
OTU_574	Flavisolibacter	0.611111111111111	278	15.4338084730968	0.162177623293222	Intermediate
OTU_1788	ABS-19	0.522222222222222	160	23.1489921276915	0.248865080086421	Intermediate
OTU_3054	OM1 clade	0.322222222222222	284	3.05130253265496	0.0230483430635389	Narrow decile
OTU_3946	JG30-KF-CM66	0.5	194	15.1816855850258	0.159344781854222	Intermediate
OTU_1689	Subgroup 6	0.466666666666667	143	13.8152279986119	0.1439913258271	Intermediate
OTU_3376	MWH-CFBk5	0.133333333333333	163	1.47605542435354	0.00534893735228692	Narrow decile
OTU_7510	Desulfobulbus	0.422222222222222	147	19.5272334081416	0.208171161889232	Intermediate
OTU_717	Anaeromyxobacter	0.644444444444444	172	26.6775579328878	0.28851188688638	Broad decile
OTU_3569	Gemmatimonas	0.377777777777778	119	14.9079099334416	0.156268650937546	Intermediate
OTU_1823	Haliea	0.822222222222222	1194	17.5243076174378	0.18566637772402	Intermediate
OTU_1870	Anaerolineaceae	0.288888888888889	154	2.88283065747571	0.0211554006457945	Narrow decile
OTU_10163	Nitrosomonadaceae	0.411111111111111	148	11.781550194071	0.121141013416528	Intermediate
OTU_2180	KD4-96	0.355555555555556	283	4.90614423980351	0.0438892611213877	Intermediate
OTU_8137	Halobacillus	0.311111111111111	157	6.35587189181758	0.0601783358631189	Intermediate
OTU_9735	BVA59	0.366666666666667	102	2.9410402761543	0.0218094413051045	Narrow decile
OTU_929	Bauldia	0.455555555555556	134	14.6793203459316	0.153700228605973	Intermediate
OTU_1418	Anaerolinea	0.544444444444444	156	20.3352226257914	0.217249692424623	Intermediate
OTU_200	MB-A2-108	0.3	413	1.56769971911376	0.00637864852936806	Narrow decile
OTU_6485	JG37-AG-4	0.266666666666667	207	4.33551646481934	0.0374777130878578	Intermediate
OTU_1967	Anaerolineaceae	0.388888888888889	313	7.91655751560163	0.0777141293887823	Intermediate
OTU_9911	Nitrosomonadaceae	0.611111111111111	310	6.04311317894119	0.0566641930218111	Intermediate
OTU_848	Chryseolinea	0.477777777777778	239	15.6177606659385	0.164244501864478	Intermediate
OTU_468	Xanthomonadales Incertae Sedis	0.433333333333333	102	14.7425659098001	0.154410852919102	Intermediate
OTU_982	Subgroup 7	0.511111111111111	311	14.4687957741097	0.151334783978761	Intermediate
OTU_142	Acidobacteriaceae (Subgroup 1)	0.766666666666667	1081	9.79120928995901	0.0987776324714495	Intermediate
OTU_2572	WD2101 soil group	0.344444444444444	112	9.50450077882989	0.0955561885261785	Intermediate
OTU_1465	AT425-EubC11 terrestrial group	0.377777777777778	260	5.0140871461637	0.0451021027658843	Intermediate
OTU_4115	S085	0.4	317	4.18051018340127	0.0357360694764188	Intermediate
OTU_7695	Draconibacteriaceae	0.322222222222222	100	9.12150061410133	0.0912528158887789	Intermediate
OTU_8715	Subgroup 7	0.411111111111111	126	21.4349298155379	0.229605952983572	Intermediate
OTU_528	Anaerolineaceae	0.244444444444444	292	2.63011085522924	0.0183158523059465	Narrow decile
OTU_1372	Anaerolinea	0.588888888888889	295	14.967278117931	0.156935709190235	Intermediate
OTU_492	SC-I-84	0.622222222222222	349	12.5821742007383	0.13013678877234	Intermediate
OTU_5931	Subgroup 2	0.577777777777778	214	9.23740103853615	0.0925550678487208	Intermediate
OTU_2761	Pseudomonas poae	0.555555555555556	124	37.6374242792212	0.411656452575519	Broad decile
OTU_10018	GR-WP33-30	0.822222222222222	582	20.0122951198597	0.21362129348157	Intermediate
OTU_345	KD4-96	0.911111111111111	867	16.3294699983164	0.172241235936139	Intermediate
OTU_1572	Pantoea	0.577777777777778	140	38.959267603965	0.426508624763652	Broad decile
OTU_978	BD2-11 terrestrial group	0.211111111111111	123	4.86829678026609	0.0434640087670347	Intermediate
OTU_2713	Acidobacteriaceae (Subgroup 1)	0.411111111111111	250	3.6745911062102	0.030051585463036	Narrow decile
OTU_837	Skermanella	0.533333333333333	290	11.796411466283	0.121307994003179	Intermediate
OTU_3935	PAUC43f marine benthic group	0.244444444444444	151	5.00688992858721	0.0450212351526653	Intermediate
OTU_1430	Massilia	0.544444444444444	407	6.65286124028594	0.0635152948346735	Intermediate
OTU_719	Reyranella	0.544444444444444	138	20.8084821664714	0.222567215353612	Intermediate
OTU_3057	Desulfosporosinus	0.344444444444444	120	13.7588092296628	0.143357407074862	Intermediate
OTU_1961	TRA3-20	0.6	258	19.7347494399052	0.210502802695564	Intermediate
OTU_3995	Croceicoccus	0.344444444444444	234	10.4877922026338	0.106604406771166	Intermediate
OTU_846	Subgroup 6	0.411111111111111	390	10.1322011368292	0.102609001537407	Intermediate
OTU_5032	Hyphomicrobiaceae	0.588888888888889	111	27.8787763713154	0.302008723273207	Broad decile
OTU_1931	Comamonadaceae	0.777777777777778	390	28.406324796025	0.307936233663202	Broad decile
OTU_551	Anaerolineaceae	0.3	418	4.43466772800591	0.0385917722247855	Intermediate
OTU_209	Coriobacteriaceae	0.655555555555556	591	6.59220049040134	0.0628337133752959	Intermediate
OTU_547	Anaerolineaceae	0.566666666666667	346	3.23989225670199	0.0251673287269886	Narrow decile
OTU_2353	Syntrophorhabdus	0.588888888888889	337	8.7004618966094	0.0865220437821281	Intermediate
OTU_3499	Armatimonadetes	0.377777777777778	154	18.7085983179413	0.198973014808329	Intermediate
OTU_1010	Subgroup 6	0.688888888888889	186	11.6171235145873	0.119293522635812	Intermediate
OTU_4088	S0134 terrestrial group	0.233333333333333	168	2.93661462388035	0.0217597148750601	Narrow decile
OTU_2071	Saprospiraceae	0.322222222222222	137	8.26070909237805	0.0815810010379556	Intermediate
OTU_682	Nitrosomonadaceae	0.833333333333333	625	24.7713025987606	0.267093287626523	Intermediate
OTU_1392	S-70	0.188888888888889	241	1.26605096832266	0.00298933672272655	Narrow decile
OTU_3521	Gitt-GS-136	0.588888888888889	415	15.670655196338	0.164838822430764	Intermediate
OTU_3805	WCHB1-69	0.433333333333333	130	23.4239016670079	0.251953951314696	Intermediate
OTU_4256	GR-WP33-30	0.422222222222222	158	15.8710327215057	0.167090255297817	Intermediate
OTU_3213	480-2	0.411111111111111	120	9.73692866123558	0.0981677377666919	Intermediate
OTU_7895	Desulfatirhabdium	0.366666666666667	145	6.88453282084663	0.0661183463016475	Intermediate
OTU_2886	Saprospiraceae	0.388888888888889	102	14.4013287656599	0.150576727704044	Intermediate
OTU_4704	Gemmatimonadaceae	0.344444444444444	104	13.5868073914552	0.141424802151182	Intermediate
OTU_1846	Gaiella	0.588888888888889	533	6.41300373802247	0.0608202667193535	Intermediate
OTU_3744	S0134 terrestrial group	0.233333333333333	113	1.78484629163864	0.00881849765886115	Narrow decile
OTU_1753	NA	0.388888888888889	103	8.28309004972136	0.0818324724687793	Intermediate
OTU_2580	BSV26	0.222222222222222	119	1.49659724304838	0.00557974430391437	Narrow decile
OTU_12134	KD4-96	0.511111111111111	165	17.7412252009768	0.18810365394356	Intermediate
OTU_7513	Acidimicrobiales	0.411111111111111	148	20.8095866388683	0.222579625155824	Intermediate
OTU_8378	Subgroup 6	0.411111111111111	117	8.42305347375187	0.0834050952106952	Intermediate
OTU_1117	Cytophagaceae	0.388888888888889	173	8.75101524824757	0.0870900589690738	Intermediate
OTU_568	Acidimicrobiaceae	0.488888888888889	179	9.91568342248176	0.100176218230132	Intermediate
OTU_1924	AT425-EubC11 terrestrial group	0.244444444444444	206	2.76030743421971	0.0197787352159517	Narrow decile
OTU_1174	Anaerolineaceae	0.522222222222222	593	17.8438749575323	0.189257021994745	Intermediate
OTU_3880	Chloroflexi	0.1	132	2.89134511628784	0.0212510687223353	Narrow decile
OTU_4552	Rhizobiales	0.733333333333333	287	19.9739188923846	0.213190099914433	Intermediate
OTU_2683	Gemmatimonadaceae	0.611111111111111	235	19.7803699537643	0.211015392738925	Intermediate
OTU_7023	Caldilineaceae	0.311111111111111	112	9.13435123912111	0.091397204933945	Intermediate
OTU_3585	Gaiella	0.433333333333333	162	14.6539432941318	0.153415093192492	Intermediate
OTU_2995	Acidimicrobiales	0.455555555555556	120	21.8012504212807	0.233721914845851	Intermediate
OTU_1962	Hirschia	0.244444444444444	100	5.34953420498685	0.0488711708425489	Intermediate
OTU_1977	Anaerolineaceae	0.522222222222222	302	11.9515714712215	0.123051364845185	Intermediate
OTU_775	Altererythrobacter	0.833333333333333	846	16.6614884697267	0.175971780558727	Intermediate
OTU_2151	Anaerolineaceae	0.388888888888889	208	5.20602590807541	0.047258718068263	Intermediate
OTU_8291	Subgroup 18	0.255555555555556	145	4.14383867630202	0.0353240300708093	Intermediate
OTU_2007	Saprospiraceae	0.444444444444444	178	16.3748122699422	0.172750699662272	Intermediate
OTU_2578	TRA3-20	0.555555555555556	206	23.4357657010198	0.252087255067638	Intermediate
OTU_6958	0319-6A21	0.5	163	11.1140474427563	0.11364098250288	Intermediate
OTU_6963	GR-WP33-30	0.477777777777778	111	25.3979431831201	0.274134193068765	Intermediate
OTU_383	Desulfuromonadales	0.6	952	8.17756574020564	0.0806468060697263	Intermediate
OTU_2641	HSB OF53-F07	0.244444444444444	389	3.58777450948947	0.0290761180841513	Narrow decile
OTU_10113	Desulfuromonas	0.566666666666667	170	17.8000382335103	0.188764474533823	Intermediate
OTU_1167	Anaerolineaceae	0.244444444444444	218	11.5358170708453	0.11837996708815	Intermediate
OTU_3729	S-BQ2-57 soil group	0.355555555555556	174	5.42332216651109	0.0497002490619223	Intermediate
OTU_107	Robiginitalea	0.855555555555556	3139	11.7948266916286	0.121290187546389	Intermediate
OTU_8174	Filomicrobium	0.322222222222222	134	17.7045850317459	0.18769196664883	Intermediate
OTU_998	Verrucomicrobiaceae	0.488888888888889	134	19.3592829872363	0.206284078508273	Intermediate
OTU_7476	Anaerolineaceae	0.266666666666667	115	9.68094152599315	0.0975386688313837	Intermediate
OTU_1087	Gemmatimonadaceae	0.566666666666667	154	19.8928165253209	0.212278837363157	Intermediate
OTU_3220	PAUC43f marine benthic group	0.355555555555556	251	11.5270723281851	0.118281711552642	Intermediate
OTU_9474	Sva0485	0.477777777777778	138	16.3436419659281	0.172400471527282	Intermediate
OTU_6929	Anaerolinea	0.344444444444444	131	12.4319501097477	0.128448877637615	Intermediate
OTU_3122	Anaerolineaceae	0.422222222222222	532	13.2573832141072	0.137723406900081	Intermediate
OTU_7885	Sphingorhabdus	0.577777777777778	364	17.8662923180461	0.189508902449956	Intermediate
OTU_704	Gemmatimonadaceae	0.577777777777778	426	9.68207262154661	0.0975513777701866	Intermediate
OTU_120	Gemmatimonadaceae	0.788888888888889	1847	6.91270338206225	0.0664348694613736	Intermediate
OTU_2693	Roseiflexus	0.355555555555556	116	8.69871170048206	0.0865023786571018	Intermediate
OTU_3218	Ectothiorhodospiraceae	0.255555555555556	212	3.50465052985455	0.0281421407848826	Narrow decile
OTU_8167	GR-WP33-30	0.344444444444444	132	14.0348419290544	0.146458898079263	Intermediate
OTU_9337	Chitinophagaceae	0.277777777777778	102	11.4025083680983	0.116882116495486	Intermediate
OTU_7134	AT425-EubC11 terrestrial group	0.388888888888889	211	12.2796718426342	0.126737885872295	Intermediate
OTU_4920	OPB35 soil group	0.444444444444444	131	18.8880642403005	0.200989485846074	Intermediate
OTU_12330	Xanthomonadales	0.322222222222222	110	10.7850417558988	0.109944289392122	Intermediate
OTU_7405	Anaerolineaceae	0.344444444444444	233	9.69298650770822	0.0976740057045867	Intermediate
OTU_3324	BD2-11 terrestrial group	0.422222222222222	269	12.5720008587773	0.130022481559296	Intermediate
OTU_1678	Parafilimonas	0.388888888888889	162	9.62782492368279	0.0969418530750875	Intermediate
OTU_1317	Gemmatimonas	0.2	162	2.65117193920208	0.0185524936988998	Narrow decile
OTU_8304	JG30-KF-CM45	0.433333333333333	140	17.6143303831727	0.18667786947385	Intermediate
OTU_2093	Nitrosomonadaceae	0.666666666666667	364	22.1888708741045	0.238077200832635	Intermediate
OTU_12278	BD2-11 terrestrial group	0.177777777777778	103	5.73579219536275	0.0532111482625028	Intermediate
OTU_1555	Nitrosomonadaceae	0.355555555555556	106	11.2163410399201	0.114790348763148	Intermediate
OTU_3278	JTB255 marine benthic group	0.277777777777778	186	6.79594112819468	0.0651229340246594	Intermediate
OTU_1074	Gaiella	0.822222222222222	419	21.6731459820704	0.232282539124387	Intermediate
OTU_2214	RB41	0.222222222222222	150	2.30568388404197	0.0146706054386738	Narrow decile
OTU_700	Xanthomonadales	0.377777777777778	124	10.5959051350777	0.107819158821098	Intermediate
OTU_3612	Gaiellales	0.344444444444444	132	9.98503572551962	0.100955457590108	Intermediate
OTU_7375	Subgroup 6	0.366666666666667	141	11.2497517011397	0.115165749451008	Intermediate
OTU_4047	Acidobacteriaceae (Subgroup 1)	0.511111111111111	365	11.9644541012416	0.123196113497096	Intermediate
OTU_6624	Thiobacillus	0.5	167	22.5553611409227	0.242195068999132	Intermediate
OTU_5597	OPB35 soil group	0.655555555555556	266	31.687273838154	0.34480082964218	Broad decile
OTU_3296	JTB255 marine benthic group	0.366666666666667	241	7.99096990456512	0.0785502236467991	Intermediate
OTU_1790	DA101 soil group	0.533333333333333	297	10.6552581840774	0.108486047012106	Intermediate
OTU_10017	KD4-96	0.377777777777778	204	9.51667570333663	0.0956929854307486	Intermediate
OTU_3672	Gemmatimonadaceae	0.4	110	22.1157417313079	0.237255525070875	Intermediate
OTU_1385	Gitt-GS-136	0.422222222222222	297	4.80968372619598	0.0428054351257976	Intermediate
OTU_2179	S0134 terrestrial group	0.111111111111111	103	2.93615776183692	0.0217545815936732	Narrow decile
OTU_2423	SC-I-84	0.322222222222222	148	6.13565327971111	0.0577039694349562	Intermediate
OTU_3587	Chitinophagaceae	0.455555555555556	126	21.764190952419	0.233305516319314	Intermediate
OTU_1989	Blastocatella	0.2	108	1.83687438123053	0.00940308293517454	Narrow decile
OTU_311	JG37-AG-4	0.133333333333333	295	1.34411625097661	0.00386647473007429	Narrow decile
OTU_4119	Chthoniobacter	0.255555555555556	100	8.51599847453807	0.0844494210622256	Intermediate
OTU_3500	WCHB1-69	0.511111111111111	377	17.35674500636	0.183783651756854	Intermediate
OTU_5504	JG30-KF-CM45	0.388888888888889	126	11.8608600185875	0.122032135040308	Intermediate
OTU_3830	Subgroup 6	0.477777777777778	163	19.5863911191675	0.208835855271545	Intermediate
OTU_3526	Planctomycetaceae	0.3	123	9.35027791421429	0.0938233473507224	Intermediate
OTU_13611	Rhizobiales	0.666666666666667	331	14.8905522407774	0.156073620682892	Intermediate
OTU_10584	Acidobacteriaceae (Subgroup 1)	0.2	181	5.26719038576504	0.0479459593906185	Intermediate
OTU_1286	Bacteroidetes VC2.1 Bac22	0.377777777777778	323	5.11705685803798	0.0462590658206515	Intermediate
OTU_12235	Gemmatimonadaceae	0.355555555555556	197	7.0953072668882	0.0684865985043618	Intermediate
OTU_7714	Desulfatiglans	0.433333333333333	133	15.8265443034558	0.166590385432087	Intermediate
OTU_2345	Christensenellaceae R-7 group	0.322222222222222	169	4.07854507840975	0.0345903941394354	Intermediate
OTU_2998	Anaerolinea	0.366666666666667	114	14.1134450035665	0.147342078691758	Intermediate
OTU_6272	Geoalkalibacter	0.222222222222222	146	3.9552224578525	0.0332047467174439	Intermediate
OTU_1285	Saprospiraceae	0.477777777777778	254	16.0487441824528	0.169087013285987	Intermediate
OTU_622	Truepera	0.211111111111111	306	1.95213775967399	0.0106981770749886	Narrow decile
OTU_1136	OM1 clade	0.522222222222222	476	8.94201736140646	0.0892361501281625	Intermediate
OTU_2887	Acidibacter	0.588888888888889	140	24.0190317950893	0.258640806686397	Intermediate
OTU_1714	Chloroflexi	0.488888888888889	202	18.1481414160667	0.19267574624794	Intermediate
OTU_1803	Euzebya	0.422222222222222	182	8.87716991861726	0.0885075271754748	Intermediate
OTU_842	Anaerolineaceae	0.755555555555556	1737	16.1224641263059	0.169915327261864	Intermediate
OTU_9210	Gemmatimonadaceae	0.788888888888889	667	21.7568846659032	0.233223423212395	Intermediate
OTU_8187	Rhodobacteraceae	0.611111111111111	468	13.9570578006698	0.14558491910865	Intermediate
OTU_8097	Sideroxydans	0.822222222222222	321	16.9753688170669	0.179498526034459	Intermediate
OTU_6030	Coriobacteriaceae	0.488888888888889	120	28.9129439491849	0.313628583698707	Broad decile
OTU_4739	Bryobacter	0.388888888888889	101	14.6560558076186	0.153438829299085	Intermediate
OTU_7720	Deferrisoma	0.277777777777778	134	7.35069255602368	0.0713560961350976	Intermediate
OTU_8329	Erythrobacter	0.4	152	16.3127432543661	0.172053294992878	Intermediate
OTU_3609	Anaerolineaceae	0.266666666666667	214	4.52631731779707	0.0396215428965963	Intermediate
OTU_4045	Subgroup 6	0.388888888888889	117	13.7175353061429	0.142893655125201	Intermediate
OTU_3143	Nitrospinaceae	0.355555555555556	294	9.39376586290786	0.0943119759877288	Intermediate
OTU_1287	Chloroflexi	0.622222222222222	438	20.97667880126	0.224457065182696	Intermediate
OTU_1650	Xanthomonadaceae	0.444444444444444	211	6.19590639400108	0.0583809707191133	Intermediate
OTU_1258	Chromatiales	0.455555555555556	230	10.0175271815763	0.10132053013007	Intermediate
OTU_824	1013-28-CG33	0.522222222222222	363	12.8299453939989	0.132920734764033	Intermediate
OTU_7591	Rhodospirillaceae	0.355555555555556	176	11.905275252869	0.122531182616505	Intermediate
OTU_4505	Acidobacteriaceae (Subgroup 1)	0.266666666666667	148	6.04659163618599	0.0567032768110786	Intermediate
OTU_1504	Subgroup 7	0.888888888888889	612	16.5225638622944	0.17441082991342	Intermediate
OTU_10006	Nitrosomonadaceae	0.544444444444444	205	28.4594724734369	0.308533398577943	Broad decile
OTU_3128	SC-I-84	0.4	111	10.5214076083547	0.106982107959041	Intermediate
OTU_7629	Anaerolineaceae	0.311111111111111	235	11.416542472728	0.11703980306436	Intermediate
OTU_10957	JG37-AG-4	0.255555555555556	531	2.1292591354063	0.0126883048922056	Narrow decile
OTU_7508	SB-5	0.444444444444444	166	13.7451895956311	0.143204377479001	Intermediate
OTU_9300	Subgroup 6	0.333333333333333	108	13.7680822586936	0.143461598412287	Intermediate
OTU_3584	Blastocatella	0.288888888888889	145	13.5007636650281	0.140458018708181	Intermediate
OTU_2023	Veillonellaceae	0.455555555555556	158	14.0832831635695	0.14700318161314	Intermediate
OTU_9258	Coriobacteriaceae	0.411111111111111	182	11.9236305048429	0.122737421402729	Intermediate
OTU_527	Flavisolibacter	0.455555555555556	492	2.83291858856987	0.0205945908828076	Narrow decile
OTU_298	Roseimaritima	0.811111111111111	1325	5.88717492418292	0.0549120777998081	Intermediate
OTU_8010	Coriobacteriaceae	0.511111111111111	170	17.1621332888422	0.181597003245418	Intermediate
OTU_4108	Desulfobulbus	0.466666666666667	257	17.1352817516864	0.181295300580746	Intermediate
OTU_2877	Subgroup 7	0.233333333333333	104	10.0588772181978	0.101785137283122	Intermediate
OTU_9635	Adhaeribacter	0.511111111111111	379	14.1296227616425	0.14752385125441	Intermediate
OTU_10121	Subgroup 6	0.566666666666667	184	16.6791867617348	0.176170637772301	Intermediate
OTU_1166	Sva0081 sediment group	0.522222222222222	643	10.3689082995424	0.105268632579129	Intermediate
OTU_2260	JG30-KF-CM66	0.277777777777778	160	8.89595691294743	0.0887186169994093	Intermediate
OTU_799	Pirellula	0.566666666666667	118	32.9483427201566	0.358970142923108	Broad decile
OTU_4385	Xanthomonadales	0.344444444444444	327	5.60102938035972	0.0516969593298845	Intermediate
OTU_201	KD4-96	0.566666666666667	1154	5.74468200819104	0.0533110337998994	Intermediate
OTU_1079	AT425-EubC11 terrestrial group	0.288888888888889	249	1.95402214135366	0.0107193499028501	Narrow decile
OTU_3533	Gemmatimonas	0.288888888888889	185	6.69659474821554	0.0640066825642196	Intermediate
OTU_815	Fusibacter	0.2	176	2.15181760005519	0.0129417707871369	Narrow decile
OTU_1160	Paracocccus	0.766666666666667	342	25.6745410530192	0.277242034303587	Intermediate
OTU_1085	SC-I-84	0.566666666666667	129	19.7024544515646	0.21013993765803	Intermediate
OTU_9545	Pseudomonas	0.5	149	35.2408856016417	0.384729051703839	Broad decile
OTU_4569	M20-Pitesti	0.6	135	25.9083081507253	0.279868630907026	Intermediate
OTU_9835	Xanthomonadales	0.477777777777778	201	11.5192479292709	0.1181937969581	Intermediate
OTU_5801	Comamonadaceae	0.588888888888889	152	28.4923479846554	0.308902786344443	Broad decile
OTU_1632	BSV26	0.311111111111111	165	10.9345041895947	0.111623642579716	Intermediate
OTU_516	Gemmatimonas	0.6	179	7.26412232106072	0.0703833968658508	Intermediate
OTU_246	Pseudomonas	0.511111111111111	857	1.50229766679049	0.00564379400888194	Narrow decile
OTU_1446	Thiocapsa	0.322222222222222	115	7.90366787048077	0.0775693019155143	Intermediate
OTU_1267	Arenimonas	0.655555555555556	279	17.7171636443206	0.187833299374389	Intermediate
OTU_180	Flavobacterium	0.311111111111111	558	1.78031121775605	0.00876754177253992	Narrow decile
OTU_2384	ABS-19	0.433333333333333	113	15.4795494133233	0.162691566441835	Intermediate
OTU_3375	Draconibacteriaceae	0.411111111111111	309	4.23679927551285	0.0363685311855377	Intermediate
OTU_10037	Nitrosomonadaceae	0.344444444444444	122	16.239050492735	0.171225286435225	Intermediate
OTU_710	OM1 clade	0.466666666666667	527	7.15767291590235	0.0691873361337342	Intermediate
OTU_8557	Methylobacteriaceae	0.544444444444444	200	16.0679362160797	0.169302654113256	Intermediate
OTU_3736	Altererythrobacter	0.388888888888889	158	17.9757063957451	0.190738274109496	Intermediate
OTU_7623	Erythrobacter	0.577777777777778	331	16.4022172091392	0.173058620327407	Intermediate
OTU_8549	Arenimonas	0.3	110	6.89293248113778	0.066212724507166	Intermediate
OTU_2052	Roseiflexus	0.444444444444444	153	8.78674279890982	0.0874914921225823	Intermediate
OTU_2108	DA101 soil group	0.766666666666667	511	15.0724624897011	0.158117556064057	Intermediate
OTU_11893	Rhizobiales	0.711111111111111	237	32.7420829191078	0.356652617068627	Broad decile
OTU_2824	Candidatus Anammoximicrobium	0.311111111111111	173	7.3787895756848	0.0716717929852225	Intermediate
OTU_12279	Sh765B-TzT-29	0.333333333333333	121	10.2796007276991	0.10426517671572	Intermediate
OTU_7634	Demequina	0.433333333333333	121	11.7511114822619	0.120799005418673	Intermediate
OTU_2521	WD272	0.222222222222222	120	8.8250424186175	0.0879218249282865	Intermediate
OTU_3276	Nitrospiraceae	0.522222222222222	341	16.7531375125784	0.17700154508515	Intermediate
OTU_1380	Acidobacteriaceae (Subgroup 1)	0.366666666666667	363	4.73731282929855	0.0419922789808826	Intermediate
OTU_1564	Subgroup 7	0.622222222222222	272	20.7475265792516	0.221882321115186	Intermediate
OTU_5730	OPB35 soil group	0.266666666666667	130	9.7503507801177	0.0983185480912102	Intermediate
OTU_1233	Planctomycetaceae	0.166666666666667	226	3.43098179566803	0.0273144021985172	Narrow decile
OTU_654	JG30a-KF-32	0.211111111111111	334	3.22411915125562	0.0249901028230968	Narrow decile
OTU_5930	Bryobacter	0.277777777777778	169	10.2430083366879	0.10385402625492	Intermediate
OTU_316	Anaerolineaceae	0.366666666666667	202	4.51117066849913	0.039451355825833	Intermediate
OTU_1687	Bryobacter	0.577777777777778	360	9.84668379394636	0.0994009415050153	Intermediate
OTU_6530	Nocardioides	0.5	156	19.4981639964006	0.2078445392854	Intermediate
OTU_6510	A0839	0.377777777777778	102	12.7708109309784	0.132256302595263	Intermediate
OTU_1828	KD4-96	0.633333333333333	427	13.1361075979204	0.136360759527196	Intermediate
OTU_3388	JG34-KF-361	0.455555555555556	212	12.4932126482621	0.12913722076699	Intermediate
OTU_6661	Methylobacteriaceae	0.311111111111111	118	10.0005087654288	0.10112931197111	Intermediate
OTU_2133	Dechloromonas	0.533333333333333	141	9.21155478047069	0.0922646604547268	Intermediate
OTU_2205	Subgroup 6	0.444444444444444	261	8.1032835488293	0.0798121747059472	Intermediate
OTU_693	MB-A2-108	0.277777777777778	154	9.97145618882906	0.100802878526169	Intermediate
OTU_915	Candidatus Accumulibacter	0.622222222222222	357	11.4234045780004	0.117116905370791	Intermediate
OTU_2002	Halomonas	0.555555555555556	441	3.70371391367174	0.0303788080187836	Intermediate
OTU_3697	Aquincola	0.566666666666667	177	13.1297478651802	0.136289301855958	Intermediate
OTU_2121	OM1 clade	0.433333333333333	129	17.89719452708	0.189856118281798	Intermediate
OTU_1666	Skermanella	0.511111111111111	247	17.2588194638115	0.182683364761926	Intermediate
OTU_9394	Bacillus	0.622222222222222	207	28.1859986477148	0.305460658963088	Broad decile
OTU_3380	NS9 marine group	0.222222222222222	124	3.58292649448335	0.0290216460054309	Narrow decile
OTU_1107	Ardenticatenia	0.511111111111111	142	13.8713081557466	0.144621439952209	Intermediate
OTU_5327	Rhodothermaceae	0.411111111111111	101	21.3910630659169	0.22911306815637	Intermediate
OTU_3760	MNG7	0.422222222222222	116	17.1588585199321	0.181560208089125	Intermediate
OTU_4484	Anaerolinea	0.4	122	12.4321770648929	0.128451427695425	Intermediate
OTU_9531	Lineage IIa	0.3	109	10.4095178793354	0.105724919992533	Intermediate
OTU_12331	43F-1404R	0.322222222222222	190	10.9220275588552	0.111483455717475	Intermediate
OTU_2752	Subgroup 6	0.644444444444444	273	19.1088457717474	0.203470177210645	Intermediate
OTU_1228	Nitrosomonadaceae	0.744444444444444	549	12.7180021700988	0.131662945731447	Intermediate
OTU_1965	Anaerolineaceae	0.522222222222222	354	12.9184604894011	0.133915286397766	Intermediate
OTU_3068	Opitutus	0.222222222222222	195	5.59848334506012	0.0516683521916868	Intermediate
OTU_11307	Gaiellales	0.411111111111111	247	13.5592148178174	0.141114773233904	Intermediate
OTU_3780	Bryobacter	0.411111111111111	175	13.902068883039	0.144967066101561	Intermediate
OTU_1407	Anaerolineaceae	0.311111111111111	206	4.44968901487137	0.0387605507288918	Intermediate
OTU_11840	Subgroup 7	0.322222222222222	134	5.73558812162444	0.053208855299151	Intermediate
OTU_2279	BD2-11 terrestrial group	0.633333333333333	337	16.39361721741	0.172961991206854	Intermediate
OTU_7309	BD2-11 terrestrial group	0.266666666666667	114	6.41145748228666	0.0608028930594007	Intermediate
OTU_947	Seohaeicola	0.711111111111111	662	16.6359556741756	0.175684895215456	Intermediate
OTU_365	Anaerolineaceae	0.366666666666667	572	4.23886340194576	0.036391723617368	Intermediate
OTU_5892	KD4-96	0.266666666666667	129	5.50253942582965	0.0505903306272994	Intermediate
OTU_2387	Pseudomonas	0.322222222222222	144	6.48930968535081	0.0616776369140541	Intermediate
OTU_540	Gemmatimonadaceae	0.466666666666667	433	7.90576579624659	0.0775928741151302	Intermediate
OTU_7048	Hyphomicrobiaceae	0.4	108	11.6664599944922	0.119847865106653	Intermediate
OTU_159	Flavobacterium	0.377777777777778	498	2.21877322856848	0.0136940812198705	Narrow decile
OTU_3055	Xanthomonadales Incertae Sedis	0.455555555555556	140	10.7908880970272	0.110009978618283	Intermediate
OTU_1284	Phenylobacterium	0.455555555555556	150	20.1011801323842	0.214620001487463	Intermediate
OTU_7415	JTB255 marine benthic group	0.688888888888889	768	17.9205670678725	0.190118731099691	Intermediate
OTU_4988	Elev-16S-1332	0.477777777777778	157	16.7812916385425	0.177317883579129	Intermediate
OTU_285	Anaerolineaceae	0.188888888888889	109	5.10679740422249	0.0461437910586796	Intermediate
OTU_3522	Bryobacter	0.411111111111111	226	10.4709595961264	0.106415276360971	Intermediate
OTU_9767	Desulfatiglans	0.277777777777778	120	7.13412756697537	0.0689227816514087	Intermediate
OTU_2342	Desulfuromonas	0.455555555555556	235	6.07683242596834	0.0570430609659364	Intermediate
OTU_546	Anaerolineaceae	0.5	705	8.67649771599303	0.0862527833257643	Intermediate
OTU_2937	Bryobacter	0.822222222222222	503	31.1258466260895	0.338492658720107	Broad decile
OTU_8102	Nitrosomonadaceae	0.522222222222222	117	19.0083597564377	0.20234112085885	Intermediate
OTU_478	Blastocatella	0.6	216	19.4210911423467	0.206978552161199	Intermediate
OTU_2732	Gemmatimonas	0.355555555555556	128	7.10827896273418	0.0686323478958897	Intermediate
OTU_5637	Pirellula	0.388888888888889	102	17.3815517129618	0.184062378797324	Intermediate
OTU_7648	JTB255 marine benthic group	0.522222222222222	472	17.2968473646057	0.183110644546132	Intermediate
OTU_740	OM1 clade	0.488888888888889	241	7.44062948757636	0.0723666234559142	Intermediate
OTU_668	Methanothermobacter	0.555555555555556	460	41.2147868225202	0.451851537331688	Broad decile
OTU_10330	480-2	0.488888888888889	140	15.8524878920544	0.166881886427577	Intermediate
OTU_3138	Nitrosomonadaceae	0.366666666666667	198	11.8553719291162	0.121970471113665	Intermediate
OTU_397	Bacillus	0.822222222222222	188	44.7653271809197	0.491745249223817	Broad decile
OTU_3392	AT425-EubC11 terrestrial group	0.255555555555556	146	7.10100016135077	0.0685505636106828	Intermediate
OTU_1398	Flavitalea	0.388888888888889	142	15.5269081518035	0.163223687098915	Intermediate
OTU_2730	Candidatus Accumulibacter	0.577777777777778	173	16.7492269642918	0.176957606340357	Intermediate
OTU_4111	Thiogranum	0.611111111111111	460	7.51210032977581	0.0731696666266945	Intermediate
OTU_594	Isosphaera	0.622222222222222	236	13.3094053070094	0.138307924797858	Intermediate
OTU_6875	Acidimicrobiaceae	0.577777777777778	145	21.3196195987389	0.228310332570099	Intermediate
OTU_8046	OM1 clade	0.211111111111111	101	7.32069847494379	0.0710190839881325	Intermediate
OTU_1618	Sphingomonadaceae	0.433333333333333	130	16.4710991115457	0.173832574287031	Intermediate
OTU_3572	Flavitalea	0.288888888888889	118	6.4010179457921	0.0606855948965404	Intermediate
OTU_1169	Desulfomonile	0.555555555555556	178	34.9843455969271	0.381846579740754	Broad decile
OTU_3653	Pseudospirillum	0.455555555555556	260	15.897706706429	0.167389962993584	Intermediate
OTU_4317	BSV13	0.577777777777778	379	17.2246879646315	0.182299864771141	Intermediate
OTU_9893	env.OPS 17	0.277777777777778	102	9.88119924677233	0.0997887555817116	Intermediate
OTU_2103	Xanthomonadales	0.0888888888888889	154	2.10227910400292	0.0123851584719429	Narrow decile
OTU_11491	OM1 clade	0.222222222222222	117	1.41596408811923	0.00467375379909247	Narrow decile
OTU_14202	Anaerolineaceae	0.211111111111111	110	5.77287422354966	0.0536278002646029	Intermediate
OTU_2211	Desulfobulbus	0.666666666666667	857	17.7344581924489	0.188027620139875	Intermediate
OTU_3332	Chloroplast	0.211111111111111	145	2.63395530786635	0.0183590484029927	Narrow decile
OTU_9166	Saprospiraceae	0.288888888888889	143	9.59298008890938	0.0965503380776335	Intermediate
OTU_445	Anaerolineaceae	0.322222222222222	103	8.1306974991846	0.0801201966200517	Intermediate
OTU_1205	Acidimicrobiales	0.8	456	20.0708766505171	0.214279512927159	Intermediate
OTU_1156	Pseudoxanthomonas	0.733333333333333	600	14.9092019367352	0.156283167828486	Intermediate
OTU_10311	S-BQ2-57 soil group	0.266666666666667	150	9.12554040985039	0.0912982068522516	Intermediate
OTU_1369	Subgroup 7	0.566666666666667	301	10.5120250752006	0.106876686238209	Intermediate
OTU_3473	Candidatus Anammoximicrobium	0.366666666666667	292	4.13189985249447	0.0351898859830839	Intermediate
OTU_8175	Ectothiorhodospiraceae	0.355555555555556	176	14.6635170821736	0.153522663844647	Intermediate
OTU_699	Coriobacteriaceae	0.755555555555556	333	29.892746382652	0.324637599805079	Broad decile
OTU_692	SC-I-84	0.633333333333333	386	11.8661672152472	0.122091766463452	Intermediate
OTU_4808	Latescibacteria	0.488888888888889	162	21.2095235577178	0.227073298401323	Intermediate
OTU_893	Marinobacter hydrocarbonoclasticus	0.5	718	2.70430504318831	0.0191494948672843	Narrow decile
OTU_2030	Gemmatimonadaceae	0.355555555555556	212	10.5860281790991	0.107708181787631	Intermediate
OTU_657	Bryobacter	0.577777777777778	333	19.4492095147627	0.207294488929918	Intermediate
OTU_3715	BSV26	0.444444444444444	145	23.8972388497647	0.25727234662657	Intermediate
OTU_1707	Sphingomonadaceae	0.5	481	13.8742374585537	0.144654353466896	Intermediate
OTU_3374	Coriobacteriaceae	0.244444444444444	128	7.84274217569962	0.0768847435471867	Intermediate
OTU_2805	Gemmatimonadaceae	0.555555555555556	218	18.8894251802773	0.201004777306487	Intermediate
OTU_5406	Veillonellaceae	0.488888888888889	159	13.2960733747472	0.138158127806149	Intermediate
OTU_1999	Xanthomonadaceae	0.477777777777778	431	1.87772703211767	0.00986210148446815	Narrow decile
OTU_4892	Massilia	0.666666666666667	246	21.3752690701072	0.228935607529294	Intermediate
OTU_4144	Altererythrobacter gangjinensis	0.177777777777778	138	5.37904818427233	0.0492027885873295	Intermediate
OTU_2003	TK10	0.266666666666667	257	10.0604740792082	0.101803079541665	Intermediate
OTU_1592	Subgroup 2	0.233333333333333	218	4.81082351662409	0.0428182417598212	Intermediate
OTU_4074	Gaiella	0.422222222222222	157	16.0663409211556	0.169284729451187	Intermediate
OTU_2117	Ignavibacteriales	0.5	207	10.9334974595421	0.111612331006091	Intermediate
OTU_3530	Anaerolineaceae	0.344444444444444	230	8.70794075789585	0.086606075931414	Intermediate
OTU_5916	SC-I-84	0.477777777777778	109	19.3559410241356	0.206246528361074	Intermediate
OTU_3139	Anaerolinea	0.444444444444444	449	16.6607979650699	0.175964022079437	Intermediate
OTU_4142	WD2101 soil group	0.344444444444444	153	11.9766499287092	0.123333145266396	Intermediate
OTU_3778	Bauldia	0.577777777777778	135	28.8728317690711	0.313177885045743	Broad decile
OTU_3134	BD2-11 terrestrial group	0.322222222222222	175	10.0148760546744	0.101290742187353	Intermediate
OTU_4522	Rhodobacteraceae	0.222222222222222	144	3.84949859872385	0.0320168381879084	Intermediate
OTU_3886	Bryobacter	0.322222222222222	114	4.53514934852798	0.0397207791969436	Intermediate
OTU_2963	Candidatus Solibacter	0.366666666666667	110	14.7891916446133	0.154934737579925	Intermediate
OTU_3977	Blastocatella	0.344444444444444	174	12.7512241755575	0.132036226691657	Intermediate
OTU_951	Anaerolineaceae	0.222222222222222	295	4.79302769824268	0.0426182887442997	Intermediate
OTU_1093	Nitrosomonadaceae	0.322222222222222	111	9.88228518264709	0.0998009571083943	Intermediate
OTU_7232	Draconibacterium	0.355555555555556	107	17.2166884254773	0.182209982308733	Intermediate
OTU_7157	OM1 clade	0.577777777777778	176	25.4573262867021	0.274801418951709	Intermediate
OTU_7697	Anaerolineaceae	0.277777777777778	109	12.1736145906783	0.125546231355936	Intermediate
OTU_1988	Marinobacter	0.644444444444444	615	5.35096625275499	0.04888726126691	Intermediate
OTU_2917	Xanthomonadales Incertae Sedis	0.633333333333333	306	9.37895583524521	0.0941455711825305	Intermediate
OTU_9944	AKYH767	0.444444444444444	114	22.5349714011024	0.241965970798903	Intermediate
OTU_872	Syntrophaceae	0.277777777777778	166	5.22468440855737	0.0474683641410941	Intermediate
OTU_10459	Candidatus Solibacter	0.377777777777778	119	12.5121356021602	0.129349838226519	Intermediate
OTU_9762	KD4-96	0.488888888888889	216	11.4128660149729	0.116998494550258	Intermediate
OTU_2143	Subgroup 7	0.511111111111111	143	16.6829297249418	0.176212693538672	Intermediate
OTU_3823	Peredibacter	0.277777777777778	146	6.60083435966134	0.0629307231422622	Intermediate
OTU_913	Caldilineaceae	0.266666666666667	130	3.39123275660802	0.0268677837821126	Narrow decile
OTU_7686	OM1 clade	0.4	180	15.1676332587198	0.159186890547413	Intermediate
OTU_1354	Rhodocyclaceae	0.377777777777778	150	11.6024159028645	0.119128268571511	Intermediate
OTU_559	Subgroup 6	0.544444444444444	434	9.20937331841114	0.092240149645069	Intermediate
OTU_6714	WD2101 soil group	0.422222222222222	115	18.7111041825205	0.199001170590118	Intermediate
OTU_6200	Subgroup 6	0.533333333333333	291	16.5884157263246	0.175150738498029	Intermediate
OTU_413	480-2	0.711111111111111	184	42.4066304172197	0.465243038395727	Broad decile
OTU_887	Bryobacter	0.544444444444444	296	25.1471296563947	0.271316063554997	Intermediate
OTU_9630	Massilia	0.5	129	20.1213168595543	0.214846256848924	Intermediate
OTU_3404	Candidatus Alysiosphaera	0.433333333333333	191	9.07746990941221	0.0907580888698001	Intermediate
OTU_3658	Saccharibacteria	0.377777777777778	226	8.8803444629538	0.0885431962129641	Intermediate
OTU_9382	WCHB1-32	0.444444444444444	251	10.1405510319758	0.102702820583998	Intermediate
OTU_1332	Anaerolineaceae	0.233333333333333	119	7.85653667753455	0.0770397379498264	Intermediate
OTU_4089	Anaerolineaceae	0.144444444444444	138	1.49182321163468	0.0055261035015132	Narrow decile
OTU_2043	Verrucomicrobiaceae	0.333333333333333	101	8.44856915759556	0.0836917882875905	Intermediate
OTU_1738	Nordella	0.477777777777778	145	19.424559463019	0.207017522056393	Intermediate
OTU_1324	Parafilimonas	0.522222222222222	234	14.6747277900287	0.153648626854255	Intermediate
OTU_1188	Anaerolineaceae	0.522222222222222	424	13.7306928744757	0.143041492971637	Intermediate
OTU_3679	Verrucomicrobiaceae	0.511111111111111	120	34.0667512201342	0.371536530563305	Broad decile
OTU_3797	Desulfuromonas	0.6	186	26.9362596398449	0.291418647638707	Broad decile
OTU_3782	Ferruginibacter	0.6	604	11.9398746598741	0.122919939998586	Intermediate
OTU_9217	Anaerolineaceae	0.277777777777778	119	6.62129155076821	0.0631605792221148	Intermediate
OTU_4179	Devosia	0.455555555555556	117	21.05831335073	0.225374307311573	Intermediate
OTU_659	Sphingopyxis	0.577777777777778	599	19.9626921390499	0.213063956618539	Intermediate
OTU_3148	Planctomycetaceae	0.366666666666667	114	9.11197781531528	0.0911458181496098	Intermediate
OTU_1338	Opitutus	0.6	342	19.6112108301304	0.209114728428431	Intermediate
OTU_7999	Erythrobacteraceae	0.522222222222222	210	18.4218851404693	0.19575151843224	Intermediate
OTU_1971	Illumatobacter	0.577777777777778	448	12.5079867525923	0.129303221939239	Intermediate
OTU_10144	Subgroup 7	0.566666666666667	176	15.0612752549886	0.157991856797625	Intermediate
OTU_1935	OM190	0.666666666666667	216	28.6792749085872	0.311003088860531	Broad decile
OTU_2290	Hydrogenophilaceae	0.4	284	13.791848900356	0.143728639329843	Intermediate
OTU_4712	Acidobacteriaceae (Subgroup 1)	0.333333333333333	390	5.25968951407435	0.0478616799334197	Intermediate
OTU_7597	SC-I-84	0.388888888888889	170	7.57012069155687	0.0738215808040098	Intermediate
OTU_1269	Acidimicrobiaceae	0.588888888888889	491	13.3666503776851	0.138951127839159	Intermediate
OTU_1132	Chitinophagaceae	0.5	143	10.7484151697643	0.109532754716453	Intermediate
OTU_1812	Desulfuromonadales	0.577777777777778	451	14.0267427607037	0.146367896187682	Intermediate
OTU_154	Comamonadaceae	0.8	2674	45.189837807147	0.496515031540977	Broad decile
OTU_9057	Caulobacteraceae	0.4	136	22.6144943451914	0.242859487024622	Intermediate
OTU_538	Acidobacteriaceae (Subgroup 1)	0.644444444444444	490	10.4549984927974	0.106235938121319	Intermediate
OTU_172	Anaerolineaceae	0.611111111111111	2531	14.2338491555616	0.148694934332153	Intermediate
OTU_3368	Anaerolineaceae	0.166666666666667	113	4.78209910075685	0.0424954955141219	Intermediate
OTU_2219	Aeromicrobium	0.566666666666667	177	22.4936824168897	0.241502049627974	Intermediate
OTU_1145	Xanthomonas	0.344444444444444	278	4.79953903778584	0.0426914498627622	Intermediate
OTU_1676	Nitrosomonadaceae	0.466666666666667	176	17.1256137766179	0.181186671647393	Intermediate
OTU_3867	Subgroup 7	0.777777777777778	518	21.949042211091	0.235382496753832	Intermediate
OTU_4102	Hydrogenophilaceae	0.211111111111111	110	3.84303267367775	0.0319441873446938	Intermediate
OTU_7486	Bacillus	0.477777777777778	105	33.6144971994432	0.366455024712845	Broad decile
OTU_1833	OM190	0.433333333333333	310	14.8577919984991	0.155705528073024	Intermediate
OTU_3255	Anaerolineaceae	0.188888888888889	160	8.92447519602893	0.0890390471463925	Intermediate
OTU_627	Anaerolineaceae	0.433333333333333	286	3.03633075865258	0.0228801208837369	Narrow decile
OTU_493	Acidobacteriaceae (Subgroup 1)	0.311111111111111	133	8.6682406957032	0.0861600078168899	Intermediate
OTU_422	OM1 clade	0.355555555555556	431	2.80859687797515	0.0203213132356759	Narrow decile
OTU_3076	S0134 terrestrial group	0.266666666666667	179	6.05190839711759	0.0567630156979505	Intermediate
OTU_847	Magnetospirillum	0.577777777777778	609	21.5897255240444	0.231345230607241	Intermediate
OTU_879	Sphingomonas	0.944444444444444	1220	17.7208374258645	0.187874577818703	Intermediate
OTU_1423	Fastidiosipila	0.4	104	11.6174738601039	0.119297459102291	Intermediate
OTU_2240	Candidatus Solibacter	0.355555555555556	196	14.1276318717137	0.147501481704649	Intermediate
OTU_1700	Caulobacter	0.488888888888889	111	29.4426727173672	0.319580592329968	Broad decile
OTU_1996	Flavobacteriaceae	0.277777777777778	304	1.90272416307175	0.0101429681244017	Narrow decile
OTU_1196	Anaerolineaceae	0.655555555555556	1417	9.8154058376251	0.0990495037935404	Intermediate
OTU_6130	Ohtaekwangia	0.433333333333333	171	14.6072811949657	0.152890799943435	Intermediate
OTU_3536	Prolixibacter	0.2	106	3.09767161784914	0.0235693440207768	Narrow decile
OTU_5975	Acidobacteriaceae (Subgroup 1)	0.344444444444444	100	8.83698047708192	0.0880559604166508	Intermediate
OTU_5319	OPB35 soil group	0.3	115	13.5431088955885	0.140933807815601	Intermediate
OTU_858	Anaerolineaceae	0.188888888888889	156	6.24837185538714	0.0589704702852488	Intermediate
OTU_11139	Subgroup 6	0.411111111111111	137	11.1594092315106	0.114150665522591	Intermediate
OTU_7179	Chloroflexi	0.4	159	13.5325370324641	0.140815022836675	Intermediate
OTU_7570	Rhizobiales	0.644444444444444	174	25.7880077070512	0.278516940528666	Intermediate
OTU_1401	BD2-11 terrestrial group	0.233333333333333	211	1.23810306597919	0.00267531534808078	Narrow decile
OTU_2253	SEEP-SRB1	0.344444444444444	107	10.0486901844459	0.101670676229729	Intermediate
OTU_9941	Nitrosomonadaceae	0.466666666666667	148	19.2335950855922	0.204871854894294	Intermediate
OTU_7984	OM190	0.366666666666667	165	14.4185556439483	0.150770288134251	Intermediate
OTU_8339	AT425-EubC11 terrestrial group	0.222222222222222	127	10.4288400494202	0.105942023027194	Intermediate
OTU_2977	Pir4 lineage	0.388888888888889	158	16.5348104955165	0.174548432533893	Intermediate
OTU_3659	Frankiales	0.844444444444444	545	29.4291119971311	0.319428224686867	Broad decile
OTU_12364	Nitrospira	0.488888888888889	149	14.6435773712591	0.153298622148978	Intermediate
OTU_1746	Altererythrobacter	0.6	279	16.5344473123646	0.174544351824322	Intermediate
OTU_783	Chthoniobacter	0.522222222222222	255	20.7554698331535	0.221971571159029	Intermediate
OTU_2127	Anaerovorax	0.155555555555556	192	1.92211004371726	0.0103607870080591	Narrow decile
OTU_7044	JG30-KF-CM66	0.3	113	13.068290894928	0.135598774100315	Intermediate
OTU_803	Blastocatella	0.7	416	19.9273258542296	0.212666582631793	Intermediate
OTU_2784	Thioclava	0.488888888888889	335	21.788939511833	0.233583590020596	Intermediate
OTU_2186	Subgroup 6	0.533333333333333	238	19.2306575858213	0.20483884927889	Intermediate
OTU_11657	Subgroup 7	0.3	111	2.97163735273302	0.0221532286823934	Narrow decile
OTU_7691	TK10	0.266666666666667	111	11.2250688867921	0.114888414458338	Intermediate
OTU_6486	Nakamurella	0.533333333333333	125	24.0767593193099	0.259289430554043	Intermediate
OTU_2206	Chloroflexi	0.411111111111111	369	9.95998532641675	0.100673992431649	Intermediate
OTU_9481	Longilinea	0.211111111111111	139	2.18403728782188	0.0133037897508077	Narrow decile
OTU_3924	TK10	0.288888888888889	132	10.3609031023505	0.105178686543264	Intermediate
OTU_2649	SJA-28	0.388888888888889	244	10.7098884650304	0.109099870393599	Intermediate
OTU_9399	Chloroflexi	0.344444444444444	104	16.8670775198823	0.178281769886318	Intermediate
OTU_7365	Latescibacteria	0.288888888888889	107	8.17437980123281	0.0806110090026158	Intermediate
OTU_2129	Rhodoplanes	0.466666666666667	115	21.7480569611084	0.233124235518071	Intermediate
OTU_2221	JTB255 marine benthic group	0.622222222222222	342	10.3497766009116	0.105053669673164	Intermediate
OTU_536	Chitinophagaceae	0.711111111111111	430	25.2535025802442	0.272511264946564	Intermediate
OTU_2059	Rhodobacteraceae	0.711111111111111	243	29.7199008166329	0.322695514793628	Broad decile
OTU_3219	OM190	0.344444444444444	121	3.02600704591328	0.0227641241113851	Narrow decile
OTU_5552	Variibacter	0.511111111111111	114	24.337734371311	0.262221734509113	Intermediate
OTU_1154	Chitinophagaceae	0.411111111111111	204	10.2822706103114	0.104295175396757	Intermediate
OTU_3656	Frankiales	0.566666666666667	136	14.3548818783609	0.150054852565853	Intermediate
OTU_3671	Candidatus Solibacter	0.333333333333333	158	10.5397112936272	0.107187767344126	Intermediate
OTU_3206	Rhodobacter	0.544444444444444	149	25.865676642639	0.279389625198191	Intermediate
OTU_2125	JG37-AG-4	0.455555555555556	706	3.92820750757368	0.032901207950266	Intermediate
OTU_925	Christensenellaceae R-7 group	0.411111111111111	288	8.14545202784188	0.0802859778409201	Intermediate
OTU_2556	Jatrophihabitans	0.655555555555556	182	28.2976207941402	0.306714840383598	Broad decile
OTU_4176	TK10	0.177777777777778	116	7.10879172464152	0.0686381092656351	Intermediate
OTU_13604	Chitinophagaceae	0.222222222222222	105	10.1492765141177	0.102800859709188	Intermediate
OTU_3637	Subgroup 6	0.455555555555556	243	12.2397347357308	0.126289154334054	Intermediate
OTU_1065	KCM-B-15	0.466666666666667	137	13.0030555295335	0.134865792466668	Intermediate
OTU_2114	KD4-96	0.488888888888889	130	14.7689457063225	0.154707255127219	Intermediate
OTU_3866	Subgroup 17	0.377777777777778	137	14.3805074610709	0.150342780461471	Intermediate
OTU_679	Psychrobacter	0.477777777777778	196	15.5499772077124	0.163482889974296	Intermediate
OTU_11137	Acidimicrobiales	0.455555555555556	110	18.1095131022738	0.192241720250267	Intermediate
OTU_7312	S0134 terrestrial group	0.166666666666667	141	2.70656505816721	0.0191748882940136	Narrow decile
OTU_3896	Xanthobacteraceae	0.444444444444444	250	5.77505444616275	0.053652297147896	Intermediate
OTU_336	Family XIII	0.411111111111111	634	3.31250628842674	0.0259832167238959	Narrow decile
OTU_3369	Family XI	0.188888888888889	103	6.74589136002379	0.064560577078919	Intermediate
OTU_10563	HSB OF53-F07	0.1	157	3.30625970917664	0.025913030440187	Narrow decile
OTU_3992	Ruminiclostridium	0.377777777777778	168	11.1285491256222	0.1138039227598	Intermediate
OTU_3888	Acidaminobacter	0.333333333333333	291	6.70571551704511	0.0641091631128664	Intermediate
OTU_3412	Chloroflexi	0.333333333333333	190	7.89826692562232	0.0775086171418238	Intermediate
OTU_607	Yangia	0.466666666666667	393	6.6256147979791	0.0632091550334731	Intermediate
OTU_10109	Gemmatimonas	0.455555555555556	205	13.0963770618765	0.135914349009848	Intermediate
OTU_3811	SB-5	0.511111111111111	168	19.4380468074369	0.2071690652521	Intermediate
OTU_3251	AKYG587	0.177777777777778	115	2.57047606354904	0.0176457984668432	Narrow decile
OTU_1854	Rhodobacteraceae	0.588888888888889	522	12.7219873172869	0.131707722666145	Intermediate
OTU_3725	Ignavibacterium	0.4	206	9.93042943116821	0.100341903720991	Intermediate
OTU_2605	Subgroup 7	0.233333333333333	179	7.38318449441843	0.0717211740945891	Intermediate
OTU_11828	Gaiellales	0.355555555555556	130	5.48886928285398	0.0504367335152132	Intermediate
OTU_554	OM1 clade	0.377777777777778	353	6.35058371388679	0.0601189181335594	Intermediate
OTU_13156	Haliea	0.444444444444444	201	15.0367761412607	0.157716585856862	Intermediate
OTU_1293	BSV13	0.6	466	11.4680025277049	0.117618005929269	Intermediate
OTU_2274	Gitt-GS-136	0.288888888888889	180	2.36370572032304	0.015322536183405	Narrow decile
OTU_3194	Anaerolineaceae	0.633333333333333	806	16.9626913642997	0.17935608274494	Intermediate
OTU_1471	Rhodobacteraceae	0.322222222222222	398	3.82421194490159	0.0317327184820404	Intermediate
OTU_426	Blastocatella	0.566666666666667	833	20.8097041078784	0.222580945032342	Intermediate
OTU_6575	WD272	0.233333333333333	168	6.04506560982907	0.0566861304475176	Intermediate
OTU_3133	Candidatus Thiobios	0.277777777777778	161	6.06525584059095	0.056912986972932	Intermediate
OTU_11927	Gaiellales	0.388888888888889	139	11.975683800237	0.123322289890303	Intermediate
OTU_1165	Planctomycetaceae	0.488888888888889	166	14.9057619627245	0.156244516435107	Intermediate
OTU_7435	DA101 soil group	0.311111111111111	170	5.88493631038211	0.054886924835754	Intermediate
OTU_3892	Subgroup 2	0.111111111111111	138	3.6363676582712	0.0296221085199011	Narrow decile
OTU_3794	Ferruginibacter	0.222222222222222	115	3.4220216867554	0.0272137268174764	Narrow decile
OTU_2432	Bryobacter	0.344444444444444	156	4.90647898984654	0.0438930223578263	Intermediate
OTU_5668	Desulfuromonadaceae	0.455555555555556	170	10.4370659553918	0.106034448936987	Intermediate
OTU_1183	W27	0.577777777777778	201	29.7878536726379	0.323459030029639	Broad decile
OTU_7726	Anaerolineaceae	0.366666666666667	176	11.2530504285776	0.115202813804243	Intermediate
OTU_7396	KI89A clade	0.622222222222222	269	21.3535304258244	0.22869135309915	Intermediate
OTU_5859	BSV26	0.211111111111111	123	5.77663288038224	0.0536700323638454	Intermediate
OTU_12113	Bryobacter	0.388888888888889	170	13.0566194541924	0.135467634316769	Intermediate
OTU_7389	Truepera	0.355555555555556	168	14.3720162938543	0.15024737408825	Intermediate
OTU_9680	Rhodobacteraceae	0.5	146	20.7079400868994	0.221437529066285	Intermediate
OTU_1968	OPB35 soil group	0.522222222222222	320	15.7637021040762	0.165884293304227	Intermediate
OTU_1003	Chitinophagaceae	0.333333333333333	120	11.1452113136824	0.113991138355982	Intermediate
OTU_5874	OPB35 soil group	0.222222222222222	103	7.53756577657949	0.0734557952424661	Intermediate
OTU_11012	Myxococcales	0.544444444444444	104	35.3148016739493	0.385559569370217	Broad decile
OTU_7776	Desulfatiglans	0.477777777777778	152	16.959933857513	0.179325099522617	Intermediate
OTU_5877	Gramella	0.122222222222222	109	4.25021136402771	0.0365192288093001	Intermediate
OTU_7680	Subgroup 6	0.422222222222222	100	14.8882479959303	0.156047730291351	Intermediate
OTU_9626	Coriobacteriaceae	0.488888888888889	112	19.6992556420913	0.210103995978554	Intermediate
OTU_10698	OM1 clade	0.411111111111111	154	7.80498549538236	0.0764605111840714	Intermediate
OTU_3639	OPB35 soil group	0.488888888888889	138	16.4007953025712	0.173042643849115	Intermediate
OTU_1830	Subgroup 23	0.655555555555556	790	16.0396822994567	0.168985194375918	Intermediate
OTU_11069	Anaerolineaceae	0.233333333333333	111	2.95173581598867	0.021929615909985	Narrow decile
OTU_9369	Bradyrhizobium	0.655555555555556	208	23.0864518241636	0.248162380046782	Intermediate
OTU_2347	Marinicella	0.166666666666667	133	2.59951691943084	0.0179721002183241	Narrow decile
OTU_4189	Oryzihumus	0.6	280	15.4310536985327	0.16214667077003	Intermediate
OTU_1243	Arcicella	0.555555555555556	284	39.1708742195287	0.428886227185716	Broad decile
OTU_438	Bacteroidetes BD2-2	0.622222222222222	938	2.97372060727792	0.0221766360368305	Narrow decile
OTU_6520	Subgroup 21	0.3	206	10.0474620910818	0.101656877427886	Intermediate
OTU_615	Anaerolineaceae	0.411111111111111	312	4.710263104654	0.0416883494904944	Intermediate
OTU_534	S-BQ2-57 soil group	0.377777777777778	385	7.77775464394683	0.0761545465612003	Intermediate
OTU_3268	Flammeovirgaceae	0.455555555555556	410	12.6123163969809	0.130475465134617	Intermediate
OTU_4081	Planctomycetaceae	0.244444444444444	199	3.5472319076303	0.0286205832318011	Narrow decile
OTU_9422	Rhodospirillaceae	0.366666666666667	267	2.24638779510519	0.0140043572483729	Narrow decile
OTU_890	KD4-96	0.444444444444444	329	12.8027596155638	0.132615276579369	Intermediate
OTU_7548	Nitrospinaceae	0.244444444444444	164	5.80453829794301	0.0539835763813822	Intermediate
OTU_1379	JG37-AG-4	0.166666666666667	315	1.32721056350891	0.0036765231854934	Narrow decile
OTU_6750	Caldilineaceae	0.433333333333333	111	20.6693007725801	0.221003379467193	Intermediate
OTU_12238	Subgroup 2	0.355555555555556	279	8.11642456350162	0.079959826556198	Intermediate
OTU_1523	C0119	0.244444444444444	125	4.36764391660962	0.0378386956922429	Intermediate
OTU_2966	NA	0.255555555555556	118	2.86018052833035	0.0209009048127005	Narrow decile
OTU_3098	Saprospiraceae	0.344444444444444	248	9.51958159791646	0.0957256359316456	Intermediate
OTU_7760	OPB41	0.277777777777778	112	12.2503661982226	0.126408608968794	Intermediate
OTU_2786	Marinicella	0.511111111111111	111	25.8022741570425	0.278677237719579	Intermediate
OTU_10181	KD4-96	0.288888888888889	111	9.65583491941429	0.0972565721282505	Intermediate
OTU_4109	Anaerolineaceae	0.266666666666667	163	4.48916786351703	0.0392041332979441	Intermediate
OTU_6604	Gemmatimonadaceae	0.444444444444444	235	15.5726916720447	0.163738108674659	Intermediate
OTU_1764	Pseudomonas	0.511111111111111	362	2.43636545865306	0.0161389377376748	Narrow decile
OTU_12064	KF-JG30-B3	0.455555555555556	106	23.1701103571949	0.249102363563988	Intermediate
OTU_1741	Cytophagaceae	0.311111111111111	107	6.12856573913697	0.0576243341476064	Intermediate
OTU_3974	SC-I-84	0.555555555555556	246	11.2700872462873	0.115394238722329	Intermediate
OTU_3041	Rhodobacteraceae	0.277777777777778	376	4.01891383469019	0.0339203801650583	Intermediate
OTU_6190	S0134 terrestrial group	0.366666666666667	120	7.41783229082795	0.0721104751778421	Intermediate
OTU_3575	OPB35 soil group	0.477777777777778	155	16.9379050045803	0.179077584321127	Intermediate
OTU_10746	TK10	0.344444444444444	260	8.95897019304303	0.089426631382506	Intermediate
OTU_11540	OM1 clade	0.533333333333333	308	18.2989678071995	0.194370424799995	Intermediate
OTU_3258	AKYG1722	0.422222222222222	263	10.2852732827862	0.104328913289733	Intermediate
OTU_1009	OPB35 soil group	0.466666666666667	235	9.74916595727841	0.0983052354750383	Intermediate
OTU_6263	Variibacter	0.322222222222222	131	4.16488470169534	0.0355605022662398	Intermediate
OTU_3550	Nitrosococcus	0.511111111111111	209	15.2539880258242	0.160157168829485	Intermediate
OTU_12622	Bryobacter	0.388888888888889	104	18.0574124957682	0.191656320177171	Intermediate
OTU_7568	Azotobacter	0.322222222222222	122	2.19128512206805	0.0133852260906522	Narrow decile
OTU_3862	NA	0.388888888888889	149	11.3583063535981	0.11638546464717	Intermediate
OTU_10388	TK10	0.322222222222222	112	10.5588043434985	0.107402295994366	Intermediate
OTU_2199	Subgroup 7	0.244444444444444	174	4.54819688205339	0.0398673806972291	Intermediate
OTU_6923	OM1 clade	0.3	180	4.13901249653637	0.0352698033318693	Intermediate
OTU_1936	OPB35 soil group	0.222222222222222	124	5.1167297211488	0.0462553901252674	Intermediate
OTU_556	Halanaerobium	0.222222222222222	280	2.32149521597655	0.0148482608536691	Narrow decile
OTU_2651	Gemmatimonas	0.433333333333333	144	18.2782173909471	0.194137274055586	Intermediate
OTU_7299	Sandaracinaceae	0.344444444444444	100	8.13332262672615	0.0801496924351253	Intermediate
OTU_10362	Chloroflexi	0.233333333333333	106	8.48103943689821	0.0840566228864967	Intermediate
OTU_4516	Chloroflexales	0.155555555555556	170	2.7798697094457	0.0199985360611876	Narrow decile
OTU_4177	AKYG1722	0.255555555555556	106	6.22023334000082	0.0586543071910204	Intermediate
OTU_167	DA101 soil group	0.566666666666667	216	20.174826001863	0.215447483167	Intermediate
OTU_1883	Methyloceanibacter	0.666666666666667	603	20.0814884353969	0.214398746465134	Intermediate
OTU_5855	Acidimicrobiales	0.288888888888889	125	6.71950475355503	0.0642640983545509	Intermediate
OTU_1300	OM1 clade	0.333333333333333	225	3.39340548699615	0.0268921964831028	Narrow decile
OTU_7495	Blastopirellula	0.311111111111111	105	15.1065656214165	0.158500737319287	Intermediate
OTU_1373	Xanthomonadales	0.2	119	3.16981242897689	0.0243799149323246	Narrow decile
OTU_1331	Anaerolineaceae	0.588888888888889	437	18.0914400169685	0.192038651876051	Intermediate
OTU_168	Flavobacteriaceae	0.4	679	6.45589168238235	0.0613021537346331	Intermediate
OTU_1075	WD272	0.2	322	2.74663752471514	0.0196251407271364	Narrow decile
OTU_2343	Caldilineaceae	0.266666666666667	113	10.0260525761602	0.101416321080452	Intermediate
OTU_2968	Gemmatimonas	0.322222222222222	121	13.0204577142366	0.135061322631872	Intermediate
OTU_930	Anaerolineaceae	0.6	274	12.8157205051552	0.132760904552306	Intermediate
OTU_2928	Iamia	0.588888888888889	194	29.9795163460396	0.325612543213928	Broad decile
OTU_4153	Aeromonas	0.233333333333333	104	5.30852094091313	0.0484103476507093	Intermediate
OTU_3973	Anaerolineaceae	0.422222222222222	160	18.4407338924929	0.195963302162842	Intermediate
OTU_1527	Sorangium	0.422222222222222	110	19.6139212515619	0.209145182601819	Intermediate
OTU_4036	Anaerolineaceae	0.355555555555556	267	8.34062446953304	0.0824789266239667	Intermediate
OTU_3132	Subgroup 21	0.255555555555556	140	10.2782694470211	0.104250218505856	Intermediate
OTU_4529	Smithella	0.3	222	4.72681039865676	0.0418742741422108	Intermediate
OTU_1206	Zeaxanthinibacter	0.366666666666667	441	5.95685376795047	0.0556949861567469	Intermediate
OTU_3105	Anaerolineaceae	0.388888888888889	182	13.3328669802973	0.138571539104464	Intermediate
OTU_8324	GR-WP33-58	0.177777777777778	109	4.11221054019343	0.0349686577549824	Intermediate
OTU_3200	Gaiellales	0.655555555555556	443	18.8811795517883	0.200912129795374	Intermediate
OTU_4158	Gemmatimonadaceae	0.5	199	13.9101070285249	0.145057382342977	Intermediate
OTU_4906	KD4-96	0.5	180	20.343998215427	0.21734829455536	Intermediate
OTU_849	MB-A2-108	0.366666666666667	309	2.81488011672885	0.0203919114239196	Narrow decile
OTU_13071	Anaerolineaceae	0.177777777777778	140	4.46916934897697	0.0389794308873817	Intermediate
OTU_10516	Subgroup 7	0.688888888888889	496	12.2818222067894	0.126762047267296	Intermediate
OTU_3853	Nitrospiraceae	0.222222222222222	155	3.53229123356673	0.0284527104895139	Narrow decile
OTU_4136	Labrenzia	0.255555555555556	120	3.75963740779077	0.0310071618852895	Intermediate
OTU_8057	JTB255 marine benthic group	0.388888888888889	387	5.79172354147134	0.0538395903536106	Intermediate
OTU_11275	Gemmatimonadaceae	0.466666666666667	268	9.06749486866621	0.0906460097602945	Intermediate
OTU_3254	Pontibacter	0.222222222222222	109	7.62081162806289	0.074391141888347	Intermediate
OTU_7969	Rhodomicrobium	0.233333333333333	106	8.49775544950865	0.0842444432529062	Intermediate
OTU_530	JTB255 marine benthic group	0.544444444444444	1282	7.80996977969219	0.0765165143785639	Intermediate
OTU_6813	Desulfobulbaceae	0.2	107	5.30002176054172	0.0483148512420418	Intermediate
OTU_8503	Rhodobacteraceae	0.555555555555556	154	18.6859817648769	0.198718896234572	Intermediate
OTU_302	YNPFFP1	0.555555555555556	150	14.621590730208	0.153051581238292	Intermediate
OTU_10782	Lutibacter	0.355555555555556	179	7.62649149815654	0.0744549606534442	Intermediate
OTU_2063	Order III	0.166666666666667	178	2.21031375000154	0.0135990308988937	Narrow decile
OTU_7772	Rhodothermaceae	0.333333333333333	123	11.4594052518871	0.117521407324575	Intermediate
OTU_1817	SC-I-84	0.333333333333333	234	9.62257960754733	0.096882916938734	Intermediate
OTU_1357	RB41	0.433333333333333	184	16.2694147683356	0.171566458071187	Intermediate
OTU_9313	Armatimonadetes	0.355555555555556	107	16.5722743001302	0.174969374158766	Intermediate
OTU_702	Anaerolinea	0.544444444444444	391	15.8360626607358	0.166697333266695	Intermediate
OTU_4331	Anaerolineaceae	0.233333333333333	103	13.8590163107098	0.144483329333818	Intermediate
OTU_3048	Bryobacter	0.355555555555556	121	15.9288418557838	0.167739796132403	Intermediate
OTU_2172	JG37-AG-4	0.122222222222222	220	1.29906562607674	0.00336028793344646	Narrow decile
OTU_4958	Mesorhizobium	0.544444444444444	179	19.8535107552472	0.21183719949716	Intermediate
OTU_7899	Desulfobulbus	0.433333333333333	418	9.74545197069937	0.098263505288757	Intermediate
OTU_178	Pedobacter	0.688888888888889	1704	13.376770843917	0.139064840942888	Intermediate
OTU_6211	Lactobacillus	0.488888888888889	106	35.1490473213251	0.383697160913766	Broad decile
OTU_4524	Sva0081 sediment group	0.311111111111111	122	10.463225329437	0.106328374488056	Intermediate
OTU_5462	Reyranella	0.511111111111111	110	30.6624103144409	0.333285509151022	Broad decile
OTU_2044	Latescibacteria	0.311111111111111	166	3.92852419836957	0.0329047662738153	Intermediate
OTU_3492	SJA-149	0.377777777777778	124	16.0508988777449	0.169111223345448	Intermediate
OTU_3608	Rhodobiaceae	0.388888888888889	117	18.0009058357534	0.19102141388487	Intermediate
OTU_2276	Nitrospira	0.433333333333333	141	7.6523804424755	0.0747458476682641	Intermediate
OTU_3983	Imtechella	0.188888888888889	123	4.01580161624969	0.0338854114185358	Intermediate
OTU_9373	Draconibacteriaceae	0.144444444444444	107	4.30611910910974	0.0371474057203341	Intermediate
OTU_2727	Rhodopirellula	0.311111111111111	166	5.56871550297142	0.0513338820558587	Intermediate
OTU_1265	S0134 terrestrial group	0.555555555555556	330	8.84335264726225	0.0881275578344073	Intermediate
OTU_2775	Ectothiorhodospiraceae	0.477777777777778	223	5.52254644571195	0.0508151286035051	Intermediate
OTU_959	SAR202 clade	0.111111111111111	184	1.09503030318014	0.00106775621550725	Narrow decile
OTU_1208	Anaerolineaceae	0.288888888888889	224	4.41086546038433	0.0383243310155542	Intermediate
OTU_2110	PAUC26f	0.677777777777778	348	24.4773617903221	0.263790581913731	Intermediate
OTU_2351	Pirellula	0.555555555555556	164	19.61283037289	0.209132925538089	Intermediate
OTU_4275	Desulfobacteraceae	0.222222222222222	107	5.58021897754658	0.0514631345791751	Intermediate
OTU_7297	Chloroflexi	0.177777777777778	141	3.44372813859089	0.0274576195347291	Narrow decile
OTU_2115	S085	0.233333333333333	111	6.42607056952521	0.060967085050845	Intermediate
OTU_2349	Flammeovirgaceae	0.444444444444444	694	6.59540265918789	0.0628696927998639	Intermediate
OTU_11045	Candidatus Koribacter	0.377777777777778	268	11.6262693142346	0.119396284429602	Intermediate
OTU_1839	Anaerolineaceae	0.322222222222222	172	11.2745110682502	0.115443944587081	Intermediate
OTU_1850	Methylotenera	0.344444444444444	218	13.144216367806	0.136451869301191	Intermediate
OTU_626	Flavobacterium	0.5	611	12.6367319564463	0.130749797263442	Intermediate
OTU_10056	Rhodopirellula	0.444444444444444	115	17.0313339701879	0.180127347979639	Intermediate
OTU_1158	WD2101 soil group	0.611111111111111	215	26.3143947670153	0.284431401876576	Intermediate
OTU_10379	Candidatus Solibacter	0.344444444444444	105	7.44900339096368	0.0724607122580189	Intermediate
OTU_3815	Verrucomicrobiaceae	0.2	125	5.46340793033775	0.0501506509026714	Intermediate
OTU_7930	Blastocatella	0.277777777777778	135	2.30471899923839	0.0146597640363865	Narrow decile
OTU_1609	HSB OF53-F07	0.0777777777777778	114	1.63933507308096	0.0071835401469771	Narrow decile
OTU_4344	Rhodobiaceae	0.166666666666667	118	4.18102673043934	0.035741873375723	Intermediate
OTU_7692	Desulfatitalea	0.355555555555556	143	7.30596184799416	0.0708535039100467	Intermediate
OTU_13305	Desulfobulbus	0.411111111111111	188	14.3836528322332	0.150378121710485	Intermediate
OTU_785	Acidibacter	0.566666666666667	114	20.7815199259661	0.22226426883108	Intermediate
OTU_1901	GKS98 freshwater group	0.522222222222222	257	40.0936242334279	0.439254204869976	Broad decile
OTU_8212	Sphingomonas	0.533333333333333	189	11.0873987100966	0.113341558540411	Intermediate
OTU_1353	Gemmatimonadaceae	0.455555555555556	224	9.77463159693125	0.0985913662576544	Intermediate
OTU_2561	WCHB1-32	0.488888888888889	321	9.36453698453478	0.0939835616239863	Intermediate
OTU_3171	Pseudolabrys	0.433333333333333	251	9.37797899037077	0.0941345953974244	Intermediate
OTU_1546	Blastocatella	0.644444444444444	375	21.9533221362866	0.235430585800973	Intermediate
OTU_3462	Bacteroidetes vadinHA17	0.455555555555556	149	15.260814584863	0.160233871740034	Intermediate
OTU_174	Gaiellales	0.655555555555556	136	37.2578209248644	0.407391246346791	Broad decile
OTU_3246	Blastocatella	0.322222222222222	101	14.8812542542268	0.155969148923897	Intermediate
OTU_4911	Illumatobacter	0.611111111111111	220	19.6177416757366	0.209188108716141	Intermediate
OTU_3511	Gemmatimonadaceae	0.422222222222222	269	17.1117837986549	0.181031278636572	Intermediate
OTU_509	Halanaerobium	0.322222222222222	542	2.05300886619001	0.0118315602942697	Narrow decile
OTU_7224	JTB255 marine benthic group	0.277777777777778	156	8.62049450628206	0.0856235337784501	Intermediate
OTU_3712	SHA-109	0.322222222222222	184	15.2380004762331	0.159977533440822	Intermediate
OTU_1858	Rubripirellula	0.444444444444444	354	11.7160313728708	0.120404846886189	Intermediate
OTU_1116	JG30-KF-CM66	0.555555555555556	217	17.8579683117489	0.189415374289314	Intermediate
OTU_1487	Anaerolineaceae	0.344444444444444	170	8.63914831598358	0.0858331271458829	Intermediate
OTU_4	Sulfurovum	0.777777777777778	690	29.0682402325896	0.315373485759434	Broad decile
OTU_3183	Anaerolinea	0.411111111111111	151	10.6420339138981	0.10833745970672	Intermediate
OTU_3863	Acidiferrobacter	0.3	191	9.20667058163646	0.09220978181614	Intermediate
OTU_943	WCHB1-69	0.666666666666667	481	17.1900893445129	0.181911116230482	Intermediate
OTU_2358	Anaerolineaceae	0.411111111111111	271	7.38565731076157	0.0717489585478828	Intermediate
OTU_1954	Aliidiomarina	0.366666666666667	289	2.88849399624229	0.0212190336656437	Narrow decile
OTU_2913	Anaerolineaceae	0.222222222222222	118	4.59331898206976	0.0403743705850535	Intermediate
OTU_7348	BD2-11 terrestrial group	0.355555555555556	124	16.5145697893018	0.17432100886856	Intermediate
OTU_4346	Caldilineaceae	0.288888888888889	135	12.9294704676707	0.134038994018772	Intermediate
OTU_9267	Anaerolineaceae	0.222222222222222	104	7.10002238252305	0.0685395773317197	Intermediate
OTU_918	Marinobacter	0.588888888888889	465	4.66869555685976	0.0412212983916827	Intermediate
OTU_9490	Illumatobacter	0.3	222	2.23179820593512	0.0138404292801699	Narrow decile
OTU_2418	Acidothermus	0.344444444444444	124	9.05750751503396	0.0905337923037523	Intermediate
OTU_5055	Opitutus	0.422222222222222	124	15.2879813437047	0.160539116221401	Intermediate
OTU_2194	Aquicella	0.155555555555556	144	1.33357759383124	0.00374806285203639	Narrow decile
OTU_3018	Subgroup 13	0.344444444444444	233	8.47703098932937	0.0840115841497682	Intermediate
OTU_7445	Pirellula	0.266666666666667	119	10.1689910866936	0.103022371760602	Intermediate
OTU_5081	WCHB1-32	0.433333333333333	148	13.4028184223407	0.139357510363379	Intermediate
OTU_889	Chloroflexi	0.477777777777778	146	15.3021105226473	0.160697871040981	Intermediate
OTU_694	DA101 soil group	0.666666666666667	508	14.4401386270869	0.151012793562774	Intermediate
OTU_2972	KD3-93	0.455555555555556	118	18.1769997758172	0.192999997481092	Intermediate
OTU_1842	Rhodobacteraceae	0.366666666666667	185	13.0651898188799	0.135563930549213	Intermediate
OTU_513	Gemmata	0.155555555555556	129	1.65418597901363	0.00735040425858007	Narrow decile
OTU_3295	Rhodothermaceae	0.311111111111111	148	10.7332203133637	0.10936202599285	Intermediate
OTU_5414	WD2101 soil group	0.333333333333333	102	15.7953394973878	0.166239769633571	Intermediate
OTU_7615	Ensifer	0.322222222222222	182	6.64976173624352	0.0634804689465564	Intermediate
OTU_3240	Halomonas	0.311111111111111	162	2.4057706993872	0.015795176397609	Narrow decile
OTU_1168	Halieaceae	0.344444444444444	375	8.49727757376409	0.0842390738625179	Intermediate
OTU_2367	Gemmatimonadaceae	0.5	113	18.9937833711705	0.202177341249107	Intermediate
OTU_3185	Microbacterium	0.588888888888889	183	22.2001419654448	0.238203842308368	Intermediate
OTU_4652	Desulfobulbaceae	0.5	248	7.23356583586009	0.0700400655714617	Intermediate
OTU_8256	Muriicola	0.344444444444444	256	7.01523648338739	0.0675869267796337	Intermediate
OTU_10525	Rhodobacteraceae	0.477777777777778	161	25.497763127606	0.275255765478719	Intermediate
OTU_3441	Pedobacter	0.511111111111111	130	35.3072788027878	0.385475042727952	Broad decile
OTU_13257	Sh765B-TzT-29	0.266666666666667	115	6.36979144919849	0.0603347353842527	Intermediate
OTU_3593	Nitrospira	0.488888888888889	142	18.1817421734287	0.193053282847513	Intermediate
OTU_7788	Adhaeribacter	0.277777777777778	112	1.98564860571397	0.0110747034349885	Narrow decile
OTU_8215	Bryobacter	0.433333333333333	108	9.10492379879565	0.0910665595370298	Intermediate
OTU_874	hgcI clade	0.533333333333333	474	39.7372673946456	0.435250195445457	Broad decile
OTU_8328	Flexithrix	0.233333333333333	107	7.05091664334444	0.0679878274533083	Intermediate
OTU_7391	Rhodothermaceae	0.255555555555556	108	11.738610698672	0.12065854717609	Intermediate
OTU_7403	Saccharopolyspora	0.511111111111111	182	33.9977984938408	0.370761780829672	Broad decile
OTU_8124	Rhodobacteraceae	0.466666666666667	200	17.842187455009	0.189238061292236	Intermediate
OTU_3165	Subgroup 6	0.677777777777778	248	17.9697128754061	0.190670931184338	Intermediate
OTU_9406	Draconibacteriaceae	0.444444444444444	169	19.3204242951639	0.205847463990605	Intermediate
OTU_1891	Bacillus	0.611111111111111	439	44.7064303543956	0.491083487128041	Broad decile
OTU_996	GR-WP33-58	0.155555555555556	123	1.66107222868335	0.00742777785037477	Narrow decile
OTU_295	Draconibacteriaceae	0.633333333333333	352	4.58397799294621	0.040269415651081	Intermediate
OTU_10523	TM146	0.333333333333333	162	9.26110238268857	0.0928213750863885	Intermediate
OTU_9117	Sulfitobacter	0.255555555555556	142	6.54421523556711	0.0622945532086192	Intermediate
OTU_2131	Saprospiraceae	0.6	484	26.7704614277382	0.289555746379081	Broad decile
OTU_2544	Acidobacteriaceae (Subgroup 1)	0.377777777777778	110	13.9408834425762	0.145403184748047	Intermediate
OTU_3497	Anaerolineaceae	0.233333333333333	106	6.82880131291956	0.0654921495833659	Intermediate
OTU_4245	SB-5	0.111111111111111	111	1.6845730922947	0.00769183249769324	Narrow decile
OTU_1869	PAUC26f	0.488888888888889	257	23.0293087949902	0.247520323539216	Intermediate
OTU_1793	Armatimonadetes	0.311111111111111	158	4.9560208782365	0.0444496727891741	Intermediate
OTU_3606	Nitrospiraceae	0.233333333333333	102	2.70160377588931	0.0191191435493181	Narrow decile
OTU_11330	Acidobacteriaceae (Subgroup 1)	0.244444444444444	124	6.86775091467071	0.0659297855580979	Intermediate
OTU_3347	Xanthomonadales	0.2	125	4.64399715889635	0.0409437883022062	Intermediate
OTU_3321	Subgroup 17	0.511111111111111	384	12.22038374075	0.126071727424157	Intermediate
OTU_437	Longilinea	0.288888888888889	100	3.41428716955525	0.0271268221298343	Narrow decile
OTU_3557	Anoxynatronum	0.444444444444444	453	3.90899502391977	0.0326853373474131	Intermediate
OTU_8919	Pirellula	0.244444444444444	102	9.83298802525815	0.0992470564635747	Intermediate
OTU_1639	Rubellimicrobium	0.188888888888889	156	2.80490741050387	0.0202798585449873	Narrow decile
OTU_3082	Elev-16S-1166	0.344444444444444	100	17.4728821957676	0.185088563997389	Intermediate
OTU_3799	NA	0.377777777777778	131	13.7774773918019	0.143567161705639	Intermediate
OTU_7541	Subgroup 18	0.333333333333333	134	17.5242000392415	0.185665168980242	Intermediate
OTU_1864	Cryptanaerobacter	0.4	192	6.05963349227278	0.0568498145199189	Intermediate
OTU_11576	Croceicoccus	0.333333333333333	126	7.53668182567255	0.073445863209804	Intermediate
OTU_2094	Coriobacteriaceae	0.477777777777778	175	15.0105069711201	0.157421426641799	Intermediate
OTU_5609	Subgroup 6	0.544444444444444	118	24.8473487723624	0.267947739015308	Intermediate
OTU_4452	DA101 soil group	0.2	142	7.59571963411216	0.0741092093720467	Intermediate
OTU_3727	Bacteroidetes vadinHA17	0.488888888888889	391	6.35806058127561	0.0602029278795013	Intermediate
OTU_3300	Bacteroidetes vadinHA17	0.333333333333333	123	11.5512004229019	0.118552813740471	Intermediate
OTU_2902	Lewinella	0.333333333333333	113	14.8689951759557	0.155831406471412	Intermediate
OTU_13170	OM190	0.288888888888889	137	9.94696451892261	0.10052769122385	Intermediate
OTU_6937	Xanthomonadales	0.3	156	10.3925332929446	0.105534081943198	Intermediate
OTU_1274	Fusibacter	0.133333333333333	124	1.48464274378587	0.0054454240874817	Narrow decile
OTU_3958	GR-WP33-30	0.244444444444444	111	7.94637982370785	0.0780492115023353	Intermediate
OTU_2818	PHOS-HE36	0.433333333333333	128	17.9100420651343	0.190000472641959	Intermediate
OTU_1799	Rhodobacteraceae	0.711111111111111	487	15.5870006885928	0.163898884141492	Intermediate
OTU_1236	Truepera	0.122222222222222	144	1.38953662068462	0.00437681596274849	Narrow decile
OTU_2250	P. palm C-A 51	0.333333333333333	126	12.944066136576	0.134202990298607	Intermediate
OTU_3745	Anaerolineaceae	0.188888888888889	105	6.74679557586506	0.0645707368074726	Intermediate
OTU_3135	Acidobacteriaceae (Subgroup 1)	0.366666666666667	166	8.30727283457272	0.0821041891525024	Intermediate
OTU_660	Desulfuromusa	0.488888888888889	409	2.45992020477729	0.0164035978064865	Narrow decile
OTU_1468	Subgroup 7	0.511111111111111	127	18.8661503663641	0.200743262543417	Intermediate
OTU_9082	Nitriliruptor	0.211111111111111	100	4.75757722140074	0.0422199687797836	Intermediate
OTU_1969	Rhodospirillales	0.133333333333333	194	2.77859334856027	0.0199841949276435	Narrow decile
OTU_2104	Armatimonadetes	0.411111111111111	105	14.3830937180429	0.150371839528572	Intermediate
OTU_2091	Chitinophagaceae	0.422222222222222	239	6.73412693146306	0.064428392488349	Intermediate
OTU_3193	Aquibacter	0.211111111111111	147	8.38732759514264	0.0830036808442993	Intermediate
OTU_1273	Geoalkalibacter	0.222222222222222	119	2.41453741714905	0.0158936788443713	Narrow decile
OTU_8122	OM1 clade	0.311111111111111	150	10.5730932868864	0.107562845920072	Intermediate
OTU_8127	OM1 clade	0.433333333333333	304	8.2674102673735	0.0816562951390281	Intermediate
OTU_995	JG37-AG-20	0.4	175	7.42984871945997	0.0722454912298874	Intermediate
OTU_1255	Anaerolineaceae	0.555555555555556	657	7.48318998881839	0.0728448313350381	Intermediate
OTU_561	Mangrovimonas	0.288888888888889	286	4.88574858800217	0.0436600964944064	Intermediate
OTU_3640	OPB35 soil group	0.155555555555556	107	4.72174199621337	0.0418173258001503	Intermediate
OTU_2217	CL500-29 marine group	0.533333333333333	216	17.6533210289326	0.18711596661722	Intermediate
OTU_7164	JG30-KF-CM66	0.433333333333333	158	19.7794276786759	0.211004805378381	Intermediate
OTU_891	S-BQ2-57 soil group	0.244444444444444	132	6.67438516114529	0.0637571366420819	Intermediate
OTU_3683	JG37-AG-4	0.266666666666667	181	8.14228220305077	0.0802503618320311	Intermediate
OTU_7178	Anaerolinea	0.377777777777778	306	8.04154445363952	0.0791184770071856	Intermediate
OTU_3520	Aminicenantes	0.222222222222222	102	10.1862101237671	0.103215844087271	Intermediate
OTU_9740	Subgroup 3	0.288888888888889	118	11.0549947727271	0.112977469356484	Intermediate
OTU_2174	DA101 soil group	0.233333333333333	250	4.55807113340721	0.039978327341654	Intermediate
OTU_9850	Caulobacteraceae	0.4	121	11.9837043926642	0.12341240890634	Intermediate
OTU_1308	Bacteroidetes vadinHA17	0.611111111111111	549	18.6309143176467	0.198100160872435	Intermediate
OTU_2137	Subgroup 2	0.177777777777778	118	4.27364870851307	0.0367825697585739	Intermediate
OTU_2955	Anaerolineaceae	0.388888888888889	140	14.5453747939854	0.152195222404331	Intermediate
OTU_3698	OPB41	0.3	125	2.90671096680999	0.0214237187282021	Narrow decile
OTU_10098	Bryobacter	0.366666666666667	100	16.0801547788237	0.169439941335098	Intermediate
OTU_9195	Chthoniobacter	0.311111111111111	122	13.5958442771864	0.141526340193105	Intermediate
OTU_3463	Bacteroidetes BD2-2	0.366666666666667	156	7.3307418552377	0.0711319309577269	Intermediate
OTU_13547	RB41	0.3	152	6.43831995865044	0.0611047186365218	Intermediate
OTU_3101	Rhodobacteraceae	0.566666666666667	404	17.431257175829	0.184620867144146	Intermediate
OTU_1773	Alcanivorax	0.1	101	2.02272471613473	0.011491288945334	Narrow decile
OTU_851	Ectothiorhodospiraceae	0.488888888888889	625	10.0648660380029	0.101852427393291	Intermediate
OTU_1802	Aquiflexum	0.2	372	3.97437281326477	0.033419919250166	Intermediate
OTU_1218	Rhodospirillaceae	0.477777777777778	346	7.99715867076471	0.0786197603456709	Intermediate
OTU_14229	Subgroup 6	0.366666666666667	101	10.4135756679612	0.10577051312316	Intermediate
OTU_595	Anaerolinea	0.322222222222222	152	4.41364583771036	0.0383555712102287	Intermediate
OTU_3647	Anaerolineaceae	0.222222222222222	131	6.68583187069163	0.0638857513560857	Intermediate
OTU_10881	Candidatus Solibacter	0.177777777777778	120	4.51655682904074	0.0395118744836038	Intermediate
OTU_3440	Anaerolineaceae	0.4	140	11.8503024519764	0.121913510696364	Intermediate
OTU_3167	BSV26	0.333333333333333	133	9.63712246793101	0.0970463198643933	Intermediate
OTU_3319	BD2-11 terrestrial group	0.255555555555556	137	9.33817140462489	0.0936873191530887	Intermediate
OTU_8905	NA	0.333333333333333	106	4.80718618858464	0.0427773729054454	Intermediate
OTU_3406	Desulfurispora	0.188888888888889	108	4.92928591224982	0.0441492799129194	Intermediate
OTU_2813	Flavisolibacter	0.366666666666667	130	4.92725503720253	0.0441264610921632	Intermediate
OTU_3070	AT425-EubC11 terrestrial group	0.2	156	2.95501006040311	0.0219664051730687	Narrow decile
OTU_3140	Anaerolineaceae	0.277777777777778	149	13.5719051231443	0.141257360934206	Intermediate
OTU_7176	Acidimicrobiaceae	0.488888888888889	171	9.42945107803298	0.0947129334610448	Intermediate
OTU_712	Chloroflexi	0.311111111111111	125	8.96022375031484	0.0894407162956724	Intermediate
OTU_2016	Blastocatella	0.311111111111111	135	10.3200181525578	0.104719305084919	Intermediate
OTU_1264	Acidimicrobiales	0.311111111111111	116	10.0285651058935	0.101444551751612	Intermediate
OTU_2717	TM146	0.322222222222222	106	8.32419048855531	0.0822942751523068	Intermediate
OTU_11188	Sphingomonadales	0.422222222222222	158	15.0129456488627	0.157448827515311	Intermediate
OTU_7418	Bacteroidetes BD2-2	0.433333333333333	235	11.1838485399698	0.114425264494043	Intermediate
OTU_3741	ABS-19	0.188888888888889	129	1.62803069937476	0.00705652471207598	Narrow decile
OTU_6537	Ferruginibacter	0.333333333333333	107	15.9869165471178	0.168392320754133	Intermediate
OTU_3684	Bryobacter	0.311111111111111	137	7.60239105364859	0.0741841691421189	Intermediate
OTU_3547	Erythrobacter	0.522222222222222	186	16.2433529504801	0.17127362865708	Intermediate
OTU_3253	Anaerolineaceae	0.266666666666667	118	6.79111876261552	0.0650687501417474	Intermediate
OTU_7721	Altererythrobacter	0.3	105	15.4679108447416	0.162560796008333	Intermediate
OTU_7700	Caldilineaceae	0.388888888888889	116	18.7745963339269	0.199714565549741	Intermediate
OTU_5733	Chitinophagaceae	0.322222222222222	104	11.227892517144	0.114920140642068	Intermediate
OTU_89	Phormidium	0.411111111111111	114	14.982764067665	0.157109708625449	Intermediate
OTU_3127	Sva0725	0.577777777777778	579	10.3399406824583	0.104943153735487	Intermediate
OTU_6419	OM190	0.422222222222222	142	18.7349935407139	0.1992695903451	Intermediate
OTU_11338	Acidobacteriaceae (Subgroup 1)	0.2	110	10.9607383900057	0.111918408876469	Intermediate
OTU_11260	Subgroup 6	0.388888888888889	110	4.74776555408856	0.0421097253268378	Intermediate
OTU_1997	Marinicella	0.222222222222222	265	1.9875364679929	0.0110959153707067	Narrow decile
OTU_3150	Aminicenantes	0.244444444444444	143	10.5237362157787	0.107008272087401	Intermediate
OTU_1225	Fusobacteriales	0.177777777777778	103	2.6257525619164	0.0182668827181618	Narrow decile
OTU_9488	Saccharibacteria	0.255555555555556	103	7.76619304294278	0.0760246409319413	Intermediate
OTU_9159	PHOS-HE51	0.388888888888889	146	11.9361673585931	0.122878284928013	Intermediate
OTU_8832	Desulfobacterium	0.233333333333333	111	4.56504809340598	0.0400567201506289	Intermediate
OTU_8083	OM1 clade	0.311111111111111	170	11.7705818548994	0.121017773650555	Intermediate
OTU_4024	Oceanimonas	0.266666666666667	230	2.7772045988185	0.0199685909979607	Narrow decile
OTU_3399	S0134 terrestrial group	0.133333333333333	104	2.35065898253829	0.0151759436240257	Narrow decile
OTU_7912	Sva0996 marine group	0.333333333333333	112	14.6409983502341	0.153269644384653	Intermediate
OTU_5797	Bryobacter	0.144444444444444	116	2.83379748287177	0.0206044660996828	Narrow decile
OTU_7609	Rhodobacteraceae	0.588888888888889	469	16.1919599611028	0.170696179338234	Intermediate
OTU_10405	Rhodanobacter	0.177777777777778	105	4.36376926917055	0.037795160327759	Intermediate
OTU_2232	Opitutus	0.255555555555556	101	11.3466860279925	0.116254899190927	Intermediate
OTU_7806	Caldithrix	0.233333333333333	100	3.873838917481	0.0322903249155169	Intermediate
OTU_11486	JTB255 marine benthic group	0.188888888888889	104	6.70109508090816	0.0640572481000917	Intermediate
OTU_519	Desulfobulbus	0.611111111111111	844	13.469475290569	0.140106463938977	Intermediate
OTU_1234	Armatimonadetes	0.133333333333333	114	1.72307883038305	0.00812448124025897	Narrow decile
OTU_7671	Tropicimonas	0.411111111111111	163	12.8480388234033	0.133124031723632	Intermediate
OTU_9880	Arthrobacter	0.333333333333333	151	7.43931710434634	0.0723518775769252	Intermediate
OTU_7713	Reichenbachiella	0.344444444444444	121	13.3855347095479	0.139163311343235	Intermediate
OTU_4168	Subgroup 21	0.233333333333333	154	9.78625659935582	0.0987219842624249	Intermediate
OTU_3383	Chitinophaga	0.166666666666667	113	3.84583929241311	0.0319757223866641	Intermediate
OTU_7970	Acidimicrobiales	0.333333333333333	102	10.9884804498434	0.112230117413971	Intermediate
OTU_10747	Acidobacteriaceae (Subgroup 1)	0.255555555555556	118	4.30243789661852	0.0371060437822306	Intermediate
OTU_2041	Selenomonadales	0.255555555555556	167	7.71713644834885	0.0754734432398748	Intermediate
OTU_2242	Sh765B-TzT-29	0.266666666666667	161	9.81932699197653	0.0990935617076014	Intermediate
OTU_1397	Shewanella	0.344444444444444	223	7.33219268880014	0.0711482324584286	Intermediate
OTU_2283	Psychromonas	0.211111111111111	127	2.94375711514764	0.0218399675859286	Narrow decile
OTU_3226	Phaselicystis	0.366666666666667	122	13.883992364991	0.144763959157203	Intermediate
OTU_7206	Acidaminobacter	0.333333333333333	132	12.0341565431869	0.1239792870021	Intermediate
OTU_1438	Desulfobulbaceae	0.166666666666667	155	2.28559709138205	0.0144449111391241	Narrow decile
OTU_266	Spirochaetaceae	0.544444444444444	509	43.2248793805636	0.474436846972625	Broad decile
OTU_1881	Saprospiraceae	0.311111111111111	163	9.88170093665261	0.0997943925466586	Intermediate
OTU_1245	Bryobacter	0.422222222222222	147	11.6057297777864	0.119165503121196	Intermediate
OTU_1307	vadinBC27 wastewater-sludge group	0.166666666666667	156	1.97191552324661	0.0109203991376023	Narrow decile
OTU_9610	Gemmatimonas	0.355555555555556	111	15.4683854753684	0.162566128936724	Intermediate
OTU_3053	Gemmatimonas	0.444444444444444	140	7.7116123128804	0.0754113743020269	Intermediate
OTU_8849	WCHB1-69	0.433333333333333	327	14.2917325949027	0.149345310055087	Intermediate
OTU_7526	Xanthomonadales	0.311111111111111	124	10.6209995969723	0.108101119067104	Intermediate
OTU_6824	JG34-KF-361	0.333333333333333	135	11.178072328481	0.11436036324136	Intermediate
OTU_9631	Anaerolinea	0.355555555555556	145	13.6214059646754	0.141813550164892	Intermediate
OTU_9095	Marinobacter	0.177777777777778	107	2.72424214575863	0.0193735072557149	Narrow decile
OTU_3225	Sulfurovum	0.3	144	6.96125901257417	0.0669804383435301	Intermediate
OTU_8995	Rhodobacteraceae	0.266666666666667	100	10.4246530073435	0.105894977610601	Intermediate
OTU_867	Spirochaeta 2	0.3	255	1.63568946213359	0.00714257822622009	Narrow decile
OTU_8351	Haloferula	0.333333333333333	159	15.8062656416588	0.166362535299537	Intermediate
OTU_4126	Blastopirellula	0.255555555555556	141	5.48906786483669	0.0504389647734459	Intermediate
OTU_3198	Gaiella	0.566666666666667	581	3.70824735122132	0.0304297455193406	Intermediate
OTU_3151	Saprospiraceae	0.266666666666667	184	7.52757815235176	0.0733435747455254	Intermediate
OTU_3788	OM1 clade	0.322222222222222	126	14.7724827782569	0.154746997508504	Intermediate
OTU_7520	Subgroup 6	0.266666666666667	114	13.4343153761962	0.139711408721305	Intermediate
OTU_3190	Thioclava	0.611111111111111	394	5.79635999208376	0.053891685304312	Intermediate
OTU_3289	Sva0996 marine group	0.455555555555556	285	11.9392230804358	0.122912618881301	Intermediate
OTU_3923	Subgroup 21	0.344444444444444	152	17.3446756359868	0.183648040853784	Intermediate
OTU_3199	Rhodothermaceae	0.411111111111111	154	15.2555878511459	0.160175144394898	Intermediate
OTU_3908	Flavobacteriaceae	0.166666666666667	132	5.22929732413775	0.0475201946532331	Intermediate
OTU_11697	Desulfuromonadaceae	0.388888888888889	190	8.08151000265567	0.0795675281197267	Intermediate
OTU_3274	Desulfobulbus	0.311111111111111	255	7.75028101060218	0.0758458540517099	Intermediate
OTU_464	Syntrophobacteraceae	0.511111111111111	785	13.8415970494979	0.144287607297729	Intermediate
OTU_7975	Bacteroidetes BD2-2	0.3	140	12.0619105381116	0.124291129641703	Intermediate
OTU_12327	JTB255 marine benthic group	0.477777777777778	266	10.049592308723	0.101680812457562	Intermediate
OTU_738	PAUC43f marine benthic group	0.188888888888889	191	3.18964005113198	0.0246026972037301	Narrow decile
OTU_7764	OM190	0.255555555555556	102	10.3247736564229	0.104772737712617	Intermediate
OTU_3163	Pirellula	0.388888888888889	213	10.9634812840389	0.111949227910549	Intermediate
OTU_2138	Saprospiraceae	0.244444444444444	156	9.62793973502124	0.0969431430901263	Intermediate
OTU_8001	Sva0071	0.388888888888889	313	6.58483570711368	0.0627509630012773	Intermediate
OTU_3900	Planctomyces	0.277777777777778	131	11.8716073316597	0.122152891366963	Intermediate
OTU_8251	OM1 clade	0.388888888888889	197	8.22082173102987	0.0811328284385378	Intermediate
OTU_1179	Anaerolineaceae	0.366666666666667	279	8.8491080142663	0.0881922248793966	Intermediate
OTU_8177	DEV007	0.388888888888889	147	9.38856610388116	0.0942535517290018	Intermediate
OTU_7650	Sulfurovum	0.188888888888889	102	3.65226102464447	0.0298006856701625	Narrow decile
OTU_3159	OPB41	0.311111111111111	303	8.60105985152434	0.08540516687106	Intermediate
OTU_6427	PAUC43f marine benthic group	0.277777777777778	180	7.9019870635489	0.0775504164443697	Intermediate
OTU_7630	Planctomycetaceae	0.333333333333333	213	12.0889425056647	0.12459485961421	Intermediate
OTU_1813	Roseibacillus	0.244444444444444	137	2.17926669279275	0.0132501875594691	Narrow decile
OTU_3097	Sva0081 sediment group	0.455555555555556	319	13.877827076234	0.14469468624982	Intermediate
OTU_7399	Pelobacter	0.322222222222222	113	13.079621921444	0.135726089004989	Intermediate
OTU_4006	Pelagibius	0.2	162	3.68888106963846	0.0302121468498704	Narrow decile
OTU_7751	Planctomycetaceae	0.377777777777778	195	11.8980784023065	0.12245031912704	Intermediate
OTU_1885	Rubripirellula	0.422222222222222	372	13.4950338493928	0.140393638757223	Intermediate
OTU_1840	Subgroup 17	0.511111111111111	567	13.7205846094541	0.142927916960158	Intermediate
OTU_1853	OPB35 soil group	0.411111111111111	222	12.6157896646367	0.130514490613895	Intermediate
OTU_3099	Haloferula	0.333333333333333	330	11.3113679611947	0.115858066979716	Intermediate
OTU_3166	Ardenticatenia	0.377777777777778	297	13.9973355685475	0.146037478298286	Intermediate
OTU_7360	JTB255 marine benthic group	0.355555555555556	316	8.12458452148742	0.0800515114773867	Intermediate
OTU_3265	Nitrospiraceae	0.266666666666667	137	6.34528841660459	0.0600594204112876	Intermediate
OTU_7419	Desulfobulbus	0.288888888888889	128	16.2799956757707	0.171685344671581	Intermediate
OTU_7563	SS1-B-09-64	0.277777777777778	126	9.88344993565807	0.0998140442208772	Intermediate
OTU_649	Miscellaneous Crenarchaeotic Group	0.4	554	9.50512971970229	0.0955632552775539	Intermediate
OTU_1862	PAUC43f marine benthic group	0.166666666666667	159	3.14231962630313	0.0240710070371138	Narrow decile
OTU_658	R76-B128	0.3	466	6.94163895438559	0.0667599882515235	Intermediate
OTU_852	Sh765B-TzT-29	0.2	186	2.71372786084596	0.0192553692229883	Narrow decile
OTU_8098	Subgroup 21	0.177777777777778	101	8.62292801725397	0.0856508765983593	Intermediate
OTU_7684	Marinicella	0.322222222222222	137	15.7097125694463	0.165277669319621	Intermediate
OTU_1886	JTB255 marine benthic group	0.511111111111111	384	7.46509392391308	0.0726415047630683	Intermediate
OTU_733	Subgroup 21	0.455555555555556	380	13.8885396504345	0.144815052252073	Intermediate
OTU_9026	Ponticoccus	0.611111111111111	545	13.1901510600286	0.136967989438524	Intermediate
OTU_1832	Subgroup 9	0.422222222222222	224	18.2222851366607	0.193508821760233	Intermediate
OTU_8210	Sva0081 sediment group	0.266666666666667	119	10.1296428935762	0.102580257231194	Intermediate
OTU_863	Desulfobacteraceae	0.544444444444444	904	9.80170507878904	0.0988955626830229	Intermediate
OTU_1827	Planctomyces	0.5	360	15.3648662953753	0.161402992082869	Intermediate
OTU_353	Anaerolineaceae	0.577777777777778	947	10.5535916968939	0.107343726931392	Intermediate
OTU_3153	Aminicenantes	0.288888888888889	126	13.2056380866786	0.137142000973917	Intermediate
OTU_10031	Saprospiraceae	0.255555555555556	125	10.2316529708054	0.103726437874218	Intermediate
OTU_10042	Nocardioides	0.477777777777778	204	13.0283716595958	0.135150243366244	Intermediate
OTU_7423	Anaerolineaceae	0.266666666666667	143	9.05641434774229	0.0905215095251942	Intermediate
OTU_3945	OPB56	0.344444444444444	137	10.7569674076482	0.109628847276946	Intermediate
OTU_3615	Ferruginibacter	0.377777777777778	155	11.3433361915647	0.116217260579378	Intermediate
OTU_7763	Desulfuromonas	0.388888888888889	151	18.4267617879366	0.195806312224007	Intermediate
OTU_9208	Draconibacteriaceae	0.3	120	6.07328420136634	0.0570031932737791	Intermediate
OTU_3910	Erythrobacter	0.311111111111111	146	16.4312201569886	0.17338449614594	Intermediate
OTU_427	Sandaracinaceae	0.5	604	10.3646450399732	0.105220730786216	Intermediate
OTU_7346	Sh765B-TzT-29	0.322222222222222	209	12.9993878913254	0.134824583048601	Intermediate
OTU_651	Syntrophobacteraceae	0.411111111111111	477	11.8421808641953	0.121822256901071	Intermediate
OTU_4531	Subgroup 17	0.444444444444444	326	15.6796146105211	0.164939490005855	Intermediate
OTU_908	Winogradskyella	0.588888888888889	544	9.64134166158048	0.0970937265346122	Intermediate
OTU_8360	Croceicoccus	0.411111111111111	153	18.497391526235	0.196599904789157	Intermediate
OTU_3266	Latescibacteria	0.222222222222222	161	9.27299869600859	0.0929550415281864	Intermediate
OTU_7400	Aminicenantes	0.255555555555556	159	9.14788468791772	0.0915492661563789	Intermediate
OTU_7219	Methylophaga	0.266666666666667	104	8.10879743721483	0.0798741285080318	Intermediate
OTU_3115	Miscellaneous Crenarchaeotic Group	0.233333333333333	138	6.79881659805174	0.0651552426747387	Intermediate
OTU_8211	Reichenbachiella	0.211111111111111	114	7.41762868488487	0.0721081874706165	Intermediate
OTU_8299	Miscellaneous Crenarchaeotic Group	0.155555555555556	115	2.8551482534123	0.020844362397891	Narrow decile
OTU_2303	Pirellula	0.311111111111111	114	12.6829814297832	0.131269454267227	Intermediate
OTU_1884	Planctomyces	0.3	157	10.6194368115449	0.10808355968028	Intermediate
OTU_1815	Lutimonas	0.477777777777778	748	10.3505879625645	0.105062786096231	Intermediate
OTU_6239	Pir4 lineage	0.522222222222222	135	9.57885634429429	0.0963916443179134	Intermediate
OTU_352	KD4-96	0.511111111111111	872	7.58657079368571	0.074006413412199	Intermediate
OTU_3201	Planctomyces	0.422222222222222	349	9.05560791331078	0.090512448464166	Intermediate
OTU_1171	JTB255 marine benthic group	0.411111111111111	372	12.9777828275839	0.134581829523415	Intermediate
OTU_4878	Erythrobacter	0.377777777777778	138	19.5054763518283	0.20792670058234	Intermediate
OTU_1845	Lysinimicrobium	0.477777777777778	290	8.67650267880073	0.0862528390876486	Intermediate
OTU_1889	E01-9C-26 marine group	0.255555555555556	137	2.69658202841983	0.0190627194204475	Narrow decile
OTU_11561	Lutimonas	0.2	105	10.3378411044178	0.104919562970987	Intermediate
OTU_10212	Flavobacterium	0.288888888888889	137	6.20605414516309	0.0584949903950909	Intermediate
OTU_3313	Flavobacteriaceae	0.2	112	6.35484527820052	0.0601668008786576	Intermediate
OTU_12191	Rhodobacteraceae	0.3	102	12.6670542512871	0.131090497205473	Intermediate
OTU_7421	Hoppeia	0.244444444444444	129	7.56457907235516	0.0737593154197209	Intermediate
OTU_7319	Planctomycetaceae	0.333333333333333	180	6.05284992224101	0.0567735946319215	Intermediate
OTU_1172	Xanthomonadales	0.4	509	13.7739271203416	0.143527271015075	Intermediate
OTU_3821	Cyclobacteriaceae	0.488888888888889	101	33.9098067510395	0.369773109562241	Broad decile
OTU_7579	Planctomycetaceae	0.244444444444444	119	8.89124125741677	0.0886656321058064	Intermediate
OTU_2983	Verrucomicrobiaceae	0.344444444444444	165	9.02886401102175	0.0902119551800196	Intermediate
OTU_3191	OM1 clade	0.455555555555556	226	8.60015732925492	0.0853950261714036	Intermediate
OTU_3100	BSV26	0.4	317	14.6467951097704	0.153334776514274	Intermediate
OTU_3317	MSB-3A7 sediment group	0.2	169	4.09281175537297	0.0347506938805952	Intermediate
OTU_7474	Pelolinea	0.277777777777778	212	11.8849386393212	0.122302681340687	Intermediate
OTU_7393	Verrucomicrobiaceae	0.422222222222222	117	9.82437761499256	0.0991503102808153	Intermediate
OTU_521	SEEP-SRB4	0.5	644	5.02602403763598	0.0452362251419773	Intermediate
OTU_7441	Haliea	0.233333333333333	115	5.83276227276743	0.0543006996940161	Intermediate
OTU_1893	PAUC43f marine benthic group	0.311111111111111	203	8.65219990152745	0.0859797741744658	Intermediate
OTU_7636	Anaerolineaceae	0.322222222222222	134	13.5955948498845	0.141523537639152	Intermediate
OTU_7470	Desulfopila	0.222222222222222	177	5.88959492037592	0.0549392687682687	Intermediate
OTU_8120	Sva0996 marine group	0.255555555555556	119	9.86576556410792	0.0996153434169429	Intermediate
OTU_1838	Sva0485	0.422222222222222	361	12.7587067774973	0.132120300870757	Intermediate
OTU_9326	Subgroup 17	0.544444444444444	220	25.238295854413	0.272340402858573	Intermediate
OTU_1718	Ectothiorhodospiraceae	0.455555555555556	416	11.833062475082	0.121719803090809	Intermediate
OTU_1857	JTB255 marine benthic group	0.577777777777778	1039	8.59351593095829	0.0853204037186325	Intermediate
OTU_8026	Desulfobulbaceae	0.333333333333333	176	9.17205510764664	0.091820843906142	Intermediate
OTU_3330	Altererythrobacter	0.322222222222222	117	14.0122336910881	0.146204872933574	Intermediate
OTU_3114	Erythrobacteraceae	0.377777777777778	128	16.3523373163843	0.172498172094206	Intermediate
OTU_7424	Planctomycetaceae	0.366666666666667	163	13.5070176779027	0.140528288515761	Intermediate
OTU_2295	Truepera	0.288888888888889	261	4.96548953875325	0.0445560622331826	Intermediate
OTU_650	Anaerolineaceae	0.466666666666667	560	12.262972621661	0.126550254175966	Intermediate
OTU_840	Sphingomonadales	0.422222222222222	263	3.17561839992313	0.0244451505609341	Narrow decile
OTU_8203	Actibacter	0.322222222222222	274	7.1587187810904	0.069199087427982	Intermediate
OTU_1320	Sunxiuqinia	0.333333333333333	197	3.18440005872345	0.0245438208845331	Narrow decile
OTU_8082	JTB255 marine benthic group	0.355555555555556	196	11.6275370177168	0.119410528288953	Intermediate
OTU_1276	Family XI	0.3	152	3.21268883242109	0.0248616722743943	Narrow decile
OTU_7598	Desulfobulbaceae	0.311111111111111	162	7.46168917572797	0.0726032491654828	Intermediate
OTU_7467	PAUC43f marine benthic group	0.377777777777778	276	12.5354350931706	0.129611630260344	Intermediate
OTU_1181	Rhodovulum	0.5	353	13.125338748688	0.136239761221213	Intermediate
OTU_8278	OPB35 soil group	0.288888888888889	158	9.11944392354865	0.0912297070061646	Intermediate
OTU_7404	OM1 clade	0.311111111111111	109	13.1829185068333	0.13688672479588	Intermediate
OTU_4519	Pirellula	0.344444444444444	173	4.56861798750611	0.0400968313202933	Intermediate
OTU_9024	S0134 terrestrial group	0.411111111111111	119	17.3268822785619	0.183448115489459	Intermediate
OTU_3267	Rhodothermaceae	0.222222222222222	102	7.95353995335246	0.0781296623972187	Intermediate
OTU_7481	Illumatobacter	0.777777777777778	507	14.1852670172753	0.148149067609835	Intermediate
OTU_7454	Planctomycetaceae	0.255555555555556	108	7.86856351922143	0.077174871002488	Intermediate
OTU_7494	Ardenticatenia	0.277777777777778	117	11.6577035178922	0.119749477729126	Intermediate
OTU_1216	Syntrophobacteraceae	0.388888888888889	475	7.62795009494677	0.0744713493814243	Intermediate
OTU_3196	Phyllobacteriaceae	0.2	117	5.96346974754359	0.0557693230061078	Intermediate
OTU_8072	JTB255 marine benthic group	0.355555555555556	239	7.80333106796923	0.0764419221120138	Intermediate
OTU_7988	OM1 clade	0.233333333333333	138	7.09724722216305	0.068508395754641	Intermediate
OTU_3117	BD2-11 terrestrial group	0.422222222222222	284	13.1500269142248	0.136517156339605	Intermediate
OTU_1178	Latescibacteria	0.355555555555556	220	13.3122132365505	0.138339474567983	Intermediate
OTU_60	Gemmatimonas	0.555555555555556	154	34.4957100887701	0.376356293132249	Broad decile
OTU_7098	Rhodospirillaceae	0.3	169	13.8028401030003	0.143852135988767	Intermediate
OTU_3371	AT425-EubC11 terrestrial group	0.188888888888889	140	3.10495056597336	0.0236511299547569	Narrow decile
OTU_7595	Caldithrix	0.311111111111111	149	13.1589384128098	0.136617285537189	Intermediate
OTU_9041	Salinimicrobium	0.311111111111111	108	10.8863985052074	0.111083129271994	Intermediate
OTU_1810	SHA-109	0.333333333333333	226	7.70448332101244	0.0753312732698027	Intermediate
OTU_8570	Order III	0.366666666666667	250	2.53410439113038	0.017237127990229	Narrow decile
OTU_3263	Anaerolineaceae	0.255555555555556	164	7.29572761731266	0.0707385125540748	Intermediate
OTU_7355	Robiginitalea	0.277777777777778	205	11.1612785413693	0.114171669004149	Intermediate
OTU_4342	PAUC43f marine benthic group	0.255555555555556	163	8.95132548136774	0.0893407357457049	Intermediate
OTU_3538	Thioalkalispira	0.355555555555556	134	5.78903412126841	0.0538093721490833	Intermediate
OTU_7397	Desulfotignum	0.411111111111111	204	5.50338323087889	0.0505998115829089	Intermediate
OTU_3109	BD2-11 terrestrial group	0.355555555555556	144	14.5038259554406	0.151728381521804	Intermediate
OTU_1841	Subgroup 21	0.277777777777778	119	9.47634285660767	0.0952398073776143	Intermediate
OTU_1321	Marinobacter	0.188888888888889	186	1.37365659228372	0.00419838867734514	Narrow decile
OTU_1897	Lactobacillus	0.566666666666667	488	41.7425269023798	0.457781201150335	Broad decile
OTU_1825	Salegentibacter	0.277777777777778	122	10.7518361867075	0.109571193109073	Intermediate
OTU_10345	terrestrial group	0.0888888888888889	110	3.12409283646953	0.023866211645725	Narrow decile
OTU_3204	R76-B128	0.222222222222222	122	7.77285284102119	0.0760994701238336	Intermediate
OTU_11159	Order III	0.2	151	3.30774246134256	0.0259296905768827	Narrow decile
OTU_7378	Sva0725	0.233333333333333	162	6.51637240968821	0.0619817124684069	Intermediate
OTU_639	ABS-19	0.144444444444444	192	1.34136272296059	0.00383553621304034	Narrow decile
OTU_2823	PHOS-HE36	0.6	386	18.7943343338795	0.199936340830107	Intermediate
OTU_8922	Subgroup 7	0.388888888888889	114	11.8683144582938	0.122115892789817	Intermediate
OTU_11550	Rhodobacteraceae	0.2	160	6.14600766740861	0.0578203108697597	Intermediate
OTU_12299	Desulfuromonas	0.277777777777778	111	8.65482749504678	0.0860092976971549	Intermediate
OTU_3283	Anaerolineaceae	0.288888888888889	175	10.5172079608448	0.106934920908369	Intermediate
OTU_2218	OPB35 soil group	0.388888888888889	117	21.2540606517591	0.227573715188304	Intermediate
OTU_850	Mangrovibacterium	0.311111111111111	457	4.27329286757181	0.0367785715457507	Intermediate
OTU_8087	JTB255 marine benthic group	0.166666666666667	111	6.16946518114905	0.058083878439877	Intermediate
OTU_7456	Subgroup 26	0.255555555555556	173	11.6757967220617	0.119952772157997	Intermediate
OTU_1966	Saprospiraceae	0.344444444444444	162	13.6197279144329	0.141794695667786	Intermediate
OTU_6974	Nocardioides	0.411111111111111	147	14.2957807631365	0.149390795091421	Intermediate
OTU_7333	Ectothiorhodospiraceae	0.388888888888889	283	12.5837487003916	0.130154479779681	Intermediate
OTU_8150	Halieaceae	0.2	147	6.63704494198539	0.0633375836178134	Intermediate
OTU_3272	PAUC43f marine benthic group	0.3	273	8.28772567100983	0.081884558101234	Intermediate
OTU_3262	Sva0725	0.166666666666667	106	3.10078095031842	0.0236042803406564	Narrow decile
OTU_7632	Anaerolineaceae	0.277777777777778	267	6.59245521151179	0.0628365754102448	Intermediate
OTU_3299	OM1 clade	0.322222222222222	157	9.72717426924807	0.0980581378567198	Intermediate
OTU_4525	Phaeodactylibacter	0.122222222222222	103	1.69772306742873	0.00783958502728906	Narrow decile
OTU_2062	ML635J-40 aquatic group	0.277777777777778	282	1.50911280700567	0.00572036861804118	Narrow decile
OTU_1894	E01-9C-26 marine group	0.311111111111111	219	6.90808785029199	0.0663830095538426	Intermediate
OTU_1213	E01-9C-26 marine group	0.311111111111111	283	6.59058367243019	0.0628155468812381	Intermediate
OTU_652	Thiogranum	0.555555555555556	624	8.99291339206016	0.0898080156411254	Intermediate
OTU_7364	OM1 clade	0.488888888888889	506	12.2995002527288	0.126960676996953	Intermediate
OTU_2203	BD2-11 terrestrial group	0.3	185	13.7627761605697	0.143401979332244	Intermediate
OTU_2067	Anaerolinea	0.388888888888889	254	8.78975599603968	0.0875253482701088	Intermediate
OTU_1991	Salegentibacter	0.233333333333333	135	3.72908954089687	0.0306639274258075	Intermediate
OTU_3129	Sva0725	0.455555555555556	389	12.7856547883167	0.132423087509177	Intermediate
OTU_8222	Sulfurovum	0.222222222222222	172	3.01241852147954	0.0226114440615678	Narrow decile
OTU_3154	Anaerolineaceae	0.322222222222222	245	11.6170747208375	0.119292974391432	Intermediate
OTU_3342	Aminicenantes	0.177777777777778	108	2.92994118618804	0.0216847324290792	Narrow decile
OTU_1843	KI89A clade	0.533333333333333	331	14.0092008817742	0.146170796424429	Intermediate
OTU_9238	Chitinophagaceae	0.422222222222222	249	10.622982490795	0.108123398772977	Intermediate
OTU_3172	Anaerolineaceae	0.344444444444444	123	9.80351343432482	0.0989158812845486	Intermediate
OTU_1066	CL500-29 marine group	0.333333333333333	107	10.5443243828433	0.107239599807228	Intermediate
OTU_2252	CL500-29 marine group	0.533333333333333	176	37.9673603454901	0.415363599387529	Broad decile
OTU_2146	Planctomycetaceae	0.277777777777778	133	10.1401729780542	0.102698572787126	Intermediate
OTU_2223	Urania-1B-19 marine sediment group	0.111111111111111	134	1.10569646971308	0.00118760078329299	Narrow decile
OTU_1900	Subgroup 21	0.211111111111111	156	8.15238681601756	0.080363896809186	Intermediate
OTU_4087	Sva0725	0.0888888888888889	112	2.23866390335651	0.013917571947826	Narrow decile
OTU_3611	AKYH767	0.344444444444444	145	9.3840029395585	0.0942022802197584	Intermediate
OTU_11063	Bryobacter	0.188888888888889	105	8.51337576060955	0.0844199523663995	Intermediate
OTU_3188	LD29	0.311111111111111	198	11.9351722797856	0.122867104267254	Intermediate
OTU_12487	Draconibacteriaceae	0.177777777777778	116	5.4241001105184	0.0497089900058247	Intermediate
OTU_1975	Anaerolineaceae	0.222222222222222	147	4.63005176011964	0.0407870984283106	Intermediate
OTU_7366	Soil Crenarchaeotic Group(SCG)	0.266666666666667	128	3.71734967084046	0.0305320187734883	Intermediate
OTU_2099	SC-I-84	0.5	232	10.9773245156333	0.112104769838577	Intermediate
OTU_4097	Hydrogenedentes	0.277777777777778	124	4.04265038399013	0.0341870829661812	Intermediate
OTU_1146	Ignavibacteriales	0.188888888888889	112	4.45854709247198	0.0388600796906965	Intermediate
OTU_3566	Marinobacter	0.222222222222222	135	1.50248019254168	0.00564584486001892	Narrow decile
OTU_10050	OPB35 soil group	0.377777777777778	107	18.3919304092822	0.195414948418902	Intermediate
OTU_6687	Chloroflexi	0.422222222222222	206	11.9601338512488	0.123147571362346	Intermediate
OTU_2013	Segetibacter	0.388888888888889	388	6.12710944085462	0.0576079712455575	Intermediate
OTU_9085	Acidimicrobiaceae	0.288888888888889	128	2.95722456427135	0.0219912872390039	Narrow decile
OTU_3489	PBS-18	0.211111111111111	119	4.06584783942729	0.0344477285328909	Intermediate
OTU_6798	Devosia	0.433333333333333	103	16.0195893782534	0.168759431216331	Intermediate
OTU_12350	Desulfuromonadales	0.188888888888889	102	4.80935538944937	0.0428017459488694	Intermediate
OTU_7554	TK85	0.244444444444444	125	9.75902519043197	0.0984160133756401	Intermediate
OTU_9602	env.OPS 17	0.3	143	7.37398059087881	0.0716177594480765	Intermediate
OTU_3282	Pseudarcicella	0.466666666666667	135	34.0249499154739	0.371066852982853	Broad decile
OTU_1279	Alkaliflexus	0.333333333333333	301	3.92318742240034	0.0328448024988803	Intermediate
OTU_430	Porphyromonadaceae	0.422222222222222	689	3.19992889124469	0.0247183021488168	Narrow decile
OTU_3675	Paludibacter	0.322222222222222	193	8.1364163108502	0.0801844529309012	Intermediate
OTU_3543	Erysipelothrix	0.188888888888889	104	2.29523157378535	0.0145531637503972	Narrow decile
OTU_1925	Flavobacterium	0.3	218	6.96276506397234	0.0669973602693521	Intermediate
OTU_3379	Pontibacter	0.144444444444444	156	2.30393303402894	0.0146509329666173	Narrow decile
OTU_13664	OPB56	0.422222222222222	142	11.204357304142	0.114655700046539	Intermediate
OTU_1402	Urania-1B-19 marine sediment group	0.0555555555555556	135	1.05151542344253	0.000578824982500316	Narrow decile
OTU_10799	Flavobacteriaceae	0.122222222222222	105	1.46777449805798	0.00525589323660655	Narrow decile
OTU_549	KD4-96	0.588888888888889	720	5.49476156563464	0.0505029389397151	Intermediate
OTU_1610	Candidatus Aquirestis	0.5	125	31.4111516257211	0.341698332873271	Broad decile
OTU_1306	Pirellula	0.422222222222222	373	8.16712170821505	0.0805294573956747	Intermediate
OTU_3482	Anaerolineaceae	0.233333333333333	222	2.99121803100244	0.0223732363033982	Narrow decile
OTU_8343	Acidimicrobiaceae	0.344444444444444	208	1.97224888289406	0.0109241447516187	Narrow decile
OTU_2163	WD272	0.0777777777777778	137	1.22308431557715	0.00250656534356354	Narrow decile
OTU_8269	Deferrisoma	0.3	100	10.0239586196333	0.101392793479025	Intermediate
OTU_3549	Desulfuromusa	0.455555555555556	231	3.06647126594918	0.0232187782690919	Narrow decile
OTU_10046	ABS-19	0.3	118	5.97061145636524	0.0558495669254521	Intermediate
OTU_3812	Candidatus Solibacter	0.322222222222222	100	19.4793606892561	0.207633266171417	Intermediate
OTU_3211	Opitutae vadinHA64	0.511111111111111	156	36.3123019382558	0.396767437508492	Broad decile
OTU_360	Thermovirga	0.533333333333333	225	35.36401351412	0.386112511394607	Broad decile
OTU_3655	Bacteroidetes vadinHA17	0.211111111111111	182	5.46630463596873	0.050183198156952	Intermediate
OTU_655	Desulfovibrio	0.611111111111111	200	42.2622199287246	0.463620448637355	Broad decile
OTU_2530	Order III	0.344444444444444	325	2.94320816664468	0.0218337996252211	Narrow decile
OTU_3318	BSV26	0.188888888888889	121	3.69518434716337	0.0302829701928468	Narrow decile
OTU_3755	Anaerolineaceae	0.333333333333333	152	12.3734530655026	0.127791607477558	Intermediate
OTU_3493	Chloroflexi	0.277777777777778	165	11.3392529238973	0.116171381167385	Intermediate
OTU_8145	OM190	0.411111111111111	112	12.6861167543895	0.13130468263359	Intermediate
OTU_5712	Armatimonadetes	0.366666666666667	140	14.1625763562209	0.147894116362033	Intermediate
OTU_10186	Christensenellaceae R-7 group	0.166666666666667	111	6.08863101522325	0.0571756293845308	Intermediate
OTU_7723	Xanthomonadales Incertae Sedis	0.355555555555556	192	12.4337734143881	0.128469364206608	Intermediate
OTU_7959	AT425-EubC11 terrestrial group	0.277777777777778	122	7.75093370827288	0.0758531877334032	Intermediate
OTU_9062	Desulfobulbaceae	0.244444444444444	118	3.93739043429057	0.0330043869021413	Intermediate
OTU_2360	Verrucomicrobiaceae	0.377777777777778	102	20.2724069840084	0.216543898696723	Intermediate
OTU_7891	Illumatobacter	0.477777777777778	253	12.457326405558	0.128734004556832	Intermediate
OTU_3073	LD29	0.333333333333333	148	11.5632267316138	0.11868794080465	Intermediate
OTU_3352	WCHB1-69	0.388888888888889	208	12.6773070960186	0.131205697708074	Intermediate
OTU_1906	SC-I-84	0.366666666666667	162	3.01075915109248	0.0225927994504773	Narrow decile
OTU_8005	Ferruginibacter	0.222222222222222	156	3.76672175569196	0.0310867612999096	Intermediate
OTU_1199	OM1 clade	0.355555555555556	220	6.44772277508801	0.0612103682594159	Intermediate
OTU_9186	Rhodobacteraceae	0.377777777777778	122	12.8690189369554	0.133359763336578	Intermediate
OTU_9506	Bacillus	0.5	223	34.1214731801272	0.372151384046372	Broad decile
OTU_8450	Pir4 lineage	0.255555555555556	121	11.6471552592503	0.119630957969105	Intermediate
OTU_671	Beggiatoa	0.388888888888889	202	1.53057953574667	0.0059615678173783	Narrow decile
OTU_3665	Flavobacterium	0.266666666666667	161	5.79718532704844	0.0539009587308813	Intermediate
OTU_11586	Anaerolineaceae	0.188888888888889	109	6.38065716934583	0.0604568221274812	Intermediate
OTU_2168	terrestrial group	0.2	143	6.2105409663416	0.0585454041161977	Intermediate
OTU_3544	Dethiobacter	0.3	145	2.86835118586728	0.0209927099535649	Narrow decile
OTU_3222	Oceanobacillus indicireducens	0.588888888888889	387	41.9571713643903	0.460192936678543	Broad decile
OTU_1912	TTA-B1	0.533333333333333	238	39.8991326949344	0.437068906684657	Broad decile
OTU_3112	PAUC43f marine benthic group	0.422222222222222	328	14.6355467212852	0.1532083901268	Intermediate
OTU_1185	EM3	0.533333333333333	614	42.9241231516214	0.471057563501364	Broad decile
OTU_3434	Candidatus Caldatribacterium	0.433333333333333	111	29.9285215163534	0.325039567599476	Broad decile
OTU_1892	Anaerobaculum	0.533333333333333	704	43.428864981876	0.476728820021079	Broad decile
OTU_8296	Desulfobulbus	0.266666666666667	106	12.7827063255997	0.132389958714604	Intermediate
OTU_1914	Acetothermia	0.522222222222222	242	40.6313214364642	0.445295746477126	Broad decile
OTU_7344	Desulfobacca	0.288888888888889	128	9.50651644106799	0.0955788364164943	Intermediate
OTU_7670	Latescibacteria	0.333333333333333	122	12.2301436482401	0.126181389306069	Intermediate
OTU_686	NA	0.155555555555556	201	1.14378838121525	0.00161559978893534	Narrow decile
OTU_1811	Ferruginibacter	0.511111111111111	252	29.4365404735519	0.319511690714066	Broad decile
OTU_1947	Anaerolinea	0.166666666666667	196	2.56895106978075	0.0176286637054017	Narrow decile
OTU_1826	Anaerolineaceae	0.422222222222222	520	11.587456129103	0.118960181225877	Intermediate
OTU_126	Lentibacillus	0.533333333333333	2598	45.9277844121454	0.5048065664286	Broad decile
OTU_902	Oceanobacillus	0.544444444444444	1113	44.4193544438432	0.487857915099361	Broad decile
OTU_3828	Flavobacterium	0.233333333333333	122	4.12835263182732	0.0351500295710934	Intermediate
OTU_7838	Thermoactinomyces	0.455555555555556	124	32.3998070455364	0.352806820736364	Broad decile
OTU_9207	Ferruginibacter	0.355555555555556	503	13.0094794219434	0.134937971033072	Intermediate
OTU_351	Acetobacter	0.533333333333333	614	40.7727842654737	0.446885216465997	Broad decile
OTU_264	Kroppenstedtia	0.555555555555556	1958	45.9549472691303	0.50511176706888	Broad decile
OTU_1334	Flavobacterium	0.377777777777778	412	5.15532638903893	0.0466890605509992	Intermediate
OTU_3796	Chthoniobacter	0.255555555555556	116	7.35104106976112	0.0713600120197879	Intermediate
OTU_7606	Subgroup 6	0.366666666666667	191	12.1600634275458	0.125393971096021	Intermediate
OTU_3562	Flavobacteriaceae	0.244444444444444	256	1.9047066449242	0.0101652432013955	Narrow decile
OTU_1984	Ectothiorhodospiraceae	0.277777777777778	112	1.82232589867613	0.00923961683905767	Narrow decile
OTU_3170	OM1 clade	0.322222222222222	115	5.60600155230782	0.051752826430425	Intermediate
OTU_7186	Flavobacteriaceae	0.322222222222222	141	3.57571454691732	0.0289406128867115	Narrow decile
OTU_8068	Haliea	0.3	196	6.80884501206186	0.0652679214838411	Intermediate
OTU_8571	Saccharospirillum	0.233333333333333	136	2.34835989831468	0.0151501112170189	Narrow decile
OTU_8199	OM1 clade	0.222222222222222	127	7.21839168135363	0.0698695694534116	Intermediate
OTU_429	Anaerolineaceae	0.388888888888889	610	5.77858947416257	0.0536920165636244	Intermediate
OTU_3118	Sandaracinaceae	0.288888888888889	160	14.4516352749132	0.151141969381047	Intermediate
OTU_1985	ML635J-40 aquatic group	0.166666666666667	105	1.34608591460057	0.00388860578202885	Narrow decile
OTU_1820	Anaerolineaceae	0.388888888888889	368	13.5158089293514	0.140627066621926	Intermediate
OTU_1173	Synergistaceae	0.533333333333333	344	40.8986893654467	0.448299880510637	Broad decile
OTU_7320	BD2-11 terrestrial group	0.166666666666667	103	7.92763401368006	0.0778385844233714	Intermediate
OTU_7982	PAUC43f marine benthic group	0.244444444444444	184	7.40619879805125	0.0719797617758567	Intermediate
OTU_7381	BD1-7 clade	0.211111111111111	118	7.31155926258855	0.0709163962088601	Intermediate
OTU_3337	Pedobacter	0.511111111111111	204	35.4377404963196	0.38694090445303	Broad decile
OTU_3271	Nitrospinaceae	0.211111111111111	122	7.85584050726444	0.07703191581196	Intermediate
OTU_8379	Brevibacterium	0.466666666666667	113	32.7415193161033	0.356646284450598	Broad decile
OTU_3156	Anaerolineaceae	0.244444444444444	129	10.4902068676356	0.106631537838602	Intermediate
OTU_7370	Sva0725	0.311111111111111	181	10.1528871931622	0.102841429136654	Intermediate
OTU_7594	Anaerolineaceae	0.266666666666667	153	10.4227237161708	0.105873300181695	Intermediate
OTU_3123	Chloroflexi	0.188888888888889	102	9.18270231671828	0.0919404754687448	Intermediate
OTU_7725	WCHB1-69	0.244444444444444	114	1.95967234021744	0.010782835283342	Narrow decile
OTU_7463	Anaerolineaceae	0.211111111111111	106	10.1513780368731	0.102824472324417	Intermediate
OTU_428	Desulfobulbaceae	0.5	1256	6.462437608548	0.0613757034668315	Intermediate
OTU_1866	Coprothermobacter	0.533333333333333	546	41.5785481113951	0.455938742824665	Broad decile
OTU_1890	Haliea	0.344444444444444	325	7.54205750019141	0.0735062640470945	Intermediate
OTU_3102	Planctomyces	0.233333333333333	127	11.8383151802404	0.121778822249892	Intermediate
OTU_7395	Anaerolineaceae	0.322222222222222	216	11.5826650585166	0.118906348972096	Intermediate
OTU_7438	Lentibacillus	0.377777777777778	116	22.3918646579997	0.240358029865165	Intermediate
OTU_7330	JTB255 marine benthic group	0.266666666666667	165	8.88791680174209	0.0886282786712594	Intermediate
OTU_1848	Lactococcus	0.533333333333333	511	42.5422219605676	0.466766538882781	Broad decile
OTU_3285	Kroppenstedtia	0.533333333333333	232	39.6063118737538	0.433778785098357	Broad decile
OTU_3228	Anaerolineaceae	0.211111111111111	140	8.70799096733886	0.0866066400824591	Intermediate
OTU_3419	Bacillus	0.533333333333333	208	36.6809000068869	0.400908988841426	Broad decile
OTU_3176	Nitrospinaceae	0.166666666666667	139	3.9091624787081	0.0326872188618887	Intermediate
OTU_1902	Pelagibius	0.311111111111111	302	7.81218361053053	0.0765413888823655	Intermediate
OTU_8226	Anaerolineaceae	0.333333333333333	317	8.93671814106385	0.0891766083265601	Intermediate
OTU_1204	Bacillus	0.533333333333333	246	38.4263348304371	0.420520616072327	Broad decile
OTU_173	NA	0.122222222222222	348	1.11008479474362	0.00123690780610807	Narrow decile
OTU_7654	JTB255 marine benthic group	0.333333333333333	180	12.3834167003951	0.127903558431405	Intermediate
OTU_1226	Desulfobulbaceae	0.277777777777778	179	5.70999161713709	0.0529212541251358	Intermediate
OTU_3197	Mangrovibacterium	0.2	166	8.16047727672547	0.080454800862084	Intermediate
OTU_3311	Rhodospirillaceae	0.255555555555556	163	7.58389799644767	0.0739763819825581	Intermediate
OTU_1945	Marinimicrobium	0.322222222222222	262	3.35774171849198	0.026491479983056	Narrow decile
OTU_3137	Saprospiraceae	0.222222222222222	152	10.4413327546958	0.1060823905022	Intermediate
OTU_653	Nitrospinaceae	0.333333333333333	220	9.21770009967327	0.0923337089850929	Intermediate
OTU_7543	PAUC43f marine benthic group	0.222222222222222	121	9.26492660937277	0.0928643439255368	Intermediate
OTU_7371	E01-9C-26 marine group	0.211111111111111	117	6.9421956739417	0.0667662435274349	Intermediate
OTU_1163	Sulfurovum	0.233333333333333	236	7.63027678202424	0.0744974919328567	Intermediate
OTU_1189	E01-9C-26 marine group	0.388888888888889	360	7.24303803745146	0.0701464948028254	Intermediate
OTU_8002	OM1 clade	0.222222222222222	142	4.9544567209154	0.0444320979878134	Intermediate
OTU_3142	Anaerolineaceae	0.255555555555556	184	4.22336120762397	0.0362175416586963	Intermediate
OTU_3339	Pseudothermotoga	0.466666666666667	101	30.6714343256434	0.333386902535319	Broad decile
OTU_3359	Desulfobulbaceae	0.255555555555556	172	1.79120129321536	0.00888990217095914	Narrow decile
OTU_7549	Desulfobacca	0.188888888888889	110	7.49497083577707	0.0729772004019896	Intermediate
OTU_1849	Peptostreptococcaceae	0.233333333333333	193	1.5197131043932	0.00583947308306961	Narrow decile
OTU_8130	Candidatus Thiobios	0.344444444444444	191	11.2963039615636	0.115688808556894	Intermediate
OTU_1184	Acetothermia	0.533333333333333	244	38.8361892009388	0.425125721358863	Broad decile
OTU_8206	Anaerobaculum	0.522222222222222	158	36.7776093790966	0.401995611001086	Broad decile
OTU_666	Marinimicrobia (SAR406 clade)	0.522222222222222	153	35.3037179431948	0.385435033069604	Broad decile
OTU_1986	Planctomyces	0.122222222222222	106	1.34862416663415	0.00391712546779939	Narrow decile
OTU_3344	Desulfobacteraceae	0.266666666666667	287	5.8433811315536	0.0544200127140854	Intermediate
OTU_8019	Saprospiraceae	0.188888888888889	140	6.1917020897804	0.0583337313458472	Intermediate
OTU_7477	Prolixibacter	0.2	111	5.74934190255471	0.053363392163536	Intermediate
OTU_3351	Desulfobulbaceae	0.166666666666667	179	1.83668636321653	0.00940097037321947	Narrow decile
OTU_1903	MSB-3A7 sediment group	0.233333333333333	167	3.2853823728822	0.0256784536278899	Narrow decile
OTU_8792	Anaerolineaceae	0.244444444444444	129	4.96620481198473	0.0445640990110644	Intermediate
OTU_3552	Owenweeksia	0.144444444444444	116	1.42143387137517	0.0047352120379233	Narrow decile
OTU_3439	Syntrophothermus	0.488888888888889	114	33.2977544068425	0.362896116930814	Broad decile
OTU_3179	Milano-WF1B-44	0.188888888888889	120	5.58358697363353	0.0515009772318374	Intermediate
OTU_9176	Pseudofulvimonas	0.222222222222222	100	8.61256058267796	0.0855343885694152	Intermediate
OTU_1911	Ignavibacteriales	0.177777777777778	190	1.69924124470159	0.00785664319889432	Narrow decile
OTU_9086	Order III	0.155555555555556	109	1.75709819963948	0.00850672134426377	Narrow decile
OTU_3565	Saprospiraceae	0.133333333333333	103	1.26413313778789	0.00296778806503252	Narrow decile
OTU_8275	SS1-B-09-64	0.155555555555556	131	1.3189828158657	0.00358407658276069	Narrow decile
OTU_3329	SEEP-SRB4	0.2	124	4.75029769652802	0.0421381763654834	Intermediate
OTU_2118	Chryseobacterium	0.2	133	6.56261212971202	0.0625012598844047	Intermediate
OTU_3848	Lysobacter	0.255555555555556	127	7.98850775025979	0.0785225589916831	Intermediate
OTU_2040	Flavobacterium	0.377777777777778	256	6.34163925607295	0.0600184186075612	Intermediate
OTU_3328	ML635J-40 aquatic group	0.122222222222222	119	1.35960966017165	0.00404055797945672	Narrow decile
OTU_9628	Flavobacterium	0.177777777777778	129	1.54683338055634	0.00614419528714985	Narrow decile
