Taxon	SampleID	RelativeAbundance	Percent	GroupCode	Group	Type	SampleOrder
Proteobacteria	S1	0.19971028110562994	19.971028110562994	IW	Inland wetland	Northeast	1
Chloroflexi	S1	0.12035079476939942	12.035079476939941	IW	Inland wetland	Northeast	1
Bacteroidetes	S1	0.18072194816380863	18.07219481638086	IW	Inland wetland	Northeast	1
Acidobacteria	S1	0.11882389789366533	11.882389789366533	IW	Inland wetland	Northeast	1
Actinobacteria	S1	0.1217602380393078	12.17602380393078	IW	Inland wetland	Northeast	1
Firmicutes	S1	0.023138360347662673	2.3138360347662674	IW	Inland wetland	Northeast	1
Verrucomicrobia	S1	0.12023334116357372	12.023334116357372	IW	Inland wetland	Northeast	1
Planctomycetes	S1	0.02247278991465038	2.247278991465038	IW	Inland wetland	Northeast	1
Gemmatimonadetes	S1	0.02627045650301464	2.627045650301464	IW	Inland wetland	Northeast	1
Nitrospirae	S1	0.01229347740975648	1.229347740975648	IW	Inland wetland	Northeast	1
Other known phyla	S1	0.05050505050505052	5.050505050505052	IW	Inland wetland	Northeast	1
Unknown phylum	S1	0.0037193641844804636	0.37193641844804637	IW	Inland wetland	Northeast	1
Proteobacteria	S2	0.20497683455387836	20.497683455387836	IW	Inland wetland	Northeast	2
Chloroflexi	S2	0.18838738604095054	18.838738604095052	IW	Inland wetland	Northeast	2
Bacteroidetes	S2	0.03265580630697953	3.265580630697953	IW	Inland wetland	Northeast	2
Acidobacteria	S2	0.2476834553878344	24.76834553878344	IW	Inland wetland	Northeast	2
Actinobacteria	S2	0.08384396951128381	8.38439695112838	IW	Inland wetland	Northeast	2
Firmicutes	S2	0.013301449708563742	1.3301449708563742	IW	Inland wetland	Northeast	2
Verrucomicrobia	S2	0.11268868629502317	11.268868629502316	IW	Inland wetland	Northeast	2
Planctomycetes	S2	0.04121207592288148	4.121207592288148	IW	Inland wetland	Northeast	2
Gemmatimonadetes	S2	0.026117172321028247	2.6117172321028246	IW	Inland wetland	Northeast	2
Nitrospirae	S2	0.019989538185622477	1.9989538185622477	IW	Inland wetland	Northeast	2
Other known phyla	S2	0.027013899267673	2.7013899267673	IW	Inland wetland	Northeast	2
Unknown phylum	S2	0.002129726498281273	0.21297264982812733	IW	Inland wetland	Northeast	2
Proteobacteria	S3	0.2106984349451063	21.06984349451063	IW	Inland wetland	Northeast	3
Chloroflexi	S3	0.16623841781515222	16.62384178151522	IW	Inland wetland	Northeast	3
Bacteroidetes	S3	0.02694074593163591	2.6940745931635908	IW	Inland wetland	Northeast	3
Acidobacteria	S3	0.24885151444366582	24.88515144436658	IW	Inland wetland	Northeast	3
Actinobacteria	S3	0.08837499026707156	8.837499026707157	IW	Inland wetland	Northeast	3
Firmicutes	S3	0.018297905473798958	1.8297905473798959	IW	Inland wetland	Northeast	3
Verrucomicrobia	S3	0.12302421552596746	12.302421552596746	IW	Inland wetland	Northeast	3
Planctomycetes	S3	0.041423343455578916	4.142334345557892	IW	Inland wetland	Northeast	3
Gemmatimonadetes	S3	0.021412442575722182	2.141244257572218	IW	Inland wetland	Northeast	3
Nitrospirae	S3	0.022035349996106828	2.203534999610683	IW	Inland wetland	Northeast	3
Other known phyla	S3	0.02958810246827066	2.958810246827066	IW	Inland wetland	Northeast	3
Unknown phylum	S3	0.0031145371019232265	0.31145371019232265	IW	Inland wetland	Northeast	3
Proteobacteria	S4	0.25670180722891567	25.670180722891565	IW	Inland wetland	Northeast	4
Chloroflexi	S4	0.14909638554216867	14.909638554216867	IW	Inland wetland	Northeast	4
Bacteroidetes	S4	0.022439759036144577	2.2439759036144578	IW	Inland wetland	Northeast	4
Acidobacteria	S4	0.26385542168674697	26.385542168674696	IW	Inland wetland	Northeast	4
Actinobacteria	S4	0.08832831325301205	8.832831325301205	IW	Inland wetland	Northeast	4
Firmicutes	S4	0.01588855421686747	1.5888554216867472	IW	Inland wetland	Northeast	4
Verrucomicrobia	S4	0.09412650602409639	9.41265060240964	IW	Inland wetland	Northeast	4
Planctomycetes	S4	0.035542168674698796	3.5542168674698797	IW	Inland wetland	Northeast	4
Gemmatimonadetes	S4	0.023343373493975902	2.33433734939759	IW	Inland wetland	Northeast	4
Nitrospirae	S4	0.017846385542168674	1.7846385542168675	IW	Inland wetland	Northeast	4
Other known phyla	S4	0.031099397590361448	3.109939759036145	IW	Inland wetland	Northeast	4
Unknown phylum	S4	0.0017319277108433734	0.17319277108433734	IW	Inland wetland	Northeast	4
Proteobacteria	S5	0.16785714285714284	16.785714285714285	IW	Inland wetland	Northeast	5
Chloroflexi	S5	0.3111678004535147	31.116780045351472	IW	Inland wetland	Northeast	5
Bacteroidetes	S5	0.028514739229024942	2.8514739229024944	IW	Inland wetland	Northeast	5
Acidobacteria	S5	0.24557823129251702	24.5578231292517	IW	Inland wetland	Northeast	5
Actinobacteria	S5	0.07942176870748299	7.942176870748299	IW	Inland wetland	Northeast	5
Firmicutes	S5	0.014229024943310657	1.4229024943310657	IW	Inland wetland	Northeast	5
Verrucomicrobia	S5	0.043310657596371885	4.331065759637188	IW	Inland wetland	Northeast	5
Planctomycetes	S5	0.014569160997732426	1.4569160997732427	IW	Inland wetland	Northeast	5
Gemmatimonadetes	S5	0.03803854875283447	3.803854875283447	IW	Inland wetland	Northeast	5
Nitrospirae	S5	0.014058956916099773	1.4058956916099774	IW	Inland wetland	Northeast	5
Other known phyla	S5	0.04070294784580498	4.070294784580498	IW	Inland wetland	Northeast	5
Unknown phylum	S5	0.002551020408163265	0.25510204081632654	IW	Inland wetland	Northeast	5
Proteobacteria	S6	0.15911209766925638	15.911209766925637	IW	Inland wetland	Northeast	6
Chloroflexi	S6	0.32816870144284127	32.816870144284124	IW	Inland wetland	Northeast	6
Bacteroidetes	S6	0.04044395116537181	4.044395116537181	IW	Inland wetland	Northeast	6
Acidobacteria	S6	0.24337402885682574	24.337402885682575	IW	Inland wetland	Northeast	6
Actinobacteria	S6	0.0565149833518313	5.651498335183129	IW	Inland wetland	Northeast	6
Firmicutes	S6	0.007680355160932298	0.7680355160932297	IW	Inland wetland	Northeast	6
Verrucomicrobia	S6	0.04328523862375139	4.328523862375139	IW	Inland wetland	Northeast	6
Planctomycetes	S6	0.023307436182019976	2.3307436182019976	IW	Inland wetland	Northeast	6
Gemmatimonadetes	S6	0.020288568257491677	2.028856825749168	IW	Inland wetland	Northeast	6
Nitrospirae	S6	0.013362930077691454	1.3362930077691455	IW	Inland wetland	Northeast	6
Other known phyla	S6	0.06241953385127635	6.241953385127634	IW	Inland wetland	Northeast	6
Unknown phylum	S6	0.0020421753607103217	0.20421753607103216	IW	Inland wetland	Northeast	6
Proteobacteria	S7	0.21986183074265975	21.986183074265973	IW	Inland wetland	Northeast	7
Chloroflexi	S7	0.18382268278641337	18.382268278641337	IW	Inland wetland	Northeast	7
Bacteroidetes	S7	0.05002878526194588	5.002878526194588	IW	Inland wetland	Northeast	7
Acidobacteria	S7	0.2551525618883132	25.51525618883132	IW	Inland wetland	Northeast	7
Actinobacteria	S7	0.1075993091537133	10.75993091537133	IW	Inland wetland	Northeast	7
Firmicutes	S7	0.010592976396085205	1.0592976396085205	IW	Inland wetland	Northeast	7
Verrucomicrobia	S7	0.04145077720207254	4.145077720207254	IW	Inland wetland	Northeast	7
Planctomycetes	S7	0.01623488773747841	1.6234887737478412	IW	Inland wetland	Northeast	7
Gemmatimonadetes	S7	0.025734024179620035	2.5734024179620034	IW	Inland wetland	Northeast	7
Nitrospirae	S7	0.025964306275187105	2.5964306275187106	IW	Inland wetland	Northeast	7
Other known phyla	S7	0.0604490500863558	6.04490500863558	IW	Inland wetland	Northeast	7
Unknown phylum	S7	0.0031088082901554403	0.31088082901554404	IW	Inland wetland	Northeast	7
Proteobacteria	S9	0.2787112077485669	27.87112077485669	IW	Inland wetland	Northeast	8
Chloroflexi	S9	0.13552085392370034	13.552085392370033	IW	Inland wetland	Northeast	8
Bacteroidetes	S9	0.09025499110496145	9.025499110496146	IW	Inland wetland	Northeast	8
Acidobacteria	S9	0.1808262502470844	18.08262502470844	IW	Inland wetland	Northeast	8
Actinobacteria	S9	0.12421427159517691	12.421427159517691	IW	Inland wetland	Northeast	8
Firmicutes	S9	0.014152994662976873	1.4152994662976874	IW	Inland wetland	Northeast	8
Verrucomicrobia	S9	0.06270013836726626	6.270013836726626	IW	Inland wetland	Northeast	8
Planctomycetes	S9	0.025459576991500296	2.5459576991500295	IW	Inland wetland	Northeast	8
Gemmatimonadetes	S9	0.02838505633524412	2.838505633524412	IW	Inland wetland	Northeast	8
Nitrospirae	S9	0.013599525597944258	1.3599525597944258	IW	Inland wetland	Northeast	8
Other known phyla	S9	0.0440007906700929	4.40007906700929	IW	Inland wetland	Northeast	8
Unknown phylum	S9	0.002174342755485274	0.21743427554852737	IW	Inland wetland	Northeast	8
Proteobacteria	S10	0.14050262636429403	14.050262636429403	IW	Inland wetland	Northeast	9
Chloroflexi	S10	0.2716006668134495	27.16006668134495	IW	Inland wetland	Northeast	9
Bacteroidetes	S10	0.10750794199981129	10.75079419998113	IW	Inland wetland	Northeast	9
Acidobacteria	S10	0.20013839524423616	20.013839524423616	IW	Inland wetland	Northeast	9
Actinobacteria	S10	0.06133425596829491	6.133425596829491	IW	Inland wetland	Northeast	9
Firmicutes	S10	0.009090051269147296	0.9090051269147297	IW	Inland wetland	Northeast	9
Verrucomicrobia	S10	0.09288208096121787	9.288208096121787	IW	Inland wetland	Northeast	9
Planctomycetes	S10	0.014405686786399523	1.4405686786399523	IW	Inland wetland	Northeast	9
Gemmatimonadetes	S10	0.016167080803950556	1.6167080803950555	IW	Inland wetland	Northeast	9
Nitrospirae	S10	0.007580284968389268	0.7580284968389268	IW	Inland wetland	Northeast	9
Other known phyla	S10	0.07369546755575124	7.369546755575124	IW	Inland wetland	Northeast	9
Unknown phylum	S10	0.005095461265058346	0.5095461265058345	IW	Inland wetland	Northeast	9
Proteobacteria	S11	0.23758059564015965	23.758059564015966	IW	Inland wetland	Northeast	10
Chloroflexi	S11	0.15363831747006448	15.363831747006449	IW	Inland wetland	Northeast	10
Bacteroidetes	S11	0.18335891925084433	18.335891925084432	IW	Inland wetland	Northeast	10
Acidobacteria	S11	0.19533312864599325	19.533312864599324	IW	Inland wetland	Northeast	10
Actinobacteria	S11	0.08989867976665643	8.989867976665643	IW	Inland wetland	Northeast	10
Firmicutes	S11	0.012833896223518576	1.2833896223518577	IW	Inland wetland	Northeast	10
Verrucomicrobia	S11	0.03770340804421247	3.770340804421247	IW	Inland wetland	Northeast	10
Planctomycetes	S11	0.0092109303039607	0.9210930303960699	IW	Inland wetland	Northeast	10
Gemmatimonadetes	S11	0.02394841879029782	2.394841879029782	IW	Inland wetland	Northeast	10
Nitrospirae	S11	0.010439054344488793	1.0439054344488794	IW	Inland wetland	Northeast	10
Other known phyla	S11	0.043782622044826525	4.3782622044826525	IW	Inland wetland	Northeast	10
Unknown phylum	S11	0.0022720294749769727	0.22720294749769726	IW	Inland wetland	Northeast	10
Proteobacteria	S12	0.21305751942044165	21.305751942044164	IW	Inland wetland	Northeast	11
Chloroflexi	S12	0.19813214628611328	19.813214628611327	IW	Inland wetland	Northeast	11
Bacteroidetes	S12	0.1544907043728725	15.449070437287249	IW	Inland wetland	Northeast	11
Acidobacteria	S12	0.1980448634022868	19.80448634022868	IW	Inland wetland	Northeast	11
Actinobacteria	S12	0.07776904948939513	7.776904948939513	IW	Inland wetland	Northeast	11
Firmicutes	S12	0.01501265601815484	1.501265601815484	IW	Inland wetland	Northeast	11
Verrucomicrobia	S12	0.043292310377934885	4.329231037793488	IW	Inland wetland	Northeast	11
Planctomycetes	S12	0.01021209740769835	1.021209740769835	IW	Inland wetland	Northeast	11
Gemmatimonadetes	S12	0.017892991184428733	1.7892991184428733	IW	Inland wetland	Northeast	11
Nitrospirae	S12	0.008553722614995199	0.8553722614995198	IW	Inland wetland	Northeast	11
Other known phyla	S12	0.059963341188792874	5.996334118879288	IW	Inland wetland	Northeast	11
Unknown phylum	S12	0.003578598236885747	0.35785982368857466	IW	Inland wetland	Northeast	11
Proteobacteria	S13	0.2097938144329897	20.97938144329897	IW	Inland wetland	Northeast	12
Chloroflexi	S13	0.18298969072164947	18.298969072164947	IW	Inland wetland	Northeast	12
Bacteroidetes	S13	0.11472754050073637	11.472754050073638	IW	Inland wetland	Northeast	12
Acidobacteria	S13	0.23033873343151692	23.033873343151694	IW	Inland wetland	Northeast	12
Actinobacteria	S13	0.07731958762886598	7.731958762886598	IW	Inland wetland	Northeast	12
Firmicutes	S13	0.014138438880706922	1.4138438880706923	IW	Inland wetland	Northeast	12
Verrucomicrobia	S13	0.05861561119293078	5.861561119293078	IW	Inland wetland	Northeast	12
Planctomycetes	S13	0.01207658321060383	1.207658321060383	IW	Inland wetland	Northeast	12
Gemmatimonadetes	S13	0.027540500736377024	2.7540500736377025	IW	Inland wetland	Northeast	12
Nitrospirae	S13	0.008836524300441826	0.8836524300441826	IW	Inland wetland	Northeast	12
Other known phyla	S13	0.060456553755522814	6.045655375552282	IW	Inland wetland	Northeast	12
Unknown phylum	S13	0.003166421207658321	0.3166421207658321	IW	Inland wetland	Northeast	12
Proteobacteria	S15	0.2738209355828221	27.38209355828221	IW	Inland wetland	Northwest	25
Chloroflexi	S15	0.1055885736196319	10.55885736196319	IW	Inland wetland	Northwest	25
Bacteroidetes	S15	0.09375	9.375	IW	Inland wetland	Northwest	25
Acidobacteria	S15	0.11991947852760736	11.991947852760736	IW	Inland wetland	Northwest	25
Actinobacteria	S15	0.09307898773006135	9.307898773006135	IW	Inland wetland	Northwest	25
Firmicutes	S15	0.0853144171779141	8.53144171779141	IW	Inland wetland	Northwest	25
Verrucomicrobia	S15	0.055166794478527605	5.51667944785276	IW	Inland wetland	Northwest	25
Planctomycetes	S15	0.06858703987730061	6.858703987730061	IW	Inland wetland	Northwest	25
Gemmatimonadetes	S15	0.060391104294478526	6.039110429447852	IW	Inland wetland	Northwest	25
Nitrospirae	S15	0.004457438650306749	0.44574386503067487	IW	Inland wetland	Northwest	25
Other known phyla	S15	0.03743289877300615	3.743289877300615	IW	Inland wetland	Northwest	25
Unknown phylum	S15	0.002492331288343558	0.24923312883435583	IW	Inland wetland	Northwest	25
Proteobacteria	S16	0.21317775293460034	21.317775293460034	IW	Inland wetland	Northwest	26
Chloroflexi	S16	0.1524594745667971	15.245947456679708	IW	Inland wetland	Northwest	26
Bacteroidetes	S16	0.07937395192845165	7.937395192845164	IW	Inland wetland	Northwest	26
Acidobacteria	S16	0.14707937395192844	14.707937395192843	IW	Inland wetland	Northwest	26
Actinobacteria	S16	0.09488541084404695	9.488541084404694	IW	Inland wetland	Northwest	26
Firmicutes	S16	0.08063163778647289	8.06316377864729	IW	Inland wetland	Northwest	26
Verrucomicrobia	S16	0.0451369480156512	4.51369480156512	IW	Inland wetland	Northwest	26
Planctomycetes	S16	0.065539407490218	6.5539407490218	IW	Inland wetland	Northwest	26
Gemmatimonadetes	S16	0.049189491335941866	4.918949133594187	IW	Inland wetland	Northwest	26
Nitrospirae	S16	0.008873672442705422	0.8873672442705421	IW	Inland wetland	Northwest	26
Other known phyla	S16	0.05897149245388486	5.897149245388486	IW	Inland wetland	Northwest	26
Unknown phylum	S16	0.004681386249301285	0.46813862493012853	IW	Inland wetland	Northwest	26
Proteobacteria	S17	0.22190324295587455	22.190324295587455	IW	Inland wetland	Northwest	27
Chloroflexi	S17	0.12270069112174375	12.270069112174376	IW	Inland wetland	Northwest	27
Bacteroidetes	S17	0.14768740031897926	14.768740031897925	IW	Inland wetland	Northwest	27
Acidobacteria	S17	0.06992734361155414	6.9927343611554145	IW	Inland wetland	Northwest	27
Actinobacteria	S17	0.0963317384370016	9.63317384370016	IW	Inland wetland	Northwest	27
Firmicutes	S17	0.08396243133085238	8.396243133085237	IW	Inland wetland	Northwest	27
Verrucomicrobia	S17	0.03349282296650718	3.349282296650718	IW	Inland wetland	Northwest	27
Planctomycetes	S17	0.06198830409356725	6.1988304093567255	IW	Inland wetland	Northwest	27
Gemmatimonadetes	S17	0.1011873117136275	10.11873117136275	IW	Inland wetland	Northwest	27
Nitrospirae	S17	0.0037923090554669503	0.37923090554669503	IW	Inland wetland	Northwest	27
Other known phyla	S17	0.053765727449937975	5.376572744993798	IW	Inland wetland	Northwest	27
Unknown phylum	S17	0.0032606769448874713	0.3260676944887471	IW	Inland wetland	Northwest	27
Proteobacteria	S18	0.2504920379316515	25.049203793165148	IW	Inland wetland	Northwest	28
Chloroflexi	S18	0.2098049740561818	20.980497405618177	IW	Inland wetland	Northwest	28
Bacteroidetes	S18	0.05059939166219359	5.059939166219359	IW	Inland wetland	Northwest	28
Acidobacteria	S18	0.12860976918947933	12.860976918947934	IW	Inland wetland	Northwest	28
Actinobacteria	S18	0.16027911969940956	16.027911969940956	IW	Inland wetland	Northwest	28
Firmicutes	S18	0.04326355340848095	4.326355340848095	IW	Inland wetland	Northwest	28
Verrucomicrobia	S18	0.021256038647342997	2.1256038647342996	IW	Inland wetland	Northwest	28
Planctomycetes	S18	0.044444444444444446	4.444444444444445	IW	Inland wetland	Northwest	28
Gemmatimonadetes	S18	0.03635713007693684	3.635713007693684	IW	Inland wetland	Northwest	28
Nitrospirae	S18	0.003721595992127393	0.37215959921273933	IW	Inland wetland	Northwest	28
Other known phyla	S18	0.04297727679370192	4.297727679370192	IW	Inland wetland	Northwest	28
Unknown phylum	S18	0.00819466809804974	0.8194668098049741	IW	Inland wetland	Northwest	28
Proteobacteria	S19	0.2564993564993565	25.64993564993565	IW	Inland wetland	Northwest	29
Chloroflexi	S19	0.16332046332046332	16.332046332046332	IW	Inland wetland	Northwest	29
Bacteroidetes	S19	0.06885456885456885	6.885456885456885	IW	Inland wetland	Northwest	29
Acidobacteria	S19	0.13474903474903474	13.474903474903474	IW	Inland wetland	Northwest	29
Actinobacteria	S19	0.1120978120978121	11.209781209781209	IW	Inland wetland	Northwest	29
Firmicutes	S19	0.08146718146718147	8.146718146718147	IW	Inland wetland	Northwest	29
Verrucomicrobia	S19	0.03474903474903475	3.474903474903475	IW	Inland wetland	Northwest	29
Planctomycetes	S19	0.07226512226512226	7.2265122265122255	IW	Inland wetland	Northwest	29
Gemmatimonadetes	S19	0.022072072072072072	2.2072072072072073	IW	Inland wetland	Northwest	29
Nitrospirae	S19	0.00444015444015444	0.44401544401544396	IW	Inland wetland	Northwest	29
Other known phyla	S19	0.04330759330759331	4.330759330759331	IW	Inland wetland	Northwest	29
Unknown phylum	S19	0.006177606177606178	0.6177606177606177	IW	Inland wetland	Northwest	29
Proteobacteria	S20	0.24595224228305185	24.595224228305185	IW	Inland wetland	Northwest	30
Chloroflexi	S20	0.18048922539312756	18.048922539312755	IW	Inland wetland	Northwest	30
Bacteroidetes	S20	0.07157833430401864	7.157833430401864	IW	Inland wetland	Northwest	30
Acidobacteria	S20	0.1128130460104834	11.28130460104834	IW	Inland wetland	Northwest	30
Actinobacteria	S20	0.10856144437973209	10.856144437973208	IW	Inland wetland	Northwest	30
Firmicutes	S20	0.12917880023296446	12.917880023296446	IW	Inland wetland	Northwest	30
Verrucomicrobia	S20	0.017705299941758883	1.7705299941758883	IW	Inland wetland	Northwest	30
Planctomycetes	S20	0.03558532323820617	3.558532323820617	IW	Inland wetland	Northwest	30
Gemmatimonadetes	S20	0.042690739662201514	4.269073966220152	IW	Inland wetland	Northwest	30
Nitrospirae	S20	0.009202096680256261	0.9202096680256261	IW	Inland wetland	Northwest	30
Other known phyla	S20	0.041467676179382636	4.146767617938264	IW	Inland wetland	Northwest	30
Unknown phylum	S20	0.00477577169481654	0.477577169481654	IW	Inland wetland	Northwest	30
Proteobacteria	S22	0.20816833962611658	20.816833962611657	IW	Inland wetland	Northeast	13
Chloroflexi	S22	0.18841513951560918	18.841513951560916	IW	Inland wetland	Northeast	13
Bacteroidetes	S22	0.016207753936826594	1.6207753936826594	IW	Inland wetland	Northeast	13
Acidobacteria	S22	0.23330877613039874	23.330877613039874	IW	Inland wetland	Northeast	13
Actinobacteria	S22	0.07431623538079013	7.4316235380790125	IW	Inland wetland	Northeast	13
Firmicutes	S22	0.017450962335389997	1.7450962335389997	IW	Inland wetland	Northeast	13
Verrucomicrobia	S22	0.13564784970991803	13.564784970991802	IW	Inland wetland	Northeast	13
Planctomycetes	S22	0.044847591859287224	4.484759185928723	IW	Inland wetland	Northeast	13
Gemmatimonadetes	S22	0.019430886821990977	1.9430886821990976	IW	Inland wetland	Northeast	13
Nitrospirae	S22	0.023160512017681188	2.316051201768119	IW	Inland wetland	Northeast	13
Other known phyla	S22	0.03651349111336219	3.651349111336219	IW	Inland wetland	Northeast	13
Unknown phylum	S22	0.0025324615526291557	0.25324615526291555	IW	Inland wetland	Northeast	13
Proteobacteria	S23	0.24658780709736125	24.658780709736124	IW	Inland wetland	Northeast	14
Chloroflexi	S23	0.1586290567182287	15.862905671822869	IW	Inland wetland	Northeast	14
Bacteroidetes	S23	0.020806794055201697	2.08067940552017	IW	Inland wetland	Northeast	14
Acidobacteria	S23	0.23554746739460114	23.554746739460114	IW	Inland wetland	Northeast	14
Actinobacteria	S23	0.10185016681831968	10.185016681831968	IW	Inland wetland	Northeast	14
Firmicutes	S23	0.017227782832878374	1.7227782832878376	IW	Inland wetland	Northeast	14
Verrucomicrobia	S23	0.10767364270548983	10.767364270548983	IW	Inland wetland	Northeast	14
Planctomycetes	S23	0.04143160448892933	4.1431604488929334	IW	Inland wetland	Northeast	14
Gemmatimonadetes	S23	0.020503488019411587	2.050348801941159	IW	Inland wetland	Northeast	14
Nitrospirae	S23	0.01959356991204125	1.9593569912041249	IW	Inland wetland	Northeast	14
Other known phyla	S23	0.026144980285107675	2.6144980285107677	IW	Inland wetland	Northeast	14
Unknown phylum	S23	0.004003639672429482	0.40036396724294815	IW	Inland wetland	Northeast	14
Proteobacteria	S24	0.18084328540092615	18.084328540092613	IW	Inland wetland	Northeast	15
Chloroflexi	S24	0.15216508245998864	15.216508245998863	IW	Inland wetland	Northeast	15
Bacteroidetes	S24	0.021935169388252497	2.19351693882525	IW	Inland wetland	Northeast	15
Acidobacteria	S24	0.2486798277682996	24.86798277682996	IW	Inland wetland	Northeast	15
Actinobacteria	S24	0.07262978308554716	7.2629783085547155	IW	Inland wetland	Northeast	15
Firmicutes	S24	0.016410756357137055	1.6410756357137055	IW	Inland wetland	Northeast	15
Verrucomicrobia	S24	0.17044439028353237	17.044439028353235	IW	Inland wetland	Northeast	15
Planctomycetes	S24	0.04224551141441222	4.224551141441222	IW	Inland wetland	Northeast	15
Gemmatimonadetes	S24	0.022016410756357137	2.2016410756357137	IW	Inland wetland	Northeast	15
Nitrospirae	S24	0.031684133560809166	3.1684133560809165	IW	Inland wetland	Northeast	15
Other known phyla	S24	0.038427167113494184	3.8427167113494183	IW	Inland wetland	Northeast	15
Unknown phylum	S24	0.0025184824112438053	0.25184824112438053	IW	Inland wetland	Northeast	15
Proteobacteria	S25	0.15716808476480976	15.716808476480976	IW	Inland wetland	Northeast	16
Chloroflexi	S25	0.31361374217370364	31.361374217370365	IW	Inland wetland	Northeast	16
Bacteroidetes	S25	0.008348049446139027	0.8348049446139026	IW	Inland wetland	Northeast	16
Acidobacteria	S25	0.2211965537539466	22.119655375394657	IW	Inland wetland	Northeast	16
Actinobacteria	S25	0.05236260501953229	5.236260501953229	IW	Inland wetland	Northeast	16
Firmicutes	S25	0.009177503077005406	0.9177503077005406	IW	Inland wetland	Northeast	16
Verrucomicrobia	S25	0.10397602611441109	10.397602611441108	IW	Inland wetland	Northeast	16
Planctomycetes	S25	0.025953871675496336	2.5953871675496334	IW	Inland wetland	Northeast	16
Gemmatimonadetes	S25	0.009712634451757907	0.9712634451757907	IW	Inland wetland	Northeast	16
Nitrospirae	S25	0.04069674104992776	4.069674104992775	IW	Inland wetland	Northeast	16
Other known phyla	S25	0.05030234922673517	5.030234922673517	IW	Inland wetland	Northeast	16
Unknown phylum	S25	0.007491839246535024	0.7491839246535025	IW	Inland wetland	Northeast	16
Proteobacteria	S26	0.27039653600729263	27.039653600729263	IW	Inland wetland	Northeast	17
Chloroflexi	S26	0.22043072014585233	22.04307201458523	IW	Inland wetland	Northeast	17
Bacteroidetes	S26	0.05258659981768459	5.258659981768459	IW	Inland wetland	Northeast	17
Acidobacteria	S26	0.1778999544211486	17.789995442114858	IW	Inland wetland	Northeast	17
Actinobacteria	S26	0.09181289881494986	9.181289881494987	IW	Inland wetland	Northeast	17
Firmicutes	S26	0.010169781221513218	1.0169781221513219	IW	Inland wetland	Northeast	17
Verrucomicrobia	S26	0.013531221513217867	1.3531221513217866	IW	Inland wetland	Northeast	17
Planctomycetes	S26	0.04085004557885141	4.085004557885141	IW	Inland wetland	Northeast	17
Gemmatimonadetes	S26	0.054979489516864176	5.497948951686418	IW	Inland wetland	Northeast	17
Nitrospirae	S26	0.022675478577939837	2.267547857793984	IW	Inland wetland	Northeast	17
Other known phyla	S26	0.03965360072926162	3.965360072926162	IW	Inland wetland	Northeast	17
Unknown phylum	S26	0.005013673655423883	0.5013673655423884	IW	Inland wetland	Northeast	17
Proteobacteria	S27	0.27893407122232916	27.893407122232915	IW	Inland wetland	Northeast	18
Chloroflexi	S27	0.25060153994225215	25.060153994225214	IW	Inland wetland	Northeast	18
Bacteroidetes	S27	0.03290423484119345	3.290423484119345	IW	Inland wetland	Northeast	18
Acidobacteria	S27	0.14045957651588065	14.045957651588065	IW	Inland wetland	Northeast	18
Actinobacteria	S27	0.14118142444658324	14.118142444658325	IW	Inland wetland	Northeast	18
Firmicutes	S27	0.02183589990375361	2.183589990375361	IW	Inland wetland	Northeast	18
Verrucomicrobia	S27	0.015820500481231955	1.5820500481231954	IW	Inland wetland	Northeast	18
Planctomycetes	S27	0.01918912415784408	1.918912415784408	IW	Inland wetland	Northeast	18
Gemmatimonadetes	S27	0.06454523580365737	6.454523580365737	IW	Inland wetland	Northeast	18
Nitrospirae	S27	0.00788017324350337	0.7880173243503369	IW	Inland wetland	Northeast	18
Other known phyla	S27	0.024362367661212702	2.43623676612127	IW	Inland wetland	Northeast	18
Unknown phylum	S27	0.002285851780558229	0.2285851780558229	IW	Inland wetland	Northeast	18
Proteobacteria	S28	0.34959192356786445	34.959192356786446	IW	Inland wetland	Northeast	19
Chloroflexi	S28	0.08374269910648667	8.374269910648668	IW	Inland wetland	Northeast	19
Bacteroidetes	S28	0.0426642942791939	4.26642942791939	IW	Inland wetland	Northeast	19
Acidobacteria	S28	0.11870962750937995	11.870962750937995	IW	Inland wetland	Northeast	19
Actinobacteria	S28	0.12466638301164275	12.466638301164275	IW	Inland wetland	Northeast	19
Firmicutes	S28	0.033187637798321276	3.3187637798321274	IW	Inland wetland	Northeast	19
Verrucomicrobia	S28	0.020152400108304644	2.0152400108304644	IW	Inland wetland	Northeast	19
Planctomycetes	S28	0.044907747650175994	4.4907747650175995	IW	Inland wetland	Northeast	19
Gemmatimonadetes	S28	0.1451282249642208	14.512822496422078	IW	Inland wetland	Northeast	19
Nitrospirae	S28	0.01202955169612811	1.202955169612811	IW	Inland wetland	Northeast	19
Other known phyla	S28	0.022705295323560127	2.270529532356013	IW	Inland wetland	Northeast	19
Unknown phylum	S28	0.002514214984721309	0.2514214984721309	IW	Inland wetland	Northeast	19
Proteobacteria	S30	0.2851680091123586	28.516800911235862	IW	Inland wetland	Northeast	20
Chloroflexi	S30	0.15019119681067447	15.019119681067448	IW	Inland wetland	Northeast	20
Bacteroidetes	S30	0.03571719144089171	3.5717191440891707	IW	Inland wetland	Northeast	20
Acidobacteria	S30	0.23431779350744447	23.431779350744446	IW	Inland wetland	Northeast	20
Actinobacteria	S30	0.09877145879098527	9.877145879098528	IW	Inland wetland	Northeast	20
Firmicutes	S30	0.02408266211048735	2.408266211048735	IW	Inland wetland	Northeast	20
Verrucomicrobia	S30	0.018143356927833375	1.8143356927833376	IW	Inland wetland	Northeast	20
Planctomycetes	S30	0.03433406557643805	3.4334065576438046	IW	Inland wetland	Northeast	20
Gemmatimonadetes	S30	0.05036205353510699	5.036205353510699	IW	Inland wetland	Northeast	20
Nitrospirae	S30	0.026116670734683916	2.6116670734683916	IW	Inland wetland	Northeast	20
Other known phyla	S30	0.04100561386380276	4.100561386380276	IW	Inland wetland	Northeast	20
Unknown phylum	S30	0.0017899275892929785	0.17899275892929786	IW	Inland wetland	Northeast	20
Proteobacteria	S34	0.25209331718363265	25.209331718363266	IW	Inland wetland	Northeast	21
Chloroflexi	S34	0.10274369371741535	10.274369371741535	IW	Inland wetland	Northeast	21
Bacteroidetes	S34	0.029912054347253674	2.9912054347253676	IW	Inland wetland	Northeast	21
Acidobacteria	S34	0.2802148612354521	28.02148612354521	IW	Inland wetland	Northeast	21
Actinobacteria	S34	0.11348675549002053	11.348675549002053	IW	Inland wetland	Northeast	21
Firmicutes	S34	0.011059034177681816	1.1059034177681817	IW	Inland wetland	Northeast	21
Verrucomicrobia	S34	0.053241350255411025	5.324135025541103	IW	Inland wetland	Northeast	21
Planctomycetes	S34	0.055084522618357994	5.508452261835799	IW	Inland wetland	Northeast	21
Gemmatimonadetes	S34	0.051082205487387435	5.1082205487387435	IW	Inland wetland	Northeast	21
Nitrospirae	S34	0.012796882405603244	1.2796882405603245	IW	Inland wetland	Northeast	21
Other known phyla	S34	0.03533624730106904	3.533624730106904	IW	Inland wetland	Northeast	21
Unknown phylum	S34	0.0029490757807151507	0.2949075780715151	IW	Inland wetland	Northeast	21
Proteobacteria	S35	0.2582705099778271	25.827050997782706	IW	Inland wetland	Northeast	22
Chloroflexi	S35	0.11246119733924612	11.246119733924612	IW	Inland wetland	Northeast	22
Bacteroidetes	S35	0.03547671840354767	3.5476718403547673	IW	Inland wetland	Northeast	22
Acidobacteria	S35	0.2227937915742794	22.27937915742794	IW	Inland wetland	Northeast	22
Actinobacteria	S35	0.17383592017738358	17.38359201773836	IW	Inland wetland	Northeast	22
Firmicutes	S35	0.015609756097560976	1.5609756097560976	IW	Inland wetland	Northeast	22
Verrucomicrobia	S35	0.03893569844789357	3.8935698447893565	IW	Inland wetland	Northeast	22
Planctomycetes	S35	0.048248337028824834	4.824833702882484	IW	Inland wetland	Northeast	22
Gemmatimonadetes	S35	0.04745011086474501	4.745011086474501	IW	Inland wetland	Northeast	22
Nitrospirae	S35	0.006385809312638581	0.6385809312638581	IW	Inland wetland	Northeast	22
Other known phyla	S35	0.03831485587583149	3.831485587583149	IW	Inland wetland	Northeast	22
Unknown phylum	S35	0.0022172949002217295	0.22172949002217296	IW	Inland wetland	Northeast	22
Proteobacteria	S36	0.22441307350007672	22.441307350007673	IW	Inland wetland	Northeast	23
Chloroflexi	S36	0.11615774129200553	11.615774129200553	IW	Inland wetland	Northeast	23
Bacteroidetes	S36	0.04518950437317784	4.518950437317784	IW	Inland wetland	Northeast	23
Acidobacteria	S36	0.13886757710603037	13.886757710603037	IW	Inland wetland	Northeast	23
Actinobacteria	S36	0.2162037747429799	21.62037747429799	IW	Inland wetland	Northeast	23
Firmicutes	S36	0.01373331287402179	1.373331287402179	IW	Inland wetland	Northeast	23
Verrucomicrobia	S36	0.016572042350774897	1.6572042350774898	IW	Inland wetland	Northeast	23
Planctomycetes	S36	0.11999386220653675	11.999386220653676	IW	Inland wetland	Northeast	23
Gemmatimonadetes	S36	0.0775663648918214	7.7566364891821395	IW	Inland wetland	Northeast	23
Nitrospirae	S36	0.004603345097437471	0.4603345097437471	IW	Inland wetland	Northeast	23
Other known phyla	S36	0.024167561761546722	2.416756176154672	IW	Inland wetland	Northeast	23
Unknown phylum	S36	0.002531839803590609	0.2531839803590609	IW	Inland wetland	Northeast	23
Proteobacteria	S37	0.3421976322208341	34.21976322208341	IW	Inland wetland	Northeast	24
Chloroflexi	S37	0.09542506990302814	9.542506990302813	IW	Inland wetland	Northeast	24
Bacteroidetes	S37	0.07014099589505622	7.014099589505622	IW	Inland wetland	Northeast	24
Acidobacteria	S37	0.18549586531025047	18.549586531025046	IW	Inland wetland	Northeast	24
Actinobacteria	S37	0.12302932952584925	12.302932952584925	IW	Inland wetland	Northeast	24
Firmicutes	S37	0.021417097983223273	2.1417097983223274	IW	Inland wetland	Northeast	24
Verrucomicrobia	S37	0.02207150931048843	2.207150931048843	IW	Inland wetland	Northeast	24
Planctomycetes	S37	0.047831518829198644	4.7831518829198645	IW	Inland wetland	Northeast	24
Gemmatimonadetes	S37	0.04902135760604438	4.9021357606044385	IW	Inland wetland	Northeast	24
Nitrospirae	S37	0.009994645725504195	0.9994645725504194	IW	Inland wetland	Northeast	24
Other known phyla	S37	0.029864953298828018	2.9864953298828016	IW	Inland wetland	Northeast	24
Unknown phylum	S37	0.0035100243916949252	0.35100243916949253	IW	Inland wetland	Northeast	24
Proteobacteria	S61	0.38903252143148725	38.90325214314873	CW	Coastal wetland	North China	31
Chloroflexi	S61	0.06477071710436794	6.477071710436793	CW	Coastal wetland	North China	31
Bacteroidetes	S61	0.16682541842427542	16.682541842427543	CW	Coastal wetland	North China	31
Acidobacteria	S61	0.0533405905565383	5.33405905565383	CW	Coastal wetland	North China	31
Actinobacteria	S61	0.11260035378963124	11.260035378963124	CW	Coastal wetland	North China	31
Firmicutes	S61	0.06783235814396517	6.783235814396517	CW	Coastal wetland	North China	31
Verrucomicrobia	S61	0.009116886651245068	0.9116886651245067	CW	Coastal wetland	North China	31
Planctomycetes	S61	0.014695876990066676	1.4695876990066676	CW	Coastal wetland	North China	31
Gemmatimonadetes	S61	0.07769764593822288	7.769764593822289	CW	Coastal wetland	North China	31
Nitrospirae	S61	0.01258674649612192	1.258674649612192	CW	Coastal wetland	North China	31
Other known phyla	S61	0.030004082188052793	3.0004082188052794	CW	Coastal wetland	North China	31
Unknown phylum	S61	0.0014968022860253095	0.14968022860253094	CW	Coastal wetland	North China	31
Proteobacteria	S62	0.3480229591836735	34.80229591836735	CW	Coastal wetland	North China	32
Chloroflexi	S62	0.07174744897959184	7.174744897959185	CW	Coastal wetland	North China	32
Bacteroidetes	S62	0.2472576530612245	24.725765306122447	CW	Coastal wetland	North China	32
Acidobacteria	S62	0.05714285714285714	5.714285714285714	CW	Coastal wetland	North China	32
Actinobacteria	S62	0.07557397959183673	7.557397959183673	CW	Coastal wetland	North China	32
Firmicutes	S62	0.07066326530612245	7.066326530612245	CW	Coastal wetland	North China	32
Verrucomicrobia	S62	0.01798469387755102	1.7984693877551021	CW	Coastal wetland	North China	32
Planctomycetes	S62	0.02264030612244898	2.264030612244898	CW	Coastal wetland	North China	32
Gemmatimonadetes	S62	0.03596938775510204	3.5969387755102042	CW	Coastal wetland	North China	32
Nitrospirae	S62	0.011288265306122449	1.128826530612245	CW	Coastal wetland	North China	32
Other known phyla	S62	0.040114795918367356	4.011479591836736	CW	Coastal wetland	North China	32
Unknown phylum	S62	0.0015943877551020409	0.15943877551020408	CW	Coastal wetland	North China	32
Proteobacteria	S63	0.3640848228586072	36.40848228586072	CW	Coastal wetland	North China	33
Chloroflexi	S63	0.08296495611506183	8.296495611506183	CW	Coastal wetland	North China	33
Bacteroidetes	S63	0.14760714972131464	14.760714972131463	CW	Coastal wetland	North China	33
Acidobacteria	S63	0.06573130886027292	6.573130886027292	CW	Coastal wetland	North China	33
Actinobacteria	S63	0.08693702351207637	8.693702351207637	CW	Coastal wetland	North China	33
Firmicutes	S63	0.10173617784611443	10.173617784611443	CW	Coastal wetland	North China	33
Verrucomicrobia	S63	0.03914408354154655	3.914408354154655	CW	Coastal wetland	North China	33
Planctomycetes	S63	0.028316996604523033	2.8316996604523035	CW	Coastal wetland	North China	33
Gemmatimonadetes	S63	0.01979627138189506	1.979627138189506	CW	Coastal wetland	North China	33
Nitrospirae	S63	0.008712922032160933	0.8712922032160934	CW	Coastal wetland	North China	33
Other known phyla	S63	0.05285412262156446	5.285412262156446	CW	Coastal wetland	North China	33
Unknown phylum	S63	0.0021141649048625794	0.21141649048625794	CW	Coastal wetland	North China	33
Proteobacteria	S65	0.38795860224431655	38.79586022443166	CW	Coastal wetland	North China	34
Chloroflexi	S65	0.10189545903831618	10.189545903831618	CW	Coastal wetland	North China	34
Bacteroidetes	S65	0.13271120413977558	13.271120413977558	CW	Coastal wetland	North China	34
Acidobacteria	S65	0.0472411186696901	4.72411186696901	CW	Coastal wetland	North China	34
Actinobacteria	S65	0.09064480493051921	9.06448049305192	CW	Coastal wetland	North China	34
Firmicutes	S65	0.11564625850340136	11.564625850340136	CW	Coastal wetland	North China	34
Verrucomicrobia	S65	0.007151578580150008	0.7151578580150009	CW	Coastal wetland	North China	34
Planctomycetes	S65	0.01604744461887319	1.604744461887319	CW	Coastal wetland	North China	34
Gemmatimonadetes	S65	0.061689633118204544	6.1689633118204545	CW	Coastal wetland	North China	34
Nitrospirae	S65	0.009855224140938427	0.9855224140938427	CW	Coastal wetland	North China	34
Other known phyla	S65	0.028053956625385203	2.8053956625385204	CW	Coastal wetland	North China	34
Unknown phylum	S65	0.001104715390429676	0.11047153904296761	CW	Coastal wetland	North China	34
Proteobacteria	S85	0.37436964195663136	37.43696419566314	CW	Coastal wetland	North China	35
Chloroflexi	S85	0.14605395864851237	14.605395864851237	CW	Coastal wetland	North China	35
Bacteroidetes	S85	0.05458900655572365	5.458900655572365	CW	Coastal wetland	North China	35
Acidobacteria	S85	0.0636031265758951	6.36031265758951	CW	Coastal wetland	North China	35
Actinobacteria	S85	0.061649016641452344	6.164901664145234	CW	Coastal wetland	North China	35
Firmicutes	S85	0.17290721129601613	17.290721129601614	CW	Coastal wetland	North China	35
Verrucomicrobia	S85	0.012481089258698942	1.248108925869894	CW	Coastal wetland	North China	35
Planctomycetes	S85	0.054084720121028745	5.408472012102875	CW	Coastal wetland	North China	35
Gemmatimonadetes	S85	0.021747352496217853	2.174735249621785	CW	Coastal wetland	North China	35
Nitrospirae	S85	0.007627332324760464	0.7627332324760464	CW	Coastal wetland	North China	35
Other known phyla	S85	0.028240040342914777	2.8240040342914776	CW	Coastal wetland	North China	35
Unknown phylum	S85	0.00264750378214826	0.264750378214826	CW	Coastal wetland	North China	35
Proteobacteria	S86	0.3798886384727562	37.988863847275624	CW	Coastal wetland	North China	36
Chloroflexi	S86	0.1496089089221795	14.960890892217952	CW	Coastal wetland	North China	36
Bacteroidetes	S86	0.11315126607450617	11.315126607450617	CW	Coastal wetland	North China	36
Acidobacteria	S86	0.080803393875116	8.0803393875116	CW	Coastal wetland	North China	36
Actinobacteria	S86	0.08657033010738432	8.657033010738433	CW	Coastal wetland	North China	36
Firmicutes	S86	0.0556807636219011	5.56807636219011	CW	Coastal wetland	North China	36
Verrucomicrobia	S86	0.018891687657430732	1.8891687657430731	CW	Coastal wetland	North China	36
Planctomycetes	S86	0.022802598435635688	2.280259843563569	CW	Coastal wetland	North China	36
Gemmatimonadetes	S86	0.028304388174466392	2.8304388174466393	CW	Coastal wetland	North China	36
Nitrospirae	S86	0.0071589553228158555	0.7158955322815855	CW	Coastal wetland	North China	36
Other known phyla	S86	0.04905210128596048	4.905210128596048	CW	Coastal wetland	North China	36
Unknown phylum	S86	0.008086968049847541	0.808696804984754	CW	Coastal wetland	North China	36
Proteobacteria	S87	0.29648586707410235	29.648586707410235	CW	Coastal wetland	North China	37
Chloroflexi	S87	0.06753246753246753	6.753246753246753	CW	Coastal wetland	North China	37
Bacteroidetes	S87	0.04377387318563789	4.377387318563789	CW	Coastal wetland	North China	37
Acidobacteria	S87	0.04094728800611153	4.094728800611153	CW	Coastal wetland	North China	37
Actinobacteria	S87	0.1038961038961039	10.38961038961039	CW	Coastal wetland	North China	37
Firmicutes	S87	0.36883116883116884	36.883116883116884	CW	Coastal wetland	North China	37
Verrucomicrobia	S87	0.007715813598166539	0.7715813598166539	CW	Coastal wetland	North China	37
Planctomycetes	S87	0.010466004583651642	1.0466004583651642	CW	Coastal wetland	North China	37
Gemmatimonadetes	S87	0.032620320855614976	3.2620320855614975	CW	Coastal wetland	North China	37
Nitrospirae	S87	0.007410236822001528	0.7410236822001528	CW	Coastal wetland	North China	37
Other known phyla	S87	0.01810542398777693	1.810542398777693	CW	Coastal wetland	North China	37
Unknown phylum	S87	0.002215431627196333	0.22154316271963329	CW	Coastal wetland	North China	37
Proteobacteria	S88	0.3841951219512195	38.41951219512195	CW	Coastal wetland	North China	38
Chloroflexi	S88	0.11414634146341464	11.414634146341465	CW	Coastal wetland	North China	38
Bacteroidetes	S88	0.12130081300813009	12.130081300813009	CW	Coastal wetland	North China	38
Acidobacteria	S88	0.06634146341463415	6.634146341463415	CW	Coastal wetland	North China	38
Actinobacteria	S88	0.10295934959349594	10.295934959349594	CW	Coastal wetland	North China	38
Firmicutes	S88	0.04819512195121951	4.819512195121951	CW	Coastal wetland	North China	38
Verrucomicrobia	S88	0.02061788617886179	2.0617886178861786	CW	Coastal wetland	North China	38
Planctomycetes	S88	0.056130081300813005	5.6130081300813	CW	Coastal wetland	North China	38
Gemmatimonadetes	S88	0.020227642276422764	2.022764227642276	CW	Coastal wetland	North China	38
Nitrospirae	S88	0.005723577235772358	0.5723577235772358	CW	Coastal wetland	North China	38
Other known phyla	S88	0.05417886178861791	5.4178861788617905	CW	Coastal wetland	North China	38
Unknown phylum	S88	0.005983739837398374	0.5983739837398374	CW	Coastal wetland	North China	38
Proteobacteria	S89	0.16548223350253807	16.548223350253807	CW	Coastal wetland	North China	39
Chloroflexi	S89	0.3330916122794295	33.30916122794295	CW	Coastal wetland	North China	39
Bacteroidetes	S89	0.025090645395213922	2.5090645395213924	CW	Coastal wetland	North China	39
Acidobacteria	S89	0.13318830070099105	13.318830070099105	CW	Coastal wetland	North China	39
Actinobacteria	S89	0.0376117959874305	3.76117959874305	CW	Coastal wetland	North China	39
Firmicutes	S89	0.22721779066956732	22.72177906695673	CW	Coastal wetland	North China	39
Verrucomicrobia	S89	0.007735073724921441	0.7735073724921441	CW	Coastal wetland	North China	39
Planctomycetes	S89	0.022431713802272178	2.243171380227218	CW	Coastal wetland	North China	39
Gemmatimonadetes	S89	0.012762871646120376	1.2762871646120377	CW	Coastal wetland	North China	39
Nitrospirae	S89	0.004109257916364515	0.41092579163645154	CW	Coastal wetland	North China	39
Other known phyla	S89	0.027942953831278705	2.7942953831278707	CW	Coastal wetland	North China	39
Unknown phylum	S89	0.0033357505438723714	0.3335750543872371	CW	Coastal wetland	North China	39
Proteobacteria	S112	0.3089794830802025	30.89794830802025	CW	Coastal wetland	Yangtze middle-lower	58
Chloroflexi	S112	0.07940314415134558	7.940314415134559	CW	Coastal wetland	Yangtze middle-lower	58
Bacteroidetes	S112	0.1273114841460165	12.73114841460165	CW	Coastal wetland	Yangtze middle-lower	58
Acidobacteria	S112	0.0572875033306688	5.7287503330668805	CW	Coastal wetland	Yangtze middle-lower	58
Actinobacteria	S112	0.09586997069011458	9.586997069011458	CW	Coastal wetland	Yangtze middle-lower	58
Firmicutes	S112	0.20127897681854517	20.127897681854517	CW	Coastal wetland	Yangtze middle-lower	58
Verrucomicrobia	S112	0.02291500133226752	2.291500133226752	CW	Coastal wetland	Yangtze middle-lower	58
Planctomycetes	S112	0.036610711430855314	3.6610711430855316	CW	Coastal wetland	Yangtze middle-lower	58
Gemmatimonadetes	S112	0.01353583799626965	1.353583799626965	CW	Coastal wetland	Yangtze middle-lower	58
Nitrospirae	S112	0.01135091926458833	1.135091926458833	CW	Coastal wetland	Yangtze middle-lower	58
Other known phyla	S112	0.04348521183053556	4.348521183053556	CW	Coastal wetland	Yangtze middle-lower	58
Unknown phylum	S112	0.001971755928590461	0.1971755928590461	CW	Coastal wetland	Yangtze middle-lower	58
Proteobacteria	S113	0.4523085692570777	45.23085692570777	CW	Coastal wetland	Yangtze middle-lower	59
Chloroflexi	S113	0.026125783773513205	2.6125783773513205	CW	Coastal wetland	Yangtze middle-lower	59
Bacteroidetes	S113	0.19516752169231744	19.516752169231744	CW	Coastal wetland	Yangtze middle-lower	59
Acidobacteria	S113	0.024320729621888658	2.4320729621888657	CW	Coastal wetland	Yangtze middle-lower	59
Actinobacteria	S113	0.05757172715181456	5.757172715181456	CW	Coastal wetland	Yangtze middle-lower	59
Firmicutes	S113	0.21125467097346254	21.125467097346252	CW	Coastal wetland	Yangtze middle-lower	59
Verrucomicrobia	S113	0.005098486287921971	0.5098486287921972	CW	Coastal wetland	Yangtze middle-lower	59
Planctomycetes	S113	0.006840205206156184	0.6840205206156185	CW	Coastal wetland	Yangtze middle-lower	59
Gemmatimonadetes	S113	0.006681867122680347	0.6681867122680347	CW	Coastal wetland	Yangtze middle-lower	59
Nitrospirae	S113	0.0038001140034201026	0.38001140034201025	CW	Coastal wetland	Yangtze middle-lower	59
Other known phyla	S113	0.009848628792197098	0.9848628792197098	CW	Coastal wetland	Yangtze middle-lower	59
Unknown phylum	S113	9.81696117550193e-4	0.09816961175501931	CW	Coastal wetland	Yangtze middle-lower	59
Proteobacteria	S114	0.38526838187279616	38.526838187279616	CW	Coastal wetland	Yangtze middle-lower	60
Chloroflexi	S114	0.04362021679508946	4.362021679508946	CW	Coastal wetland	Yangtze middle-lower	60
Bacteroidetes	S114	0.14907927386704975	14.907927386704975	CW	Coastal wetland	Yangtze middle-lower	60
Acidobacteria	S114	0.032225414653258455	3.2225414653258455	CW	Coastal wetland	Yangtze middle-lower	60
Actinobacteria	S114	0.07346219145879587	7.346219145879587	CW	Coastal wetland	Yangtze middle-lower	60
Firmicutes	S114	0.2582604153062557	25.82604153062557	CW	Coastal wetland	Yangtze middle-lower	60
Verrucomicrobia	S114	0.007346219145879587	0.7346219145879587	CW	Coastal wetland	Yangtze middle-lower	60
Planctomycetes	S114	0.01488833746898263	1.488833746898263	CW	Coastal wetland	Yangtze middle-lower	60
Gemmatimonadetes	S114	0.008684863523573201	0.8684863523573202	CW	Coastal wetland	Yangtze middle-lower	60
Nitrospirae	S114	0.007574768185973619	0.7574768185973619	CW	Coastal wetland	Yangtze middle-lower	60
Other known phyla	S114	0.018218623481781375	1.8218623481781375	CW	Coastal wetland	Yangtze middle-lower	60
Unknown phylum	S114	0.0013712942405641896	0.13712942405641895	CW	Coastal wetland	Yangtze middle-lower	60
Proteobacteria	S161	0.38390071883900717	38.39007188390072	CW	Coastal wetland	Southern coast	40
Chloroflexi	S161	0.17008002170080022	17.008002170080022	CW	Coastal wetland	Southern coast	40
Bacteroidetes	S161	0.12233826122338261	12.233826122338261	CW	Coastal wetland	Southern coast	40
Acidobacteria	S161	0.07073104570731045	7.073104570731045	CW	Coastal wetland	Southern coast	40
Actinobacteria	S161	0.058524345585243456	5.852434558524346	CW	Coastal wetland	Southern coast	40
Firmicutes	S161	0.0398752203987522	3.9875220398752202	CW	Coastal wetland	Southern coast	40
Verrucomicrobia	S161	0.037298250372982504	3.72982503729825	CW	Coastal wetland	Southern coast	40
Planctomycetes	S161	0.0341787603417876	3.41787603417876	CW	Coastal wetland	Southern coast	40
Gemmatimonadetes	S161	0.022785840227858404	2.2785840227858403	CW	Coastal wetland	Southern coast	40
Nitrospirae	S161	0.006238980062389801	0.6238980062389801	CW	Coastal wetland	Southern coast	40
Other known phyla	S161	0.05303133053031332	5.303133053031332	CW	Coastal wetland	Southern coast	40
Unknown phylum	S161	0.00101722501017225	0.101722501017225	CW	Coastal wetland	Southern coast	40
Proteobacteria	S162	0.35935255243750597	35.935255243750596	CW	Coastal wetland	Southern coast	41
Chloroflexi	S162	0.2206206302078345	22.06206302078345	CW	Coastal wetland	Southern coast	41
Bacteroidetes	S162	0.067091274782109	6.7091274782109	CW	Coastal wetland	Southern coast	41
Acidobacteria	S162	0.09821856144047506	9.821856144047505	CW	Coastal wetland	Southern coast	41
Actinobacteria	S162	0.0774829997126712	7.7482999712671194	CW	Coastal wetland	Southern coast	41
Firmicutes	S162	0.029546978258787472	2.954697825878747	CW	Coastal wetland	Southern coast	41
Verrucomicrobia	S162	0.021884876927497365	2.1884876927497365	CW	Coastal wetland	Southern coast	41
Planctomycetes	S162	0.0514797433196054	5.1479743319605396	CW	Coastal wetland	Southern coast	41
Gemmatimonadetes	S162	0.013983334929604444	1.3983334929604443	CW	Coastal wetland	Southern coast	41
Nitrospirae	S162	0.006560674264917153	0.6560674264917153	CW	Coastal wetland	Southern coast	41
Other known phyla	S162	0.0516234077195671	5.1623407719567105	CW	Coastal wetland	Southern coast	41
Unknown phylum	S162	0.0021549659994253424	0.21549659994253423	CW	Coastal wetland	Southern coast	41
Proteobacteria	S164	0.3790519018175005	37.90519018175005	CW	Coastal wetland	Southern coast	42
Chloroflexi	S164	0.1598276185122728	15.98276185122728	CW	Coastal wetland	Southern coast	42
Bacteroidetes	S164	0.04009743301480232	4.009743301480232	CW	Coastal wetland	Southern coast	42
Acidobacteria	S164	0.04815439385422522	4.815439385422522	CW	Coastal wetland	Southern coast	42
Actinobacteria	S164	0.15195802885516208	15.195802885516208	CW	Coastal wetland	Southern coast	42
Firmicutes	S164	0.045531197301854974	4.5531197301854975	CW	Coastal wetland	Southern coast	42
Verrucomicrobia	S164	0.022390856286303166	2.2390856286303165	CW	Coastal wetland	Southern coast	42
Planctomycetes	S164	0.10230466554243957	10.230466554243957	CW	Coastal wetland	Southern coast	42
Gemmatimonadetes	S164	0.01002435825370058	1.002435825370058	CW	Coastal wetland	Southern coast	42
Nitrospirae	S164	0.007682218474798576	0.7682218474798576	CW	Coastal wetland	Southern coast	42
Other known phyla	S164	0.030260445943413896	3.0260445943413896	CW	Coastal wetland	Southern coast	42
Unknown phylum	S164	0.0027168821435263257	0.2716882143526326	CW	Coastal wetland	Southern coast	42
Proteobacteria	S165	0.36050618010594465	36.05061801059446	CW	Coastal wetland	Southern coast	43
Chloroflexi	S165	0.18363743378457917	18.363743378457915	CW	Coastal wetland	Southern coast	43
Bacteroidetes	S165	0.12301353737492643	12.301353737492644	CW	Coastal wetland	Southern coast	43
Acidobacteria	S165	0.07651559741024132	7.651559741024132	CW	Coastal wetland	Southern coast	43
Actinobacteria	S165	0.061653914067098296	6.16539140670983	CW	Coastal wetland	Southern coast	43
Firmicutes	S165	0.04951442024720424	4.951442024720424	CW	Coastal wetland	Southern coast	43
Verrucomicrobia	S165	0.036786344908769864	3.6786344908769864	CW	Coastal wetland	Southern coast	43
Planctomycetes	S165	0.040097115950559155	4.009711595055916	CW	Coastal wetland	Southern coast	43
Gemmatimonadetes	S165	0.015891701000588582	1.5891701000588583	CW	Coastal wetland	Southern coast	43
Nitrospirae	S165	0.006400824014125957	0.6400824014125956	CW	Coastal wetland	Southern coast	43
Other known phyla	S165	0.04237786933490289	4.2377869334902885	CW	Coastal wetland	Southern coast	43
Unknown phylum	S165	0.0036050618010594468	0.36050618010594465	CW	Coastal wetland	Southern coast	43
Proteobacteria	S166	0.3745575959933222	37.455759599332225	CW	Coastal wetland	Southern coast	44
Chloroflexi	S166	0.19979966611018363	19.979966611018362	CW	Coastal wetland	Southern coast	44
Bacteroidetes	S166	0.053689482470784644	5.368948247078464	CW	Coastal wetland	Southern coast	44
Acidobacteria	S166	0.06477462437395659	6.477462437395659	CW	Coastal wetland	Southern coast	44
Actinobacteria	S166	0.07485809682804674	7.485809682804674	CW	Coastal wetland	Southern coast	44
Firmicutes	S166	0.0386644407345576	3.8664440734557597	CW	Coastal wetland	Southern coast	44
Verrucomicrobia	S166	0.032721202003338896	3.2721202003338896	CW	Coastal wetland	Southern coast	44
Planctomycetes	S166	0.08320534223706177	8.320534223706177	CW	Coastal wetland	Southern coast	44
Gemmatimonadetes	S166	0.011819699499165276	1.1819699499165277	CW	Coastal wetland	Southern coast	44
Nitrospirae	S166	0.00974958263772955	0.9749582637729549	CW	Coastal wetland	Southern coast	44
Other known phyla	S166	0.054490818030050084	5.449081803005009	CW	Coastal wetland	Southern coast	44
Unknown phylum	S166	0.001669449081803005	0.1669449081803005	CW	Coastal wetland	Southern coast	44
Proteobacteria	S167	0.3100620920235631	31.00620920235631	CW	Coastal wetland	Southern coast	45
Chloroflexi	S167	0.11606432096799872	11.606432096799873	CW	Coastal wetland	Southern coast	45
Bacteroidetes	S167	0.07252029931539564	7.252029931539564	CW	Coastal wetland	Southern coast	45
Acidobacteria	S167	0.11295971978984239	11.29597197898424	CW	Coastal wetland	Southern coast	45
Actinobacteria	S167	0.13986626333386404	13.986626333386404	CW	Coastal wetland	Southern coast	45
Firmicutes	S167	0.03574271612800509	3.5742716128005094	CW	Coastal wetland	Southern coast	45
Verrucomicrobia	S167	0.02093615666295176	2.093615666295176	CW	Coastal wetland	Southern coast	45
Planctomycetes	S167	0.051186116860372555	5.118611686037255	CW	Coastal wetland	Southern coast	45
Gemmatimonadetes	S167	0.01822958127686674	1.822958127686674	CW	Coastal wetland	Southern coast	45
Nitrospirae	S167	0.015682216207610254	1.5682216207610253	CW	Coastal wetland	Southern coast	45
Other known phyla	S167	0.10149657697818816	10.149657697818816	CW	Coastal wetland	Southern coast	45
Unknown phylum	S167	0.005253940455341506	0.5253940455341506	CW	Coastal wetland	Southern coast	45
Proteobacteria	S168	0.37543419529139327	37.54341952913933	CW	Coastal wetland	Southern coast	46
Chloroflexi	S168	0.08703203396372057	8.703203396372057	CW	Coastal wetland	Southern coast	46
Bacteroidetes	S168	0.0845233500578927	8.452335005789271	CW	Coastal wetland	Southern coast	46
Acidobacteria	S168	0.0642609031262061	6.42609031262061	CW	Coastal wetland	Southern coast	46
Actinobacteria	S168	0.16557313778463914	16.557313778463914	CW	Coastal wetland	Southern coast	46
Firmicutes	S168	0.04467387109224238	4.467387109224238	CW	Coastal wetland	Southern coast	46
Verrucomicrobia	S168	0.021034349671941337	2.1034349671941337	CW	Coastal wetland	Southern coast	46
Planctomycetes	S168	0.04187572365881899	4.187572365881899	CW	Coastal wetland	Southern coast	46
Gemmatimonadetes	S168	0.030683133925125436	3.0683133925125436	CW	Coastal wetland	Southern coast	46
Nitrospirae	S168	0.0192975685063682	1.92975685063682	CW	Coastal wetland	Southern coast	46
Other known phyla	S168	0.06387495175607874	6.387495175607874	CW	Coastal wetland	Southern coast	46
Unknown phylum	S168	0.0017367811655731378	0.17367811655731377	CW	Coastal wetland	Southern coast	46
Proteobacteria	S169	0.2251356651010078	22.51356651010078	CW	Coastal wetland	Southern coast	47
Chloroflexi	S169	0.18555337680696793	18.555337680696795	CW	Coastal wetland	Southern coast	47
Bacteroidetes	S169	0.03684618541657166	3.684618541657166	CW	Coastal wetland	Southern coast	47
Acidobacteria	S169	0.07829814401021479	7.829814401021479	CW	Coastal wetland	Southern coast	47
Actinobacteria	S169	0.13908522960463313	13.908522960463312	CW	Coastal wetland	Southern coast	47
Firmicutes	S169	0.11259063340781614	11.259063340781614	CW	Coastal wetland	Southern coast	47
Verrucomicrobia	S169	0.010990013224497242	1.0990013224497241	CW	Coastal wetland	Southern coast	47
Planctomycetes	S169	0.02941310593278307	2.941310593278307	CW	Coastal wetland	Southern coast	47
Gemmatimonadetes	S169	0.0331524465319896	3.31524465319896	CW	Coastal wetland	Southern coast	47
Nitrospirae	S169	0.014090929818961193	1.4090929818961193	CW	Coastal wetland	Southern coast	47
Other known phyla	S169	0.10948971681335218	10.948971681335218	CW	Coastal wetland	Southern coast	47
Unknown phylum	S169	0.025354553331205253	2.535455333120525	CW	Coastal wetland	Southern coast	47
Proteobacteria	S170	0.4395504940040727	43.95504940040727	CW	Coastal wetland	Southern coast	48
Chloroflexi	S170	0.12610302436081153	12.610302436081152	CW	Coastal wetland	Southern coast	48
Bacteroidetes	S170	0.08432008447092541	8.43200844709254	CW	Coastal wetland	Southern coast	48
Acidobacteria	S170	0.08545139150765518	8.545139150765518	CW	Coastal wetland	Southern coast	48
Actinobacteria	S170	0.06878346783316992	6.878346783316992	CW	Coastal wetland	Southern coast	48
Firmicutes	S170	0.0337129496945471	3.37129496945471	CW	Coastal wetland	Southern coast	48
Verrucomicrobia	S170	0.01712044648917716	1.7120446489177161	CW	Coastal wetland	Southern coast	48
Planctomycetes	S170	0.03801191643412022	3.8011916434120216	CW	Coastal wetland	Southern coast	48
Gemmatimonadetes	S170	0.027226789350629763	2.722678935062976	CW	Coastal wetland	Southern coast	48
Nitrospirae	S170	0.023832868240440456	2.3832868240440455	CW	Coastal wetland	Southern coast	48
Other known phyla	S170	0.05415189682479826	5.415189682479826	CW	Coastal wetland	Southern coast	48
Unknown phylum	S170	0.0017346707896523116	0.17346707896523117	CW	Coastal wetland	Southern coast	48
Proteobacteria	S171	0.5280327544079773	52.80327544079773	CW	Coastal wetland	Southern coast	49
Chloroflexi	S171	0.06504655616456448	6.504655616456448	CW	Coastal wetland	Southern coast	49
Bacteroidetes	S171	0.07495212309317836	7.495212309317837	CW	Coastal wetland	Southern coast	49
Acidobacteria	S171	0.07878227563890906	7.878227563890906	CW	Coastal wetland	Southern coast	49
Actinobacteria	S171	0.08631050650465562	8.631050650465562	CW	Coastal wetland	Southern coast	49
Firmicutes	S171	0.042990160470184245	4.299016047018425	CW	Coastal wetland	Southern coast	49
Verrucomicrobia	S171	0.015452684408637654	1.5452684408637654	CW	Coastal wetland	Southern coast	49
Planctomycetes	S171	0.02667899359440005	2.667899359440005	CW	Coastal wetland	Southern coast	49
Gemmatimonadetes	S171	0.03949019348874067	3.9490193488740672	CW	Coastal wetland	Southern coast	49
Nitrospirae	S171	0.009773492702899029	0.9773492702899029	CW	Coastal wetland	Southern coast	49
Other known phyla	S171	0.030773294591560457	3.077329459156046	CW	Coastal wetland	Southern coast	49
Unknown phylum	S171	0.0017169649342930727	0.17169649342930726	CW	Coastal wetland	Southern coast	49
Proteobacteria	S172	0.486408404464872	48.640840446487196	CW	Coastal wetland	Southern coast	50
Chloroflexi	S172	0.06986211424819436	6.986211424819436	CW	Coastal wetland	Southern coast	50
Bacteroidetes	S172	0.11089954038082732	11.089954038082732	CW	Coastal wetland	Southern coast	50
Acidobacteria	S172	0.07439264609323704	7.439264609323704	CW	Coastal wetland	Southern coast	50
Actinobacteria	S172	0.08732764281024294	8.732764281024293	CW	Coastal wetland	Southern coast	50
Firmicutes	S172	0.039855548260013134	3.985554826001313	CW	Coastal wetland	Southern coast	50
Verrucomicrobia	S172	0.018581746552856205	1.8581746552856204	CW	Coastal wetland	Southern coast	50
Planctomycetes	S172	0.030794484569927776	3.0794484569927776	CW	Coastal wetland	Southern coast	50
Gemmatimonadetes	S172	0.035390676296782664	3.539067629678266	CW	Coastal wetland	Southern coast	50
Nitrospirae	S172	0.0075508864084044645	0.7550886408404465	CW	Coastal wetland	Southern coast	50
Other known phyla	S172	0.036966513460275775	3.6966513460275774	CW	Coastal wetland	Southern coast	50
Unknown phylum	S172	0.001969796454366382	0.1969796454366382	CW	Coastal wetland	Southern coast	50
Proteobacteria	S173	0.41119521211054394	41.11952121105439	CW	Coastal wetland	Southern coast	51
Chloroflexi	S173	0.11872909698996656	11.872909698996656	CW	Coastal wetland	Southern coast	51
Bacteroidetes	S173	0.09364548494983277	9.364548494983277	CW	Coastal wetland	Southern coast	51
Acidobacteria	S173	0.06988206301707446	6.9882063017074465	CW	Coastal wetland	Southern coast	51
Actinobacteria	S173	0.08167576130962859	8.167576130962859	CW	Coastal wetland	Southern coast	51
Firmicutes	S173	0.040309804611864106	4.03098046118641	CW	Coastal wetland	Southern coast	51
Verrucomicrobia	S173	0.02393944728040838	2.393944728040838	CW	Coastal wetland	Southern coast	51
Planctomycetes	S173	0.05439183242386904	5.439183242386904	CW	Coastal wetland	Southern coast	51
Gemmatimonadetes	S173	0.037493399049463125	3.7493399049463125	CW	Coastal wetland	Southern coast	51
Nitrospirae	S173	0.009153318077803204	0.9153318077803204	CW	Coastal wetland	Southern coast	51
Other known phyla	S173	0.05729625066009505	5.729625066009505	CW	Coastal wetland	Southern coast	51
Unknown phylum	S173	0.002288329519450801	0.2288329519450801	CW	Coastal wetland	Southern coast	51
Proteobacteria	S174	0.4864908854166667	48.64908854166667	CW	Coastal wetland	Southern coast	52
Chloroflexi	S174	0.091064453125	9.1064453125	CW	Coastal wetland	Southern coast	52
Bacteroidetes	S174	0.09920247395833333	9.920247395833332	CW	Coastal wetland	Southern coast	52
Acidobacteria	S174	0.064697265625	6.4697265625	CW	Coastal wetland	Southern coast	52
Actinobacteria	S174	0.08365885416666667	8.365885416666668	CW	Coastal wetland	Southern coast	52
Firmicutes	S174	0.038492838541666664	3.8492838541666665	CW	Coastal wetland	Southern coast	52
Verrucomicrobia	S174	0.016682942708333332	1.6682942708333333	CW	Coastal wetland	Southern coast	52
Planctomycetes	S174	0.033854166666666664	3.3854166666666665	CW	Coastal wetland	Southern coast	52
Gemmatimonadetes	S174	0.030843098958333332	3.084309895833333	CW	Coastal wetland	Southern coast	52
Nitrospirae	S174	0.0078125	0.78125	CW	Coastal wetland	Southern coast	52
Other known phyla	S174	0.04581705729166666	4.581705729166666	CW	Coastal wetland	Southern coast	52
Unknown phylum	S174	0.0013834635416666667	0.13834635416666669	CW	Coastal wetland	Southern coast	52
Proteobacteria	S175	0.3936562576837964	39.365625768379644	CW	Coastal wetland	Southern coast	53
Chloroflexi	S175	0.1227768215720023	12.27768215720023	CW	Coastal wetland	Southern coast	53
Bacteroidetes	S175	0.07597737890336857	7.597737890336857	CW	Coastal wetland	Southern coast	53
Acidobacteria	S175	0.0808130481108106	8.08130481108106	CW	Coastal wetland	Southern coast	53
Actinobacteria	S175	0.10113925088107532	10.113925088107532	CW	Coastal wetland	Southern coast	53
Firmicutes	S175	0.04802885009425457	4.802885009425457	CW	Coastal wetland	Southern coast	53
Verrucomicrobia	S175	0.02868617326448652	2.8686173264486516	CW	Coastal wetland	Southern coast	53
Planctomycetes	S175	0.056142939103352184	5.614293910335219	CW	Coastal wetland	Southern coast	53
Gemmatimonadetes	S175	0.025161871977706744	2.5161871977706745	CW	Coastal wetland	Southern coast	53
Nitrospirae	S175	0.006966642078518154	0.6966642078518154	CW	Coastal wetland	Southern coast	53
Other known phyla	S175	0.05868371444963527	5.868371444963527	CW	Coastal wetland	Southern coast	53
Unknown phylum	S175	0.001967051880993361	0.19670518809933613	CW	Coastal wetland	Southern coast	53
Proteobacteria	S176	0.32486338797814207	32.486338797814206	CW	Coastal wetland	Southern coast	54
Chloroflexi	S176	0.13572404371584698	13.572404371584698	CW	Coastal wetland	Southern coast	54
Bacteroidetes	S176	0.14631147540983608	14.631147540983608	CW	Coastal wetland	Southern coast	54
Acidobacteria	S176	0.05771857923497268	5.771857923497268	CW	Coastal wetland	Southern coast	54
Actinobacteria	S176	0.09269125683060109	9.269125683060109	CW	Coastal wetland	Southern coast	54
Firmicutes	S176	0.06004098360655738	6.004098360655738	CW	Coastal wetland	Southern coast	54
Verrucomicrobia	S176	0.03702185792349727	3.7021857923497272	CW	Coastal wetland	Southern coast	54
Planctomycetes	S176	0.024385245901639343	2.4385245901639343	CW	Coastal wetland	Southern coast	54
Gemmatimonadetes	S176	0.0171448087431694	1.7144808743169397	CW	Coastal wetland	Southern coast	54
Nitrospirae	S176	0.006557377049180328	0.6557377049180327	CW	Coastal wetland	Southern coast	54
Other known phyla	S176	0.09644808743169397	9.644808743169397	CW	Coastal wetland	Southern coast	54
Unknown phylum	S176	0.001092896174863388	0.1092896174863388	CW	Coastal wetland	Southern coast	54
Proteobacteria	S177	0.4420107719928187	44.20107719928187	CW	Coastal wetland	Southern coast	55
Chloroflexi	S177	0.09174147217235189	9.17414721723519	CW	Coastal wetland	Southern coast	55
Bacteroidetes	S177	0.09640933572710951	9.640933572710951	CW	Coastal wetland	Southern coast	55
Acidobacteria	S177	0.052692998204667864	5.269299820466786	CW	Coastal wetland	Southern coast	55
Actinobacteria	S177	0.15655296229802512	15.655296229802513	CW	Coastal wetland	Southern coast	55
Firmicutes	S177	0.03590664272890485	3.5906642728904847	CW	Coastal wetland	Southern coast	55
Verrucomicrobia	S177	0.01867145421903052	1.8671454219030519	CW	Coastal wetland	Southern coast	55
Planctomycetes	S177	0.01992818671454219	1.992818671454219	CW	Coastal wetland	Southern coast	55
Gemmatimonadetes	S177	0.025673249551166965	2.5673249551166966	CW	Coastal wetland	Southern coast	55
Nitrospirae	S177	0.0034111310592459605	0.34111310592459604	CW	Coastal wetland	Southern coast	55
Other known phyla	S177	0.053052064631956906	5.305206463195691	CW	Coastal wetland	Southern coast	55
Unknown phylum	S177	0.0039497307001795335	0.39497307001795334	CW	Coastal wetland	Southern coast	55
Proteobacteria	S179	0.36208393632416785	36.20839363241679	CW	Coastal wetland	Southern coast	56
Chloroflexi	S179	0.13806078147612155	13.806078147612155	CW	Coastal wetland	Southern coast	56
Bacteroidetes	S179	0.043704775687409554	4.370477568740956	CW	Coastal wetland	Southern coast	56
Acidobacteria	S179	0.12677279305354558	12.677279305354558	CW	Coastal wetland	Southern coast	56
Actinobacteria	S179	0.09792571152918475	9.792571152918475	CW	Coastal wetland	Southern coast	56
Firmicutes	S179	0.052291365171249396	5.22913651712494	CW	Coastal wetland	Southern coast	56
Verrucomicrobia	S179	0.03299565846599132	3.299565846599132	CW	Coastal wetland	Southern coast	56
Planctomycetes	S179	0.03627592860588519	3.6275928605885186	CW	Coastal wetland	Southern coast	56
Gemmatimonadetes	S179	0.012445730824891461	1.244573082489146	CW	Coastal wetland	Southern coast	56
Nitrospirae	S179	0.028268210323203088	2.826821032320309	CW	Coastal wetland	Southern coast	56
Other known phyla	S179	0.0662807525325615	6.628075253256149	CW	Coastal wetland	Southern coast	56
Unknown phylum	S179	0.002894356005788712	0.2894356005788712	CW	Coastal wetland	Southern coast	56
Proteobacteria	S182	0.30255780013825945	30.255780013825945	CW	Coastal wetland	Southern coast	57
Chloroflexi	S182	0.14739995391351102	14.739995391351101	CW	Coastal wetland	Southern coast	57
Bacteroidetes	S182	0.0722789768799447	7.22789768799447	CW	Coastal wetland	Southern coast	57
Acidobacteria	S182	0.1043090867194101	10.43090867194101	CW	Coastal wetland	Southern coast	57
Actinobacteria	S182	0.14663184576388355	14.663184576388355	CW	Coastal wetland	Southern coast	57
Firmicutes	S182	0.0768876257777095	7.68876257777095	CW	Coastal wetland	Southern coast	57
Verrucomicrobia	S182	0.029956217835471234	2.9956217835471235	CW	Coastal wetland	Southern coast	57
Planctomycetes	S182	0.03026346109532222	3.026346109532222	CW	Coastal wetland	Southern coast	57
Gemmatimonadetes	S182	0.009601351870343344	0.9601351870343343	CW	Coastal wetland	Southern coast	57
Nitrospirae	S182	0.010446270834933559	1.0446270834933558	CW	Coastal wetland	Southern coast	57
Other known phyla	S182	0.0682080036869191	6.820800368691909	CW	Coastal wetland	Southern coast	57
Unknown phylum	S182	0.0014594054842921884	0.14594054842921883	CW	Coastal wetland	Southern coast	57
Proteobacteria	S187	0.2713833564922032	27.13833564922032	TW	Tibetan wetland	Qinghai-Tibet Plateau	61
Chloroflexi	S187	0.2443646750038598	24.43646750038598	TW	Tibetan wetland	Qinghai-Tibet Plateau	61
Bacteroidetes	S187	0.19634861818743246	19.634861818743246	TW	Tibetan wetland	Qinghai-Tibet Plateau	61
Acidobacteria	S187	0.046201945345067164	4.620194534506716	TW	Tibetan wetland	Qinghai-Tibet Plateau	61
Actinobacteria	S187	0.06739231125521075	6.7392311255210755	TW	Tibetan wetland	Qinghai-Tibet Plateau	61
Firmicutes	S187	0.03381194997684113	3.381194997684113	TW	Tibetan wetland	Qinghai-Tibet Plateau	61
Verrucomicrobia	S187	0.02227111316967732	2.227111316967732	TW	Tibetan wetland	Qinghai-Tibet Plateau	61
Planctomycetes	S187	0.0317276516905975	3.17276516905975	TW	Tibetan wetland	Qinghai-Tibet Plateau	61
Gemmatimonadetes	S187	0.006561679790026247	0.6561679790026247	TW	Tibetan wetland	Qinghai-Tibet Plateau	61
Nitrospirae	S187	0.005596726879728269	0.5596726879728269	TW	Tibetan wetland	Qinghai-Tibet Plateau	61
Other known phyla	S187	0.07121352477999074	7.121352477999074	TW	Tibetan wetland	Qinghai-Tibet Plateau	61
Unknown phylum	S187	0.003126447429365447	0.3126447429365447	TW	Tibetan wetland	Qinghai-Tibet Plateau	61
Proteobacteria	S188	0.2364128640295846	23.64128640295846	TW	Tibetan wetland	Qinghai-Tibet Plateau	62
Chloroflexi	S188	0.3502608465957868	35.026084659578686	TW	Tibetan wetland	Qinghai-Tibet Plateau	62
Bacteroidetes	S188	0.0982632239318497	9.82632239318497	TW	Tibetan wetland	Qinghai-Tibet Plateau	62
Acidobacteria	S188	0.05573532325166744	5.573532325166744	TW	Tibetan wetland	Qinghai-Tibet Plateau	62
Actinobacteria	S188	0.04913161196592485	4.913161196592485	TW	Tibetan wetland	Qinghai-Tibet Plateau	62
Firmicutes	S188	0.04371656871161593	4.371656871161593	TW	Tibetan wetland	Qinghai-Tibet Plateau	62
Verrucomicrobia	S188	0.020999801888661428	2.0999801888661427	TW	Tibetan wetland	Qinghai-Tibet Plateau	62
Planctomycetes	S188	0.045433533645909	4.5433533645908994	TW	Tibetan wetland	Qinghai-Tibet Plateau	62
Gemmatimonadetes	S188	0.0058773030443109026	0.5877303044310902	TW	Tibetan wetland	Qinghai-Tibet Plateau	62
Nitrospirae	S188	0.006933896850029717	0.6933896850029717	TW	Tibetan wetland	Qinghai-Tibet Plateau	62
Other known phyla	S188	0.08492372713464967	8.492372713464967	TW	Tibetan wetland	Qinghai-Tibet Plateau	62
Unknown phylum	S188	0.0023112989500099056	0.23112989500099057	TW	Tibetan wetland	Qinghai-Tibet Plateau	62
Proteobacteria	S191	0.25064688632051063	25.064688632051062	TW	Tibetan wetland	Qinghai-Tibet Plateau	63
Chloroflexi	S191	0.25927203726065207	25.92720372606521	TW	Tibetan wetland	Qinghai-Tibet Plateau	63
Bacteroidetes	S191	0.16137657409004658	16.137657409004657	TW	Tibetan wetland	Qinghai-Tibet Plateau	63
Acidobacteria	S191	0.054079696394686905	5.407969639468691	TW	Tibetan wetland	Qinghai-Tibet Plateau	63
Actinobacteria	S191	0.055200966016905294	5.520096601690529	TW	Tibetan wetland	Qinghai-Tibet Plateau	63
Firmicutes	S191	0.05804726582715197	5.8047265827151975	TW	Tibetan wetland	Qinghai-Tibet Plateau	63
Verrucomicrobia	S191	0.027686734517854063	2.768673451785406	TW	Tibetan wetland	Qinghai-Tibet Plateau	63
Planctomycetes	S191	0.02251164395376919	2.251164395376919	TW	Tibetan wetland	Qinghai-Tibet Plateau	63
Gemmatimonadetes	S191	0.005865102639296188	0.5865102639296188	TW	Tibetan wetland	Qinghai-Tibet Plateau	63
Nitrospirae	S191	0.006641366223908918	0.6641366223908919	TW	Tibetan wetland	Qinghai-Tibet Plateau	63
Other known phyla	S191	0.09487666034155601	9.4876660341556	TW	Tibetan wetland	Qinghai-Tibet Plateau	63
Unknown phylum	S191	0.003795066413662239	0.3795066413662239	TW	Tibetan wetland	Qinghai-Tibet Plateau	63
Proteobacteria	S194	0.33455349126320877	33.455349126320876	TW	Tibetan wetland	Qinghai-Tibet Plateau	64
Chloroflexi	S194	0.03467090268664963	3.467090268664963	TW	Tibetan wetland	Qinghai-Tibet Plateau	64
Bacteroidetes	S194	0.24179846674494096	24.179846674494097	TW	Tibetan wetland	Qinghai-Tibet Plateau	64
Acidobacteria	S194	0.04848401132674909	4.848401132674908	TW	Tibetan wetland	Qinghai-Tibet Plateau	64
Actinobacteria	S194	0.07293321361972512	7.293321361972511	TW	Tibetan wetland	Qinghai-Tibet Plateau	64
Firmicutes	S194	0.09752054699910215	9.752054699910214	TW	Tibetan wetland	Qinghai-Tibet Plateau	64
Verrucomicrobia	S194	0.01975274535534222	1.975274535534222	TW	Tibetan wetland	Qinghai-Tibet Plateau	64
Planctomycetes	S194	0.03114855998342427	3.114855998342427	TW	Tibetan wetland	Qinghai-Tibet Plateau	64
Gemmatimonadetes	S194	0.03522342703225361	3.522342703225361	TW	Tibetan wetland	Qinghai-Tibet Plateau	64
Nitrospirae	S194	0.004212998135230334	0.42129981352303336	TW	Tibetan wetland	Qinghai-Tibet Plateau	64
Other known phyla	S194	0.06436908626286346	6.436908626286346	TW	Tibetan wetland	Qinghai-Tibet Plateau	64
Unknown phylum	S194	0.015332550590510394	1.5332550590510394	TW	Tibetan wetland	Qinghai-Tibet Plateau	64
Proteobacteria	S196	0.4345001804402743	43.45001804402743	TW	Tibetan wetland	Qinghai-Tibet Plateau	65
Chloroflexi	S196	0.03127631420666426	3.127631420666426	TW	Tibetan wetland	Qinghai-Tibet Plateau	65
Bacteroidetes	S196	0.22543004932034164	22.543004932034165	TW	Tibetan wetland	Qinghai-Tibet Plateau	65
Acidobacteria	S196	0.030975580416215565	3.0975580416215562	TW	Tibetan wetland	Qinghai-Tibet Plateau	65
Actinobacteria	S196	0.07325875135330205	7.325875135330205	TW	Tibetan wetland	Qinghai-Tibet Plateau	65
Firmicutes	S196	0.055395164200649584	5.539516420064959	TW	Tibetan wetland	Qinghai-Tibet Plateau	65
Verrucomicrobia	S196	0.0174425598460243	1.74425598460243	TW	Tibetan wetland	Qinghai-Tibet Plateau	65
Planctomycetes	S196	0.02838926981835679	2.838926981835679	TW	Tibetan wetland	Qinghai-Tibet Plateau	65
Gemmatimonadetes	S196	0.018164320943101168	1.8164320943101169	TW	Tibetan wetland	Qinghai-Tibet Plateau	65
Nitrospirae	S196	0.003608805485384338	0.36088054853843377	TW	Tibetan wetland	Qinghai-Tibet Plateau	65
Other known phyla	S196	0.07825093227475043	7.825093227475042	TW	Tibetan wetland	Qinghai-Tibet Plateau	65
Unknown phylum	S196	0.003308071694935643	0.3308071694935643	TW	Tibetan wetland	Qinghai-Tibet Plateau	65
Proteobacteria	S197	0.3492031605731887	34.92031605731887	TW	Tibetan wetland	Qinghai-Tibet Plateau	66
Chloroflexi	S197	0.0649524574795768	6.49524574795768	TW	Tibetan wetland	Qinghai-Tibet Plateau	66
Bacteroidetes	S197	0.13258336681398153	13.258336681398152	TW	Tibetan wetland	Qinghai-Tibet Plateau	66
Acidobacteria	S197	0.14657827775545734	14.657827775545734	TW	Tibetan wetland	Qinghai-Tibet Plateau	66
Actinobacteria	S197	0.07030936118923263	7.030936118923263	TW	Tibetan wetland	Qinghai-Tibet Plateau	66
Firmicutes	S197	0.04519887505022097	4.519887505022098	TW	Tibetan wetland	Qinghai-Tibet Plateau	66
Verrucomicrobia	S197	0.03763224856033213	3.763224856033213	TW	Tibetan wetland	Qinghai-Tibet Plateau	66
Planctomycetes	S197	0.04714075264497121	4.714075264497121	TW	Tibetan wetland	Qinghai-Tibet Plateau	66
Gemmatimonadetes	S197	0.04714075264497121	4.714075264497121	TW	Tibetan wetland	Qinghai-Tibet Plateau	66
Nitrospirae	S197	0.016740324092674435	1.6740324092674435	TW	Tibetan wetland	Qinghai-Tibet Plateau	66
Other known phyla	S197	0.04064550689701351	4.064550689701351	TW	Tibetan wetland	Qinghai-Tibet Plateau	66
Unknown phylum	S197	0.0018749162983795367	0.18749162983795367	TW	Tibetan wetland	Qinghai-Tibet Plateau	66
Proteobacteria	S198	0.35893214159708337	35.893214159708336	TW	Tibetan wetland	Qinghai-Tibet Plateau	67
Chloroflexi	S198	0.0629777725508644	6.29777725508644	TW	Tibetan wetland	Qinghai-Tibet Plateau	67
Bacteroidetes	S198	0.12918969775373398	12.918969775373398	TW	Tibetan wetland	Qinghai-Tibet Plateau	67
Acidobacteria	S198	0.14500764436081384	14.500764436081385	TW	Tibetan wetland	Qinghai-Tibet Plateau	67
Actinobacteria	S198	0.06585910854992355	6.585910854992355	TW	Tibetan wetland	Qinghai-Tibet Plateau	67
Firmicutes	S198	0.03875102904857109	3.8751029048571093	TW	Tibetan wetland	Qinghai-Tibet Plateau	67
Verrucomicrobia	S198	0.047924262025167585	4.792426202516759	TW	Tibetan wetland	Qinghai-Tibet Plateau	67
Planctomycetes	S198	0.041044337292720216	4.104433729272022	TW	Tibetan wetland	Qinghai-Tibet Plateau	67
Gemmatimonadetes	S198	0.045336939903563446	4.533693990356345	TW	Tibetan wetland	Qinghai-Tibet Plateau	67
Nitrospirae	S198	0.0166411854639539	1.6641185463953898	TW	Tibetan wetland	Qinghai-Tibet Plateau	67
Other known phyla	S198	0.04657179818887453	4.657179818887453	TW	Tibetan wetland	Qinghai-Tibet Plateau	67
Unknown phylum	S198	0.0017640832647300953	0.17640832647300952	TW	Tibetan wetland	Qinghai-Tibet Plateau	67
Proteobacteria	S201	0.28119601746286	28.119601746285998	TW	Tibetan wetland	Qinghai-Tibet Plateau	68
Chloroflexi	S201	0.06225069882848079	6.2250698828480795	TW	Tibetan wetland	Qinghai-Tibet Plateau	68
Bacteroidetes	S201	0.23502622569804327	23.502622569804327	TW	Tibetan wetland	Qinghai-Tibet Plateau	68
Acidobacteria	S201	0.07038537642513898	7.038537642513898	TW	Tibetan wetland	Qinghai-Tibet Plateau	68
Actinobacteria	S201	0.10650460127516567	10.650460127516567	TW	Tibetan wetland	Qinghai-Tibet Plateau	68
Firmicutes	S201	0.08379660165206193	8.379660165206193	TW	Tibetan wetland	Qinghai-Tibet Plateau	68
Verrucomicrobia	S201	0.05345645277803951	5.345645277803951	TW	Tibetan wetland	Qinghai-Tibet Plateau	68
Planctomycetes	S201	0.022959263795973493	2.2959263795973492	TW	Tibetan wetland	Qinghai-Tibet Plateau	68
Gemmatimonadetes	S201	0.021483086780363706	2.1483086780363707	TW	Tibetan wetland	Qinghai-Tibet Plateau	68
Nitrospirae	S201	0.010019158893181319	1.001915889318132	TW	Tibetan wetland	Qinghai-Tibet Plateau	68
Other known phyla	S201	0.049342001947297334	4.934200194729733	TW	Tibetan wetland	Qinghai-Tibet Plateau	68
Unknown phylum	S201	0.0035805144633939507	0.35805144633939506	TW	Tibetan wetland	Qinghai-Tibet Plateau	68
Proteobacteria	S202	0.28744190458123875	28.744190458123875	TW	Tibetan wetland	Qinghai-Tibet Plateau	69
Chloroflexi	S202	0.08270890638338234	8.270890638338233	TW	Tibetan wetland	Qinghai-Tibet Plateau	69
Bacteroidetes	S202	0.14677985393151854	14.677985393151854	TW	Tibetan wetland	Qinghai-Tibet Plateau	69
Acidobacteria	S202	0.038935786777956935	3.8935786777956936	TW	Tibetan wetland	Qinghai-Tibet Plateau	69
Actinobacteria	S202	0.3084985298302191	30.849852983021908	TW	Tibetan wetland	Qinghai-Tibet Plateau	69
Firmicutes	S202	0.036374845869297165	3.6374845869297165	TW	Tibetan wetland	Qinghai-Tibet Plateau	69
Verrucomicrobia	S202	0.024803186948686332	2.4803186948686333	TW	Tibetan wetland	Qinghai-Tibet Plateau	69
Planctomycetes	S202	0.02788580100540643	2.788580100540643	TW	Tibetan wetland	Qinghai-Tibet Plateau	69
Gemmatimonadetes	S202	0.004363084511049986	0.4363084511049986	TW	Tibetan wetland	Qinghai-Tibet Plateau	69
Nitrospirae	S202	0.00754054823105378	0.754054823105378	TW	Tibetan wetland	Qinghai-Tibet Plateau	69
Other known phyla	S202	0.03395617945556294	3.395617945556294	TW	Tibetan wetland	Qinghai-Tibet Plateau	69
Unknown phylum	S202	7.113724746277151e-4	0.07113724746277152	TW	Tibetan wetland	Qinghai-Tibet Plateau	69
Proteobacteria	S203	0.48190779765067	48.190779765067	TW	Tibetan wetland	Qinghai-Tibet Plateau	70
Chloroflexi	S203	0.05241721267929874	5.241721267929874	TW	Tibetan wetland	Qinghai-Tibet Plateau	70
Bacteroidetes	S203	0.1644531019420341	16.44531019420341	TW	Tibetan wetland	Qinghai-Tibet Plateau	70
Acidobacteria	S203	0.05206304232335753	5.206304232335754	TW	Tibetan wetland	Qinghai-Tibet Plateau	70
Actinobacteria	S203	0.06316038014284871	6.316038014284871	TW	Tibetan wetland	Qinghai-Tibet Plateau	70
Firmicutes	S203	0.03376424059972847	3.376424059972847	TW	Tibetan wetland	Qinghai-Tibet Plateau	70
Verrucomicrobia	S203	0.06894516262322177	6.894516262322177	TW	Tibetan wetland	Qinghai-Tibet Plateau	70
Planctomycetes	S203	0.022903016350864766	2.2903016350864767	TW	Tibetan wetland	Qinghai-Tibet Plateau	70
Gemmatimonadetes	S203	0.003659760344725813	0.3659760344725813	TW	Tibetan wetland	Qinghai-Tibet Plateau	70
Nitrospirae	S203	0.008204946579304645	0.8204946579304645	TW	Tibetan wetland	Qinghai-Tibet Plateau	70
Other known phyla	S203	0.047872026444719926	4.787202644471993	TW	Tibetan wetland	Qinghai-Tibet Plateau	70
Unknown phylum	S203	6.493123192255475e-4	0.06493123192255475	TW	Tibetan wetland	Qinghai-Tibet Plateau	70
Proteobacteria	S204	0.3611577181208054	36.11577181208054	TW	Tibetan wetland	Qinghai-Tibet Plateau	71
Chloroflexi	S204	0.16744966442953022	16.74496644295302	TW	Tibetan wetland	Qinghai-Tibet Plateau	71
Bacteroidetes	S204	0.0976510067114094	9.76510067114094	TW	Tibetan wetland	Qinghai-Tibet Plateau	71
Acidobacteria	S204	0.08221476510067115	8.221476510067115	TW	Tibetan wetland	Qinghai-Tibet Plateau	71
Actinobacteria	S204	0.07978187919463087	7.978187919463087	TW	Tibetan wetland	Qinghai-Tibet Plateau	71
Firmicutes	S204	0.04714765100671141	4.714765100671141	TW	Tibetan wetland	Qinghai-Tibet Plateau	71
Verrucomicrobia	S204	0.03691275167785235	3.691275167785235	TW	Tibetan wetland	Qinghai-Tibet Plateau	71
Planctomycetes	S204	0.029110738255033557	2.911073825503356	TW	Tibetan wetland	Qinghai-Tibet Plateau	71
Gemmatimonadetes	S204	0.015100671140939598	1.5100671140939599	TW	Tibetan wetland	Qinghai-Tibet Plateau	71
Nitrospirae	S204	0.013506711409395973	1.3506711409395973	TW	Tibetan wetland	Qinghai-Tibet Plateau	71
Other known phyla	S204	0.06208053691275166	6.208053691275166	TW	Tibetan wetland	Qinghai-Tibet Plateau	71
Unknown phylum	S204	0.007885906040268457	0.7885906040268457	TW	Tibetan wetland	Qinghai-Tibet Plateau	71
Proteobacteria	S205	0.34881114402369706	34.881114402369704	TW	Tibetan wetland	Qinghai-Tibet Plateau	72
Chloroflexi	S205	0.08149867904891522	8.149867904891522	TW	Tibetan wetland	Qinghai-Tibet Plateau	72
Bacteroidetes	S205	0.26595148506924987	26.595148506924986	TW	Tibetan wetland	Qinghai-Tibet Plateau	72
Acidobacteria	S205	0.04419181810903851	4.419181810903851	TW	Tibetan wetland	Qinghai-Tibet Plateau	72
Actinobacteria	S205	0.05740132895684893	5.7401328956848925	TW	Tibetan wetland	Qinghai-Tibet Plateau	72
Firmicutes	S205	0.08454086942598671	8.454086942598671	TW	Tibetan wetland	Qinghai-Tibet Plateau	72
Verrucomicrobia	S205	0.025618445280602035	2.5618445280602034	TW	Tibetan wetland	Qinghai-Tibet Plateau	72
Planctomycetes	S205	0.017292450564406373	1.7292450564406374	TW	Tibetan wetland	Qinghai-Tibet Plateau	72
Gemmatimonadetes	S205	0.02129533263950044	2.129533263950044	TW	Tibetan wetland	Qinghai-Tibet Plateau	72
Nitrospirae	S205	0.006244496037146745	0.6244496037146745	TW	Tibetan wetland	Qinghai-Tibet Plateau	72
Other known phyla	S205	0.045552798014570475	4.555279801457048	TW	Tibetan wetland	Qinghai-Tibet Plateau	72
Unknown phylum	S205	0.0016011528300376272	0.1601152830037627	TW	Tibetan wetland	Qinghai-Tibet Plateau	72
Proteobacteria	S206	0.2871064467766117	28.71064467766117	TW	Tibetan wetland	Qinghai-Tibet Plateau	73
Chloroflexi	S206	0.11975262368815592	11.975262368815592	TW	Tibetan wetland	Qinghai-Tibet Plateau	73
Bacteroidetes	S206	0.23453898050974512	23.453898050974512	TW	Tibetan wetland	Qinghai-Tibet Plateau	73
Acidobacteria	S206	0.0654047976011994	6.54047976011994	TW	Tibetan wetland	Qinghai-Tibet Plateau	73
Actinobacteria	S206	0.10513493253373313	10.513493253373312	TW	Tibetan wetland	Qinghai-Tibet Plateau	73
Firmicutes	S206	0.04188530734632684	4.188530734632684	TW	Tibetan wetland	Qinghai-Tibet Plateau	73
Verrucomicrobia	S206	0.03045352323838081	3.045352323838081	TW	Tibetan wetland	Qinghai-Tibet Plateau	73
Planctomycetes	S206	0.025955772113943027	2.5955772113943025	TW	Tibetan wetland	Qinghai-Tibet Plateau	73
Gemmatimonadetes	S206	0.02623688155922039	2.623688155922039	TW	Tibetan wetland	Qinghai-Tibet Plateau	73
Nitrospirae	S206	0.006934032983508246	0.6934032983508246	TW	Tibetan wetland	Qinghai-Tibet Plateau	73
Other known phyla	S206	0.051817841079460254	5.181784107946026	TW	Tibetan wetland	Qinghai-Tibet Plateau	73
Unknown phylum	S206	0.0047788605697151425	0.47788605697151426	TW	Tibetan wetland	Qinghai-Tibet Plateau	73
Proteobacteria	S207	0.29335849516040663	29.335849516040664	TW	Tibetan wetland	Qinghai-Tibet Plateau	74
Chloroflexi	S207	0.13179521519449686	13.179521519449686	TW	Tibetan wetland	Qinghai-Tibet Plateau	74
Bacteroidetes	S207	0.21482924453643393	21.482924453643392	TW	Tibetan wetland	Qinghai-Tibet Plateau	74
Acidobacteria	S207	0.06994582090460827	6.994582090460827	TW	Tibetan wetland	Qinghai-Tibet Plateau	74
Actinobacteria	S207	0.07932063066902051	7.932063066902051	TW	Tibetan wetland	Qinghai-Tibet Plateau	74
Firmicutes	S207	0.05868387410969745	5.868387410969745	TW	Tibetan wetland	Qinghai-Tibet Plateau	74
Verrucomicrobia	S207	0.03220308029463688	3.220308029463688	TW	Tibetan wetland	Qinghai-Tibet Plateau	74
Planctomycetes	S207	0.03646435746027881	3.646435746027881	TW	Tibetan wetland	Qinghai-Tibet Plateau	74
Gemmatimonadetes	S207	0.020149753454678274	2.0149753454678274	TW	Tibetan wetland	Qinghai-Tibet Plateau	74
Nitrospirae	S207	0.01357521154197358	1.3575211541973582	TW	Tibetan wetland	Qinghai-Tibet Plateau	74
Other known phyla	S207	0.045291288731965654	4.529128873196566	TW	Tibetan wetland	Qinghai-Tibet Plateau	74
Unknown phylum	S207	0.004383027941803129	0.43830279418031287	TW	Tibetan wetland	Qinghai-Tibet Plateau	74
Proteobacteria	S208	0.18087855297157623	18.087855297157624	TW	Tibetan wetland	Qinghai-Tibet Plateau	75
Chloroflexi	S208	0.1999465383587276	19.99465383587276	TW	Tibetan wetland	Qinghai-Tibet Plateau	75
Bacteroidetes	S208	0.2882473491936202	28.824734919362022	TW	Tibetan wetland	Qinghai-Tibet Plateau	75
Acidobacteria	S208	0.0466898333778847	4.66898333778847	TW	Tibetan wetland	Qinghai-Tibet Plateau	75
Actinobacteria	S208	0.05675844248418426	5.675844248418426	TW	Tibetan wetland	Qinghai-Tibet Plateau	75
Firmicutes	S208	0.07707386616769135	7.707386616769135	TW	Tibetan wetland	Qinghai-Tibet Plateau	75
Verrucomicrobia	S208	0.02281030027621848	2.2810300276218483	TW	Tibetan wetland	Qinghai-Tibet Plateau	75
Planctomycetes	S208	0.034660964091597614	3.4660964091597615	TW	Tibetan wetland	Qinghai-Tibet Plateau	75
Gemmatimonadetes	S208	0.011761561079925154	1.1761561079925154	TW	Tibetan wetland	Qinghai-Tibet Plateau	75
Nitrospirae	S208	0.006415396952686447	0.6415396952686447	TW	Tibetan wetland	Qinghai-Tibet Plateau	75
Other known phyla	S208	0.06923282544774124	6.923282544774125	TW	Tibetan wetland	Qinghai-Tibet Plateau	75
Unknown phylum	S208	0.005524369598146663	0.5524369598146662	TW	Tibetan wetland	Qinghai-Tibet Plateau	75
Proteobacteria	S209	0.3463936571472558	34.63936571472558	TW	Tibetan wetland	Qinghai-Tibet Plateau	76
Chloroflexi	S209	0.131937495188977	13.193749518897699	TW	Tibetan wetland	Qinghai-Tibet Plateau	76
Bacteroidetes	S209	0.15195135093526288	15.195135093526288	TW	Tibetan wetland	Qinghai-Tibet Plateau	76
Acidobacteria	S209	0.05180509583557848	5.180509583557848	TW	Tibetan wetland	Qinghai-Tibet Plateau	76
Actinobacteria	S209	0.07166499884535447	7.1664998845354475	TW	Tibetan wetland	Qinghai-Tibet Plateau	76
Firmicutes	S209	0.07943961203910399	7.9439612039103995	TW	Tibetan wetland	Qinghai-Tibet Plateau	76
Verrucomicrobia	S209	0.045339080902163036	4.533908090216303	TW	Tibetan wetland	Qinghai-Tibet Plateau	76
Planctomycetes	S209	0.031791240089292586	3.1791240089292585	TW	Tibetan wetland	Qinghai-Tibet Plateau	76
Gemmatimonadetes	S209	0.013855746285890232	1.3855746285890231	TW	Tibetan wetland	Qinghai-Tibet Plateau	76
Nitrospirae	S209	0.003771842044492341	0.37718420444923406	TW	Tibetan wetland	Qinghai-Tibet Plateau	76
Other known phyla	S209	0.05626972519436536	5.626972519436536	TW	Tibetan wetland	Qinghai-Tibet Plateau	76
Unknown phylum	S209	0.015780155492263876	1.5780155492263876	TW	Tibetan wetland	Qinghai-Tibet Plateau	76
Proteobacteria	S210	0.29954344966339086	29.954344966339086	TW	Tibetan wetland	Qinghai-Tibet Plateau	77
Chloroflexi	S210	0.11359591426139441	11.359591426139442	TW	Tibetan wetland	Qinghai-Tibet Plateau	77
Bacteroidetes	S210	0.24386752302097037	24.386752302097037	TW	Tibetan wetland	Qinghai-Tibet Plateau	77
Acidobacteria	S210	0.08175346281823107	8.175346281823106	TW	Tibetan wetland	Qinghai-Tibet Plateau	77
Actinobacteria	S210	0.08353323531687688	8.353323531687689	TW	Tibetan wetland	Qinghai-Tibet Plateau	77
Firmicutes	S210	0.040509169697438674	4.050916969743867	TW	Tibetan wetland	Qinghai-Tibet Plateau	77
Verrucomicrobia	S210	0.042714539967499805	4.2714539967499805	TW	Tibetan wetland	Qinghai-Tibet Plateau	77
Planctomycetes	S210	0.019229281126673374	1.9229281126673374	TW	Tibetan wetland	Qinghai-Tibet Plateau	77
Gemmatimonadetes	S210	0.022053702700611313	2.2053702700611315	TW	Tibetan wetland	Qinghai-Tibet Plateau	77
Nitrospirae	S210	0.007892904124429312	0.7892904124429312	TW	Tibetan wetland	Qinghai-Tibet Plateau	77
Other known phyla	S210	0.04310144703242282	4.310144703242282	TW	Tibetan wetland	Qinghai-Tibet Plateau	77
Unknown phylum	S210	0.0022053702700611313	0.22053702700611313	TW	Tibetan wetland	Qinghai-Tibet Plateau	77
Proteobacteria	S213	0.3353626943005181	33.53626943005181	TW	Tibetan wetland	Qinghai-Tibet Plateau	78
Chloroflexi	S213	0.07772020725388601	7.772020725388601	TW	Tibetan wetland	Qinghai-Tibet Plateau	78
Bacteroidetes	S213	0.14183937823834197	14.183937823834198	TW	Tibetan wetland	Qinghai-Tibet Plateau	78
Acidobacteria	S213	0.0969559585492228	9.69559585492228	TW	Tibetan wetland	Qinghai-Tibet Plateau	78
Actinobacteria	S213	0.10867875647668394	10.867875647668395	TW	Tibetan wetland	Qinghai-Tibet Plateau	78
Firmicutes	S213	0.047603626943005184	4.760362694300518	TW	Tibetan wetland	Qinghai-Tibet Plateau	78
Verrucomicrobia	S213	0.04170984455958549	4.170984455958549	TW	Tibetan wetland	Qinghai-Tibet Plateau	78
Planctomycetes	S213	0.05	5	TW	Tibetan wetland	Qinghai-Tibet Plateau	78
Gemmatimonadetes	S213	0.036204663212435234	3.6204663212435233	TW	Tibetan wetland	Qinghai-Tibet Plateau	78
Nitrospirae	S213	0.012435233160621761	1.2435233160621761	TW	Tibetan wetland	Qinghai-Tibet Plateau	78
Other known phyla	S213	0.04987046632124353	4.987046632124352	TW	Tibetan wetland	Qinghai-Tibet Plateau	78
Unknown phylum	S213	0.0016191709844559584	0.16191709844559585	TW	Tibetan wetland	Qinghai-Tibet Plateau	78
Proteobacteria	S214	0.3169718140207179	31.697181402071788	TW	Tibetan wetland	Qinghai-Tibet Plateau	79
Chloroflexi	S214	0.13599132739099012	13.599132739099012	TW	Tibetan wetland	Qinghai-Tibet Plateau	79
Bacteroidetes	S214	0.15893760539629004	15.893760539629003	TW	Tibetan wetland	Qinghai-Tibet Plateau	79
Acidobacteria	S214	0.058359431462298245	5.835943146229824	TW	Tibetan wetland	Qinghai-Tibet Plateau	79
Actinobacteria	S214	0.07648759335099976	7.648759335099976	TW	Tibetan wetland	Qinghai-Tibet Plateau	79
Firmicutes	S214	0.05480607082630692	5.480607082630692	TW	Tibetan wetland	Qinghai-Tibet Plateau	79
Verrucomicrobia	S214	0.02933028185979282	2.933028185979282	TW	Tibetan wetland	Qinghai-Tibet Plateau	79
Planctomycetes	S214	0.01589978318477475	1.5899783184774752	TW	Tibetan wetland	Qinghai-Tibet Plateau	79
Gemmatimonadetes	S214	0.01897133220910624	1.897133220910624	TW	Tibetan wetland	Qinghai-Tibet Plateau	79
Nitrospirae	S214	0.029390508311250303	2.93905083112503	TW	Tibetan wetland	Qinghai-Tibet Plateau	79
Other known phyla	S214	0.10232474102625867	10.232474102625867	TW	Tibetan wetland	Qinghai-Tibet Plateau	79
Unknown phylum	S214	0.002529510961214165	0.25295109612141653	TW	Tibetan wetland	Qinghai-Tibet Plateau	79
Proteobacteria	S215	0.32365527327880395	32.36552732788039	TW	Tibetan wetland	Qinghai-Tibet Plateau	80
Chloroflexi	S215	0.1401332538865717	14.013325388657169	TW	Tibetan wetland	Qinghai-Tibet Plateau	80
Bacteroidetes	S215	0.18054276583067005	18.054276583067004	TW	Tibetan wetland	Qinghai-Tibet Plateau	80
Acidobacteria	S215	0.08563999783327014	8.563999783327015	TW	Tibetan wetland	Qinghai-Tibet Plateau	80
Actinobacteria	S215	0.09652781539461568	9.652781539461568	TW	Tibetan wetland	Qinghai-Tibet Plateau	80
Firmicutes	S215	0.03569687449217269	3.5696874492172688	TW	Tibetan wetland	Qinghai-Tibet Plateau	80
Verrucomicrobia	S215	0.034721846053843236	3.4721846053843235	TW	Tibetan wetland	Qinghai-Tibet Plateau	80
Planctomycetes	S215	0.02128812090352635	2.128812090352635	TW	Tibetan wetland	Qinghai-Tibet Plateau	80
Gemmatimonadetes	S215	0.02247982232815124	2.247982232815124	TW	Tibetan wetland	Qinghai-Tibet Plateau	80
Nitrospirae	S215	0.005416824657385841	0.5416824657385841	TW	Tibetan wetland	Qinghai-Tibet Plateau	80
Other known phyla	S215	0.05026813282054061	5.026813282054061	TW	Tibetan wetland	Qinghai-Tibet Plateau	80
Unknown phylum	S215	0.003629272520448513	0.3629272520448513	TW	Tibetan wetland	Qinghai-Tibet Plateau	80
Proteobacteria	S216	0.31336575302092545	31.336575302092545	TW	Tibetan wetland	Qinghai-Tibet Plateau	81
Chloroflexi	S216	0.08863837312113174	8.863837312113173	TW	Tibetan wetland	Qinghai-Tibet Plateau	81
Bacteroidetes	S216	0.2561892130857648	25.618921308576482	TW	Tibetan wetland	Qinghai-Tibet Plateau	81
Acidobacteria	S216	0.08775419982316535	8.775419982316535	TW	Tibetan wetland	Qinghai-Tibet Plateau	81
Actinobacteria	S216	0.11427939876215738	11.427939876215738	TW	Tibetan wetland	Qinghai-Tibet Plateau	81
Firmicutes	S216	0.03499852637783672	3.4998526377836723	TW	Tibetan wetland	Qinghai-Tibet Plateau	81
Verrucomicrobia	S216	0.031093427645151783	3.109342764515178	TW	Tibetan wetland	Qinghai-Tibet Plateau	81
Planctomycetes	S216	0.010462717359269083	1.0462717359269083	TW	Tibetan wetland	Qinghai-Tibet Plateau	81
Gemmatimonadetes	S216	0.020335985853227233	2.033598585322723	TW	Tibetan wetland	Qinghai-Tibet Plateau	81
Nitrospirae	S216	0.003094606542882405	0.3094606542882405	TW	Tibetan wetland	Qinghai-Tibet Plateau	81
Other known phyla	S216	0.03868258178603005	3.868258178603005	TW	Tibetan wetland	Qinghai-Tibet Plateau	81
Unknown phylum	S216	0.0011052166224580018	0.11052166224580018	TW	Tibetan wetland	Qinghai-Tibet Plateau	81
Proteobacteria	S217	0.33490382231039	33.490382231039	TW	Tibetan wetland	Qinghai-Tibet Plateau	82
Chloroflexi	S217	0.12862658967728222	12.86265896772822	TW	Tibetan wetland	Qinghai-Tibet Plateau	82
Bacteroidetes	S217	0.09826773885011868	9.826773885011868	TW	Tibetan wetland	Qinghai-Tibet Plateau	82
Acidobacteria	S217	0.1278472492826526	12.784724928265259	TW	Tibetan wetland	Qinghai-Tibet Plateau	82
Actinobacteria	S217	0.09125367529845195	9.125367529845194	TW	Tibetan wetland	Qinghai-Tibet Plateau	82
Firmicutes	S217	0.029437812178964896	2.9437812178964897	TW	Tibetan wetland	Qinghai-Tibet Plateau	82
Verrucomicrobia	S217	0.03949838818236565	3.9498388182365654	TW	Tibetan wetland	Qinghai-Tibet Plateau	82
Planctomycetes	S217	0.019660632682702187	1.9660632682702188	TW	Tibetan wetland	Qinghai-Tibet Plateau	82
Gemmatimonadetes	S217	0.06805058627652415	6.805058627652414	TW	Tibetan wetland	Qinghai-Tibet Plateau	82
Nitrospirae	S217	0.019589783555917673	1.9589783555917673	TW	Tibetan wetland	Qinghai-Tibet Plateau	82
Other known phyla	S217	0.04034857770377981	4.034857770377981	TW	Tibetan wetland	Qinghai-Tibet Plateau	82
Unknown phylum	S217	0.0025151440008501897	0.25151440008501896	TW	Tibetan wetland	Qinghai-Tibet Plateau	82
Proteobacteria	S218	0.2656268891306976	26.56268891306976	TW	Tibetan wetland	Qinghai-Tibet Plateau	83
Chloroflexi	S218	0.07737879337444081	7.737879337444081	TW	Tibetan wetland	Qinghai-Tibet Plateau	83
Bacteroidetes	S218	0.08310159996775883	8.310159996775884	TW	Tibetan wetland	Qinghai-Tibet Plateau	83
Acidobacteria	S218	0.11030508201346069	11.03050820134607	TW	Tibetan wetland	Qinghai-Tibet Plateau	83
Actinobacteria	S218	0.12009833554991335	12.009833554991335	TW	Tibetan wetland	Qinghai-Tibet Plateau	83
Firmicutes	S218	0.16749284649175836	16.749284649175834	TW	Tibetan wetland	Qinghai-Tibet Plateau	83
Verrucomicrobia	S218	0.04993350259944384	4.993350259944384	TW	Tibetan wetland	Qinghai-Tibet Plateau	83
Planctomycetes	S218	0.03586829484544392	3.586829484544392	TW	Tibetan wetland	Qinghai-Tibet Plateau	83
Gemmatimonadetes	S218	0.027687099504292104	2.7687099504292103	TW	Tibetan wetland	Qinghai-Tibet Plateau	83
Nitrospirae	S218	0.015113045580945473	1.5113045580945472	TW	Tibetan wetland	Qinghai-Tibet Plateau	83
Other known phyla	S218	0.045016725103776245	4.501672510377625	TW	Tibetan wetland	Qinghai-Tibet Plateau	83
Unknown phylum	S218	0.0023777858380687545	0.23777858380687544	TW	Tibetan wetland	Qinghai-Tibet Plateau	83
Proteobacteria	S219	0.31958330420191566	31.958330420191565	TW	Tibetan wetland	Qinghai-Tibet Plateau	84
Chloroflexi	S219	0.08655526812556806	8.655526812556806	TW	Tibetan wetland	Qinghai-Tibet Plateau	84
Bacteroidetes	S219	0.1310214640285255	13.102146402852549	TW	Tibetan wetland	Qinghai-Tibet Plateau	84
Acidobacteria	S219	0.10361462630217437	10.361462630217437	TW	Tibetan wetland	Qinghai-Tibet Plateau	84
Actinobacteria	S219	0.11983499965042299	11.983499965042299	TW	Tibetan wetland	Qinghai-Tibet Plateau	84
Firmicutes	S219	0.07788575823253863	7.788575823253863	TW	Tibetan wetland	Qinghai-Tibet Plateau	84
Verrucomicrobia	S219	0.027476753128714254	2.7476753128714253	TW	Tibetan wetland	Qinghai-Tibet Plateau	84
Planctomycetes	S219	0.03593651681465427	3.593651681465427	TW	Tibetan wetland	Qinghai-Tibet Plateau	84
Gemmatimonadetes	S219	0.04502551912186255	4.502551912186255	TW	Tibetan wetland	Qinghai-Tibet Plateau	84
Nitrospirae	S219	0.013214011046633573	1.3214011046633574	TW	Tibetan wetland	Qinghai-Tibet Plateau	84
Other known phyla	S219	0.037055163252464524	3.7055163252464522	TW	Tibetan wetland	Qinghai-Tibet Plateau	84
Unknown phylum	S219	0.002796616094525624	0.2796616094525624	TW	Tibetan wetland	Qinghai-Tibet Plateau	84
Proteobacteria	S220	0.3276398980843635	32.76398980843635	TW	Tibetan wetland	Qinghai-Tibet Plateau	85
Chloroflexi	S220	0.08313673681230536	8.313673681230537	TW	Tibetan wetland	Qinghai-Tibet Plateau	85
Bacteroidetes	S220	0.12975370387845617	12.975370387845617	TW	Tibetan wetland	Qinghai-Tibet Plateau	85
Acidobacteria	S220	0.11182410116070586	11.182410116070587	TW	Tibetan wetland	Qinghai-Tibet Plateau	85
Actinobacteria	S220	0.16466924601302255	16.466924601302253	TW	Tibetan wetland	Qinghai-Tibet Plateau	85
Firmicutes	S220	0.048409927337925825	4.840992733792582	TW	Tibetan wetland	Qinghai-Tibet Plateau	85
Verrucomicrobia	S220	0.027460602057185996	2.7460602057185994	TW	Tibetan wetland	Qinghai-Tibet Plateau	85
Planctomycetes	S220	0.029159195998867606	2.9159195998867604	TW	Tibetan wetland	Qinghai-Tibet Plateau	85
Gemmatimonadetes	S220	0.01906199867887138	1.906199867887138	TW	Tibetan wetland	Qinghai-Tibet Plateau	85
Nitrospirae	S220	0.014438048504293668	1.4438048504293668	TW	Tibetan wetland	Qinghai-Tibet Plateau	85
Other known phyla	S220	0.04218174955175995	4.218174955175995	TW	Tibetan wetland	Qinghai-Tibet Plateau	85
Unknown phylum	S220	0.002264791922242144	0.22647919222421442	TW	Tibetan wetland	Qinghai-Tibet Plateau	85
Proteobacteria	S221	0.3392110174399897	33.921101743998975	TW	Tibetan wetland	Qinghai-Tibet Plateau	86
Chloroflexi	S221	0.07297766909067507	7.297766909067508	TW	Tibetan wetland	Qinghai-Tibet Plateau	86
Bacteroidetes	S221	0.18810734281485295	18.810734281485296	TW	Tibetan wetland	Qinghai-Tibet Plateau	86
Acidobacteria	S221	0.07773988030117768	7.773988030117768	TW	Tibetan wetland	Qinghai-Tibet Plateau	86
Actinobacteria	S221	0.13462899800501962	13.462899800501962	TW	Tibetan wetland	Qinghai-Tibet Plateau	86
Firmicutes	S221	0.05753265975931527	5.7532659759315274	TW	Tibetan wetland	Qinghai-Tibet Plateau	86
Verrucomicrobia	S221	0.030568247634982944	3.0568247634982946	TW	Tibetan wetland	Qinghai-Tibet Plateau	86
Planctomycetes	S221	0.020528991569599073	2.0528991569599073	TW	Tibetan wetland	Qinghai-Tibet Plateau	86
Gemmatimonadetes	S221	0.022845742969303043	2.2845742969303044	TW	Tibetan wetland	Qinghai-Tibet Plateau	86
Nitrospirae	S221	0.00765815046013257	0.765815046013257	TW	Tibetan wetland	Qinghai-Tibet Plateau	86
Other known phyla	S221	0.04659244481626874	4.659244481626874	TW	Tibetan wetland	Qinghai-Tibet Plateau	86
Unknown phylum	S221	0.001608855138683313	0.1608855138683313	TW	Tibetan wetland	Qinghai-Tibet Plateau	86
Proteobacteria	S222	0.28338228648892905	28.338228648892905	TW	Tibetan wetland	Qinghai-Tibet Plateau	87
Chloroflexi	S222	0.0605512878445549	6.05512878445549	TW	Tibetan wetland	Qinghai-Tibet Plateau	87
Bacteroidetes	S222	0.34935607772254856	34.935607772254855	TW	Tibetan wetland	Qinghai-Tibet Plateau	87
Acidobacteria	S222	0.06998418436511523	6.998418436511524	TW	Tibetan wetland	Qinghai-Tibet Plateau	87
Actinobacteria	S222	0.09291685494803434	9.291685494803433	TW	Tibetan wetland	Qinghai-Tibet Plateau	87
Firmicutes	S222	0.03886127428829643	3.886127428829643	TW	Tibetan wetland	Qinghai-Tibet Plateau	87
Verrucomicrobia	S222	0.03197017623136014	3.197017623136014	TW	Tibetan wetland	Qinghai-Tibet Plateau	87
Planctomycetes	S222	0.014403524627202891	1.440352462720289	TW	Tibetan wetland	Qinghai-Tibet Plateau	87
Gemmatimonadetes	S222	0.014234071396294623	1.4234071396294623	TW	Tibetan wetland	Qinghai-Tibet Plateau	87
Nitrospirae	S222	0.006269769543605965	0.6269769543605964	TW	Tibetan wetland	Qinghai-Tibet Plateau	87
Other known phyla	S222	0.03620650700406688	3.6206507004066877	TW	Tibetan wetland	Qinghai-Tibet Plateau	87
Unknown phylum	S222	0.0018639855399909624	0.18639855399909624	TW	Tibetan wetland	Qinghai-Tibet Plateau	87
Proteobacteria	S223	0.2599706818985998	25.997068189859977	TW	Tibetan wetland	Qinghai-Tibet Plateau	88
Chloroflexi	S223	0.06470201688318253	6.4702016883182525	TW	Tibetan wetland	Qinghai-Tibet Plateau	88
Bacteroidetes	S223	0.21614517515038165	21.614517515038166	TW	Tibetan wetland	Qinghai-Tibet Plateau	88
Acidobacteria	S223	0.04872870646514684	4.872870646514684	TW	Tibetan wetland	Qinghai-Tibet Plateau	88
Actinobacteria	S223	0.2736187635848961	27.36187635848961	TW	Tibetan wetland	Qinghai-Tibet Plateau	88
Firmicutes	S223	0.05585603801243492	5.585603801243492	TW	Tibetan wetland	Qinghai-Tibet Plateau	88
Verrucomicrobia	S223	0.020623767881514432	2.062376788151443	TW	Tibetan wetland	Qinghai-Tibet Plateau	88
Planctomycetes	S223	0.013041500278016479	1.3041500278016478	TW	Tibetan wetland	Qinghai-Tibet Plateau	88
Gemmatimonadetes	S223	0.010311883940757216	1.0311883940757216	TW	Tibetan wetland	Qinghai-Tibet Plateau	88
Nitrospirae	S223	0.003134003942779154	0.3134003942779154	TW	Tibetan wetland	Qinghai-Tibet Plateau	88
Other known phyla	S223	0.03300813830056109	3.300813830056109	TW	Tibetan wetland	Qinghai-Tibet Plateau	88
Unknown phylum	S223	8.593236617297679e-4	0.0859323661729768	TW	Tibetan wetland	Qinghai-Tibet Plateau	88
Proteobacteria	S224	0.29511396911063903	29.511396911063905	TW	Tibetan wetland	Qinghai-Tibet Plateau	89
Chloroflexi	S224	0.11873456967330769	11.87345696733077	TW	Tibetan wetland	Qinghai-Tibet Plateau	89
Bacteroidetes	S224	0.13682034793592468	13.682034793592468	TW	Tibetan wetland	Qinghai-Tibet Plateau	89
Acidobacteria	S224	0.11839007865878165	11.839007865878164	TW	Tibetan wetland	Qinghai-Tibet Plateau	89
Actinobacteria	S224	0.11448584716081989	11.448584716081989	TW	Tibetan wetland	Qinghai-Tibet Plateau	89
Firmicutes	S224	0.04748234483550554	4.748234483550554	TW	Tibetan wetland	Qinghai-Tibet Plateau	89
Verrucomicrobia	S224	0.034219440776253086	3.4219440776253087	TW	Tibetan wetland	Qinghai-Tibet Plateau	89
Planctomycetes	S224	0.041798243095825915	4.1798243095825915	TW	Tibetan wetland	Qinghai-Tibet Plateau	89
Gemmatimonadetes	S224	0.022736406958718494	2.2736406958718494	TW	Tibetan wetland	Qinghai-Tibet Plateau	89
Nitrospirae	S224	0.006947235459608429	0.6947235459608428	TW	Tibetan wetland	Qinghai-Tibet Plateau	89
Other known phyla	S224	0.06034334271114426	6.034334271114426	TW	Tibetan wetland	Qinghai-Tibet Plateau	89
Unknown phylum	S224	0.002928173623471321	0.2928173623471321	TW	Tibetan wetland	Qinghai-Tibet Plateau	89
Proteobacteria	S225	0.32867235796290845	32.86723579629084	TW	Tibetan wetland	Qinghai-Tibet Plateau	90
Chloroflexi	S225	0.13726817780394465	13.726817780394466	TW	Tibetan wetland	Qinghai-Tibet Plateau	90
Bacteroidetes	S225	0.20844863114512804	20.844863114512805	TW	Tibetan wetland	Qinghai-Tibet Plateau	90
Acidobacteria	S225	0.066028848984398	6.602884898439799	TW	Tibetan wetland	Qinghai-Tibet Plateau	90
Actinobacteria	S225	0.07247571386517515	7.2475713865175155	TW	Tibetan wetland	Qinghai-Tibet Plateau	90
Firmicutes	S225	0.04197821607300559	4.197821607300559	TW	Tibetan wetland	Qinghai-Tibet Plateau	90
Verrucomicrobia	S225	0.017898145422431556	1.7898145422431555	TW	Tibetan wetland	Qinghai-Tibet Plateau	90
Planctomycetes	S225	0.012275537238740065	1.2275537238740066	TW	Tibetan wetland	Qinghai-Tibet Plateau	90
Gemmatimonadetes	S225	0.022931998822490432	2.293199882249043	TW	Tibetan wetland	Qinghai-Tibet Plateau	90
Nitrospirae	S225	0.030055931704445097	3.00559317044451	TW	Tibetan wetland	Qinghai-Tibet Plateau	90
Other known phyla	S225	0.055431262879010894	5.54312628790109	TW	Tibetan wetland	Qinghai-Tibet Plateau	90
Unknown phylum	S225	0.006535178098322049	0.653517809832205	TW	Tibetan wetland	Qinghai-Tibet Plateau	90
