Microbe	Metabolite	Rho	PValue	QValue
Ruminococcus_B [MB_G011]	alpha-muricholate [MT_M002]	0.6420271200024967	5.8614941531146814e-27	5.8614941531146815e-24
Fusobacterium [MB_G124]	5alpha-cholestanol [MT_M023]	-0.6042712553801503	2.7493676241643165e-23	9.700599264485282e-21
Ruminococcus_B [MB_G011]	5alpha-cholestanol [MT_M023]	-0.6039992914746284	2.910179779345585e-23	9.700599264485282e-21
Anaeroglobus [MB_G130]	5alpha-cholestanol [MT_M023]	-0.5860827975191877	1.0955867020537518e-21	2.738966755134379e-19
Ruminococcus_B [MB_G011]	C3-DC-CH3 carnitine [MT_M022]	0.5758483525395993	7.886625533740209e-21	1.5773251067480418e-18
Klebsiella [MB_G017]	creatine [MT_M028]	0.5739631849915943	1.126016605202297e-20	1.8766943420038285e-18
Fusobacterium [MB_G124]	C3-DC-CH3 carnitine [MT_M022]	0.570688779131983	2.0788244708476662e-20	2.9697492440680945e-18
Haemophilus_D [MB_G055]	5alpha-cholestanol [MT_M023]	-0.5669790765146416	4.129820520146666e-20	5.1622756501833325e-18
Citrobacter [MB_G134]	creatine [MT_M028]	0.5548549711362508	3.6691659323122726e-19	4.076851035902525e-17
Fusobacterium [MB_G124]	creatine [MT_M028]	0.5444775937738205	2.220371579552559e-18	2.2203715795525592e-16
Haemophilus_D [MB_G055]	creatine [MT_M028]	0.5339542704547837	1.2946586720295366e-17	1.1769624291177605e-15
Citrobacter [MB_G134]	creatinine [MT_M005]	0.5307578826786183	2.1852494072794284e-17	1.821041172732857e-15
Fusobacterium [MB_G124]	creatinine [MT_M005]	0.524595374126638	5.903342395396502e-17	4.329419400250411e-15
Enterobacter [MB_G086]	creatine [MT_M028]	0.5244300289159156	6.061187160350575e-17	4.329419400250411e-15
Haemophilus_D [MB_G055]	C2 carnitine [MT_M004]	0.5203318291722059	1.160408493330205e-16	7.736056622201367e-15
Fusobacterium [MB_G124]	C4 carnitine [MT_M020]	0.5114498973936219	4.602746048410124e-16	2.8767162802563274e-14
Klebsiella [MB_G017]	C3-DC-CH3 carnitine [MT_M022]	0.5095284417776472	6.168716125996615e-16	3.6286565447038913e-14
Enterobacter [MB_G086]	C4 carnitine [MT_M020]	0.5069688590320468	9.085965169840744e-16	5.0477584276893026e-14
Klebsiella [MB_G017]	creatinine [MT_M005]	0.5010813692933324	2.18727902158455e-15	1.1511994850445e-13
Fusobacterium [MB_G124]	hydrocinnamic acid [MT_M011]	-0.49951250375378514	2.756389885028161e-15	1.3781949425140804e-13
Enterococcus_B [MB_G054]	5alpha-cholestanol [MT_M023]	-0.49583494596458566	4.718091354460134e-15	2.24671016879054e-13
Klebsiella [MB_G017]	5alpha-cholestanol [MT_M023]	-0.4942705723883784	5.918558702368754e-15	2.6847304484888926e-13
Citrobacter [MB_G134]	5alpha-cholestanol [MT_M023]	-0.49397710706297554	6.174880031524452e-15	2.6847304484888926e-13
Enterobacter [MB_G086]	creatinine [MT_M005]	0.48972107554718	1.1368136869744615e-14	4.736723695726923e-13
Ruminococcus_B [MB_G011]	hydrocinnamic acid [MT_M011]	-0.48593457363854764	1.9428460263643555e-14	7.771384105457421e-13
Citrobacter [MB_G134]	C3-DC-CH3 carnitine [MT_M022]	0.48550527994355247	2.0636952369578968e-14	7.937289372914988e-13
Enterobacter [MB_G086]	C3-DC-CH3 carnitine [MT_M022]	0.4848388840159628	2.2659726866605805e-14	8.197339284639322e-13
Fusobacterium [MB_G124]	C2 carnitine [MT_M004]	0.4847472643366166	2.2952549996990102e-14	8.197339284639322e-13
Haemophilus_D [MB_G055]	creatinine [MT_M005]	0.48164940651841576	3.535095531116282e-14	1.2189984590056144e-12
Enterobacter [MB_G086]	5alpha-cholestanol [MT_M023]	-0.47115887049412164	1.4781706799631845e-13	4.9272355998772814e-12
Citrobacter [MB_G134]	C4 carnitine [MT_M020]	0.46899676177144056	1.9731748863942466e-13	6.365080278691118e-12
Enterococcus_B [MB_G054]	hydrocinnamic acid [MT_M011]	-0.4660478543107096	2.9163452535694103e-13	9.113578917404408e-12
Limosilactobacillus [MB_G072]	creatinine [MT_M005]	0.4626062633211206	4.579443739475753e-13	1.3877102240835615e-11
Longicatena [MB_G128]	hydrocinnamic acid [MT_M011]	-0.4608730014832934	5.736958581078861e-13	1.6873407591408416e-11
Limosilactobacillus [MB_G072]	C4 carnitine [MT_M020]	0.4584305064033288	7.864370937341273e-13	2.246963124954649e-11
Pediococcus [MB_G103]	C3-DC-CH3 carnitine [MT_M022]	0.4573920690300717	8.986146479435378e-13	2.4961517998431608e-11
Anaeroglobus [MB_G130]	C4 carnitine [MT_M020]	0.4521418565052232	1.751371077662822e-12	4.5764375307700464e-11
Enterococcus_B [MB_G054]	C4 carnitine [MT_M020]	0.45200643882740177	1.781507639453501e-12	4.5764375307700464e-11
Klebsiella [MB_G017]	C4 carnitine [MT_M020]	0.45199173283524013	1.784810637000318e-12	4.5764375307700464e-11
Escherichia [MB_G008]	C4 carnitine [MT_M020]	0.45061304607008984	2.12245757671254e-12	5.2910703529753626e-11
Anaeroglobus [MB_G130]	hydrocinnamic acid [MT_M011]	-0.45043875782757753	2.169338844719899e-12	5.2910703529753626e-11
Pediococcus [MB_G103]	5alpha-cholestanol [MT_M023]	-0.4500758566216106	2.270213523213395e-12	5.405270293365226e-11
Pediococcus [MB_G103]	hydrocinnamic acid [MT_M011]	-0.4483399610589761	2.819454928023841e-12	6.55687192563684e-11
Limosilactobacillus [MB_G072]	C20:4 carnitine [MT_M009]	-0.44674925654441855	3.4350011437720696e-12	7.644019011082666e-11
Enterococcus_B [MB_G054]	C3-DC-CH3 carnitine [MT_M022]	0.44673796129885496	3.4398085549871996e-12	7.644019011082666e-11
Enterobacter [MB_G086]	hydrocinnamic acid [MT_M011]	-0.4415126721076235	6.533270859169064e-12	1.4202762737324052e-10
Enterococcus_B [MB_G054]	carnosol [MT_M010]	-0.44045796335053455	7.426608105547959e-12	1.5801293841591402e-10
Acidaminococcus [MB_G048]	5alpha-cholestanol [MT_M023]	-0.43871962020770183	9.164530430582313e-12	1.9092771730379818e-10
Escherichia [MB_G008]	creatine [MT_M028]	0.4383140255473218	9.623712786211643e-12	1.9640230175942128e-10
Ruminococcus_B [MB_G011]	glycoursodeoxycholic acid [MT_M019]	0.43684901283976424	1.147626261261502e-11	2.2952525225230038e-10
Citrobacter [MB_G134]	hydrocinnamic acid [MT_M011]	-0.43652718440218635	1.1927445766800954e-11	2.338714856235481e-10
Fusobacterium [MB_G124]	taurochenodesoxycholic acid [MT_M007]	0.43567020913540383	1.3214660095242786e-11	2.54128078754669e-10
Klebsiella [MB_G017]	C2 carnitine [MT_M004]	0.4329913473141657	1.8171286942697923e-11	3.428544706169419e-10
Pediococcus [MB_G103]	creatinine [MT_M005]	0.4309755089283119	2.3050575684699517e-11	4.2377602743780056e-10
Klebsiella [MB_G017]	hydrocinnamic acid [MT_M011]	-0.43088117311651264	2.3307681509079032e-11	4.2377602743780056e-10
Ruminococcus_B [MB_G011]	creatinine [MT_M005]	0.4291948279641333	2.8402876515081383e-11	5.071942234835961e-10
Pediococcus [MB_G103]	deoxycholic acid [MT_M015]	-0.4289187097133587	2.9334333739597577e-11	5.146374340280277e-10
Anaeroglobus [MB_G130]	creatinine [MT_M005]	0.4277297107151255	3.369590428004187e-11	5.809638668972736e-10
Enterococcus_B [MB_G054]	C2 carnitine [MT_M004]	0.42666862691000096	3.8115676176191433e-11	6.460284097659565e-10
Limosilactobacillus [MB_G072]	5alpha-cholestanol [MT_M023]	-0.4261302483076445	4.056869611393986e-11	6.761449352323311e-10
Lacticaseibacillus [MB_G193]	hydrocinnamic acid [MT_M011]	-0.4215549408590434	6.862247200625997e-11	1.1091781029493254e-09
Haemophilus_D [MB_G055]	taurochenodesoxycholic acid [MT_M007]	0.42153622786479145	6.876904238285817e-11	1.1091781029493254e-09
Anaeroglobus [MB_G130]	creatine [MT_M028]	0.42080332824402483	7.475485972500015e-11	1.1731988797502117e-09
Fusobacterium [MB_G124]	carnosol [MT_M010]	-0.4207646150183978	7.508472830401355e-11	1.1731988797502117e-09
Fusobacterium [MB_G124]	alpha-muricholate [MT_M002]	0.4179124208578816	1.0369641882078774e-10	1.5953295203198112e-09
Enterobacter [MB_G086]	C2 carnitine [MT_M004]	0.4149075389555824	1.4523272208750685e-10	2.200495789204649e-09
Lacticaseibacillus [MB_G193]	5alpha-cholestanol [MT_M023]	-0.41341070564938875	1.7155479500223954e-10	2.560519328391635e-09
Fusobacterium [MB_G124]	C20:4 carnitine [MT_M009]	-0.4117821552714344	2.054480585716315e-10	3.0212949789945804e-09
Enterococcus_B [MB_G054]	C20:4 carnitine [MT_M009]	-0.41142065646978826	2.138087825510876e-10	3.0986780079867763e-09
Fusobacterium [MB_G124]	deoxycholic acid [MT_M015]	-0.41046048640239813	2.376500100784578e-10	3.3599479831245795e-09
Ruminococcus_B [MB_G011]	C4 carnitine [MT_M020]	0.4104258587401422	2.3855630680184513e-10	3.3599479831245795e-09
Anaeroglobus [MB_G130]	C3-DC-CH3 carnitine [MT_M022]	0.40990401355518913	2.5262714133670853e-10	3.5087102963431744e-09
Pediococcus [MB_G103]	C4 carnitine [MT_M020]	0.40975244684907547	2.568625871577936e-10	3.518665577504022e-09
Limosilactobacillus [MB_G072]	carnosol [MT_M010]	-0.40823797313373433	3.0314753958326474e-10	4.096588372746821e-09
Enterococcus_B [MB_G054]	creatinine [MT_M005]	0.40805431307422	3.0928248212676865e-10	4.1237664283569155e-09
Lactobacillus [MB_G050]	5alpha-cholestanol [MT_M023]	-0.4077139916198346	3.20970250951997e-10	4.223292775684171e-09
Escherichia [MB_G008]	C3-DC-CH3 carnitine [MT_M022]	0.405831593997697	3.9377022784092694e-10	5.113899062869181e-09
Haemophilus_D [MB_G055]	C4 carnitine [MT_M020]	0.4038994619687574	4.850567621094423e-10	6.218676437300542e-09
Limosilactobacillus [MB_G072]	creatine [MT_M028]	0.4023780738458525	5.710648875622064e-10	7.2286694628127384e-09
Lactobacillus [MB_G050]	C20:4 carnitine [MT_M009]	-0.40178671340591693	6.0833794173719e-10	7.604224271714875e-09
Ruminococcus_B [MB_G011]	carnosol [MT_M010]	-0.4014403674475043	6.312512278476748e-10	7.793225035156478e-09
Anaeroglobus [MB_G130]	C2 carnitine [MT_M004]	0.3987292867464537	8.418934674595138e-10	1.0266993505603826e-08
Haemophilus_D [MB_G055]	C3-DC-CH3 carnitine [MT_M022]	0.39650557691582117	1.0641239559450884e-09	1.282077055355528e-08
Pediococcus [MB_G103]	creatine [MT_M028]	0.3957947278572952	1.1464498124874817e-09	1.36482120534224e-08
Escherichia [MB_G008]	creatinine [MT_M005]	0.39497081604058093	1.249595482536565e-09	1.4701123323959588e-08
Pediococcus [MB_G103]	C20:4 carnitine [MT_M009]	-0.3920940267867781	1.6850108264600294e-09	1.9593149144884066e-08
Lactobacillus [MB_G050]	C4 carnitine [MT_M020]	0.39058196056707895	1.9694525594338125e-09	2.2637385740618537e-08
Klebsiella [MB_G017]	deoxycholic acid [MT_M015]	-0.38736685751823074	2.7368592108834793e-09	3.110067285094863e-08
Klebsiella [MB_G017]	C20:4 carnitine [MT_M009]	-0.3852481432306031	3.393031412417259e-09	3.78191525149359e-08
Limosilactobacillus [MB_G072]	C2 carnitine [MT_M004]	0.3851718929951445	3.419279172435121e-09	3.78191525149359e-08
Citrobacter [MB_G134]	carnosol [MT_M010]	-0.38510765876248987	3.4415428788591667e-09	3.78191525149359e-08
Lactobacillus [MB_G050]	hydrocinnamic acid [MT_M011]	-0.38499507341028616	3.4809036989156388e-09	3.783590977082216e-08
Limosilactobacillus [MB_G072]	hydrocinnamic acid [MT_M011]	-0.38451264321857753	3.654549191986137e-09	3.929622787081868e-08
Enterococcus_B [MB_G054]	creatine [MT_M028]	0.3841692026420315	3.783238534591402e-09	4.024721845310002e-08
Limosilactobacillus [MB_G072]	deoxycholic acid [MT_M015]	-0.3777060997809274	7.202610741137982e-09	7.58169551698735e-08
Ruminococcus_B [MB_G011]	taurochenodesoxycholic acid [MT_M007]	0.3773491945002091	7.460269869911522e-09	7.771114447824503e-08
Citrobacter [MB_G134]	C2 carnitine [MT_M004]	0.37690911633018925	7.790243703930424e-09	7.954813853177019e-08
Escherichia [MB_G008]	hydrocinnamic acid [MT_M011]	-0.3769019687923709	7.795717576113479e-09	7.954813853177019e-08
Fusobacterium [MB_G124]	C54:9 TAG [MT_M001]	-0.3760852500276425	8.446264829838575e-09	8.460170663798147e-08
Lacticaseibacillus [MB_G193]	C2 carnitine [MT_M004]	0.37606846361730384	8.460170663798147e-09	8.460170663798147e-08
Klebsiella [MB_G017]	carnosol [MT_M010]	-0.3747067638546164	9.664915293955553e-09	9.56922306332233e-08
Acidaminococcus [MB_G048]	hydrocinnamic acid [MT_M011]	-0.3745799917014371	9.785146923469632e-09	9.593281297519248e-08
Escherichia [MB_G008]	carnosol [MT_M010]	-0.3723269753045016	1.21788847083249e-08	1.182415991099505e-07
Lacticaseibacillus [MB_G193]	creatine [MT_M028]	0.3710087091418384	1.383185922644561e-08	1.3299864640813089e-07
Limosilactobacillus [MB_G072]	C3-DC-CH3 carnitine [MT_M022]	0.36893653057813225	1.6875821690483316e-08	1.6072211133793635e-07
Enterococcus_B [MB_G054]	deoxycholic acid [MT_M015]	-0.3686516751820595	1.7341726739051863e-08	1.636011956514327e-07
Enterobacter [MB_G086]	carnosol [MT_M010]	-0.36802193895654395	1.841614673882082e-08	1.7211352092355907e-07
Ruminococcus_B [MB_G011]	imidazole propionate [MT_M034]	0.36764152326151983	1.9095991283612394e-08	1.7681473410752218e-07
Lactobacillus [MB_G050]	creatinine [MT_M005]	0.3640512070201752	2.682405732789859e-08	2.4609226906328985e-07
Citrobacter [MB_G134]	C20:4 carnitine [MT_M009]	-0.3632893503981066	2.881435115736012e-08	2.61948646885092e-07
Escherichia [MB_G008]	5alpha-cholestanol [MT_M023]	-0.36038064966989614	3.780444619662863e-08	3.405805963660237e-07
Fusobacterium [MB_G124]	C52:6 TAG [MT_M016]	-0.3600990609861399	3.880588766636957e-08	3.4648113987829976e-07
Ruminococcus_B [MB_G011]	creatine [MT_M028]	0.3593257071405751	4.168941437179388e-08	3.689328705468485e-07
Haemophilus_D [MB_G055]	hydrocinnamic acid [MT_M011]	-0.3585312976137108	4.48658034452459e-08	3.9355967934426223e-07
Acidaminococcus [MB_G048]	C2 carnitine [MT_M004]	0.35813530574488744	4.6534931546835935e-08	4.0465157866813855e-07
Pediococcus [MB_G103]	C2 carnitine [MT_M004]	0.3576879543012315	4.849245994881767e-08	4.1803844783463507e-07
Escherichia [MB_G008]	C20:4 carnitine [MT_M009]	-0.3571529082401623	5.093791767592446e-08	4.327658458223924e-07
Lactobacillus [MB_G050]	carnosol [MT_M010]	-0.357125492100705	5.1066369807042296e-08	4.327658458223924e-07
Longicatena [MB_G128]	C3-DC-CH3 carnitine [MT_M022]	0.3564595302830858	5.4284094331366504e-08	4.5546708939519076e-07
Pediococcus [MB_G103]	carnosol [MT_M010]	-0.3563850121784577	5.465605072742289e-08	4.5546708939519076e-07
Lactobacillus [MB_G050]	deoxycholic acid [MT_M015]	-0.3561249227030433	5.5973601297584185e-08	4.6259174626102633e-07
Enterobacter [MB_G086]	C20:4 carnitine [MT_M009]	-0.3547681458330525	6.3357571795643e-08	5.193243589806803e-07
Lacticaseibacillus [MB_G193]	deoxycholic acid [MT_M015]	-0.3519065120391695	8.212564707635546e-08	6.67688187612646e-07
Citrobacter [MB_G134]	taurochenodesoxycholic acid [MT_M007]	0.3517873667694213	8.301300643284324e-08	6.69459729297123e-07
Anaeroglobus [MB_G130]	carnosol [MT_M010]	-0.35128937111351594	8.682275026593968e-08	6.945820021275174e-07
Limosilactobacillus [MB_G072]	glycoursodeoxycholic acid [MT_M019]	0.3511966748013249	8.755020920914074e-08	6.948429302312757e-07
Anaeroglobus [MB_G130]	alpha-muricholate [MT_M002]	0.34929957183066235	1.0379171491870687e-07	8.172575977850935e-07
Lacticaseibacillus [MB_G193]	C3-DC-CH3 carnitine [MT_M022]	0.3486437755767879	1.100519025295197e-07	8.597804885118726e-07
Fusobacterium [MB_G124]	glycoursodeoxycholic acid [MT_M019]	0.347960203755752	1.1696287813992666e-07	9.066889778288888e-07
Klebsiella [MB_G017]	C54:9 TAG [MT_M001]	-0.3457843454106763	1.4184829656000387e-07	1.0911407427692605e-06
Enterobacter [MB_G086]	C52:6 TAG [MT_M016]	-0.3427662623431402	1.849184795133138e-07	1.4115914466665176e-06
Longicatena [MB_G128]	5alpha-cholestanol [MT_M023]	-0.3421056050099533	1.958963162230619e-07	1.4840630016898629e-06
Haemophilus_D [MB_G055]	carnosol [MT_M010]	-0.3417975577101861	2.0122630566051433e-07	1.5129797418083784e-06
Klebsiella [MB_G017]	C52:6 TAG [MT_M016]	-0.34089343876095174	2.1768566391888075e-07	1.6245198799916472e-06
Enterobacter [MB_G086]	deoxycholic acid [MT_M015]	-0.3393019956446291	2.498446287601133e-07	1.850700953778617e-06
Limosilactobacillus [MB_G072]	C52:6 TAG [MT_M016]	-0.3377336492299772	2.859665722161597e-07	2.1026953839423505e-06
Lacticaseibacillus [MB_G193]	creatinine [MT_M005]	0.3355963760179079	3.433323995938669e-07	2.506075909444284e-06
Lactobacillus [MB_G050]	C3-DC-CH3 carnitine [MT_M022]	0.3346553376047039	3.719502844399754e-07	2.6952919162317056e-06
Acidaminococcus [MB_G048]	C3-DC-CH3 carnitine [MT_M022]	0.3336057934012867	4.0656312208002445e-07	2.924914547338305e-06
Ruminococcus_B [MB_G011]	C2 carnitine [MT_M004]	0.33035581609719666	5.344185876332142e-07	3.8172756259515296e-06
Citrobacter [MB_G134]	glycoursodeoxycholic acid [MT_M019]	0.3301382642515025	5.442294706262948e-07	3.859783479619112e-06
Lacticaseibacillus [MB_G193]	C4 carnitine [MT_M020]	0.3279926451776225	6.506907009772294e-07	4.582328880121335e-06
Enterobacter [MB_G086]	taurochenodesoxycholic acid [MT_M007]	0.3251876700258298	8.202013138005212e-07	5.735673523080569e-06
Fusobacterium [MB_G124]	C34:1 PC plasmalogen-A [MT_M037]	0.3240943902868633	8.970928485065516e-07	6.229811447962164e-06
Anaeroglobus [MB_G130]	taurochenodesoxycholic acid [MT_M007]	0.3227693618584215	9.995392488488663e-07	6.893374129992182e-06
Anaeroglobus [MB_G130]	C20:4 carnitine [MT_M009]	-0.322137230565707	1.052266334034869e-06	7.2073036577730764e-06
Enterococcus_B [MB_G054]	alpha-muricholate [MT_M002]	0.3207340589720139	1.1789692320902122e-06	8.020198857756546e-06
Acidaminococcus [MB_G048]	creatine [MT_M028]	0.32027079455177687	1.2239109284124666e-06	8.26966843521937e-06
Ruminococcus_B [MB_G011]	3-methylxanthine [MT_M033]	0.3188620131814217	1.37085474816755e-06	9.200367437366107e-06
Klebsiella [MB_G017]	taurochenodesoxycholic acid [MT_M007]	0.31865174776521	1.3941820370738108e-06	9.294546913825405e-06
Lactobacillus [MB_G050]	C2 carnitine [MT_M004]	0.31852457791639516	1.4084739860585118e-06	9.327642291778224e-06
Klebsiella [MB_G017]	C54:8 TAG [MT_M024]	-0.3180938711475427	1.457925444768162e-06	9.591614768211591e-06
Lactobacillus [MB_G050]	glycoursodeoxycholic acid [MT_M019]	0.3177707889667137	1.4961036902899788e-06	9.778455492091365e-06
Enterobacter [MB_G086]	N-methylproline [MT_M025]	-0.31541400412983445	1.8049235229768715e-06	1.1720282616732932e-05
Citrobacter [MB_G134]	alpha-muricholate [MT_M002]	0.3145980101405063	1.9253684212672274e-06	1.2421731750111144e-05
Enterobacter [MB_G086]	C54:8 TAG [MT_M024]	-0.31376452905503815	2.0562902418395255e-06	1.3181347704099523e-05
Enterococcus_B [MB_G054]	taurochenodesoxycholic acid [MT_M007]	0.31243243481192184	2.283322780604788e-06	1.4543457201304383e-05
Enterobacter [MB_G086]	C54:9 TAG [MT_M001]	-0.3120494847242482	2.3528917202987756e-06	1.4891719748726427e-05
Pediococcus [MB_G103]	taurochenodesoxycholic acid [MT_M007]	0.3115853214958706	2.4399250392849004e-06	1.534544049864717e-05
Ruminococcus_B [MB_G011]	C20:4 carnitine [MT_M009]	-0.31143799572073455	2.468185265965079e-06	1.5426157912281742e-05
Limosilactobacillus [MB_G072]	taurochenodesoxycholic acid [MT_M007]	0.30944637448199014	2.882199019942824e-06	1.7901857266725614e-05
Escherichia [MB_G008]	deoxycholic acid [MT_M015]	-0.3091262153814119	2.954638743500096e-06	1.823851076234627e-05
Fusobacterium [MB_G124]	N-methylproline [MT_M025]	-0.3073570679969006	3.387254069118189e-06	2.0726854635180297e-05
Haemophilus_D [MB_G055]	C54:9 TAG [MT_M001]	-0.3073113190768896	3.399204160169569e-06	2.0726854635180297e-05
Citrobacter [MB_G134]	deoxycholic acid [MT_M015]	-0.30687895092408773	3.514143443771344e-06	2.129783905315966e-05
Klebsiella [MB_G017]	C34:1 PC plasmalogen-A [MT_M037]	0.3061891688536891	3.705207833848421e-06	2.23205291195688e-05
Haemophilus_D [MB_G055]	C20:4 carnitine [MT_M009]	-0.3058573579703213	3.8006016085816825e-06	2.2758093464560972e-05
Lactobacillus [MB_G050]	C52:6 TAG [MT_M016]	-0.3038183112855002	4.440160258057376e-06	2.642952534557962e-05
Enterobacter [MB_G086]	alpha-muricholate [MT_M002]	0.30297121858736836	4.734899120960842e-06	2.8017154561898473e-05
Ruminococcus_B [MB_G011]	C54:9 TAG [MT_M001]	-0.3013094113474024	5.36802643130074e-06	3.157662606647494e-05
Haemophilus_D [MB_G055]	deoxycholic acid [MT_M015]	-0.3011244211752927	5.443286904340756e-06	3.17964473215331e-05
Limosilactobacillus [MB_G072]	C34:1 PC plasmalogen-A [MT_M037]	0.3010015049391229	5.493847089092558e-06	3.17964473215331e-05
Escherichia [MB_G008]	C2 carnitine [MT_M004]	0.30098472131320836	5.5007853866252256e-06	3.17964473215331e-05
Enterobacter [MB_G086]	glycoursodeoxycholic acid [MT_M019]	0.2996129624058436	6.096906388044749e-06	3.503969188531465e-05
Klebsiella [MB_G017]	glycodeoxycholic acid [MT_M018]	-0.2992688445467429	6.255808310930618e-06	3.572811212845929e-05
Haemophilus_D [MB_G055]	N-methylproline [MT_M025]	-0.2991998287004711	6.288147734608834e-06	3.572811212845929e-05
Limosilactobacillus [MB_G072]	C54:8 TAG [MT_M024]	-0.29814664454368245	6.801791835379191e-06	3.842820245976944e-05
Pediococcus [MB_G103]	glycoursodeoxycholic acid [MT_M019]	0.2968706438435702	7.477553695389024e-06	4.2008728625781036e-05
Fusobacterium [MB_G124]	C54:8 TAG [MT_M024]	-0.2956831259708573	8.163333782394425e-06	4.560521666142137e-05
Ruminococcus_B [MB_G011]	atenolol [MT_M006]	0.29401336747457807	9.229225692134506e-06	5.111411476920544e-05
Lactobacillus [MB_G050]	creatine [MT_M028]	0.29398023643809634	9.251654773226185e-06	5.111411476920544e-05
Lacticaseibacillus [MB_G193]	carnosol [MT_M010]	-0.2937723083529877	9.393603268168587e-06	5.161320477015708e-05
Acidaminococcus [MB_G048]	C4 carnitine [MT_M020]	0.2932644446879966	9.749049254140533e-06	5.327349319202477e-05
Lactobacillus [MB_G050]	taurochenodesoxycholic acid [MT_M007]	0.2915119527914645	1.1076092945601137e-05	6.0196157313049656e-05
Haemophilus_D [MB_G055]	C52:6 TAG [MT_M016]	-0.2906571353667479	1.178388887334598e-05	6.369669661268097e-05
Citrobacter [MB_G134]	C52:6 TAG [MT_M016]	-0.2901752293288575	1.2201593745835334e-05	6.559996637545879e-05
Klebsiella [MB_G017]	N-methylproline [MT_M025]	-0.2898243004182111	1.2514559323653557e-05	6.69227771318372e-05
Pediococcus [MB_G103]	C54:9 TAG [MT_M001]	-0.289539151149718	1.277444757526095e-05	6.794918923011143e-05
Ruminococcus_B [MB_G011]	C52:6 TAG [MT_M016]	-0.2888023903229093	1.3469821338685687e-05	7.126889597188194e-05
Limosilactobacillus [MB_G072]	alpha-muricholate [MT_M002]	0.28848849623500966	1.3776846279808887e-05	7.250971726215204e-05
Enterobacter [MB_G086]	C34:1 PC plasmalogen-A [MT_M037]	0.2882873551261737	1.3977057940457938e-05	7.317831382438711e-05
Anaeroglobus [MB_G130]	C52:6 TAG [MT_M016]	-0.287799031444488	1.4474653666393048e-05	7.538882117913045e-05
Anaeroglobus [MB_G130]	deoxycholic acid [MT_M015]	-0.2876475965109584	1.4632341152706223e-05	7.581523913319287e-05
Limosilactobacillus [MB_G072]	C54:9 TAG [MT_M001]	-0.28593407538386534	1.653374088746829e-05	8.522546849210459e-05
Acidaminococcus [MB_G048]	creatinine [MT_M005]	0.28522226395721634	1.7390424106126077e-05	8.918166208269783e-05
Pediococcus [MB_G103]	alpha-muricholate [MT_M002]	0.2848783921238082	1.781917156327604e-05	9.091414062895938e-05
Klebsiella [MB_G017]	glycoursodeoxycholic acid [MT_M019]	0.28446331755206355	1.8350020541282812e-05	9.275680281032259e-05
Scatacola_A [MB_G116]	C2 carnitine [MT_M004]	0.2844511179573196	1.8365846956443873e-05	9.275680281032259e-05
Scatacola_A [MB_G116]	hydrocinnamic acid [MT_M011]	-0.28325189858695865	1.9986194496736735e-05	0.00010043313817455645
Haemophilus_D [MB_G055]	C42:0 TAG [MT_M014]	-0.28228865016972415	2.138466106991168e-05	0.00010692330534955839
Haemophilus_D [MB_G055]	alpha-muricholate [MT_M002]	0.2817793433758488	2.2160977169014122e-05	0.00011025361775628916
Anaeroglobus [MB_G130]	C54:9 TAG [MT_M001]	-0.279722892890549	2.5574827792773614e-05	0.0001266080583800674
Citrobacter [MB_G134]	C54:9 TAG [MT_M001]	-0.2787482043496209	2.736108433703779e-05	0.0001347836666849152
Haemophilus_D [MB_G055]	C42:0 TAG [MT_M012]	-0.27855794423658525	2.7723233231061324e-05	0.00013589820211304572
Haemophilus_D [MB_G055]	C20:5 LPC [MT_M035]	0.27830481849925726	2.821206300625115e-05	0.00013761981954268855
Pediococcus [MB_G103]	C52:6 TAG [MT_M016]	-0.27789764197195826	2.9015501787779018e-05	0.00014079127123053925
Klebsiella [MB_G017]	alpha-muricholate [MT_M002]	0.2778336123980592	2.9143793144721625e-05	0.00014079127123053925
Citrobacter [MB_G134]	N-methylproline [MT_M025]	-0.2763746604950845	3.22162383666029e-05	0.00015488576137789859
Longicatena [MB_G128]	carnosol [MT_M010]	-0.2762274909952484	3.254258891260606e-05	0.00015570616704596203
Haemophilus_D [MB_G055]	atenolol [MT_M006]	0.2755268167343451	3.4139574211212886e-05	0.00016256940100577565
Anaeroglobus [MB_G130]	3-methylxanthine [MT_M033]	0.275036572699843	3.5300589545605846e-05	0.00016730137225405616
Longicatena [MB_G128]	C56:5 TAG [MT_M040]	0.2742801667295092	3.7165237660153656e-05	0.00017530772481204554
Scatacola_A [MB_G116]	C3-DC-CH3 carnitine [MT_M022]	0.27312360498913646	4.019678163260934e-05	0.00018871728466013775
Haemophilus_D [MB_G055]	glycoursodeoxycholic acid [MT_M019]	0.27270271616957564	4.135672375703383e-05	0.00019325571849081232
Ruminococcus_B [MB_G011]	deoxycholic acid [MT_M015]	-0.2696525756533379	5.0754691022303874e-05	0.00023606833033629708
Enterococcus_B [MB_G054]	glycoursodeoxycholic acid [MT_M019]	0.2695806744432921	5.099877688951712e-05	0.00023610544856257927
Akkermansia [MB_G015]	C56:3 TAG [MT_M030]	-0.2693849421620884	5.1668846416425244e-05	0.00023810528302500112
Haemophilus_D [MB_G055]	C54:8 TAG [MT_M024]	-0.26853480170310345	5.4676529797319496e-05	0.00025080976971247475
Lactobacillus [MB_G050]	C54:8 TAG [MT_M024]	-0.2684631910693775	5.49372615841021e-05	0.0002508550757264936
Lactobacillus [MB_G050]	alpha-muricholate [MT_M002]	0.26793064555801976	5.691325632381088e-05	0.00025869661965368583
Lacticaseibacillus [MB_G193]	taurochenodesoxycholic acid [MT_M007]	0.2672176910219368	5.9663459958544825e-05	0.00026997040705223905
Enterococcus_B [MB_G054]	p-hydroxyphenylacetate [MT_M039]	0.2657130691380153	6.588287028263314e-05	0.00029676968595780694
Enterobacter [MB_G086]	C56:2 TAG [MT_M026]	-0.2643672706909545	7.195723760019184e-05	0.00032267819551655533
Enterococcus_B [MB_G054]	C34:1 PC plasmalogen-A [MT_M037]	0.26415057594495706	7.298315639329091e-05	0.00032505619673455464
Escherichia [MB_G008]	taurochenodesoxycholic acid [MT_M007]	0.26411819313269375	7.31376442652748e-05	0.00032505619673455464
Anaeroglobus [MB_G130]	glycoursodeoxycholic acid [MT_M019]	0.2631561228603036	7.786997054087971e-05	0.00034455739177380405
Escherichia [MB_G008]	C52:6 TAG [MT_M016]	-0.26174333804764494	8.534285546866314e-05	0.00037595971572098295
Fusobacterium [MB_G124]	glycodeoxycholic acid [MT_M018]	-0.260571915635504	9.204407801231135e-05	0.0004037020965452252
Acidaminococcus [MB_G048]	taurochenodesoxycholic acid [MT_M007]	0.2602635735799752	9.388831151549488e-05	0.0004099926267052178
Acidaminococcus [MB_G048]	C20:4 carnitine [MT_M009]	-0.26015035323717955	9.457415314531538e-05	0.0004110921408376962
Pediococcus [MB_G103]	glycodeoxycholic acid [MT_M018]	-0.2600866203097638	9.496228453350783e-05	0.0004110921408376962
Akkermansia [MB_G015]	C56:1 TAG [MT_M017]	-0.2587663935395203	0.00010334628973169074	0.00044411692287512396
Akkermansia [MB_G015]	ethyl glucuronide [MT_M029]	-0.2587462775625203	0.00010347924302990389	0.00044411692287512396
Fusobacterium [MB_G124]	imidazole propionate [MT_M034]	0.2582434549409316	0.00010685511658288413	0.00045664579736275264
Scatacola_A [MB_G116]	4-hydroxystyrene [MT_M003]	-0.2580431963135573	0.00010822813874259084	0.0004594932661453613
Escherichia [MB_G008]	alpha-muricholate [MT_M002]	0.2580124485912614	0.00010844041081030526	0.0004594932661453613
Enterobacter [MB_G086]	glycodeoxycholic acid [MT_M018]	-0.2577076551115548	0.00011056580737506785	0.0004665223939876281
Longicatena [MB_G128]	creatinine [MT_M005]	0.2567223524242104	0.00011770660455172133	0.0004945655653433669
Anaeroglobus [MB_G130]	atenolol [MT_M006]	0.2562217611412078	0.00012149785320606296	0.00050835921843541
Lacticaseibacillus [MB_G193]	glycodeoxycholic acid [MT_M018]	-0.2556544825795769	0.00012593223987594613	0.0005247176661497756
Longicatena [MB_G128]	imidazole propionate [MT_M034]	0.2548444174004464	0.00013252766237117802	0.0005499073127434773
Lacticaseibacillus [MB_G193]	C20:4 carnitine [MT_M009]	-0.25243122413827795	0.00015414193243151451	0.0006369501340145228
Acidaminococcus [MB_G048]	deoxycholic acid [MT_M015]	-0.25214104348789	0.00015695225499184244	0.0006458940534643722
Escherichia [MB_G008]	C54:8 TAG [MT_M024]	-0.25153545221041984	0.0001629721949186338	0.0006657184577217375
Acidaminococcus [MB_G048]	alpha-muricholate [MT_M002]	0.2515227223726095	0.0001631010221418257	0.0006657184577217375
Enterococcus_B [MB_G054]	N-methylproline [MT_M025]	-0.25120983647602185	0.00016629752941616223	0.0006760062171388708
Ruminococcus_B [MB_G011]	p-hydroxyphenylacetate [MT_M039]	0.2499706137119976	0.0001795415079978011	0.0007268886963473729
Citrobacter [MB_G134]	C54:8 TAG [MT_M024]	-0.2495106192520734	0.00018470349790007155	0.0007447721689519014
CAG-417 [MB_G202]	creatine [MT_M028]	0.24893590464940288	0.00019134757507962264	0.0007684641569462757
Pediococcus [MB_G103]	C54:8 TAG [MT_M024]	-0.24870203934055327	0.00019411452764566225	0.000776458110582649
Scatacola_A [MB_G116]	creatine [MT_M028]	0.24671459591989053	0.00021918175708601838	0.0008732340919761688
Citrobacter [MB_G134]	C34:1 PC plasmalogen-A [MT_M037]	0.24652365047391744	0.00022174273734976992	0.0008799314974197219
Lacticaseibacillus [MB_G193]	C56:2 TAG [MT_M026]	-0.24632701941135496	0.00022440910864307957	0.000886992524280947
CAG-417 [MB_G202]	N-methylproline [MT_M025]	-0.24553312822289727	0.0002354813616855963	0.0009270919751401429
Acidaminococcus [MB_G048]	carnosol [MT_M010]	-0.24532669423992884	0.00023844273046069907	0.0009350695312184277
Acidaminococcus [MB_G048]	C52:6 TAG [MT_M016]	-0.245130291212702	0.00024129238037442807	0.0009425483608376097
Scatacola_A [MB_G116]	C20:4 carnitine [MT_M009]	-0.24470870598811095	0.0002475167255185282	0.000963100099293884
Longicatena [MB_G128]	creatine [MT_M028]	0.24330430661725003	0.00026934705965270283	0.0010439808513670653
Enterococcus_B [MB_G054]	C52:6 TAG [MT_M016]	-0.24256539858430506	0.0002815398669799726	0.0010870265134361875
Anaeroglobus [MB_G130]	glycodeoxycholic acid [MT_M018]	-0.24196440325065346	0.0002918336446176026	0.001122437094683087
Longicatena [MB_G128]	deoxycholic acid [MT_M015]	-0.24106926513846536	0.0003078161714323585	0.0011793723043385385
Akkermansia [MB_G015]	C56:2 TAG [MT_M026]	-0.24057806476523172	0.000316928637809327	0.0012096512893485763
Escherichia [MB_G008]	C54:9 TAG [MT_M001]	-0.24005202868202738	0.0003269650317321834	0.0012432130484113437
Enterobacter [MB_G086]	C56:1 TAG [MT_M017]	-0.23933564880545555	0.00034110857299572385	0.0012920779280141054
Scatacola_A [MB_G116]	C4 carnitine [MT_M020]	0.23801219388783335	0.00036874345856931505	0.00139148474931817
Pediococcus [MB_G103]	N-methylproline [MT_M025]	-0.237203457645402	0.0003866391560080062	0.0014535306616842336
Escherichia [MB_G008]	glycoursodeoxycholic acid [MT_M019]	0.23651173976885226	0.0004025815430667515	0.0015077960414485074
Lactobacillus [MB_G050]	C56:2 TAG [MT_M026]	-0.2364350705551967	0.0004043856322454437	0.0015089016128561332
Longicatena [MB_G128]	C56:3 TAG [MT_M030]	0.23550238044638092	0.00042694153394420685	0.0015871432488632224
Escherichia [MB_G008]	C56:2 TAG [MT_M026]	-0.23395446546839282	0.00046696643453235235	0.0017295053130827864
Haemophilus_D [MB_G055]	C34:1 PC plasmalogen-A [MT_M037]	0.2327497042010842	0.0005004943520080565	0.0018468426273360015
Scatocola [MB_G173]	C34:1 PC plasmalogen-A [MT_M037]	0.23219765588436006	0.0005165905019844272	0.0018992297867074525
Acidaminococcus [MB_G048]	glycoursodeoxycholic acid [MT_M019]	0.2315115770259734	0.0005372622433170216	0.0019679935652638153
Fusobacterium [MB_G124]	C42:0 TAG [MT_M012]	-0.23142896840877245	0.0005398022398056647	0.0019700811671739585
Merdimorpha [MB_G184]	creatinine [MT_M005]	-0.23109745173906499	0.0005501076696685846	0.00200039152606758
Phascolarctobacterium [MB_G062]	taurolithocholic acid [MT_M021]	-0.23080180072009052	0.0005594514155861272	0.0020269978825584317
Lacticaseibacillus [MB_G193]	N-methylproline [MT_M025]	-0.22935501685231885	0.0006073290195107178	0.0021925235361397754
Lactobacillus [MB_G050]	C54:9 TAG [MT_M001]	-0.22924836352611744	0.0006110041840914889	0.0021978567773075137
Lacticaseibacillus [MB_G193]	C56:1 TAG [MT_M017]	-0.228291815307511	0.0006448966756471075	0.0023114576188068368
Anaeroglobus [MB_G130]	C34:1 PC plasmalogen-A [MT_M037]	0.2278357926411076	0.0006616583830578938	0.002363065653778192
Lacticaseibacillus [MB_G193]	glycoursodeoxycholic acid [MT_M019]	0.22762951967157385	0.0006693715746888822	0.002382105248003139
Merdimorpha [MB_G184]	taurolithocholic acid [MT_M021]	-0.22744563069400311	0.0006763176662995354	0.002398289596806863
Enterococcus_B [MB_G054]	C54:9 TAG [MT_M001]	-0.2273070799434149	0.000681595074760721	0.002408463161698661
Lactobacillus [MB_G050]	C56:5 TAG [MT_M040]	-0.22481123228236574	0.000783414594367067	0.0027585020928417854
Acidaminococcus [MB_G048]	atenolol [MT_M006]	0.22429055437964968	0.0008063499796420113	0.002829298174182496
Escherichia [MB_G008]	N-methylproline [MT_M025]	-0.22331541400767033	0.0008509765087307192	0.002975442338219298
Limosilactobacillus [MB_G072]	glycodeoxycholic acid [MT_M018]	-0.22300960493339672	0.000865433338255539	0.0030154471716220873
Limosilactobacillus [MB_G072]	atenolol [MT_M006]	0.2228795852582187	0.0008716481352655276	0.0030265560252275264
Acidaminococcus [MB_G048]	glycodeoxycholic acid [MT_M018]	-0.22243154919574346	0.0008933798918520128	0.003091279902602121
Anaeroglobus [MB_G130]	C54:8 TAG [MT_M024]	-0.22223824506762896	0.000902909119129222	0.0031134797211352485
Anaeroglobus [MB_G130]	C20:5 LPC [MT_M035]	0.22212790949850156	0.0009083901332285826	0.003121615578105095
Lactobacillus [MB_G050]	3-methylxanthine [MT_M033]	0.2215372059958926	0.000938258209270548	0.0032132130454470826
Fusobacterium [MB_G124]	C20:5 LPC [MT_M035]	0.21977969691105267	0.0010325490131689779	0.0035240580654231327
Lactobacillus [MB_G050]	C56:6 TAG [MT_M031]	-0.2184820320381602	0.0011076745459419341	0.0037676004964011366
Acidaminococcus [MB_G048]	C54:9 TAG [MT_M001]	-0.2183001715996073	0.0011185950046308664	0.0037701979452383055
Enterococcus_B [MB_G054]	C54:8 TAG [MT_M024]	-0.2182878190842887	0.0011193403288862283	0.0037701979452383055
Ruminococcus_B [MB_G011]	C54:8 TAG [MT_M024]	-0.2182810527251965	0.0011197487897357766	0.0037701979452383055
Scatacola_A [MB_G116]	5alpha-cholestanol [MT_M023]	-0.2180650759553406	0.0011328586554733542	0.0038015391123266923
Escherichia [MB_G008]	C34:1 PC plasmalogen-A [MT_M037]	0.2144389657945139	0.0013750865388526114	0.004598951634958567
Merdimorpha [MB_G184]	4-hydroxystyrene [MT_M003]	-0.2136314402212303	0.0014351159088379587	0.004783719696126529
Citrobacter [MB_G134]	C56:2 TAG [MT_M026]	-0.21258266449987384	0.0015166596323303349	0.005038736320034335
CAG-417 [MB_G202]	C2 carnitine [MT_M004]	0.21158228280099084	0.0015983686327634837	0.005292611366766503
Scatacola_A [MB_G116]	glycodeoxycholic acid [MT_M018]	-0.21099939403972792	0.001647813681175403	0.005438328980776908
Scatacola_A [MB_G116]	glycoursodeoxycholic acid [MT_M019]	0.2107184603208717	0.0016721403243346296	0.005500461593206019
Anaeroglobus [MB_G130]	C42:0 TAG [MT_M012]	-0.21050092780694935	0.001691201832616756	0.0055449240413664135
Citrobacter [MB_G134]	C42:0 TAG [MT_M012]	-0.21031213773716734	0.0017079054181203428	0.00555869818594154
Fusobacterium [MB_G124]	C56:2 TAG [MT_M026]	-0.21030407411304175	0.001708622207776915	0.00555869818594154
Citrobacter [MB_G134]	glycodeoxycholic acid [MT_M018]	-0.21026522931617217	0.0017120790412699942	0.00555869818594154
Pediococcus [MB_G103]	C56:2 TAG [MT_M026]	-0.20998807346504123	0.001736929363011472	0.005621130624632595
Limosilactobacillus [MB_G072]	3-methylxanthine [MT_M033]	0.20968839848679002	0.0017641690525942743	0.005690867911594433
Haemophilus_D [MB_G055]	C44:0 TAG [MT_M027]	-0.20952036988982112	0.001779612525619784	0.005722226770481621
CAG-417 [MB_G202]	creatinine [MT_M005]	0.20932017435246758	0.0017981735195650467	0.005763376665272586
Limosilactobacillus [MB_G072]	p-hydroxyphenylacetate [MT_M039]	0.20899377034193758	0.0018288150768398794	0.00584285967041495
Lacticaseibacillus [MB_G193]	C54:9 TAG [MT_M001]	-0.2089105563672502	0.0018367027350348775	0.005849371767626998
Ruminococcus_B [MB_G011]	C42:0 TAG [MT_M012]	-0.20783501962410392	0.001941481922752315	0.006163434675404174
Haemophilus_D [MB_G055]	glycodeoxycholic acid [MT_M018]	-0.20727992776692172	0.0019976654577477915	0.0063217261321132645
Akkermansia [MB_G015]	taurolithocholic acid [MT_M021]	-0.20532996377329404	0.0022069771550788596	0.006954692565049309
Citrobacter [MB_G134]	p-hydroxyphenylacetate [MT_M039]	0.20528889850344453	0.0022115922356856802	0.006954692565049309
Enterobacter [MB_G086]	p-hydroxyphenylacetate [MT_M039]	0.2048101759333143	0.0022660448115536963	0.0071035887509520255
Longicatena [MB_G128]	taurochenodesoxycholic acid [MT_M007]	0.20453299873203928	0.0022981273129827305	0.007181647853071032
Lacticaseibacillus [MB_G193]	C52:6 TAG [MT_M016]	-0.2043631872335998	0.0023179860745963926	0.007221140419303404
Phascolarctobacterium [MB_G062]	4-hydroxystyrene [MT_M003]	-0.20373041969509958	0.002393367654222792	0.007432818801934136
Citrobacter [MB_G134]	atenolol [MT_M006]	0.20364710058953947	0.0024034577805444987	0.0074410457601996865
Limosilactobacillus [MB_G072]	C56:6 TAG [MT_M031]	-0.1994050216377435	0.0029712444508092216	0.00915915229107716
Parasutterella [MB_G067]	ethyl glucuronide [MT_M029]	-0.1993677954210848	0.002976724494600077	0.00915915229107716
Phascolarctobacterium [MB_G062]	taurodeoxycholic acid [MT_M013]	-0.19925150789320592	0.0029939021322637144	0.009183748871974583
Limosilactobacillus [MB_G072]	C56:2 TAG [MT_M026]	-0.19729839030033575	0.003296153249468826	0.010079979356173779
Enterococcus_B [MB_G054]	glycodeoxycholic acid [MT_M018]	-0.19720524205353618	0.003311234853359146	0.01009522821146081
Scatacola_A [MB_G116]	deoxycholic acid [MT_M015]	-0.19713039884072317	0.003323397888269505	0.010101513338205182
Longicatena [MB_G128]	C2 carnitine [MT_M004]	0.1970025357504269	0.003344270892205364	0.010129835966208664
Fusobacterium [MB_G124]	C42:0 TAG [MT_M014]	-0.1969494252779854	0.003352975704815068	0.010129835966208664
Escherichia [MB_G008]	C56:1 TAG [MT_M017]	-0.19651964380219245	0.003424174230715334	0.01031377780335944
Haemophilus_D [MB_G055]	imidazole propionate [MT_M034]	0.19588418929433854	0.0035319509251321357	0.010606459234631037
Enterobacter [MB_G086]	C42:0 TAG [MT_M012]	-0.195724798014074	0.003559461046203176	0.010657069000608312
Scatacola_A [MB_G116]	C52:6 TAG [MT_M016]	-0.1944499337202779	0.0037865576667398034	0.011303157214148667
Pediococcus [MB_G103]	p-hydroxyphenylacetate [MT_M039]	0.1943574070879917	0.003803538029314338	0.011320053658673624
Ruminococcus_B [MB_G011]	C56:2 TAG [MT_M026]	-0.1942659126532739	0.0038203965044817326	0.011336488143862707
Fusobacterium [MB_G124]	atenolol [MT_M006]	0.19309338467367573	0.004042491537444179	0.011960034134450234
Bifidobacterium [MB_G007]	p-hydroxyphenylacetate [MT_M039]	0.19130420835854253	0.004403868069525943	0.01299076126703818
Merdimorpha [MB_G184]	C3-DC-CH3 carnitine [MT_M022]	-0.19062214373149866	0.004549114162341285	0.013379747536297898
Pediococcus [MB_G103]	3-methylxanthine [MT_M033]	0.18973069757313224	0.0047454402858366105	0.013879082079349426
Scatacola_A [MB_G116]	C54:8 TAG [MT_M024]	-0.18972532576626125	0.004746646071137504	0.013879082079349426
Scatocola [MB_G173]	C3-DC-CH3 carnitine [MT_M022]	0.18946094588942008	0.004806331616264187	0.01400041693238161
Acidaminococcus [MB_G048]	C42:0 TAG [MT_M012]	-0.18941776670192953	0.004816143424739273	0.01400041693238161
Lacticaseibacillus [MB_G193]	C56:6 TAG [MT_M031]	-0.1891416415940664	0.004879315336673101	0.01414294300484957
CAG-417 [MB_G202]	3-methylxanthine [MT_M033]	-0.18906772050729664	0.004896352843156659	0.01415130879525046
CAG-417 [MB_G202]	saccharin [MT_M008]	-0.18791693633867337	0.005168569339153643	0.014895012504765543
Bifidobacterium [MB_G007]	C20:4 carnitine [MT_M009]	-0.18731512280800056	0.005316269510919215	0.01527663652562993
Acidaminococcus [MB_G048]	C20:5 LPC [MT_M035]	0.18677926979574416	0.005450955474768978	0.015618783595326586
Scatacola_A [MB_G116]	taurodeoxycholic acid [MT_M013]	-0.18614339485595507	0.005614745004489888	0.016042128584256823
Anaeroglobus [MB_G130]	imidazole propionate [MT_M034]	0.18596770013030375	0.005660771495879673	0.016127554119315306
Bifidobacterium [MB_G007]	3-methylxanthine [MT_M033]	0.18561775289445737	0.005753454945923577	0.01630924578871523
Citrobacter [MB_G134]	C56:1 TAG [MT_M017]	-0.18560385475060087	0.005757163763416475	0.01630924578871523
Longicatena [MB_G128]	alpha-muricholate [MT_M002]	0.18490953257573528	0.0059451957397620185	0.01679433824791531
Scatacola_A [MB_G116]	C34:1 PC plasmalogen-A [MT_M037]	0.18441139943113385	0.00608346355466197	0.017136517055385832
Ruminococcus_B [MB_G011]	C56:1 TAG [MT_M017]	-0.18410390552189454	0.0061702443756375715	0.017329898817643703
CAG-417 [MB_G202]	deoxycholic acid [MT_M015]	-0.1840457747938156	0.006186773877898802	0.017329898817643703
Lactobacillus [MB_G050]	C56:1 TAG [MT_M017]	-0.183903836074468	0.006227300719637377	0.01733624992701467
Enterococcus_B [MB_G054]	ethyl glucuronide [MT_M029]	0.18385784227091959	0.006240483856932376	0.01733624992701467
Longicatena [MB_G128]	C56:6 TAG [MT_M031]	0.18385586912821913	0.006241049973725281	0.01733624992701467
Bifidobacterium [MB_G007]	C2 carnitine [MT_M004]	0.18372804291207226	0.006277822729921629	0.017390090664602852
Enterococcus_B [MB_G054]	3-methylxanthine [MT_M033]	0.18364916881917573	0.00630060956294683	0.017404998792670802
Scatacola_A [MB_G116]	C54:9 TAG [MT_M001]	-0.18254540476727008	0.006627335958538065	0.018257123852721942
Merdimorpha [MB_G184]	taurodeoxycholic acid [MT_M013]	-0.18223393767884374	0.006722230350468455	0.018461607868970678
Klebsiella [MB_G017]	imidazole propionate [MT_M034]	0.18218097395788	0.006738486872174297	0.018461607868970678
Enterococcus_B [MB_G054]	atenolol [MT_M006]	0.18183061513523796	0.00684691161692531	0.018707408789413415
Limosilactobacillus [MB_G072]	C20:5 LPC [MT_M035]	0.18118758144399	0.007049967027896581	0.019209719422061528
Lactobacillus [MB_G050]	C20:5 LPC [MT_M035]	0.18054436051182823	0.007258436778459204	0.01972401298494349
Lacticaseibacillus [MB_G193]	C54:8 TAG [MT_M024]	-0.179798513114719	0.007507032559148417	0.020303728406360487
Enterobacter [MB_G086]	imidazole propionate [MT_M034]	0.17978271404867827	0.00751237951035338	0.020303728406360487
Lacticaseibacillus [MB_G193]	C56:3 TAG [MT_M030]	-0.179476265984241	0.007616765186639321	0.020530364384472564
Phascolarctobacterium [MB_G062]	creatine [MT_M028]	0.17883000367119592	0.00784114490392638	0.02107834651593113
Phascolarctobacterium [MB_G062]	p-hydroxyphenylacetate [MT_M039]	-0.17871951326229762	0.007880089911851707	0.021126246412471066
Lactobacillus [MB_G050]	C34:1 PC plasmalogen-A [MT_M037]	0.17856945603007982	0.00793325669712005	0.021211916302460027
Phascolarctobacterium [MB_G062]	C42:0 TAG [MT_M014]	-0.17754549014954413	0.008304653015902984	0.022145741375741292
CAG-417 [MB_G202]	C34:1 PC plasmalogen-A [MT_M037]	0.17729270230991945	0.00839868495756853	0.022300291529462352
Merdimorpha [MB_G184]	5alpha-cholestanol [MT_M023]	0.1772699090075968	0.008407209906607307	0.022300291529462352
Bifidobacterium [MB_G007]	C34:1 PC plasmalogen-A [MT_M037]	0.1752753405599152	0.009183625262680697	0.02429530492772671
Ruminococcus_B [MB_G011]	C34:1 PC plasmalogen-A [MT_M037]	0.17514811954865367	0.009235238081202466	0.02436738280000651
Merdimorpha [MB_G184]	alpha-muricholate [MT_M002]	-0.17507876781792	0.009263481800835856	0.02437758368641015
Enterobacter [MB_G086]	C56:3 TAG [MT_M030]	-0.17467286782756902	0.009430326107547678	0.024751512093300992
Merdimorpha [MB_G184]	carnosol [MT_M010]	0.1741585993128017	0.009645534550597709	0.02525009044659086
Anaeroglobus [MB_G130]	p-hydroxyphenylacetate [MT_M039]	0.1737406854933754	0.009823611647715875	0.02564911657367069
Lactobacillus [MB_G050]	atenolol [MT_M006]	0.17255105430289241	0.010346553680925399	0.026944150210743225
Fusobacterium [MB_G124]	C56:1 TAG [MT_M017]	-0.17219920177302325	0.010505865410789466	0.027287962105946664
Lacticaseibacillus [MB_G193]	C56:5 TAG [MT_M040]	-0.1721062233820322	0.010548324493036053	0.027327265526000136
Lactobacillus [MB_G050]	p-hydroxyphenylacetate [MT_M039]	0.1720360488091809	0.010580470391082418	0.027339716772822785
CAG-417 [MB_G202]	taurochenodesoxycholic acid [MT_M007]	0.17156273895607788	0.010799555363410733	0.027833905575800857
Enterobacter [MB_G086]	atenolol [MT_M006]	0.17134114233282893	0.01090349710591801	0.02802955554220568
Scatacola_A [MB_G116]	taurochenodesoxycholic acid [MT_M007]	0.17106271070956125	0.011035348800752813	0.028295766155776444
Pediococcus [MB_G103]	C34:1 PC plasmalogen-A [MT_M037]	0.1707283253092017	0.011195555222301567	0.02863313356087357
Citrobacter [MB_G134]	imidazole propionate [MT_M034]	0.17016826137696775	0.011468484189069155	0.02925633721701315
Lacticaseibacillus [MB_G193]	atenolol [MT_M006]	0.16988258571995	0.01160994455410801	0.029541843649129797
Anaeroglobus [MB_G130]	N-methylproline [MT_M025]	-0.16954615636292672	0.011778506689239115	0.02989468702852567
Klebsiella [MB_G017]	C56:2 TAG [MT_M026]	-0.16921947557800632	0.011944243517470851	0.03023859118347051
Bifidobacterium [MB_G007]	deoxycholic acid [MT_M015]	-0.16812558536344374	0.012514257904798803	0.03160166137575455
Acidaminococcus [MB_G048]	C54:8 TAG [MT_M024]	-0.16785870863324176	0.01265690274903307	0.03188136712602788
Klebsiella [MB_G017]	C42:0 TAG [MT_M012]	-0.1675854577403862	0.01280443359001016	0.03217194369349286
Lacticaseibacillus [MB_G193]	alpha-muricholate [MT_M002]	0.16734524791720579	0.012935371221232481	0.03241947674494356
Bifidobacterium [MB_G007]	alpha-muricholate [MT_M002]	0.16664748248196262	0.0133224157732606	0.033306039433151496
Acidaminococcus [MB_G048]	C56:1 TAG [MT_M017]	-0.16649550764038915	0.013408050746827441	0.03343653552824798
Merdimorpha [MB_G184]	imidazole propionate [MT_M034]	-0.16603329163690142	0.013671476993363792	0.03400864923722336
Phascolarctobacterium [MB_G062]	C44:0 TAG [MT_M027]	-0.16552632171570036	0.013965619740534183	0.03465414327675976
Pediococcus [MB_G103]	C56:1 TAG [MT_M017]	-0.16543342468805058	0.014020115705564882	0.034703256696942776
Lacticaseibacillus [MB_G193]	C34:1 PC plasmalogen-A [MT_M037]	0.16519421131932513	0.014161303724485694	0.034966182035767145
Pediococcus [MB_G103]	atenolol [MT_M006]	0.16484663943747324	0.01436866688167158	0.0353908051272699
Bifidobacterium [MB_G007]	imidazole propionate [MT_M034]	0.1634130123658046	0.015252343957475004	0.03747504657856267
Escherichia [MB_G008]	glycodeoxycholic acid [MT_M018]	-0.16292122005538026	0.015566242203498833	0.03815255442034028
Merdimorpha [MB_G184]	atenolol [MT_M006]	-0.16251604204381107	0.01582908354960933	0.038678703646686664
Scatocola [MB_G173]	glycoursodeoxycholic acid [MT_M019]	0.16247141578785348	0.01585826849514153	0.038678703646686664
Scatacola_A [MB_G116]	C56:6 TAG [MT_M031]	-0.16218236906723832	0.016048441434834516	0.03904730276115454
Scatacola_A [MB_G116]	N-methylproline [MT_M025]	-0.16202792710809366	0.016150867460622442	0.03920113461316127
Bifidobacterium [MB_G007]	atenolol [MT_M006]	0.16184148935253675	0.016275272906433998	0.03939078892591896
Fusobacterium [MB_G124]	3-methylxanthine [MT_M033]	0.16179296836234505	0.01630778661533045	0.03939078892591896
Klebsiella [MB_G017]	taurodeoxycholic acid [MT_M013]	-0.1606847185283129	0.017066008861828765	0.04112291292006932
Ruminococcus_B [MB_G011]	4-hydroxystyrene [MT_M003]	0.1605554307090494	0.017156432731081004	0.04124142483432934
Phascolarctobacterium [MB_G062]	C56:7 TAG [MT_M038]	0.16038772345865143	0.017274348837913747	0.041425296973414266
Phascolarctobacterium [MB_G062]	ethyl glucuronide [MT_M029]	-0.16015927152985257	0.017436110341907323	0.041656254046004884
CAG-417 [MB_G202]	C4 carnitine [MT_M020]	0.16013416139737022	0.017453970445276044	0.041656254046004884
Fusobacterium [MB_G124]	C44:1 TAG [MT_M032]	-0.15979970351180314	0.01769338404252623	0.04212710486315769
Escherichia [MB_G008]	C56:3 TAG [MT_M030]	-0.15935442518497117	0.01801655837015051	0.042794675463540405
Haemophilus_D [MB_G055]	C46:1 TAG [MT_M036]	-0.15916381603486732	0.018156460644697177	0.04302478825757625
Lactobacillus [MB_G050]	C56:3 TAG [MT_M030]	-0.15885604443726015	0.018384351660213048	0.04346182425582281
Fusobacterium [MB_G124]	p-hydroxyphenylacetate [MT_M039]	0.15828930695474508	0.018810505535594713	0.04436439984810074
Limosilactobacillus [MB_G072]	N-methylproline [MT_M025]	-0.1580124195627526	0.019021810980006278	0.04475720230589712
Haemophilus_D [MB_G055]	p-hydroxyphenylacetate [MT_M039]	0.157837713880915	0.019156194781365286	0.04496759338348659
Escherichia [MB_G008]	C42:0 TAG [MT_M012]	-0.15769141510238338	0.019269361237725144	0.04512730969022282
Citrobacter [MB_G134]	C42:0 TAG [MT_M014]	-0.1575237451076241	0.019399772120662444	0.045326570375379543
Ruminococcus_B [MB_G011]	C20:5 LPC [MT_M035]	0.15711013406845803	0.01972475118966299	0.04597844100154543
Longicatena [MB_G128]	C20:4 carnitine [MT_M009]	-0.1566837477872606	0.020064699726484145	0.046662092387172435
Akkermansia [MB_G015]	4-hydroxystyrene [MT_M003]	-0.1565347903343304	0.020184651325633345	0.04674876500548277
Longicatena [MB_G128]	C42:0 TAG [MT_M012]	-0.15652139766354325	0.020195466482368557	0.04674876500548277
Enterobacter [MB_G086]	C42:0 TAG [MT_M014]	-0.1559232904571082	0.020683611007361644	0.04768724823827587
Enterococcus_B [MB_G054]	C56:2 TAG [MT_M026]	-0.15590794828098561	0.02069626573541173	0.04768724823827587
Limosilactobacillus [MB_G072]	C56:5 TAG [MT_M040]	-0.15547210087883656	0.021058577804872955	0.04841052368936311
Limosilactobacillus [MB_G072]	C56:1 TAG [MT_M017]	-0.15496236143673855	0.02148926614369041	0.0492873076690147
Lactobacillus [MB_G050]	glycodeoxycholic acid [MT_M018]	-0.1547164484992175	0.02169975194209186	0.04965618293384865
Escherichia [MB_G008]	p-hydroxyphenylacetate [MT_M039]	0.15431483574676905	0.022047338958423948	0.050251063369954316
Merdimorpha [MB_G184]	ethyl glucuronide [MT_M029]	-0.15430006164532672	0.022060216819409943	0.050251063369954316
Pediococcus [MB_G103]	imidazole propionate [MT_M034]	0.1541298982341812	0.02220900897859704	0.05047502040590236
Longicatena [MB_G128]	glycoursodeoxycholic acid [MT_M019]	0.15370134780948058	0.022587582323552912	0.051219007536401163
Ruminococcus_B [MB_G011]	N-methylproline [MT_M025]	-0.15350553921646606	0.022762401576291925	0.051498646100207976
Enterococcus_B [MB_G054]	C42:0 TAG [MT_M012]	-0.15316285839665678	0.023071159642013974	0.05207936713772906
Akkermansia [MB_G015]	C46:1 TAG [MT_M036]	-0.1523797148341363	0.023790366674151693	0.053564771313112686
Anaeroglobus [MB_G130]	C56:2 TAG [MT_M026]	-0.1523303695161229	0.023836323234335145	0.053564771313112686
Longicatena [MB_G128]	C56:2 TAG [MT_M026]	0.15144218198049295	0.02467668596884398	0.05532889230682507
Scatocola [MB_G173]	C2 carnitine [MT_M004]	0.15102538737674429	0.025079745388542716	0.05610681294975999
Anaeroglobus [MB_G130]	4-hydroxystyrene [MT_M003]	0.15093549361616346	0.025167414972784026	0.05617726556425005
Acidaminococcus [MB_G048]	C44:0 TAG [MT_M027]	-0.1500787359968403	0.02601627827554226	0.05790740868923172
Merdimorpha [MB_G184]	hydrocinnamic acid [MT_M011]	0.1500369167947165	0.026058333910154274	0.05790740868923172
Acidaminococcus [MB_G048]	imidazole propionate [MT_M034]	0.14949228567479908	0.026611395990099988	0.05900531261662968
Citrobacter [MB_G134]	C20:5 LPC [MT_M035]	0.14939262334516204	0.026713683468870028	0.059101069621393866
Longicatena [MB_G128]	ethyl glucuronide [MT_M029]	0.14930813379243932	0.026800662439817158	0.05916261024242198
Akkermansia [MB_G015]	C56:5 TAG [MT_M040]	-0.14734297349415754	0.028893333132306055	0.06364170293459483
Klebsiella [MB_G017]	p-hydroxyphenylacetate [MT_M039]	0.14713456239265532	0.029123248577436575	0.06400713973062984
Anaeroglobus [MB_G130]	C56:1 TAG [MT_M017]	-0.14701102996901552	0.029260264071095034	0.06416724576994524
Escherichia [MB_G008]	C46:1 TAG [MT_M036]	-0.14632527221444594	0.030030926366865968	0.0657131867983938
Enterobacter [MB_G086]	C20:5 LPC [MT_M035]	0.1462164348769517	0.03015481830199718	0.06584021463318161
Bifidobacterium [MB_G007]	C4 carnitine [MT_M020]	0.1455458171730599	0.030927860890948747	0.06738096054672929
Anaeroglobus [MB_G130]	C44:0 TAG [MT_M027]	-0.14468823764672284	0.031940982347358454	0.06943691814643142
Phascolarctobacterium [MB_G062]	C2 carnitine [MT_M004]	0.14449451630085275	0.03217371128631557	0.06970442337279567
Haemophilus_D [MB_G055]	C56:2 TAG [MT_M026]	-0.14446985339711063	0.0322034435982316	0.06970442337279567
Bifidobacterium [MB_G007]	glycodeoxycholic acid [MT_M018]	-0.14430805154785206	0.032399083956995596	0.06997642323325183
Scatocola [MB_G173]	p-hydroxyphenylacetate [MT_M039]	-0.14406384253017895	0.032696280183257605	0.0704661210846069
Escherichia [MB_G008]	C42:0 TAG [MT_M014]	-0.14389636135219183	0.03290143813533321	0.07075578093620044
Merdimorpha [MB_G184]	C20:4 carnitine [MT_M009]	0.1436799580817936	0.033168143606684714	0.07117627383408737
Acidaminococcus [MB_G048]	N-methylproline [MT_M025]	-0.14342563478606185	0.03348393001366034	0.07170006426907995
Klebsiella [MB_G017]	C42:0 TAG [MT_M014]	-0.1432550322126661	0.03369719100060324	0.07200254487308384
Enterobacter [MB_G086]	taurodeoxycholic acid [MT_M013]	-0.1431211665144123	0.03386533593026687	0.07205795906418876
Anaeroglobus [MB_G130]	C42:0 TAG [MT_M014]	-0.1431196532529809	0.03386724076016871	0.07205795906418876
Haemophilus_D [MB_G055]	C56:1 TAG [MT_M017]	-0.1423488402169847	0.0348494069720906	0.07399024834838769
Phascolarctobacterium [MB_G062]	C42:0 TAG [MT_M012]	-0.14186070638467474	0.035483793289167495	0.07509393325773878
Acidaminococcus [MB_G048]	C56:2 TAG [MT_M026]	-0.14183350513379225	0.03551943043091044	0.07509393325773878
Escherichia [MB_G008]	C44:0 TAG [MT_M027]	-0.14149230354759584	0.03596903040265015	0.07572209757017233
Scatacola_A [MB_G116]	p-hydroxyphenylacetate [MT_M039]	-0.14144923732424933	0.03602611963526672	0.07572209757017233
Klebsiella [MB_G017]	atenolol [MT_M006]	0.1414359730196662	0.036043718443402026	0.07572209757017233
Lactobacillus [MB_G050]	taurolithocholic acid [MT_M021]	0.1413467238055609	0.03616232183914006	0.07581199546989531
Klebsiella [MB_G017]	C44:0 TAG [MT_M027]	-0.14095793514516947	0.03668284528770245	0.07654676317807356
Pediococcus [MB_G103]	C56:6 TAG [MT_M031]	-0.14091956459121768	0.03673455903866685	0.07654676317807356
Enterobacter [MB_G086]	C56:5 TAG [MT_M040]	-0.1409137164012484	0.036742446325475304	0.07654676317807356
Merdimorpha [MB_G184]	C34:1 PC plasmalogen-A [MT_M037]	-0.14081775684010683	0.036872068989187795	0.07665710808562952
Akkermansia [MB_G015]	p-hydroxyphenylacetate [MT_M039]	-0.14025893067407905	0.037634642880130756	0.07808017195047876
Longicatena [MB_G128]	3-methylxanthine [MT_M033]	0.13881202420473623	0.039671245751420656	0.08213508437147134
Scatocola [MB_G173]	creatine [MT_M028]	0.13854553866032868	0.040056292291871895	0.08276093448733862
Merdimorpha [MB_G184]	3-methylxanthine [MT_M033]	-0.1382383483975554	0.04050405497728762	0.08351351541708787
Scatocola [MB_G173]	4-hydroxystyrene [MT_M003]	-0.1380481050217224	0.040783462521722304	0.08391658955086893
Phascolarctobacterium [MB_G062]	C56:6 TAG [MT_M031]	0.13768727005017128	0.041317872746932445	0.08484162781710974
Klebsiella [MB_G017]	3-methylxanthine [MT_M033]	0.13743463706966264	0.04169552713869378	0.08538952271000602
Anaeroglobus [MB_G130]	C46:1 TAG [MT_M036]	-0.13739471080996063	0.041755476605192944	0.08538952271000602
Klebsiella [MB_G017]	4-hydroxystyrene [MT_M003]	-0.13732531905052167	0.04185984106534319	0.08542824707212897
Merdimorpha [MB_G184]	p-hydroxyphenylacetate [MT_M039]	-0.13675866045351653	0.04272032305444283	0.08700676793165546
Haemophilus_D [MB_G055]	C44:1 TAG [MT_M032]	-0.13505284425274452	0.04540076351396428	0.09227797462187862
Citrobacter [MB_G134]	C46:1 TAG [MT_M036]	-0.13469612312874166	0.04597874179044856	0.09326316793194434
Enterococcus_B [MB_G054]	C56:1 TAG [MT_M017]	-0.13406596509352628	0.047014794948508576	0.09496929639776842
Phascolarctobacterium [MB_G062]	3-methylxanthine [MT_M033]	-0.1340621015608468	0.047021206708435855	0.09496929639776842
Enterococcus_B [MB_G054]	imidazole propionate [MT_M034]	0.13401178844134284	0.04710477101329314	0.09496929639776842
Acidaminococcus [MB_G048]	C42:0 TAG [MT_M014]	-0.1330826801275053	0.04867034658333912	0.09792826274313707
Lacticaseibacillus [MB_G193]	C42:0 TAG [MT_M012]	-0.132935866270521	0.04892165820219654	0.09823626145019385
Bifidobacterium [MB_G007]	5alpha-cholestanol [MT_M023]	-0.13259402633105946	0.049511003584401865	0.0992204480649336
Lacticaseibacillus [MB_G193]	p-hydroxyphenylacetate [MT_M039]	0.13185726478861778	0.05080133583852046	0.10160267167704091
Merdimorpha [MB_G184]	C56:7 TAG [MT_M038]	-0.13043581032470655	0.05336989273709937	0.10652673201017838
Bifidobacterium [MB_G007]	C52:6 TAG [MT_M016]	-0.13035191104626184	0.05352480521295227	0.10662311795408819
Phascolarctobacterium [MB_G062]	N-methylproline [MT_M025]	-0.1294316529756493	0.05524858547613681	0.10983814209967557
Limosilactobacillus [MB_G072]	C56:7 TAG [MT_M038]	-0.12819726651884786	0.05763268976181629	0.11435057492423867
Scatacola_A [MB_G116]	C20:5 LPC [MT_M035]	0.1276143486633148	0.05878772070719129	0.11614091324971014
Ruminococcus_B [MB_G011]	taurolithocholic acid [MT_M021]	0.12756778816701234	0.05888079607637153	0.11614091324971014
RUG705 [MB_G156]	N-methylproline [MT_M025]	-0.12756646493536317	0.058883443017603045	0.11614091324971014
Bifidobacterium [MB_G007]	taurodeoxycholic acid [MT_M013]	-0.12749528115783182	0.05902598094865148	0.1161928758831722
Scatacola_A [MB_G116]	C56:5 TAG [MT_M040]	-0.1267955373777042	0.06044234102916765	0.11874723188441581
Escherichia [MB_G008]	C56:5 TAG [MT_M040]	-0.12626390463705106	0.06153702733200798	0.12052805202942873
Acidaminococcus [MB_G048]	C34:1 PC plasmalogen-A [MT_M037]	0.1262384561299127	0.06158983458703808	0.12052805202942873
Citrobacter [MB_G134]	C56:3 TAG [MT_M030]	-0.1260215481174744	0.062041446102002164	0.12103810886763999
RUG705 [MB_G156]	5alpha-cholestanol [MT_M023]	-0.12594485751272236	0.06220176883715194	0.12103810886763999
Ruminococcus_B [MB_G011]	ethyl glucuronide [MT_M029]	0.12592364049492863	0.06224618335956424	0.12103810886763999
Citrobacter [MB_G134]	3-methylxanthine [MT_M033]	0.12588142803066404	0.0623346260668346	0.12103810886763999
Parasutterella [MB_G067]	p-hydroxyphenylacetate [MT_M039]	-0.1256225674201332	0.06287924580359473	0.12185900349533862
Ruminococcus_B [MB_G011]	C44:1 TAG [MT_M032]	-0.1253833871568939	0.06338592650617252	0.12260333947035303
Scatocola [MB_G173]	C4 carnitine [MT_M020]	0.12482201046899404	0.064588318074674	0.12468787273103088
RUG705 [MB_G156]	taurolithocholic acid [MT_M021]	-0.12434862986321096	0.06561670426292185	0.12642910262605364
Limosilactobacillus [MB_G072]	C42:0 TAG [MT_M012]	-0.12422266343204652	0.0658926042882304	0.1267165467081354
Scatocola [MB_G173]	atenolol [MT_M006]	-0.12360018122498365	0.06726997845960848	0.12911704118926773
Merdimorpha [MB_G184]	creatine [MT_M028]	-0.12321107025438756	0.06814285871645864	0.1305418749357445
Klebsiella [MB_G017]	saccharin [MT_M008]	-0.12283244922372452	0.06900106385353694	0.13193320048477425
Lactobacillus [MB_G050]	C42:0 TAG [MT_M012]	-0.12240210186739699	0.06998720136822928	0.13356336138975053
Scatocola [MB_G173]	carnosol [MT_M010]	-0.12213703677522866	0.07060029163868915	0.13442523650788854
Klebsiella [MB_G017]	C56:1 TAG [MT_M017]	-0.12204007642221379	0.07082564893144994	0.13442523650788854
Scatocola [MB_G173]	taurolithocholic acid [MT_M021]	-0.1220330083225931	0.07084209963965726	0.13442523650788854
CAG-417 [MB_G202]	4-hydroxystyrene [MT_M003]	-0.12152613554352913	0.0720299621919181	0.13638056880945848
Lactobacillus [MB_G050]	N-methylproline [MT_M025]	-0.12147727400988528	0.07214532090020354	0.13638056880945848
Pediococcus [MB_G103]	C56:3 TAG [MT_M030]	-0.12135289317200486	0.07243965365659871	0.13667859180490322
Akkermansia [MB_G015]	atenolol [MT_M006]	-0.1208769870268761	0.0735748566427594	0.1385590520579273
Pediococcus [MB_G103]	C42:0 TAG [MT_M012]	-0.12052622601478587	0.07442075902354879	0.13988864478110674
MWCK01 [MB_G183]	deoxycholic acid [MT_M015]	-0.1197000792439325	0.0764443153712463	0.1434227305276666
Enterobacter [MB_G086]	C56:6 TAG [MT_M031]	-0.11957714130583941	0.07674921193588993	0.1437251159848126
Limosilactobacillus [MB_G072]	C56:3 TAG [MT_M030]	-0.11932103320056757	0.07738754375874804	0.14464961450233277
Ruminococcus_B [MB_G011]	taurodeoxycholic acid [MT_M013]	0.11916564632862428	0.07777692398904482	0.1448408523176196
Bifidobacterium [MB_G007]	C54:8 TAG [MT_M024]	-0.11916460542609116	0.07777953769456172	0.1448408523176196
RUG705 [MB_G156]	C34:1 PC plasmalogen-A [MT_M037]	-0.1187278728579373	0.07888245634942222	0.14662166607699295
Longicatena [MB_G128]	C4 carnitine [MT_M020]	0.1185401008172959	0.07936052130684845	0.14723658869545167
Phascolarctobacterium [MB_G062]	glycodeoxycholic acid [MT_M018]	-0.11844486499214418	0.07960388309329815	0.1474145983209225
Scatocola [MB_G173]	taurodeoxycholic acid [MT_M013]	-0.11815273634427231	0.08035413739921861	0.14852890461962773
Acidaminococcus [MB_G048]	p-hydroxyphenylacetate [MT_M039]	0.1177962729353715	0.08127733440279857	0.1499581815549789
Phascolarctobacterium [MB_G062]	C20:4 carnitine [MT_M009]	0.11757183681665173	0.08186296962155837	0.15076053337303566
Scatacola_A [MB_G116]	carnosol [MT_M010]	-0.11744695086770238	0.08219031146535058	0.15108513137012974
CAG-417 [MB_G202]	glycodeoxycholic acid [MT_M018]	-0.11716318759339436	0.08293800988917974	0.1521798346590454
Fusobacterium [MB_G124]	C44:0 TAG [MT_M027]	-0.11682001200992646	0.08384955826420039	0.15357061953150253
Escherichia [MB_G008]	imidazole propionate [MT_M034]	0.11668977020617809	0.08419761021619591	0.15392616127275302
Scatacola_A [MB_G116]	creatinine [MT_M005]	0.11637313607541647	0.0850486123019844	0.1551981976313584
CAG-417 [MB_G202]	p-hydroxyphenylacetate [MT_M039]	-0.11594638040640314	0.08620649668715279	0.15702458412960432
Enterococcus_B [MB_G054]	C42:0 TAG [MT_M014]	-0.11582989372287572	0.08652473871745568	0.15731770675901033
Merdimorpha [MB_G184]	taurochenodesoxycholic acid [MT_M007]	-0.11570405303369581	0.08686959390857252	0.15765806516982306
Citrobacter [MB_G134]	C56:5 TAG [MT_M040]	-0.11523675801324912	0.08815982790023358	0.15970983315259704
Pediococcus [MB_G103]	4-hydroxystyrene [MT_M003]	-0.11335521223100273	0.09351091582994533	0.16909749698000964
Merdimorpha [MB_G184]	glycoursodeoxycholic acid [MT_M019]	-0.1131495326736494	0.09411122843622707	0.16987586360329796
Longicatena [MB_G128]	taurodeoxycholic acid [MT_M013]	0.11286353766124417	0.09495105153466951	0.17108297573814324
Akkermansia [MB_G015]	N-methylproline [MT_M025]	-0.11178167720590858	0.0981819944748413	0.176586320997916
Pediococcus [MB_G103]	C56:5 TAG [MT_M040]	-0.11168520298466086	0.09847429638419884	0.1767940689123857
Longicatena [MB_G128]	glycodeoxycholic acid [MT_M018]	-0.11152290205926678	0.09896759963761656	0.17736128967314793
Enterobacter [MB_G086]	C44:0 TAG [MT_M027]	-0.11141124465459791	0.0993081110484222	0.1776531503549592
MWCK01 [MB_G183]	C42:0 TAG [MT_M012]	-0.11132240949178228	0.09957968613878111	0.17782086810496625
Klebsiella [MB_G017]	C56:6 TAG [MT_M031]	-0.11062718521796938	0.10172540393665258	0.18132870576943416
Lactobacillus [MB_G050]	ethyl glucuronide [MT_M029]	0.11040773890833244	0.10241023469005715	0.18222461688622268
Scatocola [MB_G173]	hydrocinnamic acid [MT_M011]	-0.11017217709808637	0.10314940611334449	0.18314618261092322
Limosilactobacillus [MB_G072]	imidazole propionate [MT_M034]	0.11012611150731019	0.10329444699256068	0.18314618261092322
Pediococcus [MB_G103]	C20:5 LPC [MT_M035]	0.10945248103090922	0.10543386674050065	0.18629652944854358
MWCK01 [MB_G183]	glycodeoxycholic acid [MT_M018]	-0.10944936748564946	0.10544383566787566	0.18629652944854358
Akkermansia [MB_G015]	taurodeoxycholic acid [MT_M013]	-0.10915711746583616	0.10638287104979059	0.18762411119892522
Akkermansia [MB_G015]	carnosol [MT_M010]	-0.10854638220228996	0.10836648709986554	0.19078606883779148
MWCK01 [MB_G183]	3-methylxanthine [MT_M033]	-0.10747067360395597	0.11193085778140047	0.19671504003761067
Merdimorpha [MB_G184]	C56:3 TAG [MT_M030]	-0.10733452519481612	0.11238845969666968	0.1971727363099468
Bifidobacterium [MB_G007]	C54:9 TAG [MT_M001]	-0.10717295957799221	0.1129333893444045	0.19778176767846675
Klebsiella [MB_G017]	C20:5 LPC [MT_M035]	0.10693776089719152	0.11373036274755495	0.19882930550271846
Parasutterella [MB_G067]	taurodeoxycholic acid [MT_M013]	-0.10669223713333681	0.11456700836513525	0.19994242297580325
Lacticaseibacillus [MB_G193]	ethyl glucuronide [MT_M029]	0.10636399182254497	0.11569303999416379	0.2015558188051634
Enterobacter [MB_G086]	saccharin [MT_M008]	-0.10602014550780357	0.11688183701456262	0.2032727600253263
Longicatena [MB_G128]	C56:1 TAG [MT_M017]	0.1059224817375324	0.11722122619728119	0.20350907325916875
CAG-417 [MB_G202]	C20:5 LPC [MT_M035]	0.10551902536596938	0.11863141735587536	0.20560037669995732
Longicatena [MB_G128]	C56:7 TAG [MT_M038]	0.10526019610326201	0.11954302954699698	0.20682185042733045
Klebsiella [MB_G017]	taurolithocholic acid [MT_M021]	-0.1048892622790742	0.12085897156688424	0.20873742930377245
Bifidobacterium [MB_G007]	glycoursodeoxycholic acid [MT_M019]	0.10478708356398893	0.12122343592509807	0.20900592400878978
Klebsiella [MB_G017]	C56:3 TAG [MT_M030]	-0.10471351603632223	0.12148637442996149	0.2090987511703296
Scatacola_A [MB_G116]	taurolithocholic acid [MT_M021]	-0.10393388324259328	0.12430015981468862	0.21357415775719696
Escherichia [MB_G008]	C44:1 TAG [MT_M032]	-0.10370845528783294	0.12512309469877303	0.21461937341127452
Merdimorpha [MB_G184]	C4 carnitine [MT_M020]	-0.10353018481768625	0.12577686066708404	0.21537133675870557
Merdimorpha [MB_G184]	C56:6 TAG [MT_M031]	-0.10343800769100259	0.1261159340800907	0.21558279329930036
Lacticaseibacillus [MB_G193]	taurodeoxycholic acid [MT_M013]	-0.1031786167608908	0.1270738978339256	0.21684965500669898
Parasutterella [MB_G067]	taurolithocholic acid [MT_M021]	-0.10306120497542014	0.12750935906988636	0.21722207678004493
Bifidobacterium [MB_G007]	carnosol [MT_M010]	-0.10237419725038868	0.1300805035491577	0.22122534617203693
Merdimorpha [MB_G184]	C56:5 TAG [MT_M040]	-0.10195609808432195	0.1316646994126761	0.22353938779741275
Pediococcus [MB_G103]	ethyl glucuronide [MT_M029]	0.10180511014183367	0.13224043484561118	0.22413633024679863
RUG705 [MB_G156]	taurodeoxycholic acid [MT_M013]	-0.10164474914281263	0.1328540296855061	0.22479531249662627
Citrobacter [MB_G134]	C44:0 TAG [MT_M027]	-0.10143294237082832	0.1336678255712022	0.225790245897301
Haemophilus_D [MB_G055]	C56:6 TAG [MT_M031]	-0.10115598368754185	0.13473771752125066	0.22721368890598764
Haemophilus_D [MB_G055]	taurolithocholic acid [MT_M021]	0.10093814044990695	0.13558385539722617	0.2282556488168791
Bifidobacterium [MB_G007]	C20:5 LPC [MT_M035]	0.10079408862492974	0.13614561046430468	0.228587308337089
Scatacola_A [MB_G116]	saccharin [MT_M008]	-0.10074928251918644	0.13632070298084759	0.228587308337089
Merdimorpha [MB_G184]	C20:5 LPC [MT_M035]	-0.100711975314441	0.13646662307724214	0.228587308337089
Longicatena [MB_G128]	C44:1 TAG [MT_M032]	0.10049890928279362	0.1373022859638224	0.22960248488933513
Limosilactobacillus [MB_G072]	ethyl glucuronide [MT_M029]	0.10023591261133832	0.1383391789159613	0.2309502152186332
Citrobacter [MB_G134]	C44:1 TAG [MT_M032]	-0.09993910474703095	0.13951656129483925	0.23252760215806542
Akkermansia [MB_G015]	C20:5 LPC [MT_M035]	-0.09973345836445016	0.14033680436679777	0.23320242725291113
Fusobacterium [MB_G124]	C56:3 TAG [MT_M030]	-0.09972068809318997	0.1403878612062525	0.23320242725291113
RUG705 [MB_G156]	hydrocinnamic acid [MT_M011]	-0.09940767165225219	0.14164377350754515	0.23477089928716777
Klebsiella [MB_G017]	C56:5 TAG [MT_M040]	-0.09936848012689671	0.14180162316944933	0.23477089928716777
Akkermansia [MB_G015]	deoxycholic acid [MT_M015]	0.0989292247060766	0.1435799816941556	0.23732228379199272
Enterobacter [MB_G086]	C44:1 TAG [MT_M032]	-0.0987775103353234	0.1441981397078515	0.23795072559051403
Scatocola [MB_G173]	alpha-muricholate [MT_M002]	0.09818467840686511	0.14663306322788616	0.2415701206390217
Escherichia [MB_G008]	atenolol [MT_M006]	0.09804331894287514	0.14721825098451424	0.24213528122453
CAG-417 [MB_G202]	ethyl glucuronide [MT_M029]	0.09744490623791748	0.14971516405722934	0.24583770781154243
Bifidobacterium [MB_G007]	C56:6 TAG [MT_M031]	-0.09732511608333867	0.15021882756658672	0.24626037305997825
Parasutterella [MB_G067]	C34:1 PC plasmalogen-A [MT_M037]	-0.09671977381157874	0.15278366224013523	0.25005509368270906
Longicatena [MB_G128]	C46:1 TAG [MT_M036]	0.09664643899757526	0.15309661541377154	0.2501578683231561
CAG-417 [MB_G202]	atenolol [MT_M006]	-0.09612792241209614	0.1553231933225867	0.2533820445719196
Akkermansia [MB_G015]	glycodeoxycholic acid [MT_M018]	0.09604209429060727	0.1556940936586013	0.2535734424407187
Citrobacter [MB_G134]	C56:6 TAG [MT_M031]	-0.09593436450693239	0.1561605848184824	0.2538030359121194
Lacticaseibacillus [MB_G193]	C20:5 LPC [MT_M035]	0.09589238017381017	0.15634267012186553	0.2538030359121194
Phascolarctobacterium [MB_G062]	atenolol [MT_M006]	-0.09547002534282857	0.15818332133540325	0.25637491302334403
Phascolarctobacterium [MB_G062]	saccharin [MT_M008]	-0.09500177184112504	0.16024299996765448	0.25929288020656066
Phascolarctobacterium [MB_G062]	C56:5 TAG [MT_M040]	0.09470625287579747	0.16155320479791763	0.26099063779954385
Scatacola_A [MB_G116]	atenolol [MT_M006]	-0.09354392162647378	0.1667844800628501	0.2690072259078227
Enterococcus_B [MB_G054]	C44:1 TAG [MT_M032]	-0.09285174607238564	0.169959232047528	0.27368636400568114
Scatocola [MB_G173]	creatinine [MT_M005]	0.0925909020842154	0.17116722525312852	0.27518846503718414
Ruminococcus_B [MB_G011]	C42:0 TAG [MT_M014]	-0.09247300769955803	0.17171529556932388	0.27562647763936415
Scatocola [MB_G173]	C56:1 TAG [MT_M017]	-0.09229489423282233	0.1725457861691588	0.2765156829633955
Parasutterella [MB_G067]	N-methylproline [MT_M025]	0.09134462589319045	0.17702707841615203	0.28324332546584324
Longicatena [MB_G128]	C34:1 PC plasmalogen-A [MT_M037]	0.09114135964813788	0.177996725388192	0.28433981691404475
Scatocola [MB_G173]	taurochenodesoxycholic acid [MT_M007]	0.09105029014336546	0.17843242827524558	0.2843461421600204
Lacticaseibacillus [MB_G193]	C42:0 TAG [MT_M014]	-0.09102169936055975	0.17856937727649283	0.2843461421600204
Longicatena [MB_G128]	C54:9 TAG [MT_M001]	-0.09050150753571211	0.18107465801872608	0.2878770397753992
Scatacola_A [MB_G116]	C42:0 TAG [MT_M012]	-0.09008052043000309	0.18312105866870634	0.2906683470931847
Anaeroglobus [MB_G130]	C44:1 TAG [MT_M032]	-0.08939378680460164	0.1864956876178292	0.2952641381743434
Limosilactobacillus [MB_G072]	C42:0 TAG [MT_M014]	-0.08936732258203361	0.18662664066431664	0.2952641381743434
Akkermansia [MB_G015]	C42:0 TAG [MT_M014]	-0.08931167953504433	0.18690219946435935	0.2952641381743434
Parasutterella [MB_G067]	5alpha-cholestanol [MT_M023]	-0.088901397774486	0.18894323962681728	0.2980177281180083
Merdimorpha [MB_G184]	C56:1 TAG [MT_M017]	-0.08811058464664459	0.1929232773599609	0.30352017163470557
MWCK01 [MB_G183]	glycoursodeoxycholic acid [MT_M019]	-0.08808780384898653	0.19303882915967274	0.30352017163470557
Scatacola_A [MB_G116]	C56:7 TAG [MT_M038]	-0.08798967056917316	0.193537171167875	0.3038260143922684
Escherichia [MB_G008]	C20:5 LPC [MT_M035]	0.08781790464241729	0.19441169287342133	0.3041661561644931
MWCK01 [MB_G183]	N-methylproline [MT_M025]	-0.0877776650789877	0.19461698256108786	0.3041661561644931
Acidaminococcus [MB_G048]	C56:6 TAG [MT_M031]	-0.08776799497446758	0.1946663399452756	0.3041661561644931
Enterococcus_B [MB_G054]	C20:5 LPC [MT_M035]	0.08747690631135989	0.1961563637005183	0.3055355466413543
Longicatena [MB_G128]	p-hydroxyphenylacetate [MT_M039]	0.08742988860787887	0.19639781416115829	0.3055355466413543
Bifidobacterium [MB_G007]	creatinine [MT_M005]	0.0874179111819496	0.1964593564903908	0.3055355466413543
Pediococcus [MB_G103]	taurodeoxycholic acid [MT_M013]	-0.08719670577252799	0.19759847572053357	0.30638767819693047
RUG705 [MB_G156]	glycodeoxycholic acid [MT_M018]	-0.08719252474919527	0.19762005243702016	0.30638767819693047
Anaeroglobus [MB_G130]	taurolithocholic acid [MT_M021]	0.08694936703848787	0.198877846467417	0.3078604434480139
Scatocola [MB_G173]	N-methylproline [MT_M025]	-0.08686028558364454	0.19934009394341193	0.308099063281935
Lacticaseibacillus [MB_G193]	C44:0 TAG [MT_M027]	-0.08651972505439463	0.20111446411755743	0.3103618273419096
Bifidobacterium [MB_G007]	hydrocinnamic acid [MT_M011]	-0.08595485777832224	0.2040826862870316	0.31445714373964806
Longicatena [MB_G128]	4-hydroxystyrene [MT_M003]	0.08583886503532273	0.20469609386665552	0.3149170674871623
Merdimorpha [MB_G184]	C2 carnitine [MT_M004]	-0.08569712655473866	0.20544745962603422	0.31529458012125666
Bifidobacterium [MB_G007]	4-hydroxystyrene [MT_M003]	0.085673656813334	0.20557206623905935	0.31529458012125666
Lactobacillus [MB_G050]	C56:7 TAG [MT_M038]	-0.0855036309960001	0.2064764040281317	0.31619663710280504
Akkermansia [MB_G015]	alpha-muricholate [MT_M002]	-0.08532311843194278	0.20743965482007956	0.31718601654446416
Akkermansia [MB_G015]	C44:1 TAG [MT_M032]	-0.08504597157684489	0.20892485993553112	0.31896925180997115
Bifidobacterium [MB_G007]	saccharin [MT_M008]	0.08496952676709725	0.20933586381790303	0.31910954850290096
Escherichia [MB_G008]	taurodeoxycholic acid [MT_M013]	-0.08398166919670454	0.2146994491601242	0.3267875938510262
MWCK01 [MB_G183]	atenolol [MT_M006]	0.0834672703123755	0.21753101963512037	0.3305942547646206
Scatacola_A [MB_G116]	C56:2 TAG [MT_M026]	-0.08290841287164337	0.22063743195363653	0.33480642178093556
Fusobacterium [MB_G124]	C56:5 TAG [MT_M040]	-0.08275015987076935	0.221522793879242	0.3356405967867303
MWCK01 [MB_G183]	C2 carnitine [MT_M004]	0.08258751651966016	0.22243534933970452	0.33610284235812266
Ruminococcus_B [MB_G011]	glycodeoxycholic acid [MT_M018]	-0.08257599741971777	0.2225000816410772	0.33610284235812266
MWCK01 [MB_G183]	taurolithocholic acid [MT_M021]	-0.08230701489868841	0.2240154552033145	0.3378815312267187
Scatacola_A [MB_G116]	C56:1 TAG [MT_M017]	-0.08201018138111331	0.2256962227742624	0.3397426262035806
MWCK01 [MB_G183]	creatine [MT_M028]	0.08196922230809629	0.2259288464253811	0.3397426262035806
Anaeroglobus [MB_G130]	C56:3 TAG [MT_M030]	-0.08156587266582492	0.22822871782258702	0.3426857624963769
Parasutterella [MB_G067]	3-methylxanthine [MT_M033]	0.08140035805516438	0.2291772465838768	0.34320438561520167
Scatacola_A [MB_G116]	alpha-muricholate [MT_M002]	0.08138584863566375	0.22926052959095472	0.34320438561520167
Escherichia [MB_G008]	3-methylxanthine [MT_M033]	0.0810375010421495	0.2312664435412965	0.3456897511828049
Bifidobacterium [MB_G007]	C3-DC-CH3 carnitine [MT_M022]	0.08082078017041887	0.23252063255529637	0.3470457202317856
Parasutterella [MB_G067]	alpha-muricholate [MT_M002]	0.08055608876885481	0.2340589245617976	0.3488210500175821
Scatocola [MB_G173]	C52:6 TAG [MT_M016]	-0.0803082570763495	0.2355057130325383	0.3504549301079439
Scatocola [MB_G173]	C56:2 TAG [MT_M026]	-0.08002942125361032	0.2371409974592642	0.35236403782951586
Scatocola [MB_G173]	C44:1 TAG [MT_M032]	-0.07976864756783218	0.23867754916073042	0.35412099282007475
Enterobacter [MB_G086]	3-methylxanthine [MT_M033]	0.07965785311571755	0.23933248856071332	0.35456664971957524
Escherichia [MB_G008]	4-hydroxystyrene [MT_M003]	-0.0794938367595677	0.24030434793682245	0.3554798046402699
Ruminococcus_B [MB_G011]	C56:3 TAG [MT_M030]	-0.07842280403631245	0.2467185313498368	0.3634127793902697
CAG-417 [MB_G202]	taurodeoxycholic acid [MT_M013]	-0.07842061707598955	0.24673174928990338	0.3634127793902697
Bifidobacterium [MB_G007]	C56:5 TAG [MT_M040]	-0.07841639361230293	0.24675727720599316	0.3634127793902697
MWCK01 [MB_G183]	C4 carnitine [MT_M020]	0.07803857290489397	0.24904838061963525	0.3662476185582871
CAG-417 [MB_G202]	taurolithocholic acid [MT_M021]	-0.07721289437729721	0.25410658386574214	0.37313742124191207
Pediococcus [MB_G103]	C42:0 TAG [MT_M014]	-0.07709086022515511	0.2548601591655974	0.37369524804339793
Scatacola_A [MB_G116]	C42:0 TAG [MT_M014]	-0.07664686312856037	0.2576149100992406	0.377181420350279
Bifidobacterium [MB_G007]	C56:2 TAG [MT_M026]	-0.07651617119209056	0.25842967289655566	0.3778211592054907
Bifidobacterium [MB_G007]	taurolithocholic acid [MT_M021]	-0.07644760367624012	0.2588578468863196	0.3778946669873278
Scatocola [MB_G173]	5alpha-cholestanol [MT_M023]	-0.07596044860340145	0.2619139704344548	0.3809319530562319
Fusobacterium [MB_G124]	C46:1 TAG [MT_M036]	-0.07591092100675692	0.26222605817683425	0.3809319530562319
Akkermansia [MB_G015]	C54:9 TAG [MT_M001]	0.07585689892432992	0.262566757758415	0.3809319530562319
Phascolarctobacterium [MB_G062]	hydrocinnamic acid [MT_M011]	-0.0758531302594148	0.2625905368162756	0.3809319530562319
Pediococcus [MB_G103]	C56:7 TAG [MT_M038]	-0.07581312508174946	0.2628430476088	0.3809319530562319
Citrobacter [MB_G134]	saccharin [MT_M008]	-0.0755837563502492	0.2642940255263242	0.3824805000380958
Akkermansia [MB_G015]	taurochenodesoxycholic acid [MT_M007]	0.07498448416865998	0.2681108471367152	0.3874434207177965
Parasutterella [MB_G067]	C56:7 TAG [MT_M038]	0.07446975253378918	0.2714191083851318	0.39165816505791023
Enterobacter [MB_G086]	C46:1 TAG [MT_M036]	-0.07430682119709897	0.27247205518585615	0.3926110305271703
Scatocola [MB_G173]	imidazole propionate [MT_M034]	0.07394822553678168	0.27479925380108244	0.39539460978573016
Acidaminococcus [MB_G048]	3-methylxanthine [MT_M033]	0.07356841159200683	0.2772788123361429	0.39838909818411333
Merdimorpha [MB_G184]	C56:2 TAG [MT_M026]	-0.07310110704619953	0.2803502494409991	0.40222417423385814
Longicatena [MB_G128]	N-methylproline [MT_M025]	-0.07278628664280283	0.28243235109590964	0.4046308754955726
Scatocola [MB_G173]	C56:3 TAG [MT_M030]	-0.07269988212453111	0.2830056136969601	0.40487212259937067
RUG705 [MB_G156]	C44:0 TAG [MT_M027]	-0.07251767437286744	0.2842170609811938	0.4059397610751762
Enterobacter [MB_G086]	taurolithocholic acid [MT_M021]	-0.0724656233510625	0.2845637725136985	0.4059397610751762
MWCK01 [MB_G183]	creatinine [MT_M005]	0.07162056619784075	0.2902324565600245	0.41286998129287117
Akkermansia [MB_G015]	5alpha-cholestanol [MT_M023]	0.07161832402635067	0.2902475968488884	0.41286998129287117
Limosilactobacillus [MB_G072]	taurodeoxycholic acid [MT_M013]	-0.07148721695289319	0.291133816779948	0.41354235338060796
Parasutterella [MB_G067]	hydrocinnamic acid [MT_M011]	-0.07115056306360117	0.293417702586702	0.4161187401222507
RUG705 [MB_G156]	C4 carnitine [MT_M020]	0.07109734460461728	0.29377983052630896	0.4161187401222507
Parasutterella [MB_G067]	glycodeoxycholic acid [MT_M018]	-0.07093909062277219	0.29485843673411566	0.4170557803877167
Anaeroglobus [MB_G130]	C56:5 TAG [MT_M040]	-0.07069473845559796	0.29652902887562393	0.4188263119712203
Parasutterella [MB_G067]	C54:9 TAG [MT_M001]	0.07059496826031599	0.29721294434671225	0.4192002035919778
Ruminococcus_B [MB_G011]	saccharin [MT_M008]	0.06981473425627466	0.3025974759854605	0.42619362814853595
RUG705 [MB_G156]	C42:0 TAG [MT_M012]	-0.06955050220459938	0.3044355025099549	0.4281793284246904
Lacticaseibacillus [MB_G193]	imidazole propionate [MT_M034]	0.0692677869075924	0.3064102354896437	0.4301521907080698
Scatacola_A [MB_G116]	C56:3 TAG [MT_M030]	-0.06917287990996072	0.30707503535134306	0.4301521907080698
Akkermansia [MB_G015]	imidazole propionate [MT_M034]	-0.06916522974042258	0.30712866416556184	0.4301521907080698
Haemophilus_D [MB_G055]	saccharin [MT_M008]	-0.06835875105288906	0.3128167502066926	0.4375059443450246
Scatocola [MB_G173]	C54:8 TAG [MT_M024]	-0.06811298993856008	0.3145637104624817	0.4393347911487175
CAG-417 [MB_G202]	C44:0 TAG [MT_M027]	0.06754850495543235	0.31860034815813487	0.4438118895532039
Phascolarctobacterium [MB_G062]	glycoursodeoxycholic acid [MT_M019]	-0.06754062478534263	0.31865693669920037	0.4438118895532039
RUG705 [MB_G156]	saccharin [MT_M008]	0.0668988052202563	0.3232878701395625	0.449550137246567
Akkermansia [MB_G015]	C3-DC-CH3 carnitine [MT_M022]	-0.06684527051439043	0.32367609881752823	0.449550137246567
Longicatena [MB_G128]	taurolithocholic acid [MT_M021]	0.06673828649153861	0.32445284038291944	0.4499701081349186
Phascolarctobacterium [MB_G062]	creatinine [MT_M005]	0.06667974002887926	0.3248784180734112	0.4499701081349186
Anaeroglobus [MB_G130]	C56:6 TAG [MT_M031]	-0.06657908133590842	0.3256109550340397	0.4503609336570397
Parasutterella [MB_G067]	creatine [MT_M028]	0.06629102018196174	0.32771319057860204	0.4526425284234835
Klebsiella [MB_G017]	C46:1 TAG [MT_M036]	-0.06561354246503082	0.3326917366271841	0.4588851539685298
Longicatena [MB_G128]	C42:0 TAG [MT_M014]	-0.06535935554497559	0.33457211441455514	0.46084313280241757
Longicatena [MB_G128]	saccharin [MT_M008]	0.06385777031800613	0.34581869733570647	0.47567908849478197
Akkermansia [MB_G015]	3-methylxanthine [MT_M033]	-0.06353784553285573	0.34824543581757905	0.47835911513403717
CAG-417 [MB_G202]	C56:1 TAG [MT_M017]	-0.06343230412007823	0.34904835571673387	0.47880432882953894
Enterococcus_B [MB_G054]	C44:0 TAG [MT_M027]	-0.06330438668231513	0.3500230679157127	0.4794836546790585
Parasutterella [MB_G067]	imidazole propionate [MT_M034]	0.06281344738691651	0.35377985483176655	0.48396696967409925
Scatocola [MB_G173]	C20:5 LPC [MT_M035]	0.06262394433676756	0.3552367227347416	0.48529606930975633
Enterococcus_B [MB_G054]	C56:3 TAG [MT_M030]	-0.06243797446634534	0.3566700778291514	0.48658946497837846
Haemophilus_D [MB_G055]	C56:7 TAG [MT_M038]	-0.062372011668793956	0.35717935163828907	0.4866203700794129
Bifidobacterium [MB_G007]	C42:0 TAG [MT_M012]	0.062196106874747026	0.35853966812561067	0.4878090722797424
MWCK01 [MB_G183]	alpha-muricholate [MT_M002]	-0.062106200445546204	0.35923618519839084	0.48809264293259624
RUG705 [MB_G156]	C54:8 TAG [MT_M024]	0.06203961879003626	0.3597525460039255	0.4881309986484742
Phascolarctobacterium [MB_G062]	C34:1 PC plasmalogen-A [MT_M037]	0.061915740016459976	0.36071449445889103	0.48834012860184806
RUG705 [MB_G156]	taurochenodesoxycholic acid [MT_M007]	0.0618940155705185	0.3608833550367657	0.48834012860184806
Enterococcus_B [MB_G054]	C56:5 TAG [MT_M040]	-0.06171341846116711	0.36228901269881253	0.4895697812999741
RUG705 [MB_G156]	C42:0 TAG [MT_M014]	-0.06161520948622384	0.3630548391313002	0.4895697812999741
Limosilactobacillus [MB_G072]	4-hydroxystyrene [MT_M003]	-0.06158882206187842	0.36326077772458076	0.4895697812999741
Enterococcus_B [MB_G054]	taurolithocholic acid [MT_M021]	0.060909733765100685	0.3685856215864114	0.49556837615118277
Scatocola [MB_G173]	deoxycholic acid [MT_M015]	-0.0608677326033924	0.36891653584617035	0.49556837615118277
Fusobacterium [MB_G124]	taurolithocholic acid [MT_M021]	0.06083197035515456	0.36919844023263115	0.49556837615118277
Bifidobacterium [MB_G007]	C56:1 TAG [MT_M017]	-0.059963671528694806	0.3760837861685399	0.5041337616200267
Parasutterella [MB_G067]	C42:0 TAG [MT_M012]	-0.059446024775438276	0.3802257687905163	0.5090037065468759
Scatocola [MB_G173]	C54:9 TAG [MT_M001]	-0.059181978239555406	0.3823492335741252	0.5111620769707557
Akkermansia [MB_G015]	C56:7 TAG [MT_M038]	0.059072068104601874	0.38323525610900533	0.5112353203550053
Akkermansia [MB_G015]	creatine [MT_M028]	0.05901738926350777	0.38367650544898846	0.5112353203550053
Ruminococcus_B [MB_G011]	C46:1 TAG [MT_M036]	-0.05893860278429801	0.3843128424275406	0.5112353203550053
Bifidobacterium [MB_G007]	C44:1 TAG [MT_M032]	-0.0589217599079202	0.384448960906964	0.5112353203550053
Scatacola_A [MB_G116]	C44:0 TAG [MT_M027]	-0.058764538887342274	0.38572098065375704	0.5122456582387211
Parasutterella [MB_G067]	C20:4 carnitine [MT_M009]	0.05844983749117041	0.3882747767116086	0.5149532847634066
RUG705 [MB_G156]	creatinine [MT_M005]	-0.058251934807279346	0.38988597921603185	0.5164052704848104
Longicatena [MB_G128]	atenolol [MT_M006]	0.05802223863516962	0.3917610786596739	0.5182024849995687
Enterococcus_B [MB_G054]	saccharin [MT_M008]	0.05773097941200215	0.3941465399191142	0.5206691412405736
Haemophilus_D [MB_G055]	C56:3 TAG [MT_M030]	-0.0575815810717946	0.3953735170442828	0.5216009459687109
Akkermansia [MB_G015]	C42:0 TAG [MT_M012]	-0.05718655636065859	0.3986287980672769	0.5252026324997061
CAG-417 [MB_G202]	C42:0 TAG [MT_M012]	0.05650234266826389	0.4043049787100764	0.5319802351448374
Lacticaseibacillus [MB_G193]	3-methylxanthine [MT_M033]	0.05626657532656852	0.4062719562042768	0.5338659082842008
Bifidobacterium [MB_G007]	ethyl glucuronide [MT_M029]	0.05562263937890797	0.41167306235080325	0.5402533626650962
Parasutterella [MB_G067]	C44:1 TAG [MT_M032]	0.0554019888893124	0.4135334882188182	0.5419836018595258
Bifidobacterium [MB_G007]	C56:7 TAG [MT_M038]	-0.05529868114472626	0.41440622900476387	0.5424165301109475
Lactobacillus [MB_G050]	C46:1 TAG [MT_M036]	-0.05454456433721207	0.42080968422666654	0.5500780185969497
Akkermansia [MB_G015]	C4 carnitine [MT_M020]	0.05440052875413709	0.4220392660480897	0.5504522503330246
Lacticaseibacillus [MB_G193]	4-hydroxystyrene [MT_M003]	-0.054354078673954885	0.4224362398415523	0.5504522503330246
Haemophilus_D [MB_G055]	C56:5 TAG [MT_M040]	-0.05421920278905154	0.42359015295332625	0.5504522503330246
Escherichia [MB_G008]	saccharin [MT_M008]	-0.05419574803364172	0.42379100385207724	0.5504522503330246
Haemophilus_D [MB_G055]	ethyl glucuronide [MT_M029]	0.05418906619903921	0.4238482327564289	0.5504522503330246
RUG705 [MB_G156]	ethyl glucuronide [MT_M029]	-0.0540641490339884	0.4249189556528521	0.5511270501334009
CAG-417 [MB_G202]	C46:1 TAG [MT_M036]	0.05370172249596271	0.42803434877085167	0.554448638304212
Anaeroglobus [MB_G130]	C56:7 TAG [MT_M038]	-0.053265152489404166	0.43180454809360336	0.5586087297459293
MWCK01 [MB_G183]	C34:1 PC plasmalogen-A [MT_M037]	0.05291598937159294	0.43483361107177876	0.5611458381658544
Scatocola [MB_G173]	C56:5 TAG [MT_M040]	-0.05288109108195115	0.4351370292519624	0.5611458381658544
MWCK01 [MB_G183]	carnosol [MT_M010]	-0.052845204051088085	0.43544917041670306	0.5611458381658544
Phascolarctobacterium [MB_G062]	C54:8 TAG [MT_M024]	0.05274320526058571	0.43633704402054496	0.5613986630941993
Acidaminococcus [MB_G048]	C56:5 TAG [MT_M040]	-0.0526937215809991	0.436768159887287	0.5613986630941993
Fusobacterium [MB_G124]	4-hydroxystyrene [MT_M003]	-0.052397967434435436	0.4393499287899578	0.5639922064055941
Enterococcus_B [MB_G054]	C56:6 TAG [MT_M031]	-0.05148129301180746	0.4474070414286113	0.5717046065943547
Enterobacter [MB_G086]	C56:7 TAG [MT_M038]	-0.05147665695694559	0.44744800094103276	0.5717046065943547
Klebsiella [MB_G017]	ethyl glucuronide [MT_M029]	-0.051463492626359256	0.4475643192505151	0.5717046065943547
Merdimorpha [MB_G184]	N-methylproline [MT_M025]	-0.0514543958714822	0.44764470696337977	0.5717046065943547
Limosilactobacillus [MB_G072]	saccharin [MT_M008]	-0.05124698578386118	0.4494797927898906	0.5733160622320033
Akkermansia [MB_G015]	C54:8 TAG [MT_M024]	0.05053737219652246	0.45579012489961057	0.579971302728844
Acidaminococcus [MB_G048]	C56:3 TAG [MT_M030]	-0.050529831759159295	0.4558574439448714	0.579971302728844
Limosilactobacillus [MB_G072]	taurolithocholic acid [MT_M021]	0.05019813262998246	0.4588242579250018	0.5830041396759871
Citrobacter [MB_G134]	taurodeoxycholic acid [MT_M013]	-0.04999032105815146	0.4606884476022818	0.5844457655727157
Fusobacterium [MB_G124]	C56:6 TAG [MT_M031]	-0.04988719843308477	0.46161507611573294	0.5844457655727157
CAG-417 [MB_G202]	C56:5 TAG [MT_M040]	0.04986286189191621	0.4618339075348985	0.5844457655727157
Lactobacillus [MB_G050]	4-hydroxystyrene [MT_M003]	-0.04981142620892424	0.46229660056801813	0.5844457655727157
CAG-417 [MB_G202]	hydrocinnamic acid [MT_M011]	-0.0496959456127103	0.4633363489778006	0.5850206426487381
MWCK01 [MB_G183]	C42:0 TAG [MT_M014]	-0.04942708763693654	0.46576206216898064	0.5867194345348087
RUG705 [MB_G156]	imidazole propionate [MT_M034]	-0.049416776550130354	0.4658552310206381	0.5867194345348087
Merdimorpha [MB_G184]	saccharin [MT_M008]	-0.048986022753409374	0.46975660597956637	0.5908888125529136
Parasutterella [MB_G067]	C42:0 TAG [MT_M014]	-0.048579821859584565	0.4734519712001538	0.5947889085429068
RUG705 [MB_G156]	3-methylxanthine [MT_M033]	-0.0483509795831521	0.4755408089864823	0.5966634993556867
Lactobacillus [MB_G050]	C44:1 TAG [MT_M032]	-0.04781430491082919	0.4804591252046151	0.602079104266435
Escherichia [MB_G008]	C56:6 TAG [MT_M031]	-0.04748775100575117	0.4834652229725165	0.6043365402409452
Scatocola [MB_G173]	C42:0 TAG [MT_M012]	-0.04748731621504234	0.48346923219275617	0.6043365402409452
Haemophilus_D [MB_G055]	4-hydroxystyrene [MT_M003]	0.04671147748799664	0.4906517332913737	0.6125489803887312
MWCK01 [MB_G183]	C20:5 LPC [MT_M035]	-0.046430515230800405	0.4932667828934346	0.6143978816621235
Fusobacterium [MB_G124]	C56:7 TAG [MT_M038]	-0.04639006484363309	0.49364388345494303	0.6143978816621235
Bifidobacterium [MB_G007]	creatine [MT_M028]	0.04635446441074222	0.49397589685634735	0.6143978816621235
Phascolarctobacterium [MB_G062]	C52:6 TAG [MT_M016]	0.046016094598141	0.49713748435926286	0.6173322070379692
MWCK01 [MB_G183]	C54:9 TAG [MT_M001]	0.045969918978362896	0.49756975887260324	0.6173322070379692
Phascolarctobacterium [MB_G062]	C46:1 TAG [MT_M036]	-0.04570305575167264	0.5000718957205015	0.6196677766053301
Scatacola_A [MB_G116]	imidazole propionate [MT_M034]	-0.045238980740256854	0.5044388500102859	0.6239298166866387
Anaeroglobus [MB_G130]	taurodeoxycholic acid [MT_M013]	0.04520501807761394	0.5047592216994907	0.6239298166866387
Bifidobacterium [MB_G007]	C56:3 TAG [MT_M030]	-0.0451062765634804	0.5056912605363254	0.6243101981929943
Ruminococcus_B [MB_G011]	C44:0 TAG [MT_M027]	-0.04491891656293564	0.5074622552982565	0.6257241125749154
CAG-417 [MB_G202]	alpha-muricholate [MT_M002]	-0.04455996630757268	0.5108641955270166	0.6268020198937821
Enterobacter [MB_G086]	4-hydroxystyrene [MT_M003]	-0.04453910409677666	0.5110622797758442	0.6268020198937821
Lactobacillus [MB_G050]	C42:0 TAG [MT_M014]	-0.04450870119481345	0.5113510231014997	0.6268020198937821
CAG-417 [MB_G202]	imidazole propionate [MT_M034]	-0.0444962865296535	0.5114689523418677	0.6268020198937821
Phascolarctobacterium [MB_G062]	alpha-muricholate [MT_M002]	-0.04446802146849052	0.5117375000682807	0.6268020198937821
Parasutterella [MB_G067]	C54:8 TAG [MT_M024]	0.04443016925253756	0.51209725025322	0.6268020198937821
Acidaminococcus [MB_G048]	ethyl glucuronide [MT_M029]	0.0443253689091704	0.5130939633294657	0.6272542338991023
Limosilactobacillus [MB_G072]	C44:0 TAG [MT_M027]	-0.044155043782544076	0.5147159939064463	0.628468857028628
Klebsiella [MB_G017]	C56:7 TAG [MT_M038]	-0.044022847865215445	0.5159767360724884	0.628745747269318
Longicatena [MB_G128]	C44:0 TAG [MT_M027]	-0.043967786479129696	0.5165023211009143	0.628745747269318
RUG705 [MB_G156]	C56:7 TAG [MT_M038]	0.043933577003870704	0.5168290042553794	0.628745747269318
CAG-417 [MB_G202]	C56:7 TAG [MT_M038]	0.043480450424907016	0.5211661414222514	0.6332516906710224
Anaeroglobus [MB_G130]	ethyl glucuronide [MT_M029]	0.04334387689805693	0.522477005579976	0.6340023347809157
Phascolarctobacterium [MB_G062]	C54:9 TAG [MT_M001]	0.04328403347352784	0.5230519261942554	0.6340023347809157
Scatacola_A [MB_G116]	C46:1 TAG [MT_M036]	-0.04287921958961362	0.5269494581555886	0.6379533391714147
Phascolarctobacterium [MB_G062]	C4 carnitine [MT_M020]	0.04261367603661216	0.5295140725329431	0.6396760238523674
Acidaminococcus [MB_G048]	C56:7 TAG [MT_M038]	-0.04259943937260125	0.5296517477497602	0.6396760238523674
Bifidobacterium [MB_G007]	taurochenodesoxycholic acid [MT_M007]	0.04242790464630655	0.5313119883605002	0.640907102968034
Fusobacterium [MB_G124]	saccharin [MT_M008]	-0.04199028386249212	0.5355594458284056	0.6452523443715731
Lacticaseibacillus [MB_G193]	C56:7 TAG [MT_M038]	-0.041153867079929046	0.5437245220193201	0.6543014705406981
Parasutterella [MB_G067]	C56:6 TAG [MT_M031]	0.04098535730914316	0.5453769221809703	0.6552001324552734
Akkermansia [MB_G015]	C56:6 TAG [MT_M031]	-0.040944115911490254	0.5457817103352427	0.6552001324552734
MWCK01 [MB_G183]	saccharin [MT_M008]	0.0405931740079215	0.5492322127606741	0.6585518138617196
Haemophilus_D [MB_G055]	taurodeoxycholic acid [MT_M013]	0.04046407611828892	0.5505042015026939	0.6592864688655017
Phascolarctobacterium [MB_G062]	deoxycholic acid [MT_M015]	-0.039560419749745966	0.5594479433153154	0.6691961044441572
Scatocola [MB_G173]	C46:1 TAG [MT_M036]	-0.03878106631515442	0.5672172298747973	0.6776788887393038
Parasutterella [MB_G067]	C56:2 TAG [MT_M026]	-0.038505807532602805	0.5699734679951192	0.6801592696839132
MWCK01 [MB_G183]	5alpha-cholestanol [MT_M023]	-0.03789886757782664	0.5760732276095116	0.686377474772153
Phascolarctobacterium [MB_G062]	C56:1 TAG [MT_M017]	-0.03785085294512922	0.5765570788086085	0.686377474772153
MWCK01 [MB_G183]	taurodeoxycholic acid [MT_M013]	-0.037700611989167014	0.5780723094114185	0.6873630314047783
Phascolarctobacterium [MB_G062]	C20:5 LPC [MT_M035]	-0.037554294459496616	0.5795497564541682	0.6883013734610074
Acidaminococcus [MB_G048]	taurolithocholic acid [MT_M021]	0.03699933671642875	0.5851693941103017	0.6941511199410458
Acidaminococcus [MB_G048]	taurodeoxycholic acid [MT_M013]	-0.03671500109479198	0.5880583537947279	0.6967516040221895
Limosilactobacillus [MB_G072]	C44:1 TAG [MT_M032]	-0.03627300139852211	0.5925621942874677	0.7012570346597251
Fusobacterium [MB_G124]	ethyl glucuronide [MT_M029]	0.0359345044796149	0.5960219590052755	0.7045176820393328
RUG705 [MB_G156]	4-hydroxystyrene [MT_M003]	0.035778479214096014	0.5976197599357163	0.7052523901010799
Parasutterella [MB_G067]	glycoursodeoxycholic acid [MT_M019]	0.035736105624045646	0.5980540268057157	0.7052523901010799
MWCK01 [MB_G183]	C3-DC-CH3 carnitine [MT_M022]	-0.03497109493020989	0.6059186050882515	0.7136850472181996
Pediococcus [MB_G103]	C44:0 TAG [MT_M027]	-0.034329744417417964	0.6125471095891912	0.7200932751522641
CAG-417 [MB_G202]	C56:6 TAG [MT_M031]	0.034305396483751804	0.6127993771545767	0.7200932751522641
CAG-417 [MB_G202]	C3-DC-CH3 carnitine [MT_M022]	0.034155435717251874	0.6143541159592985	0.7210729060555147
MWCK01 [MB_G183]	ethyl glucuronide [MT_M029]	0.03390965671850567	0.6169059869959583	0.7232192110151915
MWCK01 [MB_G183]	C56:7 TAG [MT_M038]	0.03377886261062738	0.6182658726577515	0.723379402072609
Scatocola [MB_G173]	ethyl glucuronide [MT_M029]	-0.0337573767458723	0.6184893887720807	0.723379402072609
Enterococcus_B [MB_G054]	C46:1 TAG [MT_M036]	-0.03336608038892729	0.622566136901681	0.727296888903833
Parasutterella [MB_G067]	4-hydroxystyrene [MT_M003]	0.03317415515913464	0.6245699426345306	0.7281080137802014
Merdimorpha [MB_G184]	deoxycholic acid [MT_M015]	0.033160111398119065	0.6247166758234128	0.7281080137802014
Escherichia [MB_G008]	taurolithocholic acid [MT_M021]	-0.03283467409486976	0.6281210656601078	0.7312235921537926
Akkermansia [MB_G015]	saccharin [MT_M008]	0.03243072384866145	0.63235772458647	0.7352525623073042
MWCK01 [MB_G183]	C56:5 TAG [MT_M040]	0.032298099909594265	0.6337513201508354	0.7352525623073042
Parasutterella [MB_G067]	C56:1 TAG [MT_M017]	-0.03229463857659812	0.6337877087088962	0.7352525623073042
Scatocola [MB_G173]	C42:0 TAG [MT_M014]	-0.03201597668623442	0.6367201254020863	0.7377985230615137
Phascolarctobacterium [MB_G062]	taurochenodesoxycholic acid [MT_M007]	0.03160280103859145	0.6410784685214245	0.7419889681960932
Scatacola_A [MB_G116]	ethyl glucuronide [MT_M029]	-0.03137681248618982	0.6434675077968395	0.7438930725975023
Acidaminococcus [MB_G048]	saccharin [MT_M008]	-0.030879071453451527	0.6487422777875045	0.7491250320871876
RUG705 [MB_G156]	deoxycholic acid [MT_M015]	-0.030137461812089247	0.6566339250028821	0.7573632352974419
Bifidobacterium [MB_G007]	C42:0 TAG [MT_M014]	0.029786812968705802	0.6603786199061158	0.760783543975948
Klebsiella [MB_G017]	C44:1 TAG [MT_M032]	-0.029694131843861212	0.6613698100246211	0.760783543975948
Akkermansia [MB_G015]	C20:4 carnitine [MT_M009]	0.029646290786254064	0.6618816832590748	0.760783543975948
RUG705 [MB_G156]	C20:4 carnitine [MT_M009]	0.02939889004387744	0.6645312366139157	0.7623503539468508
Citrobacter [MB_G134]	4-hydroxystyrene [MT_M003]	-0.029376660612032375	0.6647695086416539	0.7623503539468508
CAG-417 [MB_G202]	C56:2 TAG [MT_M026]	-0.02883167340881632	0.6706215690046324	0.768180491414241
RUG705 [MB_G156]	creatine [MT_M028]	0.02861949494246659	0.6729053389073687	0.7699145754088886
Parasutterella [MB_G067]	C52:6 TAG [MT_M016]	0.028312120964644243	0.6762190557463655	0.7728217779958463
MWCK01 [MB_G183]	C56:1 TAG [MT_M017]	-0.028178924229538032	0.6776569553044911	0.7735809992060401
Scatocola [MB_G173]	C56:7 TAG [MT_M038]	0.027258395765784406	0.6876260000140264	0.7840661345655945
Scatocola [MB_G173]	C44:0 TAG [MT_M027]	-0.026947924499284282	0.6910006135449616	0.7866258135204015
Parasutterella [MB_G067]	C46:1 TAG [MT_M036]	0.0269071656109278	0.691444090084433	0.7866258135204015
CAG-417 [MB_G202]	C52:6 TAG [MT_M016]	0.026798608332160665	0.6926257586857069	0.7870747257792123
Acidaminococcus [MB_G048]	C46:1 TAG [MT_M036]	-0.026041916931363027	0.7008830090369698	0.7955539262621677
MWCK01 [MB_G183]	C56:3 TAG [MT_M030]	0.02529902451672503	0.7090239724686371	0.8038820549531033
MWCK01 [MB_G183]	C44:0 TAG [MT_M027]	-0.024754502061119583	0.7150121983778283	0.8097533390462381
MWCK01 [MB_G183]	4-hydroxystyrene [MT_M003]	0.02443073946624449	0.7185809861296013	0.8123184280985726
Parasutterella [MB_G067]	carnosol [MT_M010]	0.024401661437749134	0.7189018088672368	0.8123184280985726
Pediococcus [MB_G103]	C46:1 TAG [MT_M036]	-0.024018981605501415	0.7231285446405241	0.8149939179712702
Parasutterella [MB_G067]	C44:0 TAG [MT_M027]	-0.023972360275516868	0.7236440584378216	0.8149939179712702
Pediococcus [MB_G103]	saccharin [MT_M008]	0.023965981686832217	0.7237145991584879	0.8149939179712702
Haemophilus_D [MB_G055]	3-methylxanthine [MT_M033]	0.023755830395682673	0.7260399593165477	0.8166928676226634
MWCK01 [MB_G183]	C56:6 TAG [MT_M031]	0.023362106175991403	0.7304033274176077	0.8206778959748401
Phascolarctobacterium [MB_G062]	imidazole propionate [MT_M034]	0.022851089247638273	0.7360794964896107	0.8261273810208875
Phascolarctobacterium [MB_G062]	carnosol [MT_M010]	0.022572106429858137	0.7391843952598053	0.8286820574661494
MWCK01 [MB_G183]	C44:1 TAG [MT_M032]	0.022439998067936597	0.7406561541464814	0.8294021882939322
Akkermansia [MB_G015]	C44:0 TAG [MT_M027]	-0.022168296010914978	0.743686021807881	0.8318635590692182
Acidaminococcus [MB_G048]	4-hydroxystyrene [MT_M003]	0.021949174298455304	0.7461324199480333	0.8336675083218249
Citrobacter [MB_G134]	ethyl glucuronide [MT_M029]	-0.021416750526138964	0.7520872539275396	0.8389059090651624
Akkermansia [MB_G015]	C52:6 TAG [MT_M016]	0.021306687354044635	0.7533200864348039	0.8389059090651624
MWCK01 [MB_G183]	p-hydroxyphenylacetate [MT_M039]	0.02130513256323329	0.7533375063405159	0.8389059090651624
Merdimorpha [MB_G184]	C52:6 TAG [MT_M016]	-0.02120330071285595	0.7544787034737565	0.8392421618173042
MWCK01 [MB_G183]	C54:8 TAG [MT_M024]	-0.02102194997300758	0.7565123608223266	0.8402481752816215
Merdimorpha [MB_G184]	C54:9 TAG [MT_M001]	0.020824573322248904	0.7587276362223381	0.8402481752816215
Fusobacterium [MB_G124]	taurodeoxycholic acid [MT_M013]	-0.020735365030593915	0.75972952079628	0.8402481752816215
Lactobacillus [MB_G050]	taurodeoxycholic acid [MT_M013]	-0.020698966243958023	0.7601384251070455	0.8402481752816215
RUG705 [MB_G156]	C44:1 TAG [MT_M032]	-0.020689442634228738	0.7602454244213824	0.8402481752816215
Parasutterella [MB_G067]	C56:3 TAG [MT_M030]	-0.02064953806155207	0.760693808344492	0.8402481752816215
Phascolarctobacterium [MB_G062]	C56:2 TAG [MT_M026]	0.020598727954660643	0.7612648468051492	0.8402481752816215
Enterococcus_B [MB_G054]	C56:7 TAG [MT_M038]	-0.020286033664203187	0.7647819498954418	0.8431995037435962
Lacticaseibacillus [MB_G193]	saccharin [MT_M008]	-0.020156196710632745	0.7662437431044473	0.8438807743441049
CAG-417 [MB_G202]	C42:0 TAG [MT_M014]	0.019724599698204157	0.7711088731594212	0.8483045909344568
Parasutterella [MB_G067]	creatinine [MT_M005]	0.01960890385806592	0.7724145717838709	0.8488072217405174
Acidaminococcus [MB_G048]	C44:1 TAG [MT_M032]	0.01916864031207348	0.7773890403725401	0.8533359389380242
MWCK01 [MB_G183]	C20:4 carnitine [MT_M009]	-0.018347193867299934	0.7866945600019135	0.8626036842126245
Phascolarctobacterium [MB_G062]	5alpha-cholestanol [MT_M023]	-0.018201242488999927	0.7883511398968577	0.8634733186164925
Ruminococcus_B [MB_G011]	C56:5 TAG [MT_M040]	-0.01807833501203993	0.7897469045221944	0.8639347767727907
Merdimorpha [MB_G184]	C42:0 TAG [MT_M012]	-0.01801201563862954	0.7905003207471035	0.8639347767727907
CAG-417 [MB_G202]	C20:4 carnitine [MT_M009]	-0.017860300168832704	0.7922246031527799	0.8648740209091483
Longicatena [MB_G128]	C20:5 LPC [MT_M035]	0.01734073452751818	0.7981371919555045	0.8703786171815752
Parasutterella [MB_G067]	C3-DC-CH3 carnitine [MT_M022]	0.017208763971370635	0.7996408471865624	0.8710684609875406
RUG705 [MB_G156]	C56:5 TAG [MT_M040]	0.01707658542110649	0.8011476120308412	0.8717601871935159
Bifidobacterium [MB_G007]	N-methylproline [MT_M025]	-0.016898265544441127	0.8031815270213866	0.8730233989362897
Longicatena [MB_G128]	C54:8 TAG [MT_M024]	-0.016809891438101552	0.8041900130521598	0.8731704810555481
Parasutterella [MB_G067]	C2 carnitine [MT_M004]	-0.016729103986792407	0.805112206838065	0.8732236516681832
Akkermansia [MB_G015]	hydrocinnamic acid [MT_M011]	0.016513089505913174	0.8075793450777105	0.8742796859695121
Lactobacillus [MB_G050]	saccharin [MT_M008]	0.01649076465700844	0.8078344298358292	0.8742796859695121
Lacticaseibacillus [MB_G193]	taurolithocholic acid [MT_M021]	0.015676115973265892	0.8171563132653394	0.8834122305571237
RUG705 [MB_G156]	glycoursodeoxycholic acid [MT_M019]	-0.015447388803970792	0.8197782840289499	0.88528972357338
CAG-417 [MB_G202]	C54:9 TAG [MT_M001]	0.015080501351512544	0.8239881990295639	0.8888761586079438
RUG705 [MB_G156]	alpha-muricholate [MT_M002]	0.014831323030596593	0.8268503181551357	0.8910024980119996
RUG705 [MB_G156]	C56:1 TAG [MT_M017]	-0.014651943075533894	0.8289121346703465	0.8913349964025825
Pediococcus [MB_G103]	C44:1 TAG [MT_M032]	-0.014649384945239414	0.8289415466544018	0.8913349964025825
Anaeroglobus [MB_G130]	saccharin [MT_M008]	-0.014570021651920059	0.8298541405224766	0.8913578308512101
RUG705 [MB_G156]	C52:6 TAG [MT_M016]	0.01429786401750442	0.8329853895963082	0.8937611476355237
RUG705 [MB_G156]	C3-DC-CH3 carnitine [MT_M022]	-0.013939075310781023	0.837117369741404	0.8972319075470568
MWCK01 [MB_G183]	C52:6 TAG [MT_M016]	-0.013771326588062578	0.8390507823862272	0.8982638745906644
Escherichia [MB_G008]	C56:7 TAG [MT_M038]	0.013699691080298919	0.8398767227422712	0.8982638745906644
Lactobacillus [MB_G050]	imidazole propionate [MT_M034]	0.013557832099481576	0.8415128389864044	0.8990521784042781
MWCK01 [MB_G183]	imidazole propionate [MT_M034]	-0.013415829868015684	0.8431512883878484	0.8998412896348434
Ruminococcus_B [MB_G011]	C56:7 TAG [MT_M038]	-0.01321085615679733	0.8455175026404147	0.9012309272036084
Phascolarctobacterium [MB_G062]	C3-DC-CH3 carnitine [MT_M022]	0.013146922127014885	0.8462558406441882	0.9012309272036084
RUG705 [MB_G156]	C20:5 LPC [MT_M035]	-0.01292486316345699	0.8488213118046363	0.9030013955368471
CAG-417 [MB_G202]	C56:3 TAG [MT_M030]	-0.012746482268098148	0.8508833192839289	0.904233070439882
MWCK01 [MB_G183]	taurochenodesoxycholic acid [MT_M007]	-0.012432982246909113	0.8545096930422389	0.9071228163930349
Scatacola_A [MB_G116]	3-methylxanthine [MT_M033]	-0.012256315151444855	0.8565546189868333	0.9083293944717215
Merdimorpha [MB_G184]	C54:8 TAG [MT_M024]	0.012038480551572122	0.8590773755608343	0.9100395927551211
RUG705 [MB_G156]	carnosol [MT_M010]	-0.01159819398215331	0.8641807015565516	0.914129527124033
Akkermansia [MB_G015]	glycoursodeoxycholic acid [MT_M019]	-0.011547683146596283	0.8647665326593351	0.914129527124033
Akkermansia [MB_G015]	C2 carnitine [MT_M004]	-0.011205636161910029	0.868735563842226	0.9173554000445894
MWCK01 [MB_G183]	C56:2 TAG [MT_M026]	0.011023908320245735	0.8708456337363599	0.9176432213497748
RUG705 [MB_G156]	C56:6 TAG [MT_M031]	0.011009161984567126	0.8710168959684293	0.9176432213497748
Ruminococcus_B [MB_G011]	C56:6 TAG [MT_M031]	0.010870545064678194	0.8726270693224447	0.9176432213497748
RUG705 [MB_G156]	C54:9 TAG [MT_M001]	0.010866100720809239	0.8726787035036359	0.9176432213497748
CAG-417 [MB_G202]	carnosol [MT_M010]	0.010384946109548137	0.8782718760164133	0.9225243131733412
Parasutterella [MB_G067]	saccharin [MT_M008]	0.010237169615095281	0.8799909262305579	0.9225243131733412
Parasutterella [MB_G067]	C20:5 LPC [MT_M035]	-0.010228809469076656	0.8800881947673674	0.9225243131733412
RUG705 [MB_G156]	C2 carnitine [MT_M004]	0.009773881541468937	0.885383856003418	0.9271035141397047
Merdimorpha [MB_G184]	glycodeoxycholic acid [MT_M018]	0.00969346304491365	0.8863205162933474	0.9271135107670998
Parasutterella [MB_G067]	deoxycholic acid [MT_M015]	0.009491705747033232	0.8886711403967411	0.9283323042871722
Enterococcus_B [MB_G054]	taurodeoxycholic acid [MT_M013]	-0.009434110511190431	0.8893423475071109	0.9283323042871722
Parasutterella [MB_G067]	C56:5 TAG [MT_M040]	0.008875783558653639	0.8958530274537446	0.93398847036743
Phascolarctobacterium [MB_G062]	C56:3 TAG [MT_M030]	0.008803974837393104	0.8966909079286627	0.93398847036743
Citrobacter [MB_G134]	taurolithocholic acid [MT_M021]	-0.008729251351412315	0.8975629200231002	0.93398847036743
Lactobacillus [MB_G050]	C44:0 TAG [MT_M027]	-0.008395749707352965	0.9014563186583573	0.9361710625464861
CAG-417 [MB_G202]	glycoursodeoxycholic acid [MT_M019]	0.008389206214170913	0.901532733232266	0.9361710625464861
Enterobacter [MB_G086]	ethyl glucuronide [MT_M029]	0.007900713267641865	0.907239839045415	0.9411201649848704
Pediococcus [MB_G103]	taurolithocholic acid [MT_M021]	0.007784981373495117	0.9085926531472701	0.9415467908261866
Parasutterella [MB_G067]	atenolol [MT_M006]	-0.007567600827506386	0.9111343681346835	0.942676926381683
Scatocola [MB_G173]	C20:4 carnitine [MT_M009]	-0.007530471911792461	0.9115685878110874	0.942676926381683
RUG705 [MB_G156]	C46:1 TAG [MT_M036]	0.006984613676938255	0.9179553155364484	0.9483009458021161
MWCK01 [MB_G183]	C46:1 TAG [MT_M036]	-0.006793293749783493	0.920195090225008	0.9489390208849936
CAG-417 [MB_G202]	C54:8 TAG [MT_M024]	0.006769742271764632	0.9204708502584438	0.9489390208849936
Limosilactobacillus [MB_G072]	C46:1 TAG [MT_M036]	-0.006422144581789571	0.9245418963209503	0.9521543731420704
RUG705 [MB_G156]	C56:3 TAG [MT_M030]	-0.0061795830041409955	0.9273839343642816	0.9540986979056395
Parasutterella [MB_G067]	C4 carnitine [MT_M020]	-0.005935093336553675	0.9302494946454253	0.9560632010744351
Merdimorpha [MB_G184]	C44:1 TAG [MT_M032]	-0.005713505043127768	0.9328474146175377	0.9577488856442893
Scatocola [MB_G173]	glycodeoxycholic acid [MT_M018]	-0.0053325924604648075	0.9373149113420357	0.9608128405125967
Bifidobacterium [MB_G007]	C44:0 TAG [MT_M027]	-0.0052865933829789515	0.9378545425519544	0.9608128405125967
Lacticaseibacillus [MB_G193]	C46:1 TAG [MT_M036]	-0.005213324381388313	0.938714145180807	0.9608128405125967
MWCK01 [MB_G183]	hydrocinnamic acid [MT_M011]	-0.004866007330855096	0.9427898677322397	0.9633037625629268
Scatocola [MB_G173]	saccharin [MT_M008]	0.0048417668501387935	0.9430743835491053	0.9633037625629268
Parasutterella [MB_G067]	taurochenodesoxycholic acid [MT_M007]	-0.0046864949876683284	0.9448970128568246	0.9634600481662362
RUG705 [MB_G156]	p-hydroxyphenylacetate [MT_M039]	0.0046645777701118	0.9451543072510777	0.9634600481662362
Merdimorpha [MB_G184]	C42:0 TAG [MT_M014]	0.0036925184893802578	0.9565710016865754	0.9718103605416882
Merdimorpha [MB_G184]	C46:1 TAG [MT_M036]	0.0036373767532035936	0.9572189206355045	0.9718103605416882
Phascolarctobacterium [MB_G062]	C44:1 TAG [MT_M032]	0.0035839152883306038	0.9578471230935846	0.9718103605416882
Citrobacter [MB_G134]	C56:7 TAG [MT_M038]	0.003524659870335759	0.9585434381413351	0.9718103605416882
Scatacola_A [MB_G116]	C44:1 TAG [MT_M032]	-0.0035151059808097756	0.9586557095983619	0.9718103605416882
Bifidobacterium [MB_G007]	C46:1 TAG [MT_M036]	-0.0034707618016273753	0.9591768258546463	0.9718103605416882
Longicatena [MB_G128]	C52:6 TAG [MT_M016]	-0.0026682792695856402	0.9686100773675934	0.9803745722344063
Lacticaseibacillus [MB_G193]	C44:1 TAG [MT_M032]	0.0025541081944171896	0.9699525532708917	0.9806493936497218
Scatocola [MB_G173]	3-methylxanthine [MT_M033]	-0.002478392526589149	0.9708428997132246	0.9806493936497218
Enterococcus_B [MB_G054]	4-hydroxystyrene [MT_M003]	-0.00222859007786893	0.9737805961492068	0.9817633983978437
RUG705 [MB_G156]	C56:2 TAG [MT_M026]	0.002217647404717738	0.9739092912106609	0.9817633983978437
Merdimorpha [MB_G184]	C44:0 TAG [MT_M027]	0.0009796754044483673	0.9884724380335775	0.9947225967081756
CAG-417 [MB_G202]	C44:1 TAG [MT_M032]	0.0008746945871291745	0.9897076453360905	0.9947225967081756
Akkermansia [MB_G015]	creatinine [MT_M005]	-0.0008711812565253726	0.9897489837246347	0.9947225967081756
Akkermansia [MB_G015]	C34:1 PC plasmalogen-A [MT_M037]	0.0006724539166680911	0.9920872813574679	0.9960715676279799
RUG705 [MB_G156]	atenolol [MT_M006]	0.0005841364575232882	0.9931264793186354	0.9961148237900054
Escherichia [MB_G008]	ethyl glucuronide [MT_M029]	-0.00041995961202794435	0.9950583152752878	0.9970524201155188
Scatocola [MB_G173]	C56:6 TAG [MT_M031]	-0.00020105181355791163	0.9976342021712857	0.9986328350062921
CAG-417 [MB_G202]	5alpha-cholestanol [MT_M023]	-3.19615700933877e-05	0.9996239043108157	0.9996239043108157
