Microbe	MT_M001	MT_M002	MT_M003	MT_M004	MT_M005	MT_M006	MT_M007	MT_M008	MT_M009	MT_M010	MT_M011	MT_M012	MT_M013	MT_M014	MT_M015	MT_M016	MT_M017	MT_M018	MT_M019	MT_M020	MT_M021	MT_M022	MT_M023	MT_M024	MT_M025	MT_M026	MT_M027	MT_M028	MT_M029	MT_M030	MT_M031	MT_M032	MT_M033	MT_M034	MT_M035	MT_M036	MT_M037	MT_M038	MT_M039	MT_M040	MT_M041	MT_M042	MT_M043	MT_M044	MT_M045	MT_M046	MT_M047	MT_M048	MT_M049	MT_M050	MT_M051	MT_M052	MT_M053	MT_M054	MT_M055	MT_M056	MT_M057	MT_M058	MT_M059	MT_M060	MT_M061	MT_M062	MT_M063	MT_M064	MT_M065	MT_M066	MT_M067	MT_M068	MT_M069	MT_M070	MT_M071	MT_M072	MT_M073	MT_M074	MT_M075	MT_M076	MT_M077	MT_M078	MT_M079	MT_M080	MT_M081	MT_M082	MT_M083	MT_M084	MT_M085	MT_M086	MT_M087	MT_M088	MT_M089	MT_M090	MT_M091	MT_M092	MT_M093	MT_M094	MT_M095	MT_M096	MT_M097	MT_M098	MT_M099	MT_M100	MT_M101	MT_M102	MT_M103	MT_M104	MT_M105	MT_M106	MT_M107	MT_M108	MT_M109	MT_M110	MT_M111	MT_M112	MT_M113	MT_M114	MT_M115	MT_M116	MT_M117	MT_M118	MT_M119	MT_M120
MB_G001	0.0035938852697188347	0.009666733071714574	0.0007018896661496912	0.036038408049481226	0.019180250008617075	0.01742187538723745	0.0017678789543199409	0.0013622866039093575	0.0021255634707265337	0.0009938013945306665	0.0004603852840749989	0.0035404455466604076	0.017100727441484505	0.00277200913765062	0.014638008227436104	0.0038638551680988957	0.002711196503506033	0.009517254851951405	0.008537375361370994	0.01579154399038381	0.011293623390814148	0.003132853272500102	0.005772251131701117	0.07306226859046955	0.019032191490638645	0.0027366391002459933	0.000968721488842892	0.013743067179477732	0.0035516552374125158	0.0016088045782638614	0.0031440798598512763	0.015079351889223906	0.0010498005827670584	0.006472835060488923	0.0034694273909753695	0.006251466268114894	0.00025635618301433205	0.002156678761713087	0.002352629717851772	0.0016114848316431123	0.020060532091712043	0.0012002540187035758	0.0015456216118764764	0.003678622441970468	0.0012657812652672703	0.019289623417665956	0.0003392896852489972	0.0004785260422995751	0.0021706428753478254	0.005129360243199839	0.004439991980592402	0.00209572311536935	0.0015790516728643015	0.00031245888695535887	0.0004446440107007068	0.011387759380651593	0.007393273566103905	0.003018331599024082	0.00934403183563334	0.0029256747800827	0.0014790450563863429	0.00021886793414018727	0.0020545771842854854	0.001998059465114977	0.009585045987613396	0.002364590597306645	0.0015152738082282796	0.004419262299620242	0.007279055489518918	0.007369554171244162	0.006236322915393843	0.0014463513783423525	0.023574877759578044	0.0014881456541447676	0.0012668234500235111	0.009857003963443647	0.00032066878568886767	0.001155748388069696	0.007074921631537155	0.006768716898366607	0.0017097123571640247	0.015025433372855062	0.0012806583103459966	0.002183103879618579	0.0014921151604358174	0.0026846795749493123	0.0008203412452937557	0.01151838085930689	0.0022081343272764894	0.003617869743774407	0.0045936339110042345	0.0031031591369295817	0.17100010305489816	0.022520570477308266	0.0020385781523916636	0.00029367175159892466	0.0028041104533569	0.043590265534944675	0.014688268149865808	0.02846444302329771	0.0007187351292696449	0.003076748108231859	0.00637134717300577	0.023405299411072687	0.006606983045246086	0.0015008860147898955	0.0008298395135323563	0.005519322033663231	0.012130826123938345	0.006904149976616257	0.0007392470081488018	0.0013310491702734773	0.000823317271324158	0.0034827961906617154	0.005363494683196582	0.015207780914742647	0.00039287381684981155	0.002003516873308457	0.023018414672749628	0.0008324736584119077
MB_G002	0.014088544095675212	0.00027800627808193716	0.012764310225084336	0.0018817547958702267	0.0016934204977047669	0.008619120753510144	0.09569506524424927	0.0015350168025038097	0.000571866116831179	0.000310407094740229	0.0007056483490823423	0.000775200564933823	0.00011578607702127614	0.004299810716165315	0.0037723602879916746	0.007742151917194957	0.002879884996812329	0.0006050946887315862	0.0040130085706215285	0.009298945641962306	0.0008174895333886706	0.0008944808915388029	0.001041948185728781	0.00022967039763205593	0.0070481648769809765	0.009016602791673873	0.0047228297595128	0.00011891833553136802	0.03775229475052483	0.019216835570701887	0.002327170751473269	0.005988320967317811	0.00010627134369558554	0.016028895425595765	0.0004981276619915643	0.0058033774418211614	0.004634659784282998	0.0030007514656489316	0.0030378308936497424	0.001596235485632963	0.0006377314039075461	0.0012845299731300865	0.002358773783100549	0.02188311625750772	0.006212170691094276	0.007443655711985895	0.04621569379107595	0.003456797344456385	0.001220155859592777	0.03874127185814554	0.006495810735873456	0.000693416315209766	0.02101735074575404	0.0008163106362714436	0.0010306182248247054	0.0015509454389131371	0.0066885523699475044	0.003457794261601098	0.00011487758770015187	0.001138552629626091	0.0054980054779010575	0.01768496301276484	0.005931082150172365	0.002366123527554968	0.06790134603762064	0.013441656309952772	0.00423402134671306	0.017601855283667454	0.08119343879613472	0.0025624502229540064	0.0031225706357542217	0.0010596031455248768	0.00018039060334166702	0.00011500049614544336	0.0005368897881577246	0.014002870986971283	0.005917334627008221	0.0015631713897547085	0.004940776370937569	0.0034693169951981145	0.03045325127324483	0.018794710940247056	0.001295715029996661	0.002306341033298756	0.0008790519735447829	0.00019456582837419354	0.0005077929601012567	0.00391957097381332	0.0004945209096446199	0.003829962283246398	0.0030860832772916587	0.00016015151481702438	0.0009375081587428478	0.006305215377105161	0.0010152882023046358	0.0005655423327837003	0.005166717737435919	0.00012077049533774422	0.0008058165098466455	0.016237110197659787	0.0003605024990852878	0.012619159816651258	0.0020892098567246308	0.0012144482998713377	0.11062995764969556	0.005371137322111988	0.0005974563870289123	0.0033960472562565313	4.006559477844894e-05	0.003217782154071977	0.006796321003971622	0.0006487921433748522	0.00037495407120437886	0.002988335489071199	0.01240716950772445	0.0012505245598160148	0.01241200184893917	0.0013446883058341624	5.1039456285973364e-05	0.0038074469156253116
MB_G003	0.01251131357773861	0.0010200060432353302	0.0011928699682121225	0.011494948288085598	0.0064840146265496956	0.020118778063188417	0.031208966931561312	0.0005706285649416946	0.0016044396083272387	0.0005949484337617287	0.001305218621149685	0.0027128242633677755	0.001542687316638116	0.007897104900461796	0.013540892416075555	0.008490922610980188	0.004480295415346326	0.002942873434208345	0.0030294242728246264	0.026077391409408235	0.006780283810941015	0.0010642650247967666	0.004718612677103981	0.002014877312929192	0.02804298297213879	0.01211320983309575	0.00489696517117004	0.0022610688778824436	0.040287088208578695	0.023555682746040543	0.003141339722100938	0.008245863570432643	0.00019987699637082844	0.013050831033079247	0.005634984468038115	0.0009907402793305003	0.0009137105529731332	0.0009230296504228017	0.005298368854983878	0.0034664731610460557	0.003351928973421241	0.0027978837435947788	0.0006500184631859477	0.016506326335953617	0.0023171041086818005	0.029640117137827313	0.005287708962331207	0.0036388414731218775	0.00366590520911136	0.012483649360749154	0.004668584450594804	0.0016107003050870538	0.010778417269104588	0.0013904622442565346	0.0013284297782686428	0.003320014038453946	0.004638498977936518	0.009086013678855104	0.0008132401019515416	0.00194602292224365	0.0020948195791245304	0.004235336590535051	0.008478359339028465	0.0036850079755012827	0.030980974516663047	0.028868291852205647	0.00449991780003601	0.005462359668982652	0.0159984610724684	0.0025518600452361538	0.002636141354934493	0.0009201054460446117	0.003637509956787531	0.0011148136075202584	0.0005287065464358594	0.0031104812899269136	0.0019572620131489923	0.00041145178620292363	0.007109445542121175	0.007238600399774435	0.005276776924896363	0.010654909610413044	0.00275018268143086	0.0025851376005700233	0.0006833093603002157	0.0007772466775536722	0.0017280732694744377	0.004564187553705912	0.000711020372052541	0.0029091338604076743	0.005593577917137981	0.000564219936771083	0.010056649433391731	0.02867594783487453	0.0013163066039221687	0.0013248536255937343	0.008855233554331956	0.0023495636690765605	0.002887064519105372	0.03989878109136859	0.0006836111295314271	0.014202702949974166	0.0015344616239103698	0.004705808724300245	0.17066491041327542	0.004634802599435346	0.0004005947097375875	0.030062190062670007	0.0010509257371895263	0.005753229815452445	0.0006549298244074191	0.002293873467968571	0.00041787290847075117	0.0029468057855231715	0.024613455892103252	0.005656135132783371	0.007502692837563326	0.0016089016146483294	0.0010112953978246202	0.0035780456699251984
MB_G004	0.0022387651927344198	0.0017015111875046032	0.0008771434454164749	0.019238143271461876	0.007484577263689648	0.014987989822079922	0.009535688558374226	0.0014275418472573394	0.001826259215519144	0.0019872897776225186	0.001004294925146233	0.0017627259205495465	0.012938400501684195	0.008426377906043121	0.02532664143629564	0.0027642495991278652	0.005807078262776739	0.007278884138944828	0.00631087329301804	0.014811003044998525	0.003940040639107168	0.002965617956181739	0.0009099414778520103	0.034455665566162225	0.026560638210000643	0.007686172365499358	0.0019707388510841178	0.004331376246890407	0.00452606112567896	0.0038671987405935306	0.003988103542294188	0.010645960541400077	0.00016893036865791523	0.013385841166626496	0.0024253537652633686	0.03300212242190897	0.00042277420705268777	0.004502728738055491	0.0014125605124679402	0.000739756723448694	0.01200863732833597	0.0017798215081026212	0.0027840770348605322	0.002429934994427413	0.0010577887936571626	0.01197348733871214	0.0019021035799124907	0.0005691692869524011	0.0024457188949359955	0.009058124243015983	0.004710432070560854	0.0008128595896627698	0.004598068499151789	0.00041173477611360017	0.00043379359445634095	0.014991965996601483	0.006754222426974885	0.004520605608962693	0.005993397012418304	0.0020974109428125746	0.00617123736606162	0.0007076948498238471	0.003913319541931065	0.0024918481584307425	0.13623212580196034	0.0030446487425755814	0.004336897894874567	0.012830379216615886	0.019612684659668565	0.012694341701305886	0.006796654449745876	0.0013664076927091518	0.0030456326518216725	0.0014504451798143412	0.0011109503323097063	0.015214169037122662	0.0005296199348849534	0.004572984492436493	0.014406074181573613	0.003510137132337588	0.009597583912880023	0.02025758770799674	0.0012380280077284233	0.0014200212044848189	0.0022594405322117006	0.0006058063383842125	0.0009803285040055876	0.005495806614681818	0.0035922143524877138	0.005984787651909048	0.005181625240333853	0.0024753529040240207	0.061229617976720614	0.0158788441238463	0.0024074179048730023	6.381222164392131e-05	0.004926646829377914	0.034581997173551836	0.01745348569383174	0.022112630288193894	0.0003081599441995088	0.010905346862862552	0.005135403553534851	0.025608277145798206	0.021020733596579085	0.006922345606734686	0.0009938427200107919	0.005519636426103324	0.0026279888502215624	0.007906572876675948	0.005996962374032302	0.0016170306104541568	0.000527127539441787	0.0030806911758109014	0.004075921756482002	0.009685724504918584	0.0005341159490332148	0.002557707374115012	0.011176243465167088	0.0010425041695542325
MB_G005	0.004010131612346184	0.0007351767600460126	0.006307839774811684	0.0060766346481770225	0.003790000630572166	0.01626622712171291	0.06750894455198722	0.0013874621547738393	0.0011349795165158912	0.0005075702118090572	0.0010389468306725644	0.0017853451352829335	0.00046130437594916904	0.00638607321554493	0.007228445767424555	0.01056462585433941	0.0035628480028931067	0.0016266574567449048	0.005424185844648528	0.017825096849952912	0.0027813083190523983	0.0011423025526358008	0.0027619831988471327	0.0007933093385991685	0.015787479536080794	0.012192062168706117	0.006600922898824529	0.0006563676764639834	0.05065605546569932	0.02090277007858547	0.0028789400829458615	0.009518872225018148	0.0002228154566860707	0.01646684170407396	0.0018885478875534508	0.0029118251126495115	0.002905722251222147	0.002051914429682492	0.0051739673615876156	0.0033230295685129168	0.0018732634875623265	0.0020601840644661083	0.0017802461274625625	0.02444960657915595	0.005784182838670341	0.017713261470455193	0.01904710216473028	0.004862982763857167	0.0024635907220933694	0.029007518938117247	0.0072273793208168305	0.0013515821094425206	0.015595332814906125	0.0013126816704280553	0.0014018836886323222	0.0024751300160815123	0.008154750690340797	0.00671866331258077	0.00039659692529210426	0.0018750491447135002	0.003545932096242069	0.011501245041261411	0.007442147958713965	0.003652638815504655	0.040431926575873384	0.023540425399248503	0.004847724234180861	0.012232121157957297	0.046075547303211846	0.003032264010890287	0.0037578122027728824	0.0013030943825133017	0.0011817035164356448	0.000436376052740164	0.0007896861980902293	0.008631224258936903	0.004879170579199337	0.0009723672858188157	0.0068508840963332025	0.006788586438495474	0.014240783142872958	0.018413819046810557	0.002223932723879504	0.0034004936157067864	0.0009919144032231877	0.0004986396071254476	0.001068336178059703	0.0057020825933505135	0.0006719431147588921	0.004262582608821384	0.004584635909196096	0.0003741417431779731	0.003793293697099728	0.014554849863638532	0.001248543124937695	0.0013268908437965717	0.007362257305496185	0.0005198396690227925	0.0016693760385469239	0.028449965310115066	0.0006174446761482962	0.014663830434630931	0.002403860454814427	0.002596324988851578	0.11505071031583661	0.005003809054796705	0.000707674189785999	0.011781775875569186	0.00023861074017036306	0.004909478493289521	0.0025614027215929568	0.0015389344141887623	0.0006132966650232764	0.0036721669663099385	0.022456757618533107	0.003373761183931048	0.01263847565915706	0.0018267727653645859	0.00028076955169507417	0.0050164226068168645
MB_G006	0.0020715201934114495	0.0008959226420890372	0.002369821532254175	0.024587533746728597	0.002911361418829835	0.017788271174756155	0.0372511354026915	0.0024824314928576304	0.0016501819105894846	0.0027209098420981083	0.0011715287519069907	0.0014616910197295936	0.007373124755027544	0.013475089259829851	0.016708197333525947	0.003438688345908709	0.0033178777623612287	0.0072883321564841735	0.014180521193086253	0.013573200727622707	0.002545488521284223	0.0016726429564824894	0.00038772603021439345	0.01402454931091796	0.032131903413450576	0.01654217932483901	0.008375507446009428	0.004083987828463461	0.011645984186493062	0.0032429340224451363	0.0020453479635971906	0.013573956670272221	0.0001368110038939998	0.014154000442447565	0.0026854162747916165	0.03488214095501653	0.0009387238323513562	0.003995735632968068	0.0017239280510997258	0.001378769840694723	0.012324452837837894	0.0016322274212216892	0.005376444390645018	0.002666869631817953	0.0024923513582686247	0.011609300653620624	0.004709025907505417	0.001772054112170765	0.0029337174487783944	0.015466662413449565	0.006043592750810894	0.0006103402977846417	0.0038349440126491897	0.000772067043101966	0.00045992690425621725	0.00840138156116835	0.0133713764602863	0.008508465992777775	0.006808608797248532	0.0019603397852452457	0.004603187473100954	0.002694898562983591	0.0033705619995703694	0.0037229342482155304	0.11257667625588674	0.00622308780191705	0.005960190311705953	0.019355867110522885	0.031013182383621392	0.01129112191297459	0.0077378911033542195	0.0016096736805581695	0.0035519861089083277	0.0026551685004962966	0.0024008646781472965	0.012927319976575799	0.0017333784490389172	0.005336070857894618	0.017584113889183958	0.0047496338129133136	0.012168190058181972	0.02493957545200908	0.0013174289825594388	0.0021897373371056726	0.002808419973484674	0.00030974431416894794	0.0011815851176552362	0.0045066239152190156	0.0026183114406891556	0.008705249931167705	0.0035006470607626796	0.002318691290164222	0.03616995687942627	0.009503300761286573	0.00115176126599236	0.000134543414602822	0.005039736818782119	0.010702624054224896	0.010286550174705585	0.014103419435499864	0.00020428394684387157	0.017995817122914218	0.004619918918198293	0.01401030285304735	0.010036222974325847	0.006812220643460526	0.002089757969056421	0.011408443387737837	0.0011112871169637135	0.006093262758393331	0.010010507370348752	0.0035319559358096887	0.001286504888392007	0.002599406319287308	0.006999880908551504	0.010915464165583443	0.0013728805068020165	0.0030608510556545867	0.009715039573306257	0.0027328606398981355
MB_G007	0.006076493804577005	0.0005015407145923109	0.0018612127091911	0.017766312555151195	0.002209139602937258	0.015704880310208665	0.05066238167603284	0.0017678508219125168	0.001429770506671919	0.0024786484355014712	0.0013318199233348712	0.0011835348151735606	0.005388552584312423	0.015685097673028378	0.017319635426640754	0.003071182248105532	0.0037341285575879972	0.005630750260317462	0.009425386976060391	0.013131983167351256	0.0020112160542562737	0.001340342963604579	0.00028353791633005187	0.008301419234010822	0.03233241283794881	0.019247272804209067	0.008711806169347223	0.0027063260507776362	0.013051619996878986	0.00465379794121821	0.0019947135776862057	0.010253912954907312	7.564109338773417e-05	0.01486599851621218	0.0025883110500206667	0.028896196416236097	0.0008913075465494621	0.0033701371978352413	0.0015363558218879077	0.0011350466457315032	0.008487336868313801	0.0017542358412851445	0.0040821549483946685	0.0025571028749406203	0.00199833845665828	0.01052692041256374	0.0063177320814231264	0.0018337039491345248	0.0028663266350328893	0.014846905363157048	0.0051310596194805436	0.0004705304564326722	0.0049623199915537946	0.0008150931867668403	0.0004589248102430498	0.007159126051555154	0.009954208251815182	0.008905052388808976	0.004388132291145932	0.0015824697773508033	0.005173060929225168	0.003374502995227316	0.003996529572834146	0.003552571548475855	0.1705478473892745	0.007440370150602575	0.00683418188402751	0.018686561923312826	0.030991776967872833	0.009485450109031115	0.0060010774406695265	0.0012812135992227678	0.00198738439938148	0.0023204234158807216	0.0017005546756960431	0.009892026598601987	0.001736969768538784	0.004716136523411418	0.017100072681342678	0.003761395784028435	0.014495694506417193	0.020808750810760317	0.0012882510511162697	0.001748700432290356	0.002291555895293176	0.00020603956622018888	0.0012042628582043919	0.0031780299526386053	0.0022383857188195237	0.007605677289587459	0.0033899273803000385	0.0016739866578085274	0.021923249481612606	0.009051606214290393	0.0010566349599929884	0.00010679776716044915	0.00565891307843902	0.007971451621802307	0.008363556881913073	0.013344985213845152	0.00016479095865465468	0.02223241604327814	0.0032335801594989793	0.011393518224672577	0.017244926922197968	0.008667664208350632	0.0015613807733656994	0.012619965095391313	0.0007010935092364852	0.005567932470461486	0.01027157768604568	0.003331864712585175	0.0008823462546957688	0.0022025952399574683	0.006894063841748022	0.008257346147734542	0.0016166670106346423	0.002667426802871277	0.005911191317052161	0.0026857371126159852
MB_G008	0.0013201159829265615	0.0017496867378952652	0.0010126061119056712	0.06544683423946446	0.003128898996083894	0.02623173582536817	0.02254514920213235	0.0011266637628569586	0.0018585025308243224	0.001458674129853088	0.0008374844180484998	0.0029154787369161245	0.007126036482106329	0.00908024833304162	0.009063947954630624	0.0052470077087008495	0.001021097822120363	0.009879837098690015	0.015223970892148785	0.018489328870319857	0.00841551137461357	0.0005678053348845696	0.0015682521674159487	0.008706382190816288	0.04353711862617663	0.015107159712938517	0.016644362695023195	0.020347578453658317	0.03185416507009917	0.0022493644802503727	0.0007447712313693997	0.01512989530065821	0.00035624126303778034	0.005692904994932618	0.011709375984765048	0.0010748796697179468	0.000496637446103522	0.0004916120122911088	0.003937935541229572	0.006375514469978695	0.018256421992618836	0.0014118804697864182	0.0013567555247172205	0.004134345026317882	0.00296314022238968	0.028836948878511813	0.001043591156399296	0.0052595702962661955	0.004374340353178492	0.007030000057901074	0.004061109871763812	0.001149421769855232	0.0010801840247833066	0.0014717186068845078	0.0005519059345180654	0.002676975470939707	0.012231318379805239	0.015854369831197035	0.009645282600383394	0.0019941001192604457	0.00042340173319488686	0.0022834500779339633	0.002116133341227765	0.004403883178272105	0.005064713106083663	0.020629391068883618	0.0028568151410044845	0.0038590921347476546	0.006596396638311317	0.0028868575015683503	0.0036811727728569554	0.0010509531256673017	0.04989897230664249	0.00907348708235711	0.0025739184989771392	0.0015584702316271608	0.001981665533047084	0.00038693843648107175	0.008625959736003986	0.011628889947159557	0.0011207070894268829	0.00996636465714101	0.0018605971462955775	0.0035908673971126615	0.0010319015610874018	0.0006831524782065582	0.0019224644952399964	0.004172433121053336	0.0007101050794172548	0.00399285606430424	0.002232365163979274	0.002019093182563969	0.056893863290699044	0.014137408822263697	0.0003585987538404041	0.0018772245375478067	0.003960357433496848	0.006134483550753805	0.004326680507260744	0.015065330310453939	0.00030460809080447987	0.009769840609335457	0.0018585583967912968	0.0062966083426761466	0.004569470838698649	0.001427457664514427	0.0013956108098071413	0.07797483229549443	0.0039055834531338865	0.003732155550215857	0.00039339330270530203	0.008807991780746227	0.002346545551602099	0.0016147609851369152	0.022983310275317196	0.01989635716685288	0.0031165195912373797	0.0019428313862451074	0.019658035440753736	0.0052139577902674105
MB_G009	0.007555006058599172	0.006321812474351173	0.0001796731055443373	0.01878136962246943	0.024502255832846036	0.011185486421321847	0.000755569188460384	0.0005432557424066425	0.0017707161110388457	0.0007964529463635628	0.0004566430121797455	0.0025450249780970416	0.023234679617617052	0.0023964902942053283	0.023109547730678835	0.002039265715832976	0.004979040535585629	0.007131992195068218	0.002467465076573603	0.0137272939476279	0.009463019028280787	0.0037719344364625326	0.004638368726845113	0.10161827059764907	0.01594602366103639	0.00169565879854801	0.00027078912387177423	0.00828576808089356	0.0012927430560317316	0.002230261807552778	0.004889234781982655	0.007711637468962055	0.00041833693514454194	0.006235403346034844	0.0025734516448123503	0.007448158845491807	9.803172607326374e-05	0.002140966250762195	0.0012261440474167567	0.0005154927037227835	0.013086935093469424	0.0012603953771080927	0.0006951522889299909	0.0020451473629663646	0.0003547955957889229	0.01366506422271229	0.00019980555935183154	0.00014041771726698107	0.0016166437018506515	0.0026932592228333927	0.0025705321516127245	0.0014082461421767937	0.002155274729551328	0.00015928078670249582	0.0003205540792405794	0.017034374312186948	0.002649614076789573	0.001690447767055343	0.0058438341286829	0.002057143417998293	0.0024766238187097283	7.340062315514699e-05	0.0024773465673614443	0.0011903955081414353	0.026554721409821617	0.0011524999911316782	0.0013817140900312063	0.003208124120770881	0.004711421999334898	0.007550358506742635	0.004075556136870288	0.0008675655948062721	0.007813069767909023	0.0007858763325828283	0.0004235644709278853	0.008510476528363748	9.189139074557764e-05	0.0011728843188317543	0.006221788340896822	0.003015007337943881	0.0018830617013602011	0.00975415281648272	0.0009604142572589283	0.0008972653084054933	0.0010386028798540046	0.002080419321749692	0.000636082949889204	0.007196716912709634	0.0027467798534293692	0.0022903882328481518	0.005449712138782028	0.0024091137775629342	0.15458393054901712	0.02658696214812266	0.003227666271728691	6.0922646970944216e-05	0.002823341585222392	0.10913098800611758	0.02099118753935174	0.03108421368260443	0.0005568812068823593	0.0026562014971169947	0.004383236838013387	0.034784518386563636	0.01807912648508599	0.0022630118957203027	0.00031583742082107267	0.00271709625130804	0.013119012424569898	0.007246331057094995	0.0006865778189841767	0.0006034560521074437	0.00021687552826129438	0.0028048202527461486	0.0023418704204684476	0.009365090152880404	0.0001401517580843538	0.001413858445860582	0.01783816809294713	0.00028601517121889895
MB_G010	0.0060475979143409546	0.000406660125563232	0.004452905088797094	0.07067422984184754	0.00024772469253629795	0.012912145796999236	0.059583964753624326	0.004969877167902102	0.0007516353503837271	0.0034685220715705684	0.0003724475872825102	0.0006174546082448007	0.005413759215300339	0.009827139770844335	0.002632937855181331	0.0015714056902757878	0.0001790786375785394	0.009210120897901606	0.08813171440161019	0.004014773290232869	0.0008733721937162143	0.0002323670426365836	3.2128705234982596e-05	0.007462711429209942	0.023401484701304143	0.019842463859560334	0.06275120956527769	0.01179600489271674	0.01441487608235552	0.00013237835904056065	0.00011437310431971393	0.01618431563904598	0.00012155324043204363	0.0031687985587710984	0.002334425148714144	0.01686458324827364	0.0008027391096814255	0.000958760552192555	0.0008901900002258768	0.002765710192849496	0.025693350843806546	0.0003332726489888655	0.011804464512952894	0.0005034029333417266	0.005249141689364788	0.005119402425966127	0.0015365272468119001	0.004801176619833106	0.0018227293799569994	0.009123106048461711	0.0037230115362491705	0.00017686266121293457	0.00017225712124300044	0.0007795710961494097	0.00011117131746775972	0.001437724182680214	0.03884096700094284	0.01233134622344684	0.030254187811238037	0.0009247941566701764	0.0003171871206278035	0.0037662355728796753	0.00034136453315753194	0.0032205457631933688	0.005426191187847951	0.00485315677770517	0.0023141404999452715	0.010700749710306006	0.01218698470635746	0.004771054324238191	0.006056474560741923	0.0011353974421846086	0.023532774516870428	0.013497696023594087	0.012882072403903528	0.0031005699109632567	0.003900045877939366	0.0026123964045631208	0.010812063391050668	0.00554321939554258	0.0017449819061944214	0.015145534608789276	0.00046284491525340124	0.002709913280607572	0.002462172234877336	7.063296842058406e-05	0.0006752987188960855	0.0018755755913120247	0.0007500545164289701	0.008397476869501328	0.0004320778507143425	0.0029339890227386856	0.040340314665584125	0.001209448753224527	6.809483789234903e-05	0.00029434348604901486	0.0010508355565654645	0.002102950413650868	0.0031045431791398874	0.0016198929058452388	3.3597286067335995e-05	0.00891379461795245	0.0025897633608270433	0.0035219708568322862	6.079779544373088e-05	0.0008509889350324278	0.007885357762968398	0.02494060711814026	0.0005693308079054846	0.0013538259453547746	0.004959717054768145	0.012445351683265984	0.00963720227485333	0.000635181164360476	0.0063146782155344625	0.017515155789312755	0.0010188020084087083	0.0020781375909325896	0.044860055194678936	0.006025380291701876
MB_G011	0.018194858240000715	0.009029925215271196	0.0013627577114830142	0.019788394042133898	0.028690501499085166	0.019309130194996593	0.0031670977802033483	0.0015305848085561992	0.002354840433934255	0.0008155215319042766	0.0006717422926697959	0.0040738183748635776	0.008430467871061467	0.0031859012075773317	0.018569981132570246	0.006506545313245777	0.005793127569343079	0.006379199029150913	0.006290346509241907	0.021713736816767183	0.011176843032693638	0.004927904463127435	0.01079773226658994	0.037886950155626584	0.018097650455849063	0.003262969298593366	0.0008455679720078917	0.005527724140271832	0.005714953289850781	0.0054203464213799625	0.0068111706939059016	0.01536002864503458	0.0010902158675581304	0.011934625078164878	0.002731771272278453	0.008262868171784175	0.0005444689735328424	0.003860951046101533	0.003534068490352742	0.0017074723763680559	0.01096388346874682	0.0019071514736294542	0.0017029472279487584	0.009472699784886095	0.0018270915979251975	0.023113696766981103	0.0011149443214166284	0.0006067990776138149	0.0024099298245642085	0.009866419816143411	0.006515445610055562	0.003009174565165923	0.005542395803467312	0.00040475869949272456	0.000845600172179488	0.013837005676890774	0.0070997422965365506	0.0029870363138620403	0.0035460508258849206	0.0036338187316308232	0.0037439503662481852	0.00047293520102485644	0.004526914842053796	0.002403116519883441	0.024604580020271355	0.003627222136330235	0.0023425817754620572	0.007334942684449881	0.0161758874591565	0.008612065978832925	0.007169806995822899	0.0018404106963640244	0.00852157988699923	0.0006759238868372954	0.0009100616382667386	0.018911495825189004	0.0005198069637241935	0.0016198583271091107	0.008018092175420032	0.007259317676064442	0.004782944308868583	0.021331548534525402	0.001876905981114973	0.002646172587834771	0.0016529627339427599	0.0032910655715872998	0.0009267495013060736	0.01569818556398211	0.0025809812782508546	0.004258522161959384	0.008040259812107974	0.0020542376430830495	0.08275608192285805	0.033564196351487004	0.004144077758225028	0.00037088859783365215	0.004821429032329175	0.024608247489806615	0.01310768674682703	0.0505541653623966	0.0012666084921596236	0.004617862144350513	0.007801217568295783	0.02171838830786707	0.03503857614856919	0.003024678120965301	0.000699043549370764	0.004279630756723496	0.006468815986174921	0.009902210477960936	0.001385643345687133	0.0009330586448739236	0.000569650116319181	0.005841099103274043	0.007425103010668179	0.010332145793948911	0.0008821484625744024	0.002376777392590826	0.006284193318634968	0.0010339375230010081
MB_G012	0.02532095169115235	0.0008210538175111284	0.00791761917278542	0.009365642067779324	0.002989403407037391	0.01882722677328606	0.08203276431039225	0.0017649208076991802	0.0011873766212485376	0.0005939619789929644	0.000973942310579838	0.0019376881235803273	0.0005167442003477564	0.006846958017072461	0.005889086241213409	0.011378610707920176	0.0023116480591813733	0.002059127168163236	0.008969910435239222	0.017513866049813455	0.003028685563165028	0.0008929039286370112	0.0024223723628542964	0.0008217261259848695	0.017986996025697245	0.014605182206146025	0.011573087772371026	0.0010645747071851572	0.06700430807769144	0.013686214115122431	0.0019205663213995058	0.011831694682999513	0.00028664953523181643	0.013987735281405416	0.0024338217359750666	0.0023241548617484857	0.0032065213289097353	0.001624892389750954	0.005868217113152791	0.005039322617723159	0.0026135767024440173	0.0018240563177951523	0.002187617137982395	0.022672223999399974	0.007988631412276256	0.01959489723781711	0.01638247900835508	0.007422902927202299	0.0027623014119543014	0.029594945977734186	0.007686831859402154	0.0013761876841409336	0.00972667533397132	0.0016290828283944655	0.001320677629815372	0.0019814168814421677	0.011641776287066611	0.008830302361407225	0.0006276090148699682	0.0019687918495081592	0.00218601014878221	0.014126876609871166	0.005684426742707008	0.0042687569738860485	0.021768875755004056	0.029059082409872303	0.004559042787798342	0.011529685798771314	0.041242227545530065	0.002790239758921114	0.004059484313266266	0.0014178043032098476	0.0024223797766234263	0.0007470978716270982	0.0012678970605335006	0.006868036730078207	0.006721342113621358	0.0008302174444276901	0.007023309868550347	0.008932221724586261	0.009950281009661258	0.018754963684442936	0.0022584185935587762	0.004383974274900746	0.0010669493956066683	0.0004962161646404357	0.0011863494660223444	0.005867465360564473	0.0005801987188654283	0.0047303546735833766	0.003657823164554541	0.000459021203662898	0.004797727285972476	0.01246963511756721	0.0008326911554979739	0.0022403880269757292	0.006483838588349855	0.0004449963612742246	0.0015044973107084538	0.02339117651808884	0.0005596959017869549	0.014460463357526834	0.002434813049722715	0.002280209100556283	0.052165094535511686	0.003613270157136698	0.0010288271256396323	0.018313720928722944	0.0002809118339219995	0.00432457931132739	0.0020785989698553753	0.00241638022044296	0.0010896724330472902	0.0033137289263694544	0.02867794270971862	0.0045634365045184415	0.015105858721973777	0.0019579898126789773	0.00045942262632755776	0.007152289383922073
MB_G013	0.0010561829022676134	0.03972016202733852	0.0011920464336957098	0.027361042149474567	0.04676673426157716	0.017876370793305816	0.0005560128614418568	0.0010888599440083424	0.001857259238907491	0.00021258222318817864	0.0001986750603650591	0.006733501535614724	0.004341221916496544	0.0006414413619217984	0.00512308444439183	0.009316191145918607	0.001328135977772875	0.005004244105633265	0.00731389119951235	0.017570843241774724	0.02603424732392449	0.0027034629619286646	0.07597548611983929	0.028592929035610837	0.008622597668509457	0.0008785623865987576	0.0004479025952042836	0.012323958916055299	0.00596266441496613	0.0017791966172309743	0.0029233239686293137	0.017181548242167576	0.007076197544683591	0.003644984502172991	0.003247682040952561	0.00045504464815410953	0.000336056821903792	0.0008785670267367562	0.006314346288302463	0.004889177117400428	0.010870648390256652	0.0008729888332967225	0.0005888968582213722	0.017136012836502824	0.002555073326709136	0.03294454622065272	0.0001701453332572939	0.0006820530115863406	0.0016162356071109927	0.004670080555641285	0.004806222701458782	0.0070632088683104405	0.0012614549569524899	0.000302917972107954	0.0007849489281798242	0.004467333800986386	0.006609002331090327	0.0016936954830608117	0.002852385455459673	0.003752771853851574	0.0003770486232797676	0.00017613473205966505	0.0016286803555465013	0.0015609456973664094	0.0005186040393883509	0.0034192515453158917	0.0005127382512573992	0.001467862009588488	0.004161082792295773	0.0023163572608034273	0.0041237786905119166	0.0014089844545229972	0.06996524798487	0.0005010011393396595	0.0008349025482965545	0.006277300967081242	0.0003811207248671227	0.0001563261121415045	0.0022117256010458237	0.014133352324457733	0.0004404881565889381	0.010439573924858983	0.0016152282331981318	0.00408508424812493	0.0006230218133377098	0.012139863196740642	0.0005924984266811942	0.025850161560221692	0.0006899127514369672	0.001642270913805281	0.0044738790864556266	0.0013757220627950248	0.11594968972905349	0.03367470739583561	0.0017850226699368974	0.003616411543234602	0.001916884866387121	0.008959293624436383	0.0044754524600601605	0.04739839215919306	0.002626813153633788	0.0008484563557486001	0.005862582661104409	0.008169744460995656	0.007307197517905907	0.0003142470292884026	0.00043003754372578394	0.004596525496197457	0.017263996836581166	0.005207848890868044	6.676575446785505e-05	0.000656049793795188	0.0008678324567973898	0.004703553558045782	0.011798631241236377	0.011262943938332807	0.0009553469375913019	0.001223890806346793	0.005800546097173942	0.0009339424034722975
MB_G014	0.022116349021172245	0.0012357717320962411	0.0004056573343325491	0.032899807968265894	0.005486829711559655	0.018486765054951174	0.01275861323787312	0.0008429370076906036	0.0020283245952106917	0.0023221065743864893	0.0012527999290524194	0.002033819956545308	0.01827113832251838	0.012529252260891612	0.02790132809706856	0.0026317930961805586	0.004333706849466187	0.009950894695005364	0.005725376027157778	0.018044105229543177	0.0056878628889301085	0.001601014883394908	0.0008034604851080907	0.02922911222936967	0.04404839404949292	0.012108350704971611	0.003963374362559202	0.009701681292397464	0.007575900856262434	0.004002850467669629	0.0024539277549563794	0.009840544985982396	0.00012042515686884012	0.010496164799987032	0.006100456662478327	0.010027225252705479	0.00027048724832409233	0.0017540019993913913	0.0016397278734797635	0.0011706204016758838	0.01601687315380158	0.0020361661353542047	0.0015450971612638066	0.0019616632530688426	0.0008508783365831346	0.017255677299887237	0.0012249323482816463	0.0010016946766674374	0.0035763331781285637	0.006079037436161626	0.00352654213472185	0.000731876665714522	0.002961973618766193	0.000655000705158092	0.00042656166744963365	0.010498846350566486	0.0058961908862727175	0.008467508935618664	0.00904551801560362	0.0018545216345069546	0.002808804705971227	0.000804739398540744	0.0038271653792052314	0.0030704832446937186	0.08087754840102211	0.006260337108843262	0.004646950003579013	0.007511749258942086	0.010136455929900822	0.008224669152877914	0.004676350450200091	0.0010071775359301062	0.007550623320905896	0.004136656474858264	0.0011406500899528848	0.004784238017118328	0.0005575371229507648	0.0019229746513370828	0.014683587081043874	0.004296883903494382	0.004424416895081549	0.01288236793926822	0.001479070262386587	0.0014288245319202019	0.0015996343247382284	0.0005050557328321433	0.0015601976852806202	0.003553479944681632	0.0024536213119323172	0.004848350733088392	0.004290817985015625	0.0026705291665884926	0.07435416352897942	0.01855481786102036	0.0013356595113348784	0.00011750599359490867	0.005558366757774521	0.03988906772516823	0.015182964391273882	0.020447428860978743	0.00024298975048785745	0.013942721207563818	0.0027307595944587515	0.02218677032513854	0.01923109352934009	0.005770546563489023	0.0008661667871683253	0.019850992255377627	0.004117249100810731	0.006706849109282021	0.002173042817185497	0.0035133053340075035	0.0006166161861262541	0.002073840219597844	0.006531106054300508	0.013814726903060263	0.0007296559324203078	0.002278931800944597	0.021594024602186193	0.001500834902197122
MB_G015	0.004623662837761162	0.025976112473549636	0.005891056734303709	0.025677367054259704	0.03091696106737926	0.02285430398799805	0.002642144876526215	0.003169343239046584	0.0021019845496841336	0.00039598779960361893	0.0003254690915395045	0.005982880676692227	0.0028959426522424674	0.001279930617112388	0.005709773183791895	0.013946522107647068	0.0018551012930063293	0.005102887714203253	0.0172307777564477	0.019375649131936262	0.015050825284227555	0.0036790094084224634	0.03651314950501672	0.018542617910774155	0.010497088374946095	0.002032856163059959	0.001292417043961832	0.006678657254718827	0.012007301071789413	0.0027076665203959937	0.0037108763099943033	0.026512048981622387	0.006191802360975664	0.0075169258382207765	0.002298838169652048	0.002319761647274854	0.0012584279526820787	0.0025734921878890816	0.007754451633367438	0.00606778123992417	0.01067888924959404	0.001146526820516469	0.0022464196432767604	0.025727559065762046	0.007021852766206643	0.029968702712906515	0.0009744516654989577	0.0014868392835070763	0.0020048581495486226	0.01433914033528799	0.009670232505306622	0.006449974442799887	0.002782582441655719	0.0005092009060167996	0.0011233538040579883	0.005570224867190225	0.015553342573970372	0.0026474228042111833	0.002817836813032673	0.004820688360121559	0.0010746833532231154	0.0007935215576995586	0.0024487132439036966	0.0026132357730765284	0.001885451632474413	0.005108750832021699	0.0011294720877962055	0.005215102398208211	0.016303306219412936	0.004551287238098145	0.008123221170965152	0.002607124144355658	0.03185509405559821	0.0005088959926830904	0.001848166341244634	0.01890830617985054	0.0013390802557682944	0.0006322259159580365	0.0041966328764707975	0.01723361188951543	0.001970678143178625	0.02438624267012887	0.0020235711187904445	0.0066567452630310825	0.0014066077920076839	0.007620191112726683	0.0007083995936538412	0.0333097826860624	0.001118374602055791	0.0038807301128340956	0.005451177687572207	0.0015891183070989969	0.07091776629047383	0.02608120752388577	0.002265837843543728	0.00357333798563062	0.002882551786032768	0.004519303568011235	0.004841361883841743	0.04627639687326446	0.0024758448125177957	0.002005995833672694	0.010681568440534481	0.008214917054873193	0.008828678857636671	0.0007438880646805585	0.001141227569001097	0.004396834965543914	0.006088652488424702	0.006871370174129862	0.0004726902920696713	0.0009684532032626868	0.0017515215835632448	0.0071891912249303636	0.015857204375825284	0.011514073989211736	0.002250765496508875	0.0021949990192697403	0.0037013966388287473	0.002095506999250259
MB_G016	0.006763296836330275	0.0053067190620819035	0.002885826773284809	0.030205966449656337	0.008039273647034283	0.02664940078469679	0.01247532055755889	0.0010425758731158002	0.0016109827647155523	0.0003032994078190456	0.0004756445617680113	0.005121219178859756	0.0010843545871307796	0.002534807059137606	0.0037115562740317755	0.015806459788617278	0.0008365218816430662	0.0037832044576019083	0.010905890795039298	0.022917735858662948	0.015022580606280561	0.0006432771473022356	0.02090009493408686	0.002065203531196767	0.018603399482782203	0.005926418702752329	0.00756064688662229	0.008247770227347666	0.06797885245426499	0.00524310160433753	0.001101652453689124	0.016538532442285005	0.00189069691527582	0.005033345035533266	0.007917876864791874	0.00013526369008478678	0.001132366809829944	0.0003389492340391261	0.011763345510861969	0.01676038170017923	0.006256716006391121	0.0013357063803579186	0.0006514538151666315	0.0303193198932551	0.007424489735390535	0.04692003581556207	0.00138693675854047	0.008321234206392723	0.0032852379941712582	0.01047668744651972	0.005609920238472971	0.0039939642398272085	0.0020432614017152177	0.0016128464092099904	0.00134530168930511	0.0012181228971498111	0.01086547147972972	0.008687534226039092	0.0015304092041249777	0.002712202066277146	0.00023682388901051033	0.0033777091932744685	0.0027480302688320276	0.003802643637751442	0.0007059103772491315	0.03561428512753938	0.0014064293975641169	0.002119568736329521	0.0073418061191922466	0.0011079633179546786	0.0027568753018238057	0.0011880585151367196	0.05500923981000852	0.0017404241381119038	0.0014092275470870346	0.001711874226885876	0.003369770322789707	8.580007828161517e-05	0.003164286195430076	0.022034990674467153	0.0007142690009340901	0.009192278370432912	0.0027424091990698074	0.006960996602737597	0.0005028200605713756	0.0026802936309230896	0.00140980019361457	0.010184700832113374	0.00026428604628508896	0.0021882213698457965	0.0029471628879206074	0.0006714901899069163	0.020914757718402857	0.02323236602508139	0.00048313297784539856	0.019336353835705842	0.003793464254465409	0.0008187742513880899	0.0012426023810067869	0.03181678965169339	0.001316247013941562	0.003920665257045991	0.0019624537497107144	0.0020831034982895865	0.01403261397742031	0.0005489677695901454	0.0007003960572891509	0.04805937437371149	0.0027964535559694857	0.0034491607359582914	7.861232168926583e-05	0.0033716389759344927	0.001896354003930982	0.0028952422456292814	0.05421060489727405	0.010507046731334872	0.011945862391194946	0.0013535031773160898	0.0019783529549174702	0.006603995221258993
MB_G017	0.005354349916707117	0.0014658962821747102	0.0009011074584928358	0.03703317174255359	0.00548745253252188	0.02474277564385742	0.024468328343972265	0.0011141620353035313	0.002240260974570135	0.0019533802165965113	0.0013958223470934546	0.002735693456949493	0.009693560830797449	0.013153639030035018	0.021161122022680365	0.004886718189392745	0.0036102690307083627	0.009105778333110815	0.008418622136618596	0.023057286728711043	0.007183871846731876	0.0013645933117811735	0.001480625530297104	0.013908294717805903	0.04767330533228368	0.016359062910875983	0.007884871544465872	0.009600080889956734	0.019437899619284462	0.005975127468165308	0.0022647454769178363	0.013083910818320218	0.0002062779063901619	0.01181242532678462	0.007966557607668172	0.004932310862146591	0.0005499502563694617	0.001461255390734436	0.0031255419179664337	0.0027216373285174574	0.01414424543365113	0.00236646309209231	0.001710836880303121	0.004484516560426102	0.0018967781446593975	0.025420761067227016	0.002229026174180858	0.002548210296262983	0.0045211584094908075	0.009678760389625854	0.004904431669923618	0.0011212958009409442	0.00374821879947532	0.001162097478365329	0.0006969802904331032	0.0069778099930025116	0.008782487362459313	0.012369139596074354	0.006626321490184332	0.0022991688427633442	0.00211441927404956	0.002032616600061435	0.004680927184044409	0.004325883562695323	0.04313395454962051	0.014129521708572401	0.00516109300556697	0.00796940389028101	0.013527817067615432	0.006234537921905176	0.004951288497873063	0.0012561302349407201	0.011499490484402746	0.004547483490841374	0.0015505925170119948	0.004352473836219386	0.0013448653025304432	0.001267853103569333	0.013821968192528462	0.0074178528211725344	0.004408483592731915	0.014938395277127484	0.002128650982894972	0.0025368872285060455	0.001541555780264149	0.0006657772497156796	0.0019968506707478384	0.004716062602771245	0.0017057936073068421	0.005353135195737026	0.004552512068504953	0.0021603179921890147	0.05149469988693866	0.021383861480234127	0.0011339811949167048	0.00046281960948843797	0.006800800803451663	0.014946412871427202	0.009226915518734443	0.025155528173691072	0.0003699476837803722	0.016285058349979998	0.002765282969433631	0.013657396649948297	0.024181215352512088	0.004894658173257419	0.0010990987532763998	0.03560921563570394	0.0032192895339147407	0.006721445107086019	0.0015865064606388865	0.0049861107819242035	0.0010275451362863933	0.002561391855249725	0.014294743672825114	0.014892165540547815	0.002185665010433727	0.002543364667968579	0.012667735198094712	0.0031620973464036393
MB_G018	0.005242488875314909	0.004717450770261845	0.05633718695532556	0.01132908705287006	0.003189067173372909	0.010472360422020151	0.01210784741668359	0.01576636374929121	0.0007971251598171898	0.0006716141499046467	0.00018621514028118203	0.001196016510888186	0.0008120099827160785	0.0013752565813893263	0.0018183001451632602	0.006345930857129855	0.0006705931874318115	0.0025160558855994108	0.06593981633400038	0.004883438649977363	0.0011698114223714943	0.0023223922477431883	0.001152100887160453	0.006628650410455456	0.004289681646893882	0.00275582399575686	0.0035166868254615942	0.0010396645200319934	0.007437787856964682	0.0005089084196898271	0.001208086030161946	0.025509718985244734	0.0018871699277728153	0.007525239051698973	0.0002540746485964956	0.057984173417667345	0.004555626930805693	0.010010038008842403	0.0022492747585036166	0.002216530953474851	0.006386799116478725	0.0003774037145500543	0.02245166214276405	0.007637299926531594	0.01726938214520613	0.0050917839894360625	0.005366443115613318	0.001439787062206539	0.0007608299333165801	0.03678182412390776	0.012442209500305765	0.0012269682921528166	0.00164215565683893	0.00029240479716950967	0.0003899353738528341	0.003373429500711487	0.04361562209647841	0.0016330692329019605	0.0025109796085540322	0.0024649358084659905	0.002283977690918489	0.002799632280617595	0.0008086664543588151	0.001991003518858014	0.0058081699673020225	0.0014831019704736976	0.0013152415942757764	0.025486396413755313	0.0740758122250524	0.008553330497399184	0.014675067766598516	0.003381363597580803	0.0034455500310112542	0.000237689871060218	0.005832032087011352	0.08316104476910359	0.004086801807082141	0.006727347293225607	0.005398495641738661	0.007300936801700539	0.01002513165281406	0.05230894649159285	0.0006329859114485814	0.00537066177618874	0.003584266578259219	0.000804110867638973	0.00022744291195104076	0.018981317009982703	0.0013130135262171515	0.009143606725430627	0.0016961060834198912	0.001263020858658828	0.018262706361808816	0.0027529670692517352	0.0008656322277198939	0.0005381020465393129	0.001176747180173923	0.0006681165684165885	0.0027009235589086295	0.0078047747309852	0.00042965300068109125	0.0025031430112139315	0.01798234649657359	0.0037002647951017045	0.0006105439109573827	0.0008895470410041976	0.005027905220101114	0.0007461154939664077	0.0003269015273585983	0.0032542599054904155	0.013781844633716738	0.0007309480421495072	0.004218335137797677	0.00454104761602188	0.004929651152190756	0.00538483369040245	0.0014963901767930596	0.0025497532166552607	0.0015724993236522875	0.002601183109461309
MB_G019	0.017053329625915742	0.0010128617651942989	0.00016572835811400668	0.03778533041789995	0.005563884161064517	0.021556491239986802	0.01340199677649123	0.000332601120920755	0.002100866944275296	0.0015285218332187394	0.001444534484290657	0.0026853075181211094	0.014421826434880578	0.013333219762009301	0.027122060958678414	0.0032033853799877357	0.0036541157345988265	0.009202701069093069	0.003071796052189481	0.024759341649906376	0.010149286062315651	0.0008433115493113056	0.0016144476762201111	0.014105369000083343	0.05910036205758886	0.014306551591003486	0.005178718091783682	0.014771215226169344	0.015302377636489789	0.007220251583550006	0.0018779377622464165	0.007568995104075787	0.00010365617532701369	0.00799472691678301	0.015074254728141119	0.0012223018918636921	0.0001748674753566628	0.0005081923480848092	0.002500708016558848	0.002110704034421985	0.012896431316858026	0.0025481352511423274	0.0004697615499989048	0.0028108321174513517	0.000653937174698094	0.02961343499308269	0.0008116076357984378	0.0017789705951779488	0.004884184223730851	0.0038803056521041408	0.002463715248023072	0.0008961895380251634	0.0027449796361941133	0.0010498259145067745	0.0005591921422207232	0.005805861574644768	0.003572380882579553	0.01306790091811624	0.006179170928331663	0.001622754422054707	0.0011271454389124018	0.0009145739379981436	0.004767175333814425	0.0033825212799495	0.033290245841057234	0.016381724929786703	0.004175538515946304	0.0030995949610416297	0.004576877562217045	0.0035241312214804423	0.002382154860067387	0.0006363446785089264	0.01517027603847943	0.006676918956833189	0.0006790240975403572	0.0011969032511725385	0.0005478019738972309	0.0004118774428531376	0.010561216531480204	0.005485816833003381	0.001724243560734849	0.0065800305822876015	0.0020390510922774353	0.0014348874789460104	0.0007438849998753002	0.0005869716852744543	0.0023866043866358107	0.0024828678768524597	0.0011690820388625955	0.0027426715036309	0.0041529628144939155	0.0017590677456865015	0.05767998844191245	0.0289380742061481	0.0008637696387670927	0.0003671733581850077	0.00688700773379223	0.027899231435818326	0.008933532029563216	0.025962835542574392	0.00028977557180712664	0.014419799927572207	0.0011455219747483992	0.013816251595141701	0.04168744613262997	0.004147576178363902	0.0004330157673800815	0.0675221684925805	0.0058107142980852	0.0055890914778035945	0.0003842320533897462	0.00520418255201607	0.00045871727043298187	0.0015304768473329642	0.013121418840183653	0.014250463256523028	0.0014492915052970352	0.0016160209628545696	0.017370509042951905	0.001993816485595786
MB_G020	0.018515126535748334	0.012360670620686668	0.034990008018060445	0.005907696976510196	0.018024359074223905	0.015245939214370407	0.007144255098281835	0.004824310524285477	0.0011454761691191851	0.00016507094770147824	0.0002552239836031623	0.0035200391152553127	0.0002661581677349788	0.0007942617547801777	0.0023718835032104225	0.022362899242473384	0.0017682376687218392	0.0013144487517225524	0.014900131104729281	0.013607914913461952	0.005214089899109492	0.003289602064921818	0.03571256702477997	0.0020465443468990463	0.00418857090719659	0.0017539624554253634	0.0012694835890248385	0.000683447949464108	0.022371414568388634	0.005836456640597131	0.004161742611998581	0.021142465667045498	0.005453885972589529	0.0103338855920416	0.0005728615502860238	0.0028671522898980244	0.005342243240348058	0.004458463943603818	0.009453087127889868	0.00585071033598099	0.002243378314658918	0.0009322440757051845	0.0033705339941707407	0.07752676135157147	0.018092399345712596	0.017968947051902134	0.006545983938021744	0.00231264485067566	0.0011388531498365698	0.03867991294107949	0.0138564695050694	0.005946736736020929	0.008218657128946339	0.000515859188135674	0.0016756511785662941	0.002639396476304034	0.017129721641390924	0.0015771037773564132	0.0003462647831189454	0.0038906899449089693	0.002010338306534578	0.003464461854990408	0.003166166633143896	0.002262852986599221	0.002508186510411371	0.006171568158149756	0.0011730123894833071	0.00970359775702603	0.054021828404728384	0.0031686494440642276	0.007558041391645731	0.002886111282446407	0.003976404068666384	7.858400391673138e-05	0.0013132123066626506	0.04288866425223744	0.00405414163899152	0.0008166067959549792	0.0027399235000181445	0.014129125457027708	0.006673709124869578	0.033512532541819254	0.0018204385818654967	0.00800318478302232	0.0012264792835507106	0.004544802214249753	0.00038739158671571736	0.03653371504144339	0.0006268538414093282	0.0038822920641230206	0.004970295282673956	0.00043382292959163776	0.00865292316023898	0.01489451671130921	0.002347365680759886	0.005471705573661366	0.0028441864907064857	0.00031285099674616167	0.001359936193487406	0.04146164566380248	0.0029077855212812187	0.0020263651240527564	0.010965595662447973	0.002322820824889313	0.02164044008854512	0.000863186082246899	0.0010311273186230725	0.0014476910859294284	0.0005896868538823187	0.005211400715003551	0.0012413083420624916	0.00038299267331733935	0.0013154765440716767	0.009279536489447427	0.0184412191044856	0.003456690766866584	0.0077038629736258125	0.0018326155895238155	0.00019531015421599894	0.0029978046614142014
MB_G021	0.0010345020432603654	0.021533644090721747	0.011672013672791038	0.006664543525901903	0.015425466441922612	0.011869066396413155	0.0016103120674604075	0.00124521190966599	0.0006662119927322549	2.8722273914534938e-05	7.59014016633232e-05	0.004561967359844446	8.198776403103522e-05	0.00017362391205039948	0.0005143497638140643	0.02543928063202425	0.00027348689564662515	0.0007237480249778435	0.00815820219992141	0.010279924586696508	0.011220638148026273	0.0006933852564153158	0.1866488578978428	0.0005177684177887371	0.0021750209270134	0.000565488086740704	0.0009096527271006628	0.0014027883539749866	0.035827325947114096	0.002506247226252617	0.0009635830156693897	0.013523208395756903	0.014786355555803828	0.002108405116149887	0.0010746903756552687	2.8768820969888005e-05	0.0019282675500618062	0.0002923650888099189	0.01579902198235215	0.01856016133648165	0.0013449655931710713	0.0004038622093735338	0.00039116814224777617	0.11737776022719298	0.015391285213949855	0.02683279180872334	0.0007678589223856639	0.0036995439479659753	0.0007858281183574092	0.010599756568084406	0.005672149008120084	0.009285377000798883	0.0014407319441303039	0.00048693868915352555	0.0013736849296869709	0.000382010450327267	0.00836203051141227	0.00116662876667886	0.0001576564122997981	0.0024272852965223596	8.561043356313536e-05	0.0015237002049786601	0.0010865070886194052	0.001306950320212475	3.104369637706438e-05	0.010966533132194907	0.0002250211346114961	0.0008777649649802049	0.006450415991998499	0.00034634310213504775	0.001887123451038004	0.0011037955135157125	0.03185242111285174	7.842555815914517e-05	0.0006457715657269956	0.003316676933333544	0.0026877069018741494	2.176661750051739e-05	0.0005179069797502321	0.02252301730633584	0.0002848074777871481	0.007374995928941142	0.001491103169249872	0.008687456381921584	0.00020392170559671945	0.009154123368854097	0.00028435911578989897	0.026452366506860624	7.197535390565282e-05	0.0008054629546832309	0.001877904608115146	0.00015319035376536289	0.00599720721808268	0.013727325455242427	0.0004643913346788192	0.07823062975692927	0.0011075143196141305	5.715457145881106e-05	0.0002240388989760821	0.030178157360215122	0.003861008382494401	0.00039694409661867697	0.002722214967912917	0.0004281542413223281	0.006563292655566546	6.792907728923008e-05	0.00030843989330587294	0.0037727873793401527	0.0010958531927206315	0.001710134972309837	1.670757368950634e-05	0.0003425308447015464	0.0012265605939452736	0.003905863477464227	0.03854170883849851	0.0028090108328650367	0.012282754331845143	0.0005658818581466269	0.00011119277949713112	0.002994961218025267
MB_G022	0.0015709271369122688	0.00152956279932865	1.2696001801088089e-05	0.02976512204302261	0.009318091110561097	0.010199531541400783	0.0008273048097532796	8.05794046011999e-05	0.0014693237878826602	0.0008034477919358067	0.0005939103748019095	0.0019913558971903925	0.04143318060202042	0.004436691569758251	0.02836421098154424	0.0009341545846890128	0.0028941608983699104	0.008725426262400289	0.0007589685806506461	0.014338002248640833	0.01249215700340677	0.0007971818152390075	0.0018631158304277297	0.05738945708026239	0.03359755074295238	0.0029713670812471743	0.0005179346588676532	0.023920144188158077	0.0017838144874769918	0.0023003815555792187	0.001613253199774412	0.0032752219434040147	7.456638204739619e-05	0.002894433721261495	0.011589846499617354	0.0005550131634607213	1.774369227175445e-05	0.0002219406313932669	0.0008408423954969342	0.0005242201845237986	0.013763768832891935	0.00133439751371799	0.0001023267680777908	0.0006630555439983077	8.332510682958474e-05	0.01763631595557124	5.269402041206524e-05	0.0001924466469803596	0.0023752653302960094	0.0006417807297787805	0.0007701560619279555	0.0006019754091231746	0.0008071574101359241	0.00023538282625285383	0.00019141450776292336	0.007377835868154852	0.0008556678950396311	0.003804610001376499	0.007963004983633046	0.000933190778678065	0.0005084656876055348	4.682984234560439e-05	0.0020567634049536367	0.0010889792481174167	0.014527666433738259	0.0028885229803817607	0.0012784010008697131	0.0007136171360567791	0.0007449406560589552	0.0023530164237771157	0.0010885435233854396	0.0002527964727852012	0.01862277126203709	0.004092607948502308	0.00018738374673203786	0.00049771421565827	4.237285490026516e-05	0.0001571794189321268	0.004886313525223597	0.0021121835531297557	0.0003320953333675513	0.0022399057017032415	0.0008941873610940439	0.00040473872311026245	0.00031720556568279947	0.0007600786125861643	0.001154042271557915	0.0014837299072963076	0.0010525973855846724	0.0009012954243818625	0.002946343598546114	0.0018058996125558267	0.14757413871376826	0.02863754297784747	0.000852201945263557	6.290415210308571e-05	0.002894316863687907	0.1722299063489678	0.014089977478923233	0.01956080558432232	0.00019389565237015353	0.0035968980503263037	0.0006626605012886402	0.02336800921106527	0.020775744535998543	0.001658689866973424	0.00010844396279851266	0.02248796142107987	0.022415840156749554	0.003893503081639806	6.918369792334201e-05	0.0016466449492674947	0.00010855207463702527	0.0007717582767460225	0.0030377094685341962	0.011112431051647957	0.00012370514670558458	0.0007006088619694147	0.04497745596321983	0.0002767142967448205
MB_G023	0.007356132366676379	0.00511795255733475	0.016592881615569648	0.039017967905915836	0.004028186192553091	0.025198478338645205	0.02516229118077791	0.005718219923665597	0.0015065912534009396	0.0007791029628042075	0.0004119056461235764	0.003178266154380032	0.0014569487413754294	0.003277477720547179	0.00295826826364016	0.012536832505208657	0.0006184916704593528	0.00527502850584976	0.05317211372342545	0.013546314053047773	0.005479228025361489	0.0010097657447456759	0.003939115658876696	0.004352867111852225	0.015466902324256869	0.007921586209997845	0.015194096606394803	0.00656152006014083	0.043317730470969984	0.0014663088605967175	0.0008638699333757067	0.030154827646156762	0.002168767981263871	0.006728681304912817	0.002820199341695664	0.0026368732906188095	0.0029288230683250957	0.0015776794110035747	0.006992399177530991	0.011702816406399025	0.011539989292984394	0.000855671224248322	0.00555341902643707	0.015221271815766463	0.017883060973755346	0.022042511020844573	0.0032092829661906873	0.00780096288130892	0.0025088938414991146	0.024088398021949387	0.01036110959671798	0.0023885805132284614	0.0014248222148215627	0.0012474835876992432	0.000832234746020791	0.001948530517713358	0.03757601217733165	0.0078026758396916585	0.004308121799357897	0.0031516375310647886	0.000555165152055692	0.005613108912237316	0.0015197047656439941	0.004398362795808116	0.001705907144295648	0.013842340955118902	0.0018828479998373217	0.00872639647465797	0.024815830914498946	0.003465317305607711	0.00797763876842219	0.0025098075853031356	0.03526844258026583	0.001888100031169041	0.005848311010467776	0.009274531136133048	0.006859740947685861	0.0007939695700004882	0.005957915461839241	0.020177590341995125	0.0023784907227122343	0.025924336465491183	0.001735433473106368	0.00930606417330304	0.0017742833569119301	0.0014174555072867564	0.0009163437980625572	0.014395720219718515	0.0006261666392375587	0.006367854471272279	0.002142327917318363	0.0014472475471195903	0.02958082733659731	0.008461781671736068	0.0004683771118293384	0.006362733252018037	0.0025749596953410035	0.000836699421409107	0.002095986249699673	0.015148796503442735	0.0007018648798788001	0.004909256566532477	0.006249650924807121	0.0030504547057161836	0.0018010358585745514	0.0007386132130685295	0.0034520399297295373	0.016521949148789104	0.001331608736229745	0.0036076503598601217	0.001086794645130888	0.003979122594252117	0.006311219016050898	0.0036008984953046852	0.02816792973608495	0.013505376826196742	0.0069362745698593265	0.002521722874482188	0.004174406309350521	0.00837103571893645
MB_G024	0.00967923425452312	0.012175588911371384	0.006353949543705283	0.011373995844321578	0.01945072663542779	0.010960303149430283	0.0018824514355053014	0.005306344689643918	0.001409181797620186	0.0007182582565631668	0.000272213370134272	0.0021131045474296574	0.004743358211338098	0.0013223220023655846	0.007874998015201272	0.004574880200885156	0.0031810932287758215	0.004155889365623151	0.015259250572345189	0.008766178146265012	0.0035683965288523965	0.007464020850687379	0.004436903169518802	0.05054365948095661	0.0061608531396393496	0.00140275394535667	0.0004486270625325424	0.002001139429448061	0.0019123849820931631	0.0012279605242917816	0.005373895429359299	0.018567110402227135	0.001835612428509628	0.01000369638018311	0.00044140718861374154	0.069156194154443	0.0010094285344507423	0.013442007338008957	0.0017942407610588675	0.0008133753431388335	0.00935003632880876	0.0007540472321224124	0.007138934434253598	0.005967520819374627	0.0031727441608813403	0.007807645106210112	0.001371610672802346	0.0002570241978240632	0.0009390685565062452	0.015230663755149504	0.00872076505567899	0.0020683368337701563	0.003318353013568741	0.00015049819081182258	0.00044062966144523425	0.01483248971658766	0.013383960118036897	0.000995498476823115	0.0034420990360187324	0.003302871863520877	0.005850200229056705	0.0003397381485271133	0.0017629458572072138	0.0014400699683737022	0.021409517124292215	0.0007022617872062507	0.0013674832924129895	0.015667422323061043	0.03577852335093497	0.01497701696123288	0.013330844136779096	0.0027669574660345152	0.0032814714039388136	0.00018689654264807446	0.0016725814652630623	0.0969103279402919	0.0005402160299025667	0.006891988805727012	0.006545301087610439	0.004820221481957151	0.00915700314122942	0.04025287350048731	0.0008186103274115884	0.002574135427861436	0.0031075573462603745	0.0024870853289111683	0.00029605106065773846	0.024191580066587698	0.0035377717203922744	0.006229720214516203	0.004877007723499094	0.00215735308247072	0.06980677692214651	0.010653108525347045	0.004161270131555782	0.00012202237697398258	0.001941379273322444	0.012786012008147609	0.012131901992790264	0.023445231772047083	0.0008822819424249451	0.002102457121375816	0.02086914245538902	0.018738892644116347	0.004699606798886075	0.0018748027069739298	0.001527965756894614	0.0004737540420281044	0.0023907777043572008	0.00744036714897014	0.007527910325640489	0.00034454575673295936	0.0008986910688399596	0.006722861245488378	0.002489206748690871	0.00660551840272196	0.0003355525541083745	0.002516760262349858	0.004145378183596069	0.0006153033033010014
MB_G025	0.0030119777580633372	0.01669222125902629	0.09321058023612509	0.009115019973671675	0.00671270120708106	0.00933009130391032	0.0034640575129737602	0.018148241432525546	0.0007009898444243941	0.00025186822264586917	8.358448665390107e-05	0.0016857134806410718	0.0004090753718151206	0.00039776974993666406	0.000862840064081619	0.009601232559360658	0.00040803464376749996	0.0017218989379301148	0.07117174964069299	0.004311896684379202	0.0017742315501878465	0.0028530539648397744	0.005793776355787798	0.00613303486902372	0.001995559713858544	0.0009099285922663314	0.0013563536044303365	0.0009268760671504889	0.005965037798686821	0.0003389812900901047	0.0012609870344475037	0.030001580861858772	0.008541873613668805	0.004889983614609656	0.00015957740278909482	0.020890932812754427	0.0050993487483907704	0.008401280762027065	0.003392880871203271	0.0033355377795620464	0.004932786230134345	0.00024715554834443246	0.01660069560081703	0.016519758335851106	0.02605222735241988	0.00564191379573925	0.0026307233206042894	0.0010961201850387696	0.0004943508869338772	0.03375755628070499	0.013777114821575925	0.002682005887348645	0.0011707904007455944	0.00019188393311646138	0.00045497408818151886	0.0023655387952167214	0.04472420458670983	0.000762818759099641	0.0014359470458664525	0.0030403723026107715	0.0011232650509346645	0.0015060174097933864	0.0005391887725083267	0.0014053194270809348	0.0008728592812409487	0.0009906485866779994	0.0005325615997152892	0.014291687584459593	0.05600531491140739	0.005312587471009126	0.013988468708420172	0.003785913660641472	0.006427724727500661	8.61547637600983e-05	0.00498882172828026	0.1038240294859163	0.003411067494919628	0.0028558227752751844	0.002477827596163303	0.010375840107341217	0.0044883461933185	0.04900073613212497	0.0005886381813609906	0.007527388895884638	0.0025113851367793375	0.002476264630009236	0.00013634688023998523	0.03976475136673817	0.00080072560847201	0.00596825242887733	0.001620128758853594	0.0009076119278947849	0.019192494929930717	0.0030362596256761176	0.0009591395650090464	0.0016727250271660887	0.0007143379081248225	0.00033250758755331574	0.001597640993105181	0.009841205729273727	0.000995491996391828	0.0007916907142433683	0.024804246138558958	0.002372562837892899	0.00038045253458157306	0.0002839324835527281	0.003815167640352963	0.00033007005284192324	0.0004686697709142998	0.0027939713453325908	0.004214302853500994	0.0003276329669839899	0.00453138691004489	0.00608631208632285	0.005364429679204055	0.00440560931565902	0.00149937966154504	0.0019294303706722435	0.0008049434637309584	0.0019710086938353314
MB_G026	0.0026340456082713177	6.469499452330635e-05	0.0026338085086809937	0.011619206750545364	0.00011138689751995923	0.004205862716093098	0.0561259927608528	0.0034191248668728968	0.00034499143010170046	0.0037427680702796797	0.0003553830347660768	0.00014035763618102065	0.0036074412559607603	0.010346198458046425	0.003690270283821206	0.0004149613586434605	0.00043978414706891627	0.0034337191621959568	0.02397416330977274	0.001647835855951498	0.0001296570269554176	0.00033320484725145766	2.9689475480156123e-06	0.006091931812776056	0.011002221058972758	0.013522600344551413	0.014238365983596605	0.0010948600875667677	0.0024124398773610724	0.0001506751848049873	0.0001907270772947237	0.005516596345770845	1.1593593643859328e-05	0.004537786442339432	0.00033292214377698444	0.2793056191809192	0.0005354161093010501	0.0035502017413067263	0.00016180687926310153	0.00021110776846492847	0.00778351255583079	0.0002473962007224401	0.01633269512480045	0.00012817053147016452	0.001299204882270306	0.0010420954285379111	0.0036630284058902936	0.0006699490700569468	0.0006924881841305812	0.0082754294988002	0.002246935067110271	3.700815552495751e-05	0.0004190929074347692	0.0002102560081158625	4.558605819699607e-05	0.002731735979826428	0.014092491332697969	0.0037592574856802194	0.009703893963984916	0.0003953085791895635	0.00235969251266633	0.002018852910643585	0.0003720315173224728	0.0013485174387143706	0.13582104165475037	0.0008145070668390332	0.003152876831797328	0.025882148433325942	0.025375276659067286	0.00973211807241962	0.005214123007723457	0.0006928672649388224	0.0005386517534020479	0.0022569431570461838	0.003997645377799287	0.009816156022648114	0.001247485269914716	0.018491227383968512	0.012945343497672117	0.0008568097244842819	0.01148717649248179	0.015774677631203934	0.000172429124143884	0.0005888137946813708	0.0029889669621785226	1.1876248137745944e-05	0.0002489660815318328	0.0007086765880474641	0.0015816996352481366	0.008372226184884927	0.0003943815614937069	0.001599131576360778	0.011717643959113429	0.0004906548271557403	0.00012707515324328526	5.888344885662198e-06	0.0008661017428316741	0.0028988405379560883	0.004563657996995482	0.0008371094429518172	9.265599485677335e-06	0.011502278434135876	0.002358095401696854	0.0048696062279264376	0.00014494572729189853	0.0032923104492560743	0.004153932614833816	0.0022837174321781034	8.136047411494405e-05	0.001218607667358139	0.06742028301606041	0.0025846913757539675	0.0015803912438933942	0.0004507037345428721	0.0008561215742740324	0.0044123845645545	0.00019573804185348245	0.0015584705292762092	0.011284971934276524	0.0013115795346789895
MB_G027	0.0035866538845567516	0.00011317240424440116	0.009417879713965254	0.009673474570622698	0.0002557786835518933	0.010951569768194709	0.2744442882026166	0.00206595195753715	0.0005185975300195342	0.0009129267860795207	0.00065688456223436	0.0005454633986895596	0.00030280848682220864	0.009991999879543568	0.002223235449699145	0.00413694225064264	0.0004950112351547965	0.0016264519308858002	0.017284618213037665	0.006190757801827928	0.0006007467945450637	0.00018901627360083632	0.00010507861106996133	0.0002719090058346754	0.015383628460958289	0.02711504909083672	0.053496922957790315	0.0007933468907331697	0.06984657383415376	0.0026256140359831445	0.0002840859788488961	0.00795229043522346	5.468666383963225e-05	0.006968654431158951	0.001474430406853813	0.0035051454743024574	0.0029426341758614825	0.0008140523598074559	0.002074218197418281	0.003498940853804739	0.0023811196162699267	0.0007046741200288573	0.003988367850667076	0.004340950154651353	0.008143098266005159	0.0067022040703119895	0.019486842428070552	0.01209963214414633	0.001797369191353058	0.02315453421933617	0.004430716854474705	0.00024839505244425976	0.0021896840324401126	0.0015698979843468141	0.00040579715327030276	0.0006294842382443049	0.016085296547457717	0.012039583270871339	0.000989491485723827	0.0007504571300189822	0.0008328123411718744	0.02926891109350373	0.0016539393488462836	0.0035721202907483427	0.01644087222018987	0.023579781097051434	0.004146997604011427	0.012490321760313824	0.033217075310750674	0.0018453546343324388	0.002808213486102986	0.0008265266604465986	0.0015891358804413138	0.0017654184677029015	0.0025576968113136013	0.0027096894249134897	0.01170347560457311	0.0010407682930366308	0.006776449745666458	0.004809218708547373	0.007207060025540972	0.01264438475681984	0.0008972192263815126	0.0028051153052160525	0.001006616506068825	5.3150128761543987e-05	0.0007689496006295769	0.0015019728371235541	0.00029284849571231593	0.005048725290650672	0.0008324090739641233	0.000368742955703933	0.0020904059777286025	0.002143286727444946	0.00012093646314035979	0.0009484768682199782	0.0028398218664227866	0.00011931576271191163	0.0006529211424168961	0.0039207261002733055	7.508783165607999e-05	0.018009815331307216	0.0010844829442724958	0.0008322847135245751	0.0037008196404430824	0.002249975415576079	0.0020474601329274755	0.025557029621458026	5.3880627792618644e-05	0.0014460580223651252	0.004227884072111579	0.005046215264182832	0.0021668170912563854	0.0009438870756046934	0.01727228502594246	0.0036500170379708528	0.011579473115935502	0.0014131716529731256	0.0006379078941875758	0.010578496141232132
MB_G028	0.01671102015063719	0.0253551844586422	0.0010366640933094997	0.03133643644354607	0.03304240034944801	0.020919761857548545	0.0010628843206187944	0.0008094216805735569	0.0018777452498075769	0.00021032423068225229	0.0002530454781021895	0.007122691946030269	0.003316935031204221	0.0008968468364630678	0.004903461230667426	0.010977103969786062	0.0011391739743325606	0.004902808328827559	0.006746195237129915	0.020881280586536724	0.029054990260073264	0.0016463636725751224	0.07201860867302728	0.014327144741937869	0.011597903688772582	0.0014076654563632276	0.000903708924535916	0.014282034282474371	0.012275592260340312	0.0025933163038496356	0.002172777628567014	0.01606061949645629	0.005211784243507057	0.003555898108094919	0.005520505039213828	0.00018311116452808738	0.0003639484318938097	0.00048150461983487684	0.008226118243133806	0.00775487804625485	0.009733310875701508	0.0010344789928316022	0.00041633838325332424	0.020848827820690734	0.002898284011996165	0.04311439025450465	0.0002184807682161748	0.0013836328607226926	0.002130225224704738	0.004689421458599864	0.004428159571020867	0.006735502706589046	0.0013037070788908484	0.0005047014453056389	0.0009471420381371837	0.002909838196946067	0.0063773474292395	0.002825470848951182	0.0024477155148547166	0.0034179549388119465	0.00025067530157259264	0.0003281054160637894	0.0019266894141759564	0.0019728633006289016	0.0004125417492375959	0.007581912133163996	0.000616224726548784	0.0011876252595230238	0.003531210657108482	0.0015549452049510046	0.003114693605677853	0.001186935152036288	0.0913049850723545	0.0008255976818099379	0.000821298015695672	0.0030272491198644258	0.0005861379523012826	8.51748614177071e-05	0.002205661981210202	0.017103457432153142	0.00034822976549467327	0.00823314046773208	0.0020160893426689887	0.004611793532856953	0.0004771598959731887	0.009483943110789187	0.0008368805306001716	0.01910683181773973	0.0004593639240088625	0.0014789102076606508	0.0040719260287215	0.0011039015982994217	0.08171653106767911	0.036524874055835294	0.0011781691960144342	0.007359935733626799	0.0023738482613051928	0.005348973605559212	0.003049594988257153	0.047153386719566835	0.002393172355175785	0.0011913874396666743	0.003585630410894223	0.005558616070299362	0.010143400020117916	0.00031693785925545053	0.00039336247549790084	0.011663952769725256	0.014388434600758367	0.004574792928237092	3.921089820118795e-05	0.001102778267843129	0.0009662890465234641	0.0038474257136692142	0.02034285041799397	0.01188573476857439	0.0019463406865888114	0.0011422508507740626	0.004909053804144191	0.0015461215688786307
MB_G029	0.0035724257817452473	0.005331641490547394	0.004745875129891604	0.0820949637981614	0.0008685177817812935	0.00884475987521967	0.0022919425109271347	0.005991764570559968	0.000577457040237558	0.0008088273176583094	5.9721090951702244e-05	0.0009935540114980306	0.0047489838930049565	0.000858210718581524	0.0007000263461116237	0.0016816096893711619	4.665894277037342e-05	0.007669903358157599	0.12299857373883456	0.0022921576236681674	0.0018943474802109058	0.0003162359340107844	0.0003209120460820628	0.022881164330187075	0.0058896350277606035	0.001815983647726614	0.007756620570236904	0.023545180634853766	0.0035923567713824845	1.771769574538313e-05	7.936163464410872e-05	0.021166466217012753	0.0018217395108798117	0.0008722728999218814	0.0010526689865900658	0.003870618113940623	0.00038073385850032846	0.0005835886223635005	0.0010123544273654048	0.0036534187423625853	0.03343081387258994	0.00010046510247491756	0.006990480054964356	0.0006440577279714549	0.005788184237255613	0.004589959451606314	0.00010704812119889716	0.001346302561745687	0.0006923545131520944	0.0037866595967859704	0.0030778941778154224	0.0005093758925281102	2.968861098143929e-05	0.000207075125420285	7.002545501597959e-05	0.0009663711226254267	0.038359637902952506	0.0024363135306896162	0.03444295551022768	0.0011643536825821192	5.284623034358138e-05	0.000348783941201576	7.758757530981884e-05	0.0012623300697437747	0.00011116276169509528	0.000947489343058722	0.00029365040580595233	0.0026156203233470227	0.003525745431615945	0.0024271790807454045	0.005676497617247993	0.0011771093948699128	0.15951805611164893	0.0038622610345942494	0.012228517668487603	0.0036720713022266043	0.0011394344363222096	0.0006198604894811134	0.0026062417910527554	0.00812755633485411	0.00018319415980635838	0.010735212198317468	0.00025490084880796675	0.0034629443727972487	0.0014001633539654642	0.0005075914847506492	0.0002125133528687965	0.005944721677666686	0.0003881378493340944	0.0035478585852005613	0.0002713100993564558	0.0030214238420379095	0.12626508952174642	0.001060293621909741	6.0058853965048476e-05	0.0009281684596070874	0.0002463326101286747	0.002051748319273346	0.002069786680743324	0.0015354462054836004	9.13854822708157e-05	0.0006851577376704122	0.004944265891863746	0.002625450357291444	5.369244422134331e-06	6.582735056974307e-05	0.0054687752901657945	0.004520905436710303	0.0026666426808608693	0.0008604220333989412	0.00045433992193451885	0.0031254623963169357	0.012647156262886844	0.0007353147004469946	0.0036351176223592707	0.01813767420184506	0.0002647405323809185	0.001139967572811021	0.06307183109225503	0.0019763286380790044
MB_G030	0.013782077136906145	0.007258483122070714	0.0010418091472818765	0.01121086359544028	0.023509527201724837	0.019229358324203773	0.003625589865024363	0.0003747856111759986	0.0014970135781688465	0.00012273118715915913	0.0004318926515241636	0.005811789129293304	0.0007682508685530246	0.0013137617092813302	0.005219077994647422	0.015676758516605122	0.0020314112158247577	0.0020069374055766867	0.002302516917047411	0.02718819290753468	0.0213718566230629	0.0010883057765498118	0.08252009823089222	0.0019105426087725143	0.01192410873825237	0.00239125326506732	0.001187582891209307	0.0035417754773973595	0.034488518616296523	0.015414727300882013	0.002978208144770147	0.009207583380276626	0.001826393890395133	0.005499546396382766	0.0057081108612627475	6.576652854685728e-05	0.0006130587320679348	0.00033126031539143286	0.011552972356839024	0.008280891232875641	0.0026315106352435	0.0017286682061240948	0.000189963918833986	0.05141184642606722	0.002898666233103944	0.05011151098691064	0.0009527485843107477	0.0027309771295778752	0.0024419658758626085	0.006843284153717471	0.004077381939637	0.005961890582714005	0.0051717737144629785	0.0008903882156516958	0.001775184996723679	0.0016824266466769135	0.0033758199689726	0.003759595606769597	0.00040590455082254866	0.0025629430372682647	0.0004023409812060084	0.0012181458894651885	0.004973486927964947	0.00225643955155215	0.0010736337563650223	0.02376225652376019	0.0010474591023317194	0.0012216518002413296	0.005287868479995048	0.0008445379800302974	0.001692470872598791	0.0008161282126735316	0.018963509861096215	0.0004107773503777044	0.0003114314752250262	0.0017911753769422182	0.0010869042911253442	4.6495014761470097e-05	0.001942886425990428	0.013947784413679937	0.0007459310688398835	0.006189337602103376	0.0029364117013813656	0.0039649088200101185	0.00026438975877040525	0.005218328773713483	0.0010910215650369367	0.011293214405069238	0.00025611776418090615	0.0010827327062617105	0.005334332101688804	0.00034355046263518686	0.014168529627857227	0.048077932650466004	0.0012720814769438544	0.01150240759099865	0.004650582999487227	0.001192635049400833	0.0012795438510814204	0.06727365667106676	0.0026366545432134837	0.0024351444648630935	0.0015491726083694919	0.0024389567304799156	0.11442458278793832	0.0006761017242071907	0.00017249986518136373	0.0192905103950982	0.003484634858015321	0.004407393501339669	3.494930816380424e-05	0.0009262489498405175	0.0003824929916827813	0.003725945259186786	0.03734385024686112	0.005150624073720012	0.00798529169897072	0.0008856504037974178	0.0005541735003896269	0.00235025029261915
MB_G031	0.005708873761800306	0.007539360014274354	0.0036367351040893317	0.054560918439834065	0.008748401927555856	0.027745923326142313	0.00987755466602566	0.0028232939887112753	0.0021488446499096877	0.0009952285402457669	0.0005375925264796614	0.004350930584595742	0.0053677151234122695	0.00391997326179069	0.00693494786859284	0.009161454138094887	0.001195228450399263	0.008825269805621391	0.026496824435930204	0.01882738791287962	0.010928493528417632	0.0014981262978173337	0.006121687622064389	0.015452076208891392	0.02371384633381875	0.006684364587469973	0.006888012697367448	0.014847358500865538	0.02208612456966446	0.0018774728766380515	0.0014695889261460463	0.02553150624941389	0.00179620671447705	0.006857204138323656	0.005386242577933408	0.0023360506221162375	0.0010034245490827568	0.001359077552852378	0.005811927532032135	0.00751873744939432	0.018758275253979374	0.0012275147261366726	0.002735473318930411	0.009744753027105583	0.006278315748081987	0.02971415944910357	0.001140957474620585	0.0035289628784004757	0.0032209194543074368	0.012171121984673159	0.00750645857723724	0.00274511188014249	0.0014649197393177195	0.0009807188389349356	0.0007729157120197484	0.0040630609131834606	0.020281010704668683	0.007682498148595552	0.007823289379883011	0.003471911282813696	0.0006714597544869019	0.0016805066691039062	0.002025845297076598	0.003966214472965794	0.0029349758543533774	0.010553102929445926	0.001965025529591018	0.005718540836227368	0.012574391198387339	0.004418172484634801	0.007021068025358689	0.0020396200494774874	0.054042955516085706	0.0029199929036685525	0.0034524218393185797	0.00670024427157361	0.002190038655117941	0.0006783211423174944	0.007147856428471356	0.01678935734968718	0.001629803095436416	0.01945976184165555	0.001972665478135042	0.006051573796377741	0.0015880513531635618	0.002242440847036238	0.0012369801518085017	0.013427187335917789	0.0010199068690932666	0.0051153957746176235	0.0032812022950144855	0.002333569715354933	0.07918381257845254	0.016919717070293185	0.000820392492636796	0.0029399114060435654	0.003277477970818536	0.0053840650633558175	0.00509601135200318	0.023706371782249568	0.0008219593137545419	0.0048932709489641684	0.005643272607593797	0.007771760859712157	0.0037462209284231684	0.0010148150426986865	0.0019647039228730904	0.02061896255383419	0.005086816873866783	0.0052138402793683375	0.0006114585689562263	0.0038662402655229985	0.0032403804461506947	0.0036188362127769413	0.02068602032724826	0.019089745384169975	0.0028293806590396348	0.002489829267067081	0.01250221428048278	0.0042315252273746684
MB_G032	0.0012503367554525355	0.004200870672673371	0.0010562289080897319	0.054852472990547234	0.005019683705778253	0.015076210681805922	0.0037925900968102297	0.0023872766357174295	0.0015902400901988104	0.0019100215277081212	0.00039235601459631527	0.0019157253734905775	0.020558986256038553	0.004088441424873874	0.00955273979211376	0.0022277567486944016	0.0011167099853170795	0.012150355873277537	0.021297120279649286	0.009057124296101485	0.004800752806067627	0.0016245331806691943	0.0008094603854126299	0.07060000826777138	0.020588485899442472	0.004525072897215739	0.003015098666599375	0.0176112302352025	0.0033987674835000946	0.00044675891634930075	0.0010749739382829432	0.01640624407701669	0.0005369366927139096	0.004803680786868543	0.002790519292628195	0.015693609215025252	0.0002813415147530574	0.002086961151755816	0.0013040021758783413	0.001438326184927388	0.030927066352193687	0.000704179697960909	0.0037537660663126663	0.0012246197454699006	0.0016122135626417291	0.010775218213613014	0.0003684842675194582	0.0006670724636849823	0.0019099560023037527	0.0052419205433484484	0.004023255976223443	0.0008367024046299756	0.0005662328167359346	0.00032038663586529106	0.00021673160743404068	0.007923519107132041	0.013441183836267169	0.004140981415238326	0.02320229423412216	0.002054839644972751	0.000984426159651084	0.00033193833109505214	0.0009193906320051587	0.002118619453101942	0.009185091667989123	0.001833473730741299	0.0016160575994645433	0.006318901227587986	0.0078519673722284	0.008622831681697292	0.007328545472030811	0.0014141597368211743	0.02765015482345999	0.003547581835010878	0.0031635241967988177	0.008496967985166977	0.0005030916947078728	0.002221593695240998	0.00913513336053783	0.005609932506664067	0.0016410144248330373	0.016279293556760752	0.0007742245562322318	0.0020569237050541323	0.002169032968636415	0.0008388388886105368	0.0006940962143196768	0.00665278629740123	0.0021309977915075834	0.005285124336923214	0.002048519534071626	0.0043846338854442056	0.17793845964437432	0.007918855676399657	0.0007347850132247049	0.00016414183478491939	0.0017337079032487745	0.032141220229207366	0.013290371586844546	0.00988927407983499	0.00022689453710030453	0.0038376058009137034	0.005973939391578726	0.01861449511567677	0.0008288658297946185	0.0012286484235256492	0.0020372141670761115	0.006764606003362952	0.0064564142455666215	0.004280897677053038	0.0018130923452675555	0.0026550869777479326	0.001964956014142163	0.0019563320165167457	0.0038909408720694174	0.019078007737951756	0.00028502448895324675	0.0021834403461917008	0.055879347091709504	0.001183869157401607
MB_G033	0.0042120145889294166	0.004479317329743959	0.039099827937665504	0.018992304345598877	0.00406641740271587	0.019149946387291592	0.028359056790591645	0.009557169427857256	0.001238532338734157	0.0007248269059506598	0.0003739104106748127	0.002263914236539575	0.0008449550889945139	0.0026980182584795346	0.002740548395445335	0.012219657844691579	0.0008897874423597728	0.003386236236123011	0.05453877853676253	0.010499258558608851	0.0028471616989333543	0.0016766825627043298	0.002866277059210094	0.003703870855953478	0.009557263184329328	0.0062454943613448	0.009241832440587338	0.0021266149226910206	0.028776577186710905	0.0016669631879161848	0.0013496646075958154	0.029285310612610436	0.001985889625745195	0.009570677467076521	0.0010015637467900948	0.011006534376269915	0.00523736430030165	0.004370859102149626	0.005390085546434738	0.006435285007156463	0.007172258044288187	0.0007748392597461038	0.010987127220511128	0.01745154906373063	0.022114810660551595	0.013381835445530125	0.007426914638363437	0.004877840688396169	0.001699896979054933	0.04045598442902184	0.01364875085405591	0.0020801929021993216	0.002670419591183818	0.0008410841042375615	0.0008276878341586149	0.002624116552191354	0.0418718880959573	0.004517558457234688	0.0023694885843664375	0.0031608124004517874	0.0015136434090607723	0.006807827721371268	0.0017058451308588555	0.0036750402354033943	0.004550389702420734	0.007369590064333085	0.0021219175448233133	0.017995178730800688	0.05829831366104575	0.005491773898276572	0.011175223916983749	0.003231763710127407	0.008875647136620021	0.0006360444154705269	0.005461224319232616	0.02995235742950388	0.007673995779191287	0.0023168223927968676	0.006422406570980337	0.014192240208211516	0.0071273050664227575	0.04162260257868428	0.0014021407824623133	0.008422601921731176	0.002582566863850956	0.0011526711750405177	0.00057884126601529	0.01806616478198872	0.000916837139947353	0.008407020361248563	0.002476576224800949	0.001171717563911553	0.01733091435019359	0.006278175219633227	0.0007908045779426381	0.002685102655908635	0.002474478098553497	0.0005707674404962283	0.002207624283384719	0.014616678732468729	0.0007103673503970711	0.0049133461640625395	0.0104705198889597	0.003164311557717665	0.002386047633653179	0.0011480192754027105	0.0040383886519137005	0.004664279140161494	0.0005421457065954467	0.004079400221875986	0.004400200832407335	0.0019000190634745637	0.0049352337449622705	0.004949243914140756	0.016971574612909265	0.008129862298809734	0.005806344508210616	0.0028453433121069095	0.001640128018550478	0.006324880919989717
MB_G034	0.0011189081452785822	0.01792532737134516	0.07029188496890108	0.003262635441636604	0.01621750553233828	0.00785961259525155	0.002320913215405246	0.010058772765889217	0.000701974506700274	0.00013136154976229459	0.00010133458592164566	0.001888516655808351	0.00022056064477079526	0.0002980224839628498	0.0012879576695717177	0.012378865129388225	0.001185202783878404	0.000898528888314261	0.021303453439447725	0.00570517568683781	0.002067144169567656	0.005290206865146937	0.0178633078965674	0.0039934432473630235	0.0014702427583340428	0.0005829567113706358	0.0003804617952838836	0.00029665278764664854	0.004900524260837607	0.0014121400028733646	0.0038413418766618957	0.020251960035410844	0.0076313877842981515	0.007673780185525529	0.00010802791605029714	0.0177777435899372	0.00533043764224213	0.012366319100088926	0.00401507283259185	0.002016107686821374	0.0019488229412001883	0.0003872262466827253	0.008255601874246512	0.03801741612443332	0.016900670508752148	0.006248129569456903	0.004421527299510577	0.0005904875002187399	0.00043100548867484883	0.03813807390685155	0.013944954932629055	0.004011494752791651	0.00464901155698518	0.00014973143551908066	0.0007728895655302234	0.0033993669954810414	0.02023076810894316	0.0004413686572489957	0.000345051972957394	0.003250535251250199	0.0029972687428549355	0.001244972744776142	0.001283063445559578	0.001113278231281947	0.0023601026238420585	0.0009475015152430943	0.0005975545015891545	0.014336196806824618	0.07579585430587185	0.005138632406192556	0.011199337244364685	0.003400132296583519	0.001568239319445648	2.1175837331377113e-05	0.0015318794730576144	0.16344630945962332	0.002152437231744258	0.002606924991473271	0.0020324372142718314	0.007586988046820162	0.00930036685443773	0.047419173154945635	0.0007537780915979364	0.005595043937261086	0.0018194093130440806	0.003929494874651174	0.0001233876820452694	0.048741764276601235	0.0009042148574407643	0.0042906714765537	0.003313232355310878	0.0004646662722623503	0.00946777471829818	0.005963584797767846	0.00277341178262564	0.001180671945051699	0.001138934583474483	0.00031503348695457393	0.0015828129168754877	0.021810882784321597	0.0020407742468695755	0.0007818299721189133	0.023972335033594007	0.002598660063235516	0.004070677249890616	0.000534914819451676	0.0014078761147221439	0.00015175580480725174	0.00034924587807089836	0.004082618001633771	0.004150426716527801	0.0001145545320264822	0.0012484928947946164	0.009588497973006002	0.004825462081818481	0.00216330719559147	0.001782267067006891	0.00164222774827886	0.00016427907188487422	0.0011212930400042915
MB_G035	0.013152772277150893	0.011708186405851854	0.021660870243832838	0.013253823771536423	0.014294523543717042	0.01595405584916499	0.0062014463934950146	0.008183459654468418	0.0014876206344674367	0.0005972446610379264	0.0003191742021532781	0.0027957964454362817	0.001696758510861459	0.0015633451412796805	0.004799118802686411	0.010286412870411014	0.002121161328481252	0.0034976946123232437	0.028731668049999957	0.011340927308730793	0.004074581321267331	0.004931842487664382	0.007332637231164447	0.01406124173448984	0.006950246704312397	0.0024818546646372583	0.0015457940216692541	0.0018115699759658239	0.008087073510440778	0.0019713267092024847	0.003917174482549037	0.026841349622313434	0.003168192323778036	0.011465036573589802	0.000618987920093271	0.026446655326441533	0.002977455436852688	0.009732051170794778	0.004156082031609028	0.002700988497615911	0.007477528864190871	0.0008719416793344647	0.009054541751847904	0.01709608853471522	0.010538816020413424	0.012249438515248895	0.003731605509986294	0.0011208767513312486	0.001287319035724982	0.030642084083347558	0.013522593323391445	0.0031358453258468737	0.004243227702847832	0.0003618126917347887	0.0008148273858055774	0.0071487592661424616	0.025070627972224663	0.001863730160821959	0.0022070912331061975	0.004050154595423073	0.003657256626779779	0.0015725012053432717	0.0021614658169394067	0.002395954452608771	0.009083178911235416	0.0023883907396354247	0.001666289397664767	0.01806603890718904	0.05632491509709812	0.009626307788485312	0.013959002308650329	0.0036222299894593563	0.005390731439075964	0.00023690733031227903	0.0028366437724216004	0.07689893128949023	0.002215056060315161	0.003980015125880499	0.0061436341417681105	0.00997642950167796	0.00949084145382789	0.04870553378172541	0.001284889003818211	0.005713809400130484	0.0029632144558424203	0.0027687819047357387	0.000414782097122622	0.03084560423741593	0.0019350128397708655	0.007431405548570795	0.004575904470123938	0.001509823982859186	0.03488132211932353	0.010780133150628939	0.0026570346751877446	0.0008242303410643325	0.0024785264638108842	0.0024932120952452785	0.005258910483692914	0.026192935647695266	0.0012894974295020077	0.0028908129916600223	0.01918554956339961	0.008100749960837117	0.005313679462717714	0.0014922370522194596	0.002364435057372971	0.001195451540068242	0.0012880752272441914	0.0066730842292413725	0.005518325786038943	0.0006398050055396613	0.002041171475614725	0.008015798390288442	0.007619501983832575	0.007070516275842403	0.0017393042879741065	0.0028946397319971296	0.0018531089343544163	0.0019993547026082264
MB_G036	0.008353843363936096	0.02844570413783577	0.008903970453551758	0.017839820852783694	0.010199096422111113	0.0062567831558316325	0.00034692283726434867	0.010061088591546148	0.0007617072030820586	0.00047183860996528534	5.432929369187857e-05	0.0013409582942980351	0.005076979014978856	0.0003103460752326983	0.0017642286059798425	0.002252225658941383	0.0004241474226130229	0.004335545593216595	0.04638995963225457	0.002809184968504802	0.0021611882490280535	0.004264938275039799	0.0023503452966443447	0.10788711336963144	0.0022052138660594136	0.0003758886623506135	0.00028579452170162046	0.003874507832494769	0.0005450329674933806	6.143894563583441e-05	0.001181499122913937	0.021919590490968928	0.00544631366679807	0.00256323410393781	0.0001694135966899024	0.06547970296444926	0.0005575799047121981	0.008571690461322206	0.0008777822714885868	0.0007273351412540976	0.01663835886790068	0.00015765122279017582	0.011782139534150249	0.0018018120726324425	0.00374719109211217	0.0033106995985227386	0.0001886244196983606	0.00012041523180556745	0.0003567423271068107	0.007231165124194968	0.006046286542289244	0.0014242612299757785	0.00027116623858312736	5.032858755994949e-05	0.0001244184415162344	0.007147277843021	0.02238951252369081	0.00037533753574546	0.0095189572775592	0.002368078123070968	0.0009748064933080851	7.905758886920124e-05	0.00022296144865633196	0.0006817443393501265	0.0011977147580897415	0.00013427454221257246	0.000295601744031661	0.00764780739855805	0.014206677270368544	0.01030110812441992	0.013853804613386882	0.002484412500744751	0.013363975602126004	0.00017194613915763685	0.0038695333605527652	0.08786150327838022	0.00030187599502080745	0.004810493286602015	0.0028263910505092367	0.004442244871355742	0.0015845791507585422	0.031030982989901087	0.00026765604538395214	0.002475219429350777	0.0028629564778804963	0.0025832979750640903	9.371375204233786e-05	0.02734647746711272	0.0020100155616080925	0.004575520734975932	0.0013066424424821252	0.002985957888171563	0.15668387508632634	0.002757314898111489	0.0011657977270851266	0.00011608141023937423	0.0003565275158706451	0.009003370626733254	0.007778800902155642	0.006330313383842125	0.00045240812379748746	0.0003717438949626699	0.028659853687390244	0.011298147998377897	7.436106565311744e-05	0.00021897997811068875	0.0027932774793718827	0.00014314133363639025	0.003387844076711243	0.0028996625719071223	0.003419189017828227	0.00023273266268647656	0.0024441434999905418	0.0035750826355010388	0.0009773255994064902	0.007780370614969343	7.201323488443215e-05	0.0016152946620416426	0.01324876687637633	0.000337917383440865
MB_G037	0.003080101761482345	0.0070089603139775756	0.0009517959090519553	0.005883193917397425	0.041807212555833244	0.013255406750318789	0.002062585789213481	0.0006106866915741467	0.0016590540204656987	0.0002561080751357595	0.0005606927651565593	0.0037073241691726495	0.002210761506947054	0.0016578194570972516	0.014685775849146591	0.007854253141741431	0.00841294426104217	0.002256001933289713	0.0016412118472683744	0.022056432551552783	0.0107194077047861	0.004632054999796868	0.0309473596908588	0.010323993231481254	0.009934602604836085	0.0017345580779093046	0.0002770031254443915	0.0014638715991440697	0.005951830429582571	0.01673110390695326	0.010869829010366752	0.008155261812988621	0.0008924617699744653	0.011790787609816233	0.001721715156703063	0.0022355829777230647	0.0005136682969038156	0.0026302896801760813	0.00417238880575726	0.0012915107896764835	0.002932847300287003	0.0020808009981924036	0.0005322522557308357	0.021872710663391602	0.0012450446741737744	0.022702005751542922	0.0014663689471190052	0.0004271153147477845	0.0016828153519215638	0.008664792777059708	0.004938501475314922	0.003765332282867606	0.013460770369521423	0.00031651726561486955	0.0012157797584187457	0.009070675930184435	0.0027148865348461336	0.0016007272379038161	0.0005391240759649282	0.002827462574878448	0.00420171577335101	0.0004411590164190956	0.007278834263428102	0.001582962708707688	0.022580818336857104	0.004178486045095905	0.0017462640955468944	0.004288698698613022	0.014176477370461023	0.0041114100223651265	0.0036223367542639086	0.0011672805814646687	0.002404641513473329	0.0001486413757436328	0.00023533091249675119	0.014115419254733003	0.0003700230646463613	0.0006015086261741004	0.004034471729657052	0.005198122562607691	0.004978680277994952	0.013327255077919375	0.0019798909873521503	0.0018733675441529405	0.0007114151654732752	0.003999800891332248	0.0006841321336036714	0.01392581554806709	0.0013679051557789698	0.0020200646335530206	0.010173115877734408	0.0006327446856035518	0.02358356520397984	0.04662284537882077	0.005886916904843851	0.0004758346584314702	0.005469513147988139	0.00853255785760672	0.005975788098734928	0.07826608933630308	0.0020675003919362702	0.003221649618613491	0.004425978833955513	0.010999388289971893	0.2291961953321838	0.00292065705260187	0.00019762668075490675	0.002393595683494058	0.0031310959757301507	0.008840999899882898	0.0005569811070200134	0.00031622916870510166	0.00015628967666582365	0.006173493161170304	0.007735198063319399	0.003874259331456463	0.0013775343763962518	0.0013678870274040002	0.0007547656873423717	0.0006566372825901151
MB_G038	0.002373616208390918	0.014471671770018806	0.0004887527725838699	0.04010540211857816	0.022840665727541454	0.016547369451408132	0.000904258334352341	0.0009977835262710258	0.0019723044966666057	0.000644800057819081	0.0003203541403436845	0.004109949548663302	0.015740952809705173	0.0017090135493728177	0.01061812420601115	0.003926670805804983	0.0017800236629911088	0.009014671443642517	0.007450096032962012	0.014972249362724451	0.015558513187244508	0.0024760656893773655	0.010508990857759096	0.0716872236528789	0.015813547729856117	0.0017692228899623987	0.0007143987359949645	0.01914475280510974	0.003289623848267598	0.0011694263632975725	0.002409786450208226	0.014186102206579088	0.0016383953451608987	0.004243419381386619	0.004050589671022542	0.0021546028269880703	0.00017673469810172338	0.001180162433955117	0.0026407192135909125	0.0020477294215874168	0.02011152012775908	0.0009611063044816823	0.0009031731953056852	0.003944001354700136	0.0011299836123697593	0.02185973022113061	0.00015660107025494916	0.0004440104847683948	0.0019408766019113695	0.0034432004578158616	0.0035820233852102445	0.0026020973982866327	0.000953852701464471	0.0002739394767292521	0.0004126296497936435	0.008149258212318728	0.006137480800793034	0.002521698200404417	0.008905339504863214	0.0027945892215300553	0.0006811641086134457	0.00013440025656985056	0.0015104815368304591	0.001663536425517723	0.0029584170988662915	0.002284412187475154	0.000921910669957069	0.0023231147958370215	0.003984160490138747	0.00462315801397525	0.004707478290234505	0.0011903433268287376	0.04650015586572471	0.0014489774492665495	0.0010644730582022892	0.005799952800015053	0.00023947059080193077	0.0004859216148648839	0.004627353326370393	0.00773696415147181	0.000712680630932954	0.0105741073340964	0.0012042800480219506	0.00221724127633827	0.000994359679399489	0.0039403255891081925	0.0007343674796002812	0.012066259418386897	0.0014370169936217293	0.002429090858196738	0.0038318310409095105	0.0027234126422410313	0.20105210230076265	0.023932599984875052	0.0015510341448503966	0.0005285335242460721	0.002120196955905526	0.03843177341143325	0.01101482841312786	0.028211539462639098	0.0008576136747387672	0.001792149168962884	0.005118649062429838	0.018211820177653444	0.004498279796181973	0.0007459396316736424	0.0006087501004133683	0.006097688234192156	0.018728332188324887	0.005586232206288752	0.0002370696281921811	0.0011858754582890164	0.0008004418121004132	0.003002488696670236	0.005873440255885201	0.0156257467537699	0.0003546388098235181	0.0015248764673772184	0.024761393878988836	0.000719297335716766
MB_G039	0.0026879002719493563	0.0010606702739758942	0.0008797574341407045	0.051551248265494565	0.002917914008340874	0.02540529157868919	0.03428792956017262	0.00105652901679693	0.0019504266150237317	0.0020015407860162165	0.0012263207972026961	0.002452671631865716	0.00838865713981223	0.014199689930373797	0.014248377203691771	0.0045260831504924754	0.001801515299478879	0.009748953053099911	0.011528803626411654	0.01994435445417378	0.006551363962743024	0.0007028542314365634	0.0009393139335018638	0.009106368654157546	0.05257271323687641	0.020835970600366432	0.016424561856719293	0.014050862985780376	0.028845893930090037	0.0036695129641802853	0.0010697231440832224	0.013132978139847195	0.00018151184419196617	0.008272354810896995	0.010752159086990674	0.0023949472962182063	0.000518042260268804	0.0007526524654307226	0.0031766386463851063	0.0040803717286629565	0.016140400123483056	0.001859867616194362	0.0015739569808112736	0.003507900183486055	0.0022743533210660746	0.025571154364729586	0.0017968499138633913	0.0044038897478720996	0.004774901814287862	0.008217046657016273	0.0041590014817603155	0.0008806693244693535	0.0019136258777480487	0.0014997115890028623	0.0005716988548181856	0.0038994974153933565	0.010469993666079492	0.01730166059469304	0.008665527321807183	0.0018972790238154132	0.0009211913398734184	0.0027550916029370955	0.003134589102307872	0.004690102547550066	0.01858741130003536	0.020181241130303278	0.004484867680256371	0.005883417294760436	0.00946832953437853	0.0041364023411626155	0.003990551037055878	0.0010537725023787219	0.021747102988529082	0.008514853368298481	0.002134122321511003	0.0021003758193228433	0.0018688035112411684	0.0007353146217984856	0.012180801824800974	0.008632140753174665	0.0023680847735177	0.011510816015451982	0.0019402307079344845	0.0028201879969948773	0.0012656430178474294	0.00046278115266961425	0.0021517906646154007	0.003415648272484367	0.0010530213460997171	0.0048554331585796435	0.0028308583276833105	0.0020684285908225564	0.047283292381054484	0.01518423561701107	0.0005100874903615455	0.0008220870211310166	0.0054319989545561975	0.008796396496918497	0.006011531307244044	0.016437408264047736	0.0002511302765444183	0.01602867465201992	0.0018787584244702796	0.008605934399536537	0.009824843243212922	0.0030322339232680003	0.0013322345945073065	0.07002329248580277	0.00285639457767549	0.004617810522066266	0.0009160944815701661	0.00849090951607238	0.0016323404964470505	0.0017170127520020012	0.01871895453781076	0.0174470243603639	0.002863739145215429	0.002230013218186665	0.017137177040443246	0.0047005674256545196
MB_G040	0.0019333229169393074	0.022867888053290365	0.033047417690314024	0.019111362444206963	0.013045156391127894	0.015336247782882704	0.003413859390505321	0.011877816886349373	0.0012954246454974004	0.0004494321333083326	0.00016645595413986527	0.0030236060975711715	0.0014910021698795017	0.0008149095367114019	0.00232170535571584	0.010777386063442076	0.0008325319391067459	0.0037470503244127307	0.055657759318383807	0.008440191922422924	0.004471870391293422	0.0038250300303558286	0.009722625118227045	0.016301401138239732	0.0048390410703254266	0.0015216360031362513	0.0016280577139411016	0.0029312728533514073	0.007286095384511207	0.0006575172843297027	0.0020796805469161703	0.03481034996385439	0.007924502653982394	0.006566509911241757	0.0005319688625417476	0.01557406506493182	0.0029667353474154873	0.006914217924671736	0.004526694323476471	0.00421740138702467	0.010065660024743125	0.0004954721791775648	0.010752312659754317	0.01613091847838819	0.01622810049665624	0.011448820114171414	0.001743392391627545	0.00123607013998109	0.0009996959965694536	0.02597392394790457	0.013595881387293018	0.003782350012499721	0.001541199684215958	0.00029895134539280197	0.0006267902411552185	0.004537303741873108	0.03747373615271051	0.0014782136188196818	0.0032647938581936106	0.004192589441475125	0.0013491920797129462	0.00112721013103925	0.0009887793453097747	0.0020727494720170388	0.0016265554309892432	0.0017615235403407967	0.0008576354883777712	0.012285151272535311	0.038859599026524805	0.00709508632767862	0.014696640873267077	0.003924023287876001	0.01566617748845929	0.0002568507613142583	0.004696957674064539	0.06718554688663315	0.0024071024961619288	0.002452422535802759	0.004070099950364117	0.013694056430571432	0.003800179113386873	0.045757691991134254	0.0010042003016399437	0.007758786439805248	0.0027431957955882194	0.003981861828782793	0.0002997473888545589	0.04104033686004798	0.0012926722459341638	0.006584156450315002	0.002843352528053621	0.0016988024651897551	0.0501459356579107	0.007371631202532194	0.0015114451394194703	0.0018043633778226003	0.0013329941334212475	0.0016048494193567431	0.003683173693487631	0.01828148897619529	0.0013575808425177719	0.0013690971662438185	0.022900411448556958	0.005630467556538157	0.001013071225740038	0.0005047387084984738	0.0033105721453734484	0.001017979889735898	0.0017547503184618559	0.004689052247117449	0.002690791941897503	0.0006521124451088016	0.004088376719544705	0.00709488487710282	0.007855363097617663	0.008693917690354575	0.0014659685925673537	0.002541611671087153	0.002790478973535434	0.002151171031903975
MB_G041	0.005315873142760244	0.004277941278980671	0.0017174555682800577	0.09019213156427514	0.0019802791628793456	0.014513617056208352	0.004147627390821624	0.00286013380594018	0.0010944300860029844	0.0012692366264946573	0.00019179895735533433	0.001720877424696914	0.010150993132565407	0.002444319080235392	0.002781046667159275	0.0023603503328392325	0.0002120495751288884	0.011139368282230654	0.04864541291631334	0.0058974350143161745	0.004278040124379122	0.0005225892297412709	0.0006538105977709471	0.029885063418203326	0.01550750275869978	0.004068123575251227	0.00807250002580066	0.0309895970909762	0.006252902066071505	0.00012236635877460237	0.0002486970952706992	0.019083015385439567	0.0009521007399885781	0.0019812056103515087	0.0032591842195515345	0.003153270191942697	0.00031099997852073575	0.0006351674699732427	0.001581868679647356	0.003746302833708671	0.035149041818212504	0.00032864925103384056	0.003514055388804544	0.00109841748589756	0.0032603091044139	0.010293238072708683	0.00019326723683518374	0.001667641274219678	0.0015881847505645119	0.0041299958682176376	0.0033374605448245414	0.0007451690470875803	0.00012648885128504009	0.00040388386909032337	0.00015272266833794506	0.0021624393942825115	0.022100368203975863	0.005074968836761999	0.03012540740346539	0.0015910799879990348	0.00015004991587244543	0.00047573978167766946	0.0003171700041723273	0.0020652448936820168	0.0007163628189845781	0.0026373269207484473	0.0007773452641201945	0.003074214978932194	0.004035465926583627	0.003371666119364386	0.005274331431040757	0.00116354733061835	0.11706944794712208	0.006514511543329027	0.006271893294198825	0.002901718117819833	0.000970079235463273	0.000631997038297095	0.004948527830098309	0.008892562890862406	0.00037977087488331166	0.010749673306730196	0.0005835163622028568	0.003136981543362533	0.0013993289537903427	0.0006885942633384215	0.0005631027619592699	0.0055054589269471375	0.0006891101547459817	0.003911457746577631	0.0007581401830040493	0.0035036180802984957	0.1489856114253408	0.003718455071944824	0.0001632542404851035	0.0008181165247153322	0.0008123031463949614	0.007152064872387937	0.004403752766472549	0.00445267210777091	0.00015632597820277696	0.002039190217803507	0.0038234791995339075	0.00594032280889648	9.003468505948233e-05	0.00027063066697260085	0.003043718137632698	0.01365097606988615	0.005223067828801314	0.001882069458621763	0.00046020288204060125	0.004745999815203947	0.005682534313410761	0.0010843279323311365	0.006359777722466947	0.02284647890494672	0.00046917011417721915	0.0015456044553927458	0.06851623646911485	0.002276192169598562
MB_G042	0.0014841411604570509	9.081836190870119e-05	0.1152730307073935	0.00018607182516692795	0.00018688792151258705	0.001084294427721835	0.03071953474722479	0.005579243972207438	7.050863593922963e-05	8.853294862633819e-05	5.9259292455743294e-05	6.85386003050926e-05	7.90265656423067e-06	0.00040960534456439845	0.00025198735312543337	0.001637812159931246	0.00034955784750653697	7.506091883781776e-05	0.007210387001200032	0.0006280280052975482	2.5388475918731702e-05	0.0005291697898163527	4.851283991588247e-05	6.012779083071495e-05	0.0003637440204920028	0.0010372140718284096	0.0009034786982714489	3.905947311093248e-06	0.0030648511160937873	0.0006832056152980521	0.0004849233187433102	0.002785045340114591	6.294147997968496e-05	0.004995619343021315	5.819197885445816e-06	0.10174168624136325	0.008112809209059506	0.010523968934600954	0.00033941119881872713	0.0001636190296164637	0.00011645230490866885	9.238451608950024e-05	0.01316420301286121	0.004158897517874234	0.00808090890336152	0.0003431337564637698	0.05459188992871878	0.00042011262234963514	8.20069725139826e-05	0.042934533012136254	0.004292900744370913	0.00010137580355846385	0.004258341725877548	6.51785704870733e-05	0.00012998950518794622	0.000472604437393126	0.008207378130598242	0.00021082598997827006	2.4404123601145875e-05	0.0003026532719461689	0.005331885124868122	0.007909884726588216	0.0004653743102818209	0.0003855216972397035	0.02816646343106019	0.0003735615559624573	0.000759057573405136	0.03288953580695416	0.18040141573980029	0.002246472623977939	0.0032267487693191143	0.000779605903980619	6.312121759711629e-06	3.645163927105802e-06	0.0005885571378822599	0.09430881471423143	0.004007264374791504	0.008600156659924326	0.0013168303187938997	0.0005681876914468548	0.056154655992187316	0.02265386861218409	0.00010934505556707795	0.0008336266541045949	0.0009825177466379735	2.5607129012958944e-05	2.4418391137251205e-05	0.0024662834313768046	0.00026121934017788107	0.0030304711242309197	0.0004165498245461544	4.473632644136315e-05	0.00012126185471918118	0.00023327507547295185	0.0003048765231342593	3.119385656851521e-05	0.00042009790421342665	5.864747014169765e-06	0.0001722509347284198	0.0012890528709385398	5.559114059625332e-05	0.0015970142530122775	0.003671734692720694	0.0002235364297978618	0.0014950146565380245	0.0010750939414938714	0.000959460703491157	2.731426913680558e-05	1.0368783718273422e-06	0.0006248102045338445	0.07956238504942144	4.373354587816116e-05	0.0003153641429904908	0.0013079856361246304	0.0007677899259015705	0.00015522559117176187	0.0014248989533474103	0.00054238151279221	4.265755571602959e-06	0.0007820734793166494
MB_G043	0.004433323518242302	0.03323169527315551	0.03231999126700651	0.025736419636506705	0.0072670167627349605	0.014526444752268003	0.0020384302414412775	0.0062204282684877625	0.0007816861924716635	0.00010755383738791367	5.793944377563347e-05	0.003794949446034782	0.0003290175268410758	0.00024784924149648976	0.0004129449348707223	0.016531610633355374	0.0001057214464140355	0.0022005903870507687	0.06585734370378964	0.0064145220799688586	0.007326557515788132	0.0007465565780817702	0.033223223269683744	0.0027600859387535317	0.0028138845689162396	0.0008266276883856343	0.0029934928612447044	0.005398015743064996	0.021800748651287397	0.0002677273189626903	0.00039231672802803914	0.031536123156510006	0.024403894676435854	0.0016878907251174297	0.0009297722067205252	0.0002699084000176103	0.0024363193127284613	0.0006357484772313345	0.009493591035603578	0.02086175483667271	0.006681556952840395	0.00021802852780716423	0.002768882659888116	0.03125812244310883	0.03114110744106115	0.017122650344374574	0.0004852693552656071	0.004207707180113048	0.0007969660502087617	0.013271671286773189	0.008314656946070038	0.005745051986894882	0.0002971593050657473	0.0004319856994742437	0.0006064840157325461	0.0005596592325810992	0.03608377395804286	0.001606655754886125	0.0017241192004150616	0.002988154212033733	6.610117355665551e-05	0.0013577753763211336	0.00034122639478057236	0.001702692688867006	2.2484891832368314e-05	0.004648718986054526	0.00022619265658749895	0.0019858314270134528	0.008828814368503204	0.0009403739787751948	0.005230853827121724	0.0021368786405190367	0.12857816594765697	0.0003341883114622963	0.004656933209603896	0.00758394292450087	0.0041078663879698975	0.00010892511118985281	0.0010056782455121855	0.029442893869998606	0.0002688217773890097	0.01539452452446182	0.0009233323605022684	0.013192381573592682	0.0006840360115087233	0.006169675472426924	0.0002476985389900334	0.03431653294543045	0.00015362566081458082	0.0021834904011680577	0.0009757876451643166	0.000659747232995796	0.027101398453827637	0.005117595605706129	0.00024078103894960683	0.0418216032090907	0.0005693750294510396	0.0001445196718998164	0.0005063331120021618	0.0112291126683676	0.0016598681357036002	0.0003957219919309044	0.007467828136612423	0.0008219066992272862	0.00019869828398322883	4.598950068414961e-05	0.0020451242582232732	0.0034122788724292386	0.001846552140010644	0.001535570765075104	8.006274267900383e-05	0.0009230327951903689	0.00807042364272392	0.0034173089641720846	0.023637541366892327	0.008095292842456232	0.0045953993714494545	0.001061092089611177	0.0014290427583356956	0.0043249724558720466
MB_G044	0.0031679809511507956	0.004837409327709559	0.0002970450143893432	0.08285223949974405	0.0020632373926608703	0.009318035945179963	0.0008082772808997885	0.0008037872927074447	0.0007562645844681249	0.0005516709244823983	9.290916059638012e-05	0.0015290855035660614	0.011319870885765871	0.001019095270031584	0.0018159875895862078	0.0012894551322106514	0.00010453142062492728	0.008826906681000755	0.018302849930249387	0.004210061546984858	0.00579013423981319	0.00026503541001295664	0.0009951926011617963	0.03195128795562734	0.010524984899940248	0.0015400500606489174	0.002789992006870221	0.048889546693736984	0.0028890434849628364	5.990288076925681e-05	0.00013335367236088646	0.010114738924081362	0.00086006048193725	0.0007283473627421707	0.0039631365681542146	0.0004228090074887321	6.991398578108653e-05	0.00015213368910401025	0.0010718566819472668	0.0027594982047806768	0.029196373329778647	0.00019305476503531996	0.000747423381447052	0.0005828178601827706	0.0010479863802005326	0.009222749289600785	2.770530739765239e-05	0.0007361366081700646	0.0010555193779673848	0.0010894497193034904	0.001319918490162141	0.0006294985669613792	4.096494819216068e-05	0.0002120035974385534	8.451774107051952e-05	0.0012032443644648123	0.008092501434588199	0.00288450677041833	0.025394181954703603	0.0009641725363051923	3.5561046697392474e-05	9.810703683001411e-05	0.00015818746331106782	0.0010345211578425017	0.00013192669611166891	0.0016097901844727748	0.00028116397845834166	0.0006688754595387497	0.0007975706986357491	0.001256242382096895	0.002076105172928733	0.0004952328875309043	0.23587050946960586	0.005922685655051111	0.002503950384825654	0.0006684278611504852	0.00025510770873205614	0.00011217030024857713	0.002056306533418857	0.0062109798894827255	6.150257014737961e-05	0.0035654118036025414	0.0003740942461278185	0.001635752205173058	0.0004822054605558095	0.0008095096787232364	0.00039016424811520457	0.003235645618546994	0.00030386311717427064	0.0013275501395243387	0.0004524817283807692	0.002381439781250181	0.18503233003937825	0.0035726127795026132	8.618428148005227e-05	0.000801058404341258	0.00042075576387178677	0.009475802780619207	0.0028981082483345165	0.00335898725166764	0.0001240373846842303	0.000709889164457306	0.0015586974605514038	0.004170774139261879	5.016367830831516e-05	8.37410041006383e-05	0.0009871325501007624	0.013664165369409306	0.01110175197137204	0.0010584006087824697	4.752091336175791e-05	0.0029703939178729937	0.0025864275698038136	0.0005298272875906518	0.004205539733760734	0.018557871076208547	0.0001823528709953689	0.0006822390552096321	0.08822190375335598	0.0009358418080063355
MB_G045	0.0029195327499203618	0.019364792329134583	0.019359770566244414	0.00931960129124985	0.024981057658769148	0.01831890418666087	0.00453084958486995	0.0034751442053194796	0.0013788495573585982	0.00015371968082497295	0.00024829086896453485	0.005002442194645679	0.00041378307852938046	0.0007349431607373216	0.002571245280661703	0.024207709735340546	0.0015267709892256413	0.0017801354131972607	0.01387207464202186	0.016773117791316784	0.009549924340098461	0.00291810904039652	0.06620116000890221	0.0029183935126530346	0.005228435235966322	0.0016023255133590672	0.0012373736366619787	0.0015000366690590184	0.02444826525083624	0.005363159263349406	0.003757021662025189	0.022553895308323225	0.007900134982459466	0.00813494869126794	0.0010672803308589003	0.0011035033772778136	0.0034166696629406535	0.002517152045556455	0.011885974041205349	0.008461007589637921	0.0031647176271457833	0.0009971795243999494	0.0020246326314354228	0.08029998485155294	0.015156851138484728	0.026366919625157435	0.0030715234998478554	0.0025384840770073845	0.0014008638558513648	0.02636989701887965	0.011984977036850033	0.008024001648286046	0.005635212583087884	0.000582198021236849	0.001771372953596517	0.0024897879488466647	0.015241302436877031	0.0018828001623104964	0.0005031164880761301	0.004303866624023605	0.0010823780834687733	0.0022856366889416396	0.0029739034525341278	0.0023730168781716326	0.001138562434905168	0.00786202806789629	0.0009551726605216586	0.005625177595387229	0.029517793230623833	0.002448465204812307	0.006379199713785201	0.002592037334998103	0.010872687051867233	0.00013070846375664503	0.001263404215231819	0.0234402538701407	0.003109840119372631	0.0003906132912567313	0.002417620662199812	0.018543539650698944	0.0030206256483272733	0.025370657085626195	0.0021372753156777787	0.008739677486949373	0.0009551706278128416	0.007251878986010336	0.0004907486870356243	0.03876761887230179	0.0005259646865114948	0.0030750590866105145	0.005096653811991012	0.0005210163230476739	0.014715253939886982	0.02097264061235675	0.0020716213575081746	0.009949555326764774	0.0028357893950124967	0.0004904903815018478	0.0014596234804704993	0.04976745658476025	0.003663817578000408	0.0016575154549514318	0.00911212358108629	0.0025754466141939963	0.019557245400466793	0.0005892997686993908	0.0008500074826691772	0.002627686583987808	0.0013817187548617468	0.005253380509268464	0.00042994012946695394	0.0005043942030494925	0.0014233181988020404	0.008635175102600468	0.024210532399556863	0.0048760945093507205	0.0074419873124268975	0.001688595081044357	0.0003652173674375535	0.0030324927205630783
MB_G046	0.01169722105021766	0.007425876034171853	0.00030509383757560787	0.03443640884108082	0.010595721542886568	0.009728759124099755	0.0006110608244568617	0.0010403401483638755	0.0013229775558356107	0.0009226174628461478	0.00022408495023221024	0.0018938973951883225	0.025708244868746163	0.001626810328682253	0.009567034655896567	0.0014495855860131362	0.0012681597531098326	0.009115730322914229	0.00757928866637504	0.007422176588914935	0.006308298816122827	0.0020966034319457568	0.001847415863149844	0.13063838244232492	0.011967541951777728	0.0013859169029954558	0.0005079986785496386	0.015769504222079813	0.001021156488025516	0.00035757417140387405	0.001471633555519945	0.010165364550429578	0.0006483209225755605	0.0030649207950774453	0.0019589025047219532	0.008377171544535269	9.387233049664956e-05	0.0015567420951430838	0.0008845203902411744	0.0006749642983588474	0.023340824717835894	0.0005388077034765581	0.0013545438313619475	0.000928354066514338	0.0005580192013324787	0.008908555619140076	9.299485781992593e-05	0.0001674988910425591	0.0011684446092965356	0.002198192277334765	0.002361837200657505	0.0009559830821371192	0.00044108991996137664	0.00012703201336435608	0.00015662239299291708	0.009618148926464851	0.005274648333393446	0.0015796573520723632	0.015441678365923991	0.001715275198477788	0.000785973160230443	6.01668122578453e-05	0.0007281681314617529	0.0010420241915568235	0.005456879797055246	0.0006807323018603354	0.0007591009483866051	0.0027155490720974706	0.0033205675230975583	0.006489092713504115	0.004721594522917334	0.0009090765951661751	0.023397547050023185	0.0014311853835838907	0.001134302417849168	0.006955875270912416	0.0001154352335072373	0.0011398835342653398	0.004981960099231928	0.0034758091939540107	0.0007647734998333635	0.009520260890500168	0.000551021429085298	0.0010928615850257957	0.0012171666953229737	0.0014863066665225225	0.00041925454906447437	0.006733283317118072	0.0019500475396816346	0.0025345387862282516	0.0021886192196025997	0.0034692827116154182	0.24297964864716476	0.01016663228649954	0.0010815837969885478	7.850732358836983e-05	0.0011699257755810335	0.07094299390238226	0.01540696407671482	0.011873847249713394	0.0002894777135609395	0.0014661061186883565	0.0050496593732096305	0.023498606116422308	0.0010979985661744825	0.000738222802276966	0.0007174391805508425	0.002503057926090498	0.013176105809298655	0.003990902569232406	0.0006007323268130608	0.0008959118112293556	0.000661597522058403	0.0017617837579754156	0.0018407633592566774	0.013224359626935222	8.629379281709688e-05	0.0013124118783534638	0.04914876397856745	0.00034525781565353144
MB_G047	0.0026412972230621837	0.005416865080744529	0.0036189986373271806	0.035151067577118014	0.0066929572051847835	0.015428698484915621	0.005432972649655005	0.004950846817660944	0.0016464126434497489	0.0018394854408873098	0.00041623100300188014	0.0019529019999001607	0.011713772323031207	0.0037086130434967886	0.009254162528682433	0.003331430983281984	0.0016981613898871181	0.009219795676581724	0.029247789341642544	0.009358426649762632	0.003670373266504051	0.0030076076291994294	0.0010713996887019202	0.058104040301905	0.015380643960706309	0.004316217760736476	0.0025845270845306747	0.007660690556319774	0.0037310974226370873	0.0006707932779893607	0.0019170770011013784	0.02129206456442204	0.0008240338850875007	0.007902399432170505	0.0013988440759753167	0.048012754865868	0.0007117300879146134	0.0057597923530461476	0.0015974869440571024	0.0013768512614521398	0.022739167894564195	0.0007880268317678031	0.00815834355633512	0.0023560276531281077	0.003105007821689025	0.009578487071627095	0.0010468193108066496	0.0006841811245452871	0.0016829506633128635	0.011427830918063049	0.0069196227966333785	0.0011122775682422773	0.001260574181900586	0.00031156741729684016	0.0003103562384198358	0.010641450319473294	0.019960870012219533	0.003191433192348184	0.013923198946909486	0.002718540469872655	0.002484091659926323	0.00059034126476509	0.0012726693753838372	0.002335002191964735	0.01814017278684263	0.0015684309884573069	0.002046205619842617	0.0138257895117056	0.021404800507585284	0.01364578860044292	0.012005298661655773	0.0023040030370055234	0.011798879720624817	0.00149784045073038	0.0038166454756741	0.028725316670093835	0.0008555984957287086	0.005529477887217835	0.010655518144662987	0.0060670091194911764	0.004834783089994034	0.030946485550451732	0.0008645019536920168	0.002795612384762332	0.003454555381825798	0.001039431973752484	0.0005729667110804303	0.011570844031056968	0.0030662034514512535	0.007996945452137577	0.0028823998875132854	0.003945137283886766	0.11942932423693933	0.007855532281001118	0.0013743964735543025	0.0001580147532931945	0.002060967694902389	0.0191353809627958	0.013675771996950139	0.01279905700269385	0.0003472849296275506	0.004327348159701645	0.011762868553916901	0.01916229401031621	0.0013623186263313817	0.0018694003428944396	0.0029055330482239488	0.0029301426908262466	0.0033966513275671185	0.005711274280288128	0.006008361708926843	0.0016916594327374304	0.002206241842523028	0.003458962822520671	0.003858231609284435	0.014636082897319382	0.0004135208720180029	0.00294017571971972	0.023002811724653793	0.0013535965683130194
MB_G048	0.0022255166579218636	0.02886946383283502	0.0007580954766501546	0.037237533874156535	0.01694627634300224	0.009348768028412328	0.00021031910922684468	0.0016705507931241747	0.0011345505601159794	0.000379091939081778	8.725616680395242e-05	0.002682650090703366	0.01230883017736092	0.00045795524379961934	0.003362404009375484	0.002344129347222557	0.0004890673420172535	0.007062227918913189	0.013863722804114733	0.0059282099367449935	0.009093450707901823	0.002091078478780776	0.007741112889553083	0.1147764053640077	0.005553242786231424	0.0005035591661047839	0.0003152323955226109	0.01847832584299999	0.0010113669272816847	0.00014857103234960643	0.0010358292824924722	0.014691452617889221	0.0038548801030771763	0.0017053562121596723	0.0012801340822299566	0.0028493120147789048	0.00012865952720179013	0.0011729964818958899	0.0014441632717122428	0.0014224740030384525	0.022591352314815828	0.00029057981670093253	0.0013672276838638923	0.0019083501305263604	0.0012394387745536086	0.009794055281717513	4.365334857403115e-05	0.00018164569403519623	0.0007668804852307764	0.0022154149990722912	0.0028726129418966294	0.0020646441367634825	0.000203863044944528	9.486111269026406e-05	0.00016781732870629296	0.005290470845773617	0.007927986238907463	0.0008564443737159323	0.012245512354032935	0.0021756324029627494	0.00025933216121371304	4.088628677191712e-05	0.00035524824568342555	0.0008126175486231534	0.00045483974121211	0.0004955637591662709	0.00027798746819264025	0.0015576947463001255	0.002522796864101305	0.0037957828972008867	0.00502941925353576	0.001137921442477128	0.07272956685610456	0.0007144943913186819	0.0015520968548198674	0.008167093518072698	0.00013709792446512314	0.00046511344842726994	0.0022489656248554555	0.006149820422873316	0.00026943013054313525	0.009611905790849747	0.00048647453644398253	0.0019568511315028276	0.0009457246942245158	0.004372986169682787	0.0002475161021916094	0.015026908155639672	0.0010266832744175354	0.0018670844014382114	0.001620764046981783	0.0028434685918085896	0.28466606509890313	0.008690099174977012	0.0008191043181048273	0.0003775512403778428	0.0005877744846700964	0.025568578322031722	0.00771144630044272	0.011719273423310028	0.000601552791056461	0.0004297654304023244	0.007565601906451186	0.012389414054396083	0.0002927079065558231	0.00016762807267509813	0.0008116586366176315	0.0013530393020416338	0.018389921580965394	0.0029335192956419093	0.00017678904394098223	0.0005443825665815264	0.0012414158607557725	0.0021897922128341395	0.002344756515812414	0.013122523534801981	0.00010088726738886762	0.0010519099093872443	0.03365336717868929	0.00035667194077040974
MB_G049	0.003649868331455653	0.001515588582168827	0.0013571489017912442	0.0034999631232859206	0.010446232006682593	0.0069537811726660785	0.004169450212555604	0.0012116562459085773	0.0010051493950054063	0.0006806529806313201	0.0005628554129302722	0.0010207258440532454	0.0031041979669053244	0.00291308721682823	0.01656285858885056	0.00238741697481075	0.009029431988674633	0.002048851894946083	0.002320576027131938	0.008987448105335478	0.0017517064333077703	0.0050069470508435415	0.0013363277957678535	0.01576889022454816	0.007839180164786916	0.0024162158100610454	0.00031608393417328115	0.0005133641113121239	0.0017547465921440243	0.005960915241862336	0.007994161352718486	0.0059819469528659954	0.00015134938983031663	0.014837226267341715	0.0004319620297898706	0.0635325001106065	0.0005392620763612085	0.009908722205589906	0.0009248193773228173	0.0002393165262906783	0.0029011732549438876	0.001272751866899953	0.0023250428694699863	0.0037359478911948027	0.0007837554185850044	0.005515558213226291	0.0032406893845260817	0.00016216768476803018	0.0009490510645331526	0.010772038837446398	0.004385948702859884	0.0007574031657285978	0.011450963614758704	0.0001494362416470616	0.0004152796374342535	0.015393872222317232	0.003340019230266356	0.0010930037250349266	0.0008991263420952729	0.0015923907030622939	0.016092927216104887	0.0004431679176661322	0.004371402196245159	0.0011487484453087337	0.2537917247090289	0.0009862222322767052	0.002793182339834358	0.015286743137995447	0.03394704370850803	0.011835129560810504	0.005672605888864725	0.0011689837282640389	0.0002960360264599736	0.00012024311696666747	0.00035506375737573496	0.04495856527626138	0.00029773319873400294	0.006742248323031135	0.007736443469731513	0.0015833363449724736	0.023167773225206394	0.021334848742934145	0.0007782883260842918	0.0008227022001380562	0.0017028859380335878	0.0006004210802839613	0.0003548152853402864	0.006472214052112253	0.003365784166193539	0.00400097907911127	0.006050244418621996	0.000876618504440082	0.017237195217641048	0.012242091751397864	0.005142564502360584	2.112988125269515e-05	0.003689818454076559	0.013295152997204981	0.010957343486801243	0.02440988468167818	0.0004024858245315068	0.005443682463083639	0.006272218255296437	0.017123259313122446	0.06251306316114598	0.007637479072671418	0.00042417029178457277	0.0005741921362814134	0.0007106550156711733	0.00728123083122173	0.011580252737791744	0.00024219499579310037	0.0001418152676882088	0.004034420828999525	0.0016459376092239956	0.002596386631219295	0.0003380905542657912	0.0016788976786330531	0.0010728348018004563	0.000368221253480458
MB_G050	0.010072189753954013	0.01829908048007501	0.003501114948423269	0.04009079188914771	0.020724243206472957	0.023843097499195418	0.003115256967396555	0.002882529397055236	0.002209869359318596	0.0006458172832000324	0.000375145063220497	0.005258366150238515	0.005696695964628311	0.001937378813471269	0.007000626903648354	0.009673959534082026	0.0015818981639015473	0.007596143581873172	0.020069494812137146	0.018295627470664245	0.0141463398984093	0.002832845271718262	0.016235071205907833	0.028432185750298402	0.015010593175266398	0.0028683864286828016	0.002007351860399977	0.012015157411097923	0.010668881708986992	0.001782268229201604	0.0025917320187163534	0.025847546877297664	0.0037481178105677284	0.006653827116113765	0.003324614034181819	0.002866904434167064	0.0008341845577081428	0.0020640715881686043	0.005756195305873952	0.005388974093390375	0.016875173937742023	0.001113171457855697	0.002393348645465711	0.012663963416450397	0.005144890750035395	0.028197268351193478	0.0006878634632045717	0.001513230741295217	0.0023480266754320757	0.010806377096345864	0.007928842833250958	0.004317036736874512	0.0017177417318697016	0.0005449405522707429	0.0008063795397922773	0.00600639246577346	0.01615281014179951	0.003679413870608044	0.005961259962779595	0.0042080142363573915	0.0008805074905625386	0.0006790603345250162	0.0019920987732195135	0.0028183058041235487	0.0023350063151643527	0.005029933293633959	0.0012961962784023983	0.005013814169986619	0.01210661915741907	0.00513945401268744	0.007937588592052843	0.0022928072797749736	0.046742018201348046	0.001167613727388429	0.0023787076035641985	0.012656155004873076	0.0011390370981096919	0.0007243748512286096	0.005402905244811668	0.015484111791240436	0.0015639777040415432	0.021425632553232935	0.001808160298363302	0.00558219773433884	0.0015567823034150642	0.004940881018944446	0.000848611403483993	0.02285657069182542	0.0012805281465673017	0.004274861589254373	0.004396622463758341	0.0023214932949914874	0.1082836493656442	0.02209897119493809	0.0015968493462587803	0.0022634822063634244	0.0027509949141132565	0.008401975557888026	0.0065267285476806125	0.03385150982603887	0.0014605283959437262	0.002552638512303107	0.008852007453135071	0.01057721162129377	0.004773289010492575	0.0008094074231773002	0.001403863251323606	0.007224783446935397	0.008103995501971861	0.0063460201383610335	0.000515507557195905	0.0016297991006653802	0.00212756022306214	0.005190636939884605	0.013801558893400772	0.015976462437192175	0.0015501127079181494	0.0023091600992081744	0.009787337917502375	0.0021506015591187468
MB_G051	0.002792423132794164	0.0034807422050148022	0.0019182920778897643	0.05358963437356439	0.004103477931166513	0.026476824404960415	0.015179563602842486	0.0011141470616435317	0.0015633614573626053	0.0005478661791748715	0.0004816367661877168	0.003971211555597071	0.002251583449129611	0.003765209096208752	0.0038370576666341815	0.009601279831722397	0.0005322003129912767	0.006006329726597794	0.016505627043533606	0.01834798136997563	0.011904615296260386	0.0004278757557935372	0.006354103498504034	0.003371420777085886	0.025499350831577453	0.008466976991860933	0.014225522161066694	0.016625601205756044	0.05585261757232879	0.0022409443347629686	0.0005756613696222419	0.016847072365735325	0.0011177263351736042	0.003879292840830337	0.010495615325107736	0.00019761579537014268	0.000742135304538226	0.0002641122058649555	0.007598854623023133	0.0147800345928462	0.01134080244698303	0.001069099907176711	0.0008548568132869144	0.011425824186934243	0.005850841139137925	0.03808498502000111	0.0008718022797327142	0.008689800228988928	0.003569270642676033	0.0076183808470988235	0.004467851706348976	0.0022451089532721027	0.0008859360186455291	0.001632656478880818	0.0007875858897363486	0.0011817305796275259	0.013258355089569605	0.01214100246799803	0.00417757121831015	0.0022041780851178	0.00015981681726163094	0.002852226228615892	0.0016908813138399683	0.003994914727119269	0.0007094084853047131	0.030347867297617712	0.0014832544010323675	0.002087708410584289	0.005231278937533441	0.0012678174745454707	0.00282014892479189	0.0010480869719459492	0.09421769617579219	0.004740052085082016	0.002311355530784151	0.0011180265091587384	0.0030335476373896555	0.00010864424252132084	0.0040730728834646	0.019396001162057922	0.0005002877737025623	0.008150318111905955	0.002100934173237002	0.005863397305827833	0.0005997098542011934	0.0014387441240371831	0.00153580780009018	0.006487204105225282	0.0002921417216620508	0.002559908980701398	0.0018962655237809822	0.001085857512188535	0.034691923171548594	0.015047179446145916	0.0002615693968092118	0.01126625787697492	0.002984193346795875	0.0014245615304685297	0.0016146494921497516	0.017787396767515975	0.0006114311046172024	0.004650947746690842	0.0016665162987370681	0.0025149742858238066	0.003922302961207304	0.0004992371480394864	0.001074527063561158	0.07690474372529653	0.003474267242036483	0.0027705480715988573	9.582530215333599e-05	0.006372494838359811	0.0029507945590818165	0.0018264449722502428	0.04248541404186668	0.015651565571303153	0.007085961353082082	0.0014217617941485467	0.006799816124943017	0.0070490731361668455
MB_G052	0.004231708770708865	7.042821685887794e-06	6.0653039069946846e-05	0.0031571668490853323	3.893412899762562e-05	0.0010072093445935755	0.010648719627762267	0.00027441962971258945	0.00012458388042743877	0.0024068271649066598	0.00022491785805569013	3.0149657173773555e-05	0.00619700962354392	0.007827954485342433	0.005038553039660883	4.1219429906321127e-05	0.000476934352564344	0.0016030353382198229	0.0015866468843062267	0.0005854500619054685	3.876948366594381e-05	0.00013106139704467524	2.7702852857956926e-07	0.006714729580947882	0.0067711638271533	0.005474540305418602	0.0017586724644556302	0.00043897788718820925	0.00021657537531961693	8.454672439097526e-05	0.00011036700139711754	0.0007600143682721348	4.6167215529038027e-07	0.0017900188289117862	0.0001697967238907982	0.20797202414878463	3.054113069152433e-05	0.0011063411932685035	1.7404264474705375e-05	1.2952670489317503e-05	0.00296663178214383	0.000130578888100015	0.002044370222914898	8.89318755174738e-06	4.763639244233572e-05	0.0002580713555531079	0.0005498574720345603	4.9375819996894856e-05	0.00026242624210658214	0.0009410038045267599	0.0003143460840791225	4.721670876748546e-06	0.0001948812330093777	4.029795208956347e-05	8.305778540349152e-06	0.002527620871501841	0.0011918280210807836	0.0012031321933477506	0.005015135911382477	8.033329058113075e-05	0.0020535154175921073	0.00015858971473340256	0.00020118110457176302	0.0003135745131515034	0.5568059325513723	0.00014005703195368166	0.0017343652347571923	0.006894654274570674	0.0039967369288146015	0.0052030543648758105	0.001069181917479821	0.00010894637181685328	5.7379557424538854e-05	0.0012090158903586886	0.00039866330997108786	0.0017922912845801347	6.662499180185212e-05	0.0100713206305705	0.007177266451880798	8.772739433835439e-05	0.005078061770363873	0.002869509962358984	4.510768697566646e-05	4.8109786560686276e-05	0.0008293309111920388	1.6703564969968749e-06	0.00010658399809289896	7.841090864451436e-05	0.0011873466327647318	0.002071721046838283	0.00018231332058635269	0.0007347762778261086	0.006639216226756487	0.00024159824643630885	7.378123679308838e-05	1.1185064804642423e-07	0.000427650845070094	0.012215850242381025	0.005252398250771324	0.0002935491472077715	1.2706757594734997e-06	0.007021070216702518	0.0003907605647323276	0.005596246105293935	0.00020108424480979166	0.003933285904126391	0.0004898240712273773	0.0007921271076514846	5.228048057501599e-05	0.0005419600715938427	0.03221410965382186	0.0007308572846869708	9.820500582061519e-05	8.892368633977564e-05	9.265735420515946e-05	0.001353514937449598	1.2204976678639074e-05	0.0004307915474161791	0.010912572058634567	0.00012125617315543822
MB_G053	0.004230770524813479	0.00036543648484517184	0.007020340342492442	0.01428295501263572	0.0008520530978394651	0.01113755051182047	0.07256860884015882	0.004528376603617053	0.0008844091004090572	0.0025453465998161564	0.000744644120796773	0.0006379943266849934	0.002630428623019919	0.011042655765008184	0.007112141827575466	0.00243570811417201	0.0015464651025339237	0.004101893869314958	0.023992519593914245	0.006375623610689614	0.0007131934771038772	0.0010275559419193469	8.481592248583488e-05	0.00542568030118799	0.01747217902061525	0.016541158231068973	0.013276352748910302	0.00142655019719079	0.01053015454690365	0.0013920973661049277	0.0009549485061184877	0.011901538704789138	8.0847764467214e-05	0.011662805722118296	0.0008778284416600076	0.08896823301788265	0.001726107642309263	0.005448009777013419	0.0010087974755561113	0.0009658471606020253	0.007500450843259002	0.0008281527283757549	0.01245245126010797	0.0016883107662455886	0.004027707257366758	0.004844391021210623	0.00981652999187687	0.0019542609595562988	0.0016422620769678982	0.022213429769031953	0.006104465549565686	0.000275117691466496	0.0025900663952837955	0.0005883462530821086	0.0002735040508970583	0.004583831717314001	0.01969682995746717	0.006208795917097104	0.004615625618854781	0.0012604818991477245	0.004544282896628636	0.0052230142045908414	0.0017394745465432468	0.0029661154371353115	0.1128403718899794	0.003809894846389103	0.005188774222716836	0.031702615218576834	0.053642738624516566	0.010716444062166049	0.00823004894259975	0.0015706091678081473	0.001254971972609174	0.00154601408457125	0.0036035714628053304	0.019379116918585328	0.003133536214727449	0.01036299374917389	0.01515494994182414	0.0031837667824782673	0.019626528847691734	0.029541067833239846	0.0007123792074511992	0.0019761720199923285	0.0033465559198177374	0.0001023641267872561	0.0006153232540988204	0.003150183700865122	0.0019490644476645748	0.010505235948200296	0.0016863805374257412	0.0015466619250377907	0.01390958198219402	0.0029207634672789723	0.0005613864562498644	7.788668012237235e-05	0.0028626281900310797	0.0025185751213876147	0.0052339520515656225	0.005482060239483103	8.807839376551701e-05	0.016381798661118073	0.004716529175399105	0.006515592945514829	0.0025683171862100687	0.0053944283773229235	0.0035368787545671364	0.005041287614583325	0.00022248416511963485	0.003469886915639923	0.03139187521265295	0.002799583841411861	0.0018528579622060916	0.001832098701746419	0.004418916527483087	0.006393623348064523	0.0013575561226366552	0.0027090966528522838	0.004361309302632634	0.0031441072337221967
MB_G054	0.0032464318244408647	0.008749832610407288	0.0010135643648680034	0.00345420142083201	0.05169402159314683	0.010207682330492336	0.0011401610779425103	0.0004893384616970288	0.0012878955525649882	0.00012715026454736015	0.00036854840297313496	0.003502796370027652	0.0010976499147014893	0.0008409048327019146	0.009690869213285018	0.008389557393439948	0.007233586939490887	0.001343778254109329	0.0011128674129401422	0.018548813603256987	0.010150396996378567	0.00458514482635844	0.05738115179889576	0.006529631587043714	0.005767460551758091	0.0009205399020371417	0.0001351963259853966	0.000828387997047153	0.004836266580895226	0.017260147028036448	0.011459345899681603	0.006639561622806586	0.0012303151918058902	0.009499195941912947	0.0010742798577205712	0.0012307551571285383	0.0005019409048599409	0.0022574979616927036	0.004324798388774944	0.0011692409080894554	0.00169764159841031	0.0016410704421974728	0.0003556399103143781	0.030948880095135082	0.0011974245435910776	0.01989346872234026	0.0012173364096443912	0.0003101776504335622	0.0011613394247273348	0.007747805632028329	0.004416291728953248	0.004500923023505711	0.014127965570241163	0.00022547965110674258	0.0012446340697316127	0.0067467489854446065	0.0019931447421947255	0.0009218611619666548	0.0002455955763614903	0.002556970445848262	0.0033963370063628	0.0003273348440146794	0.0064525131057116365	0.0011324086898775803	0.011860208301420065	0.0031985268709769843	0.0011067784503108462	0.003037174801618283	0.012307523845842824	0.0027863483559643696	0.002825292388776238	0.0010024306854381187	0.0017107653369504826	6.07400735548138e-05	0.00014628121043864424	0.014284005927766106	0.00029452503272452027	0.0003625160813784475	0.002418542566854509	0.004667540920785939	0.0038868747757238487	0.011013797771810035	0.001716860899477093	0.0017149650108892673	0.0004862316766348598	0.005255450998022573	0.0004626687578802499	0.01574576967630292	0.0009353723876409419	0.0013678682039133113	0.009596505498684346	0.0003795245693157577	0.015156445997951889	0.04496897354752903	0.006205023581644607	0.0005995020074265646	0.00427603774052168	0.00455838030642087	0.003773983622548223	0.08304796648516996	0.0027170483727327614	0.001836468076386738	0.004062753361270664	0.007290718794915446	0.27860716135097413	0.0018762685681400662	0.0001234126050738832	0.0012724716427943965	0.0024181855457758084	0.007422773230668436	0.00031863851501677114	0.00015865598324275672	0.00010419684789844341	0.006351697207156738	0.006850952327345959	0.002463788996009831	0.0013523271664554646	0.000998663629491798	0.0003030691204281106	0.00047344399499463826
MB_G055	0.006557868706937788	0.004499961112638166	0.0003151440688472698	0.031939182430281376	0.01313422089735365	0.014618055502712992	0.0020535693209336337	0.0008689154840079086	0.0019381863476420882	0.0013366419475380994	0.0005792939218506901	0.002506406877994982	0.02506620566825038	0.0041579022944921926	0.02095079810122862	0.0023170742959099807	0.0034413541997805816	0.009875233250884585	0.005332366260201983	0.014292644605864296	0.008273529374666942	0.0026327370629179096	0.002307732180717975	0.08151208364506728	0.023470517349500772	0.0034915288191856068	0.0009377191703012085	0.012620364278884097	0.002546689169718896	0.001736566326714007	0.0029829879735983507	0.010479087557203589	0.0003733352051593113	0.006653819565231271	0.0037162038284998364	0.008967579385556684	0.00015399995188429202	0.0019777455194449215	0.0014287433870052704	0.0008781700955005316	0.01929149107370812	0.0012910173910056012	0.001240647263898403	0.0018357288503451064	0.0006332235580891255	0.015107672859555419	0.00031953093161514023	0.00033652473947661253	0.0021940557035143755	0.00374068786100173	0.003162746924585092	0.001169404169387023	0.0016239803351880701	0.00027640746053467187	0.0003248657020660213	0.013453021189986114	0.004912845538676597	0.003280614312313802	0.010496076385541661	0.0021519583682229324	0.0019492030517412053	0.0001755654133574938	0.0022095946032861585	0.0017990559756445462	0.02478713032441516	0.002025579963481731	0.0019263580850260506	0.004458909790573108	0.00603901669409353	0.008190963751410218	0.00502786596051414	0.0010504006524129552	0.013237470695430558	0.0019284571380761431	0.0009200252996614248	0.007206089839967605	0.0002078113761680505	0.0014716954138886038	0.008668137327716798	0.004157116532117388	0.0020455847996838587	0.011917452786434054	0.001076134987582442	0.001295340089049	0.001407962380018123	0.0013664419853570246	0.0008695239858483735	0.006389676820662366	0.0026281676025323277	0.003409960134550402	0.004282663407840371	0.003174253124800816	0.16046927808259592	0.02014661408618397	0.0019023168687746306	0.00010085874111538616	0.0030533900513753094	0.07611969408383815	0.019066415726786332	0.022951540547011966	0.00039937527718339797	0.00431122993546145	0.004392407077016985	0.02957502075563105	0.008633037003556387	0.0023934881954930792	0.0006483340780477723	0.0061290003514587995	0.010465720161770106	0.006622727225612672	0.0010243838741776144	0.0014315191430432036	0.0005066441712154957	0.0024881039092965497	0.0036089949535255653	0.013743909112161565	0.00024509135465644003	0.0018329695942328201	0.030059418566300174	0.0006142413183135615
MB_G056	0.000338749787062875	0.001831671629624643	0.052307587065117435	0.024518440808591693	0.00043864753842371633	0.012092496124422678	0.036569172361124544	0.006514661816079535	0.00041629657435419645	0.0002320791956547244	9.348206617976102e-05	0.0011589087485913978	0.00012423030335311405	0.0009805164399979565	0.00024046523672233312	0.009423817461378929	3.998453795967165e-05	0.0016374627669345412	0.1104667730305645	0.0037083891374641376	0.0014223709855406058	0.00012738623285435651	0.0011326095388649073	0.0003163403668217676	0.004519918134311305	0.00475208351832664	0.04377962671300662	0.002847684034943062	0.07942167955887684	0.0002022968327830943	7.323190203993133e-05	0.0211395557266235	0.0021775765282839536	0.0015800885251994429	0.0010294523538884204	0.00033450322374543976	0.004487667962207243	0.00030609107419828037	0.005352748560715027	0.023045471156396664	0.00441558287014497	0.00016894696110735495	0.005069800554233958	0.01106875567959036	0.04640264179355813	0.008845473323256858	0.0024913632535813243	0.021001251232508372	0.0009344077180615411	0.01905598069324651	0.006144271422841162	0.0009942237323386732	0.00019144576040566223	0.0010787275219210472	0.00035070875428012716	0.0001583174423242969	0.0542550869775826	0.00539790138034716	0.0016822491765869712	0.0012026965565885013	4.365315730985114e-05	0.013149785047763266	0.00024360305913435112	0.0025824849925207187	5.513881483942714e-05	0.014304668628696433	0.0005119833094185299	0.003470794478892289	0.013084381975704553	0.0006091513938078301	0.0034245979108811606	0.0013195786604642797	0.04829667483851568	0.0012590333753007249	0.009271954495045984	0.0022950214035146856	0.019332722993050017	0.00014710385286327584	0.0015576488486398038	0.019519433601878133	0.0004636995602573974	0.011931027116958233	0.0006526576944990675	0.01076317971065908	0.0006830618536299667	0.00040088158575533515	0.0003217908065956411	0.006577946652128137	7.434532671404682e-05	0.003116352094669066	0.0003126124232988106	0.00040088641449530606	0.0053243578818933344	0.0012274763532517017	3.677843668232364e-05	0.030882089335169952	0.0005712598367049431	2.0458511175672618e-05	0.00017815255606712943	0.002606340625315715	0.00022635043144917188	0.0015532989715872484	0.002293145537447074	0.00024002767265196229	6.925075566384132e-05	7.609402814788904e-05	0.004348187597823116	0.015212954978055245	0.00017136948473386534	0.0006465436526235005	0.0002673542279094391	0.003926722704347927	0.016138080251358287	0.001088126684712746	0.032682867278113245	0.006248962253905861	0.013990495066070505	0.0009872360439684216	0.0009879737197624383	0.01572814068177133
MB_G057	0.006562483398822006	0.0044036806066059106	0.03331924115874048	0.014507984358597386	0.005032946090537801	0.020967621791791517	0.031857317419259845	0.005420553073953998	0.001211587905083157	0.00038740205796445297	0.0003981932686082503	0.002936023819414113	0.00039352149358585294	0.0022729537341170023	0.0023190432181253756	0.01896910449643096	0.0009094148654809486	0.0023041544987894647	0.031718949566426784	0.013889002133711921	0.00420590934859965	0.0012403894810941645	0.007762799728283054	0.0013833527374060392	0.009333498272143808	0.006104878253860578	0.009239585758071076	0.0016929655983351141	0.05827167447204383	0.003814408263706137	0.0014437775651489216	0.02463434654604715	0.00233876968358977	0.009152642761460513	0.0014500041788256875	0.002194273360062562	0.005784274555227095	0.002179150668286464	0.009253915270673376	0.010959561920987853	0.004136732923896333	0.0009648584437926626	0.004721225269449859	0.03968622354997919	0.02461393415644164	0.020481106044435676	0.008675716441779618	0.008119362465336503	0.0019443319095044387	0.039425621373224716	0.012614214550091582	0.003098573087092247	0.003967638765894442	0.001212576002664769	0.0013340214185757185	0.001571095124598798	0.02937620994068894	0.0051836144424056005	0.0009687937321007544	0.0031340362267422077	0.000978069913782713	0.010110808591521967	0.002468373539137358	0.003909441238066576	0.0023514412918373816	0.016423667620554416	0.001938937787033833	0.010693920673463567	0.04545700813642856	0.0027521144565587096	0.007053055687246406	0.002585817892230368	0.00977518099378112	0.0004904490896302324	0.0031958834985052	0.01512088014035861	0.009731859787950227	0.0007371120901604007	0.0044005417357033	0.01827620304818485	0.004884670846667223	0.029214362202606415	0.0019687859115343604	0.009817056209375842	0.0014173811256291175	0.0015928772783305259	0.000710441877431899	0.017722535868765873	0.00048338292663341917	0.005446673925604135	0.002842581980261603	0.0006277365749544075	0.00930854963378409	0.009499805176980548	0.0007340769531620512	0.008655300297052856	0.003158850263169048	0.00024473200367085003	0.0011540136423311418	0.021574375160036713	0.001145680907839708	0.004712474134001955	0.00629530640765074	0.0017713462188454197	0.007185715682721781	0.0009355806965459526	0.002192470670533226	0.008257803554440134	0.00047976417121959095	0.0037963306410298383	0.001356162478005779	0.001807855255655971	0.0035255767852518955	0.005066778526167026	0.03273216975482399	0.006320596554558226	0.014293622960799177	0.0021952705649525327	0.0006110240340537169	0.008358269682189522
MB_G058	0.0011368567729807466	0.0008245555041640838	0.6326210108188737	0.00020270244868092103	0.00019757947123906464	0.0007638911287003773	0.0037271263717945508	0.010030658195626449	3.176549137377973e-05	8.750134433278788e-06	5.251788372895555e-06	9.761124510074245e-05	8.028366706395033e-07	2.136778984082176e-05	1.2535665923775859e-05	0.003517131385538787	1.6878356414410267e-05	3.021661023541732e-05	0.024329371322984322	0.00025951600557784434	3.784230277479928e-05	0.00018589034787221633	0.0005666471567977102	1.6056152103695765e-05	5.59422012731338e-05	0.00011591129708537611	0.0005317903615158825	5.091290832004623e-06	0.004038509464663283	5.855235453076972e-05	8.064277572728507e-05	0.004386479208230306	0.0018543558001622518	0.0007560452897310134	2.3837312281144476e-06	0.0027575137514549075	0.012473069285926494	0.001978612349005563	0.0008207372214410506	0.0010042710737174952	7.695074168440412e-05	1.4991228829369477e-05	0.008137153640382236	0.013887482531574636	0.043189839304607215	0.0003323972428169043	0.007648643416645241	0.0007505948865161346	2.6459621937639967e-05	0.029311354816317203	0.004150345239573912	0.0003243469654342037	0.00035535192373195064	3.688652903188747e-05	0.00010296698298812792	4.733195631660755e-05	0.01659946734760718	6.107881729301102e-05	1.1066189965019544e-05	0.0003037194297894145	0.00015395288493935422	0.0042518523243638235	5.465225087242364e-05	0.00018672304024438738	4.0869123043130316e-05	0.00024386991851996405	5.778595991740904e-05	0.005241851650664159	0.05376514497197267	0.0003041519419019185	0.002026859114691874	0.0007590839602542975	9.143914568279398e-05	1.0275265109120837e-06	0.001066881951473051	0.04323866768879221	0.006856292385267633	0.0004509693108584964	0.0001460693790261575	0.0017369541257372069	0.0024333479364324817	0.01266297086302054	6.059940833462458e-05	0.0025061508982752423	0.00031293419182762785	0.00013329228202477926	6.4959486782541875e-06	0.007278998052125541	2.6123627878308066e-05	0.000994752999596378	0.00010283944540236277	1.734604429332601e-05	9.129589606463402e-05	9.160352007226867e-05	5.4550998612620084e-05	0.0015205780417231014	6.066258760249066e-05	2.1096175975414952e-07	1.5652541469076016e-05	0.0006445878623467969	0.00014497030297015847	8.701556767320106e-05	0.0039652904233668735	2.2188140453249998e-05	3.441300888463557e-05	2.0567332254896608e-05	0.0010188780835559336	1.17109504301068e-05	1.178786818021265e-06	0.00016032321269789402	0.002159146758033839	1.8665635292857307e-05	0.0013500991941838478	0.0010481368355679487	0.001456166104082581	0.00012004957390490206	0.00252266614379096	0.00020977234329824237	1.3686745266120135e-06	0.0010269485922969966
MB_G059	0.01297875978614847	0.0008870127420694426	0.00036420497190037433	0.01300523475826309	0.005577512996692607	0.010452277337870776	0.007153995567127534	0.0007798712208658892	0.0014135095529314292	0.0018493542140121406	0.0009548779668216629	0.0011594099590691855	0.01414250172800826	0.008445823832032687	0.02866119885404946	0.00156304159770388	0.0064628158069857	0.005827224761611086	0.003137713573780076	0.011550533235821267	0.0027240962642528068	0.002425136167616075	0.00046334717165816324	0.03314614499912671	0.02386477416227333	0.006562552395906397	0.0012071912722497735	0.003068354832067638	0.002553580002012806	0.003717373475460336	0.003690208410260709	0.006408122988578094	6.848067419457825e-05	0.011483365950480212	0.001961055224657506	0.035407691436050326	0.00022310384433608634	0.0036931293883634433	0.0007991861836220836	0.0003510901802014455	0.008938180616297907	0.0015867003144975091	0.0017582751615849742	0.0012745177041504317	0.00047025435649578144	0.008247537947898115	0.0014008746198265643	0.00030144034591329057	0.0019378601269997337	0.005673112381650183	0.0029721573809642137	0.00046854163039087557	0.004316929674914452	0.00027916814306800763	0.00029196155150849337	0.015255236962591939	0.0036555554583158935	0.0034637676032111754	0.004756026536670031	0.0014035604250428272	0.006890854947023371	0.000417168285468644	0.0036202068305946286	0.0017710197808527874	0.2403411642235693	0.002008565837760105	0.004071641878043005	0.010217605050856374	0.01382409620918194	0.011462090952030117	0.004689967027812724	0.0008768145729927129	0.0014584392854332402	0.0011846366599560535	0.00061611760603515	0.010794483955983947	0.000269487532653795	0.004438172502751974	0.013127340024320568	0.0019176252274112613	0.009256214608451338	0.013880063894571021	0.0008988652959257679	0.0007502610479756202	0.0017125321507612536	0.00034436228341719506	0.0008027753248317903	0.003112327778828535	0.003512960269134651	0.004431031786425953	0.0044385359369508845	0.001987702576396801	0.04858090984828269	0.01324386450554317	0.0022189467813527627	2.1662329476779796e-05	0.004379917524378275	0.04783182096769333	0.018337988024223154	0.017245787172695638	0.00018386755937120278	0.010598497403727149	0.0033229458322631094	0.026798593789255715	0.02626080596364114	0.00824321316568673	0.0005913897852027976	0.004114236543719478	0.0020815231522428954	0.006661539875606453	0.005974349109913825	0.0011671801532492719	0.000253785443706872	0.0021084203384536594	0.002321524949518337	0.006902715966892708	0.00028093013695603054	0.0019121088172043771	0.010011835224867805	0.0005879898613461973
MB_G060	0.003933770211632072	0.00725757232097481	0.0017138423791739682	0.05697265263391461	0.007461069255140781	0.026174069743408492	0.006632217242519301	0.0011811550051677487	0.0017332046892386723	0.00046592804240907907	0.0003813069671234685	0.004948460141591883	0.003068689767774911	0.002488730020956151	0.0040026004269121986	0.009897023015262435	0.0005811542945362977	0.006661812416863641	0.016163912124607122	0.0187588201520896	0.016370138059948112	0.000636396628840063	0.012304730771237749	0.006482639195922261	0.02125615974583407	0.005080183940714408	0.007191798384713067	0.02069833793464712	0.034921139002575284	0.0018053664471454865	0.0007628866492628794	0.01874404334041713	0.002064120861456582	0.003564915109638658	0.009317369500461635	0.00021163338953375402	0.0005949746045682934	0.00031787606282700085	0.007801975187170534	0.013467613869198009	0.013598286938713561	0.000996535669200028	0.000806125991612623	0.01229845749581285	0.005194175324864003	0.04024413506919066	0.0004975430620452297	0.005299132730708245	0.0031636289144668962	0.006518614952387428	0.004633626035587345	0.00316607170261003	0.0007913924842896719	0.001168798691059355	0.000779484916479663	0.0015804758943053292	0.012600182247482146	0.008367493827733954	0.004861608861654096	0.002645229575821822	0.00016029147725847543	0.0014222210172211648	0.00153034351751717	0.003384385484538537	0.0004977568042977165	0.019185183795791896	0.0011005496210255952	0.0017895989061165493	0.004470992395479078	0.0014405940504149553	0.0032052892703638416	0.0011703778663454054	0.12922793212131978	0.003525404012735824	0.002139243338242325	0.0015304587836514562	0.0019299475557712298	0.00010732122485242486	0.0035574018768818236	0.02052031536031986	0.0003959538736220202	0.008621484450433703	0.0020347417032237115	0.005950107926423579	0.0006197939809645921	0.0026561992145595647	0.0013058195700447147	0.009535853917707348	0.00035074885119684837	0.0023584069776255963	0.0022281444639716988	0.0013127652515431505	0.05696903487693004	0.018531641784520787	0.00037400920763865797	0.010678200760944964	0.002584341780470072	0.00241246024093693	0.002122724184391883	0.022088761515517787	0.0008876099736025412	0.0029778410633612244	0.002315218214446532	0.0034221360189044016	0.0034469607668431495	0.00038750186393059417	0.0009689338228688482	0.04732248528806988	0.006357213924648832	0.0031862374270572483	7.400336897218755e-05	0.004394362439199175	0.002706797449417929	0.00225814433169432	0.034423654464596706	0.017113290913641263	0.004439518672558906	0.0014186708089775292	0.008809007699452271	0.004780318551509424
MB_G061	0.021682655205381422	0.002352813559242066	0.007154559082906844	0.018986585874283333	0.006340973582713649	0.023568086160951223	0.03662689116952995	0.0031109758078477017	0.0018528901597625795	0.0011209617854866752	0.0009882581967079614	0.0027641455905355575	0.002175058360386675	0.007095930700013618	0.01011403867717199	0.010110876195368141	0.003184778549301701	0.004623270804164177	0.015825962317835226	0.01994196807206305	0.004783726080618784	0.002034460960624974	0.002970376150401213	0.005343713331477845	0.022699802010571934	0.011783392466491968	0.007551820748011146	0.002809050144183997	0.03033844001340787	0.007254559189569061	0.0029854090565264034	0.01896572930374021	0.0005808343343318416	0.015880460083792087	0.0027293798440054685	0.008634378012053133	0.0023607924510638213	0.003488685621252554	0.005100115779002297	0.004062552819424754	0.007262653814485248	0.0019382723501446414	0.0041582921479331285	0.014693048743937474	0.006978159560593326	0.02142835280333678	0.007875495309353369	0.0038322951833492406	0.0031280498951052195	0.027327134059908928	0.009830389161893237	0.0018621108188623143	0.007121794340398841	0.0011674768453278066	0.001122640463509719	0.0052534139760446455	0.01702202971425999	0.007777174420177559	0.002324857150666359	0.003055917211982653	0.0033300739913310518	0.00545693858885284	0.004931786362216147	0.00449795829524502	0.029368791188505987	0.013533123206175779	0.004574441714339832	0.015778311729583435	0.04260936340582085	0.006624576581922177	0.007827530047322746	0.0022328910801463126	0.0054163171447471235	0.0011539258523635737	0.0021918565385347093	0.015712086471018603	0.0038399320916904494	0.00208768168106045	0.010719718210290427	0.010278381586124421	0.010466005011082751	0.029495311906429764	0.0022468526537770778	0.0048384730143998834	0.0020865697077458475	0.0009808933317765002	0.0012432051256593443	0.010496752949661835	0.001462072694644232	0.007269135215017348	0.005003526229983695	0.0012931495569201762	0.02071773291308177	0.01614347814842764	0.0015457615841783004	0.0011335815437858066	0.006115155343181139	0.0025729049201246618	0.00468820243913051	0.028656665594805352	0.000710616038141105	0.012290923255603211	0.005755572864927666	0.007015836919298237	0.024850071965498852	0.004034113644937223	0.0017526087827923998	0.012088503651503029	0.0010130411177579216	0.006844039033480621	0.00374235485790842	0.002571194167736974	0.0016180611299383123	0.0047890707926141075	0.018598766473426814	0.008996099780661005	0.005432287954893103	0.0029920159389320846	0.0023221613686679127	0.004822628386699992
MB_G062	0.002176375538621536	0.0014150147584462659	0.001111402831453721	0.03740701182054476	0.003291951628002157	0.025746614638102357	0.029529846162697403	0.0006440609748724659	0.0015581123371949976	0.0006347456692871284	0.0008201428508230453	0.0033039866240025407	0.0020552308178494383	0.006788620742819486	0.006207217843163936	0.008511532464267594	0.0009661143233054474	0.005061702565580471	0.008230580420496045	0.02208949038414924	0.009956745247097946	0.00037946749798026925	0.004044677353482766	0.002031750715821851	0.03503440440454362	0.014014508706829373	0.016474887628122672	0.010569097056086016	0.07142859167378118	0.0056624405131197	0.0007548300171999323	0.011638057187901046	0.000388261926545302	0.005430693350108677	0.013114713110462398	0.00019807598994311284	0.0006728570216614584	0.0002458920989337862	0.006785821624219393	0.01063465855905579	0.007630335775496993	0.0016224822619904796	0.000582440538667951	0.010972118852617056	0.0037425889771663923	0.03913960720076165	0.0016203596970562157	0.009405822436218065	0.0043834959023525055	0.007721648398210221	0.0037823407176188545	0.0016091313420151076	0.0018251186420698761	0.00208503394178655	0.0009161711020530167	0.0012993571442390683	0.008318028696236312	0.016298328700748488	0.0025992559664922052	0.0018053237831920815	0.00027942742562837944	0.004304592173978241	0.0030537940156230617	0.00440602931532502	0.0025243152579891284	0.04737275734958348	0.002508713697790458	0.0023836978966677203	0.005926815370572883	0.0012565656863012724	0.002146645898517801	0.0008066594811310613	0.03766705401376371	0.0049782376206709755	0.0013564379961601512	0.0008224996212746843	0.0029744464584133845	0.00011699644812637851	0.005197023224999619	0.014002437854800558	0.0008786108693632154	0.00692227550907573	0.002471056582284168	0.004160230824389053	0.0005168416751496027	0.0008151124990465128	0.002060994163876372	0.003902392328672235	0.0003128456507454822	0.0024406827410278914	0.0023760277832947005	0.0008127026003803929	0.019897752571615926	0.018536184291783362	0.000309021877991706	0.006553576495478888	0.004833185543735855	0.0015230032441721447	0.0016816777670294564	0.020714442780194443	0.00047939758657101334	0.009038017953798577	0.001038387380717746	0.002623975540227974	0.015347455622269985	0.0011217059856603417	0.0007064351019265029	0.11479176344367481	0.0021872399845886694	0.003115938665178712	0.00013036472136618372	0.007017067832174562	0.0015398001092634145	0.001623022815662477	0.044859746740399185	0.012035062099732798	0.009424759192004908	0.0013746637518544027	0.004170710108487602	0.00720154360224955
MB_G063	0.010087412072584104	0.03864975565661982	0.008419824802275384	0.026127989461706986	0.012324710284225123	0.008352402659695597	0.0003866875287084901	0.008927457486613206	0.0009235182844950236	0.0004343163555834885	6.028564800726007e-05	0.0019635263559165447	0.0051669859909140685	0.00032999351237866234	0.0017239731008435774	0.0032094705529550445	0.0003677750406928556	0.005205368393117449	0.051988127771142194	0.003769423051891567	0.0036574297992194	0.003561099907273632	0.004545270987698952	0.09289490127993474	0.002843303220498142	0.0004465444002345941	0.0004236093414612383	0.006651409436313661	0.0009701069257755342	7.620668671617547e-05	0.001069390872752688	0.02599953394241977	0.008300302244119866	0.0023929896515405284	0.00031408090208907456	0.024222175546060282	0.0005815557291787164	0.005234643082054392	0.0014112371229615278	0.0014165476489389186	0.019852438034898136	0.00018681191316735117	0.008631001410374628	0.0027348713756573475	0.004813423365109036	0.005313377723460051	0.00016058243495198072	0.00021282507548104834	0.00048280789157943097	0.007059852773208827	0.006404772374731656	0.002090032472024031	0.0002474024068864409	7.645443714890525e-05	0.00016743442831253298	0.005690246432149701	0.0247969526380861	0.0005467759596180333	0.010640902550863364	0.0027970022082212014	0.0005778885285696781	0.00010014867495576579	0.000249221383636986	0.000863106407373056	0.0005765688144921214	0.0002541083653640929	0.00028985584343832547	0.005553320756451611	0.010975689931740754	0.007621687283196658	0.012548165487845877	0.0025417087402055494	0.031639348951155256	0.0002737780908071222	0.004344560653387617	0.05322292010039002	0.00039852298094761015	0.0024068007851671866	0.0026407857906095814	0.006941998712557162	0.0009643303834394833	0.02743676328205425	0.000367598018000069	0.003442719818130411	0.002381483318371965	0.00384289126806069	0.00013141723264592303	0.031195042511706843	0.0015150392147884981	0.004167639773110226	0.001394524418936476	0.003062811030801965	0.18412051404795643	0.003819504637561324	0.0009865186908791113	0.00033412832048272363	0.0004155156040369724	0.007765051810364174	0.006517017091550446	0.008022502104510533	0.0006312969593757231	0.0003823943650791026	0.02440745242949068	0.009714944779128678	8.549658527760677e-05	0.00016898421791824953	0.002742148240140472	0.0003149029267489391	0.005270891610377411	0.002967695504994953	0.0014726386617178592	0.0003553958747968005	0.003260172037491148	0.0037267200676977716	0.0017823793446444815	0.010331459745742634	0.0001260974250889224	0.0016371976280227514	0.015871392916073864	0.0005098291769733049
MB_G064	0.0011268978257602702	0.01886101646608601	0.006085462296479403	0.06486354535357375	0.005895328599249062	0.016698024031147056	0.0020472787412270594	0.0046983551612927036	0.0011861620322935005	0.00047746942457350526	0.0001166056727419841	0.003207649968382801	0.0035526376906910946	0.0008383868086045083	0.0015253459788012321	0.00620943681739972	0.0001976227745234424	0.0071039447789096825	0.062219111367171426	0.0072102272401977285	0.007701612211608341	0.000918353750044967	0.005980818245336625	0.020238542026161644	0.007905451141118208	0.0017354096144640346	0.003901081796057247	0.020284589664354827	0.008809453759989995	0.0001710044318706208	0.0004231649808121213	0.029090934251370538	0.006292778052779737	0.0020352893486340977	0.0020916740569297725	0.0013849523102052509	0.0007189308903590726	0.0008321660011668501	0.0038985913010840118	0.00822770153100394	0.02320111677027533	0.00030854489254405234	0.00351312413137641	0.005304496142139482	0.008736892777759492	0.015309830115653887	0.0002236129132918881	0.0020166435237181524	0.0012809427256778856	0.0069342721902875895	0.005750957503514325	0.002523885693035126	0.00019443427833748994	0.00038410707033121173	0.0003106315863724911	0.0017559193280671293	0.030007862216727035	0.0028527843190205636	0.01187663142973464	0.0027006620552111997	0.000124937260958302	0.000528227057870378	0.0003567028565509555	0.001975551228928144	0.0001590209262521664	0.00283923481518597	0.0004445862062619592	0.0026734404730843057	0.005782201383355296	0.0025173916587817166	0.006613824025820643	0.0018583399799985136	0.17366278021157328	0.0018217230472542258	0.0060438432104999345	0.006140003404232843	0.0014889465236742028	0.0003510696507195459	0.002720306267819149	0.017462746226500528	0.00032633949883964194	0.014940631530281214	0.000801462184994784	0.0065963883770579525	0.0012305200605324939	0.002977130932898228	0.00041875348501518346	0.017506228293861493	0.000488124714188975	0.0033626584088713007	0.001092419896206249	0.0023183506623976192	0.11968705069800242	0.005697649154165076	0.0002841738262378316	0.004586629776479179	0.0007420882635031957	0.002398230372603245	0.00253089937989138	0.008786934625816822	0.0006167416989179546	0.0008941443887338963	0.007249327442608738	0.003773083072222243	0.00013493679288403593	0.00012838730177470921	0.0027673646662775115	0.006468305387680574	0.005960364983424607	0.0022113250793033548	0.00021709118632781026	0.0021787138605420544	0.0070986584968548965	0.0023248906509764798	0.010969959182937765	0.018326006693806747	0.0010122922367848607	0.0015299789668294006	0.019219440488473304	0.002631086807939502
MB_G065	0.02712800317009251	0.0022433394999877357	0.004733800705341525	0.016291682435958542	0.0075375480314370915	0.02036269988049203	0.02547780955429883	0.0027766162371336417	0.0018721230958762452	0.0013087180704254473	0.0010319228296067663	0.0024186454411079467	0.003334300695730013	0.007334409578481267	0.014053927345647269	0.007392334640000062	0.004601657089495892	0.004882691571309367	0.011815239794744423	0.018658511303208968	0.00426076314590891	0.002769593102544306	0.002280968518303614	0.009223586269846665	0.02219143302934362	0.010023898207667501	0.004415049384737008	0.0025059256462927454	0.016564612771881208	0.007129201274448833	0.004036512671059077	0.01637925638361322	0.00042261086083235903	0.017499667259530245	0.0022029260871316765	0.0175196978124052	0.0016842475668965556	0.004962508929449176	0.0035552275112932276	0.002239271611432748	0.007603249731054342	0.002005916436687072	0.004236483919504916	0.009970921128048808	0.0042874868063913826	0.0174114384171439	0.006596327186857539	0.002006832146383478	0.0028052148452202873	0.023177535897350745	0.008825033283401316	0.001552051634127058	0.008147850525217607	0.0008201581121687651	0.0009269269602885128	0.008181372184233147	0.013246146655663519	0.006004421240663864	0.002613377998624105	0.00290783218144759	0.005432603327644641	0.0032004468102423923	0.005241342364958756	0.0037740424605041565	0.061774450791706764	0.008055853742531734	0.004850021554852617	0.017923678919993632	0.042940764312158756	0.009205258104147272	0.008336100494305993	0.002129035356648429	0.0033798685808360974	0.0009488563324825706	0.001723088842313129	0.02134593504656778	0.002229494184112571	0.003371589532495381	0.012256645565307228	0.007248233505906161	0.013867666125313434	0.03046757308602423	0.0019368987511073996	0.0034299085345597374	0.0023655965256743675	0.0009013514402102289	0.0011041695966734402	0.009780918633008527	0.002175171451568273	0.007444735313010062	0.005754734061599441	0.001513208957686943	0.025943035828754773	0.016753928001198754	0.0022145802419947834	0.0004270721573977449	0.006160358303670496	0.005380458429719705	0.007331085662511752	0.029414497081995818	0.0006220297393492263	0.01234276430064358	0.0065084333145152065	0.010957781810531617	0.030688693870964578	0.005603325734800399	0.0015045107709843175	0.0074327091600559945	0.0011726915807651252	0.007907166699437883	0.005878927387780273	0.0018917536766110043	0.0010730778651976318	0.004882662208506014	0.01127511816275369	0.008367383274373736	0.002817821594249546	0.0030443524968597193	0.002905728462012898	0.002939293570740138
MB_G066	0.0006057544356460685	0.0009637215629609543	0.004928553991579924	0.0008583494494023936	0.007399442885455699	0.0063968188263934436	0.011335391601129702	0.0005146745633415708	0.000506659312428202	6.409737765243656e-05	0.0003547052576631563	0.0012580098855259313	6.011398162117366e-05	0.0009757258732099052	0.002869238269858954	0.010316260283167922	0.003568151411187125	0.0002964365826722704	0.000988650954928344	0.010650632666127102	0.0019762904826151643	0.0012657140454443278	0.013579963696229389	0.0002005074018818059	0.0031474595459776264	0.0018528803233911597	0.0005279210356912569	7.979213878191143e-05	0.020503116801272255	0.034448514747039034	0.00459983609717858	0.003870477752605785	0.00032099853825388934	0.010276446103192083	0.00039968871196037167	0.000686925280023288	0.002177708141462564	0.0015428986995928353	0.004451011532733778	0.0014672791940994927	0.0002806172830982189	0.0011838322565106921	0.0004328999522618402	0.058069782304956824	0.0032088452709819896	0.010299509471476504	0.012914244716449643	0.00124919298479567	0.0007721255059683199	0.01895972577659881	0.004468126025059592	0.0018391673656699328	0.027481565468064326	0.0004035046579610758	0.0014454763651110662	0.0013067671801554233	0.002171103739436903	0.0011297343213349002	2.787328354676705e-05	0.0012114805177074828	0.0031437700303646975	0.003992517303589261	0.006835764165271449	0.0011869690571966523	0.014445930782709074	0.008972123845252148	0.0014942309484349502	0.004779932799168703	0.03210787577645189	0.0010746393024649034	0.001586001276090672	0.0007023539868043572	0.00019594852348819825	2.260475770793944e-05	0.00012051346218296585	0.009651037086316991	0.0017338775740963874	0.0002739944734118676	0.001628519981928454	0.0033870318239147424	0.010117615384493753	0.009674372227801807	0.0013860897038738924	0.0018107641764286866	0.00030196939853397906	0.0008693727926121152	0.00032403415823243714	0.006492745420280965	0.0002626612078469922	0.0012402707521412023	0.004564727488990601	7.062431881728706e-05	0.000813651707499019	0.014346103424595583	0.0019721338100551454	0.0012150231720927957	0.004179775112845995	0.00010962052979610519	0.0005096137974630485	0.03710464265595253	0.001218994531963888	0.003319158627840757	0.0016182311195977986	0.0009232239789228311	0.4417178427974034	0.002146740555288968	0.00012199376675715263	0.001383729410645315	9.014022698627148e-05	0.003229206491713503	0.0006757057951893023	0.00014817808910883956	0.00010020702483539963	0.003887728645985493	0.01159445819626889	0.0006748844563477921	0.009273631667392004	0.0006725366829775971	1.3807053919246948e-05	0.0013457587951304906
MB_G067	0.006149231519736809	0.003440569376133389	0.01992369378862772	0.05151904322846013	0.00025704150204902866	0.004964404254460104	0.0026945190708565145	0.014929241713407836	0.0002728230287195336	0.0006178371232277829	2.3810707750794343e-05	0.00042449769038615474	0.0015238142524340462	0.00042527571163790135	0.0001909247119579312	0.0011585885613124662	1.3321530214888908e-05	0.004184333145690657	0.30330871131745163	0.0008329064811785119	0.0005010437561337998	0.0001936679695336303	8.055279737334099e-05	0.010726442683178577	0.002247216252788799	0.0011665770136880887	0.009976432859985378	0.009069916786549123	0.0024469080657798527	3.698693086298275e-06	2.8259224382725072e-05	0.02134718612626441	0.0019178599305944392	0.0005312365781482207	0.00024488067815628346	0.009991304603300666	0.0007166520904229204	0.0008115801116165476	0.0005621070681950872	0.002756929132303047	0.02286219575462121	3.4263286889727564e-05	0.020182820115859066	0.0003793790896928185	0.011725808100566108	0.0016146963732890322	0.0001453824167430904	0.001250176635020923	0.00029492157365291593	0.005110845475535116	0.003203395648682047	0.00025140271695498525	1.164278935877932e-05	0.00011826557277089145	3.3739291077575905e-05	0.0004483832005104975	0.0709271408259576	0.0012743192252745738	0.02746568164966572	0.0007645373596852493	3.481166975900906e-05	0.00048477179408143266	2.4354401145563274e-05	0.0008410557909672312	4.651181491736958e-05	0.0003736603402167471	0.00016473883697717568	0.003777074532704251	0.005463839463729719	0.002154094953631331	0.006695914112221717	0.0012559729179024701	0.0831679831342669	0.0018158838564133323	0.02380668332307069	0.0066371173525551315	0.0019460051183389454	0.0011295938296215626	0.0017345444444753254	0.00592940319916368	0.00020087958834629936	0.013284381781621547	0.00010906463381414151	0.0035253683858637776	0.0017143968047126337	0.00021132369150394273	7.894876657013512e-05	0.0052839382155375645	0.00025363043944421737	0.004096788660955751	0.00010095093927846606	0.0021516464150025073	0.05949299880251266	0.0002445071446010843	2.4041495540372844e-05	0.0006528985523855001	9.077728460643398e-05	0.00039000906888708253	0.0009115987759602071	0.0004756936877350285	4.100350804379043e-05	0.00036478624229600875	0.006446414887552101	0.0010520202127402125	4.98394746259038e-07	2.832624794173888e-05	0.011336008024974156	0.0012602385066944632	0.0005907219962880175	0.0004075248578690232	0.0011874511051866558	0.0020024753416117247	0.025235602036467096	0.0005129936261091442	0.001926642171854805	0.01091514388332645	0.00019566317737139806	0.0009389284306495721	0.032493178192784127	0.0020124828954711516
MB_G068	0.0020341092703738185	0.020240666489058267	0.0073958028035491855	0.008757572701227604	0.021361661006788796	0.01523884096237865	0.0020823603862862817	0.0011496435306683705	0.0009684081633663934	5.1700670000494094e-05	0.00013621628445667445	0.005530421222264396	0.00019149797002916382	0.000334524324847406	0.0011543385386583703	0.024698823839905664	0.0005745843460397298	0.001135999264208852	0.007031594010440013	0.014922577900016056	0.014847912155788429	0.0010316092127771656	0.16637107557933772	0.0010309977576385902	0.0038112927907129703	0.0008979314537649172	0.0009957077013648887	0.0020350454722968944	0.03473812447080571	0.004333017290368959	0.001632289674161563	0.014522426407909485	0.010189008895446562	0.0032546152892331454	0.0017329890562133158	5.578228343954617e-05	0.0016330202039114973	0.0004180616206322357	0.01562748051499064	0.01535563494457459	0.0019650929067115664	0.00067379814590455	0.0004230738574821148	0.10151507060581043	0.011101547846733131	0.03434598777299158	0.0009187263717407548	0.0033726420500949238	0.0011752835135990704	0.011114949906485665	0.006209106130258324	0.009476584467589772	0.0023631045493602075	0.0005958600199277205	0.0016253103405659492	0.000750208609429029	0.007826100049707695	0.00168186434075925	0.0002540912343455841	0.0029324333815703256	0.00017236413569357535	0.0014707126594322108	0.0018413034575001338	0.0016893882347438726	0.00010582292528857203	0.012986968206740465	0.00039099226946070977	0.0012179820502237276	0.00758691778632235	0.0005820894908851662	0.0023242167908071095	0.0012463462538010177	0.029740304492802263	0.0001306508036947225	0.0006358942182908442	0.003970692441074997	0.002242167767403005	3.798339242608555e-05	0.0008896844230394805	0.021847608988602725	0.000472496751793597	0.008825977408651228	0.001973784754364729	0.00792936952319168	0.0002794103108149921	0.009401713084149227	0.0004427411647297963	0.026024485609042098	0.00013385021357520272	0.0010707621310338685	0.002965304034426543	0.00023930461453045698	0.009666553848957855	0.021723311451925208	0.0007846322238627598	0.04387866055235372	0.0018231861961411347	0.00017539892961728376	0.0004694802483443877	0.04314258316164627	0.004038033955658033	0.0007195766320348129	0.0030946671368403083	0.000893438170119161	0.015084969668723736	0.00015210478570845069	0.00032333012828999493	0.005510141250711827	0.0017985858309349058	0.002673243621280544	2.8832463491516805e-05	0.00047246930305721896	0.0010329390412782944	0.004703515854874804	0.03869416789567204	0.003850561906603646	0.010657705327665511	0.000769901955810836	0.00021494570222035594	0.002927569806638052
MB_G069	0.010440994683455803	0.002386228925703806	0.011699510287647045	0.015264976537482659	0.002071832219481032	0.007716376964365718	0.007167873076335918	0.00997118770064257	0.0007622127310405648	0.0015153946993500316	0.0002088365090057043	0.0007083205173463359	0.003841792429232558	0.0022533725122940813	0.003547365879103477	0.0019657723012000052	0.0008063948886955011	0.0043475229509914405	0.04579380666610717	0.0035081388829017795	0.0007948707297069899	0.00224491841235399	0.00020819041715002486	0.026598093484906177	0.006049654780823525	0.0029914342049908735	0.0024507189161327046	0.0018672646732134034	0.0020515442733446587	0.00022408692512089143	0.0009881031688399595	0.017126899067575387	0.0004972343022442296	0.0062320541356270945	0.00027375045155885656	0.20392931012573315	0.0012403958044378575	0.010789712700807606	0.0007175321597755445	0.0006406816777310842	0.011994569613688218	0.0003270897598360021	0.02182543239461468	0.0012640327254969243	0.004392836641749327	0.002942486093351304	0.0019920915094755014	0.0004561072671275612	0.0006998642294363074	0.015917837934099895	0.006783517641789087	0.0004522980747718062	0.000834701023437184	0.00015871871198053683	0.00015262950558676534	0.006591571498842547	0.027081274089828994	0.0015131206044673088	0.008137089569672587	0.0016357660733911483	0.003085858997305941	0.0007971477525661551	0.0005576462438999627	0.0014547568571663541	0.020898357426448175	0.0005456625198410926	0.0014907728909505868	0.024863685998336903	0.04077420135191017	0.01483259985892369	0.013633217631711709	0.0022607782073030686	0.002660419166950575	0.0005197664842959868	0.005070082290560912	0.0643316950434521	0.0011598677424021632	0.014802409294112367	0.008281429637330636	0.0031685737335667764	0.009201060563316689	0.03926506238131672	0.00036744593432063214	0.002108838887413664	0.004382870358870234	0.00033583388746744833	0.00021254941155037776	0.008637391062801553	0.0025935534452851097	0.009412368179970236	0.0013323763325066614	0.00249876274964829	0.04401553387590682	0.0020008346200877302	0.0007891390819791533	5.248529499616237e-05	0.0009475370665387881	0.004754509150611479	0.007425431444297336	0.004471261072435387	0.00014146151247959997	0.0030126838312799008	0.014532900696315723	0.009504314078003727	0.00028557073260675485	0.0014107467099814636	0.004658278025075028	0.0006229790160621057	0.0005741325791614733	0.00315040487092153	0.026398312316812177	0.00083955521571499	0.0025908192360979904	0.002521400201979655	0.0015822517184591843	0.006885343394144277	0.0002600025365694437	0.002442481547268878	0.008483608156266333	0.0010615829573429653
MB_G070	0.003880627105479492	0.018584590434609072	0.00041310877492321395	0.01777253946076073	0.031228376771235338	0.008424111725768867	0.00022623103020398503	0.0010909095534732299	0.001361236487151707	0.00047622766815215374	0.00016983765654799175	0.0024427201606937237	0.017097763221347977	0.0007466995791039824	0.009722984989176505	0.0019994068368423073	0.002235932309343472	0.005961016338045541	0.004783024488906272	0.008081683074562475	0.008142522427470406	0.004793272913153835	0.007470656000732309	0.16131707954279692	0.006677612816124951	0.0005727728627220005	0.0001250660619045096	0.007739085957294686	0.0006052262948090042	0.0005828737901909871	0.003646034198322871	0.010140481300587378	0.0015149219760055663	0.0037283182539021215	0.0010045516453653337	0.01004880557731426	0.00011126510446978661	0.002938144883797365	0.0010836991982557359	0.0005065284709110223	0.014534043545891866	0.0005720665581929103	0.0011547322893452861	0.002016310315035001	0.0005538678445026906	0.009063771382781277	9.246337226485064e-05	7.78851910285912e-05	0.0008367913853765343	0.0025899190339133543	0.002932151037517826	0.0018614562910973362	0.0009028950970377388	7.565567554372512e-05	0.00022130480002636768	0.014358199880209371	0.0039793045530237756	0.0006864229278057264	0.006591749875988387	0.0022671000055424343	0.0014550976966283065	3.324160720839863e-05	0.0009884211747086438	0.0007628278794351726	0.0055497300815965074	0.0003824830639400787	0.0005538089910970174	0.002781542962938649	0.004452688215847715	0.007412574727338557	0.005439764872680078	0.0011162276584598307	0.012533422133547509	0.00034334516470711584	0.0006300798875445338	0.017479144451509908	7.364511237558666e-05	0.0012563461118022987	0.003586710105001152	0.0033263313905735115	0.0010878268170751524	0.011869557138622278	0.0005884036811671384	0.0011089104299186726	0.0011603096744552766	0.0038402991974076264	0.00028345944968882774	0.013670908974296252	0.002397599145593044	0.0021207468496545973	0.003699691141516293	0.0026013797333019483	0.22066907788792295	0.0157451933072579	0.0028700112609739213	7.46003359824763e-05	0.0011895593859777987	0.07339651663219252	0.016832589913590174	0.02217401169315212	0.0007080267571031527	0.0008187316304243518	0.0085624313341087	0.028020903688374007	0.002982514875608492	0.0007219613649734776	0.00044145251219783704	0.0007100551270084551	0.015122915116069459	0.005489333589130114	0.0005882537295795869	0.0002875633469478436	0.00035269766669759125	0.0032151784946484693	0.001428390333337684	0.008633720280122102	6.995075693599966e-05	0.0012409429758409602	0.018063919085029495	0.00018693339259060124
MB_G071	0.009187452160702415	0.0018598662607623964	0.0025433384113719548	0.050230120868175354	0.0005934832421820231	0.005608922794878613	0.0025160648253756985	0.006438551696587865	0.0005165853236045457	0.0020829398556516682	8.765290307126827e-05	0.00043824817205448315	0.013162814754645083	0.0016970560439251948	0.0017382417747514186	0.0005790036201306074	0.000122593845199069	0.008731917716273728	0.07992894816267253	0.0015673446756705389	0.0006689070535975399	0.0005863663918115133	3.9536921599577125e-05	0.06891631006200712	0.006471849931433465	0.0022280767565380733	0.00408136387068446	0.011572058197485658	0.0008583153435831838	1.5488537753627565e-05	0.000136488071244502	0.014027456586645615	0.0003351066856464387	0.0014409727779149033	0.0004597022191595632	0.07653028301304662	0.00023365167340909387	0.0022061848505966677	0.0002769732583669932	0.000578747181682084	0.036370131554604494	0.00010798984841031922	0.014842425446484554	0.00014763326797363486	0.0019147473972594617	0.0018135852730645167	0.00015982237960850598	0.00032394430770974104	0.000528903042482314	0.003543717132035757	0.0025369255034468088	0.00016534461039725124	4.7939148701129626e-05	9.669562753030076e-05	3.448748840903281e-05	0.00309401701745482	0.026782044165652837	0.0016577223014072565	0.054332189277431005	0.0008386098928414639	0.00031520924445144536	0.0001822531326607396	9.065515748806089e-05	0.000936405324697787	0.0022739826198685128	0.000252778008881515	0.000555680231350978	0.007147324904845066	0.006337596762740359	0.008067791843564045	0.008064373708984066	0.0011084428804238571	0.021507608586742045	0.0030218807083683	0.009528238893795506	0.010776540645201048	0.00045230516196723136	0.005363408978951818	0.005607562183732378	0.0024998244665634505	0.0008471215492720661	0.015097518657001416	0.00014741725180923238	0.0012747754464701691	0.0028698148032533714	0.00015467169050342155	0.0001581718750655135	0.0033275594316426386	0.0013762470637955315	0.005772114268687307	0.0003178668214807666	0.004834656278657085	0.15103586406261232	0.0006947808764990374	0.00011974947161656044	3.467150407053436e-05	0.00027128741868339464	0.010626361701886095	0.006908096028371714	0.0010448717879699603	3.241280697407944e-05	0.0012837084433770236	0.006831174575880406	0.008043519886188392	6.925345188482526e-06	0.0002751267983253629	0.006100671632317698	0.001308346554950541	0.0016006707972479048	0.0011608089478439105	0.005503001491240129	0.0019645754630447103	0.0055025386012279185	0.00065030891837263	0.0008243359380489051	0.013830716179428408	5.279199223208356e-05	0.0014493963066955701	0.11121068178926347	0.0007309449227279361
MB_G072	0.005220586637242101	0.0005713817395699058	0.11345837442508165	0.009009329799735203	0.0002593148708036718	0.008056257211008984	0.09443473997186602	0.0117573851613127	0.00032632772253448223	0.0004165951944884181	0.00013895089750716696	0.0005058661037683677	9.485197920583797e-05	0.0017217282862011741	0.0003779951042623788	0.005991564255511001	0.00010241297232486686	0.0010718466398548256	0.09664246087101233	0.002611185671947334	0.00036956955192200814	0.0002400715036692982	0.0001989829271687049	0.0002838972372897034	0.003629828210867398	0.0068014056222333785	0.03485545294053084	0.0005345741666265872	0.04206813169055859	0.00031344008995064893	0.00014171465462919268	0.01660898427095672	0.000571992587646532	0.0035613821331618675	0.0002792103900652035	0.00657831595996012	0.008703022476410424	0.0016427528445407376	0.0023773606664762815	0.005862015825862702	0.002517519272319009	0.00019041933048472668	0.016667323952612816	0.006827325247101723	0.040432565286973435	0.003557035760130534	0.013352415237349547	0.01043820713936145	0.0006640801705594337	0.04039396440848163	0.008022324851802617	0.0004227188907243011	0.0006159952952250178	0.000714553523968669	0.0002850342000770887	0.00033677316289325955	0.056326230557423806	0.0037145306429162968	0.0010069507963851264	0.0009807440998804606	0.0003473572265209178	0.02314938882240523	0.00037607351234543603	0.002327240830580637	0.001056064160739696	0.006339783165861954	0.001135096811300001	0.01521533427134545	0.05472431225436087	0.0017539797513052395	0.005670441151851775	0.0016743566500811529	0.0033666967325815633	0.00046926516447211346	0.008436217469375418	0.011513773870553263	0.02192548477578246	0.0014317075385377534	0.0030013544790863608	0.007902740706311659	0.004331185341865429	0.024360299904086228	0.0004622753498854976	0.0064173821279982	0.0015153823862837654	0.00012297369101896892	0.0002178441142195454	0.005095774744292035	0.0001958865533833873	0.006146557842429202	0.00039618999105679915	0.00036650286073574965	0.0023215483683067723	0.000707400946390134	7.753975214974714e-05	0.0028819361006631942	0.0007384758649639149	2.1580178082446034e-05	0.00029685856487914915	0.0020137448726168794	0.00011687287449697503	0.0034029398633001993	0.003854853867885791	0.0003689503094519418	0.00014940425357475753	0.0003443546730477955	0.006160112699916499	0.003540533576385061	3.416216083977413e-05	0.0008560794441416275	0.005336334198010286	0.0020624920326421095	0.009200588014388304	0.001359871926809521	0.012308574540908616	0.003174788740931756	0.008818180551811194	0.001383916196307496	0.00039727420902711905	0.01076773387298081
MB_G073	0.002066520176856054	7.06882225514924e-05	0.0006812709630071028	0.0035593013053327963	4.73484954444682e-05	0.0005858263384733283	0.0011703574321224387	0.0021431215797551536	7.055416837146039e-05	0.0010732821304383939	2.579839784206798e-05	2.5349709706208306e-05	0.0032983520719250276	0.0007241634216644497	0.0006569670148087181	4.0420956387751576e-05	6.451598876851155e-05	0.0012756056742019486	0.01255888628993503	0.00016514049515018342	2.215286466939774e-05	0.00021253644216657328	4.761683069743007e-07	0.019595617646088855	0.0010632789819809549	0.0006559773072105455	0.0005619321160465423	0.00042185115160302717	4.768131528412414e-05	3.0199359447670722e-06	4.537727835523761e-05	0.0017703675134231839	8.404113222589715e-06	0.0006073039995907448	1.9558730621410792e-05	0.7246760915466769	5.802287380528701e-05	0.0028656232290676822	1.2963344721287605e-05	1.4584014348863861e-05	0.004814063211218809	2.0593265529081938e-05	0.011653138566458799	7.514677858309585e-06	0.00019276882810500358	9.390806996000636e-05	0.0001358088135933498	1.8332166861621474e-05	6.38474556693571e-05	0.0011428451023576167	0.0005141439103182144	7.654704655328533e-06	2.3319241282452244e-05	8.95247979526258e-06	3.37446566155955e-06	0.0016920193794193034	0.004720582883267482	0.00019960960788468305	0.00971331889916915	0.0001051405227103454	0.0006533094792282745	4.1207168322687006e-05	2.199995704334068e-05	0.00013873326422557088	0.018230865207608783	1.241776890202064e-05	0.0002633381331989301	0.007261282677581701	0.004825877324225124	0.00624222074252406	0.0026790565732783414	0.0002372210411301566	0.00018941239245089483	0.0002643929913966593	0.0016870329162535333	0.01149828858222418	6.360881956633124e-05	0.018722225561325835	0.0026138929515249626	0.00012337775884910745	0.0018790367732985861	0.005805696993419986	1.4527024603700662e-05	9.513523400094802e-05	0.0014874378379686722	5.139248343059932e-06	1.8033249721950192e-05	0.0003422744643339681	0.0009907360629879962	0.0024437193878426335	6.595669888729857e-05	0.0011009580804249703	0.015799962789416862	5.6219934152370283e-05	4.6131285237039096e-05	1.8209211024472605e-07	5.886444629085272e-05	0.004261883584578723	0.0033299071168219016	0.00010817051918602555	1.7516837467492635e-06	0.0006170238697310401	0.002175258208617378	0.0034134006512661795	1.8421276236149102e-06	0.0003200831436264622	0.0018147443106910615	4.363429394115547e-05	5.771562309195392e-05	0.0002825812990315811	0.04153766988966644	0.00019640421306015327	0.0005050372362424053	0.00012114008420371463	3.248871143711416e-05	0.0013597856602007737	2.9364448705736788e-06	0.00039566968447538243	0.015278205993305271	6.566507902946264e-05
MB_G074	0.00024399033251044293	0.0874111356366021	0.04557280772565032	0.018812832126051688	0.01112675226635482	0.00834908398269213	0.00036005810266578995	0.012323169655020462	0.0005919056961288338	8.982913688486222e-05	2.2331904108473414e-05	0.0027033879387413757	0.000485500415954727	8.212767864994692e-05	0.00028406701458691814	0.009284251924429594	8.279790317926125e-05	0.002022149752339227	0.09201970542424562	0.0031222356140395637	0.004516711419528176	0.0016269828035426438	0.028141323188856787	0.011245228756086372	0.0010824985163946869	0.00021676119182302903	0.0006050490764006176	0.0039017369647147034	0.003532238404094458	5.845603373800941e-05	0.00046059858208499186	0.034059953052978646	0.05188888356090578	0.001205924158850932	0.0002199611409122177	0.0016048928179191407	0.001752745326940804	0.0018286273725878776	0.0042901080293696455	0.007221704365365774	0.008274623561166483	9.770655148876179e-05	0.005932384962425194	0.014926311293011783	0.02374936140726419	0.0072363850965177215	0.0001844000552615586	0.0007853983727438988	0.00032658082903301095	0.010578189858602682	0.008368753317698145	0.005200885674466207	0.00014840976604093208	0.00010934497362591576	0.00028512697637338044	0.0010065720122387088	0.04037522298410908	0.0004110474410374018	0.002542996263529416	0.0030200333146114177	9.476364849760971e-05	0.00026892529372789616	0.00013885544207291713	0.0008138328996643516	1.7477457427466336e-05	0.0005805122600458329	0.00010143571197632658	0.002458894856230557	0.009620032832416834	0.0017652346286954857	0.0085488179573258	0.002712598150420899	0.08643836724403585	0.00010281394151327994	0.0053327526411716996	0.0308408899986827	0.001441608253287352	0.00032481928375719185	0.0007592024966698942	0.017686613304922293	0.0002812161660963045	0.021838412742901235	0.00041264542516303006	0.009375749127570311	0.0010604573535650376	0.008993092533610301	8.44572691198642e-05	0.05915378145812719	0.0002776761403278408	0.002325499986653959	0.0007901030855263114	0.0009741993693974708	0.05595791508369543	0.002810996123055734	0.000379368322784844	0.008885734124854265	0.00022850438627464856	0.00031485447310619717	0.0008728026906866063	0.0075495967606493235	0.0015511543114908235	0.00012386015105113034	0.019941415345517462	0.0013982804735530473	3.669007266079611e-05	2.569851317181365e-05	0.0026007482517371237	0.0003446690163903712	0.0023897325102062443	0.0014527542413047786	0.00019227564268067923	0.00026268154164388574	0.007446227607451922	0.00407625481064639	0.005766689147963582	0.006600959094241092	0.0007262324363816003	0.0010064740574393892	0.0021687783934725264	0.0012626737501098889
MB_G075	0.00043170526493928693	0.0004715002678972851	0.17347664428838644	0.007714127761985176	9.747545482551529e-05	0.005211537813673509	0.06789930515925334	0.01199172760975032	0.00016405495549445606	0.0001916007030683437	5.062080182508155e-05	0.0003191189001208803	3.0310957070443062e-05	0.0006811878744448269	9.102423579572588e-05	0.004832805023543465	2.0620847960697914e-05	0.000610025961944541	0.1419084069571944	0.0012349542682592598	0.00021120301028774202	8.4025834977634e-05	0.00013431799937486946	9.659385101238402e-05	0.001670027850199561	0.0037668131381623656	0.04417439911593468	0.0004294837358991164	0.04403681622943466	8.037515202921321e-05	3.658834861936825e-05	0.013966286555312613	0.0007765487318995864	0.0013577629957493339	0.00015973678802530652	0.0018168325874400413	0.0085195342438282	0.0006188697022512839	0.001987694319160062	0.008217762142753327	0.0017110038364238059	6.969150745576694e-05	0.013925949874965395	0.005285905139140486	0.059588750251794685	0.0021858118811072746	0.007040502656185134	0.013671239970181383	0.0003547051226528635	0.02869084763792963	0.005609262903093856	0.0002969753014184186	0.0001575715112475251	0.0005375763981264105	0.00016103330363136873	9.031519071972279e-05	0.0646383230404778	0.002498461055153199	0.0007074459985242225	0.0006011513798524238	6.980120334237184e-05	0.022870904419535803	0.00011554113527912756	0.0015277738520564368	0.00010649646996069173	0.00495457295370291	0.00043195276047672417	0.007331349160675674	0.02980719805991562	0.0006555205532009886	0.003527970761985968	0.0011542711801717017	0.0055717919012154464	0.00035765933641933485	0.010430682535353114	0.005234077124552126	0.028213183182089208	0.0004791566453461248	0.0012549949553158028	0.007913184221510263	0.0012507974046472895	0.014744668866904443	0.00025135839639703843	0.006735752602940397	0.000842357259377862	8.205297227539487e-05	0.00011056639926959418	0.003759407489492071	6.0988308417843686e-05	0.003681824256048184	0.0001351623399536457	0.00020148486331761234	0.0012463292246483908	0.0002590138285535815	1.9962476778417063e-05	0.006882875937267083	0.000274127867904853	3.7743641610805797e-06	8.450327917094503e-05	0.0007867100641192814	7.034146289411519e-05	0.0013163602927788657	0.0024033207017223686	0.00010231618241788741	1.877601571953564e-05	7.457402738927712e-05	0.006405579061543179	0.002837464496769292	1.649022261248076e-05	0.00032934945307123764	0.001742564259634351	0.0017649743995663007	0.015040017358784137	0.0007082687897884476	0.011717228591104363	0.0022496478052664443	0.0093222014718809	0.0007736857669898187	0.00023585462777060012	0.012056232998680354
MB_G076	0.0003607305222945052	0.00043301711515353455	0.13272566914888628	0.0014545142850069372	0.0004489720502942501	0.005635451384920898	0.08556984104345526	0.003569205315366143	0.00019985301459463453	5.714795931667832e-05	0.00011204592168928387	0.0005488756713122212	6.3840777195036845e-06	0.0006311842284482755	0.00019748878444847165	0.013618159379858162	0.000151104418285454	0.00018886554702721197	0.01653754182418934	0.0032169861382546528	0.00040753890006636057	0.00018448402550576623	0.0016997268123762584	1.8504360869266267e-05	0.0014743058789136003	0.0032391622070673805	0.011074545074614701	6.348902436154323e-05	0.10135926950628611	0.002519528609536034	0.00026585641756278407	0.007792765500764924	0.0006583558244281135	0.0038013955693988835	0.0001643914368093644	0.0004553284108088338	0.014888735692163781	0.000760552203857286	0.0053167167724238315	0.007812467179314061	0.0002782056409309534	0.00024149542597220482	0.002963703362571024	0.051443409544752655	0.044979016545640495	0.0047048306914981575	0.034856939916617334	0.013573483274200313	0.00045194142003213714	0.04943347495013839	0.006862813811156965	0.0008493897631454646	0.0029716637892587775	0.0007893649177669228	0.0007570954221946754	0.00011754073251342319	0.017682884286385838	0.001907387369891144	3.8984966610914884e-05	0.0007815178499120125	0.0003183488066857171	0.047076492200320015	0.0009164725543092024	0.0016047235543129432	0.0005188291919633246	0.015814837657700646	0.0007700782055454957	0.006886203609065075	0.05732756416091942	0.00042382680754916684	0.0020203870173099753	0.000983182890411377	0.0006484232423243632	4.613666159665558e-05	0.001323255512701928	0.006672204703902425	0.028023313719495232	0.00020959365262633277	0.0009505166227873677	0.007419835065233194	0.004572503454886379	0.013152749339932076	0.0006735947362632308	0.006110527098720943	0.0003871340209896129	0.0002053970857303019	0.00016319259009031395	0.005316133098955915	5.134658423420394e-05	0.0020625935202636283	0.0005846850753583621	4.683935927852158e-05	0.0002262551829252969	0.0012867445083645462	0.0001127363429522729	0.013976907357029417	0.0010443700283340237	1.6378836472482458e-06	5.406899566827956e-05	0.004627271774196366	0.0003538708712102731	0.0021762427249878346	0.0015839235869062112	7.998902565200332e-05	0.003305007866879171	0.00027526064159606305	0.0010480795004174485	0.002302835883798804	8.376392283698403e-06	0.0006982372829049663	0.0009780062592550142	0.0005045477938884205	0.0018953636118586804	0.0017493523595867074	0.02558654785554234	0.0007098347831302765	0.04609057128665555	0.0006302884111517286	8.646618366942154e-06	0.010098802450506685
MB_G077	0.00518460460998669	0.0011348496787272591	0.0008009871651812995	0.0541345328417291	0.0030626473290810774	0.023943541139114812	0.02773175710473631	0.0011852391952950443	0.0019927400183338303	0.0024182941422660857	0.0011924586331333242	0.002273402052971971	0.011936164066586269	0.014406638827617332	0.01630228376923904	0.003724424368685185	0.001975041885455778	0.01113499194139438	0.012271315327155046	0.018317976058814946	0.005988391918279098	0.0008498437587132859	0.0007246499599174768	0.014563854417484857	0.05203105356071163	0.019146539672861694	0.013430593341443677	0.015091950173215045	0.01963316846158904	0.0028659744689125124	0.0011595806730295703	0.013363696136885575	0.00017031482536595277	0.00845063475717267	0.009276319718018136	0.004316880810648519	0.00044669250619041326	0.0009904128507499522	0.002523784533559737	0.003036868864719121	0.019372447461261412	0.0017604868625096068	0.0019372380914204177	0.002564290420170972	0.001914206691459428	0.021952839503752396	0.0015313638380304224	0.003117046297174708	0.004452396621279555	0.007720445179309187	0.0041186145076568415	0.0007840944077845884	0.001744617531869953	0.0012082295690229888	0.00047873961527682363	0.00512739794015948	0.010675733927656944	0.01515429245430716	0.011589430524484617	0.00190991299259994	0.0011526214432472713	0.002004164615083333	0.0028526161714992598	0.004344149209500272	0.025436512284180382	0.013770673715362395	0.004510898123178251	0.0067715342971346746	0.009807883586722646	0.005425544379860624	0.004605440871422556	0.0011097551798731774	0.01981550318403066	0.008564868194649649	0.002289535562846933	0.002749870802110202	0.0014506106457367143	0.0011023550325554353	0.013712467022785788	0.007453582064912441	0.002693139163235967	0.012692198078917603	0.0017064671427665427	0.0024814122850488024	0.001524545499834532	0.000443529670020249	0.0019588875382905223	0.003486020466356052	0.0013971899530989468	0.005398807184845128	0.0028681848300355127	0.002595839626036544	0.06261876247893075	0.014105580482654973	0.0005863623447197202	0.00047247386616049153	0.00502948775124534	0.014140115407189164	0.008222307258003953	0.015265987025736477	0.0002218434901980126	0.015494562022490417	0.0022691468207845507	0.011600695955435784	0.0076247206327979405	0.003368947108952617	0.0014817192761679334	0.05163790713622918	0.0033074248956629377	0.004940895916349486	0.0013332831091602577	0.007741550232072263	0.0015931037977193528	0.0017405757838787079	0.013638494533340796	0.018607190716590477	0.001819740344431476	0.0023901521378786768	0.024565986068118186	0.00370525557976085
MB_G078	0.005743950560947016	0.06502335508340604	0.0025656099160867468	0.0355323272049194	0.020894879984544958	0.01013736601847112	0.00017956787759434488	0.002918617977313914	0.0010295845043622415	0.00019929130350389697	5.202210407075284e-05	0.00354501804925309	0.004644453158018964	0.00021682221966671692	0.0014642629519666089	0.00442971771155654	0.0002596238946283532	0.005139336326726572	0.0254013502212016	0.005570510225138058	0.01079766549213254	0.002013892852798593	0.022618997354054426	0.06164540075463011	0.0033232791231514605	0.0003235072090884613	0.0003409394822892117	0.01544584815195391	0.001665835958770594	0.00011340808633524914	0.0008401230845635504	0.02126465638337949	0.014293035653271445	0.001379041972412221	0.0009261252409035565	0.001321917966820346	0.00027291927745590433	0.0010789176665278735	0.0026493132569847784	0.0032378808058211796	0.018205804084248142	0.00021221303393845436	0.0017076486611805558	0.004838093394999987	0.003409366299730356	0.011489402139350015	4.936602770848364e-05	0.0003124804284544037	0.00062853955804141	0.0033052958720635795	0.004126664347166132	0.003918176673936682	0.00016668127925441355	0.0001048973759657866	0.00023041600045881677	0.0029663997922635995	0.013217019991301742	0.0006769649012761048	0.007685318229502562	0.0027771422293876567	0.00013730383052133792	6.209185710787187e-05	0.0002635281486745463	0.0008304721496067038	8.796448415092894e-05	0.0005960995363331158	0.00016846835211157946	0.0013619027311965193	0.0030738549189893564	0.00252657709628845	0.00571653153389277	0.0015426154535491715	0.1330002569563171	0.00040328333340912485	0.0022417519905192865	0.010570106312856185	0.00027330077578927557	0.0002664094205390854	0.0013718494260523812	0.010970683702784147	0.00018360624945724707	0.011561845863748556	0.0005289065422248217	0.0037964267394890693	0.0008559748034436072	0.008777931701993055	0.00018937450124482223	0.028935316503601653	0.000594338427207449	0.001754807394316821	0.0013988757265879154	0.002079109890999444	0.21297384418056534	0.007750292324549648	0.0006679653574148231	0.0018133645090168773	0.0004325787508295022	0.006671963982386283	0.0036879077059740716	0.012539839489657166	0.0011417644676316202	0.00023200003034251656	0.010486942217553568	0.006113021649260341	0.00015667724239815914	6.897117476363107e-05	0.0010553096443579359	0.001041118414653842	0.014927098932587398	0.0024390812350726988	9.715235515308497e-05	0.00043657972183351547	0.0023584970617834466	0.0029343383328812645	0.003902291583620053	0.012073171521773382	0.00021109212553816888	0.0010013786925185582	0.015586058246824012	0.0005498693071049536
MB_G079	0.004980827345119223	0.0019374295374814466	0.014054538139411332	0.017576994946567004	0.00387955560122802	0.02299258501606806	0.05811084703459426	0.0038398640015456743	0.0014828305771671063	0.0008480754171965525	0.0007916907114517324	0.0024801520261124605	0.0009684057871919129	0.005946145385529721	0.005458494410289679	0.012541935746425077	0.0017505771044096733	0.0034545604201835826	0.022453029607706263	0.016917778616995453	0.003763415832769503	0.0012784796711238099	0.002754628042954732	0.0021979086875271816	0.018320422998747005	0.012723299262392948	0.013218394214456418	0.002179366897503535	0.05259034989823639	0.005957071070217922	0.0017889717421978684	0.020174335862584512	0.0006992653930402664	0.013142181865395267	0.0023667265327790895	0.0048546290087300905	0.0037954568085102583	0.0025301000285031577	0.006301735409613535	0.006540160187066697	0.005540666840525221	0.001508690676438112	0.004678779896523422	0.019810493912084084	0.0125235726498436	0.020399576655938372	0.011046877976881222	0.007169709133406962	0.002830330440774842	0.03426985382072396	0.010589119308102954	0.0018164222479547102	0.0056133208291003515	0.001473708397742123	0.0011766861178395187	0.0027077226336772293	0.022668995806484547	0.008599163863583333	0.0016439580052425142	0.0027644181633032484	0.0019443543038081344	0.010611948446605901	0.003820520129154748	0.004778911583236931	0.012788443199415397	0.019373519966559272	0.0038932563177403352	0.014799056639632397	0.04694433467877258	0.004361339546852663	0.007042542372686647	0.0022262871040226928	0.00618099024531647	0.001077016845189475	0.0028401736870464636	0.012424149115048693	0.007407838203708641	0.0013989838811152761	0.008318815310485308	0.012712781317263014	0.00853401736660072	0.02840890613094941	0.002155526907806526	0.006437587479360994	0.001788882448794435	0.0008052182065293572	0.0011144627549933847	0.010120472299431702	0.0008458510598251968	0.006942167669220452	0.0035131715441720597	0.000907571394813123	0.011814925478320908	0.011243313738217601	0.0008808959236573852	0.0026561232480987376	0.005037722607023344	0.0007592767417918043	0.0023140305685879644	0.021664374874469136	0.0006607711767994733	0.01107142758788018	0.004896724264368915	0.003408327717499377	0.014574843449705359	0.0025633782025687854	0.0021473176689241363	0.01471231189212497	0.0005425211803214426	0.0049112524267661516	0.002912752254365543	0.0029866144385979516	0.002482758098072821	0.004207030078292395	0.026597366248270117	0.007778359274681972	0.010399271800558725	0.00268198528925194	0.0013034953502755666	0.0077964460411541585
MB_G080	0.0003762230528441099	0.005167247935967236	4.124990380637412e-05	0.007503907276300701	0.03532207636472478	0.01065519245945201	0.0004759478408942384	4.215361301657678e-05	0.0011507672483362956	6.253717889849941e-05	0.00032223426752595757	0.004690954321833521	0.0017558323203797784	0.0007926174282972897	0.008248757320906209	0.005351124031804661	0.0025664159845021355	0.0016653085783905008	0.00027118040711771626	0.023613947843526488	0.032546548573061634	0.0007288260112605177	0.10592079266524262	0.0034422650713615346	0.010895146311598616	0.000915254439849386	0.00017997086086119174	0.004993193468516772	0.008454025427683667	0.016065169145192976	0.0030252747963837937	0.002899612686243625	0.0005893973536735669	0.0025560244796502514	0.008818955454016621	1.1077188336827727e-05	5.6769598903110446e-05	8.137340517169538e-05	0.005078040838112469	0.0024866267923933706	0.0018968624190175104	0.0015601443088033872	1.9048512294324283e-05	0.016978806880035363	0.00027481854053749017	0.04428488867641642	0.00010281569909349274	0.000507623760074454	0.0017991639996841557	0.001082905513475781	0.0010655164033651055	0.0038078306057051452	0.0030269935281916085	0.00035522723470996376	0.0009059569497786625	0.0017752848667631203	0.0004960848710935368	0.0019287881833613518	0.0002968668384824994	0.0012996336645028827	0.00019798147423610602	0.00011640400999697707	0.0043215365691828544	0.0009298913105564955	0.0008868668571442872	0.011454086987997724	0.0005172899923753493	0.00022849748552944643	0.000753238116553112	0.0003905710723715367	0.0004896608179089804	0.00023464211560995682	0.016664472839099095	0.00034885319853772287	4.85715680760222e-05	0.0003268491821733586	0.00010130855732157642	9.44781236920333e-06	0.0010050900087507204	0.00531546478379241	0.00016254106090187923	0.0014892086318808921	0.0019359252720800178	0.000985112854284886	7.484052371325226e-05	0.005022704408367089	0.0009079036158737267	0.004203765757509772	0.00017630847731028962	0.00028713138768028386	0.004883365773056703	0.00023515936318029557	0.020234048886139454	0.07588438733142723	0.0012430267571669758	0.0027853252634365312	0.003573495162799861	0.005999566725698583	0.0016170987542281283	0.07119621866108639	0.001789895014146579	0.0011814742715698181	0.000436922759353504	0.0034046559735949494	0.28595190202622534	0.00048076020885763957	2.4596450977424583e-05	0.018195575383077253	0.010843670185262999	0.0033441242734401425	3.8126554521048094e-06	0.000425675983798258	5.2933117364328945e-05	0.0016480002491623274	0.015033947313267333	0.003510994150842483	0.0015131206388523826	0.0003477445485388972	0.0008325237404132529	0.00045453022697230936
MB_G081	0.0026383538333995733	0.0075345851972976555	0.000281460558113954	0.047374513862369676	0.009076278906510249	0.019001081769093525	0.001704025577290282	0.00026897379670908633	0.0013143595634555205	0.00018277192958299514	0.00023443685322469424	0.00513906443315179	0.0027769881792690464	0.0012111735575414443	0.003039384177217316	0.006887330483038691	0.00037314045389346567	0.004829612625208462	0.004716773755536013	0.01708440421507083	0.02700533767400097	0.0003216684918302289	0.027523664234462394	0.004832992879338078	0.016690350992685482	0.002316274279117565	0.0027434820515127144	0.02912393641230291	0.023933113227099175	0.001645093593430351	0.0005080895196438118	0.009541362015845854	0.0017626224501051911	0.0015604280263080187	0.014601649103727025	1.8222756325052072e-05	0.00015280358565615372	6.69539457856139e-05	0.0069453535171878095	0.012179790957808866	0.009246479055842364	0.0007713587462857842	0.00013030156471784251	0.009828248034730789	0.001750755378451451	0.04651206642905412	9.769226849770832e-05	0.0030965625229720088	0.002528472063256103	0.0019228736366364455	0.0019246726864934668	0.0032177170498754754	0.0003959636175173511	0.0008055774733715939	0.0005922697650469364	0.0008413194388925629	0.004050170089559657	0.005762757518852536	0.0028839849522461457	0.0017073186294825915	4.216887477765442e-05	0.0004078973446741658	0.00111365866274786	0.001947873764146182	0.00010861801314886528	0.018695777151576293	0.0004790727921546038	0.00037473232145836965	0.0009435432181333276	0.0004695196610695465	0.00112798445790082	0.00048602777980124526	0.23459482455795488	0.003116255448402197	0.0006853538882451274	0.00029813040521414275	0.0006066747588724698	1.457544322381421e-05	0.001504919268338554	0.01608426904555918	7.250396392523625e-05	0.0027332111287445005	0.001692052764022966	0.003366652374835329	0.00018609909797167492	0.0034860542514751946	0.0011353531822794337	0.005624731332885544	0.00014018202737856473	0.0007536789355490426	0.0016541591816701545	0.0007349489215801077	0.05485074038260418	0.024116882464421827	0.00022836827671015645	0.01539368671035321	0.0018061331536594247	0.0026405077598419683	0.0012435930186159199	0.022288957416596533	0.0008962487703820081	0.0012992049336319194	0.0008021872121695328	0.0021964095202464244	0.004408884077422822	0.00014936152102848312	0.0002533832237928762	0.0671436325051696	0.01276985270226414	0.002008390154452518	6.113203455387736e-06	0.0029515878154050186	0.0010302422641290038	0.0012260822362046783	0.03191217511655036	0.013055152956851307	0.002800023664277474	0.0006294871634456078	0.007622502419526013	0.002380240974144048
MB_G082	0.00907249792562732	0.011111382984021171	0.0020712626309140596	0.05111465215608731	0.012417402582649928	0.020923604909462466	0.003257504436027112	0.0027170287383495298	0.002051350942079214	0.0010576341686776066	0.00039077167231302593	0.0037437772983178264	0.010928911255169378	0.0026999018318129573	0.008316061786096994	0.005457602568132225	0.001375302168343169	0.01011813095106624	0.021760058083380385	0.014414331667819053	0.010076971876319464	0.00231717079935813	0.005154007735733709	0.04675595398236583	0.01821312708478154	0.003528703406657249	0.0024579884023976104	0.01648041654180341	0.006810514713932275	0.000988483410927611	0.001825221991548861	0.022662670671042415	0.0018485635914893674	0.00581087606240843	0.003439021803770292	0.005544684490895981	0.0005189585850389749	0.002032941340505206	0.003281324449103115	0.0033675362692194045	0.024124861236772547	0.0009503843198786989	0.002884804882013368	0.004891516672306486	0.0032391749501582846	0.02040070594103849	0.0004904626620762451	0.0011159975130129872	0.002282879504504538	0.007894462429853928	0.006119487184917313	0.0023447652106368417	0.001042419196234604	0.00045473064883854824	0.0004805690106323175	0.007017669666246525	0.015584316632004932	0.00407421054892774	0.011832299225647658	0.0032976629278703793	0.0008817468177599202	0.00048695370402769073	0.0014551901957891803	0.0026066403147932253	0.0038304024516663125	0.003443698303888755	0.0014247172049057526	0.005390198061895603	0.009725416625482469	0.0065094740406284515	0.007927481671110308	0.001939604781543826	0.04527727572891328	0.002074450616640872	0.002836381157301964	0.010508396844248065	0.0008086591452438081	0.0011180466064184223	0.0069013574719094545	0.010921069830398674	0.0014890425458950573	0.01935418828811913	0.001331154443648165	0.003880781822245892	0.0018282399855112162	0.002612461555971734	0.0008273127530309774	0.01444559246046916	0.0016292758235153795	0.004758663595477188	0.003303827148700039	0.003288454268336071	0.15229281923522822	0.01542180653289622	0.0011772474553302977	0.000837218420130423	0.002319087301380864	0.016505428166590216	0.009338663149008915	0.021277507468273577	0.0007140571431221203	0.003023980045554293	0.007779610979295547	0.014276743648862285	0.0022305918686260427	0.0009404708964683725	0.0017000192249911018	0.007734188480394253	0.008667262157430626	0.0055932988745420326	0.0008043017192638284	0.002151860731132691	0.002207827789271201	0.0035594688972756033	0.008618159231910097	0.018915231493460045	0.000769741782456136	0.002333991945947513	0.023622842459020407	0.0017327283074327182
MB_G083	0.005406413705217502	0.0015277141205964871	0.0020640835529088203	0.04189672961711603	0.0029271275969518866	0.026878337448522433	0.03825922181236521	0.0011523178582211306	0.0016226164524284908	0.0008726998289864341	0.0008286841251676579	0.003072978109880452	0.002306783575527304	0.007608337848327555	0.006111227904035763	0.00862971033946242	0.0009506387565878344	0.005824956314163756	0.013986350483426469	0.020145292187898657	0.007862346219751152	0.00047199537311220363	0.002739727708607377	0.0026572164093661386	0.03451787962492933	0.015908829693659334	0.02097177092977615	0.010151976580188179	0.06654002794006376	0.004206618000835767	0.0007655905010914755	0.014878382611438938	0.00044485386195521287	0.006360408708769944	0.009994447948699602	0.0005120554129601079	0.000975583347019918	0.0004230657760501656	0.006280009818485025	0.010203807462952776	0.009523008163211243	0.0015135305721985474	0.0011791295168336903	0.009890597674168226	0.005278424638764797	0.03329671494183258	0.0022611873150224057	0.009761125639495459	0.004259654329898986	0.0107353296754881	0.004903836724033765	0.0015048495537179573	0.0017949878848384628	0.002040305062287283	0.0008604011842362873	0.0015932473068691032	0.012832611113345483	0.016429910147889255	0.0036221317192047728	0.002029899817003904	0.00039034975439531544	0.005361474581993062	0.0027540493251407244	0.004873697654068369	0.0034701943392893733	0.03780499603224989	0.0028906314594582296	0.00389887988073727	0.009270855979456705	0.0018782295307571703	0.003157478473621596	0.0010852505764088773	0.03427420414325714	0.005159454578185357	0.002182594611020082	0.0014981373568979533	0.003944534829391008	0.00024232846323526077	0.006599162714918356	0.014597648787379517	0.001364014268959541	0.010162372407103378	0.002306453230163115	0.0048803742380807555	0.000800954132183916	0.0007372765266939884	0.0019046912288146467	0.004726461735283201	0.00042996690107049675	0.003566011214359306	0.0023320771872016423	0.0010686667402545003	0.023026092909031633	0.014724398331380817	0.0003341681340434759	0.005105719279440512	0.004590423827523274	0.0015834059377547553	0.002067415117070939	0.01799596365116663	0.0004365304256123247	0.01013320210341244	0.0015896977609997573	0.003100240623208301	0.009135798789106404	0.0013005202650646364	0.0012007737623655026	0.08562402599591414	0.001838216738293944	0.0033851543661223057	0.00030523890236829125	0.007591854480736238	0.0023241437729083357	0.0018848177627607634	0.039415530992736696	0.013561739471966297	0.008665737269547832	0.001761291299931989	0.005263283214893242	0.008191443384763552
MB_G084	0.0005267485133391486	0.0006362206865427168	0.012773329430151968	0.014163088472235375	0.001519445095468303	0.01777860421628697	0.11608933863770816	0.003746701595223782	0.0011148307755400014	0.001233980478988007	0.0008969120137835689	0.001333580912081699	0.0009057946406533184	0.009287388305622207	0.005429692431006572	0.007447814144715342	0.0015666744328212527	0.0030586735311247037	0.021822255964167245	0.011977119211399583	0.0016828455153126236	0.0008679503262583608	0.0005852121137718286	0.0015545512706483303	0.019332640165841613	0.01938166578007821	0.020918785474496288	0.0014143476782371733	0.04586013868207315	0.00468650177879126	0.0011966467524037849	0.015141078002267957	0.00022139785891011729	0.013409103241079207	0.0017611543731642456	0.010712522289146332	0.003626659364866034	0.0027596322001596932	0.003500971248947873	0.0037908018803783122	0.0047419491074611134	0.0012943182119242657	0.006347612481508528	0.009224757888062124	0.009696116580358504	0.01214568813052744	0.017173102025965503	0.006874374968920743	0.0024976860273928027	0.03415616537784373	0.00858399800394904	0.0007761842726782124	0.005054939036620461	0.0013928962463666589	0.0007635534677332608	0.00242027647312173	0.02158147641788347	0.00973249995134152	0.001736002652969983	0.0018339358913244108	0.0025391983542750215	0.014833475784384586	0.0032545142683251408	0.004510976228713757	0.03223425557478058	0.016466426685077765	0.005185471860808976	0.020728878067827503	0.05613728101966866	0.004955082065429892	0.00644218977200159	0.0017905991162032692	0.0026267676150807454	0.0013194645107210085	0.0030141670349679074	0.011282572486160082	0.00806291646614079	0.0025113820527708497	0.010492053514580811	0.007693587174793184	0.013484668302874174	0.0269966533933049	0.001541323421957339	0.004334484918526018	0.002015672669889953	0.0002622643800998546	0.0009996473611078357	0.00520598406644491	0.000900348971894508	0.008049998497668315	0.002453037335698952	0.0008398613045792693	0.007527162992133168	0.006192966228027367	0.000584040763070256	0.0009397746341176134	0.004652215780144924	0.000641200742320895	0.0022234615793649483	0.011990047825917602	0.0002701529579657135	0.0169529331159637	0.003657705697724377	0.003041599406902831	0.010132113501039751	0.003844295978469899	0.002546021223281814	0.014140938305067716	0.0002325208694991774	0.0038567478644619263	0.007248642703522718	0.003557573181145459	0.002261905527566849	0.00276193080786556	0.017745534008704586	0.006261750033556642	0.008212664086332377	0.0025869358548203524	0.0012922477067896705	0.00773937964781825
MB_G085	0.0065457319155687475	1.7856240604352146e-05	0.00045663694731152936	0.010633087194695471	9.664395589586138e-05	0.005607341736662689	0.15705887377389305	0.0006371877314592865	0.00042326106540702954	0.003559166476794192	0.0009985149566695444	0.00017349735080170235	0.003386934293903627	0.029626331074193796	0.00838626829659569	0.00047204106941394896	0.0009277567256277765	0.0031666044549343688	0.005394213058118633	0.003487929795478958	0.0002340886670162315	0.0001573760847501137	3.7804794361617037e-06	0.0018402617056390458	0.028860355334663752	0.03769083424665856	0.027146646286755272	0.001280972295419274	0.007927817686421984	0.0010785487523381203	0.00022719396582419543	0.002870595843235361	2.5945386551377683e-06	0.00586822808544813	0.0015551396739907578	0.031055508626110926	0.00029178465264414273	0.0008875279426704271	0.00024374045215814257	0.00029216434000770393	0.00460895899400367	0.0006431396830352841	0.0028817759797231703	0.00018332835861579975	0.0005537327106586761	0.0022995917113485535	0.005307255936938059	0.0015508826029499681	0.0015365296042128514	0.005372783470075225	0.0013217260021623173	3.2868617933376124e-05	0.00106253114227053	0.0005620200495715837	8.205580813505914e-05	0.001937779591835508	0.004850429596318941	0.010835770167439987	0.004533372426834287	0.0002972281709169924	0.0019871440443551863	0.004152694649594382	0.0011715411995818833	0.0019729679071572833	0.3238106506589614	0.0048383275328417645	0.006538510191652528	0.012679178658944981	0.012896002424472695	0.0044160083694310065	0.0019450648307817375	0.0003271520546340344	0.0004441172694041247	0.005497175124665381	0.0012829368496958275	0.0014729966963534856	0.0012439491951302753	0.004194775889642349	0.014842550529751312	0.0008232711425371333	0.009037004447697809	0.006638597163160321	0.00034850796875495366	0.00041167636020076145	0.0012071149379773998	7.430737082489166e-06	0.0007091138082967935	0.0002640817590608587	0.0009105999104697136	0.004771352050880865	0.0005845345996564342	0.0008584336206885236	0.0055481378640532455	0.0012448231802108523	0.00010968660383033414	1.0660088578294652e-05	0.0023996256353185567	0.0030030600965966236	0.0033735045359717976	0.0015094749395118832	8.829904413749072e-06	0.033902087859549936	0.0005323686435257879	0.0038307435107935136	0.002264263544517372	0.007779883540811679	0.0012599502796431052	0.019102507963383544	8.540862671074251e-05	0.0013471961988507709	0.01618346352767609	0.005642164103118135	0.0005489816453024327	0.00030110465400868516	0.00222144258061386	0.003995335667727555	0.0006311001571256372	0.0011733042798272519	0.0066312551826386654	0.002049374203320807
MB_G086	0.004119076186036291	0.004483164395033758	0.00675385201579247	0.051013434342611165	0.0014579599609042535	0.008910629978293762	0.003383800278434539	0.00982598968210628	0.0007699944716161736	0.0016408132469572674	0.00011548048035688666	0.0008775122111169001	0.008370759410556046	0.0016019313233637512	0.0019591221608192128	0.0015428244533310731	0.00020123108507272514	0.008523295009173894	0.10186688951172536	0.0028108593950498437	0.001314722847618839	0.0010381647915076403	0.0001977985223141846	0.05298981018425828	0.007034431587705923	0.002428837399468647	0.004453107214799474	0.01056453799637989	0.0019679374261623193	4.222982501100572e-05	0.00028568174881332236	0.022580782285143125	0.0010318659432193582	0.0023688797676406207	0.0005833752799100488	0.053356147025630386	0.0005770563395882134	0.0032546315735851473	0.0007210742451366735	0.0013415833458577855	0.032698194395882736	0.00017802762282609404	0.017264251282095938	0.0006103103738632221	0.004585707754029859	0.0035457233474704437	0.00034258135848466416	0.0006293222363480344	0.0007435795188872723	0.007240197423116734	0.0047946364758272055	0.0004547913599134555	0.00012073242019668938	0.00016272874210705406	8.625060960171441e-05	0.0036091575621136113	0.0391044613260031	0.002004799678396108	0.033416378248170314	0.0015316023365728895	0.0004552254329910268	0.00037829740997599487	0.0001803264246341468	0.0014113213546718497	0.0018699705368024025	0.0005280460282857247	0.0006969730371673272	0.009469225010566596	0.011793488706943911	0.008695996733830032	0.011368286769790167	0.0018822582249284987	0.028932278176053088	0.002073871552022598	0.01084105166628204	0.019450547195703924	0.0009439185507758472	0.004763372420061918	0.005901363379421057	0.005085758846437769	0.0013102900314658304	0.024050506600758196	0.00028675696286251676	0.0026724703312713412	0.003371896463321989	0.0004351588621623947	0.00022097687841411524	0.007839055729750643	0.0014667583078354438	0.007190656073318336	0.0006110241398194684	0.004443428500327824	0.13702448108757495	0.0014210306688261713	0.00023852773188895958	0.00014469928971285422	0.0004556731149157831	0.006580326461252895	0.006321873528778164	0.002440328790216794	0.00010111866046684889	0.0014731568760947462	0.011206060550127869	0.00785556488614805	2.2984628506405244e-05	0.0003276016522799411	0.0068915774366777914	0.001591415190959479	0.0019440924321032834	0.0018604124381051198	0.004925316255071607	0.0019285686824000974	0.007286363788765906	0.001402604122329977	0.0019195683719204764	0.01541997056966618	0.00016306376973067142	0.0019964973846934506	0.053659545431858205	0.0012923108402636513
MB_G087	0.01997079354316597	0.0014860102727970415	0.002500604731655925	0.010804908727814132	0.005841588746860058	0.01180367147920265	0.01227330158225657	0.0024461310632516173	0.0013725909328869996	0.0015690039677930658	0.0007737690404950937	0.0012837811745520962	0.005500567612283441	0.006129910171740348	0.01616825669775646	0.0030197670440675548	0.0051905035385401335	0.004432356552261999	0.00811769012031135	0.010780513165558885	0.0021016659065498143	0.0034011804496560057	0.000704732733440692	0.01961770693816431	0.015613698140559825	0.006235897079852234	0.001749757135589212	0.0016374047724828837	0.004244042210843726	0.003458882478993731	0.004102173901849891	0.01094170100212569	0.00018952222697800659	0.015086918633543731	0.0009780409445797993	0.07131416211404687	0.000840824393874646	0.00820079788472693	0.001285688534464407	0.000609977981370428	0.00736824811073928	0.0013637759241780104	0.005085955354057314	0.0031202098484774065	0.0017378068576968191	0.007799914593467587	0.004002419254761508	0.0005387762934987509	0.001657355047897244	0.014896127115703222	0.006038450641802529	0.0007325493198653034	0.006018060816129685	0.00033018130475617746	0.00042898312564553344	0.012911347125238996	0.008761228407834219	0.002991878693106999	0.0032388513311706053	0.0019963011413092297	0.009322453241326353	0.0011001538782683005	0.0034689574168030946	0.0021805292555955	0.1617517212258952	0.002136813180270786	0.004073510304559628	0.02092536342668687	0.038532642518881006	0.014227834057654858	0.008385651668591041	0.001667395689492598	0.0012164461214324758	0.0005929112733450459	0.0012478676030980831	0.03337618059106232	0.0008032221794701378	0.008188105111788139	0.012793262357907932	0.00303966018408967	0.018581095739869803	0.028467943518665335	0.0009949600451514655	0.001552811575618933	0.0027643486876711217	0.00048382583985953403	0.000621209462826764	0.006619901570136258	0.003513553635095553	0.007124120101773571	0.0046196324925661635	0.0017617387638068057	0.031278567668344116	0.010054614756247983	0.0025846540518050776	5.3510396678702683e-05	0.004045579772066702	0.013201517174022598	0.012227943700142692	0.01798138553745747	0.00030130632434325125	0.009507403894370091	0.007195150434838317	0.01758466968952623	0.016983779363233743	0.006937513804698849	0.0012740727884742954	0.0021943071566210243	0.000974681975517227	0.0070808835753662525	0.014601100745051922	0.0009653828760940632	0.0005716091796193067	0.0036481273075345657	0.0032641124332539596	0.006119012245541634	0.0006280206088509348	0.002607968091208883	0.0041364957870031775	0.001061890006545889
MB_G088	0.014081036001883743	0.0003758521843024963	0.0020985106300269703	0.041420071632977014	0.000803510958405099	0.01680831733434268	0.07508698638578795	0.002547596212418812	0.0012650101434163272	0.0039952149792386645	0.0010414603108144284	0.0009510673436836816	0.007905037426052712	0.01949759842248806	0.010504476792566563	0.0022292770637028004	0.0012035914269196723	0.00899784389346642	0.024964599467583275	0.009301755092143467	0.0015700848810402054	0.0006070199396205739	8.731785732259268e-05	0.009373369159251695	0.04028612167171097	0.028455289170661226	0.028902613781120107	0.006972609981864327	0.01614692827135992	0.0012037687103666264	0.0005965837996288919	0.012855045867980107	6.932212268960998e-05	0.008693762166672482	0.00364025157207961	0.02487429034220605	0.000777604728843654	0.001859634190892406	0.00122971272878339	0.0017541487790736785	0.017178060661550764	0.001065328173158865	0.0064494755386604215	0.001097375702148729	0.0027193564740557144	0.008940172552184796	0.0037094710786533436	0.00333464014069926	0.00304671743605771	0.011852511661984156	0.004432431050430364	0.00028377250640012117	0.00125301412903517	0.001010102383313617	0.00025981894651494323	0.004153311282431162	0.018216427341040804	0.01452087165257283	0.013900660322653274	0.0012913300347226187	0.001721206325808638	0.004097645636722622	0.0016550280320848617	0.004098926927738108	0.05837893297421905	0.008108543748553125	0.005685301114438995	0.0159351142490194	0.02028891703718434	0.007999728273344733	0.006168433768605402	0.0012114400763580317	0.0067190147547305165	0.008251725683887995	0.004457364385089363	0.004996814626229625	0.0025901989224319864	0.004044846888654179	0.018217272511472583	0.004612783464762257	0.0063342260036739475	0.01816362760846905	0.000951080397617001	0.0020878903915591547	0.0025932579579621084	0.00011248103074259262	0.0012545930763607108	0.0021893123758619996	0.0016318844783942688	0.008969440270233263	0.0015242795231678774	0.0026144426579313056	0.03426806682906712	0.0043616824809048	0.00032340848486449666	0.00015035812650486608	0.0034175182174859113	0.006602912094160494	0.006883087223818561	0.005664617523554431	7.372061337376589e-05	0.021498200160958512	0.002673277962743789	0.008542288438609909	0.0018531518979786614	0.0043235835882394205	0.0034112189791463176	0.02760641741682539	0.0007728123696739348	0.003386625962934053	0.008391725744512975	0.008637168033663203	0.002618743517508667	0.0012331343071248452	0.007532824128518448	0.014168727086438926	0.001423503861031614	0.0027067471618178103	0.021605168109762235	0.004454412011810002
MB_G089	0.009184044904364858	0.022263041198521294	0.0033628244639029325	0.014008950256247078	0.02654347280275316	0.009398876505413104	0.0005820189293034845	0.004206101637724	0.001339840253951675	0.0005667318144371441	0.00016872185732807858	0.002273876697054415	0.007602285418023538	0.000751102091382403	0.006704905630798217	0.003425566630186817	0.0022393059539807907	0.004813742537588227	0.01379570217233057	0.0072778891663505384	0.004687553215473335	0.00756730959544076	0.006294979728942351	0.10453474628045091	0.004884776701314136	0.0007177204744438784	0.0002205613077229349	0.00340387054777505	0.000945840944891804	0.0005773090829933626	0.004472199492687015	0.01752230377733077	0.002837263398511544	0.00617202848682184	0.00043269958404539526	0.04594276914970866	0.0004934400190021058	0.009726848990575234	0.0014429887333755238	0.0006816414423562898	0.012491046027349366	0.000534393616942178	0.0049464140680115145	0.003974728250337915	0.0020459659974599617	0.007257091807490295	0.0004052306618236214	0.00013449493896980109	0.0007398650711591673	0.008317540718653985	0.006525843897994884	0.0022618464248516045	0.0015642196278511278	9.120963322092088e-05	0.0003059713145675553	0.015288546406736762	0.010709168012878321	0.0006500427646272852	0.005106101176614308	0.0031552207841043208	0.0032197615312944535	0.00011080567885650537	0.0010596059583659596	0.0010177199762815984	0.008388462066368976	0.0003719875966333888	0.0007520801203264838	0.008718315191498948	0.017689498905434836	0.012878864067265267	0.01167362207651157	0.002337050496654673	0.006549725531413725	0.00018358546246708703	0.0014696027871603649	0.07560791179781236	0.00024707124405605766	0.004402986579851697	0.004681585348091658	0.004490980991622148	0.0037872216217137347	0.030062552029147115	0.0006258526222906395	0.002120468647055965	0.002495840891920732	0.0037686754585254836	0.00022560582663737683	0.02627864418585813	0.0032646204833562185	0.004455001033136139	0.00404082951334132	0.0026245973523285307	0.1337257288206885	0.010475642084661023	0.0037554835414321964	0.00010440255888090612	0.001235987565814262	0.02387679958710634	0.014107170135532969	0.021013178762644667	0.0009098732835680967	0.0010303744533206418	0.021158990536275134	0.02233397664609212	0.00205893447188045	0.0009476793976564937	0.0012014122329044778	0.0003369346318918809	0.0052697178498801525	0.006433998022597788	0.0032627854197059577	0.00025804607257972197	0.0008127582178219667	0.005719873378545358	0.0016945893005969543	0.007569116586108882	0.000144039497689752	0.001997080321805894	0.008042464034757607	0.00034903643713048773
MB_G090	0.001957307804686106	7.825772867334904e-05	0.02122182328742966	0.005734127684263842	0.00014482705786969194	0.006569940365095054	0.25690653987661805	0.0045781278093065605	0.0003457052366250562	0.0011846161901160346	0.00043899588527353706	0.0002564569393959184	0.00026280246323084753	0.007906722623262483	0.0016582696393882075	0.002306000167845525	0.00043305610809484717	0.0012463532442018776	0.0268992599210216	0.00300887314221693	0.00018758705269835164	0.00026047965136853906	2.4695522522888696e-05	0.00037888537641848365	0.008334280624529282	0.019481968236506945	0.035884419452471596	0.0003124983136973359	0.025195293452257125	0.0010050519059567869	0.0002589060259362757	0.0075956120754954995	3.704724129033475e-05	0.007330372033654626	0.00036521625926664106	0.033687105723685995	0.00394445861596614	0.002548699041584903	0.0008758896567709521	0.0012501279986199209	0.0020965799577175527	0.0003992143318013749	0.012807749096517676	0.0019437054238778937	0.008428155576621589	0.0024301694137775554	0.029154882578622168	0.005154323727316525	0.0009278362014349767	0.03088664805742483	0.00490793539786901	0.00012190993069092025	0.0018348620077203604	0.0007188165497905896	0.00021066132904262903	0.0008550552666786646	0.02185404113660334	0.0058757228320357475	0.0010806218633005722	0.0005957312993492585	0.0018863216112675741	0.02349189437033982	0.0009549671086743976	0.0024406731489963773	0.041885534849974954	0.006174464034856193	0.0038666233582137807	0.02872765679090826	0.06825936068279087	0.003645340685130746	0.0044462684356539935	0.0010078414257295978	0.0004234711487915483	0.0007912209616985753	0.003586952610365516	0.009647898066415325	0.010195944858607635	0.005125484724163482	0.007803483609375999	0.0024964267689748473	0.01846445806729098	0.02051821169559312	0.0004418675057151953	0.001989755174427054	0.0018544445371766406	2.5079486207353822e-05	0.00035087321497708727	0.0014511051347074393	0.0004978127716681618	0.00762446247348673	0.0005925467047662443	0.0004159606105657029	0.0017111450851961972	0.0008297077726223686	0.00013179829324207768	0.0001677003313320243	0.001675534781385989	0.0001114090340458524	0.0008267684494922526	0.0019485163726783528	3.771529660859173e-05	0.014943750907597239	0.0020186260267580193	0.0009696659612217412	0.0011008613223271624	0.0027371433590884513	0.0036075788331059082	0.004894992317021194	2.0193924464717033e-05	0.0012475749017902013	0.029044097987041557	0.002583530031447988	0.002305643450073351	0.0009158255042679173	0.005678680967947791	0.002449514286477382	0.004257395505352973	0.0015657740378759847	0.000547532979962582	0.006205636238555829
MB_G091	0.010626095359277105	9.860556298835641e-05	0.008161663376733578	0.016893042228110035	0.00012565667893019378	0.007059089962183153	0.1375631251783354	0.00564344860087942	0.00044849566897088144	0.003420439874459027	0.0004420665218581728	0.00023966752538522707	0.0019302173152422322	0.012084121628335215	0.002809819218222362	0.0010365500643949473	0.00035744694817672364	0.0036762745908065254	0.04806236722787529	0.002532854014807081	0.0002084793059010234	0.0002959127480026676	7.550661413861734e-06	0.0028504044672650946	0.013932896389752253	0.02206226355507443	0.040566759957829525	0.001403038630413726	0.009142902889670734	0.0002521320753845798	0.0001801907571609182	0.009335837652541484	2.8592890409138355e-05	0.005604682948920088	0.000561124405093668	0.11671900821399017	0.0014449411457609694	0.0029621846339761364	0.00042510888407151125	0.0007548392605798365	0.008182670587400572	0.00032599822418309654	0.021043679495877016	0.00040455607135529074	0.004203468210752879	0.001984828039542205	0.007867399629107161	0.002581065364300899	0.0010677125450694218	0.016255616430422615	0.0038436339361559526	7.39958563707486e-05	0.0005595453154208478	0.0004986198136355825	9.392776104183172e-05	0.0017718162509899132	0.0277656790158944	0.007052685011067313	0.008254175860758939	0.0005960380828661436	0.0016229956527060256	0.007102975527081114	0.0005035031092402526	0.002378946554016975	0.056901602405068516	0.00260957207952675	0.0038584279678914838	0.02971027803562691	0.03842304559563864	0.007509403602636954	0.006368453827688556	0.001044449036294265	0.0012700585221803733	0.003182411914590505	0.007197363910099133	0.00923028977870793	0.00433914851308835	0.011403296022005275	0.013271715473077782	0.0020542777240803406	0.011272905074652381	0.021148099233924467	0.0003082559965090936	0.0014399357450576849	0.0032047559352186	2.0064725999520433e-05	0.00038859818986144393	0.001173781289897471	0.001088405946317182	0.010654704103139977	0.00045978221843059186	0.0014557983803026662	0.00915485891850607	0.0006562523297957223	0.0001084586671209476	4.249382573248274e-05	0.0012065283943847854	0.00096091314831363	0.0027202536287968004	0.0011975571140480062	1.7932070978055292e-05	0.014997831219044917	0.0027221746141209324	0.002946367908901084	0.00018227580219927424	0.0027021663660453236	0.0066579271695609765	0.005817958770396849	7.473793712144452e-05	0.0013452204713256014	0.04533631039769958	0.004868085811257405	0.0037761857446333646	0.0006519732917325816	0.002705482154622992	0.005896058465567142	0.0008791298423927071	0.0020220206574980133	0.007438801424709706	0.003939731241540765
MB_G092	0.03239795600331973	0.0012559803044596414	0.061853460164752946	0.0035156618297156592	0.002362480424165327	0.010189492597449392	0.0513916506179137	0.006283549240175118	0.0006321908681216253	0.000315242199388216	0.0003440118522700665	0.0010688166158166724	0.00012692576370555825	0.0020073311854714193	0.001815165892508557	0.011389047068758509	0.0012539164933437822	0.0008596528232483393	0.019065446923584962	0.007226203291628796	0.0009523610852718067	0.0013791557865135663	0.0018711017831942662	0.0005375423332994013	0.0044297396437196785	0.0050541949636531015	0.005127219363349072	0.00021415249957622485	0.0305683116860053	0.004589054217690563	0.0017472687684454667	0.014006802177511773	0.000685937118103849	0.012306148846890044	0.0002953570002857309	0.012115046840340012	0.009172092380929288	0.00565287768333636	0.00405994843458582	0.0030202766703467145	0.001329980123108345	0.0007135953671916186	0.00804813023082479	0.02809413182290225	0.019914855751088128	0.007006034569027165	0.030322260347276888	0.003833683665365227	0.0009405325694186458	0.059498148651740745	0.011817355695153135	0.0012673653845015557	0.008489159565528034	0.0006368645391791352	0.0009328194613203694	0.0015833045328172523	0.021325426181021446	0.0024055069331173503	0.00027505291436812394	0.0018719394782265118	0.003393529226058821	0.01451242550137582	0.002569848542980946	0.002454118239113498	0.013124377272586217	0.0068832041893631185	0.0023357130768988962	0.023767141423377495	0.11467970631502739	0.0036554537410090075	0.006923106651573888	0.0022268344758786234	0.0006688027006720247	0.00010422345621016721	0.0018692417150351474	0.04064343321260718	0.009550676168765048	0.0025617475411461015	0.004287516085603179	0.006709121103825915	0.021415283766263133	0.036518717451070326	0.0010903777878359733	0.005139389503400807	0.0016473040473085937	0.00047832367997786325	0.00032887406621023954	0.011280591959893822	0.0005775991313224749	0.006009859081097733	0.0024029602038805713	0.00029893558064322736	0.0022419861066332587	0.00421075877934827	0.0009252312806605078	0.0013839798340843608	0.0026786735351776955	9.436903591849451e-05	0.0008515253019847583	0.013124270300901601	0.0005752800048502039	0.005508812620741129	0.006536639007980767	0.0012477696211916258	0.011592223805293449	0.001909381681927102	0.0018427199798598355	0.0015675646682197695	6.592554671486419e-05	0.0031109773323359444	0.009009435468087761	0.0006194581222555302	0.001522959110985781	0.004614326038654152	0.012373973857052958	0.0020635448721539346	0.009974807832525384	0.0018612514822868927	0.00010721346717503885	0.00483158518096286
MB_G093	0.0021262203313499647	0.04777720883905875	0.008444990183712385	0.04443235263506173	0.009596142429991496	0.01115883036212117	0.00048089679888156244	0.006463966893107216	0.000911319520429056	0.00026407445400062056	4.923066796091718e-05	0.0029086124894650792	0.002891996161772465	0.0002675721742654051	0.0008834288356966638	0.005247399505446996	0.00014111665801323566	0.00521883778077675	0.06734055083200653	0.004511747504679971	0.006646236133512626	0.0014295761932242132	0.010447563681889725	0.03561017445656712	0.0032719888961552173	0.0005176636252408401	0.00104658335062963	0.014155468381680435	0.0030141430812458815	6.829209889664638e-05	0.0004632084618824053	0.02969116286501528	0.015812989522759623	0.0013913933108748197	0.0007556999652647249	0.00211639468922977	0.0006125724144196807	0.0012769620234671351	0.0029241373511589607	0.005201730853328776	0.020482419400687905	0.0001658038401641986	0.004184488044875138	0.004946870631051755	0.008394471455574476	0.009670294604492206	0.00010178122489215016	0.0007096925815073449	0.0006346065663510167	0.005726945821476789	0.005682746008294622	0.0031468027280587827	0.00012160653886741845	0.00015020283921498355	0.00021863647817930412	0.00193658145426675	0.02909054204515026	0.0009567892104872747	0.009835287068357686	0.002776881124656079	0.00011184572991397	0.00017250024779980603	0.0001888062571710605	0.001095786577598477	6.445810552885066e-05	0.0007915652860086683	0.00019450036089663605	0.0022374419591314333	0.005233545957267259	0.002666877658630756	0.007727694747236697	0.002055031047203681	0.1558001148612116	0.0005702568696363553	0.0053761032619888596	0.013270915976833421	0.0007615274433914634	0.0004057787201488278	0.0015946688225354129	0.014354369936860985	0.00023904793553501804	0.016373875630326367	0.0004914676245872712	0.005908513519883486	0.0012294808559657035	0.00540470505409102	0.00018320446061937385	0.029523297437950048	0.0005056407499135656	0.0027045065654367883	0.000935387938097192	0.002208278985914011	0.15534877263669403	0.0042108384387413425	0.00036847310487966574	0.0030777019796753274	0.0003670984354163323	0.0024197164932039184	0.002487418137680686	0.007686494223535331	0.0008148299973164423	0.00029327084438506717	0.012735571255196034	0.0038237938029142436	5.047324669680525e-05	5.8542280010442936e-05	0.0025035586742070703	0.0013003090764759923	0.007033799156274983	0.0019264107003951188	0.00019978386510841354	0.000736265196884287	0.006178364652325174	0.002756601881064189	0.005208250868954066	0.013610585891480929	0.00038410723660263995	0.0012382561005572356	0.015135076191887602	0.0011605529652749464
MB_G094	0.0008592687906419422	0.00038292703994351527	0.006380763455483765	0.0020782198620705305	0.0024835249658200355	0.006614086720572185	0.03251559940775864	0.0018645206420296796	0.0006308730950361467	0.0005729978064579507	0.0006366789781564487	0.0006062901696733174	0.0004841449598901434	0.0042191599350155495	0.0070853851694547025	0.003511972591212578	0.004764766103660866	0.0009718569521198382	0.003794881858549787	0.007065788767768632	0.0006561960178948061	0.0019777768189069567	0.0004817645369806972	0.0015195176566561092	0.006695012485174864	0.005681315114830113	0.0015997537290460672	0.00015535683369257317	0.007476950041212163	0.008702867086732069	0.0036749601013122937	0.005729398861629145	7.99569111635483e-05	0.0171228500853792	0.0002973887088342212	0.0457233434250641	0.002103266773450224	0.007919139844266789	0.001230728304362749	0.00045491073154445006	0.0011967828903573967	0.001105396655366111	0.003944318999766949	0.006656607776946503	0.0025005416415209126	0.004339183689375933	0.020642369184912687	0.0007429394486388724	0.0009216253071508122	0.02603980834241126	0.005652681728070183	0.0004698859032701235	0.01612167581358301	0.0003240072008004503	0.0005314891851856288	0.004797200600702381	0.005682358344002397	0.0018804321054189709	0.00031117357986844074	0.0011495138802218334	0.013367372405786903	0.004002390119174487	0.0045237783615167775	0.001619388476279119	0.2380735754334155	0.002927299687522527	0.004105958360381755	0.02566713339935547	0.07916479539489912	0.006872680458836995	0.004838069377050248	0.001170482653762175	0.00011867045654729286	0.000104357612637297	0.0005376270645295081	0.0356798304167846	0.0017018810577262332	0.00626129826244702	0.007274859479950456	0.0018267414554447349	0.045497848593305475	0.02427433367669016	0.0008061396096514106	0.001243320684819184	0.001572251508405856	0.00018674530051937419	0.0003548143310763531	0.004145118791977074	0.0014700935335066952	0.004979492983284711	0.003579908580885919	0.00036155119708443264	0.002864767205936129	0.0055874805276205555	0.001996400136689482	6.029669186146751e-05	0.004003409457446262	0.0009276894084176671	0.0028561117394134486	0.013922758567436818	0.0002455233167548985	0.010283980079077572	0.003955449357346462	0.004163004798480448	0.05840850223566001	0.008256757957938437	0.0006879059131716221	0.0010007640148442037	8.357985521463822e-05	0.004365548569460421	0.022479264349097097	0.00038935689991941843	0.0002568586939370878	0.003159216129844389	0.003445691226681159	0.0015090056721413488	0.0019024160082861492	0.0016191979836896464	0.00019302677253278425	0.0012500740888250637
MB_G095	0.006788311879400993	0.002796171458044645	0.005472291553854622	0.04895616491333079	0.0038184929788836414	0.02652653052605609	0.03071720915218728	0.003776427010592934	0.0019021986321155991	0.0016799468802846974	0.0007539586288274122	0.0027937995428097455	0.004639434219688767	0.007542554448270073	0.00756776786257113	0.007476945371028509	0.0012633642526691984	0.008538955402821223	0.03429096864630037	0.0162237281473223	0.005440919234783225	0.0011970037693165866	0.001590361900006166	0.009991608726770266	0.029112015472564225	0.013403900002396473	0.015575091494609516	0.00967225776020102	0.02870581744354514	0.0020005311965637924	0.0011788919152427677	0.02421859726633899	0.0007164555854015098	0.009080400179896033	0.004488292841468414	0.0062997371170697486	0.0015083509964280443	0.0019097655889750882	0.00432644427446517	0.005950541762823173	0.017212340043974844	0.0012912030070308734	0.005058190510935187	0.00664485433483283	0.007374545653114911	0.021492690977741633	0.0029084591462979707	0.005021000700161997	0.003449990351779954	0.01770035474807961	0.008146718053784252	0.001463764044062179	0.0018219822377769663	0.001249120187908154	0.0006716376280529603	0.003962022517491321	0.02608481038819072	0.011016730274460531	0.008384489265504133	0.002841584857496768	0.0011159764763074948	0.0038861749990522086	0.0022066958632941487	0.0048300235952402956	0.008970872173425792	0.012536539951398458	0.003362109483665815	0.01091534302153057	0.022007064904641507	0.00590271596763859	0.008058130629251462	0.0021179747003247772	0.02449257350794269	0.0039197200154145375	0.0047522921748155604	0.008065008982797096	0.0037661703285610205	0.0015312183206417779	0.010897760664444022	0.013134517787876986	0.0036512147978375147	0.02431936522451005	0.001787835168158984	0.005516768401496349	0.0022307247099487768	0.0008456394552797521	0.0013430714625358546	0.00873787125205041	0.0012277353881835586	0.007630616766015975	0.0027684030643929697	0.0023451420173919977	0.048840513824691914	0.010747246193735606	0.0006413801753625553	0.0015456488521906643	0.0038177661940561694	0.003844481654870424	0.0050760185838662495	0.015915247542370295	0.00042518134684652883	0.009743700821183164	0.00524370213423685	0.007164475132655316	0.003399359988041439	0.0018990373663287468	0.003070702641180657	0.024197911797702972	0.0020350329557084702	0.00488946651133527	0.0021059695072955477	0.005663700535623308	0.003930360723775223	0.003040873225928579	0.018985138022664216	0.01734873310321848	0.0035589470708734124	0.003000428563495062	0.011262082912618676	0.0060449263974738975
MB_G096	0.0036938429850949897	0.01812911837182801	0.0005515327863807009	0.052077215243319416	0.018966915187150418	0.018560540478557097	0.0008940106204197059	0.0008315632360661879	0.0017803302752930942	0.00038917888959685967	0.00023424501922704108	0.005130120914326338	0.0087450057457751	0.0011930976050615262	0.005555686498200062	0.005471883145717978	0.000796865265083799	0.007991441653549654	0.009071236436705698	0.015230246594667157	0.021804367558114632	0.001289403861168162	0.019969403933259883	0.03381498885181362	0.014504359397917702	0.0016239105893054802	0.0011558440283801004	0.028293197919479745	0.006578866113191942	0.0009301741348387556	0.0012626372483179786	0.015270131891361413	0.002919827594996501	0.002647524713921605	0.006136147322607989	0.00037658505540978714	0.00018824687613008551	0.00044170105015418865	0.004256080868365751	0.004923480093252775	0.01861566171269509	0.000770397314823646	0.0005497621878771828	0.006119551393822433	0.0017489981382881486	0.030191943768646003	0.00010627175141942057	0.0009394066545204904	0.0020428958861335774	0.002939159823598575	0.003253508448589851	0.0034963888285136414	0.0005286958867185811	0.00038681762710749833	0.0004701280083876773	0.0034842958035027605	0.006859976660523211	0.00313513467507605	0.007412879306247215	0.0026904740413399835	0.00019723775814380754	0.0001805085933077785	0.0010905445417907726	0.0017756374871465183	0.0005018869504149952	0.004334630776160512	0.0005957282750765898	0.0011678403518738806	0.002345000871906952	0.0020632922699476064	0.003291747714592539	0.0010154219284979906	0.13423580261855672	0.0019306344481330817	0.0012059085914590745	0.0023447876709371015	0.00036552960069291735	0.00013250309003441624	0.002837554652029479	0.012497153110735602	0.0002493380666793787	0.0072709050805911295	0.0013428157706943306	0.0032213068556601293	0.0005965241035338317	0.005190348128687627	0.0007908211149339948	0.012185747977517735	0.0006085979484269284	0.0016838301801514795	0.0026706639810104146	0.0019720494261672166	0.16415512030004994	0.0230193301695129	0.0007444051275522835	0.002573191195585149	0.0016896445895222534	0.013925734561688339	0.00495005882412565	0.025575215329444345	0.0010428134173167069	0.001228063363478547	0.0033606285170660736	0.008392621298335847	0.0025695469499807206	0.00029626391137019194	0.0005571048411764915	0.01293440400922458	0.020706126258865077	0.0038029319014614045	5.5175671091581116e-05	0.0016554556998531348	0.0012436833397822863	0.002411452272355524	0.011464841753143495	0.017117901920549353	0.0007255221414996958	0.0011691119497067972	0.020137920076256755	0.001180126702672515
MB_G097	0.0007033278351087064	2.314647438023948e-05	3.683505798401871e-06	0.00592163752653044	4.682458169098988e-05	0.00037276841117079364	0.00016562214086361229	0.00011291310106897403	7.279822775363988e-05	0.0016633923442095672	3.56804051153646e-05	1.8045562764465678e-05	0.052651298775464116	0.0013221738475513467	0.0028763095959711904	5.699591505615251e-06	0.00010625783729472658	0.002807956350132419	0.0010651803339899698	0.0001669629267668857	4.158899546429136e-05	0.00010167141624518182	1.450791348780588e-07	0.1281456187076675	0.0027445125561273652	0.0005385288399118464	0.00013960134028904504	0.00242699777084153	7.394623476828921e-06	2.3227241307359677e-06	3.4147622093093215e-05	0.000429114156375291	6.54363500671955e-07	0.00025658301475928343	9.615978961710546e-05	0.16417854001764487	1.3563072793058052e-06	0.00040906745040020606	2.889363110042242e-06	2.5359506413322245e-06	0.009335822087122523	2.5134308702954438e-05	0.0007776615240948611	5.152315959586475e-07	5.011708570642977e-06	8.975977940418933e-05	5.500052936001217e-06	2.4600334382994064e-06	7.962998113484934e-05	7.430615778759007e-05	7.357033000546684e-05	2.2181631993248446e-06	7.256100038097528e-06	4.01119796873628e-06	9.508839358991491e-07	0.0031260509934911587	0.00045633597494682476	0.0002162391067377285	0.03413249608305092	4.0730861469624136e-05	0.00029382330098036023	1.8329922315160353e-06	1.891752675759363e-05	6.577403956694767e-05	0.04684551779645507	6.14674555940952e-06	0.00021069600530664249	0.0010477138933470034	0.00028359789932448675	0.004078957609066846	0.0006261149732787088	4.3675899304202786e-05	0.00032075627099905144	0.001427966549778081	0.0002661250453459302	0.0007218718095733189	2.408846687178809e-06	0.004529097033899254	0.0026350365763248658	3.162238200040537e-05	0.0002616557099452962	0.0008822042697623428	8.959826485444062e-06	1.2098526647744811e-05	0.0004533928157388514	2.2936785446616736e-06	2.8187974755741258e-05	5.025394551431491e-05	0.00115993067559171	0.0006811088386775864	5.509447606836375e-05	0.0017969686254113186	0.06971127639081776	0.00010295319280546487	3.3083037747354845e-05	1.0629355727867031e-08	5.6896594307308294e-05	0.19011076090390933	0.011992151024840235	8.610743963264026e-05	4.423510674168899e-07	0.0006077407714706291	0.00034013449171690165	0.012779474742591971	3.54409914705218e-06	0.00042363664279033183	0.0002442417506979897	0.0001435209868309302	0.0005412554292336806	0.00023519964863834942	0.004267569554273994	0.00025331885659254607	5.6774475477439474e-05	2.7878820252847425e-05	8.995190442630017e-06	0.0019115081244139333	1.956494733666582e-07	0.00016856738632637774	0.21887659255773426	9.596675007822406e-06
MB_G098	0.0006935163467785373	0.008875115284560163	0.004940299135151955	0.06009578492084368	0.0035721547747661043	0.02010408168402531	0.005524345086605299	0.0022900255678674755	0.001078336595636115	0.00031045564928129746	0.000156413957220502	0.003587886515447117	0.0013495125879905894	0.0011364262865874981	0.001160682565759757	0.009440854190656087	0.00014734455291881153	0.004974615383313021	0.040694167150940895	0.009679831738140172	0.00955853689922082	0.0003612992170314884	0.008361302333087952	0.0038218616874585113	0.010604240273336198	0.0031531883540414155	0.010219009830416277	0.01851509040852804	0.03438430120945929	0.000422923084569504	0.00026621773190503914	0.02273908716655804	0.004154650268019491	0.0018320835770520866	0.004615779899911577	0.00016404863783385236	0.000878700269358505	0.00024354659691126608	0.007066705698092131	0.01962399203814419	0.013077075187243542	0.00040261931779975434	0.0013907327685448202	0.01051178519720075	0.011191798943797474	0.025173117056737238	0.0003647188385200997	0.006974996727592026	0.0018431110074937506	0.006924994505401144	0.004756949160713455	0.0026749750981790526	0.00024376013061812516	0.0009011759993638808	0.0004919774075456525	0.0006587401723047162	0.023124080572313008	0.005812255547311596	0.005180099238449389	0.0021866026367420997	5.4200318350936124e-05	0.001623866991529282	0.0005113604295440611	0.0026646236823908726	7.766988286954111e-05	0.012492569744211209	0.0005196611934099491	0.0015025607977554411	0.004111181379404744	0.0009343641435750851	0.003334157986382462	0.001241885354664966	0.22495939461545197	0.0027858124876902596	0.004282916172270676	0.001534421558953587	0.003167315149238009	8.072812156316762e-05	0.002065076348503225	0.02432610554670126	0.0001950801630102251	0.008629677102704243	0.0012092135280904646	0.008129695128107245	0.0005888023712759835	0.002222777541789382	0.0006859103548714271	0.01067959182575552	0.00018034264005336968	0.0022189150863816086	0.0009437358574206253	0.0010911121435522645	0.044492114192951245	0.007022120461396242	0.00014022292322663703	0.02200521772809316	0.0010568331734955244	0.0005968795237071902	0.0009208967595744394	0.009730767606448837	0.0006433014310797988	0.0013358196409810506	0.002652546201335559	0.0014148973113680971	0.0003523414106428994	0.00011006703732935226	0.00172474205318291	0.028607136103571372	0.003513486761312291	0.0016289287669850425	5.721766058372259e-05	0.0040224610628508805	0.006663832914759879	0.0016804969187282763	0.031428216121343916	0.015417549264179263	0.004433322978467963	0.001140019168212515	0.007438707086289477	0.006041151421131784
MB_G099	0.004487580829674936	0.026609016326571894	0.001764895837495036	0.02381480351012646	0.0334091579287889	0.020762059698745308	0.0012908526457490895	0.0009005411855630102	0.0017071559187698624	0.00014888226415818402	0.00023007441271968675	0.007383315803368549	0.001663512193399907	0.0007217104469473666	0.0036221931405863153	0.014887639927118949	0.0010381360493415305	0.003538251143372643	0.00691447954871839	0.021027824674191457	0.027589929357958714	0.0015652428588380004	0.10688279264202043	0.007602761835808614	0.009268656972437983	0.001301796314910658	0.0009461171170985438	0.009289084235231787	0.017483583106203817	0.0033449713685787994	0.002217553735949937	0.01655157386055794	0.006878758379623863	0.0036905463831350682	0.00451662202511256	0.00012813071281687213	0.0005615570597668844	0.00047472955864925	0.010778650706635985	0.010159826964500877	0.00671777375454941	0.0010088246431821026	0.00041396752473484846	0.03549935828238767	0.00431649533426494	0.04517329673273062	0.00032787419336522333	0.0018628306012752024	0.0019689288555695262	0.006138176586745995	0.005117441047818323	0.008249157703857387	0.0016660020697893243	0.0005670551312660523	0.0012036610450192541	0.0021666426324110483	0.006913091566337231	0.002620429126417093	0.001387520948973432	0.0035458075617256163	0.00023652227525577973	0.000504576346238456	0.0020924688336690406	0.00201576002767947	0.0002935930929779172	0.009621219112515511	0.0005741798669571389	0.001212803574584418	0.004433968229064533	0.0012384319443948827	0.0029962841706427353	0.0012663158917655187	0.07513633846857663	0.000533813209081849	0.0007800322328328838	0.0033339687385207073	0.00086593956868467	6.775506712839105e-05	0.0018077767436241623	0.01982896532057796	0.00038527968777107716	0.008713405987333354	0.002198856286617887	0.005696975918507247	0.00042496576654106524	0.010744236419666778	0.000768272778767061	0.022471745465657753	0.0003465254039297845	0.001398240644304468	0.004112381043412247	0.0007721646987321663	0.05001460615752217	0.03595819336604664	0.00115823864101647	0.013383444361492136	0.0024069529321068647	0.0023498918577507825	0.0019708963840765273	0.051605632926982045	0.003095472789490772	0.0010914295449820197	0.0036045302515240124	0.0036598314463268103	0.013117785902952431	0.00027437679465455115	0.0003766902173476048	0.010502290878253412	0.009369046259662868	0.004289178737386056	3.4764028790978215e-05	0.0009262470533841833	0.0010093113016339899	0.0043843777059467785	0.02653496429003455	0.009412095192585443	0.0033234985841005616	0.0010816026340069278	0.0022408693369682497	0.00193071358329623
MB_G100	0.0023785901550464556	0.0048359795562596735	0.015299772428045514	0.018687341925018267	0.007317733584575005	0.01848981465655395	0.016397060955594435	0.00725389255980114	0.0016169328297714872	0.0011578957892164662	0.0005343189908116778	0.0023157130503758364	0.0026124107111558372	0.0037442334307891873	0.006929451933644276	0.0081422659745547	0.0022815662000386277	0.00484121890728338	0.031527241219967216	0.012450001295866589	0.0033206382089996395	0.0033508171070311503	0.002415370507031125	0.012756659954715723	0.01266419573426291	0.005866964070011294	0.0040637404161821605	0.002503574870170646	0.011921561276186037	0.002266761205591666	0.0029088452269364594	0.02516977733419777	0.001209674585559067	0.013443881110262122	0.001055861416946681	0.03468807612822949	0.0027372495163181395	0.00806007001822303	0.0034786666293134347	0.0026833585377735248	0.009773237421953244	0.0011043102189992422	0.010319496947407707	0.01012936932216539	0.008982274046121957	0.01257476914909676	0.005412076549452693	0.001804777581046672	0.0018626921930662015	0.03071415571187273	0.01216758185059572	0.0018499101725822828	0.0041509948336478815	0.0005669992903098393	0.0007272853605711591	0.007215168069887559	0.027008139926143128	0.0037489148847767756	0.003665592296511729	0.0034310613564930725	0.0040446392302023555	0.002754879339824524	0.0025256116284110936	0.0032695214286144773	0.021243230858791092	0.003968792427662861	0.00291144990986397	0.022811703157216305	0.057659131692167846	0.011032050130449585	0.013314513299226631	0.0032096873196996224	0.005264744988504844	0.0006387142570663086	0.0036418689589613213	0.04771961824888391	0.002952988802268112	0.005234709276185428	0.009878007859520513	0.009091044227560439	0.012039518959701182	0.0459742814901302	0.001391766742628826	0.005063400833485152	0.0034413468251638926	0.0012526361210088036	0.0006413407472113253	0.017445987060469185	0.002197290311587002	0.009500314809447713	0.004083283896617666	0.0018955677961239635	0.03445160909362131	0.009585719367528212	0.0018448415821318025	0.0005714941951354394	0.003307104848681874	0.003292458272644134	0.0063419891924668724	0.020352207086878585	0.0006885809500311663	0.006265262786082556	0.013348895654987512	0.009190881274237575	0.005446003685289695	0.0026032126422446105	0.003070297164119191	0.0030152612750539536	0.0010721095796384914	0.006581945006915515	0.008753940553398861	0.0014320469086535608	0.0024373661191481447	0.005837195181785104	0.008838642260336444	0.00911674613527184	0.002104621850750994	0.003376647196870435	0.0034053721793603866	0.002985918131066109
