[qiime-cache-create]
command: conda run -n microbiome-qiime2-2026.4 qiime tools cache-create --cache <WORK_DIR>/qiime-cache
returncode: 0
elapsed_seconds: 5.843
stdout:
Created cache at '<WORK_DIR>/qiime-cache'
stderr:


[conda-package-audit]
command: conda list -n microbiome-qiime2-2026.4 --json
returncode: 0
elapsed_seconds: 6.32
stdout:
[
  {
    "base_url": "https://conda.anaconda.org/conda-forge",
    "build_number": 20,
    "build_string": "20_gnu",
    "channel": "conda-forge",
    "dist_name": "_openmp_mutex-4.5-20_gnu",
    "name": "_openmp_mutex",
    "platform": "linux-64",
    "version": "4.5"
  },
  {
    "base_url": "https://conda.anaconda.org/conda-forge",
    "build_number": 3,
    "build_string": "hd8ed1ab_3",
    "channel": "conda-forge",
    "dist_name": "_python_abi3_support-1.0-hd8ed1ab_3",
    "name": "_python_abi3_support",
    "platform": "noarch",
    "version": "1.0"
  },
  {
    "base_url": "https://conda.anaconda.org/conda-forge",
    "build_number": 1,
    "build_string": "anacondar_1",
    "channel": "conda-forge",
    "dist_name": "_r-mutex-1.0.1-anacondar_1",
    "name": "_r-mutex",
    "platform": "noarch",
    "version": "1.0.1"
  },
  {
    "base_url": "https://conda.anaconda.org/conda-forge",
    "build_number": 0,
    "build_string": "hb03c661_0",
    "channel": "conda-forge",
    "dist_name": "alsa-lib-1.2.15.3-hb03c661_0",
    "name": "alsa-lib",
    "platform": "linux-64",
    "version": "1.2.15.3"
  },
  {
    "base_url": "https://conda.anaconda.org/conda-forge",
    "build_number": 1,
    "build_string": "pyhd8ed1ab_1",
    "channel": "conda-forge",
    "dist_name": "altair-6.0.0-pyhd8ed1ab_1",
    "name": "altair",
    "platform": "noarch",
    "version": "6.0.0"
  },
  {
    "base_url": "https://conda.anaconda.org/conda-forge",
    "build_number": 0,
    "build_string": "pyhcf101f3_0",
    "channel": "conda-forge",
    "dist_name": "annotated-doc-0.0.4-pyhcf101f3_0",
    "name": "annotated-doc",
    "platform": "noarch",
    "version": "0.0.4"
  },
  {
    "base_url": "https://conda.anaconda.org/conda-forge",
    "build_number": 1,
    "build_string": "pyhd8ed1ab_1",
    "channel": "conda-forge",
    "dist_name": "annotated-types-0.7.0-pyhd8ed1ab_1",
    "name": "annotated-types",
    "platform": "noarch",
    "version": "0.7.0"
  },
  {
    "base_url": "https://conda.anaconda.org/conda-forge",
    "build_number": 0,
    "build_string": "pyhcf101f3_0",
    "channel": "conda-forge",
    "dist_name": "anyio-4.13.0-pyhcf101f3_0",
    "name": "anyio",
    "platform": "noarch",
    "version": "4.13.0"
  },
  {
    "base_url": "https://conda.anaconda.org/conda-forge",
    "build_number": 1,
    "build_string": "pyhd8ed1ab_1",
    "channel": "conda-forge",
    "dist_name": "appdirs-1.4.4-pyhd8ed1ab_1",
    "name": "appdirs",
    "platform": "noarch",
    "version": "1.4.4"
  },
  {
    "base_url": "https://conda.anaconda.org/conda-forge",
    "build_number": 0,
    "build_string": "pyhc364b38_0",
    "channel": "conda-forge",
    "dist_name": "array-api-compat-1.14.0-pyhc364b38_0",
    "name": "array-api-compat",
    "platform": "noarch",
    "version": "1.14.0"
  },
  {
    "base_url": "https://conda.anaconda.org/conda-forge",
    "build_number": 0,
    "build_string": "pyhd8ed1ab_0",
    "channel": "conda-forge",
    "dist_name": "asttokens-3.0.1-pyhd8ed1ab_0",
    "name": "asttokens",
    "platform": "noarch",
    "version": "3.0.1"
  },
  {
    "base_url": "https://conda.anaconda.org/conda-forge",
    "build_number": 0,
    "build_string": "pyhd8ed1ab_0",
    "channel": "conda-forge",
    "dist_name": "atpublic-7.0.0-pyhd8ed1ab_0",
    "name": "atpublic",
    "platform": "noarch",
    "version": "7.0.0"
  },
  {
    "base_url": "https://conda.anaconda.org/conda-forge",
    "build_number": 0,
    "build_string": "pyhcf101f3_0",
    "channel": "conda-forge",
    "dist_name": "attrs-26.1.0-pyhcf101f3_0",
    "name": "attrs",
    "platform": "noarch",
    "version": "26.1.0"
  },
  {
    "base_url": "https://conda.anaconda.org/conda-forge",
    "build_number": 0,
    "build_string": "py312h90b7ffd_0",
    "channel": "conda-forge",
    "dist_name": "backports.zstd-1.3.0-py312h90b7ffd_0",
    "name": "backports.zstd",
    "platform": "linux-64",
    "version": "1.3.0"
  },
  {
    "base_url": "https://conda.anaconda.org/conda-forge",
    "build_number": 0,
    "build_string": "pyhd8ed1ab_0",
    "channel": "conda-forge",
    "dist_name": "bibtexparser-1.4.4-pyhd8ed1ab_0",
    "name": "bibtexparser",
    "platform": "noarch",
    "version": "1.4.4"
  },
  {
    "base_url": "https://conda.anaconda.org/conda-forge",
    "build_number": 102,
    "build_string": "default_hfdba357_102",
    "channel": "conda-forge",
    "dist_name": "binutils_impl_linux-64-2.45.1-default_hfdba357_102",
    "name": "binutils_impl_linux-64",
    "platform": "linux-64",
    "version": "2.45.1"
  },
  {
    "base_url": "https://conda.anaconda.org/bioconda",
    "build_number": 0,
    "build_string": "r45hdfd78af_0",
    "channel": "bioconda",
    "dist_name": "bioconductor-ancombc-2.12.0-r45hdfd78af_0",
    "name": "bioconductor-ancombc",
    "platform": "noarch",
    "version": "2.12.0"
  },
  {
    "base_url": "https://conda.anaconda.org/bioconda",
    "build_number": 0,
    "build_string": "r45h01b2380_0",
    "channel": "bioconda",
    "dist_name": "bioconductor-biobase-2.70.0-r45h01b2380_0",
    "name": "bioconductor-biobase",
    "platform": "linux-64",
    "version": "2.70.0"
  },
  {
    "base_url": "https://conda.anaconda.org/bioconda",
    "build_number": 2,
    "build_string": "r45hdfd78af_2",
    "channel": "bioconda",
    "dist_name": "bioconductor-biocgenerics-0.56.0-r45hdfd78af_2",
    "name": "bioconductor-biocgenerics",
    "platform": "noarch",
    "version": "0.56.0"
  },
  {
    "base_url": "https://conda.anaconda.org/bioconda",
    "build_number": 1,
    "build_string": "r45ha27e39d_1",
    "channel": "bioconda",
    "dist_name": "bioconductor-biocparallel-1.44.0-r45ha27e39d_1",
    "name": "bioconductor-biocparallel",
    "platform": "linux-64",
    "version": "1.44.0"
  },
  {
    "base_url": "https://conda.anaconda.org/bioconda",
    "build_number": 0,
    "build_string": "r45hdfd78af_0",
    "channel": "bioconda",
    "dist_name": "bioconductor-biomformat-1.38.0-r45hdfd78af_0",
    "name": "bioconductor-biomformat",
    "platform": "noarch",
    "version": "1.38.0"
  },
  {
    "base_url": "https://conda.anaconda.org/bioconda",
    "build_number": 0,
    "build_string": "r45h01b2380_0",
    "channel": "bioconda",
    "dist_name": "bioconductor-biostrings-2.78.0-r45h01b2380_0",
    "name": "bioconductor-biostrings",
    "platform": "linux-64",
    "version": "2.78.0"
  },
  {
    "base_url": "https://conda.anaconda.org/bioconda",
    "build_number": 0,
    "build_string": "r45h01b2380_0",
    "channel": "bioconda",
    "dist_name": "bioconductor-cigarillo-1.0.0-r45h01b2380_0",
    "name": "bioconductor-cigarillo",
    "platform": "linux-64",
    "version": "1.0.0"
  },
  {
    "base_url": "https://conda.anaconda.org/bioconda",
    "build_number": 0,
    "build_string": "r45ha27e39d_0",
    "channel": "bioconda",
    "dist_name": "bioconductor-dada2-1.38.0-r45ha27e39d_0",
    "name": "bioconductor-dada2",
    "platform": "linux-64",
    "version": "1.38.0"
  },
  {
    "base_url": "https://conda.anaconda.org/bioconda",
    "build_number": 1,
    "build_string": "r45hdfd78af_1",
    "channel": "bioconda",
    "dist_name": "bioconductor-decontam-1.30.0-r45hdfd78af_1",
    "name": "bioconductor-decontam",
    "platform": "noarch",
    "version": "1.30.0"
  },
  {
    "base_url": "https://conda.anaconda.org/bioconda",
    "build_number": 0,
    "build_string": "r45h01b2380_0",
    "channel": "bioconda",
    "dist_name": "bioconductor-delayedarray-0.36.0-r45h01b2380_0",
    "name": "bioconductor-delayedarray",
    "platform": "linux-64",
    "version": "0.36.0"
  },
  {
    "base_url": "https://conda.anaconda.org/bioconda",
    "build_number": 0,
    "build_string": "r45h01b2380_0",
    "channel": "bioconda",
    "dist_name": "bioconductor-genomicalignments-1.46.0-r45h01b2380_0",
    "name": "bioconductor-genomicalignments",
    "platform": "linux-64",
    "version": "1.46.0"
  },
  {
    "base_url": "https://conda.anaconda.org/bioconda",
    "build_number": 0,
    "build_string": "r45h01b2380_0",
    "channel": "bioconda",
    "dist_name": "bioconductor-genomicranges-1.62.1-r45h01b2380_0",
    "name": "bioconductor-genomicranges",
    "platform": "linux-64",
    "version": "1.62.1"
  },
  {
    "base_url": "https://conda.anaconda.org/bioconda",
    "build_number": 1,
    "build_string": "r45h01b2380_1",
    "channel": "bioconda",
    "dist_name": "bioconductor-iranges-2.44.0-r45h01b2380_1",
    "name": "bioconductor-iranges",
    "platform": "linux-64",
    "version": "2.44.0"
  },
  {
    "base_url": "https://conda.anaconda.org/bioconda",
    "build_number": 1,
    "build_string": "r45hdfd78af_1",
    "channel": "bioconda",
    "dist_name": "bioconductor-matrixgenerics-1.22.0-r45hdfd78af_1",
    "name": "bioconductor-matrixgenerics",
    "platform": "noarch",
    "version": "1.22.0"
  },
  {
    "base_url": "https://conda.anaconda.org/bioconda",
    "build_number": 0,
    "build_string": "r45hdfd78af_0",
    "channel": "bioconda",
    "dist_name": "bioconductor-microbiome-1.32.0-r45hdfd78af_0",
    "name": "bioconductor-microbiome",
    "platform": "noarch",
    "version": "1.32.0"
  },
  {
    "base_url": "https://conda.anaconda.org/bioconda",
    "build_number": 0,
    "build_string": "r45h01b2380_0",
    "channel": "bioconda",
    "dist_name": "bioconductor-multtest-2.66.0-r45h01b2380_0",
    "name": "bioconductor-multtest",
    "platform": "linux-64",
    "version": "2.66.0"
  },
  {
    "base_url": "https://conda.anaconda.org/bioconda",
    "build_number": 0,
    "build_string": "r45hdfd78af_0",
    "channel": "bioconda",
    "dist_name": "bioconductor-phyloseq-1.54.0-r45hdfd78af_0",
    "name": "bioconductor-phyloseq",
    "platform": "noarch",
    "version": "1.54.0"
  },
  {
    "base_url": "https://conda.anaconda.org/bioconda",
    "build_number": 1,
    "build_string": "r45h262fe30_1",
    "channel": "bioconda",
    "dist_name": "bioconductor-pwalign-1.6.0-r45h262fe30_1",
    "name": "bioconductor-pwalign",
    "platform": "linux-64",
    "version": "1.6.0"
  },
  {
    "base_url": "https://conda.anaconda.org/bioconda",
    "build_number": 0,
    "build_string": "r45h882589e_0",
    "channel": "bioconda",
    "dist_name": "bioconductor-rhdf5-2.54.1-r45h882589e_0",
    "name": "bioconductor-rhdf5",
    "platform": "linux-64",
    "version": "2.54.1"
  },
  {
    "base_url": "https://conda.anaconda.org/bioconda",
    "build_number": 0,
    "build_string": "r45ha27e39d_0",
    "channel": "bioconda",
    "dist_name": "bioconductor-rhdf5filters-1.22.0-r45ha27e39d_0",
    "name": "bioconductor-rhdf5filters",
    "platform": "linux-64",
    "version": "1.22.0"
  },
  {
    "base_url": "https://conda.anaconda.org/bioconda",
    "build_number": 0,
    "build_string": "r45h01b2380_0",
    "channel": "bioconda",
    "dist_name": "bioconductor-rhdf5lib-1.32.0-r45h01b2380_0",
    "name": "bioconductor-rhdf5lib",
    "platform": "linux-64",
    "version": "1.32.0"
  },
  {
    "base_url": "https://conda.anaconda.org/bioconda",
    "build_number": 0,
    "build_string": "r45h01b2380_0",
    "channel": "bioconda",
    "dist_name": "bioconductor-rhtslib-3.6.0-r45h01b2380_0",
    "name": "bioconductor-rhtslib",
    "platform": "linux-64",
    "version": "3.6.0"
  },
  {
    "base_url": "https://conda.anaconda.org/bioconda",
    "build_number": 0,
    "build_string": "r45ha27e39d_0",
    "channel": "bioconda",
    "dist_name": "bioconductor-rsamtools-2.26.0-r45ha27e39d_0",
    "name": "bioconductor-rsamtools",
    "platform": "linux-64",
    "version": "2.26.0"
  },
  {
    "base_url": "https://conda.anaconda.org/bioconda",
    "build_number": 0,
    "build_string": "r45h01b2380_0",
    "channel": "bioconda",
    "dist_name": "bioconductor-s4arrays-1.10.1-r45h01b2380_0",
    "name": "bioconductor-s4arrays",
    "platform": "linux-64",
    "version": "1.10.1"
  },
  {
    "base_url": "https://conda.anaconda.org/bioconda",
    "build_number": 1,
    "build_string": "r45h01b2380_1",
    "channel": "bioconda",
    "dist_name": "bioconductor-s4vectors-0.48.0-r45h01b2380_1",
    "name": "bioconductor-s4vectors",
    "platform": "linux-64",
    "version": "0.48.0"
  },
  {
    "base_url": "https://conda.anaconda.org/bioconda",
    "build_number": 0,
    "build_string": "r45hdfd78af_0",
    "channel": "bioconda",
    "dist_name": "bioconductor-seqinfo-1.0.0-r45hdfd78af_0",
    "name": "bioconductor-seqinfo",
    "platform": "noarch",
    "version": "1.0.0"
  },
  {
    "base_url": "https://conda.anaconda.org/bioconda",
    "build_number": 0,
    "build_string": "r45ha27e39d_0",
    "channel": "bioconda",
    "dist_name": "bioconductor-shortread-1.68.0-r45ha27e39d_0",
    "name": "bioconductor-shortread",
    "platform": "linux-64",
    "version": "1.68.0"
  },
  {
    "base_url": "https://conda.anaconda.org/bioconda",
    "build_number": 0,
    "build_string": "r45h01b2380_0",
    "channel": "bioconda",
    "dist_name": "bioconductor-sparsearray-1.10.8-r45h01b2380_0",
    "name": "bioconductor-sparsearray",
    "platform": "linux-64",
    "version": "1.10.8"
  },
  {
    "base_url": "https://conda.anaconda.org/bioconda",
    "build_number": 0,
    "build_string": "r45hdfd78af_0",
    "channel": "bioconda",
    "dist_name": "bioconductor-summarizedexperiment-1.40.0-r45hdfd78af_0",
    "name": "bioconductor-summarizedexperiment",
    "platform": "noarch",
    "version": "1.40.0"
  },
  {
    "base_url": "https://conda.anaconda.org/bioconda",
    "build_number": 0,
    "build_string": "r45h01b2380_0",
    "channel": "bioconda",
    "dist_name": "bioconductor-xvector-0.50.0-r45h01b2380_0",
    "name": "bioconductor-xvector",
    "platform": "linux-64",
    "version": "0.50.0"
  },
  {
    "base_url": "https://conda.anaconda.org/conda-forge",
    "build_number": 1,
    "build_string": "py312h5253ce2_1",
    "channel": "conda-forge",
    "dist_name": "biom-format-2.1.17-py312h5253ce2_1",
    "name": "biom-format",
    "platform": "linux-64",
    "version": "2.1.17"
  },
  {
    "base_url": "https://conda.anaconda.org/conda-forge",
    "build_number": 0,
    "build_string": "py312h4c3975b_0",
    "channel": "conda-forge",
    "dist_name": "biopython-1.87-py312h4c3975b_0",
    "name": "biopython",
    "platform": "linux-64",
    "version": "1.87"
  },
  {
    "base_url": "https://conda.anaconda.org/bioconda",
    "build_number": 0,
    "build_string": "h66d330f_0",
    "channel": "bioconda",
    "dist_name": "blast-2.17.0-h66d330f_0",
    "name": "blast",
    "platform": "linux-64",
    "version": "2.17.0"
  },
  {
    "base_url": "https://conda.anaconda.org/bioconda",
    "build_number": 0,
    "build_string": "ha27dd3b_0",
    "channel": "bioconda",
    "dist_name": "bowtie2-2.5.5-ha27dd3b_0",
    "name": "bowtie2",
    "platform": "linux-64",
    "version": "2.5.5"
  },
  {
    "base_url": "https://conda.anaconda.org/conda-forge",
    "build_number": 1,
    "build_string": "hed03a55_1",
    "channel": "conda-forge",
    "dist_name": "brotli-1.2.0-hed03a55_1",
    "name": "brotli",
    "platform": "linux-64",
    "version": "1.2.0"
  },
  {
    "base_url": "https://conda.anaconda.org/conda-forge",
    "build_number": 1,
    "build_string": "hb03c661_1",
    "channel": "conda-forge",
    "dist_name": "brotli-bin-1.2.0-hb03c661_1",
    "name": "brotli-bin",
    "platform": "linux-64",
    "version": "1.2.0"
  },
  {
    "base_url": "https://conda.anaconda.org/conda-forge",
    "build_number": 1,
    "build_string": "py312hdb49522_1",
    "channel": "conda-forge",
    "dist_name": "brotli-python-1.2.0-py312hdb49522_1",
    "name": "brotli-python",
    "platform": "linux-64",
    "version": "1.2.0"
  },
  {
    "base_url": "https://conda.anaconda.org/conda-forge",
    "build_number": 0,
    "build_string": "py312h1289d80_0",
    "channel": "conda-forge",
    "dist_name": "brotlicffi-1.2.0.1-py312h1289d80_0",
    "name": "brotlicffi",
    "platform": "linux-64",
    "version": "1.2.0.1"
  },
  {
    "base_url": "https://conda.anaconda.org/conda-forge",
    "build_number": 1,
    "build_string": "ha770c72_1",
    "channel": "conda-forge",
    "dist_name": "bwidget-1.10.1-ha770c72_1",
    "name": "bwidget",
    "platform": "linux-64",
    "version": "1.10.1"
  },
  {
    "base_url": "https://conda.anaconda.org/conda-forge",
    "build_number": 9,
    "build_string": "hda65f42_9",
    "channel": "conda-forge",
    "dist_name": "bzip2-1.0.8-hda65f42_9",
    "name": "bzip2",
    "platform": "linux-64",
    "version": "1.0.8"
  },
  {
    "base_url": "https://conda.anaconda.org/conda-forge",
    "build_number": 0,
    "build_string": "hb03c661_0",
    "channel": "conda-forge",
    "dist_name": "c-ares-1.34.6-hb03c661_0",
    "name": "c-ares",
    "platform": "linux-64",
    "version": "1.34.6"
  },
  {
    "base_url": "https://conda.anaconda.org/conda-forge",
    "build_number": 0,
    "build_string": "hbd8a1cb_0",
    "channel": "conda-forge",
    "dist_name": "ca-certificates-2026.2.25-hbd8a1cb_0",
    "name": "ca-certificates",
    "platform": "noarch",
    "version": "2026.2.25"
  },
  {
    "base_url": "https://conda.anaconda.org/conda-forge",
    "build_number": 2,
    "build_string": "hd8ed1ab_2",
    "channel": "conda-forge",
    "dist_name": "cached-property-1.5.2-hd8ed1ab_2",
    "name": "cached-property",
    "platform": "noarch",
    "version": "1.5.2"
  },
  {
    "base_url": "https://conda.anaconda.org/conda-forge",
    "build_number": 2,
    "build_string": "pyha770c72_2",
    "channel": "conda-forge",
    "dist_name": "cached_property-1.5.2-pyha770c72_2",
    "name": "cached_property",
    "platform": "noarch",
    "version": "1.5.2"
  },
  {
    "base_url": "https://conda.anaconda.org/conda-forge",
    "build_number": 1,
    "build_string": "he90730b_1",
    "channel": "conda-forge",
    "dist_name": "cairo-1.18.4-he90730b_1",
    "name": "cairo",
    "platform": "linux-64",
    "version": "1.18.4"
  },
  {
    "base_url": "https://conda.anaconda.org/conda-forge",
    "build_number": 0,
    "build_string": "pyhd8ed1ab_0",
    "channel": "conda-forge",
    "dist_name": "certifi-2026.2.25-pyhd8ed1ab_0",
    "name": "certifi",
    "platform": "noarch",
    "version": "2026.2.25"
  },
  {
    "base_url": "https://conda.anaconda.org/conda-forge",
    "build_number": 1,
    "build_string": "py312h460c074_1",
    "channel": "conda-forge",
    "dist_name": "cffi-2.0.0-py312h460c074_1",
    "name": "cffi",
    "platform": "linux-64",
    "version": "2.0.0"
  },
  {
    "base_url": "https://conda.anaconda.org/conda-forge",
    "build_number": 3,
    "build_string": "pyhd8ed1ab_3",
    "channel": "conda-forge",
    "dist_name": "chardet-5.2.0-pyhd8ed1ab_3",
    "name": "chardet",
    "platform": "noarch",
    "version": "5.2.0"
  },
  {
    "base_url": "https://conda.anaconda.org/conda-forge",
    "build_number": 0,
    "build_string": "pyhd8ed1ab_0",
    "channel": "conda-forge",
    "dist_name": "charset-normalizer-3.4.7-pyhd8ed1ab_0",
    "name": "charset-normalizer",
    "platform": "noarch",
    "version": "3.4.7"
  },
  {
    "base_url": "https://conda.anaconda.org/conda-forge",
    "build_number": 0,
    "build_string": "pyh707e725_0",
    "channel": "conda-forge",
    "dist_name": "click-8.1.8-pyh707e725_0",
    "name": "click",
    "platform": "noarch",
    "version": "8.1.8"
  },
  {
    "base_url": "https://conda.anaconda.org/bioconda",
    "build_number": 12,
    "build_string": "h9948957_12",
    "channel": "bioconda",
    "dist_name": "clustalw-2.1-h9948957_12",
    "name": "clustalw",
    "platform": "linux-64",
    "version": "2.1"
  },
  {
    "base_url": "https://conda.anaconda.org/conda-forge",
    "build_number": 1,
    "build_string": "pyhd8ed1ab_1",
    "channel": "conda-forge",
    "dist_name": "colorama-0.4.6-pyhd8ed1ab_1",
    "name": "colorama",
    "platform": "noarch",
    "version": "0.4.6"
  },
  {
    "base_url": "https://conda.anaconda.org/conda-forge",
    "build_number": 0,
    "build_string": "pyhe01879c_0",
    "channel": "conda-forge",
    "dist_name": "comm-0.2.3-pyhe01879c_0",
    "name": "comm",
    "platform": "noarch",
    "version": "0.2.3"
  },
  {
    "base_url": "https://conda.anaconda.org/conda-forge",
    "build_number": 0,
    "build_string": "pyhcf101f3_0",
    "channel": "conda-forge",
    "dist_name": "conda-pack-0.9.1-pyhcf101f3_0",
    "name": "conda-pack",
    "platform": "noarch",
    "version": "0.9.1"
  },
  {
    "base_url": "https://conda.anaconda.org/conda-forge",
    "build_number": 4,
    "build_string": "py312h0a2e395_4",
    "channel": "conda-forge",
    "dist_name": "contourpy-1.3.3-py312h0a2e395_4",
    "name": "contourpy",
    "platform": "linux-64",
    "version": "1.3.3"
  },
  {
    "base_url": "https://conda.anaconda.org/conda-forge",
    "build_number": 0,
    "build_string": "py312hd8ed1ab_0",
    "channel": "conda-forge",
    "dist_name": "cpython-3.12.13-py312hd8ed1ab_0",
    "name": "cpython",
    "platform": "noarch",
    "version": "3.12.13"
  },
  {
    "base_url": "https://conda.anaconda.org/conda-forge",
    "build_number": 0,
    "build_string": "hcf29cc6_0",
    "channel": "conda-forge",
    "dist_name": "curl-8.19.0-hcf29cc6_0",
    "name": "curl",
    "platform": "linux-64",
    "version": "8.19.0"
  },
  {
    "base_url": "https://conda.anaconda.org/bioconda",
    "build_number": 1,
    "build_string": "py312h247cb63_1",
    "channel": "bioconda",
    "dist_name": "cutadapt-5.2-py312h247cb63_1",
    "name": "cutadapt",
    "platform": "linux-64",
    "version": "5.2"
  },
  {
    "base_url": "https://conda.anaconda.org/conda-forge",
    "build_number": 2,
    "build_string": "pyhcf101f3_2",
    "channel": "conda-forge",
    "dist_name": "cycler-0.12.1-pyhcf101f3_2",
    "name": "cycler",
    "platform": "noarch",
    "version": "0.12.1"
  },
  {
    "base_url": "https://conda.anaconda.org/conda-forge",
    "build_number": 1,
    "build_string": "hac629b4_1",
    "channel": "conda-forge",
    "dist_name": "cyrus-sasl-2.1.28-hac629b4_1",
    "name": "cyrus-sasl",
    "platform": "linux-64",
    "version": "2.1.28"
  },
  {
    "base_url": "https://conda.anaconda.org/conda-forge",
    "build_number": 1,
    "build_string": "h24cb091_1",
    "channel": "conda-forge",
    "dist_name": "dbus-1.16.2-h24cb091_1",
    "name": "dbus",
    "platform": "linux-64",
    "version": "1.16.2"
  },
  {
    "base_url": "https://conda.anaconda.org/bioconda",
    "build_number": 0,
    "build_string": "pyhdfd78af_0",
    "channel": "bioconda",
    "dist_name": "deblur-1.1.1-pyhdfd78af_0",
    "name": "deblur",
    "platform": "noarch",
    "version": "1.1.1"
  },
  {
    "base_url": "https://conda.anaconda.org/conda-forge",
    "build_number": 0,
    "build_string": "pyhd8ed1ab_0",
    "channel": "conda-forge",
    "dist_name": "decorator-5.2.1-pyhd8ed1ab_0",
    "name": "decorator",
    "platform": "noarch",
    "version": "5.2.1"
  },
  {
    "base_url": "https://conda.anaconda.org/bioconda",
    "build_number": 1,
    "build_string": "pyhdfd78af_1",
    "channel": "bioconda",
    "dist_name": "dendropy-5.0.8-pyhdfd78af_1",
    "name": "dendropy",
    "platform": "noarch",
    "version": "5.0.8"
  },
  {
    "base_url": "https://conda.anaconda.org/conda-forge",
    "build_number": 0,
    "build_string": "pyhcf101f3_0",
    "channel": "conda-forge",
    "dist_name": "dill-0.4.1-pyhcf101f3_0",
    "name": "dill",
    "platform": "noarch",
    "version": "0.4.1"
  },
  {
    "base_url": "https://conda.anaconda.org/bioconda",
    "build_number": 0,
    "build_string": "py312hf67a6ed_0",
    "channel": "bioconda",
    "dist_name": "dnaio-1.2.2-py312hf67a6ed_0",
    "name": "dnaio",
    "platform": "linux-64",
    "version": "1.2.2"
  },
  {
    "base_url": "https://conda.anaconda.org/conda-forge",
    "build_number": 0,
    "build_string": "pyhcf101f3_0",
    "channel": "conda-forge",
    "dist_name": "dnspython-2.8.0-pyhcf101f3_0",
    "name": "dnspython",
    "platform": "noarch",
    "version": "2.8.0"
  },
  {
    "base_url": "https://conda.anaconda.org/conda-forge",
    "build_number": 0,
    "build_string": "hecca717_0",
    "channel": "conda-forge",
    "dist_name": "double-conversion-3.4.0-hecca717_0",
    "name": "double-conversion",
    "platform": "linux-64",
    "version": "3.4.0"
  },
  {
    "base_url": "https://conda.anaconda.org/conda-forge",
    "build_number": 0,
    "build_string": "py312h26dfbe5_0",
    "channel": "conda-forge",
    "dist_name": "emperor-1.0.5-py312h26dfbe5_0",
    "name": "emperor",
    "platform": "linux-64",
    "version": "1.0.5"
  },
  {
    "base_url": "https://conda.anaconda.org/bioconda",
    "build_number": 0,
    "build_string": "he881be0_0",
    "channel": "bioconda",
    "dist_name": "entrez-direct-24.0-he881be0_0",
    "name": "entrez-direct",
    "platform": "linux-64",
    "version": "24.0"
  },
  {
    "base_url": "https://conda.anaconda.org/bioconda",
    "build_number": 0,
    "build_string": "pyh5e36f6f_0",
    "channel": "bioconda",
    "dist_name": "entrezpy-2.1.3-pyh5e36f6f_0",
    "name": "entrezpy",
    "platform": "noarch",
    "version": "2.1.3"
  },
  {
    "base_url": "https://conda.anaconda.org/conda-forge",
    "build_number": 0,
    "build_string": "pyhd8ed1ab_0",
    "channel": "conda-forge",
    "dist_name": "exceptiongroup-1.3.1-pyhd8ed1ab_0",
    "name": "exceptiongroup",
    "platform": "noarch",
    "version": "1.3.1"
  },
  {
    "base_url": "https://conda.anaconda.org/conda-forge",
    "build_number": 0,
    "build_string": "pyhd8ed1ab_0",
    "channel": "conda-forge",
    "dist_name": "executing-2.2.1-pyhd8ed1ab_0",
    "name": "executing",
    "platform": "noarch",
    "version": "2.2.1"
  },
  {
    "base_url": "https://conda.anaconda.org/conda-forge",
    "build_number": 1,
    "build_string": "np2py312h0f77346_1",
    "channel": "conda-forge",
    "dist_name": "fastcluster-1.3.0-np2py312h0f77346_1",
    "name": "fastcluster",
    "platform": "linux-64",
    "version": "1.3.0"
  },
  {
    "base_url": "https://conda.anaconda.org/bioconda",
    "build_number": 0,
    "build_string": "heae3180_0",
    "channel": "bioconda",
    "dist_name": "fastp-1.0.1-heae3180_0",
    "name": "fastp",
    "platform": "linux-64",
    "version": "1.0.1"
  },
  {
    "base_url": "https://conda.anaconda.org/bioconda",
    "build_number": 1,
    "build_string": "h7b50bb2_1",
    "channel": "bioconda",
    "dist_name": "fasttree-2.2.0-h7b50bb2_1",
    "name": "fasttree",
    "platform": "linux-64",
    "version": "2.2.0"
  },
  {
    "base_url": "https://conda.anaconda.org/conda-forge",
    "build_number": 0,
    "build_string": "pyhd8ed1ab_0",
    "channel": "conda-forge",
    "dist_name": "feedparser-6.0.12-pyhd8ed1ab_0",
    "name": "feedparser",
    "platform": "noarch",
    "version": "6.0.12"
  },
  {
    "base_url": "https://conda.anaconda.org/conda-forge",
    "build_number": 0,
    "build_string": "pyhd8ed1ab_0",
    "channel": "conda-forge",
    "dist_name": "filelock-3.28.0-pyhd8ed1ab_0",
    "name": "filelock",
    "platform": "noarch",
    "version": "3.28.0"
  },
  {
    "base_url": "https://conda.anaconda.org/conda-forge",
    "build_number": 0,
    "build_string": "pyhd8ed1ab_0",
    "channel": "conda-forge",
    "dist_name": "flufl.lock-9.0.0-pyhd8ed1ab_0",
    "name": "flufl.lock",
    "platform": "noarch",
    "version": "9.0.0"
  },
  {
    "base_url": "https://conda.anaconda.org/conda-forge",
    "build_number": 0,
    "build_string": "hab24e00_0",
    "channel": "conda-forge",
    "dist_name": "font-ttf-dejavu-sans-mono-2.37-hab24e00_0",
    "name": "font-ttf-dejavu-sans-mono",
    "platform": "noarch",
    "version": "2.37"
  },
  {
    "base_url": "https://conda.anaconda.org/conda-forge",
    "build_number": 0,
    "build_string": "h77eed37_0",
    "channel": "conda-forge",
    "dist_name": "font-ttf-inconsolata-3.000-h77eed37_0",
    "name": "font-ttf-inconsolata",
    "platform": "noarch",
    "version": "3.000"
  },
  {
    "base_url": "https://conda.anaconda.org/conda-forge",
    "build_number": 0,
    "build_string": "h77eed37_0",
    "channel": "conda-forge",
    "dist_name": "font-ttf-source-code-pro-2.038-h77eed37_0",
    "name": "font-ttf-source-code-pro",
    "platform": "noarch",
    "version": "2.038"
  },
  {
    "base_url": "https://conda.anaconda.org/conda-forge",
    "build_number": 3,
    "build_string": "h77eed37_3",
    "channel": "conda-forge",
    "dist_name": "font-ttf-ubuntu-0.83-h77eed37_3",
    "name": "font-ttf-ubuntu",
    "platform": "noarch",
    "version": "0.83"
  },
  {
    "base_url": "https://conda.anaconda.org/conda-forge",
    "build_number": 0,
    "build_string": "h27c8c51_0",
    "channel": "conda-forge",
    "dist_name": "fontconfig-2.17.1-h27c8c51_0",
    "name": "fontconfig",
    "platform": "linux-64",
    "version": "2.17.1"
  },
  {
    "base_url": "https://conda.anaconda.org/conda-forge",
    "build_number": 0,
    "build_string": "0",
    "channel": "conda-forge",
    "dist_name": "fonts-conda-ecosystem-1-0",
    "name": "fonts-conda-ecosystem",
    "platform": "noarch",
    "version": "1"
  },
  {
    "base_url": "https://conda.anaconda.org/conda-forge",
    "build_number": 1,
    "build_string": "hc364b38_1",
    "channel": "conda-forge",
    "dist_name": "fonts-conda-forge-1-hc364b38_1",
    "name": "fonts-conda-forge",
    "platform": "noarch",
    "version": "1"
  },
  {
    "base_url": "https://conda.anaconda.org/conda-forge",
    "build_number": 0,
    "build_string": "py312h8a5da7c_0",
    "channel": "conda-forge",
    "dist_name": "fonttools-4.62.0-py312h8a5da7c_0",
    "name": "fonttools",
    "platform": "linux-64",
    "version": "4.62.0"
  },
  {
    "base_url": "https://conda.anaconda.org/conda-forge",
    "build_number": 2,
    "build_string": "pyhd8ed1ab_2",
    "channel": "conda-forge",
    "dist_name": "formulaic-1.2.1-pyhd8ed1ab_2",
    "name": "formulaic",
    "platform": "noarch",
    "version": "1.2.1"
  },
  {
    "base_url": "https://conda.anaconda.org/conda-forge",
    "build_number": 0,
    "build_string": "ha770c72_0",
    "channel": "conda-forge",
    "dist_name": "freetype-2.14.3-ha770c72_0",
    "name": "freetype",
    "platform": "linux-64",
    "version": "2.14.3"
  },
  {
    "base_url": "https://conda.anaconda.org/conda-forge",
    "build_number": 0,
    "build_string": "hb03c661_0",
    "channel": "conda-forge",
    "dist_name": "fribidi-1.0.16-hb03c661_0",
    "name": "fribidi",
    "platform": "linux-64",
    "version": "1.0.16"
  },
  {
    "base_url": "https://conda.anaconda.org/conda-forge",
    "build_number": 0,
    "build_string": "pyh1a96a4e_0",
    "channel": "conda-forge",
    "dist_name": "frictionless-5.5.0-pyh1a96a4e_0",
    "name": "frictionless",
    "platform": "noarch",
    "version": "5.5.0"
  },
  {
    "base_url": "https://conda.anaconda.org/conda-forge",
    "build_number": 2,
    "build_string": "pyhd8ed1ab_2",
    "channel": "conda-forge",
    "dist_name": "future-1.0.0-pyhd8ed1ab_2",
    "name": "future",
    "platform": "noarch",
    "version": "1.0.0"
  },
  {
    "base_url": "https://conda.anaconda.org/conda-forge",
    "build_number": 0,
    "build_string": "hcd3d067_0",
    "channel": "conda-forge",
    "dist_name": "gawk-5.3.1-hcd3d067_0",
    "name": "gawk",
    "platform": "linux-64",
    "version": "5.3.1"
  },
  {
    "base_url": "https://conda.anaconda.org/conda-forge",
    "build_number": 19,
    "build_string": "he0086c7_19",
    "channel": "conda-forge",
    "dist_name": "gcc_impl_linux-64-15.2.0-he0086c7_19",
    "name": "gcc_impl_linux-64",
    "platform": "linux-64",
    "version": "15.2.0"
  },
  {
    "base_url": "https://conda.anaconda.org/conda-forge",
    "build_number": 19,
    "build_string": "h281d09f_19",
    "channel": "conda-forge",
    "dist_name": "gfortran_impl_linux-64-15.2.0-h281d09f_19",
    "name": "gfortran_impl_linux-64",
    "platform": "linux-64",
    "version": "15.2.0"
  },
  {
    "base_url": "https://conda.anaconda.org/conda-forge",
    "build_number": 0,
    "build_string": "hd590300_0",
    "channel": "conda-forge",
    "dist_name": "giflib-5.2.2-hd590300_0",
    "name": "giflib",
    "platform": "linux-64",
    "version": "5.2.2"
  },
  {
    "base_url": "https://conda.anaconda.org/conda-forge",
    "build_number": 0,
    "build_string": "h445213a_0",
    "channel": "conda-forge",
    "dist_name": "glpk-5.0-h445213a_0",
    "name": "glpk",
    "platform": "linux-64",
    "version": "5.0"
  },
  {
    "base_url": "https://conda.anaconda.org/conda-forge",
    "build_number": 2,
    "build_string": "hac33072_2",
    "channel": "conda-forge",
    "dist_name": "gmp-6.3.0-hac33072_2",
    "name": "gmp",
    "platform": "linux-64",
    "version": "6.3.0"
  },
  {
    "base_url": "https://conda.anaconda.org/conda-forge",
    "build_number": 2,
    "build_string": "hecca717_2",
    "channel": "conda-forge",
    "dist_name": "graphite2-1.3.14-hecca717_2",
    "name": "graphite2",
    "platform": "linux-64",
    "version": "1.3.14"
  },
  {
    "base_url": "https://conda.anaconda.org/conda-forge",
    "build_number": 0,
    "build_string": "he838d99_0",
    "channel": "conda-forge",
    "dist_name": "gsl-2.7-he838d99_0",
    "name": "gsl",
    "platform": "linux-64",
    "version": "2.7"
  },
  {
    "base_url": "https://conda.anaconda.org/conda-forge",
    "build_number": 19,
    "build_string": "hda75c37_19",
    "channel": "conda-forge",
    "dist_name": "gxx_impl_linux-64-15.2.0-hda75c37_19",
    "name": "gxx_impl_linux-64",
    "platform": "linux-64",
    "version": "15.2.0"
  },
  {
    "base_url": "https://conda.anaconda.org/conda-forge",
    "build_number": 1,
    "build_string": "pyhcf101f3_1",
    "channel": "conda-forge",
    "dist_name": "h11-0.16.0-pyhcf101f3_1",
    "name": "h11",
    "platform": "noarch",
    "version": "0.16.0"
  },
  {
    "base_url": "https://conda.anaconda.org/conda-forge",
    "build_number": 0,
    "build_string": "pyhcf101f3_0",
    "channel": "conda-forge",
    "dist_name": "h2-4.3.0-pyhcf101f3_0",
    "name": "h2",
    "platform": "noarch",
    "version": "4.3.0"
  },
  {
    "base_url": "https://conda.anaconda.org/conda-forge",
    "build_number": 101,
    "build_string": "nompi_py312ha4f8f14_101",
    "channel": "conda-forge",
    "dist_name": "h5py-3.15.1-nompi_py312ha4f8f14_101",
    "name": "h5py",
    "platform": "linux-64",
    "version": "3.15.1"
  },
  {
    "base_url": "https://conda.anaconda.org/conda-forge",
    "build_number": 0,
    "build_string": "h6083320_0",
    "channel": "conda-forge",
    "dist_name": "harfbuzz-14.1.0-h6083320_0",
    "name": "harfbuzz",
    "platform": "linux-64",
    "version": "14.1.0"
  },
  {
    "base_url": "https://conda.anaconda.org/conda-forge",
    "build_number": 108,
    "build_string": "nompi_h19486de_108",
    "channel": "conda-forge",
    "dist_name": "hdf5-1.14.6-nompi_h19486de_108",
    "name": "hdf5",
    "platform": "linux-64",
    "version": "1.14.6"
  },
  {
    "base_url": "https://conda.anaconda.org/conda-forge",
    "build_number": 6,
    "build_string": "py312h085067d_6",
    "channel": "conda-forge",
    "dist_name": "hdmedians-0.14.2-py312h085067d_6",
    "name": "hdmedians",
    "platform": "linux-64",
    "version": "0.14.2"
  },
  {
    "base_url": "https://conda.anaconda.org/bioconda",
    "build_number": 4,
    "build_string": "hb6cb901_4",
    "channel": "bioconda",
    "dist_name": "hmmer-3.4-hb6cb901_4",
    "name": "hmmer",
    "platform": "linux-64",
    "version": "3.4"
  },
  {
    "base_url": "https://conda.anaconda.org/conda-forge",
    "build_number": 0,
    "build_string": "pyhd8ed1ab_0",
    "channel": "conda-forge",
    "dist_name": "hpack-4.1.0-pyhd8ed1ab_0",
    "name": "hpack",
    "platform": "noarch",
    "version": "4.1.0"
  },
  {
    "base_url": "https://conda.anaconda.org/bioconda",
    "build_number": 0,
    "build_string": "h633afcb_0",
    "channel": "bioconda",
    "dist_name": "htslib-1.23.1-h633afcb_0",
    "name": "htslib",
    "platform": "linux-64",
    "version": "1.23.1"
  },
  {
    "base_url": "https://conda.anaconda.org/conda-forge",
    "build_number": 0,
    "build_string": "pyh29332c3_0",
    "channel": "conda-forge",
    "dist_name": "httpcore-1.0.9-pyh29332c3_0",
    "name": "httpcore",
    "platform": "noarch",
    "version": "1.0.9"
  },
  {
    "base_url": "https://conda.anaconda.org/conda-forge",
    "build_number": 0,
    "build_string": "pyhd8ed1ab_0",
    "channel": "conda-forge",
    "dist_name": "httpx-0.28.1-pyhd8ed1ab_0",
    "name": "httpx",
    "platform": "noarch",
    "version": "0.28.1"
  },
  {
    "base_url": "https://conda.anaconda.org/conda-forge",
    "build_number": 0,
    "build_string": "pyhd8ed1ab_0",
    "channel": "conda-forge",
    "dist_name": "humanize-4.15.0-pyhd8ed1ab_0",
    "name": "humanize",
    "platform": "noarch",
    "version": "4.15.0"
  },
  {
    "base_url": "https://conda.anaconda.org/conda-forge",
    "build_number": 0,
    "build_string": "pyhd8ed1ab_0",
    "channel": "conda-forge",
    "dist_name": "hyperframe-6.1.0-pyhd8ed1ab_0",
    "name": "hyperframe",
    "platform": "noarch",
    "version": "6.1.0"
  },
  {
    "base_url": "https://conda.anaconda.org/conda-forge",
    "build_number": 0,
    "build_string": "h33c6efd_0",
    "channel": "conda-forge",
    "dist_name": "icu-78.3-h33c6efd_0",
    "name": "icu",
    "platform": "linux-64",
    "version": "78.3"
  },
  {
    "base_url": "https://conda.anaconda.org/conda-forge",
    "build_number": 1,
    "build_string": "pyhf9edf01_1",
    "channel": "conda-forge",
    "dist_name": "idna-3.11-pyhf9edf01_1",
    "name": "idna",
    "platform": "noarch",
    "version": "3.11"
  },
  {
    "base_url": "https://conda.anaconda.org/conda-forge",
    "build_number": 0,
    "build_string": "pyhd8ed1ab_0",
    "channel": "conda-forge",
    "dist_name": "ijson-3.5.0-pyhd8ed1ab_0",
    "name": "ijson",
    "platform": "noarch",
    "version": "3.5.0"
  },
  {
    "base_url": "https://conda.anaconda.org/conda-forge",
    "build_number": 0,
    "build_string": "pyhcf101f3_0",
    "channel": "conda-forge",
    "dist_name": "importlib-metadata-8.8.0-pyhcf101f3_0",
    "name": "importlib-metadata",
    "platform": "noarch",
    "version": "8.8.0"
  },
  {
    "base_url": "https://conda.anaconda.org/conda-forge",
    "build_number": 0,
    "build_string": "h8f7a5dd_0",
    "channel": "conda-forge",
    "dist_name": "importlib_metadata-8.8.0-h8f7a5dd_0",
    "name": "importlib_metadata",
    "platform": "noarch",
    "version": "8.8.0"
  },
  {
    "base_url": "https://conda.anaconda.org/conda-forge",
    "build_number": 2,
    "build_string": "py312h4c3975b_2",
    "channel": "conda-forge",
    "dist_name": "inflate64-1.0.4-py312h4c3975b_2",
    "name": "inflate64",
    "platform": "linux-64",
    "version": "1.0.4"
  },
  {
    "base_url": "https://conda.anaconda.org/conda-forge",
    "build_number": 0,
    "build_string": "pyhd8ed1ab_0",
    "channel": "conda-forge",
    "dist_name": "iniconfig-2.3.0-pyhd8ed1ab_0",
    "name": "iniconfig",
    "platform": "noarch",
    "version": "2.3.0"
  },
  {
    "base_url": "https://conda.anaconda.org/conda-forge",
    "build_number": 1,
    "build_string": "pyhd8ed1ab_1",
    "channel": "conda-forge",
    "dist_name": "interface_meta-1.3.0-pyhd8ed1ab_1",
    "name": "interface_meta",
    "platform": "noarch",
    "version": "1.3.0"
  },
  {
    "base_url": "https://conda.anaconda.org/bioconda",
    "build_number": 1,
    "build_string": "py312h0fa9677_1",
    "channel": "bioconda",
    "dist_name": "iow-1.0.8-py312h0fa9677_1",
    "name": "iow",
    "platform": "linux-64",
    "version": "1.0.8"
  },
  {
    "base_url": "https://conda.anaconda.org/conda-forge",
    "build_number": 0,
    "build_string": "pyhecfbec7_0",
    "channel": "conda-forge",
    "dist_name": "ipython-9.12.0-pyhecfbec7_0",
    "name": "ipython",
    "platform": "noarch",
    "version": "9.12.0"
  },
  {
    "base_url": "https://conda.anaconda.org/conda-forge",
    "build_number": 0,
    "build_string": "pyhd8ed1ab_0",
    "channel": "conda-forge",
    "dist_name": "ipython_pygments_lexers-1.1.1-pyhd8ed1ab_0",
    "name": "ipython_pygments_lexers",
    "platform": "noarch",
    "version": "1.1.1"
  },
  {
    "base_url": "https://conda.anaconda.org/conda-forge",
    "build_number": 0,
    "build_string": "pyhd8ed1ab_0",
    "channel": "conda-forge",
    "dist_name": "ipywidgets-8.1.8-pyhd8ed1ab_0",
    "name": "ipywidgets",
    "platform": "noarch",
    "version": "8.1.8"
  },
  {
    "base_url": "https://conda.anaconda.org/bioconda",
    "build_number": 1,
    "build_string": "hde5307d_1",
    "channel": "bioconda",
    "dist_name": "iqtree-3.1.1-hde5307d_1",
    "name": "iqtree",
    "platform": "linux-64",
    "version": "3.1.1"
  },
  {
    "base_url": "https://conda.anaconda.org/conda-forge",
    "build_number": 1,
    "build_string": "hb9d3cd8_1",
    "channel": "conda-forge",
    "dist_name": "isa-l-2.31.1-hb9d3cd8_1",
    "name": "isa-l",
    "platform": "linux-64",
    "version": "2.31.1"
  },
  {
    "base_url": "https://conda.anaconda.org/conda-forge",
    "build_number": 1,
    "build_string": "pyhd8ed1ab_1",
    "channel": "conda-forge",
    "dist_name": "isodate-0.7.2-pyhd8ed1ab_1",
    "name": "isodate",
    "platform": "noarch",
    "version": "0.7.2"
  },
  {
    "base_url": "https://conda.anaconda.org/bioconda",
    "build_number": 0,
    "build_string": "pyhdfd78af_0",
    "channel": "bioconda",
    "dist_name": "itsxpress-2.1.4-pyhdfd78af_0",
    "name": "itsxpress",
    "platform": "noarch",
    "version": "2.1.4"
  },
  {
    "base_url": "https://conda.anaconda.org/conda-forge",
    "build_number": 1,
    "build_string": "pyhd8ed1ab_1",
    "channel": "conda-forge",
    "dist_name": "jedi-0.19.2-pyhd8ed1ab_1",
    "name": "jedi",
    "platform": "noarch",
    "version": "0.19.2"
  },
  {
    "base_url": "https://conda.anaconda.org/conda-forge",
    "build_number": 1,
    "build_string": "pyhcf101f3_1",
    "channel": "conda-forge",
    "dist_name": "jinja2-3.1.6-pyhcf101f3_1",
    "name": "jinja2",
    "platform": "noarch",
    "version": "3.1.6"
  },
  {
    "base_url": "https://conda.anaconda.org/conda-forge",
    "build_number": 0,
    "build_string": "pyhd8ed1ab_0",
    "channel": "conda-forge",
    "dist_name": "joblib-1.5.3-pyhd8ed1ab_0",
    "name": "joblib",
    "platform": "noarch",
    "version": "1.5.3"
  },
  {
    "base_url": "https://conda.anaconda.org/conda-forge",
    "build_number": 0,
    "build_string": "pyhcf101f3_0",
    "channel": "conda-forge",
    "dist_name": "jsonschema-4.26.0-pyhcf101f3_0",
    "name": "jsonschema",
    "platform": "noarch",
    "version": "4.26.0"
  },
  {
    "base_url": "https://conda.anaconda.org/conda-forge",
    "build_number": 0,
    "build_string": "pyhcf101f3_0",
    "channel": "conda-forge",
    "dist_name": "jsonschema-specifications-2025.9.1-pyhcf101f3_0",
    "name": "jsonschema-specifications",
    "platform": "noarch",
    "version": "2025.9.1"
  },
  {
    "base_url": "https://conda.anaconda.org/conda-forge",
    "build_number": 1,
    "build_string": "pyhcf101f3_1",
    "channel": "conda-forge",
    "dist_name": "jupyterlab_widgets-3.0.16-pyhcf101f3_1",
    "name": "jupyterlab_widgets",
    "platform": "noarch",
    "version": "3.0.16"
  },
  {
    "base_url": "https://conda.anaconda.org/conda-forge",
    "build_number": 9,
    "build_string": "he073ed8_9",
    "channel": "conda-forge",
    "dist_name": "kernel-headers_linux-64-4.18.0-he073ed8_9",
    "name": "kernel-headers_linux-64",
    "platform": "noarch",
    "version": "4.18.0"
  },
  {
    "base_url": "https://conda.anaconda.org/conda-forge",
    "build_number": 0,
    "build_string": "hb9d3cd8_0",
    "channel": "conda-forge",
    "dist_name": "keyutils-1.6.3-hb9d3cd8_0",
    "name": "keyutils",
    "platform": "linux-64",
    "version": "1.6.3"
  },
  {
    "base_url": "https://conda.anaconda.org/conda-forge",
    "build_number": 0,
    "build_string": "py312h0a2e395_0",
    "channel": "conda-forge",
    "dist_name": "kiwisolver-1.5.0-py312h0a2e395_0",
    "name": "kiwisolver",
    "platform": "linux-64",
    "version": "1.5.0"
  },
  {
    "base_url": "https://conda.anaconda.org/conda-forge",
    "build_number": 1,
    "build_string": "hbde042b_1",
    "channel": "conda-forge",
    "dist_name": "krb5-1.22.2-hbde042b_1",
    "name": "krb5",
    "platform": "linux-64",
    "version": "1.22.2"
  },
  {
    "base_url": "https://conda.anaconda.org/conda-forge",
    "build_number": 0,
    "build_string": "h0c24ade_0",
    "channel": "conda-forge",
    "dist_name": "lcms2-2.18-h0c24ade_0",
    "name": "lcms2",
    "platform": "linux-64",
    "version": "2.18"
  },
  {
    "base_url": "https://conda.anaconda.org/conda-forge",
    "build_number": 102,
    "build_string": "default_hbd61a6d_102",
    "channel": "conda-forge",
    "dist_name": "ld_impl_linux-64-2.45.1-default_hbd61a6d_102",
    "name": "ld_impl_linux-64",
    "platform": "linux-64",
    "version": "2.45.1"
  },
  {
    "base_url": "https://conda.anaconda.org/conda-forge",
    "build_number": 0,
    "build_string": "hdb68285_0",
    "channel": "conda-forge",
    "dist_name": "lerc-4.1.0-hdb68285_0",
    "name": "lerc",
    "platform": "linux-64",
    "version": "4.1.0"
  },
  {
    "base_url": "https://conda.anaconda.org/conda-forge",
    "build_number": 0,
    "build_string": "h088129d_0",
    "channel": "conda-forge",
    "dist_name": "libaec-1.1.5-h088129d_0",
    "name": "libaec",
    "platform": "linux-64",
    "version": "1.1.5"
  },
  {
    "base_url": "https://conda.anaconda.org/conda-forge",
    "build_number": 1,
    "build_string": "h3f43e3d_1",
    "channel": "conda-forge",
    "dist_name": "libasprintf-0.25.1-h3f43e3d_1",
    "name": "libasprintf",
    "platform": "linux-64",
    "version": "0.25.1"
  },
  {
    "base_url": "https://conda.anaconda.org/conda-forge",
    "build_number": 6,
    "build_string": "6_h4a7cf45_openblas",
    "channel": "conda-forge",
    "dist_name": "libblas-3.11.0-6_h4a7cf45_openblas",
    "name": "libblas",
    "platform": "linux-64",
    "version": "3.11.0"
  },
  {
    "base_url": "https://conda.anaconda.org/conda-forge",
    "build_number": 1,
    "build_string": "hb03c661_1",
    "channel": "conda-forge",
    "dist_name": "libbrotlicommon-1.2.0-hb03c661_1",
    "name": "libbrotlicommon",
    "platform": "linux-64",
    "version": "1.2.0"
  },
  {
    "base_url": "https://conda.anaconda.org/conda-forge",
    "build_number": 1,
    "build_string": "hb03c661_1",
    "channel": "conda-forge",
    "dist_name": "libbrotlidec-1.2.0-hb03c661_1",
    "name": "libbrotlidec",
    "platform": "linux-64",
    "version": "1.2.0"
  },
  {
    "base_url": "https://conda.anaconda.org/conda-forge",
    "build_number": 1,
    "build_string": "hb03c661_1",
    "channel": "conda-forge",
    "dist_name": "libbrotlienc-1.2.0-hb03c661_1",
    "name": "libbrotlienc",
    "platform": "linux-64",
    "version": "1.2.0"
  },
  {
    "base_url": "https://conda.anaconda.org/conda-forge",
    "build_number": 6,
    "build_string": "6_h0358290_openblas",
    "channel": "conda-forge",
    "dist_name": "libcblas-3.11.0-6_h0358290_openblas",
    "name": "libcblas",
    "platform": "linux-64",
    "version": "3.11.0"
  },
  {
    "base_url": "https://conda.anaconda.org/conda-forge",
    "build_number": 1,
    "build_string": "default_h746c552_1",
    "channel": "conda-forge",
    "dist_name": "libclang13-22.1.3-default_h746c552_1",
    "name": "libclang13",
    "platform": "linux-64",
    "version": "22.1.3"
  },
  {
    "base_url": "https://conda.anaconda.org/conda-forge",
    "build_number": 6,
    "build_string": "h7a8fb5f_6",
    "channel": "conda-forge",
    "dist_name": "libcups-2.3.3-h7a8fb5f_6",
    "name": "libcups",
    "platform": "linux-64",
    "version": "2.3.3"
  },
  {
    "base_url": "https://conda.anaconda.org/conda-forge",
    "build_number": 0,
    "build_string": "hcf29cc6_0",
    "channel": "conda-forge",
    "dist_name": "libcurl-8.19.0-hcf29cc6_0",
    "name": "libcurl",
    "platform": "linux-64",
    "version": "8.19.0"
  },
  {
    "base_url": "https://conda.anaconda.org/conda-forge",
    "build_number": 0,
    "build_string": "h17f619e_0",
    "channel": "conda-forge",
    "dist_name": "libdeflate-1.25-h17f619e_0",
    "name": "libdeflate",
    "platform": "linux-64",
    "version": "1.25"
  },
  {
    "base_url": "https://conda.anaconda.org/conda-forge",
    "build_number": 1,
    "build_string": "hb03c661_1",
    "channel": "conda-forge",
    "dist_name": "libdrm-2.4.125-hb03c661_1",
    "name": "libdrm",
    "platform": "linux-64",
    "version": "2.4.125"
  },
  {
    "base_url": "https://conda.anaconda.org/conda-forge",
    "build_number": 0,
    "build_string": "pl5321h7949ede_0",
    "channel": "conda-forge",
    "dist_name": "libedit-3.1.20250104-pl5321h7949ede_0",
    "name": "libedit",
    "platform": "linux-64",
    "version": "3.1.20250104"
  },
  {
    "base_url": "https://conda.anaconda.org/conda-forge",
    "build_number": 3,
    "build_string": "ha4b6fd6_3",
    "channel": "conda-forge",
    "dist_name": "libegl-1.7.0-ha4b6fd6_3",
    "name": "libegl",
    "platform": "linux-64",
    "version": "1.7.0"
  },
  {
    "base_url": "https://conda.anaconda.org/conda-forge",
    "build_number": 3,
    "build_string": "ha4b6fd6_3",
    "channel": "conda-forge",
    "dist_name": "libegl-devel-1.7.0-ha4b6fd6_3",
    "name": "libegl-devel",
    "platform": "linux-64",
    "version": "1.7.0"
  },
  {
    "base_url": "https://conda.anaconda.org/conda-forge",
    "build_number": 2,
    "build_string": "hd590300_2",
    "channel": "conda-forge",
    "dist_name": "libev-4.33-hd590300_2",
    "name": "libev",
    "platform": "linux-64",
    "version": "4.33"
  },
  {
    "base_url": "https://conda.anaconda.org/conda-forge",
    "build_number": 0,
    "build_string": "hecca717_0",
    "channel": "conda-forge",
    "dist_name": "libexpat-2.7.5-hecca717_0",
    "name": "libexpat",
    "platform": "linux-64",
    "version": "2.7.5"
  },
  {
    "base_url": "https://conda.anaconda.org/conda-forge",
    "build_number": 0,
    "build_string": "h3435931_0",
    "channel": "conda-forge",
    "dist_name": "libffi-3.5.2-h3435931_0",
    "name": "libffi",
    "platform": "linux-64",
    "version": "3.5.2"
  },
  {
    "base_url": "https://conda.anaconda.org/conda-forge",
    "build_number": 0,
    "build_string": "ha770c72_0",
    "channel": "conda-forge",
    "dist_name": "libfreetype-2.14.3-ha770c72_0",
    "name": "libfreetype",
    "platform": "linux-64",
    "version": "2.14.3"
  },
  {
    "base_url": "https://conda.anaconda.org/conda-forge",
    "build_number": 0,
    "build_string": "h73754d4_0",
    "channel": "conda-forge",
    "dist_name": "libfreetype6-2.14.3-h73754d4_0",
    "name": "libfreetype6",
    "platform": "linux-64",
    "version": "2.14.3"
  },
  {
    "base_url": "https://conda.anaconda.org/conda-forge",
    "build_number": 19,
    "build_string": "he0feb66_19",
    "channel": "conda-forge",
    "dist_name": "libgcc-15.2.0-he0feb66_19",
    "name": "libgcc",
    "platform": "linux-64",
    "version": "15.2.0"
  },
  {
    "base_url": "https://conda.anaconda.org/conda-forge",
    "build_number": 119,
    "build_string": "hcc6f6b0_119",
    "channel": "conda-forge",
    "dist_name": "libgcc-devel_linux-64-15.2.0-hcc6f6b0_119",
    "name": "libgcc-devel_linux-64",
    "platform": "noarch",
    "version": "15.2.0"
  },
  {
    "base_url": "https://conda.anaconda.org/conda-forge",
    "build_number": 19,
    "build_string": "h69a702a_19",
    "channel": "conda-forge",
    "dist_name": "libgcc-ng-15.2.0-h69a702a_19",
    "name": "libgcc-ng",
    "platform": "linux-64",
    "version": "15.2.0"
  },
  {
    "base_url": "https://conda.anaconda.org/conda-forge",
    "build_number": 1,
    "build_string": "h3f43e3d_1",
    "channel": "conda-forge",
    "dist_name": "libgettextpo-0.25.1-h3f43e3d_1",
    "name": "libgettextpo",
    "platform": "linux-64",
    "version": "0.25.1"
  },
  {
    "base_url": "https://conda.anaconda.org/conda-forge",
    "build_number": 19,
    "build_string": "h69a702a_19",
    "channel": "conda-forge",
    "dist_name": "libgfortran-15.2.0-h69a702a_19",
    "name": "libgfortran",
    "platform": "linux-64",
    "version": "15.2.0"
  },
  {
    "base_url": "https://conda.anaconda.org/conda-forge",
    "build_number": 19,
    "build_string": "h69a702a_19",
    "channel": "conda-forge",
    "dist_name": "libgfortran-ng-15.2.0-h69a702a_19",
    "name": "libgfortran-ng",
    "platform": "linux-64",
    "version": "15.2.0"
  },
  {
    "base_url": "https://conda.anaconda.org/conda-forge",
    "build_number": 19,
    "build_string": "h68bc16d_19",
    "channel": "conda-forge",
    "dist_name": "libgfortran5-15.2.0-h68bc16d_19",
    "name": "libgfortran5",
    "platform": "linux-64",
    "version": "15.2.0"
  },
  {
    "base_url": "https://conda.anaconda.org/conda-forge",
    "build_number": 3,
    "build_string": "ha4b6fd6_3",
    "channel": "conda-forge",
    "dist_name": "libgl-1.7.0-ha4b6fd6_3",
    "name": "libgl",
    "platform": "linux-64",
    "version": "1.7.0"
  },
  {
    "base_url": "https://conda.anaconda.org/conda-forge",
    "build_number": 3,
    "build_string": "ha4b6fd6_3",
    "channel": "conda-forge",
    "dist_name": "libgl-devel-1.7.0-ha4b6fd6_3",
    "name": "libgl-devel",
    "platform": "linux-64",
    "version": "1.7.0"
  },
  {
    "base_url": "https://conda.anaconda.org/conda-forge",
    "build_number": 1,
    "build_string": "h6548e54_1",
    "channel": "conda-forge",
    "dist_name": "libglib-2.86.4-h6548e54_1",
    "name": "libglib",
    "platform": "linux-64",
    "version": "2.86.4"
  },
  {
    "base_url": "https://conda.anaconda.org/conda-forge",
    "build_number": 3,
    "build_string": "ha4b6fd6_3",
    "channel": "conda-forge",
    "dist_name": "libglvnd-1.7.0-ha4b6fd6_3",
    "name": "libglvnd",
    "platform": "linux-64",
    "version": "1.7.0"
  },
  {
    "base_url": "https://conda.anaconda.org/conda-forge",
    "build_number": 3,
    "build_string": "ha4b6fd6_3",
    "channel": "conda-forge",
    "dist_name": "libglx-1.7.0-ha4b6fd6_3",
    "name": "libglx",
    "platform": "linux-64",
    "version": "1.7.0"
  },
  {
    "base_url": "https://conda.anaconda.org/conda-forge",
    "build_number": 3,
    "build_string": "ha4b6fd6_3",
    "channel": "conda-forge",
    "dist_name": "libglx-devel-1.7.0-ha4b6fd6_3",
    "name": "libglx-devel",
    "platform": "linux-64",
    "version": "1.7.0"
  },
  {
    "base_url": "https://conda.anaconda.org/conda-forge",
    "build_number": 19,
    "build_string": "he0feb66_19",
    "channel": "conda-forge",
    "dist_name": "libgomp-15.2.0-he0feb66_19",
    "name": "libgomp",
    "platform": "linux-64",
    "version": "15.2.0"
  },
  {
    "base_url": "https://conda.anaconda.org/conda-forge",
    "build_number": 1000,
    "build_string": "default_hafda6a7_1000",
    "channel": "conda-forge",
    "dist_name": "libhwloc-2.12.2-default_hafda6a7_1000",
    "name": "libhwloc",
    "platform": "linux-64",
    "version": "2.12.2"
  },
  {
    "base_url": "https://conda.anaconda.org/conda-forge",
    "build_number": 2,
    "build_string": "h3b78370_2",
    "channel": "conda-forge",
    "dist_name": "libiconv-1.18-h3b78370_2",
    "name": "libiconv",
    "platform": "linux-64",
    "version": "1.18"
  },
  {
    "base_url": "https://conda.anaconda.org/conda-forge",
    "build_number": 1,
    "build_string": "hfac485b_1",
    "channel": "conda-forge",
    "dist_name": "libidn2-2.3.8-hfac485b_1",
    "name": "libidn2",
    "platform": "linux-64",
    "version": "2.3.8"
  },
  {
    "base_url": "https://conda.anaconda.org/conda-forge",
    "build_number": 0,
    "build_string": "hb03c661_0",
    "channel": "conda-forge",
    "dist_name": "libjpeg-turbo-3.1.4.1-hb03c661_0",
    "name": "libjpeg-turbo",
    "platform": "linux-64",
    "version": "3.1.4.1"
  },
  {
    "base_url": "https://conda.anaconda.org/conda-forge",
    "build_number": 6,
    "build_string": "6_h47877c9_openblas",
    "channel": "conda-forge",
    "dist_name": "liblapack-3.11.0-6_h47877c9_openblas",
    "name": "liblapack",
    "platform": "linux-64",
    "version": "3.11.0"
  },
  {
    "base_url": "https://conda.anaconda.org/conda-forge",
    "build_number": 6,
    "build_string": "6_h6ae95b6_openblas",
    "channel": "conda-forge",
    "dist_name": "liblapacke-3.11.0-6_h6ae95b6_openblas",
    "name": "liblapacke",
    "platform": "linux-64",
    "version": "3.11.0"
  },
  {
    "base_url": "https://conda.anaconda.org/conda-forge",
    "build_number": 0,
    "build_string": "hf7376ad_0",
    "channel": "conda-forge",
    "dist_name": "libllvm22-22.1.3-hf7376ad_0",
    "name": "libllvm22",
    "platform": "linux-64",
    "version": "22.1.3"
  },
  {
    "base_url": "https://conda.anaconda.org/conda-forge",
    "build_number": 0,
    "build_string": "hb03c661_0",
    "channel": "conda-forge",
    "dist_name": "liblzma-5.8.3-hb03c661_0",
    "name": "liblzma",
    "platform": "linux-64",
    "version": "5.8.3"
  },
  {
    "base_url": "https://conda.anaconda.org/conda-forge",
    "build_number": 0,
    "build_string": "h877daf1_0",
    "channel": "conda-forge",
    "dist_name": "libnghttp2-1.68.1-h877daf1_0",
    "name": "libnghttp2",
    "platform": "linux-64",
    "version": "1.68.1"
  },
  {
    "base_url": "https://conda.anaconda.org/conda-forge",
    "build_number": 1,
    "build_string": "hb9d3cd8_1",
    "channel": "conda-forge",
    "dist_name": "libnsl-2.0.1-hb9d3cd8_1",
    "name": "libnsl",
    "platform": "linux-64",
    "version": "2.0.1"
  },
  {
    "base_url": "https://conda.anaconda.org/conda-forge",
    "build_number": 0,
    "build_string": "hb9d3cd8_0",
    "channel": "conda-forge",
    "dist_name": "libntlm-1.8-hb9d3cd8_0",
    "name": "libntlm",
    "platform": "linux-64",
    "version": "1.8"
  },
  {
    "base_url": "https://conda.anaconda.org/conda-forge",
    "build_number": 0,
    "build_string": "pthreads_h94d23a6_0",
    "channel": "conda-forge",
    "dist_name": "libopenblas-0.3.32-pthreads_h94d23a6_0",
    "name": "libopenblas",
    "platform": "linux-64",
    "version": "0.3.32"
  },
  {
    "base_url": "https://conda.anaconda.org/conda-forge",
    "build_number": 3,
    "build_string": "ha4b6fd6_3",
    "channel": "conda-forge",
    "dist_name": "libopengl-1.7.0-ha4b6fd6_3",
    "name": "libopengl",
    "platform": "linux-64",
    "version": "1.7.0"
  },
  {
    "base_url": "https://conda.anaconda.org/conda-forge",
    "build_number": 0,
    "build_string": "hb9d3cd8_0",
    "channel": "conda-forge",
    "dist_name": "libpciaccess-0.18-hb9d3cd8_0",
    "name": "libpciaccess",
    "platform": "linux-64",
    "version": "0.18"
  },
  {
    "base_url": "https://conda.anaconda.org/conda-forge",
    "build_number": 0,
    "build_string": "h421ea60_0",
    "channel": "conda-forge",
    "dist_name": "libpng-1.6.58-h421ea60_0",
    "name": "libpng",
    "platform": "linux-64",
    "version": "1.6.58"
  },
  {
    "base_url": "https://conda.anaconda.org/conda-forge",
    "build_number": 0,
    "build_string": "h9abb657_0",
    "channel": "conda-forge",
    "dist_name": "libpq-18.3-h9abb657_0",
    "name": "libpq",
    "platform": "linux-64",
    "version": "18.3"
  },
  {
    "base_url": "https://conda.anaconda.org/conda-forge",
    "build_number": 19,
    "build_string": "h90f66d4_19",
    "channel": "conda-forge",
    "dist_name": "libsanitizer-15.2.0-h90f66d4_19",
    "name": "libsanitizer",
    "platform": "linux-64",
    "version": "15.2.0"
  },
  {
    "base_url": "https://conda.anaconda.org/conda-forge",
    "build_number": 3,
    "build_string": "h280c20c_3",
    "channel": "conda-forge",
    "dist_name": "libsodium-1.0.21-h280c20c_3",
    "name": "libsodium",
    "platform": "linux-64",
    "version": "1.0.21"
  },
  {
    "base_url": "https://conda.anaconda.org/conda-forge",
    "build_number": 0,
    "build_string": "hf4e2dac_0",
    "channel": "conda-forge",
    "dist_name": "libsqlite-3.53.0-hf4e2dac_0",
    "name": "libsqlite",
    "platform": "linux-64",
    "version": "3.53.0"
  },
  {
    "base_url": "https://conda.anaconda.org/conda-forge",
    "build_number": 0,
    "build_string": "hcf80075_0",
    "channel": "conda-forge",
    "dist_name": "libssh2-1.11.1-hcf80075_0",
    "name": "libssh2",
    "platform": "linux-64",
    "version": "1.11.1"
  },
  {
    "base_url": "https://conda.anaconda.org/conda-forge",
    "build_number": 19,
    "build_string": "h934c35e_19",
    "channel": "conda-forge",
    "dist_name": "libstdcxx-15.2.0-h934c35e_19",
    "name": "libstdcxx",
    "platform": "linux-64",
    "version": "15.2.0"
  },
  {
    "base_url": "https://conda.anaconda.org/conda-forge",
    "build_number": 119,
    "build_string": "hd446a21_119",
    "channel": "conda-forge",
    "dist_name": "libstdcxx-devel_linux-64-15.2.0-hd446a21_119",
    "name": "libstdcxx-devel_linux-64",
    "platform": "noarch",
    "version": "15.2.0"
  },
  {
    "base_url": "https://conda.anaconda.org/conda-forge",
    "build_number": 19,
    "build_string": "hdf11a46_19",
    "channel": "conda-forge",
    "dist_name": "libstdcxx-ng-15.2.0-hdf11a46_19",
    "name": "libstdcxx-ng",
    "platform": "linux-64",
    "version": "15.2.0"
  },
  {
    "base_url": "https://conda.anaconda.org/conda-forge",
    "build_number": 1,
    "build_string": "h9d88235_1",
    "channel": "conda-forge",
    "dist_name": "libtiff-4.7.1-h9d88235_1",
    "name": "libtiff",
    "platform": "linux-64",
    "version": "4.7.1"
  },
  {
    "base_url": "https://conda.anaconda.org/conda-forge",
    "build_number": 0,
    "build_string": "h7f98852_0",
    "channel": "conda-forge",
    "dist_name": "libunistring-0.9.10-h7f98852_0",
    "name": "libunistring",
    "platform": "linux-64",
    "version": "0.9.10"
  },
  {
    "base_url": "https://conda.anaconda.org/conda-forge",
    "build_number": 0,
    "build_string": "h5347b49_0",
    "channel": "conda-forge",
    "dist_name": "libuuid-2.42.2-h5347b49_0",
    "name": "libuuid",
    "platform": "linux-64",
    "version": "2.42.2"
  },
  {
    "base_url": "https://conda.anaconda.org/conda-forge",
    "build_number": 0,
    "build_string": "h5279c79_0",
    "channel": "conda-forge",
    "dist_name": "libvulkan-loader-1.4.341.0-h5279c79_0",
    "name": "libvulkan-loader",
    "platform": "linux-64",
    "version": "1.4.341.0"
  },
  {
    "base_url": "https://conda.anaconda.org/conda-forge",
    "build_number": 0,
    "build_string": "hd42ef1d_0",
    "channel": "conda-forge",
    "dist_name": "libwebp-base-1.6.0-hd42ef1d_0",
    "name": "libwebp-base",
    "platform": "linux-64",
    "version": "1.6.0"
  },
  {
    "base_url": "https://conda.anaconda.org/conda-forge",
    "build_number": 0,
    "build_string": "h8a09558_0",
    "channel": "conda-forge",
    "dist_name": "libxcb-1.17.0-h8a09558_0",
    "name": "libxcb",
    "platform": "linux-64",
    "version": "1.17.0"
  },
  {
    "base_url": "https://conda.anaconda.org/conda-forge",
    "build_number": 1,
    "build_string": "hd590300_1",
    "channel": "conda-forge",
    "dist_name": "libxcrypt-4.4.36-hd590300_1",
    "name": "libxcrypt",
    "platform": "linux-64",
    "version": "4.4.36"
  },
  {
    "base_url": "https://conda.anaconda.org/conda-forge",
    "build_number": 0,
    "build_string": "hca5e8e5_0",
    "channel": "conda-forge",
    "dist_name": "libxkbcommon-1.13.1-hca5e8e5_0",
    "name": "libxkbcommon",
    "platform": "linux-64",
    "version": "1.13.1"
  },
  {
    "base_url": "https://conda.anaconda.org/conda-forge",
    "build_number": 0,
    "build_string": "h49c6c72_0",
    "channel": "conda-forge",
    "dist_name": "libxml2-2.15.3-h49c6c72_0",
    "name": "libxml2",
    "platform": "linux-64",
    "version": "2.15.3"
  },
  {
    "base_url": "https://conda.anaconda.org/conda-forge",
    "build_number": 0,
    "build_string": "hca6bf5a_0",
    "channel": "conda-forge",
    "dist_name": "libxml2-16-2.15.3-hca6bf5a_0",
    "name": "libxml2-16",
    "platform": "linux-64",
    "version": "2.15.3"
  },
  {
    "base_url": "https://conda.anaconda.org/conda-forge",
    "build_number": 1,
    "build_string": "h711ed8c_1",
    "channel": "conda-forge",
    "dist_name": "libxslt-1.1.43-h711ed8c_1",
    "name": "libxslt",
    "platform": "linux-64",
    "version": "1.1.43"
  },
  {
    "base_url": "https://conda.anaconda.org/conda-forge",
    "build_number": 2,
    "build_string": "h25fd6f3_2",
    "channel": "conda-forge",
    "dist_name": "libzlib-1.3.2-h25fd6f3_2",
    "name": "libzlib",
    "platform": "linux-64",
    "version": "1.3.2"
  },
  {
    "base_url": "https://conda.anaconda.org/conda-forge",
    "build_number": 1,
    "build_string": "py312h7424e68_1",
    "channel": "conda-forge",
    "dist_name": "llvmlite-0.47.0-py312h7424e68_1",
    "name": "llvmlite",
    "platform": "linux-64",
    "version": "0.47.0"
  },
  {
    "base_url": "https://conda.anaconda.org/conda-forge",
    "build_number": 0,
    "build_string": "py312h63ddcf0_0",
    "channel": "conda-forge",
    "dist_name": "lxml-6.0.4-py312h63ddcf0_0",
    "name": "lxml",
    "platform": "linux-64",
    "version": "6.0.4"
  },
  {
    "base_url": "https://conda.anaconda.org/conda-forge",
    "build_number": 1,
    "build_string": "py312h3d67a73_1",
    "channel": "conda-forge",
    "dist_name": "lz4-4.4.5-py312h3d67a73_1",
    "name": "lz4",
    "platform": "linux-64",
    "version": "4.4.5"
  },
  {
    "base_url": "https://conda.anaconda.org/conda-forge",
    "build_number": 1,
    "build_string": "h5888daf_1",
    "channel": "conda-forge",
    "dist_name": "lz4-c-1.10.0-h5888daf_1",
    "name": "lz4-c",
    "platform": "linux-64",
    "version": "1.10.0"
  },
  {
    "base_url": "https://conda.anaconda.org/conda-forge",
    "build_number": 0,
    "build_string": "h4bc722e_0",
    "channel": "conda-forge",
    "dist_name": "mafft-7.526-h4bc722e_0",
    "name": "mafft",
    "platform": "linux-64",
    "version": "7.526"
  },
  {
    "base_url": "https://conda.anaconda.org/conda-forge",
    "build_number": 2,
    "build_string": "hb9d3cd8_2",
    "channel": "conda-forge",
    "dist_name": "make-4.4.1-hb9d3cd8_2",
    "name": "make",
    "platform": "linux-64",
    "version": "4.4.1"
  },
  {
    "base_url": "https://conda.anaconda.org/conda-forge",
    "build_number": 0,
    "build_string": "pyhd8ed1ab_0",
    "channel": "conda-forge",
    "dist_name": "markdown-it-py-4.0.0-pyhd8ed1ab_0",
    "name": "markdown-it-py",
    "platform": "noarch",
    "version": "4.0.0"
  },
  {
    "base_url": "https://conda.anaconda.org/conda-forge",
    "build_number": 0,
    "build_string": "pyhd8ed1ab_0",
    "channel": "conda-forge",
    "dist_name": "marko-2.2.2-pyhd8ed1ab_0",
    "name": "marko",
    "platform": "noarch",
    "version": "2.2.2"
  },
  {
    "base_url": "https://conda.anaconda.org/conda-forge",
    "build_number": 1,
    "build_string": "py312h8a5da7c_1",
    "channel": "conda-forge",
    "dist_name": "markupsafe-3.0.3-py312h8a5da7c_1",
    "name": "markupsafe",
    "platform": "linux-64",
    "version": "3.0.3"
  },
  {
    "base_url": "https://conda.anaconda.org/conda-forge",
    "build_number": 0,
    "build_string": "py312h7900ff3_0",
    "channel": "conda-forge",
    "dist_name": "matplotlib-3.10.8-py312h7900ff3_0",
    "name": "matplotlib",
    "platform": "linux-64",
    "version": "3.10.8"
  },
  {
    "base_url": "https://conda.anaconda.org/conda-forge",
    "build_number": 0,
    "build_string": "py312he3d6523_0",
    "channel": "conda-forge",
    "dist_name": "matplotlib-base-3.10.8-py312he3d6523_0",
    "name": "matplotlib-base",
    "platform": "linux-64",
    "version": "3.10.8"
  },
  {
    "base_url": "https://conda.anaconda.org/conda-forge",
    "build_number": 0,
    "build_string": "pyhd8ed1ab_0",
    "channel": "conda-forge",
    "dist_name": "matplotlib-inline-0.2.1-pyhd8ed1ab_0",
    "name": "matplotlib-inline",
    "platform": "noarch",
    "version": "0.2.1"
  },
  {
    "base_url": "https://conda.anaconda.org/conda-forge",
    "build_number": 1,
    "build_string": "pyhd8ed1ab_1",
    "channel": "conda-forge",
    "dist_name": "mdurl-0.1.2-pyhd8ed1ab_1",
    "name": "mdurl",
    "platform": "noarch",
    "version": "0.1.2"
  },
  {
    "base_url": "https://conda.anaconda.org/conda-forge",
    "build_number": 0,
    "build_string": "he0a73b1_0",
    "channel": "conda-forge",
    "dist_name": "mpfr-4.2.2-he0a73b1_0",
    "name": "mpfr",
    "platform": "linux-64",
    "version": "4.2.2"
  },
  {
    "base_url": "https://conda.anaconda.org/conda-forge",
    "build_number": 0,
    "build_string": "openmpi",
    "channel": "conda-forge",
    "dist_name": "mpi-1.0-openmpi",
    "name": "mpi",
    "platform": "linux-64",
    "version": "1.0"
  },
  {
    "base_url": "https://conda.anaconda.org/conda-forge",
    "build_number": 1,
    "build_string": "pyhd8ed1ab_1",
    "channel": "conda-forge",
    "dist_name": "multivolumefile-0.2.3-pyhd8ed1ab_1",
    "name": "multivolumefile",
    "platform": "noarch",
    "version": "0.2.3"
  },
  {
    "base_url": "https://conda.anaconda.org/conda-forge",
    "build_number": 1,
    "build_string": "pyhd8ed1ab_1",
    "channel": "conda-forge",
    "dist_name": "munkres-1.1.4-pyhd8ed1ab_1",
    "name": "munkres",
    "platform": "noarch",
    "version": "1.1.4"
  },
  {
    "base_url": "https://conda.anaconda.org/bioconda",
    "build_number": 9,
    "build_string": "h9948957_9",
    "channel": "bioconda",
    "dist_name": "muscle-3.8.1551-h9948957_9",
    "name": "muscle",
    "platform": "linux-64",
    "version": "3.8.1551"
  },
  {
    "base_url": "https://conda.anaconda.org/conda-forge",
    "build_number": 0,
    "build_string": "pyha770c72_0",
    "channel": "conda-forge",
    "dist_name": "mypy_extensions-1.1.0-pyha770c72_0",
    "name": "mypy_extensions",
    "platform": "noarch",
    "version": "1.1.0"
  },
  {
    "base_url": "https://conda.anaconda.org/conda-forge",
    "build_number": 0,
    "build_string": "pyhcf101f3_0",
    "channel": "conda-forge",
    "dist_name": "narwhals-2.19.0-pyhcf101f3_0",
    "name": "narwhals",
    "platform": "noarch",
    "version": "2.19.0"
  },
  {
    "base_url": "https://conda.anaconda.org/conda-forge",
    "build_number": 2,
    "build_string": "pyhcf101f3_2",
    "channel": "conda-forge",
    "dist_name": "natsort-8.4.0-pyhcf101f3_2",
    "name": "natsort",
    "platform": "noarch",
    "version": "8.4.0"
  },
  {
    "base_url": "https://conda.anaconda.org/bioconda",
    "build_number": 0,
    "build_string": "pyh106432d_0",
    "channel": "bioconda",
    "dist_name": "ncbi-datasets-pyclient-18.18.0-pyh106432d_0",
    "name": "ncbi-datasets-pyclient",
    "platform": "noarch",
    "version": "18.18.0"
  },
  {
    "base_url": "https://conda.anaconda.org/bioconda",
    "build_number": 0,
    "build_string": "hd63eeec_0",
    "channel": "bioconda",
    "dist_name": "ncbi-vdb-3.4.1-hd63eeec_0",
    "name": "ncbi-vdb",
    "platform": "linux-64",
    "version": "3.4.1"
  },
  {
    "base_url": "https://conda.anaconda.org/conda-forge",
    "build_number": 3,
    "build_string": "h2d0b736_3",
    "channel": "conda-forge",
    "dist_name": "ncurses-6.5-h2d0b736_3",
    "name": "ncurses",
    "platform": "linux-64",
    "version": "6.5"
  },
  {
    "base_url": "https://conda.anaconda.org/conda-forge",
    "build_number": 0,
    "build_string": "pyhcf101f3_0",
    "channel": "conda-forge",
    "dist_name": "networkx-3.6.1-pyhcf101f3_0",
    "name": "networkx",
    "platform": "noarch",
    "version": "3.6.1"
  },
  {
    "base_url": "https://conda.anaconda.org/conda-forge",
    "build_number": 2,
    "build_string": "np2py312h0f77346_2",
    "channel": "conda-forge",
    "dist_name": "nlopt-2.10.1-np2py312h0f77346_2",
    "name": "nlopt",
    "platform": "linux-64",
    "version": "2.10.1"
  },
  {
    "base_url": "https://conda.anaconda.org/conda-forge",
    "build_number": 1,
    "build_string": "py312hd1dde6f_1",
    "channel": "conda-forge",
    "dist_name": "numba-0.65.0-py312hd1dde6f_1",
    "name": "numba",
    "platform": "linux-64",
    "version": "0.65.0"
  },
  {
    "base_url": "https://conda.anaconda.org/conda-forge",
    "build_number": 1,
    "build_string": "py312h33ff503_1",
    "channel": "conda-forge",
    "dist_name": "numpy-2.4.2-py312h33ff503_1",
    "name": "numpy",
    "platform": "linux-64",
    "version": "2.4.2"
  },
  {
    "base_url": "https://conda.anaconda.org/conda-forge",
    "build_number": 0,
    "build_string": "ha668962_0",
    "channel": "conda-forge",
    "dist_name": "openjdk-25.0.2-ha668962_0",
    "name": "openjdk",
    "platform": "linux-64",
    "version": "25.0.2"
  },
  {
    "base_url": "https://conda.anaconda.org/conda-forge",
    "build_number": 0,
    "build_string": "h55fea9a_0",
    "channel": "conda-forge",
    "dist_name": "openjpeg-2.5.4-h55fea9a_0",
    "name": "openjpeg",
    "platform": "linux-64",
    "version": "2.5.4"
  },
  {
    "base_url": "https://conda.anaconda.org/conda-forge",
    "build_number": 0,
    "build_string": "hbde042b_0",
    "channel": "conda-forge",
    "dist_name": "openldap-2.6.13-hbde042b_0",
    "name": "openldap",
    "platform": "linux-64",
    "version": "2.6.13"
  },
  {
    "base_url": "https://conda.anaconda.org/conda-forge",
    "build_number": 101,
    "build_string": "hc5af2df_101",
    "channel": "conda-forge",
    "dist_name": "openmpi-4.1.6-hc5af2df_101",
    "name": "openmpi",
    "platform": "linux-64",
    "version": "4.1.6"
  },
  {
    "base_url": "https://conda.anaconda.org/conda-forge",
    "build_number": 0,
    "build_string": "h35e630c_0",
    "channel": "conda-forge",
    "dist_name": "openssl-3.6.2-h35e630c_0",
    "name": "openssl",
    "platform": "linux-64",
    "version": "3.6.2"
  },
  {
    "base_url": "https://conda.anaconda.org/conda-forge",
    "build_number": 0,
    "build_string": "pyhc364b38_0",
    "channel": "conda-forge",
    "dist_name": "packaging-26.1-pyhc364b38_0",
    "name": "packaging",
    "platform": "noarch",
    "version": "26.1"
  },
  {
    "base_url": "https://conda.anaconda.org/conda-forge",
    "build_number": 1,
    "build_string": "py312hf79963d_1",
    "channel": "conda-forge",
    "dist_name": "pandas-2.3.3-py312hf79963d_1",
    "name": "pandas",
    "platform": "linux-64",
    "version": "2.3.3"
  },
  {
    "base_url": "https://conda.anaconda.org/conda-forge",
    "build_number": 0,
    "build_string": "hd6cc441_0",
    "channel": "conda-forge",
    "dist_name": "pandera-0.30.1-hd6cc441_0",
    "name": "pandera",
    "platform": "noarch",
    "version": "0.30.1"
  },
  {
    "base_url": "https://conda.anaconda.org/conda-forge",
    "build_number": 0,
    "build_string": "pyhcf101f3_0",
    "channel": "conda-forge",
    "dist_name": "pandera-base-0.30.1-pyhcf101f3_0",
    "name": "pandera-base",
    "platform": "noarch",
    "version": "0.30.1"
  },
  {
    "base_url": "https://conda.anaconda.org/conda-forge",
    "build_number": 0,
    "build_string": "ha770c72_0",
    "channel": "conda-forge",
    "dist_name": "pandoc-3.9.0.2-ha770c72_0",
    "name": "pandoc",
    "platform": "linux-64",
    "version": "3.9.0.2"
  },
  {
    "base_url": "https://conda.anaconda.org/conda-forge",
    "build_number": 1,
    "build_string": "hda50119_1",
    "channel": "conda-forge",
    "dist_name": "pango-1.56.4-hda50119_1",
    "name": "pango",
    "platform": "linux-64",
    "version": "1.56.4"
  },
  {
    "base_url": "https://conda.anaconda.org/conda-forge",
    "build_number": 0,
    "build_string": "pyhcf101f3_0",
    "channel": "conda-forge",
    "dist_name": "parsl-2026.2.23-pyhcf101f3_0",
    "name": "parsl",
    "platform": "noarch",
    "version": "2026.2.23"
  },
  {
    "base_url": "https://conda.anaconda.org/conda-forge",
    "build_number": 0,
    "build_string": "pyhcf101f3_0",
    "channel": "conda-forge",
    "dist_name": "parso-0.8.6-pyhcf101f3_0",
    "name": "parso",
    "platform": "noarch",
    "version": "0.8.6"
  },
  {
    "base_url": "https://conda.anaconda.org/bioconda",
    "build_number": 0,
    "build_string": "py312hccd54bf_0",
    "channel": "bioconda",
    "dist_name": "pasta-1.9.3-py312hccd54bf_0",
    "name": "pasta",
    "platform": "linux-64",
    "version": "1.9.3"
  },
  {
    "base_url": "https://conda.anaconda.org/conda-forge",
    "build_number": 0,
    "build_string": "pyhcf101f3_0",
    "channel": "conda-forge",
    "dist_name": "patsy-1.0.2-pyhcf101f3_0",
    "name": "patsy",
    "platform": "noarch",
    "version": "1.0.2"
  },
  {
    "base_url": "https://conda.anaconda.org/conda-forge",
    "build_number": 2,
    "build_string": "h1fcc475_2",
    "channel": "conda-forge",
    "dist_name": "pbzip2-1.1.13-h1fcc475_2",
    "name": "pbzip2",
    "platform": "linux-64",
    "version": "1.1.13"
  },
  {
    "base_url": "https://conda.anaconda.org/conda-forge",
    "build_number": 0,
    "build_string": "h9c3ff4c_0",
    "channel": "conda-forge",
    "dist_name": "pcre-8.45-h9c3ff4c_0",
    "name": "pcre",
    "platform": "linux-64",
    "version": "8.45"
  },
  {
    "base_url": "https://conda.anaconda.org/conda-forge",
    "build_number": 0,
    "build_string": "haa7fec5_0",
    "channel": "conda-forge",
    "dist_name": "pcre2-10.47-haa7fec5_0",
    "name": "pcre2",
    "platform": "linux-64",
    "version": "10.47"
  },
  {
    "base_url": "https://conda.anaconda.org/conda-forge",
    "build_number": 7,
    "build_string": "7_hd590300_perl5",
    "channel": "conda-forge",
    "dist_name": "perl-5.32.1-7_hd590300_perl5",
    "name": "perl",
    "platform": "linux-64",
    "version": "5.32.1"
  },
  {
    "base_url": "https://conda.anaconda.org/bioconda",
    "build_number": 0,
    "build_string": "pl5321hdfd78af_0",
    "channel": "bioconda",
    "dist_name": "perl-archive-tar-3.04-pl5321hdfd78af_0",
    "name": "perl-archive-tar",
    "platform": "noarch",
    "version": "3.04"
  },
  {
    "base_url": "https://conda.anaconda.org/conda-forge",
    "build_number": 0,
    "build_string": "pl5321hd8ed1ab_0",
    "channel": "conda-forge",
    "dist_name": "perl-carp-1.50-pl5321hd8ed1ab_0",
    "name": "perl-carp",
    "platform": "noarch",
    "version": "1.50"
  },
  {
    "base_url": "https://conda.anaconda.org/conda-forge",
    "build_number": 0,
    "build_string": "pl5321hd8ed1ab_0",
    "channel": "conda-forge",
    "dist_name": "perl-common-sense-3.75-pl5321hd8ed1ab_0",
    "name": "perl-common-sense",
    "platform": "noarch",
    "version": "3.75"
  },
  {
    "base_url": "https://conda.anaconda.org/conda-forge",
    "build_number": 0,
    "build_string": "pl5321hda65f42_0",
    "channel": "conda-forge",
    "dist_name": "perl-compress-raw-bzip2-2.214-pl5321hda65f42_0",
    "name": "perl-compress-raw-bzip2",
    "platform": "linux-64",
    "version": "2.214"
  },
  {
    "base_url": "https://conda.anaconda.org/conda-forge",
    "build_number": 0,
    "build_string": "pl5321h4dac143_0",
    "channel": "conda-forge",
    "dist_name": "perl-compress-raw-zlib-2.214-pl5321h4dac143_0",
    "name": "perl-compress-raw-zlib",
    "platform": "linux-64",
    "version": "2.214"
  },
  {
    "base_url": "https://conda.anaconda.org/conda-forge",
    "build_number": 1,
    "build_string": "pl5321hb9d3cd8_1",
    "channel": "conda-forge",
    "dist_name": "perl-encode-3.21-pl5321hb9d3cd8_1",
    "name": "perl-encode",
    "platform": "linux-64",
    "version": "3.21"
  },
  {
    "base_url": "https://conda.anaconda.org/conda-forge",
    "build_number": 0,
    "build_string": "pl5321hd8ed1ab_0",
    "channel": "conda-forge",
    "dist_name": "perl-exporter-5.74-pl5321hd8ed1ab_0",
    "name": "perl-exporter",
    "platform": "noarch",
    "version": "5.74"
  },
  {
    "base_url": "https://conda.anaconda.org/conda-forge",
    "build_number": 0,
    "build_string": "pl5321hd8ed1ab_0",
    "channel": "conda-forge",
    "dist_name": "perl-exporter-tiny-1.002002-pl5321hd8ed1ab_0",
    "name": "perl-exporter-tiny",
    "platform": "noarch",
    "version": "1.002002"
  },
  {
    "base_url": "https://conda.anaconda.org/conda-forge",
    "build_number": 0,
    "build_string": "pl5321hd8ed1ab_0",
    "channel": "conda-forge",
    "dist_name": "perl-extutils-makemaker-7.70-pl5321hd8ed1ab_0",
    "name": "perl-extutils-makemaker",
    "platform": "noarch",
    "version": "7.70"
  },
  {
    "base_url": "https://conda.anaconda.org/bioconda",
    "build_number": 0,
    "build_string": "pl5321h503566f_0",
    "channel": "bioconda",
    "dist_name": "perl-io-compress-2.216-pl5321h503566f_0",
    "name": "perl-io-compress",
    "platform": "linux-64",
    "version": "2.216"
  },
  {
    "base_url": "https://conda.anaconda.org/bioconda",
    "build_number": 1,
    "build_string": "pl5321hdfd78af_1",
    "channel": "bioconda",
    "dist_name": "perl-io-zlib-1.15-pl5321hdfd78af_1",
    "name": "perl-io-zlib",
    "platform": "noarch",
    "version": "1.15"
  },
  {
    "base_url": "https://conda.anaconda.org/bioconda",
    "build_number": 0,
    "build_string": "pl5321hdfd78af_0",
    "channel": "bioconda",
    "dist_name": "perl-json-4.11-pl5321hdfd78af_0",
    "name": "perl-json",
    "platform": "noarch",
    "version": "4.11"
  },
  {
    "base_url": "https://conda.anaconda.org/bioconda",
    "build_number": 0,
    "build_string": "pl5321h9948957_0",
    "channel": "bioconda",
    "dist_name": "perl-json-xs-4.04-pl5321h9948957_0",
    "name": "perl-json-xs",
    "platform": "linux-64",
    "version": "4.04"
  },
  {
    "base_url": "https://conda.anaconda.org/bioconda",
    "build_number": 0,
    "build_string": "pl5321hdfd78af_0",
    "channel": "bioconda",
    "dist_name": "perl-list-moreutils-0.430-pl5321hdfd78af_0",
    "name": "perl-list-moreutils",
    "platform": "noarch",
    "version": "0.430"
  },
  {
    "base_url": "https://conda.anaconda.org/bioconda",
    "build_number": 5,
    "build_string": "pl5321h7b50bb2_5",
    "channel": "bioconda",
    "dist_name": "perl-list-moreutils-xs-0.430-pl5321h7b50bb2_5",
    "name": "perl-list-moreutils-xs",
    "platform": "linux-64",
    "version": "0.430"
  },
  {
    "base_url": "https://conda.anaconda.org/conda-forge",
    "build_number": 0,
    "build_string": "pl5321hd8ed1ab_0",
    "channel": "conda-forge",
    "dist_name": "perl-parent-0.243-pl5321hd8ed1ab_0",
    "name": "perl-parent",
    "platform": "noarch",
    "version": "0.243"
  },
  {
    "base_url": "https://conda.anaconda.org/conda-forge",
    "build_number": 2,
    "build_string": "pl5321hb9d3cd8_2",
    "channel": "conda-forge",
    "dist_name": "perl-pathtools-3.75-pl5321hb9d3cd8_2",
    "name": "perl-pathtools",
    "platform": "linux-64",
    "version": "3.75"
  },
  {
    "base_url": "https://conda.anaconda.org/conda-forge",
    "build_number": 0,
    "build_string": "pl5321hb03c661_0",
    "channel": "conda-forge",
    "dist_name": "perl-scalar-list-utils-1.70-pl5321hb03c661_0",
    "name": "perl-scalar-list-utils",
    "platform": "linux-64",
    "version": "1.70"
  },
  {
    "base_url": "https://conda.anaconda.org/conda-forge",
    "build_number": 2,
    "build_string": "pl5321hb9d3cd8_2",
    "channel": "conda-forge",
    "dist_name": "perl-storable-3.15-pl5321hb9d3cd8_2",
    "name": "perl-storable",
    "platform": "linux-64",
    "version": "3.15"
  },
  {
    "base_url": "https://conda.anaconda.org/bioconda",
    "build_number": 0,
    "build_string": "pl5321hdfd78af_0",
    "channel": "bioconda",
    "dist_name": "perl-types-serialiser-1.01-pl5321hdfd78af_0",
    "name": "perl-types-serialiser",
    "platform": "noarch",
    "version": "1.01"
  },
  {
    "base_url": "https://conda.anaconda.org/conda-forge",
    "build_number": 0,
    "build_string": "pyhd8ed1ab_0",
    "channel": "conda-forge",
    "dist_name": "petl-1.7.17-pyhd8ed1ab_0",
    "name": "petl",
    "platform": "noarch",
    "version": "1.7.17"
  },
  {
    "base_url": "https://conda.anaconda.org/conda-forge",
    "build_number": 1,
    "build_string": "pyhd8ed1ab_1",
    "channel": "conda-forge",
    "dist_name": "pexpect-4.9.0-pyhd8ed1ab_1",
    "name": "pexpect",
    "platform": "noarch",
    "version": "4.9.0"
  },
  {
    "base_url": "https://conda.anaconda.org/conda-forge",
    "build_number": 2,
    "build_string": "h421ea60_2",
    "channel": "conda-forge",
    "dist_name": "pigz-2.8-h421ea60_2",
    "name": "pigz",
    "platform": "linux-64",
    "version": "2.8"
  },
  {
    "base_url": "https://conda.anaconda.org/conda-forge",
    "build_number": 0,
    "build_string": "py312h50c33e8_0",
    "channel": "conda-forge",
    "dist_name": "pillow-12.1.1-py312h50c33e8_0",
    "name": "pillow",
    "platform": "linux-64",
    "version": "12.1.1"
  },
  {
    "base_url": "https://conda.anaconda.org/conda-forge",
    "build_number": 0,
    "build_string": "pyh8b19718_0",
    "channel": "conda-forge",
    "dist_name": "pip-26.0.1-pyh8b19718_0",
    "name": "pip",
    "platform": "noarch",
    "version": "26.0.1"
  },
  {
    "base_url": "https://conda.anaconda.org/conda-forge",
    "build_number": 2,
    "build_string": "h54a6638_2",
    "channel": "conda-forge",
    "dist_name": "pixman-0.46.4-h54a6638_2",
    "name": "pixman",
    "platform": "linux-64",
    "version": "0.46.4"
  },
  {
    "base_url": "https://conda.anaconda.org/conda-forge",
    "build_number": 1,
    "build_string": "pyhf9edf01_1",
    "channel": "conda-forge",
    "dist_name": "pluggy-1.6.0-pyhf9edf01_1",
    "name": "pluggy",
    "platform": "noarch",
    "version": "1.6.0"
  },
  {
    "base_url": "https://conda.anaconda.org/bioconda",
    "build_number": 2,
    "build_string": "h9ee0642_2",
    "channel": "bioconda",
    "dist_name": "pplacer-1.1.alpha19-h9ee0642_2",
    "name": "pplacer",
    "platform": "linux-64",
    "version": "1.1.alpha19"
  },
  {
    "base_url": "https://conda.anaconda.org/bioconda",
    "build_number": 1,
    "build_string": "h9948957_1",
    "channel": "bioconda",
    "dist_name": "prank-170427-h9948957_1",
    "name": "prank",
    "platform": "linux-64",
    "version": "170427"
  },
  {
    "base_url": "https://conda.anaconda.org/conda-forge",
    "build_number": 0,
    "build_string": "pyha770c72_0",
    "channel": "conda-forge",
    "dist_name": "prompt-toolkit-3.0.52-pyha770c72_0",
    "name": "prompt-toolkit",
    "platform": "noarch",
    "version": "3.0.52"
  },
  {
    "base_url": "https://conda.anaconda.org/conda-forge",
    "build_number": 0,
    "build_string": "py312h5253ce2_0",
    "channel": "conda-forge",
    "dist_name": "psutil-7.2.2-py312h5253ce2_0",
    "name": "psutil",
    "platform": "linux-64",
    "version": "7.2.2"
  },
  {
    "base_url": "https://conda.anaconda.org/conda-forge",
    "build_number": 1002,
    "build_string": "hb9d3cd8_1002",
    "channel": "conda-forge",
    "dist_name": "pthread-stubs-0.4-hb9d3cd8_1002",
    "name": "pthread-stubs",
    "platform": "linux-64",
    "version": "0.4"
  },
  {
    "base_url": "https://conda.anaconda.org/conda-forge",
    "build_number": 1,
    "build_string": "pyhd8ed1ab_1",
    "channel": "conda-forge",
    "dist_name": "ptyprocess-0.7.0-pyhd8ed1ab_1",
    "name": "ptyprocess",
    "platform": "noarch",
    "version": "0.7.0"
  },
  {
    "base_url": "https://conda.anaconda.org/conda-forge",
    "build_number": 1,
    "build_string": "pyhd8ed1ab_1",
    "channel": "conda-forge",
    "dist_name": "pure_eval-0.2.3-pyhd8ed1ab_1",
    "name": "pure_eval",
    "platform": "noarch",
    "version": "0.2.3"
  },
  {
    "base_url": "https://conda.anaconda.org/conda-forge",
    "build_number": 0,
    "build_string": "pyhd8ed1ab_0",
    "channel": "conda-forge",
    "dist_name": "py7zr-1.0.0-pyhd8ed1ab_0",
    "name": "py7zr",
    "platform": "noarch",
    "version": "1.0.0"
  },
  {
    "base_url": "https://conda.anaconda.org/conda-forge",
    "build_number": 1,
    "build_string": "py312h4c3975b_1",
    "channel": "conda-forge",
    "dist_name": "pybcj-1.0.7-py312h4c3975b_1",
    "name": "pybcj",
    "platform": "linux-64",
    "version": "1.0.7"
  },
  {
    "base_url": "https://conda.anaconda.org/conda-forge",
    "build_number": 1,
    "build_string": "pyh29332c3_1",
    "channel": "conda-forge",
    "dist_name": "pycparser-2.22-pyh29332c3_1",
    "name": "pycparser",
    "platform": "noarch",
    "version": "2.22"
  },
  {
    "base_url": "https://conda.anaconda.org/conda-forge",
    "build_number": 1,
    "build_string": "py312h4c3975b_1",
    "channel": "conda-forge",
    "dist_name": "pycryptodomex-3.23.0-py312h4c3975b_1",
    "name": "pycryptodomex",
    "platform": "linux-64",
    "version": "3.23.0"
  },
  {
    "base_url": "https://conda.anaconda.org/conda-forge",
    "build_number": 0,
    "build_string": "pyhcf101f3_0",
    "channel": "conda-forge",
    "dist_name": "pydantic-2.13.1-pyhcf101f3_0",
    "name": "pydantic",
    "platform": "noarch",
    "version": "2.13.1"
  },
  {
    "base_url": "https://conda.anaconda.org/conda-forge",
    "build_number": 0,
    "build_string": "py312h868fb18_0",
    "channel": "conda-forge",
    "dist_name": "pydantic-core-2.46.1-py312h868fb18_0",
    "name": "pydantic-core",
    "platform": "linux-64",
    "version": "2.46.1"
  },
  {
    "base_url": "https://conda.anaconda.org/conda-forge",
    "build_number": 0,
    "build_string": "pyhd8ed1ab_0",
    "channel": "conda-forge",
    "dist_name": "pygments-2.20.0-pyhd8ed1ab_0",
    "name": "pygments",
    "platform": "noarch",
    "version": "2.20.0"
  },
  {
    "base_url": "https://conda.anaconda.org/bioconda",
    "build_number": 1,
    "build_string": "py312h247cb63_1",
    "channel": "bioconda",
    "dist_name": "pyhmmer-0.12.0-py312h247cb63_1",
    "name": "pyhmmer",
    "platform": "linux-64",
    "version": "0.12.0"
  },
  {
    "base_url": "https://conda.anaconda.org/conda-forge",
    "build_number": 0,
    "build_string": "py312h1289d80_0",
    "channel": "conda-forge",
    "dist_name": "pymongo-4.16.0-py312h1289d80_0",
    "name": "pymongo",
    "platform": "linux-64",
    "version": "4.16.0"
  },
  {
    "base_url": "https://conda.anaconda.org/conda-forge",
    "build_number": 1,
    "build_string": "pyhd8ed1ab_1",
    "channel": "conda-forge",
    "dist_name": "pynndescent-0.5.13-pyhd8ed1ab_1",
    "name": "pynndescent",
    "platform": "noarch",
    "version": "0.5.13"
  },
  {
    "base_url": "https://conda.anaconda.org/conda-forge",
    "build_number": 0,
    "build_string": "pyhcf101f3_0",
    "channel": "conda-forge",
    "dist_name": "pyparsing-3.3.2-pyhcf101f3_0",
    "name": "pyparsing",
    "platform": "noarch",
    "version": "3.3.2"
  },
  {
    "base_url": "https://conda.anaconda.org/conda-forge",
    "build_number": 1,
    "build_string": "py312h2ec8cdc_1",
    "channel": "conda-forge",
    "dist_name": "pyppmd-1.1.0-py312h2ec8cdc_1",
    "name": "pyppmd",
    "platform": "linux-64",
    "version": "1.1.0"
  },
  {
    "base_url": "https://conda.anaconda.org/conda-forge",
    "build_number": 3,
    "build_string": "py312h50ac2ff_3",
    "channel": "conda-forge",
    "dist_name": "pyside6-6.11.0-py312h50ac2ff_3",
    "name": "pyside6",
    "platform": "linux-64",
    "version": "6.11.0"
  },
  {
    "base_url": "https://conda.anaconda.org/conda-forge",
    "build_number": 7,
    "build_string": "pyha55dd90_7",
    "channel": "conda-forge",
    "dist_name": "pysocks-1.7.1-pyha55dd90_7",
    "name": "pysocks",
    "platform": "noarch",
    "version": "1.7.1"
  },
  {
    "base_url": "https://conda.anaconda.org/conda-forge",
    "build_number": 1,
    "build_string": "pyhc364b38_1",
    "channel": "conda-forge",
    "dist_name": "pytest-9.0.3-pyhc364b38_1",
    "name": "pytest",
    "platform": "noarch",
    "version": "9.0.3"
  },
  {
    "base_url": "https://conda.anaconda.org/conda-forge",
    "build_number": 0,
    "build_string": "hd63d673_0_cpython",
    "channel": "conda-forge",
    "dist_name": "python-3.12.13-hd63d673_0_cpython",
    "name": "python",
    "platform": "linux-64",
    "version": "3.12.13"
  },
  {
    "base_url": "https://conda.anaconda.org/conda-forge",
    "build_number": 2,
    "build_string": "pyhe01879c_2",
    "channel": "conda-forge",
    "dist_name": "python-dateutil-2.9.0.post0-pyhe01879c_2",
    "name": "python-dateutil",
    "platform": "noarch",
    "version": "2.9.0.post0"
  },
  {
    "base_url": "https://conda.anaconda.org/conda-forge",
    "build_number": 0,
    "build_string": "pyhcf101f3_0",
    "channel": "conda-forge",
    "dist_name": "python-dotenv-1.2.2-pyhcf101f3_0",
    "name": "python-dotenv",
    "platform": "noarch",
    "version": "1.2.2"
  },
  {
    "base_url": "https://conda.anaconda.org/conda-forge",
    "build_number": 0,
    "build_string": "hd8ed1ab_0",
    "channel": "conda-forge",
    "dist_name": "python-gil-3.12.13-hd8ed1ab_0",
    "name": "python-gil",
    "platform": "noarch",
    "version": "3.12.13"
  },
  {
    "base_url": "https://conda.anaconda.org/conda-forge",
    "build_number": 2,
    "build_string": "py312h4c3975b_2",
    "channel": "conda-forge",
    "dist_name": "python-isal-1.8.0-py312h4c3975b_2",
    "name": "python-isal",
    "platform": "linux-64",
    "version": "1.8.0"
  },
  {
    "base_url": "https://conda.anaconda.org/conda-forge",
    "build_number": 1,
    "build_string": "pyhd8ed1ab_1",
    "channel": "conda-forge",
    "dist_name": "python-slugify-8.0.4-pyhd8ed1ab_1",
    "name": "python-slugify",
    "platform": "noarch",
    "version": "8.0.4"
  },
  {
    "base_url": "https://conda.anaconda.org/conda-forge",
    "build_number": 0,
    "build_string": "pyhd8ed1ab_0",
    "channel": "conda-forge",
    "dist_name": "python-tzdata-2026.1-pyhd8ed1ab_0",
    "name": "python-tzdata",
    "platform": "noarch",
    "version": "2026.1"
  },
  {
    "base_url": "https://conda.anaconda.org/conda-forge",
    "build_number": 2,
    "build_string": "py312hc77a125_2",
    "channel": "conda-forge",
    "dist_name": "python-zlib-ng-1.0.0-py312hc77a125_2",
    "name": "python-zlib-ng",
    "platform": "linux-64",
    "version": "1.0.0"
  },
  {
    "base_url": "https://conda.anaconda.org/conda-forge",
    "build_number": 8,
    "build_string": "8_cp312",
    "channel": "conda-forge",
    "dist_name": "python_abi-3.12-8_cp312",
    "name": "python_abi",
    "platform": "noarch",
    "version": "3.12"
  },
  {
    "base_url": "https://conda.anaconda.org/conda-forge",
    "build_number": 0,
    "build_string": "pyhcf101f3_0",
    "channel": "conda-forge",
    "dist_name": "pytz-2026.1.post1-pyhcf101f3_0",
    "name": "pytz",
    "platform": "noarch",
    "version": "2026.1.post1"
  },
  {
    "base_url": "https://conda.anaconda.org/conda-forge",
    "build_number": 1,
    "build_string": "py312h8a5da7c_1",
    "channel": "conda-forge",
    "dist_name": "pyyaml-6.0.3-py312h8a5da7c_1",
    "name": "pyyaml",
    "platform": "linux-64",
    "version": "6.0.3"
  },
  {
    "base_url": "https://conda.anaconda.org/conda-forge",
    "build_number": 3,
    "build_string": "py312hda471dd_3",
    "channel": "conda-forge",
    "dist_name": "pyzmq-27.1.0-py312hda471dd_3",
    "name": "pyzmq",
    "platform": "linux-64",
    "version": "27.1.0"
  },
  {
    "base_url": "https://conda.anaconda.org/conda-forge",
    "build_number": 0,
    "build_string": "pyhd8ed1ab_0",
    "channel": "conda-forge",
    "dist_name": "pyzotero-1.11.0-pyhd8ed1ab_0",
    "name": "pyzotero",
    "platform": "noarch",
    "version": "1.11.0"
  },
  {
    "base_url": "https://conda.anaconda.org/conda-forge",
    "build_number": 0,
    "build_string": "pyhd8ed1ab_0",
    "channel": "conda-forge",
    "dist_name": "pyzstd-0.19.1-pyhd8ed1ab_0",
    "name": "pyzstd",
    "platform": "noarch",
    "version": "0.19.1"
  },
  {
    "base_url": "https://packages.qiime2.org/qiime2/2026.4/qiime2/released",
    "build_number": 1,
    "build_string": "py312h36069d4_1",
    "channel": "qiime2/2026.4/qiime2/released",
    "dist_name": "q2-alignment-2026.4.0-py312h36069d4_1",
    "name": "q2-alignment",
    "platform": "linux-64",
    "version": "2026.4.0"
  },
  {
    "base_url": "https://packages.qiime2.org/qiime2/2026.4/qiime2/released",
    "build_number": 1,
    "build_string": "py312h40ae24b_1",
    "channel": "qiime2/2026.4/qiime2/released",
    "dist_name": "q2-boots-2026.4.0-py312h40ae24b_1",
    "name": "q2-boots",
    "platform": "linux-64",
    "version": "2026.4.0"
  },
  {
    "base_url": "https://packages.qiime2.org/qiime2/2026.4/qiime2/released",
    "build_number": 1,
    "build_string": "py312hafff9d5_1",
    "channel": "qiime2/2026.4/qiime2/released",
    "dist_name": "q2-composition-2026.4.0-py312hafff9d5_1",
    "name": "q2-composition",
    "platform": "linux-64",
    "version": "2026.4.0"
  },
  {
    "base_url": "https://packages.qiime2.org/qiime2/2026.4/qiime2/released",
    "build_number": 1,
    "build_string": "py312h4e2937e_1",
    "channel": "qiime2/2026.4/qiime2/released",
    "dist_name": "q2-cutadapt-2026.4.0-py312h4e2937e_1",
    "name": "q2-cutadapt",
    "platform": "linux-64",
    "version": "2026.4.0"
  },
  {
    "base_url": "https://packages.qiime2.org/qiime2/2026.4/qiime2/released",
    "build_number": 1,
    "build_string": "py312he50e4d5_1",
    "channel": "qiime2/2026.4/qiime2/released",
    "dist_name": "q2-dada2-2026.4.0-py312he50e4d5_1",
    "name": "q2-dada2",
    "platform": "linux-64",
    "version": "2026.4.0"
  },
  {
    "base_url": "https://packages.qiime2.org/qiime2/2026.4/qiime2/released",
    "build_number": 1,
    "build_string": "py312hc8dd697_1",
    "channel": "qiime2/2026.4/qiime2/released",
    "dist_name": "q2-deblur-2026.4.0-py312hc8dd697_1",
    "name": "q2-deblur",
    "platform": "linux-64",
    "version": "2026.4.0"
  },
  {
    "base_url": "https://packages.qiime2.org/qiime2/2026.4/qiime2/released",
    "build_number": 1,
    "build_string": "py312h861b924_1",
    "channel": "qiime2/2026.4/qiime2/released",
    "dist_name": "q2-demux-2026.4.0-py312h861b924_1",
    "name": "q2-demux",
    "platform": "linux-64",
    "version": "2026.4.0"
  },
  {
    "base_url": "https://packages.qiime2.org/qiime2/2026.4/qiime2/released",
    "build_number": 1,
    "build_string": "py312hc4b82e2_1",
    "channel": "qiime2/2026.4/qiime2/released",
    "dist_name": "q2-diversity-2026.4.0-py312hc4b82e2_1",
    "name": "q2-diversity",
    "platform": "linux-64",
    "version": "2026.4.0"
  },
  {
    "base_url": "https://packages.qiime2.org/qiime2/2026.4/qiime2/released",
    "build_number": 1,
    "build_string": "py312h2d4359a_1",
    "channel": "qiime2/2026.4/qiime2/released",
    "dist_name": "q2-diversity-lib-2026.4.0-py312h2d4359a_1",
    "name": "q2-diversity-lib",
    "platform": "linux-64",
    "version": "2026.4.0"
  },
  {
    "base_url": "https://packages.qiime2.org/qiime2/2026.4/qiime2/released",
    "build_number": 1,
    "build_string": "py312h900987f_1",
    "channel": "qiime2/2026.4/qiime2/released",
    "dist_name": "q2-emperor-2026.4.0-py312h900987f_1",
    "name": "q2-emperor",
    "platform": "linux-64",
    "version": "2026.4.0"
  },
  {
    "base_url": "https://packages.qiime2.org/qiime2/2026.4/qiime2/released",
    "build_number": 1,
    "build_string": "py312hf41bed8_1",
    "channel": "qiime2/2026.4/qiime2/released",
    "dist_name": "q2-feature-classifier-2026.4.0-py312hf41bed8_1",
    "name": "q2-feature-classifier",
    "platform": "linux-64",
    "version": "2026.4.0"
  },
  {
    "base_url": "https://packages.qiime2.org/qiime2/2026.4/qiime2/released",
    "build_number": 1,
    "build_string": "py312h703d945_1",
    "channel": "qiime2/2026.4/qiime2/released",
    "dist_name": "q2-feature-table-2026.4.0-py312h703d945_1",
    "name": "q2-feature-table",
    "platform": "linux-64",
    "version": "2026.4.0"
  },
  {
    "base_url": "https://packages.qiime2.org/qiime2/2026.4/qiime2/released",
    "build_number": 1,
    "build_string": "py312hd2e42fc_1",
    "channel": "qiime2/2026.4/qiime2/released",
    "dist_name": "q2-fondue-2026.4.0-py312hd2e42fc_1",
    "name": "q2-fondue",
    "platform": "linux-64",
    "version": "2026.4.0"
  },
  {
    "base_url": "https://packages.qiime2.org/qiime2/2026.4/qiime2/released",
    "build_number": 1,
    "build_string": "py312h71ed030_1",
    "channel": "qiime2/2026.4/qiime2/released",
    "dist_name": "q2-fragment-insertion-2026.4.0-py312h71ed030_1",
    "name": "q2-fragment-insertion",
    "platform": "linux-64",
    "version": "2026.4.0"
  },
  {
    "base_url": "https://packages.qiime2.org/qiime2/2026.4/qiime2/released",
    "build_number": 1,
    "build_string": "py312h0e165ca_1",
    "channel": "qiime2/2026.4/qiime2/released",
    "dist_name": "q2-kmerizer-2026.4.0-py312h0e165ca_1",
    "name": "q2-kmerizer",
    "platform": "linux-64",
    "version": "2026.4.0"
  },
  {
    "base_url": "https://packages.qiime2.org/qiime2/2026.4/qiime2/released",
    "build_number": 1,
    "build_string": "py312h496f6ca_1",
    "channel": "qiime2/2026.4/qiime2/released",
    "dist_name": "q2-longitudinal-2026.4.0-py312h496f6ca_1",
    "name": "q2-longitudinal",
    "platform": "linux-64",
    "version": "2026.4.0"
  },
  {
    "base_url": "https://packages.qiime2.org/qiime2/2026.4/qiime2/released",
    "build_number": 1,
    "build_string": "py312h3be99f6_1",
    "channel": "qiime2/2026.4/qiime2/released",
    "dist_name": "q2-metadata-2026.4.0-py312h3be99f6_1",
    "name": "q2-metadata",
    "platform": "linux-64",
    "version": "2026.4.0"
  },
  {
    "base_url": "https://packages.qiime2.org/qiime2/2026.4/qiime2/released",
    "build_number": 1,
    "build_string": "py312hc2cbb68_1",
    "channel": "qiime2/2026.4/qiime2/released",
    "dist_name": "q2-mystery-stew-2026.4.0-py312hc2cbb68_1",
    "name": "q2-mystery-stew",
    "platform": "linux-64",
    "version": "2026.4.0"
  },
  {
    "base_url": "https://packages.qiime2.org/qiime2/2026.4/qiime2/released",
    "build_number": 1,
    "build_string": "py312hf9e592b_1",
    "channel": "qiime2/2026.4/qiime2/released",
    "dist_name": "q2-phylogeny-2026.4.0-py312hf9e592b_1",
    "name": "q2-phylogeny",
    "platform": "linux-64",
    "version": "2026.4.0"
  },
  {
    "base_url": "https://packages.qiime2.org/qiime2/2026.4/qiime2/released",
    "build_number": 1,
    "build_string": "py312habdb50c_1",
    "channel": "qiime2/2026.4/qiime2/released",
    "dist_name": "q2-quality-control-2026.4.0-py312habdb50c_1",
    "name": "q2-quality-control",
    "platform": "linux-64",
    "version": "2026.4.0"
  },
  {
    "base_url": "https://packages.qiime2.org/qiime2/2026.4/qiime2/released",
    "build_number": 1,
    "build_string": "py312ha4c4235_1",
    "channel": "qiime2/2026.4/qiime2/released",
    "dist_name": "q2-quality-filter-2026.4.0-py312ha4c4235_1",
    "name": "q2-quality-filter",
    "platform": "linux-64",
    "version": "2026.4.0"
  },
  {
    "base_url": "https://packages.qiime2.org/qiime2/2026.4/qiime2/released",
    "build_number": 1,
    "build_string": "py312hc3830e5_1",
    "channel": "qiime2/2026.4/qiime2/released",
    "dist_name": "q2-sample-classifier-2026.4.0-py312hc3830e5_1",
    "name": "q2-sample-classifier",
    "platform": "linux-64",
    "version": "2026.4.0"
  },
  {
    "base_url": "https://packages.qiime2.org/qiime2/2026.4/qiime2/released",
    "build_number": 1,
    "build_string": "py312hf98ba1a_1",
    "channel": "qiime2/2026.4/qiime2/released",
    "dist_name": "q2-stats-2026.4.0-py312hf98ba1a_1",
    "name": "q2-stats",
    "platform": "linux-64",
    "version": "2026.4.0"
  },
  {
    "base_url": "https://packages.qiime2.org/qiime2/2026.4/qiime2/released",
    "build_number": 1,
    "build_string": "py312h99b464e_1",
    "channel": "qiime2/2026.4/qiime2/released",
    "dist_name": "q2-taxa-2026.4.0-py312h99b464e_1",
    "name": "q2-taxa",
    "platform": "linux-64",
    "version": "2026.4.0"
  },
  {
    "base_url": "https://packages.qiime2.org/qiime2/2026.4/qiime2/released",
    "build_number": 1,
    "build_string": "py312h5cf5ed6_1",
    "channel": "qiime2/2026.4/qiime2/released",
    "dist_name": "q2-types-2026.4.0-py312h5cf5ed6_1",
    "name": "q2-types",
    "platform": "linux-64",
    "version": "2026.4.0"
  },
  {
    "base_url": "https://packages.qiime2.org/qiime2/2026.4/qiime2/released",
    "build_number": 1,
    "build_string": "py312hacc6c4f_1",
    "channel": "qiime2/2026.4/qiime2/released",
    "dist_name": "q2-vizard-2026.4.0-py312hacc6c4f_1",
    "name": "q2-vizard",
    "platform": "linux-64",
    "version": "2026.4.0"
  },
  {
    "base_url": "https://packages.qiime2.org/qiime2/2026.4/qiime2/released",
    "build_number": 1,
    "build_string": "py312hcceff42_1",
    "channel": "qiime2/2026.4/qiime2/released",
    "dist_name": "q2-vsearch-2026.4.0-py312hcceff42_1",
    "name": "q2-vsearch",
    "platform": "linux-64",
    "version": "2026.4.0"
  },
  {
    "base_url": "https://packages.qiime2.org/qiime2/2026.4/qiime2/released",
    "build_number": 1,
    "build_string": "py312hc006960_1",
    "channel": "qiime2/2026.4/qiime2/released",
    "dist_name": "q2cli-2026.4.0-py312hc006960_1",
    "name": "q2cli",
    "platform": "linux-64",
    "version": "2026.4.0"
  },
  {
    "base_url": "https://packages.qiime2.org/qiime2/2026.4/qiime2/released",
    "build_number": 1,
    "build_string": "py312h38e145b_1",
    "channel": "qiime2/2026.4/qiime2/released",
    "dist_name": "q2templates-2026.4.0-py312h38e145b_1",
    "name": "q2templates",
    "platform": "linux-64",
    "version": "2026.4.0"
  },
  {
    "base_url": "https://conda.anaconda.org/conda-forge",
    "build_number": 5,
    "build_string": "h434a139_5",
    "channel": "conda-forge",
    "dist_name": "qhull-2020.2-h434a139_5",
    "name": "qhull",
    "platform": "linux-64",
    "version": "2020.2"
  },
  {
    "base_url": "https://packages.qiime2.org/qiime2/2026.4/qiime2/released",
    "build_number": 1,
    "build_string": "py312h10a4a9d_1",
    "channel": "qiime2/2026.4/qiime2/released",
    "dist_name": "qiime2-2026.4.0-py312h10a4a9d_1",
    "name": "qiime2",
    "platform": "linux-64",
    "version": "2026.4.0"
  },
  {
    "base_url": "https://conda.anaconda.org/conda-forge",
    "build_number": 4,
    "build_string": "pl5321h16c4a6b_4",
    "channel": "conda-forge",
    "dist_name": "qt6-main-6.11.0-pl5321h16c4a6b_4",
    "name": "qt6-main",
    "platform": "linux-64",
    "version": "6.11.0"
  },
  {
    "base_url": "https://conda.anaconda.org/conda-forge",
    "build_number": 1,
    "build_string": "r45hc72bb7e_1",
    "channel": "conda-forge",
    "dist_name": "r-abind-1.4_8-r45hc72bb7e_1",
    "name": "r-abind",
    "platform": "noarch",
    "version": "1.4_8"
  },
  {
    "base_url": "https://conda.anaconda.org/conda-forge",
    "build_number": 0,
    "build_string": "r45h3704496_0",
    "channel": "conda-forge",
    "dist_name": "r-ade4-1.7_24-r45h3704496_0",
    "name": "r-ade4",
    "platform": "linux-64",
    "version": "1.7_24"
  },
  {
    "base_url": "https://conda.anaconda.org/conda-forge",
    "build_number": 2,
    "build_string": "r45h3704496_2",
    "channel": "conda-forge",
    "dist_name": "r-ape-5.8_1-r45h3704496_2",
    "name": "r-ape",
    "platform": "linux-64",
    "version": "5.8_1"
  },
  {
    "base_url": "https://conda.anaconda.org/conda-forge",
    "build_number": 1,
    "build_string": "r45h54b55ab_1",
    "channel": "conda-forge",
    "dist_name": "r-askpass-1.2.1-r45h54b55ab_1",
    "name": "r-askpass",
    "platform": "linux-64",
    "version": "1.2.1"
  },
  {
    "base_url": "https://conda.anaconda.org/conda-forge",
    "build_number": 6,
    "build_string": "r45hc72bb7e_6",
    "channel": "conda-forge",
    "dist_name": "r-assertthat-0.2.1-r45hc72bb7e_6",
    "name": "r-assertthat",
    "platform": "noarch",
    "version": "0.2.1"
  },
  {
    "base_url": "https://conda.anaconda.org/conda-forge",
    "build_number": 0,
    "build_string": "r45h54b55ab_0",
    "channel": "conda-forge",
    "dist_name": "r-backports-1.5.1-r45h54b55ab_0",
    "name": "r-backports",
    "platform": "linux-64",
    "version": "1.5.1"
  },
  {
    "base_url": "https://conda.anaconda.org/conda-forge",
    "build_number": 4,
    "build_string": "h1fbe982_4",
    "channel": "conda-forge",
    "dist_name": "r-base-4.5.2-h1fbe982_4",
    "name": "r-base",
    "platform": "linux-64",
    "version": "4.5.2"
  },
  {
    "base_url": "https://conda.anaconda.org/conda-forge",
    "build_number": 0,
    "build_string": "r45h54b55ab_0",
    "channel": "conda-forge",
    "dist_name": "r-base64enc-0.1_6-r45h54b55ab_0",
    "name": "r-base64enc",
    "platform": "linux-64",
    "version": "0.1_6"
  },
  {
    "base_url": "https://conda.anaconda.org/conda-forge",
    "build_number": 0,
    "build_string": "r45h3704496_0",
    "channel": "conda-forge",
    "dist_name": "r-bayesm-3.1_7-r45h3704496_0",
    "name": "r-bayesm",
    "platform": "linux-64",
    "version": "3.1_7"
  },
  {
    "base_url": "https://conda.anaconda.org/conda-forge",
    "build_number": 0,
    "build_string": "r45hc72bb7e_0",
    "channel": "conda-forge",
    "dist_name": "r-bh-1.90.0_1-r45hc72bb7e_0",
    "name": "r-bh",
    "platform": "noarch",
    "version": "1.90.0_1"
  },
  {
    "base_url": "https://conda.anaconda.org/conda-forge",
    "build_number": 0,
    "build_string": "r45hc72bb7e_0",
    "channel": "conda-forge",
    "dist_name": "r-bibtex-0.5.2-r45hc72bb7e_0",
    "name": "r-bibtex",
    "platform": "noarch",
    "version": "0.5.2"
  },
  {
    "base_url": "https://conda.anaconda.org/conda-forge",
    "build_number": 1,
    "build_string": "r45h54b55ab_1",
    "channel": "conda-forge",
    "dist_name": "r-bit-4.6.0-r45h54b55ab_1",
    "name": "r-bit",
    "platform": "linux-64",
    "version": "4.6.0"
  },
  {
    "base_url": "https://conda.anaconda.org/conda-forge",
    "build_number": 1,
    "build_string": "r45h54b55ab_1",
    "channel": "conda-forge",
    "dist_name": "r-bit64-4.6.0_1-r45h54b55ab_1",
    "name": "r-bit64",
    "platform": "linux-64",
    "version": "4.6.0_1"
  },
  {
    "base_url": "https://conda.anaconda.org/conda-forge",
    "build_number": 1,
    "build_string": "r45h54b55ab_1",
    "channel": "conda-forge",
    "dist_name": "r-bitops-1.0_9-r45h54b55ab_1",
    "name": "r-bitops",
    "platform": "linux-64",
    "version": "1.0_9"
  },
  {
    "base_url": "https://conda.anaconda.org/conda-forge",
    "build_number": 0,
    "build_string": "r45hc72bb7e_0",
    "channel": "conda-forge",
    "dist_name": "r-blob-1.3.0-r45hc72bb7e_0",
    "name": "r-blob",
    "platform": "noarch",
    "version": "1.3.0"
  },
  {
    "base_url": "https://conda.anaconda.org/conda-forge",
    "build_number": 1,
    "build_string": "r45hc72bb7e_1",
    "channel": "conda-forge",
    "dist_name": "r-boot-1.3_32-r45hc72bb7e_1",
    "name": "r-boot",
    "platform": "noarch",
    "version": "1.3_32"
  },
  {
    "base_url": "https://conda.anaconda.org/conda-forge",
    "build_number": 0,
    "build_string": "r45hc72bb7e_0",
    "channel": "conda-forge",
    "dist_name": "r-broom-1.0.12-r45hc72bb7e_0",
    "name": "r-broom",
    "platform": "noarch",
    "version": "1.0.12"
  },
  {
    "base_url": "https://conda.anaconda.org/conda-forge",
    "build_number": 0,
    "build_string": "r45hc72bb7e_0",
    "channel": "conda-forge",
    "dist_name": "r-bslib-0.10.0-r45hc72bb7e_0",
    "name": "r-bslib",
    "platform": "noarch",
    "version": "0.10.0"
  },
  {
    "base_url": "https://conda.anaconda.org/conda-forge",
    "build_number": 2,
    "build_string": "r45h54b55ab_2",
    "channel": "conda-forge",
    "dist_name": "r-cachem-1.1.0-r45h54b55ab_2",
    "name": "r-cachem",
    "platform": "linux-64",
    "version": "1.1.0"
  },
  {
    "base_url": "https://conda.anaconda.org/conda-forge",
    "build_number": 2,
    "build_string": "r45hc72bb7e_2",
    "channel": "conda-forge",
    "dist_name": "r-callr-3.7.6-r45hc72bb7e_2",
    "name": "r-callr",
    "platform": "noarch",
    "version": "3.7.6"
  },
  {
    "base_url": "https://conda.anaconda.org/conda-forge",
    "build_number": 1008,
    "build_string": "r45hc72bb7e_1008",
    "channel": "conda-forge",
    "dist_name": "r-cellranger-1.1.0-r45hc72bb7e_1008",
    "name": "r-cellranger",
    "platform": "noarch",
    "version": "1.1.0"
  },
  {
    "base_url": "https://conda.anaconda.org/conda-forge",
    "build_number": 1,
    "build_string": "r45h54b55ab_1",
    "channel": "conda-forge",
    "dist_name": "r-checkmate-2.3.3-r45h54b55ab_1",
    "name": "r-checkmate",
    "platform": "linux-64",
    "version": "2.3.3"
  },
  {
    "base_url": "https://conda.anaconda.org/conda-forge",
    "build_number": 1,
    "build_string": "r45h54b55ab_1",
    "channel": "conda-forge",
    "dist_name": "r-class-7.3_23-r45h54b55ab_1",
    "name": "r-class",
    "platform": "linux-64",
    "version": "7.3_23"
  },
  {
    "base_url": "https://conda.anaconda.org/conda-forge",
    "build_number": 0,
    "build_string": "r45h3697838_0",
    "channel": "conda-forge",
    "dist_name": "r-cli-3.6.6-r45h3697838_0",
    "name": "r-cli",
    "platform": "linux-64",
    "version": "3.6.6"
  },
  {
    "base_url": "https://conda.anaconda.org/conda-forge",
    "build_number": 4,
    "build_string": "r45hc72bb7e_4",
    "channel": "conda-forge",
    "dist_name": "r-clipr-0.8.0-r45hc72bb7e_4",
    "name": "r-clipr",
    "platform": "noarch",
    "version": "0.8.0"
  },
  {
    "base_url": "https://conda.anaconda.org/conda-forge",
    "build_number": 0,
    "build_string": "r45heaba542_0",
    "channel": "conda-forge",
    "dist_name": "r-cluster-2.1.8.2-r45heaba542_0",
    "name": "r-cluster",
    "platform": "linux-64",
    "version": "2.1.8.2"
  },
  {
    "base_url": "https://conda.anaconda.org/conda-forge",
    "build_number": 2,
    "build_string": "r45hc72bb7e_2",
    "channel": "conda-forge",
    "dist_name": "r-codetools-0.2_20-r45hc72bb7e_2",
    "name": "r-codetools",
    "platform": "noarch",
    "version": "0.2_20"
  },
  {
    "base_url": "https://conda.anaconda.org/conda-forge",
    "build_number": 0,
    "build_string": "r45h54b55ab_0",
    "channel": "conda-forge",
    "dist_name": "r-colorspace-2.1_2-r45h54b55ab_0",
    "name": "r-colorspace",
    "platform": "linux-64",
    "version": "2.1_2"
  },
  {
    "base_url": "https://conda.anaconda.org/conda-forge",
    "build_number": 1,
    "build_string": "r45h0e4624f_1",
    "channel": "conda-forge",
    "dist_name": "r-compositions-2.0_9-r45h0e4624f_1",
    "name": "r-compositions",
    "platform": "linux-64",
    "version": "2.0_9"
  },
  {
    "base_url": "https://conda.anaconda.org/conda-forge",
    "build_number": 3,
    "build_string": "r45h785f33e_3",
    "channel": "conda-forge",
    "dist_name": "r-conflicted-1.2.0-r45h785f33e_3",
    "name": "r-conflicted",
    "platform": "noarch",
    "version": "1.2.0"
  },
  {
    "base_url": "https://conda.anaconda.org/conda-forge",
    "build_number": 0,
    "build_string": "r45h785f33e_0",
    "channel": "conda-forge",
    "dist_name": "r-cpp11-0.5.4-r45h785f33e_0",
    "name": "r-cpp11",
    "platform": "noarch",
    "version": "0.5.4"
  },
  {
    "base_url": "https://conda.anaconda.org/conda-forge",
    "build_number": 2,
    "build_string": "r45hc72bb7e_2",
    "channel": "conda-forge",
    "dist_name": "r-crayon-1.5.3-r45hc72bb7e_2",
    "name": "r-crayon",
    "platform": "noarch",
    "version": "1.5.3"
  },
  {
    "base_url": "https://conda.anaconda.org/conda-forge",
    "build_number": 1,
    "build_string": "r45h10955f1_1",
    "channel": "conda-forge",
    "dist_name": "r-curl-7.0.0-r45h10955f1_1",
    "name": "r-curl",
    "platform": "linux-64",
    "version": "7.0.0"
  },
  {
    "base_url": "https://conda.anaconda.org/conda-forge",
    "build_number": 2,
    "build_string": "r45h3697838_2",
    "channel": "conda-forge",
    "dist_name": "r-cvxr-1.0_15-r45h3697838_2",
    "name": "r-cvxr",
    "platform": "linux-64",
    "version": "1.0_15"
  },
  {
    "base_url": "https://conda.anaconda.org/conda-forge",
    "build_number": 1,
    "build_string": "r45h1c8cec4_1",
    "channel": "conda-forge",
    "dist_name": "r-data.table-1.17.8-r45h1c8cec4_1",
    "name": "r-data.table",
    "platform": "linux-64",
    "version": "1.17.8"
  },
  {
    "base_url": "https://conda.anaconda.org/conda-forge",
    "build_number": 0,
    "build_string": "r45hc72bb7e_0",
    "channel": "conda-forge",
    "dist_name": "r-dbi-1.3.0-r45hc72bb7e_0",
    "name": "r-dbi",
    "platform": "noarch",
    "version": "1.3.0"
  },
  {
    "base_url": "https://conda.anaconda.org/conda-forge",
    "build_number": 0,
    "build_string": "r45hc72bb7e_0",
    "channel": "conda-forge",
    "dist_name": "r-dbplyr-2.5.2-r45hc72bb7e_0",
    "name": "r-dbplyr",
    "platform": "noarch",
    "version": "2.5.2"
  },
  {
    "base_url": "https://conda.anaconda.org/conda-forge",
    "build_number": 2,
    "build_string": "r45heaba542_2",
    "channel": "conda-forge",
    "dist_name": "r-deldir-2.0_4-r45heaba542_2",
    "name": "r-deldir",
    "platform": "linux-64",
    "version": "2.0_4"
  },
  {
    "base_url": "https://conda.anaconda.org/conda-forge",
    "build_number": 1,
    "build_string": "r45hc72bb7e_1",
    "channel": "conda-forge",
    "dist_name": "r-deoptimr-1.1_4-r45hc72bb7e_1",
    "name": "r-deoptimr",
    "platform": "noarch",
    "version": "1.1_4"
  },
  {
    "base_url": "https://conda.anaconda.org/conda-forge",
    "build_number": 1,
    "build_string": "r45ha36cffa_1",
    "channel": "conda-forge",
    "dist_name": "r-desctools-0.99.60-r45ha36cffa_1",
    "name": "r-desctools",
    "platform": "linux-64",
    "version": "0.99.60"
  },
  {
    "base_url": "https://conda.anaconda.org/conda-forge",
    "build_number": 0,
    "build_string": "r45h3697838_0",
    "channel": "conda-forge",
    "dist_name": "r-digest-0.6.39-r45h3697838_0",
    "name": "r-digest",
    "platform": "linux-64",
    "version": "0.6.39"
  },
  {
    "base_url": "https://conda.anaconda.org/conda-forge",
    "build_number": 4,
    "build_string": "r45hc72bb7e_4",
    "channel": "conda-forge",
    "dist_name": "r-doparallel-1.0.17-r45hc72bb7e_4",
    "name": "r-doparallel",
    "platform": "noarch",
    "version": "1.0.17"
  },
  {
    "base_url": "https://conda.anaconda.org/conda-forge",
    "build_number": 0,
    "build_string": "r45hc72bb7e_0",
    "channel": "conda-forge",
    "dist_name": "r-dorng-1.8.6.3-r45hc72bb7e_0",
    "name": "r-dorng",
    "platform": "noarch",
    "version": "1.8.6.3"
  },
  {
    "base_url": "https://conda.anaconda.org/conda-forge",
    "build_number": 0,
    "build_string": "r45h3697838_0",
    "channel": "conda-forge",
    "dist_name": "r-dplyr-1.2.1-r45h3697838_0",
    "name": "r-dplyr",
    "platform": "linux-64",
    "version": "1.2.1"
  },
  {
    "base_url": "https://conda.anaconda.org/conda-forge",
    "build_number": 0,
    "build_string": "r45hc72bb7e_0",
    "channel": "conda-forge",
    "dist_name": "r-dtplyr-1.3.3-r45hc72bb7e_0",
    "name": "r-dtplyr",
    "platform": "noarch",
    "version": "1.3.3"
  },
  {
    "base_url": "https://conda.anaconda.org/conda-forge",
    "build_number": 0,
    "build_string": "r45h3697838_0",
    "channel": "conda-forge",
    "dist_name": "r-e1071-1.7_17-r45h3697838_0",
    "name": "r-e1071",
    "platform": "linux-64",
    "version": "1.7_17"
  },
  {
    "base_url": "https://conda.anaconda.org/conda-forge",
    "build_number": 4,
    "build_string": "r45h54b55ab_4",
    "channel": "conda-forge",
    "dist_name": "r-ecosolver-0.5.5-r45h54b55ab_4",
    "name": "r-ecosolver",
    "platform": "linux-64",
    "version": "0.5.5"
  },
  {
    "base_url": "https://conda.anaconda.org/conda-forge",
    "build_number": 0,
    "build_string": "r45h54b55ab_0",
    "channel": "conda-forge",
    "dist_name": "r-ellipsis-0.3.3-r45h54b55ab_0",
    "name": "r-ellipsis",
    "platform": "linux-64",
    "version": "0.3.3"
  },
  {
    "base_url": "https://conda.anaconda.org/conda-forge",
    "build_number": 2,
    "build_string": "r45h3697838_2",
    "channel": "conda-forge",
    "dist_name": "r-energy-1.7_12-r45h3697838_2",
    "name": "r-energy",
    "platform": "linux-64",
    "version": "1.7_12"
  },
  {
    "base_url": "https://conda.anaconda.org/conda-forge",
    "build_number": 1,
    "build_string": "r45hc72bb7e_1",
    "channel": "conda-forge",
    "dist_name": "r-evaluate-1.0.5-r45hc72bb7e_1",
    "name": "r-evaluate",
    "platform": "noarch",
    "version": "1.0.5"
  },
  {
    "base_url": "https://conda.anaconda.org/conda-forge",
    "build_number": 1,
    "build_string": "r45hc72bb7e_1",
    "channel": "conda-forge",
    "dist_name": "r-exact-3.3-r45hc72bb7e_1",
    "name": "r-exact",
    "platform": "noarch",
    "version": "3.3"
  },
  {
    "base_url": "https://conda.anaconda.org/conda-forge",
    "build_number": 1,
    "build_string": "r45h11cdb10_1",
    "channel": "conda-forge",
    "dist_name": "r-expm-1.0_0-r45h11cdb10_1",
    "name": "r-expm",
    "platform": "linux-64",
    "version": "1.0_0"
  },
  {
    "base_url": "https://conda.anaconda.org/conda-forge",
    "build_number": 0,
    "build_string": "r45h54b55ab_0",
    "channel": "conda-forge",
    "dist_name": "r-fansi-1.0.7-r45h54b55ab_0",
    "name": "r-fansi",
    "platform": "linux-64",
    "version": "1.0.7"
  },
  {
    "base_url": "https://conda.anaconda.org/conda-forge",
    "build_number": 2,
    "build_string": "r45h3697838_2",
    "channel": "conda-forge",
    "dist_name": "r-farver-2.1.2-r45h3697838_2",
    "name": "r-farver",
    "platform": "linux-64",
    "version": "2.1.2"
  },
  {
    "base_url": "https://conda.anaconda.org/conda-forge",
    "build_number": 2,
    "build_string": "r45h3697838_2",
    "channel": "conda-forge",
    "dist_name": "r-fastmap-1.2.0-r45h3697838_2",
    "name": "r-fastmap",
    "platform": "linux-64",
    "version": "1.2.0"
  },
  {
    "base_url": "https://conda.anaconda.org/conda-forge",
    "build_number": 1,
    "build_string": "r45hc72bb7e_1",
    "channel": "conda-forge",
    "dist_name": "r-fontawesome-0.5.3-r45hc72bb7e_1",
    "name": "r-fontawesome",
    "platform": "noarch",
    "version": "0.5.3"
  },
  {
    "base_url": "https://conda.anaconda.org/conda-forge",
    "build_number": 0,
    "build_string": "r45hc72bb7e_0",
    "channel": "conda-forge",
    "dist_name": "r-forcats-1.0.1-r45hc72bb7e_0",
    "name": "r-forcats",
    "platform": "noarch",
    "version": "1.0.1"
  },
  {
    "base_url": "https://conda.anaconda.org/conda-forge",
    "build_number": 4,
    "build_string": "r45hc72bb7e_4",
    "channel": "conda-forge",
    "dist_name": "r-foreach-1.5.2-r45hc72bb7e_4",
    "name": "r-foreach",
    "platform": "noarch",
    "version": "1.5.2"
  },
  {
    "base_url": "https://conda.anaconda.org/conda-forge",
    "build_number": 0,
    "build_string": "r45h54b55ab_0",
    "channel": "conda-forge",
    "dist_name": "r-foreign-0.8_91-r45h54b55ab_0",
    "name": "r-foreign",
    "platform": "linux-64",
    "version": "0.8_91"
  },
  {
    "base_url": "https://conda.anaconda.org/conda-forge",
    "build_number": 3,
    "build_string": "r45hc72bb7e_3",
    "channel": "conda-forge",
    "dist_name": "r-formatr-1.14-r45hc72bb7e_3",
    "name": "r-formatr",
    "platform": "noarch",
    "version": "1.14"
  },
  {
    "base_url": "https://conda.anaconda.org/conda-forge",
    "build_number": 3,
    "build_string": "r45hc72bb7e_3",
    "channel": "conda-forge",
    "dist_name": "r-formula-1.2_5-r45hc72bb7e_3",
    "name": "r-formula",
    "platform": "noarch",
    "version": "1.2_5"
  },
  {
    "base_url": "https://conda.anaconda.org/conda-forge",
    "build_number": 1,
    "build_string": "r45hc72bb7e_1",
    "channel": "conda-forge",
    "dist_name": "r-frictionless-1.2.1-r45hc72bb7e_1",
    "name": "r-frictionless",
    "platform": "noarch",
    "version": "1.2.1"
  },
  {
    "base_url": "https://conda.anaconda.org/conda-forge",
    "build_number": 0,
    "build_string": "r45h3697838_0",
    "channel": "conda-forge",
    "dist_name": "r-fs-1.6.7-r45h3697838_0",
    "name": "r-fs",
    "platform": "linux-64",
    "version": "1.6.7"
  },
  {
    "base_url": "https://conda.anaconda.org/conda-forge",
    "build_number": 0,
    "build_string": "r45hc72bb7e_0",
    "channel": "conda-forge",
    "dist_name": "r-futile.logger-1.4.9-r45hc72bb7e_0",
    "name": "r-futile.logger",
    "platform": "noarch",
    "version": "1.4.9"
  },
  {
    "base_url": "https://conda.anaconda.org/conda-forge",
    "build_number": 1006,
    "build_string": "r45hc72bb7e_1006",
    "channel": "conda-forge",
    "dist_name": "r-futile.options-1.0.1-r45hc72bb7e_1006",
    "name": "r-futile.options",
    "platform": "noarch",
    "version": "1.0.1"
  },
  {
    "base_url": "https://conda.anaconda.org/conda-forge",
    "build_number": 0,
    "build_string": "r45h785f33e_0",
    "channel": "conda-forge",
    "dist_name": "r-gargle-1.6.1-r45h785f33e_0",
    "name": "r-gargle",
    "platform": "noarch",
    "version": "1.6.1"
  },
  {
    "base_url": "https://conda.anaconda.org/conda-forge",
    "build_number": 2,
    "build_string": "r45hc72bb7e_2",
    "channel": "conda-forge",
    "dist_name": "r-gbrd-0.4.12-r45hc72bb7e_2",
    "name": "r-gbrd",
    "platform": "noarch",
    "version": "0.4.12"
  },
  {
    "base_url": "https://conda.anaconda.org/conda-forge",
    "build_number": 1,
    "build_string": "r45hc72bb7e_1",
    "channel": "conda-forge",
    "dist_name": "r-generics-0.1.4-r45hc72bb7e_1",
    "name": "r-generics",
    "platform": "noarch",
    "version": "0.1.4"
  },
  {
    "base_url": "https://conda.anaconda.org/conda-forge",
    "build_number": 2,
    "build_string": "r45ha770c72_2",
    "channel": "conda-forge",
    "dist_name": "r-getopt-1.20.4-r45ha770c72_2",
    "name": "r-getopt",
    "platform": "noarch",
    "version": "1.20.4"
  },
  {
    "base_url": "https://conda.anaconda.org/conda-forge",
    "build_number": 0,
    "build_string": "r45h785f33e_0",
    "channel": "conda-forge",
    "dist_name": "r-ggplot2-4.0.2-r45h785f33e_0",
    "name": "r-ggplot2",
    "platform": "noarch",
    "version": "4.0.2"
  },
  {
    "base_url": "https://conda.anaconda.org/conda-forge",
    "build_number": 0,
    "build_string": "r45h54b55ab_0",
    "channel": "conda-forge",
    "dist_name": "r-gld-2.6.8-r45h54b55ab_0",
    "name": "r-gld",
    "platform": "linux-64",
    "version": "2.6.8"
  },
  {
    "base_url": "https://conda.anaconda.org/conda-forge",
    "build_number": 0,
    "build_string": "r45h54b55ab_0",
    "channel": "conda-forge",
    "dist_name": "r-glue-1.8.1-r45h54b55ab_0",
    "name": "r-glue",
    "platform": "linux-64",
    "version": "1.8.1"
  },
  {
    "base_url": "https://conda.anaconda.org/conda-forge",
    "build_number": 0,
    "build_string": "r45h3697838_0",
    "channel": "conda-forge",
    "dist_name": "r-gmp-0.7_5.1-r45h3697838_0",
    "name": "r-gmp",
    "platform": "linux-64",
    "version": "0.7_5.1"
  },
  {
    "base_url": "https://conda.anaconda.org/conda-forge",
    "build_number": 1,
    "build_string": "r45hc72bb7e_1",
    "channel": "conda-forge",
    "dist_name": "r-googledrive-2.1.2-r45hc72bb7e_1",
    "name": "r-googledrive",
    "platform": "noarch",
    "version": "2.1.2"
  },
  {
    "base_url": "https://conda.anaconda.org/conda-forge",
    "build_number": 1,
    "build_string": "r45h785f33e_1",
    "channel": "conda-forge",
    "dist_name": "r-googlesheets4-1.1.2-r45h785f33e_1",
    "name": "r-googlesheets4",
    "platform": "noarch",
    "version": "1.1.2"
  },
  {
    "base_url": "https://conda.anaconda.org/conda-forge",
    "build_number": 0,
    "build_string": "r45hc72bb7e_0",
    "channel": "conda-forge",
    "dist_name": "r-gridextra-2.3.1-r45hc72bb7e_0",
    "name": "r-gridextra",
    "platform": "noarch",
    "version": "2.3.1"
  },
  {
    "base_url": "https://conda.anaconda.org/conda-forge",
    "build_number": 0,
    "build_string": "r45h8bbe68a_0",
    "channel": "conda-forge",
    "dist_name": "r-gsl-2.1_9-r45h8bbe68a_0",
    "name": "r-gsl",
    "platform": "linux-64",
    "version": "2.1_9"
  },
  {
    "base_url": "https://conda.anaconda.org/conda-forge",
    "build_number": 1,
    "build_string": "r45hc72bb7e_1",
    "channel": "conda-forge",
    "dist_name": "r-gtable-0.3.6-r45hc72bb7e_1",
    "name": "r-gtable",
    "platform": "noarch",
    "version": "0.3.6"
  },
  {
    "base_url": "https://conda.anaconda.org/conda-forge",
    "build_number": 2,
    "build_string": "r45h54b55ab_2",
    "channel": "conda-forge",
    "dist_name": "r-gtools-3.9.5-r45h54b55ab_2",
    "name": "r-gtools",
    "platform": "linux-64",
    "version": "3.9.5"
  },
  {
    "base_url": "https://conda.anaconda.org/conda-forge",
    "build_number": 1,
    "build_string": "r45h6d565e7_1",
    "channel": "conda-forge",
    "dist_name": "r-haven-2.5.5-r45h6d565e7_1",
    "name": "r-haven",
    "platform": "linux-64",
    "version": "2.5.5"
  },
  {
    "base_url": "https://conda.anaconda.org/conda-forge",
    "build_number": 0,
    "build_string": "r45hc72bb7e_0",
    "channel": "conda-forge",
    "dist_name": "r-here-1.0.2-r45hc72bb7e_0",
    "name": "r-here",
    "platform": "noarch",
    "version": "1.0.2"
  },
  {
    "base_url": "https://conda.anaconda.org/conda-forge",
    "build_number": 0,
    "build_string": "r45hc72bb7e_0",
    "channel": "conda-forge",
    "dist_name": "r-highr-0.12-r45hc72bb7e_0",
    "name": "r-highr",
    "platform": "noarch",
    "version": "0.12"
  },
  {
    "base_url": "https://conda.anaconda.org/conda-forge",
    "build_number": 0,
    "build_string": "r45heaba542_0",
    "channel": "conda-forge",
    "dist_name": "r-hmisc-5.2_5-r45heaba542_0",
    "name": "r-hmisc",
    "platform": "linux-64",
    "version": "5.2_5"
  },
  {
    "base_url": "https://conda.anaconda.org/conda-forge",
    "build_number": 0,
    "build_string": "r45hc72bb7e_0",
    "channel": "conda-forge",
    "dist_name": "r-hms-1.1.4-r45hc72bb7e_0",
    "name": "r-hms",
    "platform": "noarch",
    "version": "1.1.4"
  },
  {
    "base_url": "https://conda.anaconda.org/conda-forge",
    "build_number": 1,
    "build_string": "r45hc72bb7e_1",
    "channel": "conda-forge",
    "dist_name": "r-htmltable-2.4.3-r45hc72bb7e_1",
    "name": "r-htmltable",
    "platform": "noarch",
    "version": "2.4.3"
  },
  {
    "base_url": "https://conda.anaconda.org/conda-forge",
    "build_number": 0,
    "build_string": "r45h3697838_0",
    "channel": "conda-forge",
    "dist_name": "r-htmltools-0.5.9-r45h3697838_0",
    "name": "r-htmltools",
    "platform": "linux-64",
    "version": "0.5.9"
  },
  {
    "base_url": "https://conda.anaconda.org/conda-forge",
    "build_number": 4,
    "build_string": "r45h785f33e_4",
    "channel": "conda-forge",
    "dist_name": "r-htmlwidgets-1.6.4-r45h785f33e_4",
    "name": "r-htmlwidgets",
    "platform": "noarch",
    "version": "1.6.4"
  },
  {
    "base_url": "https://conda.anaconda.org/conda-forge",
    "build_number": 0,
    "build_string": "r45hc72bb7e_0",
    "channel": "conda-forge",
    "dist_name": "r-httr-1.4.8-r45hc72bb7e_0",
    "name": "r-httr",
    "platform": "noarch",
    "version": "1.4.8"
  },
  {
    "base_url": "https://conda.anaconda.org/conda-forge",
    "build_number": 4,
    "build_string": "r45hc72bb7e_4",
    "channel": "conda-forge",
    "dist_name": "r-hwriter-1.3.2.1-r45hc72bb7e_4",
    "name": "r-hwriter",
    "platform": "noarch",
    "version": "1.3.2.1"
  },
  {
    "base_url": "https://conda.anaconda.org/conda-forge",
    "build_number": 5,
    "build_string": "r45hc72bb7e_5",
    "channel": "conda-forge",
    "dist_name": "r-ids-1.0.1-r45hc72bb7e_5",
    "name": "r-ids",
    "platform": "noarch",
    "version": "1.0.1"
  },
  {
    "base_url": "https://conda.anaconda.org/conda-forge",
    "build_number": 2,
    "build_string": "r45hf411e2a_2",
    "channel": "conda-forge",
    "dist_name": "r-igraph-2.1.4-r45hf411e2a_2",
    "name": "r-igraph",
    "platform": "linux-64",
    "version": "2.1.4"
  },
  {
    "base_url": "https://conda.anaconda.org/conda-forge",
    "build_number": 3,
    "build_string": "r45ha36cffa_3",
    "channel": "conda-forge",
    "dist_name": "r-interp-1.1_6-r45ha36cffa_3",
    "name": "r-interp",
    "platform": "linux-64",
    "version": "1.1_6"
  },
  {
    "base_url": "https://conda.anaconda.org/conda-forge",
    "build_number": 0,
    "build_string": "r45h3697838_0",
    "channel": "conda-forge",
    "dist_name": "r-isoband-0.3.0-r45h3697838_0",
    "name": "r-isoband",
    "platform": "linux-64",
    "version": "0.3.0"
  },
  {
    "base_url": "https://conda.anaconda.org/conda-forge",
    "build_number": 4,
    "build_string": "r45hc72bb7e_4",
    "channel": "conda-forge",
    "dist_name": "r-iterators-1.0.14-r45hc72bb7e_4",
    "name": "r-iterators",
    "platform": "noarch",
    "version": "1.0.14"
  },
  {
    "base_url": "https://conda.anaconda.org/conda-forge",
    "build_number": 1,
    "build_string": "r45hd0206f1_1",
    "channel": "conda-forge",
    "dist_name": "r-jpeg-0.1_11-r45hd0206f1_1",
    "name": "r-jpeg",
    "platform": "linux-64",
    "version": "0.1_11"
  },
  {
    "base_url": "https://conda.anaconda.org/conda-forge",
    "build_number": 4,
    "build_string": "r45hc72bb7e_4",
    "channel": "conda-forge",
    "dist_name": "r-jquerylib-0.1.4-r45hc72bb7e_4",
    "name": "r-jquerylib",
    "platform": "noarch",
    "version": "0.1.4"
  },
  {
    "base_url": "https://conda.anaconda.org/conda-forge",
    "build_number": 1,
    "build_string": "r45h54b55ab_1",
    "channel": "conda-forge",
    "dist_name": "r-jsonlite-2.0.0-r45h54b55ab_1",
    "name": "r-jsonlite",
    "platform": "linux-64",
    "version": "2.0.0"
  },
  {
    "base_url": "https://conda.anaconda.org/conda-forge",
    "build_number": 0,
    "build_string": "r45hc72bb7e_0",
    "channel": "conda-forge",
    "dist_name": "r-knitr-1.51-r45hc72bb7e_0",
    "name": "r-knitr",
    "platform": "noarch",
    "version": "1.51"
  },
  {
    "base_url": "https://conda.anaconda.org/conda-forge",
    "build_number": 2,
    "build_string": "r45hc72bb7e_2",
    "channel": "conda-forge",
    "dist_name": "r-labeling-0.4.3-r45hc72bb7e_2",
    "name": "r-labeling",
    "platform": "noarch",
    "version": "0.4.3"
  },
  {
    "base_url": "https://conda.anaconda.org/conda-forge",
    "build_number": 5,
    "build_string": "r45hc72bb7e_5",
    "channel": "conda-forge",
    "dist_name": "r-lambda.r-1.2.4-r45hc72bb7e_5",
    "name": "r-lambda.r",
    "platform": "noarch",
    "version": "1.2.4"
  },
  {
    "base_url": "https://conda.anaconda.org/conda-forge",
    "build_number": 0,
    "build_string": "r45h54b55ab_0",
    "channel": "conda-forge",
    "dist_name": "r-lattice-0.22_9-r45h54b55ab_0",
    "name": "r-lattice",
    "platform": "linux-64",
    "version": "0.22_9"
  },
  {
    "base_url": "https://conda.anaconda.org/conda-forge",
    "build_number": 0,
    "build_string": "r45hc72bb7e_0",
    "channel": "conda-forge",
    "dist_name": "r-latticeextra-0.6_31-r45hc72bb7e_0",
    "name": "r-latticeextra",
    "platform": "noarch",
    "version": "0.6_31"
  },
  {
    "base_url": "https://conda.anaconda.org/conda-forge",
    "build_number": 0,
    "build_string": "r45hc72bb7e_0",
    "channel": "conda-forge",
    "dist_name": "r-lifecycle-1.0.5-r45hc72bb7e_0",
    "name": "r-lifecycle",
    "platform": "noarch",
    "version": "1.0.5"
  },
  {
    "base_url": "https://conda.anaconda.org/conda-forge",
    "build_number": 0,
    "build_string": "r45h3697838_0",
    "channel": "conda-forge",
    "dist_name": "r-lme4-1.1_38-r45h3697838_0",
    "name": "r-lme4",
    "platform": "linux-64",
    "version": "1.1_38"
  },
  {
    "base_url": "https://conda.anaconda.org/conda-forge",
    "build_number": 0,
    "build_string": "r45hc72bb7e_0",
    "channel": "conda-forge",
    "dist_name": "r-lmertest-3.2_1-r45hc72bb7e_0",
    "name": "r-lmertest",
    "platform": "noarch",
    "version": "3.2_1"
  },
  {
    "base_url": "https://conda.anaconda.org/conda-forge",
    "build_number": 0,
    "build_string": "r45heaba542_0",
    "channel": "conda-forge",
    "dist_name": "r-lmom-3.3-r45heaba542_0",
    "name": "r-lmom",
    "platform": "linux-64",
    "version": "3.3"
  },
  {
    "base_url": "https://conda.anaconda.org/conda-forge",
    "build_number": 0,
    "build_string": "r45h54b55ab_0",
    "channel": "conda-forge",
    "dist_name": "r-lubridate-1.9.5-r45h54b55ab_0",
    "name": "r-lubridate",
    "platform": "linux-64",
    "version": "1.9.5"
  },
  {
    "base_url": "https://conda.anaconda.org/conda-forge",
    "build_number": 0,
    "build_string": "r45h54b55ab_0",
    "channel": "conda-forge",
    "dist_name": "r-magrittr-2.0.5-r45h54b55ab_0",
    "name": "r-magrittr",
    "platform": "linux-64",
    "version": "2.0.5"
  },
  {
    "base_url": "https://conda.anaconda.org/conda-forge",
    "build_number": 0,
    "build_string": "r45h54b55ab_0",
    "channel": "conda-forge",
    "dist_name": "r-mass-7.3_65-r45h54b55ab_0",
    "name": "r-mass",
    "platform": "linux-64",
    "version": "7.3_65"
  },
  {
    "base_url": "https://conda.anaconda.org/conda-forge",
    "build_number": 1,
    "build_string": "r45h0e4624f_1",
    "channel": "conda-forge",
    "dist_name": "r-matrix-1.7_4-r45h0e4624f_1",
    "name": "r-matrix",
    "platform": "linux-64",
    "version": "1.7_4"
  },
  {
    "base_url": "https://conda.anaconda.org/conda-forge",
    "build_number": 1,
    "build_string": "r45h54b55ab_1",
    "channel": "conda-forge",
    "dist_name": "r-matrixstats-1.5.0-r45h54b55ab_1",
    "name": "r-matrixstats",
    "platform": "linux-64",
    "version": "1.5.0"
  },
  {
    "base_url": "https://conda.anaconda.org/conda-forge",
    "build_number": 4,
    "build_string": "r45hc72bb7e_4",
    "channel": "conda-forge",
    "dist_name": "r-memoise-2.0.1-r45hc72bb7e_4",
    "name": "r-memoise",
    "platform": "noarch",
    "version": "2.0.1"
  },
  {
    "base_url": "https://conda.anaconda.org/conda-forge",
    "build_number": 0,
    "build_string": "r45h0e4624f_0",
    "channel": "conda-forge",
    "dist_name": "r-mgcv-1.9_4-r45h0e4624f_0",
    "name": "r-mgcv",
    "platform": "linux-64",
    "version": "1.9_4"
  },
  {
    "base_url": "https://conda.anaconda.org/conda-forge",
    "build_number": 1,
    "build_string": "r45h54b55ab_1",
    "channel": "conda-forge",
    "dist_name": "r-mime-0.13-r45h54b55ab_1",
    "name": "r-mime",
    "platform": "linux-64",
    "version": "0.13"
  },
  {
    "base_url": "https://conda.anaconda.org/conda-forge",
    "build_number": 2,
    "build_string": "r45ha36cffa_2",
    "channel": "conda-forge",
    "dist_name": "r-minqa-1.2.8-r45ha36cffa_2",
    "name": "r-minqa",
    "platform": "linux-64",
    "version": "1.2.8"
  },
  {
    "base_url": "https://conda.anaconda.org/conda-forge",
    "build_number": 3,
    "build_string": "r45hc72bb7e_3",
    "channel": "conda-forge",
    "dist_name": "r-modelr-0.1.11-r45hc72bb7e_3",
    "name": "r-modelr",
    "platform": "noarch",
    "version": "0.1.11"
  },
  {
    "base_url": "https://conda.anaconda.org/conda-forge",
    "build_number": 0,
    "build_string": "r45hc72bb7e_0",
    "channel": "conda-forge",
    "dist_name": "r-multcomp-1.4_30-r45hc72bb7e_0",
    "name": "r-multcomp",
    "platform": "noarch",
    "version": "1.4_30"
  },
  {
    "base_url": "https://conda.anaconda.org/conda-forge",
    "build_number": 2,
    "build_string": "r45hc72bb7e_2",
    "channel": "conda-forge",
    "dist_name": "r-munsell-0.5.1-r45hc72bb7e_2",
    "name": "r-munsell",
    "platform": "noarch",
    "version": "0.5.1"
  },
  {
    "base_url": "https://conda.anaconda.org/conda-forge",
    "build_number": 0,
    "build_string": "r45h11cdb10_0",
    "channel": "conda-forge",
    "dist_name": "r-mvtnorm-1.3_6-r45h11cdb10_0",
    "name": "r-mvtnorm",
    "platform": "linux-64",
    "version": "1.3_6"
  },
  {
    "base_url": "https://conda.anaconda.org/conda-forge",
    "build_number": 0,
    "build_string": "r45heaba542_0",
    "channel": "conda-forge",
    "dist_name": "r-nlme-3.1_169-r45heaba542_0",
    "name": "r-nlme",
    "platform": "linux-64",
    "version": "3.1_169"
  },
  {
    "base_url": "https://conda.anaconda.org/conda-forge",
    "build_number": 1,
    "build_string": "r45h8ae9fae_1",
    "channel": "conda-forge",
    "dist_name": "r-nloptr-2.2.1-r45h8ae9fae_1",
    "name": "r-nloptr",
    "platform": "linux-64",
    "version": "2.2.1"
  },
  {
    "base_url": "https://conda.anaconda.org/conda-forge",
    "build_number": 1,
    "build_string": "r45h54b55ab_1",
    "channel": "conda-forge",
    "dist_name": "r-nnet-7.3_20-r45h54b55ab_1",
    "name": "r-nnet",
    "platform": "linux-64",
    "version": "7.3_20"
  },
  {
    "base_url": "https://conda.anaconda.org/conda-forge",
    "build_number": 7,
    "build_string": "r45hc72bb7e_7",
    "channel": "conda-forge",
    "dist_name": "r-numderiv-2016.8_1.1-r45hc72bb7e_7",
    "name": "r-numderiv",
    "platform": "noarch",
    "version": "2016.8_1.1"
  },
  {
    "base_url": "https://conda.anaconda.org/conda-forge",
    "build_number": 0,
    "build_string": "r45h68c19f5_0",
    "channel": "conda-forge",
    "dist_name": "r-openssl-2.4.0-r45h68c19f5_0",
    "name": "r-openssl",
    "platform": "linux-64",
    "version": "2.4.0"
  },
  {
    "base_url": "https://conda.anaconda.org/conda-forge",
    "build_number": 2,
    "build_string": "r45hc72bb7e_2",
    "channel": "conda-forge",
    "dist_name": "r-optparse-1.7.5-r45hc72bb7e_2",
    "name": "r-optparse",
    "platform": "noarch",
    "version": "1.7.5"
  },
  {
    "base_url": "https://conda.anaconda.org/conda-forge",
    "build_number": 0,
    "build_string": "r45h3697838_0",
    "channel": "conda-forge",
    "dist_name": "r-osqp-1.0.0-r45h3697838_0",
    "name": "r-osqp",
    "platform": "linux-64",
    "version": "1.0.0"
  },
  {
    "base_url": "https://conda.anaconda.org/conda-forge",
    "build_number": 0,
    "build_string": "r45hc72bb7e_0",
    "channel": "conda-forge",
    "dist_name": "r-permute-0.9_10-r45hc72bb7e_0",
    "name": "r-permute",
    "platform": "noarch",
    "version": "0.9_10"
  },
  {
    "base_url": "https://conda.anaconda.org/conda-forge",
    "build_number": 0,
    "build_string": "r45hc72bb7e_0",
    "channel": "conda-forge",
    "dist_name": "r-pillar-1.11.1-r45hc72bb7e_0",
    "name": "r-pillar",
    "platform": "noarch",
    "version": "1.11.1"
  },
  {
    "base_url": "https://conda.anaconda.org/conda-forge",
    "build_number": 1,
    "build_string": "r45hc72bb7e_1",
    "channel": "conda-forge",
    "dist_name": "r-pixmap-0.4_14-r45hc72bb7e_1",
    "name": "r-pixmap",
    "platform": "noarch",
    "version": "0.4_14"
  },
  {
    "base_url": "https://conda.anaconda.org/conda-forge",
    "build_number": 5,
    "build_string": "r45hc72bb7e_5",
    "channel": "conda-forge",
    "dist_name": "r-pkgconfig-2.0.3-r45hc72bb7e_5",
    "name": "r-pkgconfig",
    "platform": "noarch",
    "version": "2.0.3"
  },
  {
    "base_url": "https://conda.anaconda.org/conda-forge",
    "build_number": 3,
    "build_string": "r45hc72bb7e_3",
    "channel": "conda-forge",
    "dist_name": "r-pkgmaker-0.32.10-r45hc72bb7e_3",
    "name": "r-pkgmaker",
    "platform": "noarch",
    "version": "0.32.10"
  },
  {
    "base_url": "https://conda.anaconda.org/conda-forge",
    "build_number": 3,
    "build_string": "r45h3697838_3",
    "channel": "conda-forge",
    "dist_name": "r-plyr-1.8.9-r45h3697838_3",
    "name": "r-plyr",
    "platform": "linux-64",
    "version": "1.8.9"
  },
  {
    "base_url": "https://conda.anaconda.org/conda-forge",
    "build_number": 0,
    "build_string": "r45haf2892b_0",
    "channel": "conda-forge",
    "dist_name": "r-png-0.1_9-r45haf2892b_0",
    "name": "r-png",
    "platform": "linux-64",
    "version": "0.1_9"
  },
  {
    "base_url": "https://conda.anaconda.org/conda-forge",
    "build_number": 2,
    "build_string": "r45hc72bb7e_2",
    "channel": "conda-forge",
    "dist_name": "r-prettyunits-1.2.0-r45hc72bb7e_2",
    "name": "r-prettyunits",
    "platform": "noarch",
    "version": "1.2.0"
  },
  {
    "base_url": "https://conda.anaconda.org/conda-forge",
    "build_number": 0,
    "build_string": "r45h54b55ab_0",
    "channel": "conda-forge",
    "dist_name": "r-processx-3.8.7-r45h54b55ab_0",
    "name": "r-processx",
    "platform": "linux-64",
    "version": "3.8.7"
  },
  {
    "base_url": "https://conda.anaconda.org/conda-forge",
    "build_number": 2,
    "build_string": "r45hc72bb7e_2",
    "channel": "conda-forge",
    "dist_name": "r-progress-1.2.3-r45hc72bb7e_2",
    "name": "r-progress",
    "platform": "noarch",
    "version": "1.2.3"
  },
  {
    "base_url": "https://conda.anaconda.org/conda-forge",
    "build_number": 0,
    "build_string": "r45h54b55ab_0",
    "channel": "conda-forge",
    "dist_name": "r-proxy-0.4_29-r45h54b55ab_0",
    "name": "r-proxy",
    "platform": "linux-64",
    "version": "0.4_29"
  },
  {
    "base_url": "https://conda.anaconda.org/conda-forge",
    "build_number": 0,
    "build_string": "r45h54b55ab_0",
    "channel": "conda-forge",
    "dist_name": "r-ps-1.9.2-r45h54b55ab_0",
    "name": "r-ps",
    "platform": "linux-64",
    "version": "1.9.2"
  },
  {
    "base_url": "https://conda.anaconda.org/conda-forge",
    "build_number": 0,
    "build_string": "r45h54b55ab_0",
    "channel": "conda-forge",
    "dist_name": "r-purrr-1.2.2-r45h54b55ab_0",
    "name": "r-purrr",
    "platform": "linux-64",
    "version": "1.2.2"
  },
  {
    "base_url": "https://conda.anaconda.org/conda-forge",
    "build_number": 1,
    "build_string": "r45hc72bb7e_1",
    "channel": "conda-forge",
    "dist_name": "r-r6-2.6.1-r45hc72bb7e_1",
    "name": "r-r6",
    "platform": "noarch",
    "version": "2.6.1"
  },
  {
    "base_url": "https://conda.anaconda.org/conda-forge",
    "build_number": 0,
    "build_string": "r45h9f1dc4d_0",
    "channel": "conda-forge",
    "dist_name": "r-ragg-1.5.2-r45h9f1dc4d_0",
    "name": "r-ragg",
    "platform": "linux-64",
    "version": "1.5.2"
  },
  {
    "base_url": "https://conda.anaconda.org/conda-forge",
    "build_number": 0,
    "build_string": "r45h54b55ab_0",
    "channel": "conda-forge",
    "dist_name": "r-rappdirs-0.3.4-r45h54b55ab_0",
    "name": "r-rappdirs",
    "platform": "linux-64",
    "version": "0.3.4"
  },
  {
    "base_url": "https://conda.anaconda.org/conda-forge",
    "build_number": 1,
    "build_string": "r45h54b55ab_1",
    "channel": "conda-forge",
    "dist_name": "r-rbibutils-2.4.1-r45h54b55ab_1",
    "name": "r-rbibutils",
    "platform": "linux-64",
    "version": "2.4.1"
  },
  {
    "base_url": "https://conda.anaconda.org/conda-forge",
    "build_number": 4,
    "build_string": "r45h785f33e_4",
    "channel": "conda-forge",
    "dist_name": "r-rcolorbrewer-1.1_3-r45h785f33e_4",
    "name": "r-rcolorbrewer",
    "platform": "noarch",
    "version": "1.1_3"
  },
  {
    "base_url": "https://conda.anaconda.org/conda-forge",
    "build_number": 0,
    "build_string": "r45h3697838_0",
    "channel": "conda-forge",
    "dist_name": "r-rcpp-1.1.1_1.1-r45h3697838_0",
    "name": "r-rcpp",
    "platform": "linux-64",
    "version": "1.1.1_1.1"
  },
  {
    "base_url": "https://conda.anaconda.org/conda-forge",
    "build_number": 0,
    "build_string": "r45h3704496_0",
    "channel": "conda-forge",
    "dist_name": "r-rcpparmadillo-15.2.4_1-r45h3704496_0",
    "name": "r-rcpparmadillo",
    "platform": "linux-64",
    "version": "15.2.4_1"
  },
  {
    "base_url": "https://conda.anaconda.org/conda-forge",
    "build_number": 1,
    "build_string": "r45h3704496_1",
    "channel": "conda-forge",
    "dist_name": "r-rcppeigen-0.3.4.0.2-r45h3704496_1",
    "name": "r-rcppeigen",
    "platform": "linux-64",
    "version": "0.3.4.0.2"
  },
  {
    "base_url": "https://conda.anaconda.org/conda-forge",
    "build_number": 0,
    "build_string": "r45h0d96847_0",
    "channel": "conda-forge",
    "dist_name": "r-rcppparallel-5.1.11_2-r45h0d96847_0",
    "name": "r-rcppparallel",
    "platform": "linux-64",
    "version": "5.1.11_2"
  },
  {
    "base_url": "https://conda.anaconda.org/conda-forge",
    "build_number": 1,
    "build_string": "r45h3697838_1",
    "channel": "conda-forge",
    "dist_name": "r-rcpptoml-0.2.3-r45h3697838_1",
    "name": "r-rcpptoml",
    "platform": "linux-64",
    "version": "0.2.3"
  },
  {
    "base_url": "https://conda.anaconda.org/conda-forge",
    "build_number": 0,
    "build_string": "r45hc72bb7e_0",
    "channel": "conda-forge",
    "dist_name": "r-rdpack-2.6.6-r45hc72bb7e_0",
    "name": "r-rdpack",
    "platform": "noarch",
    "version": "2.6.6"
  },
  {
    "base_url": "https://conda.anaconda.org/conda-forge",
    "build_number": 0,
    "build_string": "r45h3697838_0",
    "channel": "conda-forge",
    "dist_name": "r-readr-2.2.0-r45h3697838_0",
    "name": "r-readr",
    "platform": "linux-64",
    "version": "2.2.0"
  },
  {
    "base_url": "https://conda.anaconda.org/conda-forge",
    "build_number": 1,
    "build_string": "r45h10e25cc_1",
    "channel": "conda-forge",
    "dist_name": "r-readxl-1.4.5-r45h10e25cc_1",
    "name": "r-readxl",
    "platform": "linux-64",
    "version": "1.4.5"
  },
  {
    "base_url": "https://conda.anaconda.org/conda-forge",
    "build_number": 0,
    "build_string": "r45hc72bb7e_0",
    "channel": "conda-forge",
    "dist_name": "r-reformulas-0.4.4-r45hc72bb7e_0",
    "name": "r-reformulas",
    "platform": "noarch",
    "version": "0.4.4"
  },
  {
    "base_url": "https://conda.anaconda.org/conda-forge",
    "build_number": 6,
    "build_string": "r45hc72bb7e_6",
    "channel": "conda-forge",
    "dist_name": "r-registry-0.5_1-r45hc72bb7e_6",
    "name": "r-registry",
    "platform": "noarch",
    "version": "0.5_1"
  },
  {
    "base_url": "https://conda.anaconda.org/conda-forge",
    "build_number": 2,
    "build_string": "r45hc72bb7e_2",
    "channel": "conda-forge",
    "dist_name": "r-rematch-2.0.0-r45hc72bb7e_2",
    "name": "r-rematch",
    "platform": "noarch",
    "version": "2.0.0"
  },
  {
    "base_url": "https://conda.anaconda.org/conda-forge",
    "build_number": 5,
    "build_string": "r45hc72bb7e_5",
    "channel": "conda-forge",
    "dist_name": "r-rematch2-2.1.2-r45hc72bb7e_5",
    "name": "r-rematch2",
    "platform": "noarch",
    "version": "2.1.2"
  },
  {
    "base_url": "https://conda.anaconda.org/conda-forge",
    "build_number": 2,
    "build_string": "r45hc72bb7e_2",
    "channel": "conda-forge",
    "dist_name": "r-reprex-2.1.1-r45hc72bb7e_2",
    "name": "r-reprex",
    "platform": "noarch",
    "version": "2.1.1"
  },
  {
    "base_url": "https://conda.anaconda.org/conda-forge",
    "build_number": 0,
    "build_string": "r45h3697838_0",
    "channel": "conda-forge",
    "dist_name": "r-reshape2-1.4.5-r45h3697838_0",
    "name": "r-reshape2",
    "platform": "linux-64",
    "version": "1.4.5"
  },
  {
    "base_url": "https://conda.anaconda.org/conda-forge",
    "build_number": 0,
    "build_string": "r45h3697838_0",
    "channel": "conda-forge",
    "dist_name": "r-reticulate-1.45.0-r45h3697838_0",
    "name": "r-reticulate",
    "platform": "linux-64",
    "version": "1.45.0"
  },
  {
    "base_url": "https://conda.anaconda.org/conda-forge",
    "build_number": 0,
    "build_string": "r45h3697838_0",
    "channel": "conda-forge",
    "dist_name": "r-rlang-1.2.0-r45h3697838_0",
    "name": "r-rlang",
    "platform": "linux-64",
    "version": "1.2.0"
  },
  {
    "base_url": "https://conda.anaconda.org/conda-forge",
    "build_number": 0,
    "build_string": "r45hc72bb7e_0",
    "channel": "conda-forge",
    "dist_name": "r-rmarkdown-2.31-r45hc72bb7e_0",
    "name": "r-rmarkdown",
    "platform": "noarch",
    "version": "2.31"
  },
  {
    "base_url": "https://conda.anaconda.org/conda-forge",
    "build_number": 1,
    "build_string": "r45hcbb18c1_1",
    "channel": "conda-forge",
    "dist_name": "r-rmpfr-1.1_1-r45hcbb18c1_1",
    "name": "r-rmpfr",
    "platform": "linux-64",
    "version": "1.1_1"
  },
  {
    "base_url": "https://conda.anaconda.org/conda-forge",
    "build_number": 4,
    "build_string": "r45hc72bb7e_4",
    "channel": "conda-forge",
    "dist_name": "r-rngtools-1.5.2-r45hc72bb7e_4",
    "name": "r-rngtools",
    "platform": "noarch",
    "version": "1.5.2"
  },
  {
    "base_url": "https://conda.anaconda.org/conda-forge",
    "build_number": 0,
    "build_string": "r45h11cdb10_0",
    "channel": "conda-forge",
    "dist_name": "r-robustbase-0.99_7-r45h11cdb10_0",
    "name": "r-robustbase",
    "platform": "linux-64",
    "version": "0.99_7"
  },
  {
    "base_url": "https://conda.anaconda.org/conda-forge",
    "build_number": 2,
    "build_string": "r45heaba542_2",
    "channel": "conda-forge",
    "dist_name": "r-rootsolve-1.8.2.4-r45heaba542_2",
    "name": "r-rootsolve",
    "platform": "linux-64",
    "version": "1.8.2.4"
  },
  {
    "base_url": "https://conda.anaconda.org/conda-forge",
    "build_number": 0,
    "build_string": "r45h54b55ab_0",
    "channel": "conda-forge",
    "dist_name": "r-rpart-4.1.27-r45h54b55ab_0",
    "name": "r-rpart",
    "platform": "linux-64",
    "version": "4.1.27"
  },
  {
    "base_url": "https://conda.anaconda.org/conda-forge",
    "build_number": 1,
    "build_string": "r45hc72bb7e_1",
    "channel": "conda-forge",
    "dist_name": "r-rprojroot-2.1.1-r45hc72bb7e_1",
    "name": "r-rprojroot",
    "platform": "noarch",
    "version": "2.1.1"
  },
  {
    "base_url": "https://conda.anaconda.org/conda-forge",
    "build_number": 0,
    "build_string": "r45hc72bb7e_0",
    "channel": "conda-forge",
    "dist_name": "r-rstudioapi-0.18.0-r45hc72bb7e_0",
    "name": "r-rstudioapi",
    "platform": "noarch",
    "version": "0.18.0"
  },
  {
    "base_url": "https://conda.anaconda.org/conda-forge",
    "build_number": 3,
    "build_string": "r45hf1899b2_3",
    "channel": "conda-forge",
    "dist_name": "r-rtsne-0.17-r45hf1899b2_3",
    "name": "r-rtsne",
    "platform": "linux-64",
    "version": "0.17"
  },
  {
    "base_url": "https://conda.anaconda.org/conda-forge",
    "build_number": 1,
    "build_string": "r45hc72bb7e_1",
    "channel": "conda-forge",
    "dist_name": "r-rvest-1.0.5-r45hc72bb7e_1",
    "name": "r-rvest",
    "platform": "noarch",
    "version": "1.0.5"
  },
  {
    "base_url": "https://conda.anaconda.org/conda-forge",
    "build_number": 0,
    "build_string": "r45h54b55ab_0",
    "channel": "conda-forge",
    "dist_name": "r-s7-0.2.1-r45h54b55ab_0",
    "name": "r-s7",
    "platform": "linux-64",
    "version": "0.2.1"
  },
  {
    "base_url": "https://conda.anaconda.org/conda-forge",
    "build_number": 1,
    "build_string": "r45hc72bb7e_1",
    "channel": "conda-forge",
    "dist_name": "r-sandwich-3.1_1-r45hc72bb7e_1",
    "name": "r-sandwich",
    "platform": "noarch",
    "version": "3.1_1"
  },
  {
    "base_url": "https://conda.anaconda.org/conda-forge",
    "build_number": 1,
    "build_string": "r45h3697838_1",
    "channel": "conda-forge",
    "dist_name": "r-sass-0.4.10-r45h3697838_1",
    "name": "r-sass",
    "platform": "linux-64",
    "version": "0.4.10"
  },
  {
    "base_url": "https://conda.anaconda.org/conda-forge",
    "build_number": 1,
    "build_string": "r45hc72bb7e_1",
    "channel": "conda-forge",
    "dist_name": "r-scales-1.4.0-r45hc72bb7e_1",
    "name": "r-scales",
    "platform": "noarch",
    "version": "1.4.0"
  },
  {
    "base_url": "https://conda.anaconda.org/conda-forge",
    "build_number": 1,
    "build_string": "r45h0e4624f_1",
    "channel": "conda-forge",
    "dist_name": "r-scs-3.2.7-r45h0e4624f_1",
    "name": "r-scs",
    "platform": "linux-64",
    "version": "3.2.7"
  },
  {
    "base_url": "https://conda.anaconda.org/conda-forge",
    "build_number": 0,
    "build_string": "r45hc72bb7e_0",
    "channel": "conda-forge",
    "dist_name": "r-selectr-0.5_1-r45hc72bb7e_0",
    "name": "r-selectr",
    "platform": "noarch",
    "version": "0.5_1"
  },
  {
    "base_url": "https://conda.anaconda.org/conda-forge",
    "build_number": 4,
    "build_string": "r45hc72bb7e_4",
    "channel": "conda-forge",
    "dist_name": "r-snow-0.4_4-r45hc72bb7e_4",
    "name": "r-snow",
    "platform": "noarch",
    "version": "0.4_4"
  },
  {
    "base_url": "https://conda.anaconda.org/conda-forge",
    "build_number": 0,
    "build_string": "r45h54b55ab_0",
    "channel": "conda-forge",
    "dist_name": "r-sp-2.2_1-r45h54b55ab_0",
    "name": "r-sp",
    "platform": "linux-64",
    "version": "2.2_1"
  },
  {
    "base_url": "https://conda.anaconda.org/conda-forge",
    "build_number": 2,
    "build_string": "r45h3d52c89_2",
    "channel": "conda-forge",
    "dist_name": "r-stringi-1.8.7-r45h3d52c89_2",
    "name": "r-stringi",
    "platform": "linux-64",
    "version": "1.8.7"
  },
  {
    "base_url": "https://conda.anaconda.org/conda-forge",
    "build_number": 0,
    "build_string": "r45h785f33e_0",
    "channel": "conda-forge",
    "dist_name": "r-stringr-1.6.0-r45h785f33e_0",
    "name": "r-stringr",
    "platform": "noarch",
    "version": "1.6.0"
  },
  {
    "base_url": "https://conda.anaconda.org/conda-forge",
    "build_number": 0,
    "build_string": "r45h54b55ab_0",
    "channel": "conda-forge",
    "dist_name": "r-survival-3.8_6-r45h54b55ab_0",
    "name": "r-survival",
    "platform": "linux-64",
    "version": "3.8_6"
  },
  {
    "base_url": "https://conda.anaconda.org/conda-forge",
    "build_number": 1,
    "build_string": "r45h54b55ab_1",
    "channel": "conda-forge",
    "dist_name": "r-sys-3.4.3-r45h54b55ab_1",
    "name": "r-sys",
    "platform": "linux-64",
    "version": "3.4.3"
  },
  {
    "base_url": "https://conda.anaconda.org/conda-forge",
    "build_number": 0,
    "build_string": "r45h74f4acd_0",
    "channel": "conda-forge",
    "dist_name": "r-systemfonts-1.3.2-r45h74f4acd_0",
    "name": "r-systemfonts",
    "platform": "linux-64",
    "version": "1.3.2"
  },
  {
    "base_url": "https://conda.anaconda.org/conda-forge",
    "build_number": 2,
    "build_string": "r45h54b55ab_2",
    "channel": "conda-forge",
    "dist_name": "r-tensora-0.36.2.1-r45h54b55ab_2",
    "name": "r-tensora",
    "platform": "linux-64",
    "version": "0.36.2.1"
  },
  {
    "base_url": "https://conda.anaconda.org/conda-forge",
    "build_number": 0,
    "build_string": "r45h74f4acd_0",
    "channel": "conda-forge",
    "dist_name": "r-textshaping-1.0.5-r45h74f4acd_0",
    "name": "r-textshaping",
    "platform": "linux-64",
    "version": "1.0.5"
  },
  {
    "base_url": "https://conda.anaconda.org/conda-forge",
    "build_number": 0,
    "build_string": "r45hc72bb7e_0",
    "channel": "conda-forge",
    "dist_name": "r-th.data-1.1_5-r45hc72bb7e_0",
    "name": "r-th.data",
    "platform": "noarch",
    "version": "1.1_5"
  },
  {
    "base_url": "https://conda.anaconda.org/conda-forge",
    "build_number": 0,
    "build_string": "r45h54b55ab_0",
    "channel": "conda-forge",
    "dist_name": "r-tibble-3.3.1-r45h54b55ab_0",
    "name": "r-tibble",
    "platform": "linux-64",
    "version": "3.3.1"
  },
  {
    "base_url": "https://conda.anaconda.org/conda-forge",
    "build_number": 0,
    "build_string": "r45h3697838_0",
    "channel": "conda-forge",
    "dist_name": "r-tidyr-1.3.2-r45h3697838_0",
    "name": "r-tidyr",
    "platform": "linux-64",
    "version": "1.3.2"
  },
  {
    "base_url": "https://conda.anaconda.org/conda-forge",
    "build_number": 2,
    "build_string": "r45hc72bb7e_2",
    "channel": "conda-forge",
    "dist_name": "r-tidyselect-1.2.1-r45hc72bb7e_2",
    "name": "r-tidyselect",
    "platform": "noarch",
    "version": "1.2.1"
  },
  {
    "base_url": "https://conda.anaconda.org/conda-forge",
    "build_number": 3,
    "build_string": "r45h785f33e_3",
    "channel": "conda-forge",
    "dist_name": "r-tidyverse-2.0.0-r45h785f33e_3",
    "name": "r-tidyverse",
    "platform": "noarch",
    "version": "2.0.0"
  },
  {
    "base_url": "https://conda.anaconda.org/conda-forge",
    "build_number": 0,
    "build_string": "r45h3697838_0",
    "channel": "conda-forge",
    "dist_name": "r-timechange-0.4.0-r45h3697838_0",
    "name": "r-timechange",
    "platform": "linux-64",
    "version": "0.4.0"
  },
  {
    "base_url": "https://conda.anaconda.org/conda-forge",
    "build_number": 0,
    "build_string": "r45hc72bb7e_0",
    "channel": "conda-forge",
    "dist_name": "r-tinytex-0.59-r45hc72bb7e_0",
    "name": "r-tinytex",
    "platform": "noarch",
    "version": "0.59"
  },
  {
    "base_url": "https://conda.anaconda.org/conda-forge",
    "build_number": 2,
    "build_string": "r45h3697838_2",
    "channel": "conda-forge",
    "dist_name": "r-tzdb-0.5.0-r45h3697838_2",
    "name": "r-tzdb",
    "platform": "linux-64",
    "version": "0.5.0"
  },
  {
    "base_url": "https://conda.anaconda.org/conda-forge",
    "build_number": 1,
    "build_string": "r45h54b55ab_1",
    "channel": "conda-forge",
    "dist_name": "r-utf8-1.2.6-r45h54b55ab_1",
    "name": "r-utf8",
    "platform": "linux-64",
    "version": "1.2.6"
  },
  {
    "base_url": "https://conda.anaconda.org/conda-forge",
    "build_number": 0,
    "build_string": "r45h54b55ab_0",
    "channel": "conda-forge",
    "dist_name": "r-uuid-1.2_2-r45h54b55ab_0",
    "name": "r-uuid",
    "platform": "linux-64",
    "version": "1.2_2"
  },
  {
    "base_url": "https://conda.anaconda.org/conda-forge",
    "build_number": 0,
    "build_string": "r45h3697838_0",
    "channel": "conda-forge",
    "dist_name": "r-vctrs-0.7.3-r45h3697838_0",
    "name": "r-vctrs",
    "platform": "linux-64",
    "version": "0.7.3"
  },
  {
    "base_url": "https://conda.anaconda.org/conda-forge",
    "build_number": 0,
    "build_string": "r45h11cdb10_0",
    "channel": "conda-forge",
    "dist_name": "r-vegan-2.7_3-r45h11cdb10_0",
    "name": "r-vegan",
    "platform": "linux-64",
    "version": "2.7_3"
  },
  {
    "base_url": "https://conda.anaconda.org/conda-forge",
    "build_number": 2,
    "build_string": "r45hc72bb7e_2",
    "channel": "conda-forge",
    "dist_name": "r-viridis-0.6.5-r45hc72bb7e_2",
    "name": "r-viridis",
    "platform": "noarch",
    "version": "0.6.5"
  },
  {
    "base_url": "https://conda.anaconda.org/conda-forge",
    "build_number": 0,
    "build_string": "r45hc72bb7e_0",
    "channel": "conda-forge",
    "dist_name": "r-viridislite-0.4.3-r45hc72bb7e_0",
    "name": "r-viridislite",
    "platform": "noarch",
    "version": "0.4.3"
  },
  {
    "base_url": "https://conda.anaconda.org/conda-forge",
    "build_number": 0,
    "build_string": "r45h3697838_0",
    "channel": "conda-forge",
    "dist_name": "r-vroom-1.7.1-r45h3697838_0",
    "name": "r-vroom",
    "platform": "linux-64",
    "version": "1.7.1"
  },
  {
    "base_url": "https://conda.anaconda.org/conda-forge",
    "build_number": 1,
    "build_string": "r45hc72bb7e_1",
    "channel": "conda-forge",
    "dist_name": "r-withr-3.0.2-r45hc72bb7e_1",
    "name": "r-withr",
    "platform": "noarch",
    "version": "3.0.2"
  },
  {
    "base_url": "https://conda.anaconda.org/conda-forge",
    "build_number": 0,
    "build_string": "r45h3697838_0",
    "channel": "conda-forge",
    "dist_name": "r-xfun-0.57-r45h3697838_0",
    "name": "r-xfun",
    "platform": "linux-64",
    "version": "0.57"
  },
  {
    "base_url": "https://conda.anaconda.org/conda-forge",
    "build_number": 1,
    "build_string": "r45he78afff_1",
    "channel": "conda-forge",
    "dist_name": "r-xml2-1.5.2-r45he78afff_1",
    "name": "r-xml2",
    "platform": "linux-64",
    "version": "1.5.2"
  },
  {
    "base_url": "https://conda.anaconda.org/conda-forge",
    "build_number": 0,
    "build_string": "r45hc72bb7e_0",
    "channel": "conda-forge",
    "dist_name": "r-xtable-1.8_8-r45hc72bb7e_0",
    "name": "r-xtable",
    "platform": "noarch",
    "version": "1.8_8"
  },
  {
    "base_url": "https://conda.anaconda.org/conda-forge",
    "build_number": 0,
    "build_string": "r45h54b55ab_0",
    "channel": "conda-forge",
    "dist_name": "r-yaml-2.3.12-r45h54b55ab_0",
    "name": "r-yaml",
    "platform": "linux-64",
    "version": "2.3.12"
  },
  {
    "base_url": "https://conda.anaconda.org/conda-forge",
    "build_number": 0,
    "build_string": "r45h54b55ab_0",
    "channel": "conda-forge",
    "dist_name": "r-zoo-1.8_15-r45h54b55ab_0",
    "name": "r-zoo",
    "platform": "linux-64",
    "version": "1.8_15"
  },
  {
    "base_url": "https://packages.qiime2.org/qiime2/2026.4/qiime2/released",
    "build_number": 1,
    "build_string": "py312ha6a9c6b_1",
    "channel": "qiime2/2026.4/qiime2/released",
    "dist_name": "rachis-2026.4.0-py312ha6a9c6b_1",
    "name": "rachis",
    "platform": "linux-64",
    "version": "2026.4.0"
  },
  {
    "base_url": "https://conda.anaconda.org/bioconda",
    "build_number": 3,
    "build_string": "h7b50bb2_3",
    "channel": "bioconda",
    "dist_name": "raxml-8.2.13-h7b50bb2_3",
    "name": "raxml",
    "platform": "linux-64",
    "version": "8.2.13"
  },
  {
    "base_url": "https://conda.anaconda.org/conda-forge",
    "build_number": 0,
    "build_string": "h853b02a_0",
    "channel": "conda-forge",
    "dist_name": "readline-8.3-h853b02a_0",
    "name": "readline",
    "platform": "linux-64",
    "version": "8.3"
  },
  {
    "base_url": "https://conda.anaconda.org/conda-forge",
    "build_number": 0,
    "build_string": "pyhcf101f3_0",
    "channel": "conda-forge",
    "dist_name": "referencing-0.37.0-pyhcf101f3_0",
    "name": "referencing",
    "platform": "noarch",
    "version": "0.37.0"
  },
  {
    "base_url": "https://conda.anaconda.org/conda-forge",
    "build_number": 1,
    "build_string": "pyhcf101f3_1",
    "channel": "conda-forge",
    "dist_name": "requests-2.33.1-pyhcf101f3_1",
    "name": "requests",
    "platform": "noarch",
    "version": "2.33.1"
  },
  {
    "base_url": "https://packages.qiime2.org/qiime2/2026.4/qiime2/released",
    "build_number": 1,
    "build_string": "py312h5745a87_1",
    "channel": "qiime2/2026.4/qiime2/released",
    "dist_name": "rescript-2026.4.0-py312h5745a87_1",
    "name": "rescript",
    "platform": "linux-64",
    "version": "2026.4.0"
  },
  {
    "base_url": "https://conda.anaconda.org/conda-forge",
    "build_number": 1,
    "build_string": "pyhd8ed1ab_1",
    "channel": "conda-forge",
    "dist_name": "rfc3986-2.0.0-pyhd8ed1ab_1",
    "name": "rfc3986",
    "platform": "noarch",
    "version": "2.0.0"
  },
  {
    "base_url": "https://conda.anaconda.org/conda-forge",
    "build_number": 0,
    "build_string": "pyhcf101f3_0",
    "channel": "conda-forge",
    "dist_name": "rich-15.0.0-pyhcf101f3_0",
    "name": "rich",
    "platform": "noarch",
    "version": "15.0.0"
  },
  {
    "base_url": "https://conda.anaconda.org/bioconda",
    "build_number": 0,
    "build_string": "pyhdfd78af_0",
    "channel": "bioconda",
    "dist_name": "rnanorm-2.1.0-pyhdfd78af_0",
    "name": "rnanorm",
    "platform": "noarch",
    "version": "2.1.0"
  },
  {
    "base_url": "https://conda.anaconda.org/conda-forge",
    "build_number": 0,
    "build_string": "py312h868fb18_0",
    "channel": "conda-forge",
    "dist_name": "rpds-py-0.30.0-py312h868fb18_0",
    "name": "rpds-py",
    "platform": "linux-64",
    "version": "0.30.0"
  },
  {
    "base_url": "https://conda.anaconda.org/conda-forge",
    "build_number": 1,
    "build_string": "py312r45h5afe730_1",
    "channel": "conda-forge",
    "dist_name": "rpy2-3.6.4-py312r45h5afe730_1",
    "name": "rpy2",
    "platform": "linux-64",
    "version": "3.6.4"
  },
  {
    "base_url": "https://conda.anaconda.org/pypi",
    "build_number": 0,
    "build_string": "pypi_0",
    "channel": "pypi",
    "dist_name": "rpy2-rinterface-3.6.3-pypi_0",
    "name": "rpy2-rinterface",
    "platform": "pypi",
    "version": "3.6.3"
  },
  {
    "base_url": "https://conda.anaconda.org/pypi",
    "build_number": 0,
    "build_string": "pypi_0",
    "channel": "pypi",
    "dist_name": "rpy2-robjects-3.6.3-pypi_0",
    "name": "rpy2-robjects",
    "platform": "pypi",
    "version": "3.6.3"
  },
  {
    "base_url": "https://conda.anaconda.org/bioconda",
    "build_number": 0,
    "build_string": "h96c455f_0",
    "channel": "bioconda",
    "dist_name": "samtools-1.22.1-h96c455f_0",
    "name": "samtools",
    "platform": "linux-64",
    "version": "1.22.1"
  },
  {
    "base_url": "https://conda.anaconda.org/conda-forge",
    "build_number": 0,
    "build_string": "py312h4f23490_0",
    "channel": "conda-forge",
    "dist_name": "scikit-bio-0.7.2-py312h4f23490_0",
    "name": "scikit-bio",
    "platform": "linux-64",
    "version": "0.7.2"
  },
  {
    "base_url": "https://conda.anaconda.org/conda-forge",
    "build_number": 0,
    "build_string": "py312h4f0b9e3_0",
    "channel": "conda-forge",
    "dist_name": "scikit-learn-1.7.1-py312h4f0b9e3_0",
    "name": "scikit-learn",
    "platform": "linux-64",
    "version": "1.7.1"
  },
  {
    "base_url": "https://conda.anaconda.org/conda-forge",
    "build_number": 1,
    "build_string": "py312h54fa4ab_1",
    "channel": "conda-forge",
    "dist_name": "scipy-1.17.1-py312h54fa4ab_1",
    "name": "scipy",
    "platform": "linux-64",
    "version": "1.17.1"
  },
  {
    "base_url": "https://conda.anaconda.org/conda-forge",
    "build_number": 3,
    "build_string": "hd8ed1ab_3",
    "channel": "conda-forge",
    "dist_name": "seaborn-0.13.2-hd8ed1ab_3",
    "name": "seaborn",
    "platform": "noarch",
    "version": "0.13.2"
  },
  {
    "base_url": "https://conda.anaconda.org/conda-forge",
    "build_number": 3,
    "build_string": "pyhd8ed1ab_3",
    "channel": "conda-forge",
    "dist_name": "seaborn-base-0.13.2-pyhd8ed1ab_3",
    "name": "seaborn-base",
    "platform": "noarch",
    "version": "0.13.2"
  },
  {
    "base_url": "https://conda.anaconda.org/conda-forge",
    "build_number": 0,
    "build_string": "h6688a6e_0",
    "channel": "conda-forge",
    "dist_name": "sed-4.9-h6688a6e_0",
    "name": "sed",
    "platform": "linux-64",
    "version": "4.9"
  },
  {
    "base_url": "https://conda.anaconda.org/bioconda",
    "build_number": 4,
    "build_string": "py312h87e0c26_4",
    "channel": "bioconda",
    "dist_name": "sepp-4.5.6-py312h87e0c26_4",
    "name": "sepp",
    "platform": "linux-64",
    "version": "4.5.6"
  },
  {
    "base_url": "https://conda.anaconda.org/conda-forge",
    "build_number": 0,
    "build_string": "py312h5253ce2_0",
    "channel": "conda-forge",
    "dist_name": "setproctitle-1.3.7-py312h5253ce2_0",
    "name": "setproctitle",
    "platform": "linux-64",
    "version": "1.3.7"
  },
  {
    "base_url": "https://conda.anaconda.org/conda-forge",
    "build_number": 0,
    "build_string": "pyh332efcf_0",
    "channel": "conda-forge",
    "dist_name": "setuptools-82.0.1-pyh332efcf_0",
    "name": "setuptools",
    "platform": "noarch",
    "version": "82.0.1"
  },
  {
    "base_url": "https://conda.anaconda.org/conda-forge",
    "build_number": 1,
    "build_string": "pyhd8ed1ab_1",
    "channel": "conda-forge",
    "dist_name": "sgmllib3k-1.0.0-pyhd8ed1ab_1",
    "name": "sgmllib3k",
    "platform": "noarch",
    "version": "1.0.0"
  },
  {
    "base_url": "https://conda.anaconda.org/conda-forge",
    "build_number": 2,
    "build_string": "pyhd8ed1ab_2",
    "channel": "conda-forge",
    "dist_name": "shellingham-1.5.4-pyhd8ed1ab_2",
    "name": "shellingham",
    "platform": "noarch",
    "version": "1.5.4"
  },
  {
    "base_url": "https://conda.anaconda.org/conda-forge",
    "build_number": 0,
    "build_string": "pyhd8ed1ab_0",
    "channel": "conda-forge",
    "dist_name": "simpleeval-1.0.7-pyhd8ed1ab_0",
    "name": "simpleeval",
    "platform": "noarch",
    "version": "1.0.7"
  },
  {
    "base_url": "https://conda.anaconda.org/conda-forge",
    "build_number": 1,
    "build_string": "pyhe01879c_1",
    "channel": "conda-forge",
    "dist_name": "six-1.17.0-pyhe01879c_1",
    "name": "six",
    "platform": "noarch",
    "version": "1.17.0"
  },
  {
    "base_url": "https://conda.anaconda.org/conda-forge",
    "build_number": 2,
    "build_string": "pyhd8ed1ab_2",
    "channel": "conda-forge",
    "dist_name": "sniffio-1.3.1-pyhd8ed1ab_2",
    "name": "sniffio",
    "platform": "noarch",
    "version": "1.3.1"
  },
  {
    "base_url": "https://conda.anaconda.org/conda-forge",
    "build_number": 1,
    "build_string": "pyhd8ed1ab_1",
    "channel": "conda-forge",
    "dist_name": "sortedcontainers-2.4.0-pyhd8ed1ab_1",
    "name": "sortedcontainers",
    "platform": "noarch",
    "version": "2.4.0"
  },
  {
    "base_url": "https://conda.anaconda.org/bioconda",
    "build_number": 1,
    "build_string": "1",
    "channel": "bioconda",
    "dist_name": "sortmerna-2.0-1",
    "name": "sortmerna",
    "platform": "linux-64",
    "version": "2.0"
  },
  {
    "base_url": "https://conda.anaconda.org/conda-forge",
    "build_number": 1,
    "build_string": "pyhd8ed1ab_1",
    "channel": "conda-forge",
    "dist_name": "stack_data-0.6.3-pyhd8ed1ab_1",
    "name": "stack_data",
    "platform": "noarch",
    "version": "0.6.3"
  },
  {
    "base_url": "https://conda.anaconda.org/conda-forge",
    "build_number": 0,
    "build_string": "py312h4f23490_0",
    "channel": "conda-forge",
    "dist_name": "statsmodels-0.14.6-py312h4f23490_0",
    "name": "statsmodels",
    "platform": "linux-64",
    "version": "0.14.6"
  },
  {
    "base_url": "https://conda.anaconda.org/conda-forge",
    "build_number": 2,
    "build_string": "pyhd8ed1ab_2",
    "channel": "conda-forge",
    "dist_name": "stringcase-1.2.0-pyhd8ed1ab_2",
    "name": "stringcase",
    "platform": "noarch",
    "version": "1.2.0"
  },
  {
    "base_url": "https://conda.anaconda.org/conda-forge",
    "build_number": 9,
    "build_string": "h4ee821c_9",
    "channel": "conda-forge",
    "dist_name": "sysroot_linux-64-2.28-h4ee821c_9",
    "name": "sysroot_linux-64",
    "platform": "noarch",
    "version": "2.28"
  },
  {
    "base_url": "https://conda.anaconda.org/conda-forge",
    "build_number": 0,
    "build_string": "pyhcf101f3_0",
    "channel": "conda-forge",
    "dist_name": "tabulate-0.10.0-pyhcf101f3_0",
    "name": "tabulate",
    "platform": "noarch",
    "version": "0.10.0"
  },
  {
    "base_url": "https://conda.anaconda.org/conda-forge",
    "build_number": 2,
    "build_string": "hb700be7_2",
    "channel": "conda-forge",
    "dist_name": "tbb-2022.3.0-hb700be7_2",
    "name": "tbb",
    "platform": "linux-64",
    "version": "2022.3.0"
  },
  {
    "base_url": "https://conda.anaconda.org/conda-forge",
    "build_number": 2,
    "build_string": "h51de99f_2",
    "channel": "conda-forge",
    "dist_name": "tbb-devel-2022.3.0-h51de99f_2",
    "name": "tbb-devel",
    "platform": "linux-64",
    "version": "2022.3.0"
  },
  {
    "base_url": "https://conda.anaconda.org/conda-forge",
    "build_number": 0,
    "build_string": "pyhcf101f3_0",
    "channel": "conda-forge",
    "dist_name": "tblib-3.2.2-pyhcf101f3_0",
    "name": "tblib",
    "platform": "noarch",
    "version": "3.2.2"
  },
  {
    "base_url": "https://conda.anaconda.org/conda-forge",
    "build_number": 2,
    "build_string": "pyhd8ed1ab_2",
    "channel": "conda-forge",
    "dist_name": "text-unidecode-1.3-pyhd8ed1ab_2",
    "name": "text-unidecode",
    "platform": "noarch",
    "version": "1.3"
  },
  {
    "base_url": "https://conda.anaconda.org/conda-forge",
    "build_number": 1,
    "build_string": "pyhd8ed1ab_1",
    "channel": "conda-forge",
    "dist_name": "texttable-1.7.0-pyhd8ed1ab_1",
    "name": "texttable",
    "platform": "noarch",
    "version": "1.7.0"
  },
  {
    "base_url": "https://conda.anaconda.org/conda-forge",
    "build_number": 0,
    "build_string": "pyhecae5ae_0",
    "channel": "conda-forge",
    "dist_name": "threadpoolctl-3.6.0-pyhecae5ae_0",
    "name": "threadpoolctl",
    "platform": "noarch",
    "version": "3.6.0"
  },
  {
    "base_url": "https://conda.anaconda.org/conda-forge",
    "build_number": 103,
    "build_string": "noxft_hd70dff1_3",
    "channel": "conda-forge",
    "dist_name": "tk-8.6.13-noxft_hd70dff1_3",
    "name": "tk",
    "platform": "linux-64",
    "version": "8.6.13"
  },
  {
    "base_url": "https://conda.anaconda.org/conda-forge",
    "build_number": 8,
    "build_string": "h5a7a40f_8",
    "channel": "conda-forge",
    "dist_name": "tktable-2.10-h5a7a40f_8",
    "name": "tktable",
    "platform": "linux-64",
    "version": "2.10"
  },
  {
    "base_url": "https://conda.anaconda.org/conda-forge",
    "build_number": 0,
    "build_string": "pyhcf101f3_0",
    "channel": "conda-forge",
    "dist_name": "tomli-2.4.1-pyhcf101f3_0",
    "name": "tomli",
    "platform": "noarch",
    "version": "2.4.1"
  },
  {
    "base_url": "https://conda.anaconda.org/conda-forge",
    "build_number": 0,
    "build_string": "pyha770c72_0",
    "channel": "conda-forge",
    "dist_name": "tomlkit-0.14.0-pyha770c72_0",
    "name": "tomlkit",
    "platform": "noarch",
    "version": "0.14.0"
  },
  {
    "base_url": "https://conda.anaconda.org/conda-forge",
    "build_number": 0,
    "build_string": "py312h4c3975b_0",
    "channel": "conda-forge",
    "dist_name": "tornado-6.5.5-py312h4c3975b_0",
    "name": "tornado",
    "platform": "linux-64",
    "version": "6.5.5"
  },
  {
    "base_url": "https://conda.anaconda.org/conda-forge",
    "build_number": 0,
    "build_string": "pyh8f84b5b_0",
    "channel": "conda-forge",
    "dist_name": "tqdm-4.67.3-pyh8f84b5b_0",
    "name": "tqdm",
    "platform": "noarch",
    "version": "4.67.3"
  },
  {
    "base_url": "https://conda.anaconda.org/conda-forge",
    "build_number": 1,
    "build_string": "pyhd8ed1ab_1",
    "channel": "conda-forge",
    "dist_name": "traitlets-5.14.3-pyhd8ed1ab_1",
    "name": "traitlets",
    "platform": "noarch",
    "version": "5.14.3"
  },
  {
    "base_url": "https://conda.anaconda.org/conda-forge",
    "build_number": 1,
    "build_string": "pyhcf101f3_1",
    "channel": "conda-forge",
    "dist_name": "typeguard-4.5.1-pyhcf101f3_1",
    "name": "typeguard",
    "platform": "noarch",
    "version": "4.5.1"
  },
  {
    "base_url": "https://conda.anaconda.org/conda-forge",
    "build_number": 0,
    "build_string": "pyhcf101f3_0",
    "channel": "conda-forge",
    "dist_name": "typer-0.23.1-pyhcf101f3_0",
    "name": "typer",
    "platform": "noarch",
    "version": "0.23.1"
  },
  {
    "base_url": "https://conda.anaconda.org/conda-forge",
    "build_number": 0,
    "build_string": "h396c80c_0",
    "channel": "conda-forge",
    "dist_name": "typing-extensions-4.15.0-h396c80c_0",
    "name": "typing-extensions",
    "platform": "noarch",
    "version": "4.15.0"
  },
  {
    "base_url": "https://conda.anaconda.org/conda-forge",
    "build_number": 2,
    "build_string": "pyhcf101f3_2",
    "channel": "conda-forge",
    "dist_name": "typing-inspection-0.4.2-pyhcf101f3_2",
    "name": "typing-inspection",
    "platform": "noarch",
    "version": "0.4.2"
  },
  {
    "base_url": "https://conda.anaconda.org/conda-forge",
    "build_number": 0,
    "build_string": "pyhcf101f3_0",
    "channel": "conda-forge",
    "dist_name": "typing_extensions-4.15.0-pyhcf101f3_0",
    "name": "typing_extensions",
    "platform": "noarch",
    "version": "4.15.0"
  },
  {
    "base_url": "https://conda.anaconda.org/conda-forge",
    "build_number": 1,
    "build_string": "pyhd8ed1ab_1",
    "channel": "conda-forge",
    "dist_name": "typing_inspect-0.9.0-pyhd8ed1ab_1",
    "name": "typing_inspect",
    "platform": "noarch",
    "version": "0.9.0"
  },
  {
    "base_url": "https://conda.anaconda.org/conda-forge",
    "build_number": 1,
    "build_string": "hc9c84f9_1",
    "channel": "conda-forge",
    "dist_name": "tzdata-2025c-hc9c84f9_1",
    "name": "tzdata",
    "platform": "noarch",
    "version": "2025c"
  },
  {
    "base_url": "https://conda.anaconda.org/conda-forge",
    "build_number": 0,
    "build_string": "pyh8f84b5b_0",
    "channel": "conda-forge",
    "dist_name": "tzlocal-5.3.1-pyh8f84b5b_0",
    "name": "tzlocal",
    "platform": "noarch",
    "version": "5.3.1"
  },
  {
    "base_url": "https://conda.anaconda.org/conda-forge",
    "build_number": 0,
    "build_string": "py312h7900ff3_0",
    "channel": "conda-forge",
    "dist_name": "umap-learn-0.5.11-py312h7900ff3_0",
    "name": "umap-learn",
    "platform": "linux-64",
    "version": "0.5.11"
  },
  {
    "base_url": "https://conda.anaconda.org/conda-forge",
    "build_number": 0,
    "build_string": "py312h4c3975b_0",
    "channel": "conda-forge",
    "dist_name": "unicodedata2-17.0.1-py312h4c3975b_0",
    "name": "unicodedata2",
    "platform": "linux-64",
    "version": "17.0.1"
  },
  {
    "base_url": "https://conda.anaconda.org/bioconda",
    "build_number": 0,
    "build_string": "py312hc9302aa_0",
    "channel": "bioconda",
    "dist_name": "unifrac-1.5.1-py312hc9302aa_0",
    "name": "unifrac",
    "platform": "linux-64",
    "version": "1.5.1"
  },
  {
    "base_url": "https://conda.anaconda.org/bioconda",
    "build_number": 0,
    "build_string": "h127010d_0",
    "channel": "bioconda",
    "dist_name": "unifrac-binaries-1.5.1-h127010d_0",
    "name": "unifrac-binaries",
    "platform": "linux-64",
    "version": "1.5.1"
  },
  {
    "base_url": "https://conda.anaconda.org/conda-forge",
    "build_number": 0,
    "build_string": "pyhd8ed1ab_0",
    "channel": "conda-forge",
    "dist_name": "urllib3-2.6.3-pyhd8ed1ab_0",
    "name": "urllib3",
    "platform": "noarch",
    "version": "2.6.3"
  },
  {
    "base_url": "https://conda.anaconda.org/conda-forge",
    "build_number": 0,
    "build_string": "pyhd8ed1ab_0",
    "channel": "conda-forge",
    "dist_name": "validators-0.35.0-pyhd8ed1ab_0",
    "name": "validators",
    "platform": "noarch",
    "version": "0.35.0"
  },
  {
    "base_url": "https://conda.anaconda.org/bioconda",
    "build_number": 0,
    "build_string": "hd6d6fdc_0",
    "channel": "bioconda",
    "dist_name": "vsearch-2.30.4-hd6d6fdc_0",
    "name": "vsearch",
    "platform": "linux-64",
    "version": "2.30.4"
  },
  {
    "base_url": "https://conda.anaconda.org/conda-forge",
    "build_number": 0,
    "build_string": "hd6090a7_0",
    "channel": "conda-forge",
    "dist_name": "wayland-1.25.0-hd6090a7_0",
    "name": "wayland",
    "platform": "linux-64",
    "version": "1.25.0"
  },
  {
    "base_url": "https://conda.anaconda.org/conda-forge",
    "build_number": 0,
    "build_string": "pyhd8ed1ab_0",
    "channel": "conda-forge",
    "dist_name": "wcwidth-0.6.0-pyhd8ed1ab_0",
    "name": "wcwidth",
    "platform": "noarch",
    "version": "0.6.0"
  },
  {
    "base_url": "https://conda.anaconda.org/conda-forge",
    "build_number": 1,
    "build_string": "h653f8fd_1",
    "channel": "conda-forge",
    "dist_name": "wget-1.25.0-h653f8fd_1",
    "name": "wget",
    "platform": "linux-64",
    "version": "1.25.0"
  },
  {
    "base_url": "https://conda.anaconda.org/conda-forge",
    "build_number": 0,
    "build_string": "pyhd8ed1ab_0",
    "channel": "conda-forge",
    "dist_name": "wheel-0.46.3-pyhd8ed1ab_0",
    "name": "wheel",
    "platform": "noarch",
    "version": "0.46.3"
  },
  {
    "base_url": "https://conda.anaconda.org/conda-forge",
    "build_number": 0,
    "build_string": "py312h868fb18_0",
    "channel": "conda-forge",
    "dist_name": "whenever-0.10.0-py312h868fb18_0",
    "name": "whenever",
    "platform": "linux-64",
    "version": "0.10.0"
  },
  {
    "base_url": "https://conda.anaconda.org/conda-forge",
    "build_number": 0,
    "build_string": "pyhd8ed1ab_0",
    "channel": "conda-forge",
    "dist_name": "widgetsnbextension-4.0.15-pyhd8ed1ab_0",
    "name": "widgetsnbextension",
    "platform": "noarch",
    "version": "4.0.15"
  },
  {
    "base_url": "https://conda.anaconda.org/conda-forge",
    "build_number": 0,
    "build_string": "py312h4c3975b_0",
    "channel": "conda-forge",
    "dist_name": "wrapt-2.1.2-py312h4c3975b_0",
    "name": "wrapt",
    "platform": "linux-64",
    "version": "2.1.2"
  },
  {
    "base_url": "https://conda.anaconda.org/conda-forge",
    "build_number": 2,
    "build_string": "h4f16b4b_2",
    "channel": "conda-forge",
    "dist_name": "xcb-util-0.4.1-h4f16b4b_2",
    "name": "xcb-util",
    "platform": "linux-64",
    "version": "0.4.1"
  },
  {
    "base_url": "https://conda.anaconda.org/conda-forge",
    "build_number": 0,
    "build_string": "hb03c661_0",
    "channel": "conda-forge",
    "dist_name": "xcb-util-cursor-0.1.6-hb03c661_0",
    "name": "xcb-util-cursor",
    "platform": "linux-64",
    "version": "0.1.6"
  },
  {
    "base_url": "https://conda.anaconda.org/conda-forge",
    "build_number": 2,
    "build_string": "hb711507_2",
    "channel": "conda-forge",
    "dist_name": "xcb-util-image-0.4.0-hb711507_2",
    "name": "xcb-util-image",
    "platform": "linux-64",
    "version": "0.4.0"
  },
  {
    "base_url": "https://conda.anaconda.org/conda-forge",
    "build_number": 0,
    "build_string": "hb711507_0",
    "channel": "conda-forge",
    "dist_name": "xcb-util-keysyms-0.4.1-hb711507_0",
    "name": "xcb-util-keysyms",
    "platform": "linux-64",
    "version": "0.4.1"
  },
  {
    "base_url": "https://conda.anaconda.org/conda-forge",
    "build_number": 0,
    "build_string": "hb711507_0",
    "channel": "conda-forge",
    "dist_name": "xcb-util-renderutil-0.3.10-hb711507_0",
    "name": "xcb-util-renderutil",
    "platform": "linux-64",
    "version": "0.3.10"
  },
  {
    "base_url": "https://conda.anaconda.org/conda-forge",
    "build_number": 0,
    "build_string": "hb711507_0",
    "channel": "conda-forge",
    "dist_name": "xcb-util-wm-0.4.2-hb711507_0",
    "name": "xcb-util-wm",
    "platform": "linux-64",
    "version": "0.4.2"
  },
  {
    "base_url": "https://conda.anaconda.org/conda-forge",
    "build_number": 1,
    "build_string": "h280c20c_1",
    "channel": "conda-forge",
    "dist_name": "xkeyboard-config-2.47-h280c20c_1",
    "name": "xkeyboard-config",
    "platform": "linux-64",
    "version": "2.47"
  },
  {
    "base_url": "https://conda.anaconda.org/conda-forge",
    "build_number": 0,
    "build_string": "pyhcf101f3_0",
    "channel": "conda-forge",
    "dist_name": "xmltodict-1.0.4-pyhcf101f3_0",
    "name": "xmltodict",
    "platform": "noarch",
    "version": "1.0.4"
  },
  {
    "base_url": "https://conda.anaconda.org/conda-forge",
    "build_number": 2,
    "build_string": "pyh707e725_2",
    "channel": "conda-forge",
    "dist_name": "xopen-2.0.2-pyh707e725_2",
    "name": "xopen",
    "platform": "noarch",
    "version": "2.0.2"
  },
  {
    "base_url": "https://conda.anaconda.org/conda-forge",
    "build_number": 0,
    "build_string": "hb9d3cd8_0",
    "channel": "conda-forge",
    "dist_name": "xorg-libice-1.1.2-hb9d3cd8_0",
    "name": "xorg-libice",
    "platform": "linux-64",
    "version": "1.1.2"
  },
  {
    "base_url": "https://conda.anaconda.org/conda-forge",
    "build_number": 0,
    "build_string": "he73a12e_0",
    "channel": "conda-forge",
    "dist_name": "xorg-libsm-1.2.6-he73a12e_0",
    "name": "xorg-libsm",
    "platform": "linux-64",
    "version": "1.2.6"
  },
  {
    "base_url": "https://conda.anaconda.org/conda-forge",
    "build_number": 0,
    "build_string": "he1eb515_0",
    "channel": "conda-forge",
    "dist_name": "xorg-libx11-1.8.13-he1eb515_0",
    "name": "xorg-libx11",
    "platform": "linux-64",
    "version": "1.8.13"
  },
  {
    "base_url": "https://conda.anaconda.org/conda-forge",
    "build_number": 1,
    "build_string": "hb03c661_1",
    "channel": "conda-forge",
    "dist_name": "xorg-libxau-1.0.12-hb03c661_1",
    "name": "xorg-libxau",
    "platform": "linux-64",
    "version": "1.0.12"
  },
  {
    "base_url": "https://conda.anaconda.org/conda-forge",
    "build_number": 0,
    "build_string": "hb03c661_0",
    "channel": "conda-forge",
    "dist_name": "xorg-libxcomposite-0.4.7-hb03c661_0",
    "name": "xorg-libxcomposite",
    "platform": "linux-64",
    "version": "0.4.7"
  },
  {
    "base_url": "https://conda.anaconda.org/conda-forge",
    "build_number": 0,
    "build_string": "hb9d3cd8_0",
    "channel": "conda-forge",
    "dist_name": "xorg-libxcursor-1.2.3-hb9d3cd8_0",
    "name": "xorg-libxcursor",
    "platform": "linux-64",
    "version": "1.2.3"
  },
  {
    "base_url": "https://conda.anaconda.org/conda-forge",
    "build_number": 0,
    "build_string": "hb9d3cd8_0",
    "channel": "conda-forge",
    "dist_name": "xorg-libxdamage-1.1.6-hb9d3cd8_0",
    "name": "xorg-libxdamage",
    "platform": "linux-64",
    "version": "1.1.6"
  },
  {
    "base_url": "https://conda.anaconda.org/conda-forge",
    "build_number": 1,
    "build_string": "hb03c661_1",
    "channel": "conda-forge",
    "dist_name": "xorg-libxdmcp-1.1.5-hb03c661_1",
    "name": "xorg-libxdmcp",
    "platform": "linux-64",
    "version": "1.1.5"
  },
  {
    "base_url": "https://conda.anaconda.org/conda-forge",
    "build_number": 0,
    "build_string": "hb03c661_0",
    "channel": "conda-forge",
    "dist_name": "xorg-libxext-1.3.7-hb03c661_0",
    "name": "xorg-libxext",
    "platform": "linux-64",
    "version": "1.3.7"
  },
  {
    "base_url": "https://conda.anaconda.org/conda-forge",
    "build_number": 0,
    "build_string": "hb03c661_0",
    "channel": "conda-forge",
    "dist_name": "xorg-libxfixes-6.0.2-hb03c661_0",
    "name": "xorg-libxfixes",
    "platform": "linux-64",
    "version": "6.0.2"
  },
  {
    "base_url": "https://conda.anaconda.org/conda-forge",
    "build_number": 0,
    "build_string": "hb9d3cd8_0",
    "channel": "conda-forge",
    "dist_name": "xorg-libxi-1.8.2-hb9d3cd8_0",
    "name": "xorg-libxi",
    "platform": "linux-64",
    "version": "1.8.2"
  },
  {
    "base_url": "https://conda.anaconda.org/conda-forge",
    "build_number": 0,
    "build_string": "hb03c661_0",
    "channel": "conda-forge",
    "dist_name": "xorg-libxrandr-1.5.5-hb03c661_0",
    "name": "xorg-libxrandr",
    "platform": "linux-64",
    "version": "1.5.5"
  },
  {
    "base_url": "https://conda.anaconda.org/conda-forge",
    "build_number": 0,
    "build_string": "hb9d3cd8_0",
    "channel": "conda-forge",
    "dist_name": "xorg-libxrender-0.9.12-hb9d3cd8_0",
    "name": "xorg-libxrender",
    "platform": "linux-64",
    "version": "0.9.12"
  },
  {
    "base_url": "https://conda.anaconda.org/conda-forge",
    "build_number": 0,
    "build_string": "hb9d3cd8_0",
    "channel": "conda-forge",
    "dist_name": "xorg-libxt-1.3.1-hb9d3cd8_0",
    "name": "xorg-libxt",
    "platform": "linux-64",
    "version": "1.3.1"
  },
  {
    "base_url": "https://conda.anaconda.org/conda-forge",
    "build_number": 3,
    "build_string": "hb9d3cd8_3",
    "channel": "conda-forge",
    "dist_name": "xorg-libxtst-1.2.5-hb9d3cd8_3",
    "name": "xorg-libxtst",
    "platform": "linux-64",
    "version": "1.2.5"
  },
  {
    "base_url": "https://conda.anaconda.org/conda-forge",
    "build_number": 0,
    "build_string": "hb03c661_0",
    "channel": "conda-forge",
    "dist_name": "xorg-libxxf86vm-1.1.7-hb03c661_0",
    "name": "xorg-libxxf86vm",
    "platform": "linux-64",
    "version": "1.1.7"
  },
  {
    "base_url": "https://conda.anaconda.org/conda-forge",
    "build_number": 0,
    "build_string": "hb03c661_0",
    "channel": "conda-forge",
    "dist_name": "xorg-xorgproto-2025.1-hb03c661_0",
    "name": "xorg-xorgproto",
    "platform": "linux-64",
    "version": "2025.1"
  },
  {
    "base_url": "https://conda.anaconda.org/conda-forge",
    "build_number": 3,
    "build_string": "h280c20c_3",
    "channel": "conda-forge",
    "dist_name": "yaml-0.2.5-h280c20c_3",
    "name": "yaml",
    "platform": "linux-64",
    "version": "0.2.5"
  },
  {
    "base_url": "https://conda.anaconda.org/conda-forge",
    "build_number": 10,
    "build_string": "h41580af_10",
    "channel": "conda-forge",
    "dist_name": "zeromq-4.3.5-h41580af_10",
    "name": "zeromq",
    "platform": "linux-64",
    "version": "4.3.5"
  },
  {
    "base_url": "https://conda.anaconda.org/conda-forge",
    "build_number": 4,
    "build_string": "py312h98912ed_4",
    "channel": "conda-forge",
    "dist_name": "zipfile-deflate64-0.2.0-py312h98912ed_4",
    "name": "zipfile-deflate64",
    "platform": "linux-64",
    "version": "0.2.0"
  },
  {
    "base_url": "https://conda.anaconda.org/conda-forge",
    "build_number": 0,
    "build_string": "pyhcf101f3_0",
    "channel": "conda-forge",
    "dist_name": "zipp-3.23.1-pyhcf101f3_0",
    "name": "zipp",
    "platform": "noarch",
    "version": "3.23.1"
  },
  {
    "base_url": "https://conda.anaconda.org/conda-forge",
    "build_number": 2,
    "build_string": "h25fd6f3_2",
    "channel": "conda-forge",
    "dist_name": "zlib-1.3.2-h25fd6f3_2",
    "name": "zlib",
    "platform": "linux-64",
    "version": "1.3.2"
  },
  {
    "base_url": "https://conda.anaconda.org/conda-forge",
    "build_number": 1,
    "build_string": "hceb46e0_1",
    "channel": "conda-forge",
    "dist_name": "zlib-ng-2.3.3-hceb46e0_1",
    "name": "zlib-ng",
    "platform": "linux-64",
    "version": "2.3.3"
  },
  {
    "base_url": "https://conda.anaconda.org/conda-forge",
    "build_number": 1,
    "build_string": "py312h5253ce2_1",
    "channel": "conda-forge",
    "dist_name": "zstandard-0.25.0-py312h5253ce2_1",
    "name": "zstandard",
    "platform": "linux-64",
    "version": "0.25.0"
  },
  {
    "base_url": "https://conda.anaconda.org/conda-forge",
    "build_number": 6,
    "build_string": "hb78ec9c_6",
    "channel": "conda-forge",
    "dist_name": "zstd-1.5.7-hb78ec9c_6",
    "name": "zstd",
    "platform": "linux-64",
    "version": "1.5.7"
  }
]
stderr:


[import-training-sequences]
command: conda run -n microbiome-qiime2-2026.4 qiime tools import --type FeatureData[Sequence] --input-path <WORK_DIR>/silva-v4-training.fasta --output-path <WORK_DIR>/training-sequences.qza --validate-level max
returncode: 0
elapsed_seconds: 51.955
stdout:
Imported <WORK_DIR>/silva-v4-training.fasta as DNASequencesDirectoryFormat to <WORK_DIR>/training-sequences.qza
stderr:


[import-training-taxonomy]
command: conda run -n microbiome-qiime2-2026.4 qiime tools import --type FeatureData[Taxonomy] --input-path <WORK_DIR>/silva-v4-training-taxonomy.tsv --output-path <WORK_DIR>/training-taxonomy.qza --validate-level max --input-format TSVTaxonomyFormat
returncode: 0
elapsed_seconds: 33.859
stdout:
Imported <WORK_DIR>/silva-v4-training-taxonomy.tsv as TSVTaxonomyFormat to <WORK_DIR>/training-taxonomy.qza
stderr:


[import-holdout-sequences]
command: conda run -n microbiome-qiime2-2026.4 qiime tools import --type FeatureData[Sequence] --input-path <WORK_DIR>/silva-v4-holdout.fasta --output-path <WORK_DIR>/holdout-sequences.qza --validate-level max
returncode: 0
elapsed_seconds: 32.827
stdout:
Imported <WORK_DIR>/silva-v4-holdout.fasta as DNASequencesDirectoryFormat to <WORK_DIR>/holdout-sequences.qza
stderr:


[import-holdout-taxonomy]
command: conda run -n microbiome-qiime2-2026.4 qiime tools import --type FeatureData[Taxonomy] --input-path <WORK_DIR>/silva-v4-holdout-taxonomy.tsv --output-path <WORK_DIR>/holdout-expected-taxonomy.qza --validate-level max --input-format TSVTaxonomyFormat
returncode: 0
elapsed_seconds: 32.657
stdout:
Imported <WORK_DIR>/silva-v4-holdout-taxonomy.tsv as TSVTaxonomyFormat to <WORK_DIR>/holdout-expected-taxonomy.qza
stderr:


[import-full-sequences]
command: conda run -n microbiome-qiime2-2026.4 qiime tools import --type FeatureData[Sequence] --input-path <WORK_DIR>/silva-v4-full.fasta --output-path <WORK_DIR>/full-sequences.qza --validate-level max
returncode: 0
elapsed_seconds: 41.29
stdout:
Imported <WORK_DIR>/silva-v4-full.fasta as DNASequencesDirectoryFormat to <WORK_DIR>/full-sequences.qza
stderr:


[import-full-taxonomy]
command: conda run -n microbiome-qiime2-2026.4 qiime tools import --type FeatureData[Taxonomy] --input-path <WORK_DIR>/silva-v4-full-taxonomy.tsv --output-path <WORK_DIR>/full-taxonomy.qza --validate-level max --input-format TSVTaxonomyFormat
returncode: 0
elapsed_seconds: 34.185
stdout:
Imported <WORK_DIR>/silva-v4-full-taxonomy.tsv as TSVTaxonomyFormat to <WORK_DIR>/full-taxonomy.qza
stderr:


[import-query-sequences]
command: conda run -n microbiome-qiime2-2026.4 qiime tools import --type FeatureData[Sequence] --input-path <WORK_DIR>/query-v4-asvs.fasta --output-path <WORK_DIR>/query-sequences.qza --validate-level max
returncode: 0
elapsed_seconds: 31.525
stdout:
Imported <WORK_DIR>/query-v4-asvs.fasta as DNASequencesDirectoryFormat to <WORK_DIR>/query-sequences.qza
stderr:


[fit-holdout-classifier]
command: conda run -n microbiome-qiime2-2026.4 qiime feature-classifier fit-classifier-naive-bayes --i-reference-reads <WORK_DIR>/training-sequences.qza --i-reference-taxonomy <WORK_DIR>/training-taxonomy.qza --p-classify--alpha 0.001 --p-classify--chunk-size 20000 --p-no-classify--fit-prior --p-no-feat-ext--alternate-sign --p-feat-ext--analyzer char_wb --p-feat-ext--n-features 8192 --p-feat-ext--ngram-range [7, 7] --p-feat-ext--norm l2 --o-classifier <WORK_DIR>/silva-v4-holdout-classifier.qza --use-cache <WORK_DIR>/qiime-cache
returncode: 0
elapsed_seconds: 390.294
stdout:
Saved TaxonomicClassifier to: <WORK_DIR>/silva-v4-holdout-classifier.qza
stderr:


[fit-production-classifier]
command: conda run -n microbiome-qiime2-2026.4 qiime feature-classifier fit-classifier-naive-bayes --i-reference-reads <WORK_DIR>/full-sequences.qza --i-reference-taxonomy <WORK_DIR>/full-taxonomy.qza --p-classify--alpha 0.001 --p-classify--chunk-size 20000 --p-no-classify--fit-prior --p-no-feat-ext--alternate-sign --p-feat-ext--analyzer char_wb --p-feat-ext--n-features 8192 --p-feat-ext--ngram-range [7, 7] --p-feat-ext--norm l2 --o-classifier <WORK_DIR>/silva-v4-classifier.qza --use-cache <WORK_DIR>/qiime-cache
returncode: 0
elapsed_seconds: 559.125
stdout:
Saved TaxonomicClassifier to: <WORK_DIR>/silva-v4-classifier.qza
stderr:


[classify-holdout-c050]
command: conda run -n microbiome-qiime2-2026.4 qiime feature-classifier classify-sklearn --i-reads <WORK_DIR>/holdout-sequences.qza --i-classifier <WORK_DIR>/silva-v4-holdout-classifier.qza --p-reads-per-batch 20000 --p-n-jobs 4 --p-confidence 0.50 --p-read-orientation same --o-classification <WORK_DIR>/holdout-taxonomy-c050.qza --use-cache <WORK_DIR>/qiime-cache
returncode: 0
elapsed_seconds: 177.024
stdout:
Saved FeatureData[Taxonomy] to: <WORK_DIR>/holdout-taxonomy-c050.qza
stderr:


[classify-query-c050]
command: conda run -n microbiome-qiime2-2026.4 qiime feature-classifier classify-sklearn --i-reads <WORK_DIR>/query-sequences.qza --i-classifier <WORK_DIR>/silva-v4-classifier.qza --p-reads-per-batch 20000 --p-n-jobs 4 --p-confidence 0.50 --p-read-orientation same --o-classification <WORK_DIR>/query-taxonomy-c050.qza --use-cache <WORK_DIR>/qiime-cache
returncode: 0
elapsed_seconds: 40.346
stdout:
Saved FeatureData[Taxonomy] to: <WORK_DIR>/query-taxonomy-c050.qza
stderr:


[classify-holdout-c070]
command: conda run -n microbiome-qiime2-2026.4 qiime feature-classifier classify-sklearn --i-reads <WORK_DIR>/holdout-sequences.qza --i-classifier <WORK_DIR>/silva-v4-holdout-classifier.qza --p-reads-per-batch 20000 --p-n-jobs 4 --p-confidence 0.70 --p-read-orientation same --o-classification <WORK_DIR>/holdout-taxonomy-c070.qza --use-cache <WORK_DIR>/qiime-cache
returncode: 0
elapsed_seconds: 127.17
stdout:
Saved FeatureData[Taxonomy] to: <WORK_DIR>/holdout-taxonomy-c070.qza
stderr:


[classify-query-c070]
command: conda run -n microbiome-qiime2-2026.4 qiime feature-classifier classify-sklearn --i-reads <WORK_DIR>/query-sequences.qza --i-classifier <WORK_DIR>/silva-v4-classifier.qza --p-reads-per-batch 20000 --p-n-jobs 4 --p-confidence 0.70 --p-read-orientation same --o-classification <WORK_DIR>/query-taxonomy-c070.qza --use-cache <WORK_DIR>/qiime-cache
returncode: 0
elapsed_seconds: 59.105
stdout:
Saved FeatureData[Taxonomy] to: <WORK_DIR>/query-taxonomy-c070.qza
stderr:


[classify-holdout-c090]
command: conda run -n microbiome-qiime2-2026.4 qiime feature-classifier classify-sklearn --i-reads <WORK_DIR>/holdout-sequences.qza --i-classifier <WORK_DIR>/silva-v4-holdout-classifier.qza --p-reads-per-batch 20000 --p-n-jobs 4 --p-confidence 0.90 --p-read-orientation same --o-classification <WORK_DIR>/holdout-taxonomy-c090.qza --use-cache <WORK_DIR>/qiime-cache
returncode: 0
elapsed_seconds: 118.624
stdout:
Saved FeatureData[Taxonomy] to: <WORK_DIR>/holdout-taxonomy-c090.qza
stderr:


[classify-query-c090]
command: conda run -n microbiome-qiime2-2026.4 qiime feature-classifier classify-sklearn --i-reads <WORK_DIR>/query-sequences.qza --i-classifier <WORK_DIR>/silva-v4-classifier.qza --p-reads-per-batch 20000 --p-n-jobs 4 --p-confidence 0.90 --p-read-orientation same --o-classification <WORK_DIR>/query-taxonomy-c090.qza --use-cache <WORK_DIR>/qiime-cache
returncode: 0
elapsed_seconds: 47.843
stdout:
Saved FeatureData[Taxonomy] to: <WORK_DIR>/query-taxonomy-c090.qza
stderr:


[classify-sequence-search-comparator]
command: conda run -n microbiome-qiime2-2026.4 qiime feature-classifier classify-consensus-vsearch --i-query <WORK_DIR>/query-sequences.qza --i-reference-reads <WORK_DIR>/full-sequences.qza --i-reference-taxonomy <WORK_DIR>/full-taxonomy.qza --p-maxaccepts 50 --p-maxrejects all --p-perc-identity 0.8 --p-query-cov 0.8 --p-strand both --p-top-hits-only --p-maxhits all --p-output-no-hits --p-threads 4 --p-min-consensus 0.51 --p-unassignable-label Unassigned --o-classification <WORK_DIR>/silva-sequence-search-taxonomy.qza --o-search-results <WORK_DIR>/silva-sequence-search-results.qza --use-cache <WORK_DIR>/qiime-cache --no-recycle
returncode: 0
elapsed_seconds: 188.766
stdout:
Saved FeatureData[Taxonomy] to: <WORK_DIR>/silva-sequence-search-taxonomy.qza
Saved FeatureData[BLAST6] to: <WORK_DIR>/silva-sequence-search-results.qza
stderr:


[evaluate-holdout-c070]
command: conda run -n microbiome-qiime2-2026.4 qiime quality-control evaluate-taxonomy --i-expected-taxa <WORK_DIR>/holdout-expected-taxonomy.qza --i-observed-taxa <WORK_DIR>/holdout-taxonomy-c070.qza --p-depth 6 --p-palette tab10 --o-visualization <WORK_DIR>/holdout-evaluation-c070.qzv --use-cache <WORK_DIR>/qiime-cache
returncode: 0
elapsed_seconds: 33.986
stdout:
Saved Visualization to: <WORK_DIR>/holdout-evaluation-c070.qzv
stderr:


[export-holdout-c050]
command: conda run -n microbiome-qiime2-2026.4 qiime tools export --input-path <WORK_DIR>/holdout-taxonomy-c050.qza --output-path <WORK_DIR>/export-holdout-c050
returncode: 0
elapsed_seconds: 32.577
stdout:
Exported <WORK_DIR>/holdout-taxonomy-c050.qza as TSVTaxonomyDirectoryFormat to directory <WORK_DIR>/export-holdout-c050
stderr:


[export-holdout-c070]
command: conda run -n microbiome-qiime2-2026.4 qiime tools export --input-path <WORK_DIR>/holdout-taxonomy-c070.qza --output-path <WORK_DIR>/export-holdout-c070
returncode: 0
elapsed_seconds: 31.835
stdout:
Exported <WORK_DIR>/holdout-taxonomy-c070.qza as TSVTaxonomyDirectoryFormat to directory <WORK_DIR>/export-holdout-c070
stderr:


[export-holdout-c090]
command: conda run -n microbiome-qiime2-2026.4 qiime tools export --input-path <WORK_DIR>/holdout-taxonomy-c090.qza --output-path <WORK_DIR>/export-holdout-c090
returncode: 0
elapsed_seconds: 30.924
stdout:
Exported <WORK_DIR>/holdout-taxonomy-c090.qza as TSVTaxonomyDirectoryFormat to directory <WORK_DIR>/export-holdout-c090
stderr:


[export-query-c050]
command: conda run -n microbiome-qiime2-2026.4 qiime tools export --input-path <WORK_DIR>/query-taxonomy-c050.qza --output-path <WORK_DIR>/export-query-c050
returncode: 0
elapsed_seconds: 31.908
stdout:
Exported <WORK_DIR>/query-taxonomy-c050.qza as TSVTaxonomyDirectoryFormat to directory <WORK_DIR>/export-query-c050
stderr:


[export-query-c070]
command: conda run -n microbiome-qiime2-2026.4 qiime tools export --input-path <WORK_DIR>/query-taxonomy-c070.qza --output-path <WORK_DIR>/export-query-c070
returncode: 0
elapsed_seconds: 31.424
stdout:
Exported <WORK_DIR>/query-taxonomy-c070.qza as TSVTaxonomyDirectoryFormat to directory <WORK_DIR>/export-query-c070
stderr:


[export-query-c090]
command: conda run -n microbiome-qiime2-2026.4 qiime tools export --input-path <WORK_DIR>/query-taxonomy-c090.qza --output-path <WORK_DIR>/export-query-c090
returncode: 0
elapsed_seconds: 30.946
stdout:
Exported <WORK_DIR>/query-taxonomy-c090.qza as TSVTaxonomyDirectoryFormat to directory <WORK_DIR>/export-query-c090
stderr:


[export-sequence-search-taxonomy]
command: conda run -n microbiome-qiime2-2026.4 qiime tools export --input-path <WORK_DIR>/silva-sequence-search-taxonomy.qza --output-path <WORK_DIR>/export-sequence-search
returncode: 0
elapsed_seconds: 31.45
stdout:
Exported <WORK_DIR>/silva-sequence-search-taxonomy.qza as TSVTaxonomyDirectoryFormat to directory <WORK_DIR>/export-sequence-search
stderr:


[validate-silva-v4-holdout-classifier.qza]
command: conda run -n microbiome-qiime2-2026.4 qiime tools validate <OUTPUT_DIR>/silva-v4-holdout-classifier.qza --level max
returncode: 0
elapsed_seconds: 36.423
stdout:
Result <OUTPUT_DIR>/silva-v4-holdout-classifier.qza appears to be valid at level=max.
stderr:


[validate-silva-v4-classifier.qza]
command: conda run -n microbiome-qiime2-2026.4 qiime tools validate <OUTPUT_DIR>/silva-v4-classifier.qza --level max
returncode: 0
elapsed_seconds: 35.637
stdout:
Result <OUTPUT_DIR>/silva-v4-classifier.qza appears to be valid at level=max.
stderr:


[validate-silva-v4-holdout-sequences.qza]
command: conda run -n microbiome-qiime2-2026.4 qiime tools validate <OUTPUT_DIR>/silva-v4-holdout-sequences.qza --level max
returncode: 0
elapsed_seconds: 30.978
stdout:
Result <OUTPUT_DIR>/silva-v4-holdout-sequences.qza appears to be valid at level=max.
stderr:


[validate-silva-v4-holdout-expected-taxonomy.qza]
command: conda run -n microbiome-qiime2-2026.4 qiime tools validate <OUTPUT_DIR>/silva-v4-holdout-expected-taxonomy.qza --level max
returncode: 0
elapsed_seconds: 30.733
stdout:
Result <OUTPUT_DIR>/silva-v4-holdout-expected-taxonomy.qza appears to be valid at level=max.
stderr:


[validate-holdout-taxonomy-c050.qza]
command: conda run -n microbiome-qiime2-2026.4 qiime tools validate <OUTPUT_DIR>/holdout-taxonomy-c050.qza --level max
returncode: 0
elapsed_seconds: 30.571
stdout:
Result <OUTPUT_DIR>/holdout-taxonomy-c050.qza appears to be valid at level=max.
stderr:


[validate-holdout-taxonomy-c070.qza]
command: conda run -n microbiome-qiime2-2026.4 qiime tools validate <OUTPUT_DIR>/holdout-taxonomy-c070.qza --level max
returncode: 0
elapsed_seconds: 30.609
stdout:
Result <OUTPUT_DIR>/holdout-taxonomy-c070.qza appears to be valid at level=max.
stderr:


[validate-holdout-taxonomy-c090.qza]
command: conda run -n microbiome-qiime2-2026.4 qiime tools validate <OUTPUT_DIR>/holdout-taxonomy-c090.qza --level max
returncode: 0
elapsed_seconds: 30.97
stdout:
Result <OUTPUT_DIR>/holdout-taxonomy-c090.qza appears to be valid at level=max.
stderr:


[validate-query-taxonomy-c050.qza]
command: conda run -n microbiome-qiime2-2026.4 qiime tools validate <OUTPUT_DIR>/query-taxonomy-c050.qza --level max
returncode: 0
elapsed_seconds: 31.299
stdout:
Result <OUTPUT_DIR>/query-taxonomy-c050.qza appears to be valid at level=max.
stderr:


[validate-query-taxonomy-c070.qza]
command: conda run -n microbiome-qiime2-2026.4 qiime tools validate <OUTPUT_DIR>/query-taxonomy-c070.qza --level max
returncode: 0
elapsed_seconds: 30.713
stdout:
Result <OUTPUT_DIR>/query-taxonomy-c070.qza appears to be valid at level=max.
stderr:


[validate-query-taxonomy-c090.qza]
command: conda run -n microbiome-qiime2-2026.4 qiime tools validate <OUTPUT_DIR>/query-taxonomy-c090.qza --level max
returncode: 0
elapsed_seconds: 30.858
stdout:
Result <OUTPUT_DIR>/query-taxonomy-c090.qza appears to be valid at level=max.
stderr:


[validate-holdout-evaluation-c070.qzv]
command: conda run -n microbiome-qiime2-2026.4 qiime tools validate <OUTPUT_DIR>/holdout-evaluation-c070.qzv --level max
returncode: 0
elapsed_seconds: 5.85
stdout:
Result <OUTPUT_DIR>/holdout-evaluation-c070.qzv appears to be valid at level=max.
stderr:

