feature_id	frequency	samples_observed	naive_bayes_taxon	naive_bayes_confidence	sequence_search_taxon	sequence_search_confidence	domain_naive_bayes	domain_sequence_search	domain_exact_match	phylum_naive_bayes	phylum_sequence_search	phylum_exact_match	class_naive_bayes	class_sequence_search	class_exact_match	order_naive_bayes	order_sequence_search	order_exact_match	family_naive_bayes	family_sequence_search	family_exact_match	genus_naive_bayes	genus_sequence_search	genus_exact_match
003d0470f23082c7bf6de11e71a56898	10	1	d__Bacteria; p__Pseudomonadota; c__Gammaproteobacteria; o__Burkholderiales; f__Nitrosomonadaceae; g__GOUTA6	0.999630765530534	d__Bacteria; p__Pseudomonadota; c__Gammaproteobacteria; o__Burkholderiales; f__Nitrosomonadaceae; g__GOUTA6	1.0	Bacteria	Bacteria	True	Pseudomonadota	Pseudomonadota	True	Gammaproteobacteria	Gammaproteobacteria	True	Burkholderiales	Burkholderiales	True	Nitrosomonadaceae	Nitrosomonadaceae	True	GOUTA6	GOUTA6	True
0118d57337bccab8f376ba2917c68eb5	3	1	d__Bacteria; p__Ignavibacteriota; c__Ignavibacteria; o__Ignavibacteriales; f__Ignavibacteriaceae; g__Ignavibacterium	0.9993597890002223	d__Bacteria; p__Ignavibacteriota; c__Ignavibacteria; o__Ignavibacteriales; f__Ignavibacteriaceae; g__Ignavibacterium	1.0	Bacteria	Bacteria	True	Ignavibacteriota	Ignavibacteriota	True	Ignavibacteria	Ignavibacteria	True	Ignavibacteriales	Ignavibacteriales	True	Ignavibacteriaceae	Ignavibacteriaceae	True	Ignavibacterium	Ignavibacterium	True
020f04df345de3ba12ecf913a853b686	2	1	d__Archaea; p__Nanoarchaeota; c__Nanoarchaeia; o__Woesearchaeales; f__Incertae_Sedis; g__Incertae_Sedis	0.9994672562974158	d__Archaea; p__Nanoarchaeota; c__Nanoarchaeia; o__Woesearchaeales; f__Incertae_Sedis; g__Incertae_Sedis	1.0	Archaea	Archaea	True	Nanoarchaeota	Nanoarchaeota	True	Nanoarchaeia	Nanoarchaeia	True	Woesearchaeales	Woesearchaeales	True	Incertae_Sedis	Incertae_Sedis	True	Incertae_Sedis	Incertae_Sedis	True
029f16d7439ba12681fbf6940821b468	4	1	d__Bacteria; p__Verrucomicrobiota; c__Omnitrophia; o__Omnitrophales; f__Incertae_Sedis; g__Incertae_Sedis	0.9999117106575086	d__Bacteria; p__Verrucomicrobiota; c__Omnitrophia; o__Omnitrophales; f__Incertae_Sedis; g__Incertae_Sedis	1.0	Bacteria	Bacteria	True	Verrucomicrobiota	Verrucomicrobiota	True	Omnitrophia	Omnitrophia	True	Omnitrophales	Omnitrophales	True	Incertae_Sedis	Incertae_Sedis	True	Incertae_Sedis	Incertae_Sedis	True
02b4cbe5c2955ab2f66dc82cdf6dad64	92	3	d__Bacteria; p__Pseudomonadota; c__Gammaproteobacteria; o__Burkholderiales; f__Comamonadaceae; g__Aquabacterium	0.9484711403932493	d__Bacteria; p__Pseudomonadota; c__Gammaproteobacteria; o__Burkholderiales; f__Comamonadaceae; g__Aquabacterium	1.0	Bacteria	Bacteria	True	Pseudomonadota	Pseudomonadota	True	Gammaproteobacteria	Gammaproteobacteria	True	Burkholderiales	Burkholderiales	True	Comamonadaceae	Comamonadaceae	True	Aquabacterium	Aquabacterium	True
033b3477cc2e64b426992eee9236d268	3	1	d__Bacteria; p__Pseudomonadota; c__Gammaproteobacteria; o__Legionellales; f__Legionellaceae; g__Legionella	0.9999019580498494	d__Bacteria; p__Pseudomonadota; c__Gammaproteobacteria; o__Legionellales; f__Legionellaceae; g__Legionella	1.0	Bacteria	Bacteria	True	Pseudomonadota	Pseudomonadota	True	Gammaproteobacteria	Gammaproteobacteria	True	Legionellales	Legionellales	True	Legionellaceae	Legionellaceae	True	Legionella	Legionella	True
0413f9fe237af7a8c9c37b0825a63520	14	1	d__Archaea; p__Nanoarchaeota; c__Nanoarchaeia; o__Woesearchaeales; f__Incertae_Sedis; g__Incertae_Sedis	0.9999778722786031	d__Archaea; p__Nanoarchaeota; c__Nanoarchaeia; o__Woesearchaeales; f__Incertae_Sedis; g__Incertae_Sedis	1.0	Archaea	Archaea	True	Nanoarchaeota	Nanoarchaeota	True	Nanoarchaeia	Nanoarchaeia	True	Woesearchaeales	Woesearchaeales	True	Incertae_Sedis	Incertae_Sedis	True	Incertae_Sedis	Incertae_Sedis	True
07d28b94cbd613e425c69c5178e40a06	2	1	d__Archaea; p__Nanoarchaeota; c__Nanoarchaeia; o__Pacearchaeales; f__Incertae_Sedis; g__SCGC_AAA011-D5	0.9999093088275266	d__Archaea; p__Nanoarchaeota; c__Nanoarchaeia; o__Pacearchaeales; f__Incertae_Sedis; g__SCGC_AAA011-D5	1.0	Archaea	Archaea	True	Nanoarchaeota	Nanoarchaeota	True	Nanoarchaeia	Nanoarchaeia	True	Pacearchaeales	Pacearchaeales	True	Incertae_Sedis	Incertae_Sedis	True	SCGC_AAA011-D5	SCGC_AAA011-D5	True
0885d87ef62f2ec47947bcfbe14ef78f	5	1	d__Archaea; p__Micrarchaeota; c__Micrarchaeia; o__Micrarchaeales; f__Incertae_Sedis; g__CG1_02_55_22	0.9999859170244205	d__Archaea; p__Micrarchaeota; c__Micrarchaeia; o__Micrarchaeales; f__Incertae_Sedis; g__CG1_02_55_22	1.0	Archaea	Archaea	True	Micrarchaeota	Micrarchaeota	True	Micrarchaeia	Micrarchaeia	True	Micrarchaeales	Micrarchaeales	True	Incertae_Sedis	Incertae_Sedis	True	CG1_02_55_22	CG1_02_55_22	True
08bdc6c81f6b9daab3d132b54e1d45bc	7	1	d__Bacteria; p__Actinomycetota; c__Actinobacteria; o__Mycobacteriales; f__Nocardiaceae; g__Rhodococcus	0.9999919654685996	d__Bacteria; p__Actinomycetota; c__Actinobacteria; o__Mycobacteriales; f__Nocardiaceae; g__Rhodococcus	1.0	Bacteria	Bacteria	True	Actinomycetota	Actinomycetota	True	Actinobacteria	Actinobacteria	True	Mycobacteriales	Mycobacteriales	True	Nocardiaceae	Nocardiaceae	True	Rhodococcus	Rhodococcus	True
08e82441af4098baf31f236034ea249b	2	1	d__Bacteria; p__Bdellovibrionota; c__Bdellovibrionia; o__Bdellovibrionales; f__Pseudobdellovibrionaceae; g__Incertae_Sedis	0.9999988444645279	d__Bacteria; p__Bdellovibrionota; c__Bdellovibrionia; o__Bdellovibrionales; f__Pseudobdellovibrionaceae; g__Incertae_Sedis	1.0	Bacteria	Bacteria	True	Bdellovibrionota	Bdellovibrionota	True	Bdellovibrionia	Bdellovibrionia	True	Bdellovibrionales	Bdellovibrionales	True	Pseudobdellovibrionaceae	Pseudobdellovibrionaceae	True	Incertae_Sedis	Incertae_Sedis	True
096af19a014f877223e5ff2d8b1433c3	5	1	d__Bacteria; p__Patescibacteria; c__ABY1; o__Candidatus_Kerfeldbacteria; f__Incertae_Sedis; g__Incertae_Sedis	0.9999999804995527	d__Bacteria; p__Patescibacteria; c__ABY1; o__Candidatus_Kerfeldbacteria; f__Incertae_Sedis; g__Incertae_Sedis	1.0	Bacteria	Bacteria	True	Patescibacteria	Patescibacteria	True	ABY1	ABY1	True	Candidatus_Kerfeldbacteria	Candidatus_Kerfeldbacteria	True	Incertae_Sedis	Incertae_Sedis	True	Incertae_Sedis	Incertae_Sedis	True
0a9c0f5806bd6605a6be8c1c5fab2803	5	1	d__Bacteria; p__Methylomirabilota; c__Methylomirabilia; o__Methylomirabilales; f__Methylomirabilaceae; g__Sh765B-TzT-35	0.9999999988194617	d__Bacteria; p__Methylomirabilota; c__Methylomirabilia; o__Methylomirabilales; f__Methylomirabilaceae; g__Sh765B-TzT-35	1.0	Bacteria	Bacteria	True	Methylomirabilota	Methylomirabilota	True	Methylomirabilia	Methylomirabilia	True	Methylomirabilales	Methylomirabilales	True	Methylomirabilaceae	Methylomirabilaceae	True	Sh765B-TzT-35	Sh765B-TzT-35	True
0b3152b92e28d3ab3d32c8247beff2d3	7	1	d__Bacteria; p__Spirochaetota; c__Leptospirae; o__Leptospirales; f__Leptospiraceae; g__Incertae_Sedis	0.9999998157562145	d__Bacteria; p__Spirochaetota; c__Leptospirae; o__Leptospirales; f__Leptospiraceae; g__Incertae_Sedis	1.0	Bacteria	Bacteria	True	Spirochaetota	Spirochaetota	True	Leptospirae	Leptospirae	True	Leptospirales	Leptospirales	True	Leptospiraceae	Leptospiraceae	True	Incertae_Sedis	Incertae_Sedis	True
0bfb11bc0ab57849fe2c5ec8a5deab88	2	1	d__Bacteria	0.9999999982520235	d__Bacteria; p__Myxococcota; c__bacteriap25; o__Incertae_Sedis; f__Incertae_Sedis; g__Incertae_Sedis	1.0	Bacteria	Bacteria	True		Myxococcota	False		bacteriap25	False		Incertae_Sedis	False		Incertae_Sedis	False		Incertae_Sedis	False
0c6ec4d45af4de39069620764467aa05	2	1	d__Archaea; p__Nanoarchaeota; c__Nanoarchaeia; o__Woesearchaeales; f__Incertae_Sedis; g__Incertae_Sedis	0.9999994544301454	d__Archaea; p__Nanoarchaeota; c__Nanoarchaeia; o__Woesearchaeales; f__Incertae_Sedis; g__Incertae_Sedis	1.0	Archaea	Archaea	True	Nanoarchaeota	Nanoarchaeota	True	Nanoarchaeia	Nanoarchaeia	True	Woesearchaeales	Woesearchaeales	True	Incertae_Sedis	Incertae_Sedis	True	Incertae_Sedis	Incertae_Sedis	True
0d6dcaae2682704e655e8c12d0a9e3d2	21	1	d__Archaea; p__Nanoarchaeota; c__Nanoarchaeia; o__Woesearchaeales; f__Incertae_Sedis; g__Incertae_Sedis	0.9999457966640858	d__Archaea; p__Nanoarchaeota; c__Nanoarchaeia; o__Woesearchaeales; f__Incertae_Sedis; g__Incertae_Sedis	1.0	Archaea	Archaea	True	Nanoarchaeota	Nanoarchaeota	True	Nanoarchaeia	Nanoarchaeia	True	Woesearchaeales	Woesearchaeales	True	Incertae_Sedis	Incertae_Sedis	True	Incertae_Sedis	Incertae_Sedis	True
0dfa02006f244358216a64cb34291c06	25	2	d__Archaea; p__Nanoarchaeota; c__Nanoarchaeia; o__Woesearchaeales; f__Incertae_Sedis; g__Incertae_Sedis	0.9998883978648259	d__Archaea; p__Nanoarchaeota; c__Nanoarchaeia; o__Woesearchaeales; f__Incertae_Sedis; g__Incertae_Sedis	1.0	Archaea	Archaea	True	Nanoarchaeota	Nanoarchaeota	True	Nanoarchaeia	Nanoarchaeia	True	Woesearchaeales	Woesearchaeales	True	Incertae_Sedis	Incertae_Sedis	True	Incertae_Sedis	Incertae_Sedis	True
0e070507abba4160021ce83993fa8988	2	1	d__Bacteria; p__Verrucomicrobiota; c__Verrucomicrobiia; o__Chthoniobacterales; f__Chthoniobacteraceae; g__Chthoniobacter	0.9999999921829641	d__Bacteria; p__Verrucomicrobiota; c__Verrucomicrobiia; o__Chthoniobacterales; f__Chthoniobacteraceae; g__Chthoniobacter	1.0	Bacteria	Bacteria	True	Verrucomicrobiota	Verrucomicrobiota	True	Verrucomicrobiia	Verrucomicrobiia	True	Chthoniobacterales	Chthoniobacterales	True	Chthoniobacteraceae	Chthoniobacteraceae	True	Chthoniobacter	Chthoniobacter	True
0e47b1c8584c7a957e4ec39127224c0f	9	1	d__Bacteria; p__Pseudomonadota; c__Alphaproteobacteria; o__Sphingomonadales; f__Sphingomonadaceae; g__Novosphingobium	0.9917012888964655	d__Bacteria; p__Pseudomonadota; c__Alphaproteobacteria; o__Sphingomonadales; f__Sphingomonadaceae; g__Novosphingobium	1.0	Bacteria	Bacteria	True	Pseudomonadota	Pseudomonadota	True	Alphaproteobacteria	Alphaproteobacteria	True	Sphingomonadales	Sphingomonadales	True	Sphingomonadaceae	Sphingomonadaceae	True	Novosphingobium	Novosphingobium	True
1059d2483862d83ac9f6c0e5d65166ff	8	2	d__Bacteria; p__Pseudomonadota; c__Gammaproteobacteria; o__Rickettsiellales; f__Rickettsiellaceae; g__Incertae_Sedis	0.9823460495588304	d__Bacteria; p__Pseudomonadota; c__Gammaproteobacteria; o__Legionellales; f__Legionellaceae; g__Legionella	1.0	Bacteria	Bacteria	True	Pseudomonadota	Pseudomonadota	True	Gammaproteobacteria	Gammaproteobacteria	True	Rickettsiellales	Legionellales	False	Rickettsiellaceae	Legionellaceae	False	Incertae_Sedis	Legionella	False
10e1a3b243a63b2e006fff8b588dd89e	5	1	d__Bacteria; p__Verrucomicrobiota; c__Omnitrophia; o__Omnitrophales; f__Omnitrophaceae; g__Candidatus_Omnitrophus	0.8517061190531543	d__Bacteria; p__Verrucomicrobiota; c__Omnitrophia; o__Omnitrophales; f__Incertae_Sedis; g__Incertae_Sedis	1.0	Bacteria	Bacteria	True	Verrucomicrobiota	Verrucomicrobiota	True	Omnitrophia	Omnitrophia	True	Omnitrophales	Omnitrophales	True	Omnitrophaceae	Incertae_Sedis	False	Candidatus_Omnitrophus	Incertae_Sedis	False
1118e439f5e09d71f0ab4a2f93f3eda7	2	1	d__Archaea; p__Nanoarchaeota; c__Nanoarchaeia; o__Woesearchaeales; f__GW2011; g__AR20	0.99774975882871	d__Archaea; p__Nanoarchaeota; c__Nanoarchaeia; o__Woesearchaeales; f__GW2011; g__AR20	1.0	Archaea	Archaea	True	Nanoarchaeota	Nanoarchaeota	True	Nanoarchaeia	Nanoarchaeia	True	Woesearchaeales	Woesearchaeales	True	GW2011	GW2011	True	AR20	AR20	True
1304d0f9dc2397bbf02e61577a2f5adc	25	2	d__Bacteria; p__Patescibacteria; c__Berkelbacteria; o__Incertae_Sedis; f__Incertae_Sedis; g__Incertae_Sedis	0.9999999586883925	d__Bacteria; p__Patescibacteria; c__Berkelbacteria; o__Incertae_Sedis; f__Incertae_Sedis; g__Incertae_Sedis	1.0	Bacteria	Bacteria	True	Patescibacteria	Patescibacteria	True	Berkelbacteria	Berkelbacteria	True	Incertae_Sedis	Incertae_Sedis	True	Incertae_Sedis	Incertae_Sedis	True	Incertae_Sedis	Incertae_Sedis	True
132bee48373460dce6dc3682fc023242	6	1	d__Bacteria; p__Verrucomicrobiota; c__Omnitrophia; o__Omnitrophales; f__Omnitrophaceae; g__Candidatus_Omnitrophus	0.9994845267506132	d__Bacteria; p__Verrucomicrobiota; c__Omnitrophia; o__Omnitrophales; f__Omnitrophaceae; g__Candidatus_Omnitrophus	1.0	Bacteria	Bacteria	True	Verrucomicrobiota	Verrucomicrobiota	True	Omnitrophia	Omnitrophia	True	Omnitrophales	Omnitrophales	True	Omnitrophaceae	Omnitrophaceae	True	Candidatus_Omnitrophus	Candidatus_Omnitrophus	True
145c63ee007bff033211e7acb00c2ea4	3	1	d__Bacteria; p__Pseudomonadota; c__Gammaproteobacteria	0.7167336470297145	d__Bacteria; p__Elusimicrobiota; c__Elusimicrobia; o__MVP-88; f__Incertae_Sedis; g__Incertae_Sedis	1.0	Bacteria	Bacteria	True	Pseudomonadota	Elusimicrobiota	False	Gammaproteobacteria	Elusimicrobia	False		MVP-88	False		Incertae_Sedis	False		Incertae_Sedis	False
145dd81c19bf3ceb88f911840da09753	2	1	d__Bacteria; p__Dependentiae; c__Babeliae; o__Babeliales; f__Incertae_Sedis	0.9999230776648108	d__Bacteria; p__Dependentiae; c__Babeliae; o__Babeliales; f__Incertae_Sedis; g__Incertae_Sedis	1.0	Bacteria	Bacteria	True	Dependentiae	Dependentiae	True	Babeliae	Babeliae	True	Babeliales	Babeliales	True	Incertae_Sedis	Incertae_Sedis	True		Incertae_Sedis	False
153f5dc3a17e6cf9df0cac4a4626f744	3	1	d__Archaea; p__Nanoarchaeota; c__Nanoarchaeia; o__Woesearchaeales; f__Incertae_Sedis; g__Incertae_Sedis	0.9999911959993877	Unassigned	1.0	Archaea		False	Nanoarchaeota		False	Nanoarchaeia		False	Woesearchaeales		False	Incertae_Sedis		False	Incertae_Sedis		False
157ff7048c408a2243548ccc631e92c7	2	1	d__Bacteria	0.9999997814655535	d__Bacteria; p__Elusimicrobiota; c__Elusimicrobia; o__Lineage_IV; f__Incertae_Sedis; g__Incertae_Sedis	1.0	Bacteria	Bacteria	True		Elusimicrobiota	False		Elusimicrobia	False		Lineage_IV	False		Incertae_Sedis	False		Incertae_Sedis	False
160083d0a5f65a88f14333860e7aac77	7	2	d__Bacteria; p__Patescibacteria; c__Microgenomatia; o__Candidatus_Woykebacteria; f__Incertae_Sedis; g__Incertae_Sedis	0.9999999999999858	d__Bacteria; p__Patescibacteria; c__Microgenomatia; o__Candidatus_Woykebacteria; f__Incertae_Sedis; g__Incertae_Sedis	1.0	Bacteria	Bacteria	True	Patescibacteria	Patescibacteria	True	Microgenomatia	Microgenomatia	True	Candidatus_Woykebacteria	Candidatus_Woykebacteria	True	Incertae_Sedis	Incertae_Sedis	True	Incertae_Sedis	Incertae_Sedis	True
16f300a764ed32dd3259f6be8ff697de	7	1	d__Archaea; p__Thermoplasmatota; c__Thermoplasmata; o__Marine_Group_II; f__Incertae_Sedis; g__Incertae_Sedis	0.966355807724925	d__Archaea; p__Thermoplasmatota; c__Thermoplasmata; o__Marine_Group_II; f__Incertae_Sedis; g__Incertae_Sedis	1.0	Archaea	Archaea	True	Thermoplasmatota	Thermoplasmatota	True	Thermoplasmata	Thermoplasmata	True	Marine_Group_II	Marine_Group_II	True	Incertae_Sedis	Incertae_Sedis	True	Incertae_Sedis	Incertae_Sedis	True
178e5b49d1382ecedfaeb479490b0a0b	2	1	d__Bacteria; p__Planctomycetota; c__OM190; o__Incertae_Sedis; f__Incertae_Sedis; g__Incertae_Sedis	0.7305785081763868	d__Bacteria; p__Acidobacteriota; c__Vicinamibacteria; o__Vicinamibacterales; f__Vicinamibacteraceae; g__Incertae_Sedis	1.0	Bacteria	Bacteria	True	Planctomycetota	Acidobacteriota	False	OM190	Vicinamibacteria	False	Incertae_Sedis	Vicinamibacterales	False	Incertae_Sedis	Vicinamibacteraceae	False	Incertae_Sedis	Incertae_Sedis	True
17bcaf5a87036a0156e86b9fd722a418	4	1	d__Bacteria	0.9999999999099177	d__Bacteria; p__Bdellovibrionota; c__Oligoflexia; o__0319-6G20; f__Incertae_Sedis; g__Incertae_Sedis	1.0	Bacteria	Bacteria	True		Bdellovibrionota	False		Oligoflexia	False		0319-6G20	False		Incertae_Sedis	False		Incertae_Sedis	False
17cca5dbb858ecc8331af6ce73ecfbbe	3	1	d__Bacteria; p__Pseudomonadota; c__Alphaproteobacteria; o__Rhodospirillales; f__Incertae_Sedis; g__Incertae_Sedis	0.9327131007208198	d__Bacteria; p__Pseudomonadota; c__Alphaproteobacteria; o__Rickettsiales; f__Mitochondria; g__Incertae_Sedis	1.0	Bacteria	Bacteria	True	Pseudomonadota	Pseudomonadota	True	Alphaproteobacteria	Alphaproteobacteria	True	Rhodospirillales	Rickettsiales	False	Incertae_Sedis	Mitochondria	False	Incertae_Sedis	Incertae_Sedis	True
17df3d296faa86b1b301701e1eebdc7d	6	1	d__Archaea; p__Nanoarchaeota; c__Nanoarchaeia; o__Woesearchaeales; f__Incertae_Sedis; g__Incertae_Sedis	0.9998804684131009	d__Archaea; p__Nanoarchaeota; c__Nanoarchaeia; o__Woesearchaeales; f__Incertae_Sedis; g__Incertae_Sedis	1.0	Archaea	Archaea	True	Nanoarchaeota	Nanoarchaeota	True	Nanoarchaeia	Nanoarchaeia	True	Woesearchaeales	Woesearchaeales	True	Incertae_Sedis	Incertae_Sedis	True	Incertae_Sedis	Incertae_Sedis	True
1878c877726ea800913b57df800be272	6	1	d__Bacteria; p__Nitrospirota; c__Nitrospiria; o__Nitrospirales; f__Nitrospiraceae; g__Nitrospira	0.9999999999982379	d__Bacteria; p__Nitrospirota; c__Nitrospiria; o__Nitrospirales; f__Nitrospiraceae; g__Nitrospira	1.0	Bacteria	Bacteria	True	Nitrospirota	Nitrospirota	True	Nitrospiria	Nitrospiria	True	Nitrospirales	Nitrospirales	True	Nitrospiraceae	Nitrospiraceae	True	Nitrospira	Nitrospira	True
18ff009abc8eccc4c9515ba5d20b2ea9	8	1	d__Bacteria; p__Patescibacteria; c__Saccharimonadia; o__Saccharimonadales; f__Saccharimonadaceae; g__TM7a	0.8413085678558325	d__Bacteria; p__Patescibacteria; c__Saccharimonadia; o__Saccharimonadales; f__Incertae_Sedis; g__Incertae_Sedis	1.0	Bacteria	Bacteria	True	Patescibacteria	Patescibacteria	True	Saccharimonadia	Saccharimonadia	True	Saccharimonadales	Saccharimonadales	True	Saccharimonadaceae	Incertae_Sedis	False	TM7a	Incertae_Sedis	False
19134cd91473a8716af2fea6515a38ad	4	1	d__Bacteria; p__Patescibacteria; c__Saccharimonadia; o__Saccharimonadales	0.9999999999994632	d__Bacteria; p__Patescibacteria; c__Saccharimonadia; o__Saccharimonadales; f__Incertae_Sedis; g__Incertae_Sedis	1.0	Bacteria	Bacteria	True	Patescibacteria	Patescibacteria	True	Saccharimonadia	Saccharimonadia	True	Saccharimonadales	Saccharimonadales	True		Incertae_Sedis	False		Incertae_Sedis	False
1a2c609995e7d735d0d7040ee5bb6e3b	3	1	d__Bacteria; p__Patescibacteria; c__Berkelbacteria; o__Incertae_Sedis; f__Incertae_Sedis; g__Incertae_Sedis	0.9999290388061151	d__Bacteria; p__Patescibacteria; c__Berkelbacteria; o__Incertae_Sedis; f__Incertae_Sedis; g__Incertae_Sedis	1.0	Bacteria	Bacteria	True	Patescibacteria	Patescibacteria	True	Berkelbacteria	Berkelbacteria	True	Incertae_Sedis	Incertae_Sedis	True	Incertae_Sedis	Incertae_Sedis	True	Incertae_Sedis	Incertae_Sedis	True
1b582e02c5db66d9b19bac42d19cbdfe	4	1	d__Bacteria; p__Verrucomicrobiota; c__Omnitrophia; o__Omnitrophales; f__Omnitrophaceae; g__Candidatus_Omnitrophus	0.9994424387438897	d__Bacteria; p__NB1-j; c__Incertae_Sedis; o__Incertae_Sedis; f__Incertae_Sedis; g__Incertae_Sedis	1.0	Bacteria	Bacteria	True	Verrucomicrobiota	NB1-j	False	Omnitrophia	Incertae_Sedis	False	Omnitrophales	Incertae_Sedis	False	Omnitrophaceae	Incertae_Sedis	False	Candidatus_Omnitrophus	Incertae_Sedis	False
1c8aaf7ad4d934ef9d673d03d0267425	2	1	d__Bacteria; p__Chloroflexota; c__Dehalococcoidia; o__SAR202_clade; f__Incertae_Sedis; g__Incertae_Sedis	0.9995920064692438	d__Bacteria; p__Chloroflexota; c__Dehalococcoidia; o__SAR202_clade; f__Incertae_Sedis; g__Incertae_Sedis	1.0	Bacteria	Bacteria	True	Chloroflexota	Chloroflexota	True	Dehalococcoidia	Dehalococcoidia	True	SAR202_clade	SAR202_clade	True	Incertae_Sedis	Incertae_Sedis	True	Incertae_Sedis	Incertae_Sedis	True
1e4c881a8860dc325bcfe839a009aebd	13	1	d__Bacteria; p__Bdellovibrionota; c__Bacteriovoracia; o__Bacteriovoracales; f__Bacteriovoracaceae	0.9999999999292641	d__Bacteria; p__Bdellovibrionota; c__Bacteriovoracia; o__Bacteriovoracales; f__Bacteriovoracaceae; g__Bacteriovorax	1.0	Bacteria	Bacteria	True	Bdellovibrionota	Bdellovibrionota	True	Bacteriovoracia	Bacteriovoracia	True	Bacteriovoracales	Bacteriovoracales	True	Bacteriovoracaceae	Bacteriovoracaceae	True		Bacteriovorax	False
1f35fc598292457fbb482e2b8f4237fd	4	1	d__Archaea; p__Nanoarchaeota; c__Nanoarchaeia; o__Woesearchaeales; f__Incertae_Sedis; g__Incertae_Sedis	0.9998541244507756	d__Archaea; p__Nanoarchaeota; c__Nanoarchaeia; o__Woesearchaeales; f__Incertae_Sedis; g__Incertae_Sedis	1.0	Archaea	Archaea	True	Nanoarchaeota	Nanoarchaeota	True	Nanoarchaeia	Nanoarchaeia	True	Woesearchaeales	Woesearchaeales	True	Incertae_Sedis	Incertae_Sedis	True	Incertae_Sedis	Incertae_Sedis	True
1f8747026500ce37ab66b935d9b1b53e	131	2	d__Bacteria; p__Nitrospirota; c__Thermodesulfovibrionia; o__Incertae_Sedis; f__Incertae_Sedis; g__Incertae_Sedis	0.9999999738872137	d__Bacteria; p__Nitrospirota; c__Thermodesulfovibrionia; o__Incertae_Sedis; f__Incertae_Sedis; g__Incertae_Sedis	1.0	Bacteria	Bacteria	True	Nitrospirota	Nitrospirota	True	Thermodesulfovibrionia	Thermodesulfovibrionia	True	Incertae_Sedis	Incertae_Sedis	True	Incertae_Sedis	Incertae_Sedis	True	Incertae_Sedis	Incertae_Sedis	True
1fb6df604938c337483d36ee2e939b92	4	1	d__Bacteria; p__Patescibacteria; c__ABY1; o__Candidatus_Kerfeldbacteria; f__Incertae_Sedis; g__Incertae_Sedis	0.9999067991254211	d__Bacteria; p__Patescibacteria; c__ABY1; o__Candidatus_Kerfeldbacteria; f__Incertae_Sedis; g__Incertae_Sedis	1.0	Bacteria	Bacteria	True	Patescibacteria	Patescibacteria	True	ABY1	ABY1	True	Candidatus_Kerfeldbacteria	Candidatus_Kerfeldbacteria	True	Incertae_Sedis	Incertae_Sedis	True	Incertae_Sedis	Incertae_Sedis	True
2062317b64c59a5b7f3844326e77c74a	2	1	d__Archaea; p__Nanoarchaeota; c__Nanoarchaeia; o__Woesearchaeales; f__Incertae_Sedis; g__Incertae_Sedis	0.9998499973637731	d__Archaea; p__Nanoarchaeota; c__Nanoarchaeia; o__Woesearchaeales; f__Incertae_Sedis; g__Incertae_Sedis	1.0	Archaea	Archaea	True	Nanoarchaeota	Nanoarchaeota	True	Nanoarchaeia	Nanoarchaeia	True	Woesearchaeales	Woesearchaeales	True	Incertae_Sedis	Incertae_Sedis	True	Incertae_Sedis	Incertae_Sedis	True
211f84cff854705248e5f6256a2727a9	8	2	d__Archaea; p__Nanoarchaeota; c__Nanoarchaeia; o__Woesearchaeales; f__Incertae_Sedis; g__Incertae_Sedis	0.9999961181178804	d__Archaea; p__Nanoarchaeota; c__Nanoarchaeia; o__Woesearchaeales; f__Incertae_Sedis; g__Incertae_Sedis	1.0	Archaea	Archaea	True	Nanoarchaeota	Nanoarchaeota	True	Nanoarchaeia	Nanoarchaeia	True	Woesearchaeales	Woesearchaeales	True	Incertae_Sedis	Incertae_Sedis	True	Incertae_Sedis	Incertae_Sedis	True
219a08aa0eba36293d0eb2bd03fd92de	3	1	d__Bacteria; p__Patescibacteria; c__Parcubacteria	0.9974604099164242	d__Bacteria; p__Patescibacteria; c__Parcubacteria; o__Candidatus_Brennerbacteria; f__Incertae_Sedis; g__Incertae_Sedis	1.0	Bacteria	Bacteria	True	Patescibacteria	Patescibacteria	True	Parcubacteria	Parcubacteria	True		Candidatus_Brennerbacteria	False		Incertae_Sedis	False		Incertae_Sedis	False
21d6db2bb764f3dcb1826f42e4ceceb7	5	1	d__Archaea; p__Nanoarchaeota; c__Nanoarchaeia; o__Woesearchaeales; f__Incertae_Sedis; g__Incertae_Sedis	0.9998804516997375	d__Archaea; p__Nanoarchaeota; c__Nanoarchaeia; o__Woesearchaeales; f__Incertae_Sedis; g__Incertae_Sedis	1.0	Archaea	Archaea	True	Nanoarchaeota	Nanoarchaeota	True	Nanoarchaeia	Nanoarchaeia	True	Woesearchaeales	Woesearchaeales	True	Incertae_Sedis	Incertae_Sedis	True	Incertae_Sedis	Incertae_Sedis	True
21f78e2feca8fbd3cde3d8f5f53f0392	2	1	d__Bacteria; p__Patescibacteria; c__ABY1; o__Candidatus_Uhrbacteria; f__Incertae_Sedis; g__Incertae_Sedis	0.9950918380520757	d__Bacteria; p__Patescibacteria; c__ABY1; o__Candidatus_Uhrbacteria; f__Incertae_Sedis; g__Incertae_Sedis	1.0	Bacteria	Bacteria	True	Patescibacteria	Patescibacteria	True	ABY1	ABY1	True	Candidatus_Uhrbacteria	Candidatus_Uhrbacteria	True	Incertae_Sedis	Incertae_Sedis	True	Incertae_Sedis	Incertae_Sedis	True
245422d8e5161734680fc1df34efc639	2	1	d__Archaea; p__Nanoarchaeota; c__Nanoarchaeia; o__Woesearchaeales; f__Incertae_Sedis; g__Incertae_Sedis	0.9221873734714173	Unassigned	1.0	Archaea		False	Nanoarchaeota		False	Nanoarchaeia		False	Woesearchaeales		False	Incertae_Sedis		False	Incertae_Sedis		False
25ac4f5d6d2d91f28705ee0fa3f10bdb	7	2	d__Bacteria; p__Patescibacteria; c__Parcubacteria; o__Incertae_Sedis; f__Incertae_Sedis; g__Incertae_Sedis	0.9996927427855188	d__Bacteria; p__Patescibacteria; c__Parcubacteria; o__Incertae_Sedis; f__Incertae_Sedis; g__Incertae_Sedis	1.0	Bacteria	Bacteria	True	Patescibacteria	Patescibacteria	True	Parcubacteria	Parcubacteria	True	Incertae_Sedis	Incertae_Sedis	True	Incertae_Sedis	Incertae_Sedis	True	Incertae_Sedis	Incertae_Sedis	True
25e119f38effd7d58bf3442bd40eaf00	62	2	d__Bacteria; p__Verrucomicrobiota; c__Omnitrophia; o__Omnitrophales; f__Omnitrophaceae; g__Candidatus_Omnitrophus	0.999103292134602	d__Bacteria; p__Verrucomicrobiota; c__Omnitrophia; o__Omnitrophales; f__Omnitrophaceae; g__Candidatus_Omnitrophus	1.0	Bacteria	Bacteria	True	Verrucomicrobiota	Verrucomicrobiota	True	Omnitrophia	Omnitrophia	True	Omnitrophales	Omnitrophales	True	Omnitrophaceae	Omnitrophaceae	True	Candidatus_Omnitrophus	Candidatus_Omnitrophus	True
266d3c050f6688d15024f3c36c9328d8	19	2	d__Bacteria; p__Methylomirabilota; c__Methylomirabilia; o__Rokubacteriales; f__Incertae_Sedis; g__Incertae_Sedis	0.9999999997564544	d__Bacteria; p__Methylomirabilota; c__Methylomirabilia; o__Rokubacteriales; f__Incertae_Sedis; g__Incertae_Sedis	1.0	Bacteria	Bacteria	True	Methylomirabilota	Methylomirabilota	True	Methylomirabilia	Methylomirabilia	True	Rokubacteriales	Rokubacteriales	True	Incertae_Sedis	Incertae_Sedis	True	Incertae_Sedis	Incertae_Sedis	True
268425f28d1096a853eba13a06210c18	2	1	d__Bacteria; p__Candidatus_Kryptonia; c__Kryptonia; o__Kryptoniales; f__BSV26; g__Incertae_Sedis	0.9999999977464284	d__Bacteria; p__Candidatus_Kryptonia; c__Kryptonia; o__Kryptoniales; f__BSV26; g__Incertae_Sedis	1.0	Bacteria	Bacteria	True	Candidatus_Kryptonia	Candidatus_Kryptonia	True	Kryptonia	Kryptonia	True	Kryptoniales	Kryptoniales	True	BSV26	BSV26	True	Incertae_Sedis	Incertae_Sedis	True
26dbef51cdba97c1f8b84a235ea06f3c	7	1	d__Bacteria; p__Pseudomonadota; c__Alphaproteobacteria; o__Sphingomonadales; f__Sphingomonadaceae; g__Rhizorhabdus	0.969556989053313	d__Bacteria; p__Pseudomonadota; c__Alphaproteobacteria; o__Sphingomonadales; f__Sphingomonadaceae; g__	1.0	Bacteria	Bacteria	True	Pseudomonadota	Pseudomonadota	True	Alphaproteobacteria	Alphaproteobacteria	True	Sphingomonadales	Sphingomonadales	True	Sphingomonadaceae	Sphingomonadaceae	True	Rhizorhabdus		False
2700161fea3aa737f125e20238356dc6	50	4	d__Archaea; p__Thermoproteota; c__Nitrososphaeria; o__Nitrosopumilales; f__Nitrosopumilaceae; g__Incertae_Sedis	0.9997050821363015	d__Archaea; p__Thermoproteota; c__Nitrososphaeria; o__Nitrosopumilales; f__Nitrosopumilaceae; g__Incertae_Sedis	1.0	Archaea	Archaea	True	Thermoproteota	Thermoproteota	True	Nitrososphaeria	Nitrososphaeria	True	Nitrosopumilales	Nitrosopumilales	True	Nitrosopumilaceae	Nitrosopumilaceae	True	Incertae_Sedis	Incertae_Sedis	True
279be72845ff87119638eed742556e91	3	1	d__Bacteria; p__Myxococcota; c__Polyangiia; o__Blfdi19; f__Incertae_Sedis; g__Incertae_Sedis	0.9999778033516163	d__Bacteria; p__Myxococcota; c__Polyangiia; o__Blfdi19; f__Incertae_Sedis; g__Incertae_Sedis	1.0	Bacteria	Bacteria	True	Myxococcota	Myxococcota	True	Polyangiia	Polyangiia	True	Blfdi19	Blfdi19	True	Incertae_Sedis	Incertae_Sedis	True	Incertae_Sedis	Incertae_Sedis	True
282f2a4eae6189311ff7312c03d5f7d7	8	1	d__Bacteria; p__Verrucomicrobiota; c__Omnitrophia; o__Omnitrophales; f__Omnitrophaceae; g__Candidatus_Omnitrophus	0.9994516958466569	d__Bacteria; p__Verrucomicrobiota; c__Omnitrophia; o__Omnitrophales; f__Omnitrophaceae; g__Candidatus_Omnitrophus	1.0	Bacteria	Bacteria	True	Verrucomicrobiota	Verrucomicrobiota	True	Omnitrophia	Omnitrophia	True	Omnitrophales	Omnitrophales	True	Omnitrophaceae	Omnitrophaceae	True	Candidatus_Omnitrophus	Candidatus_Omnitrophus	True
287bbe44da5c1f5deb2b747d3e8dd297	8	1	d__Bacteria; p__Acidobacteriota; c__Vicinamibacteria; o__Vicinamibacterales; f__Vicinamibacteraceae; g__Incertae_Sedis	0.9998652608157708	d__Bacteria; p__Acidobacteriota; c__Vicinamibacteria; o__Vicinamibacterales; f__Vicinamibacteraceae; g__Incertae_Sedis	1.0	Bacteria	Bacteria	True	Acidobacteriota	Acidobacteriota	True	Vicinamibacteria	Vicinamibacteria	True	Vicinamibacterales	Vicinamibacterales	True	Vicinamibacteraceae	Vicinamibacteraceae	True	Incertae_Sedis	Incertae_Sedis	True
28c202100ee518d8a495d46af25ed41e	2	1	d__Bacteria; p__Patescibacteria; c__Parcubacteria; o__Candidatus_Kaiserbacteria; f__Incertae_Sedis; g__Incertae_Sedis	0.8041919464960856	d__Bacteria; p__Patescibacteria; c__Parcubacteria; o__Incertae_Sedis; f__Incertae_Sedis; g__Incertae_Sedis	1.0	Bacteria	Bacteria	True	Patescibacteria	Patescibacteria	True	Parcubacteria	Parcubacteria	True	Candidatus_Kaiserbacteria	Incertae_Sedis	False	Incertae_Sedis	Incertae_Sedis	True	Incertae_Sedis	Incertae_Sedis	True
29c348ca28837d49e58c55fc98ac9e80	7	1	d__Bacteria; p__Myxococcota; c__bacteriap25; o__Incertae_Sedis; f__Incertae_Sedis; g__Incertae_Sedis	0.9815944955436624	d__Bacteria; p__Myxococcota; c__bacteriap25; o__Incertae_Sedis; f__Incertae_Sedis; g__Incertae_Sedis	1.0	Bacteria	Bacteria	True	Myxococcota	Myxococcota	True	bacteriap25	bacteriap25	True	Incertae_Sedis	Incertae_Sedis	True	Incertae_Sedis	Incertae_Sedis	True	Incertae_Sedis	Incertae_Sedis	True
2a51ac1efc8e7a7807d008295442731e	7	1	d__Archaea; p__Nanoarchaeota; c__Nanoarchaeia; o__Woesearchaeales; f__Incertae_Sedis; g__Incertae_Sedis	0.999952135315467	d__Archaea; p__Nanoarchaeota; c__Nanoarchaeia; o__Woesearchaeales; f__Incertae_Sedis; g__Incertae_Sedis	1.0	Archaea	Archaea	True	Nanoarchaeota	Nanoarchaeota	True	Nanoarchaeia	Nanoarchaeia	True	Woesearchaeales	Woesearchaeales	True	Incertae_Sedis	Incertae_Sedis	True	Incertae_Sedis	Incertae_Sedis	True
2abc8c5b975a1b33aec4bffcc84e84c2	6	1	d__Bacteria; p__Acidobacteriota; c__Vicinamibacteria; o__Vicinamibacterales; f__Incertae_Sedis; g__Incertae_Sedis	0.9999313850957319	d__Bacteria; p__Acidobacteriota; c__Vicinamibacteria; o__Vicinamibacterales; f__Incertae_Sedis; g__Incertae_Sedis	1.0	Bacteria	Bacteria	True	Acidobacteriota	Acidobacteriota	True	Vicinamibacteria	Vicinamibacteria	True	Vicinamibacterales	Vicinamibacterales	True	Incertae_Sedis	Incertae_Sedis	True	Incertae_Sedis	Incertae_Sedis	True
2aeca764af87c7fe4b4ecdfef1e7face	2	1	d__Bacteria; p__Patescibacteria; c__Gracilibacteria; o__Candidatus_Peregrinibacteria; f__Incertae_Sedis; g__Incertae_Sedis	0.9980490770708281	d__Bacteria; p__Patescibacteria; c__Gracilibacteria; o__Candidatus_Peregrinibacteria; f__Incertae_Sedis; g__Incertae_Sedis	1.0	Bacteria	Bacteria	True	Patescibacteria	Patescibacteria	True	Gracilibacteria	Gracilibacteria	True	Candidatus_Peregrinibacteria	Candidatus_Peregrinibacteria	True	Incertae_Sedis	Incertae_Sedis	True	Incertae_Sedis	Incertae_Sedis	True
2b1c55727a55a88c4d45510579a1ed1a	2	1	d__Bacteria; p__Verrucomicrobiota; c__Verrucomicrobiia; o__Chthoniobacterales; f__Terrimicrobiaceae; g__Terrimicrobium	0.9999999965067303	d__Bacteria; p__Verrucomicrobiota; c__Verrucomicrobiia; o__Chthoniobacterales; f__Terrimicrobiaceae; g__Terrimicrobium	1.0	Bacteria	Bacteria	True	Verrucomicrobiota	Verrucomicrobiota	True	Verrucomicrobiia	Verrucomicrobiia	True	Chthoniobacterales	Chthoniobacterales	True	Terrimicrobiaceae	Terrimicrobiaceae	True	Terrimicrobium	Terrimicrobium	True
2b9f3a8f685d68714acd248e5e683700	33	1	d__Bacteria; p__Pseudomonadota; c__Gammaproteobacteria; o__Burkholderiales; f__Oxalobacteraceae	0.9999550653725767	d__Bacteria; p__; c__; o__; f__; g__	1.0	Bacteria	Bacteria	True	Pseudomonadota		False	Gammaproteobacteria		False	Burkholderiales		False	Oxalobacteraceae		False			False
2bfdfef3ab9fe4d267c52f8ee5c80ddd	30	3	d__Bacteria; p__Nitrospirota; c__Thermodesulfovibrionia; o__Incertae_Sedis; f__Incertae_Sedis; g__Incertae_Sedis	0.9999999990117061	d__Bacteria; p__Nitrospirota; c__Thermodesulfovibrionia; o__Incertae_Sedis; f__Incertae_Sedis; g__Incertae_Sedis	1.0	Bacteria	Bacteria	True	Nitrospirota	Nitrospirota	True	Thermodesulfovibrionia	Thermodesulfovibrionia	True	Incertae_Sedis	Incertae_Sedis	True	Incertae_Sedis	Incertae_Sedis	True	Incertae_Sedis	Incertae_Sedis	True
2cd04b1d0e1b11f8c96708fa90e0def8	7	1	d__Bacteria; p__Bdellovibrionota; c__Bdellovibrionia; o__Bdellovibrionales; f__Pseudobdellovibrionaceae; g__Pseudobdellovibrio	0.999999954183708	d__Bacteria; p__Bdellovibrionota; c__Bdellovibrionia; o__Bdellovibrionales; f__Pseudobdellovibrionaceae; g__Pseudobdellovibrio	1.0	Bacteria	Bacteria	True	Bdellovibrionota	Bdellovibrionota	True	Bdellovibrionia	Bdellovibrionia	True	Bdellovibrionales	Bdellovibrionales	True	Pseudobdellovibrionaceae	Pseudobdellovibrionaceae	True	Pseudobdellovibrio	Pseudobdellovibrio	True
2dc45b7fb6c25d018ed33151dc488af2	2	1	d__Bacteria; p__Patescibacteria; c__ABY1; o__Candidatus_Magasanikbacteria; f__Incertae_Sedis; g__Incertae_Sedis	0.9999749009346491	d__Bacteria; p__Patescibacteria; c__ABY1; o__Candidatus_Magasanikbacteria; f__Incertae_Sedis; g__Incertae_Sedis	1.0	Bacteria	Bacteria	True	Patescibacteria	Patescibacteria	True	ABY1	ABY1	True	Candidatus_Magasanikbacteria	Candidatus_Magasanikbacteria	True	Incertae_Sedis	Incertae_Sedis	True	Incertae_Sedis	Incertae_Sedis	True
2e27723ea895ab1bdef90d3cedae756c	2	1	d__Bacteria; p__Patescibacteria; c__Parcubacteria	0.9531400827229904	d__Bacteria; p__Patescibacteria; c__Parcubacteria; o__Candidatus_Jorgensenbacteria; f__Incertae_Sedis; g__Incertae_Sedis	1.0	Bacteria	Bacteria	True	Patescibacteria	Patescibacteria	True	Parcubacteria	Parcubacteria	True		Candidatus_Jorgensenbacteria	False		Incertae_Sedis	False		Incertae_Sedis	False
2eb524be6fd8ca1d369b90802ec920f7	11	1	d__Archaea; p__Nanoarchaeota; c__Nanoarchaeia; o__Woesearchaeales; f__Incertae_Sedis; g__Incertae_Sedis	0.999984150414871	d__Archaea; p__Nanoarchaeota; c__Nanoarchaeia; o__Woesearchaeales; f__Incertae_Sedis; g__Incertae_Sedis	1.0	Archaea	Archaea	True	Nanoarchaeota	Nanoarchaeota	True	Nanoarchaeia	Nanoarchaeia	True	Woesearchaeales	Woesearchaeales	True	Incertae_Sedis	Incertae_Sedis	True	Incertae_Sedis	Incertae_Sedis	True
321ef9ed6e9912549618aed741da32ae	4	1	d__Bacteria; p__Myxococcota; c__bacteriap25; o__Incertae_Sedis; f__Incertae_Sedis; g__Incertae_Sedis	0.8922455976164178	d__Bacteria; p__Myxococcota; c__bacteriap25; o__Incertae_Sedis; f__Incertae_Sedis; g__Incertae_Sedis	1.0	Bacteria	Bacteria	True	Myxococcota	Myxococcota	True	bacteriap25	bacteriap25	True	Incertae_Sedis	Incertae_Sedis	True	Incertae_Sedis	Incertae_Sedis	True	Incertae_Sedis	Incertae_Sedis	True
3421464bea79a54e7eef62009457230b	74	2	d__Bacteria; p__Patescibacteria; c__Gracilibacteria; o__Candidatus_Peribacteria; f__Incertae_Sedis; g__Incertae_Sedis	0.9999911253392657	d__Bacteria; p__Patescibacteria; c__Gracilibacteria; o__Candidatus_Peribacteria; f__Incertae_Sedis; g__Incertae_Sedis	1.0	Bacteria	Bacteria	True	Patescibacteria	Patescibacteria	True	Gracilibacteria	Gracilibacteria	True	Candidatus_Peribacteria	Candidatus_Peribacteria	True	Incertae_Sedis	Incertae_Sedis	True	Incertae_Sedis	Incertae_Sedis	True
34226986d9a7cc490b63dbf9928b9bee	4	1	d__Bacteria; p__WOR-1; c__Incertae_Sedis; o__Incertae_Sedis; f__Incertae_Sedis; g__Incertae_Sedis	0.9997258938066979	d__Bacteria; p__WOR-1; c__Incertae_Sedis; o__Incertae_Sedis; f__Incertae_Sedis; g__Incertae_Sedis	1.0	Bacteria	Bacteria	True	WOR-1	WOR-1	True	Incertae_Sedis	Incertae_Sedis	True	Incertae_Sedis	Incertae_Sedis	True	Incertae_Sedis	Incertae_Sedis	True	Incertae_Sedis	Incertae_Sedis	True
347835f89b2f1d7b5a72588b1b865e37	2	1	d__Bacteria; p__Patescibacteria; c__Gracilibacteria; o__Incertae_Sedis; f__Incertae_Sedis; g__Incertae_Sedis	0.9833114620372649	d__Bacteria; p__Patescibacteria; c__Gracilibacteria; o__Candidatus_Peregrinibacteria; f__Incertae_Sedis; g__Incertae_Sedis	1.0	Bacteria	Bacteria	True	Patescibacteria	Patescibacteria	True	Gracilibacteria	Gracilibacteria	True	Incertae_Sedis	Candidatus_Peregrinibacteria	False	Incertae_Sedis	Incertae_Sedis	True	Incertae_Sedis	Incertae_Sedis	True
3500fa9dc0abd948eb9ea521d16a0078	5	1	d__Bacteria; p__Verrucomicrobiota; c__Omnitrophia; o__Omnitrophales; f__Omnitrophaceae; g__Candidatus_Omnitrophus	0.9999803946398629	d__Bacteria; p__Verrucomicrobiota; c__Omnitrophia; o__Omnitrophales; f__Omnitrophaceae; g__Candidatus_Omnitrophus	1.0	Bacteria	Bacteria	True	Verrucomicrobiota	Verrucomicrobiota	True	Omnitrophia	Omnitrophia	True	Omnitrophales	Omnitrophales	True	Omnitrophaceae	Omnitrophaceae	True	Candidatus_Omnitrophus	Candidatus_Omnitrophus	True
35a6f0e22139772d9a3f13bab06a63ef	2	1	d__Archaea; p__Nanoarchaeota; c__Nanoarchaeia; o__Woesearchaeales; f__Incertae_Sedis; g__Incertae_Sedis	0.9999992634042072	d__Archaea; p__Nanoarchaeota; c__Nanoarchaeia; o__Woesearchaeales; f__Incertae_Sedis; g__Incertae_Sedis	1.0	Archaea	Archaea	True	Nanoarchaeota	Nanoarchaeota	True	Nanoarchaeia	Nanoarchaeia	True	Woesearchaeales	Woesearchaeales	True	Incertae_Sedis	Incertae_Sedis	True	Incertae_Sedis	Incertae_Sedis	True
35b5c3571de55e4d911b3b2166603472	2	1	d__Archaea; p__Nanoarchaeota; c__Nanoarchaeia; o__Woesearchaeales; f__Incertae_Sedis; g__CG1-02-57-44	0.9001182761255304	d__Archaea; p__Nanoarchaeota; c__Nanoarchaeia; o__Woesearchaeales; f__Incertae_Sedis; g__CG1-02-57-44	1.0	Archaea	Archaea	True	Nanoarchaeota	Nanoarchaeota	True	Nanoarchaeia	Nanoarchaeia	True	Woesearchaeales	Woesearchaeales	True	Incertae_Sedis	Incertae_Sedis	True	CG1-02-57-44	CG1-02-57-44	True
3715428636032e0e71f8f766bd207496	6	1	d__Bacteria; p__Elusimicrobiota; c__Elusimicrobia; o__Lineage_IV; f__Incertae_Sedis; g__Incertae_Sedis	0.9999999999998295	d__Bacteria; p__Elusimicrobiota; c__Elusimicrobia; o__Lineage_IV; f__Incertae_Sedis; g__Incertae_Sedis	1.0	Bacteria	Bacteria	True	Elusimicrobiota	Elusimicrobiota	True	Elusimicrobia	Elusimicrobia	True	Lineage_IV	Lineage_IV	True	Incertae_Sedis	Incertae_Sedis	True	Incertae_Sedis	Incertae_Sedis	True
37210dbdd24c1f5b8c4339e77a1dea9f	9	1	d__Bacteria; p__Verrucomicrobiota; c__Omnitrophia; o__Omnitrophales; f__Omnitrophaceae; g__Candidatus_Omnitrophus	0.9999999386367638	d__Bacteria; p__Verrucomicrobiota; c__Omnitrophia; o__Omnitrophales; f__Omnitrophaceae; g__Candidatus_Omnitrophus	1.0	Bacteria	Bacteria	True	Verrucomicrobiota	Verrucomicrobiota	True	Omnitrophia	Omnitrophia	True	Omnitrophales	Omnitrophales	True	Omnitrophaceae	Omnitrophaceae	True	Candidatus_Omnitrophus	Candidatus_Omnitrophus	True
37c2360b5cb7a7212a2ff15fba12b270	4	1	d__Bacteria; p__Patescibacteria; c__Parcubacteria; o__Candidatus_Lloydbacteria; f__Incertae_Sedis; g__Incertae_Sedis	0.9999914393511701	d__Bacteria; p__Patescibacteria; c__Parcubacteria; o__Candidatus_Lloydbacteria; f__Incertae_Sedis; g__Incertae_Sedis	1.0	Bacteria	Bacteria	True	Patescibacteria	Patescibacteria	True	Parcubacteria	Parcubacteria	True	Candidatus_Lloydbacteria	Candidatus_Lloydbacteria	True	Incertae_Sedis	Incertae_Sedis	True	Incertae_Sedis	Incertae_Sedis	True
38c27ceaed634984c1225a82648cf571	150	3	d__Bacteria; p__Pseudomonadota; c__Gammaproteobacteria; o__Pseudomonadales; f__Pseudomonadaceae; g__Pseudomonas	0.8909618513230787	d__Bacteria; p__Pseudomonadota; c__Gammaproteobacteria; o__Pseudomonadales; f__Pseudomonadaceae; g__Pseudomonas	1.0	Bacteria	Bacteria	True	Pseudomonadota	Pseudomonadota	True	Gammaproteobacteria	Gammaproteobacteria	True	Pseudomonadales	Pseudomonadales	True	Pseudomonadaceae	Pseudomonadaceae	True	Pseudomonas	Pseudomonas	True
38e47a88b1aa23639981c3b0c41c7cb2	3	1	d__Archaea; p__Nanoarchaeota; c__Nanoarchaeia; o__Woesearchaeales; f__Incertae_Sedis; g__Incertae_Sedis	0.9999971351092083	d__Archaea; p__Nanoarchaeota; c__Nanoarchaeia; o__Woesearchaeales; f__Incertae_Sedis; g__Incertae_Sedis	1.0	Archaea	Archaea	True	Nanoarchaeota	Nanoarchaeota	True	Nanoarchaeia	Nanoarchaeia	True	Woesearchaeales	Woesearchaeales	True	Incertae_Sedis	Incertae_Sedis	True	Incertae_Sedis	Incertae_Sedis	True
3988276297394e687bdf29286da7fade	3	1	d__Bacteria; p__Elusimicrobiota; c__Elusimicrobia; o__Lineage_IV; f__Incertae_Sedis; g__Incertae_Sedis	0.9999999999960352	d__Bacteria; p__Elusimicrobiota; c__Elusimicrobia; o__Lineage_IV; f__Incertae_Sedis; g__Incertae_Sedis	1.0	Bacteria	Bacteria	True	Elusimicrobiota	Elusimicrobiota	True	Elusimicrobia	Elusimicrobia	True	Lineage_IV	Lineage_IV	True	Incertae_Sedis	Incertae_Sedis	True	Incertae_Sedis	Incertae_Sedis	True
39d96ded98b9db72e5ce5de3df737669	4	1	d__Bacteria; p__Cyanobacteriota; c__Cyanobacteriia; o__Chloroplast; f__Incertae_Sedis; g__Incertae_Sedis	0.9999999999999574	d__Bacteria; p__Cyanobacteriota; c__Cyanobacteriia; o__Chloroplast; f__Incertae_Sedis; g__Incertae_Sedis	1.0	Bacteria	Bacteria	True	Cyanobacteriota	Cyanobacteriota	True	Cyanobacteriia	Cyanobacteriia	True	Chloroplast	Chloroplast	True	Incertae_Sedis	Incertae_Sedis	True	Incertae_Sedis	Incertae_Sedis	True
3a40f1244d2f3b91b2b6b5032e5f9745	5	1	d__Bacteria; p__Pseudomonadota; c__Gammaproteobacteria; o__Coxiellales; f__Coxiellaceae; g__Coxiella	0.9782516300206986	d__Bacteria; p__Pseudomonadota; c__Gammaproteobacteria; o__Coxiellales; f__Coxiellaceae; g__Coxiella	1.0	Bacteria	Bacteria	True	Pseudomonadota	Pseudomonadota	True	Gammaproteobacteria	Gammaproteobacteria	True	Coxiellales	Coxiellales	True	Coxiellaceae	Coxiellaceae	True	Coxiella	Coxiella	True
3aaa89901133838c319d53c68be8fa75	8	1	d__Bacteria; p__Cyanobacteriota; c__Vampirivibrionia; o__Caenarcaniphilales; f__Incertae_Sedis; g__Incertae_Sedis	0.9999999839951103	d__Bacteria; p__Cyanobacteriota; c__Vampirivibrionia; o__Caenarcaniphilales; f__Incertae_Sedis; g__Incertae_Sedis	1.0	Bacteria	Bacteria	True	Cyanobacteriota	Cyanobacteriota	True	Vampirivibrionia	Vampirivibrionia	True	Caenarcaniphilales	Caenarcaniphilales	True	Incertae_Sedis	Incertae_Sedis	True	Incertae_Sedis	Incertae_Sedis	True
3add7546155d28d51903ff1038f70c36	20	2	d__Archaea; p__Nanoarchaeota; c__Nanoarchaeia; o__Woesearchaeales; f__Incertae_Sedis; g__Incertae_Sedis	0.9999651004992627	d__Archaea; p__Nanoarchaeota; c__Nanoarchaeia; o__Woesearchaeales; f__Incertae_Sedis; g__Incertae_Sedis	1.0	Archaea	Archaea	True	Nanoarchaeota	Nanoarchaeota	True	Nanoarchaeia	Nanoarchaeia	True	Woesearchaeales	Woesearchaeales	True	Incertae_Sedis	Incertae_Sedis	True	Incertae_Sedis	Incertae_Sedis	True
3b67e7154ea0da9a956643e8984387ff	5	1	d__Bacteria; p__Verrucomicrobiota; c__Omnitrophia; o__Omnitrophales; f__Omnitrophaceae; g__Candidatus_Omnitrophus	0.9894499287822317	d__Bacteria; p__Verrucomicrobiota; c__Omnitrophia; o__Omnitrophales; f__Omnitrophaceae; g__Candidatus_Omnitrophus	1.0	Bacteria	Bacteria	True	Verrucomicrobiota	Verrucomicrobiota	True	Omnitrophia	Omnitrophia	True	Omnitrophales	Omnitrophales	True	Omnitrophaceae	Omnitrophaceae	True	Candidatus_Omnitrophus	Candidatus_Omnitrophus	True
3b9a01065c42a103da04a5695ff4693f	3	1	d__Bacteria; p__Methylomirabilota; c__Methylomirabilia; o__Rokubacteriales; f__Incertae_Sedis; g__Incertae_Sedis	0.9999999999952252	d__Bacteria; p__Methylomirabilota; c__Methylomirabilia; o__Rokubacteriales; f__Incertae_Sedis; g__Incertae_Sedis	1.0	Bacteria	Bacteria	True	Methylomirabilota	Methylomirabilota	True	Methylomirabilia	Methylomirabilia	True	Rokubacteriales	Rokubacteriales	True	Incertae_Sedis	Incertae_Sedis	True	Incertae_Sedis	Incertae_Sedis	True
3bc08fee0eec65a1d1aa91483402d80a	6	1	d__Bacteria; p__Patescibacteria; c__Parcubacteria; o__Candidatus_Azambacteria; f__Incertae_Sedis; g__Incertae_Sedis	0.9999952877688439	d__Bacteria; p__Patescibacteria; c__Parcubacteria; o__Candidatus_Azambacteria; f__Incertae_Sedis; g__Incertae_Sedis	1.0	Bacteria	Bacteria	True	Patescibacteria	Patescibacteria	True	Parcubacteria	Parcubacteria	True	Candidatus_Azambacteria	Candidatus_Azambacteria	True	Incertae_Sedis	Incertae_Sedis	True	Incertae_Sedis	Incertae_Sedis	True
3bf4d00fc2bd96c04242fb5d743b1daf	12	1	d__Archaea; p__Thermoproteota; c__Nitrososphaeria; o__Nitrosopumilales; f__Nitrosopumilaceae; g__Incertae_Sedis	0.9999503456344586	d__Archaea; p__Thermoproteota; c__Nitrososphaeria; o__Nitrosopumilales; f__Nitrosopumilaceae; g__Incertae_Sedis	1.0	Archaea	Archaea	True	Thermoproteota	Thermoproteota	True	Nitrososphaeria	Nitrososphaeria	True	Nitrosopumilales	Nitrosopumilales	True	Nitrosopumilaceae	Nitrosopumilaceae	True	Incertae_Sedis	Incertae_Sedis	True
3cfb94dcb6434332475efa51c653318a	2	1	d__Bacteria; p__Patescibacteria; c__Parcubacteria; o__Candidatus_Jorgensenbacteria; f__Incertae_Sedis; g__Incertae_Sedis	0.8105411626225671	d__Bacteria; p__Patescibacteria; c__Parcubacteria; o__Candidatus_Colwellbacteria; f__Incertae_Sedis; g__Incertae_Sedis	1.0	Bacteria	Bacteria	True	Patescibacteria	Patescibacteria	True	Parcubacteria	Parcubacteria	True	Candidatus_Jorgensenbacteria	Candidatus_Colwellbacteria	False	Incertae_Sedis	Incertae_Sedis	True	Incertae_Sedis	Incertae_Sedis	True
3cffb8b7f8e218c4e0d2c03d54fdb136	8	1	d__Bacteria; p__Patescibacteria; c__ABY1; o__Candidatus_Magasanikbacteria; f__Incertae_Sedis; g__Incertae_Sedis	0.9997841016419158	d__Bacteria; p__Patescibacteria; c__ABY1; o__Candidatus_Magasanikbacteria; f__Incertae_Sedis; g__Incertae_Sedis	1.0	Bacteria	Bacteria	True	Patescibacteria	Patescibacteria	True	ABY1	ABY1	True	Candidatus_Magasanikbacteria	Candidatus_Magasanikbacteria	True	Incertae_Sedis	Incertae_Sedis	True	Incertae_Sedis	Incertae_Sedis	True
3d4f0620518694f2572bf2a533bcab57	3	1	d__Archaea; p__Nanoarchaeota; c__Nanoarchaeia; o__Woesearchaeales; f__Incertae_Sedis; g__Incertae_Sedis	0.9998662251635063	d__Archaea; p__Nanoarchaeota; c__Nanoarchaeia; o__Woesearchaeales; f__Incertae_Sedis; g__Incertae_Sedis	1.0	Archaea	Archaea	True	Nanoarchaeota	Nanoarchaeota	True	Nanoarchaeia	Nanoarchaeia	True	Woesearchaeales	Woesearchaeales	True	Incertae_Sedis	Incertae_Sedis	True	Incertae_Sedis	Incertae_Sedis	True
3dbf66ee7707a9c91038139380697b07	8	1	d__Bacteria; p__Pseudomonadota; c__Gammaproteobacteria; o__Pseudomonadales; f__Pseudomonadaceae; g__Pseudomonas	0.9981871108818937	d__Bacteria; p__Pseudomonadota; c__Gammaproteobacteria; o__Pseudomonadales; f__Pseudomonadaceae; g__Pseudomonas	1.0	Bacteria	Bacteria	True	Pseudomonadota	Pseudomonadota	True	Gammaproteobacteria	Gammaproteobacteria	True	Pseudomonadales	Pseudomonadales	True	Pseudomonadaceae	Pseudomonadaceae	True	Pseudomonas	Pseudomonas	True
3ebe761bfb1238c87195d431f41bf976	164	3	d__Bacteria; p__Pseudomonadota; c__Gammaproteobacteria; o__Pseudomonadales; f__Moraxellaceae; g__Acinetobacter	0.9999959949109948	d__Bacteria; p__Pseudomonadota; c__Gammaproteobacteria; o__Pseudomonadales; f__Moraxellaceae; g__Acinetobacter	1.0	Bacteria	Bacteria	True	Pseudomonadota	Pseudomonadota	True	Gammaproteobacteria	Gammaproteobacteria	True	Pseudomonadales	Pseudomonadales	True	Moraxellaceae	Moraxellaceae	True	Acinetobacter	Acinetobacter	True
41c34e84ce65fba113ea84d635df703e	4	1	d__Bacteria; p__RCP2-54; c__Incertae_Sedis; o__Incertae_Sedis; f__Incertae_Sedis; g__Incertae_Sedis	0.8869590593576412	d__Bacteria; p__Myxococcota; c__bacteriap25; o__Incertae_Sedis; f__Incertae_Sedis; g__Incertae_Sedis	1.0	Bacteria	Bacteria	True	RCP2-54	Myxococcota	False	Incertae_Sedis	bacteriap25	False	Incertae_Sedis	Incertae_Sedis	True	Incertae_Sedis	Incertae_Sedis	True	Incertae_Sedis	Incertae_Sedis	True
42e61a0cfc40a43c642c24c4a280c530	6	1	d__Archaea; p__Nanoarchaeota; c__Nanoarchaeia; o__Woesearchaeales; f__Incertae_Sedis; g__Incertae_Sedis	0.9998758267136185	d__Archaea; p__Nanoarchaeota; c__Nanoarchaeia; o__Woesearchaeales; f__Incertae_Sedis; g__Incertae_Sedis	1.0	Archaea	Archaea	True	Nanoarchaeota	Nanoarchaeota	True	Nanoarchaeia	Nanoarchaeia	True	Woesearchaeales	Woesearchaeales	True	Incertae_Sedis	Incertae_Sedis	True	Incertae_Sedis	Incertae_Sedis	True
42f0e691f302bb1170e2ca8606efe604	37	2	d__Archaea; p__Nanoarchaeota; c__Nanoarchaeia; o__Woesearchaeales; f__Incertae_Sedis; g__Incertae_Sedis	0.999991399824159	d__Archaea; p__Nanoarchaeota; c__Nanoarchaeia; o__Woesearchaeales; f__GW2011; g__AR20	1.0	Archaea	Archaea	True	Nanoarchaeota	Nanoarchaeota	True	Nanoarchaeia	Nanoarchaeia	True	Woesearchaeales	Woesearchaeales	True	Incertae_Sedis	GW2011	False	Incertae_Sedis	AR20	False
44d0ac06b00a1a731a82972d35c27ef7	3	1	d__Bacteria; p__Patescibacteria; c__Microgenomatia; o__Candidatus_Roizmanbacteria; f__Incertae_Sedis; g__Incertae_Sedis	0.9999975145549819	d__Bacteria; p__Patescibacteria; c__Microgenomatia; o__Candidatus_Roizmanbacteria; f__Incertae_Sedis; g__Incertae_Sedis	1.0	Bacteria	Bacteria	True	Patescibacteria	Patescibacteria	True	Microgenomatia	Microgenomatia	True	Candidatus_Roizmanbacteria	Candidatus_Roizmanbacteria	True	Incertae_Sedis	Incertae_Sedis	True	Incertae_Sedis	Incertae_Sedis	True
46bd0a10fe939400736706c91f43717d	2	1	d__Bacteria; p__Patescibacteria; c__Parcubacteria; o__Candidatus_Giovannonibacteria; f__Incertae_Sedis; g__Incertae_Sedis	0.999808325471509	d__Bacteria; p__Patescibacteria; c__Parcubacteria; o__Candidatus_Ryanbacteria; f__Incertae_Sedis; g__Incertae_Sedis	1.0	Bacteria	Bacteria	True	Patescibacteria	Patescibacteria	True	Parcubacteria	Parcubacteria	True	Candidatus_Giovannonibacteria	Candidatus_Ryanbacteria	False	Incertae_Sedis	Incertae_Sedis	True	Incertae_Sedis	Incertae_Sedis	True
46d7d2150b3dcacf1d82862da6c16c1d	3	1	d__Bacteria; p__Elusimicrobiota; c__Elusimicrobia; o__Lineage_IV; f__Incertae_Sedis; g__Incertae_Sedis	0.9999999988612274	d__Bacteria; p__Elusimicrobiota; c__Elusimicrobia; o__Lineage_IV; f__Incertae_Sedis; g__Incertae_Sedis	1.0	Bacteria	Bacteria	True	Elusimicrobiota	Elusimicrobiota	True	Elusimicrobia	Elusimicrobia	True	Lineage_IV	Lineage_IV	True	Incertae_Sedis	Incertae_Sedis	True	Incertae_Sedis	Incertae_Sedis	True
472e706255ffc7dcd54a0af2e20c56e3	3	1	d__Archaea; p__Methanobacteriota; c__Thermococci; o__Methanofastidiosales; f__Incertae_Sedis; g__Incertae_Sedis	0.9999995595071998	d__Archaea; p__Methanobacteriota; c__Thermococci; o__Methanofastidiosales; f__Incertae_Sedis; g__Incertae_Sedis	1.0	Archaea	Archaea	True	Methanobacteriota	Methanobacteriota	True	Thermococci	Thermococci	True	Methanofastidiosales	Methanofastidiosales	True	Incertae_Sedis	Incertae_Sedis	True	Incertae_Sedis	Incertae_Sedis	True
47ac5ca58a00fc3761fd3358993649ef	5	1	d__Bacteria; p__Acidobacteriota; c__Vicinamibacteria; o__Vicinamibacterales; f__Vicinamibacteraceae; g__Incertae_Sedis	0.9997216027037141	d__Bacteria; p__Acidobacteriota; c__Vicinamibacteria; o__Vicinamibacterales; f__Vicinamibacteraceae; g__Incertae_Sedis	1.0	Bacteria	Bacteria	True	Acidobacteriota	Acidobacteriota	True	Vicinamibacteria	Vicinamibacteria	True	Vicinamibacterales	Vicinamibacterales	True	Vicinamibacteraceae	Vicinamibacteraceae	True	Incertae_Sedis	Incertae_Sedis	True
483f40d0db4507d1b5793b5a24975841	3	1	d__Bacteria; p__Patescibacteria; c__Gracilibacteria; o__Incertae_Sedis; f__Incertae_Sedis; g__Incertae_Sedis	0.9999987896475566	d__Bacteria; p__Patescibacteria; c__Gracilibacteria; o__Incertae_Sedis; f__Incertae_Sedis; g__Incertae_Sedis	1.0	Bacteria	Bacteria	True	Patescibacteria	Patescibacteria	True	Gracilibacteria	Gracilibacteria	True	Incertae_Sedis	Incertae_Sedis	True	Incertae_Sedis	Incertae_Sedis	True	Incertae_Sedis	Incertae_Sedis	True
4870859dcfb961dab8ac294550c2ca6c	2	1	d__Bacteria; p__WOR-1; c__Incertae_Sedis; o__Incertae_Sedis; f__Incertae_Sedis; g__Incertae_Sedis	0.9999998499559665	d__Bacteria; p__WOR-1; c__Incertae_Sedis; o__Incertae_Sedis; f__Incertae_Sedis; g__Incertae_Sedis	1.0	Bacteria	Bacteria	True	WOR-1	WOR-1	True	Incertae_Sedis	Incertae_Sedis	True	Incertae_Sedis	Incertae_Sedis	True	Incertae_Sedis	Incertae_Sedis	True	Incertae_Sedis	Incertae_Sedis	True
48ed1634541c5bcd5f026605416d5be0	3	1	d__Bacteria; p__Patescibacteria; c__ABY1; o__Candidatus_Kerfeldbacteria; f__Incertae_Sedis; g__Incertae_Sedis	0.9999409123487313	d__Bacteria; p__Patescibacteria; c__ABY1; o__Candidatus_Kerfeldbacteria; f__Incertae_Sedis; g__Incertae_Sedis	1.0	Bacteria	Bacteria	True	Patescibacteria	Patescibacteria	True	ABY1	ABY1	True	Candidatus_Kerfeldbacteria	Candidatus_Kerfeldbacteria	True	Incertae_Sedis	Incertae_Sedis	True	Incertae_Sedis	Incertae_Sedis	True
48f748d17bb24e9a8e162c71e7eedba3	13	1	d__Bacteria; p__Patescibacteria; c__Parcubacteria; o__UBA9983; f__Incertae_Sedis; g__Incertae_Sedis	0.8903450753585754	d__Bacteria; p__Patescibacteria; c__Parcubacteria; o__UBA9983; f__Incertae_Sedis; g__Incertae_Sedis	1.0	Bacteria	Bacteria	True	Patescibacteria	Patescibacteria	True	Parcubacteria	Parcubacteria	True	UBA9983	UBA9983	True	Incertae_Sedis	Incertae_Sedis	True	Incertae_Sedis	Incertae_Sedis	True
49a85d1c26f0cadbbe1c36ec5014afa1	3	1	d__Bacteria; p__Patescibacteria; c__Gracilibacteria; o__Incertae_Sedis; f__Incertae_Sedis; g__Incertae_Sedis	0.9999930980441872	d__Bacteria; p__Patescibacteria; c__Gracilibacteria; o__Incertae_Sedis; f__Incertae_Sedis; g__Incertae_Sedis	1.0	Bacteria	Bacteria	True	Patescibacteria	Patescibacteria	True	Gracilibacteria	Gracilibacteria	True	Incertae_Sedis	Incertae_Sedis	True	Incertae_Sedis	Incertae_Sedis	True	Incertae_Sedis	Incertae_Sedis	True
4a6524e6dcbe15f3e25bb337b3f3d7ea	8	1	d__Archaea; p__Nanoarchaeota; c__Nanoarchaeia; o__Woesearchaeales; f__Incertae_Sedis; g__Incertae_Sedis	0.9999998317689033	d__Archaea; p__Nanoarchaeota; c__Nanoarchaeia; o__Woesearchaeales; f__Incertae_Sedis; g__Incertae_Sedis	1.0	Archaea	Archaea	True	Nanoarchaeota	Nanoarchaeota	True	Nanoarchaeia	Nanoarchaeia	True	Woesearchaeales	Woesearchaeales	True	Incertae_Sedis	Incertae_Sedis	True	Incertae_Sedis	Incertae_Sedis	True
4a9ba8830a31e244ac9ead09e47dc6cc	68	2	d__Archaea; p__Nanoarchaeota; c__Nanoarchaeia; o__Woesearchaeales; f__Incertae_Sedis; g__Incertae_Sedis	0.9999971658328181	d__Archaea; p__Nanoarchaeota; c__Nanoarchaeia; o__Woesearchaeales; f__Incertae_Sedis; g__Incertae_Sedis	1.0	Archaea	Archaea	True	Nanoarchaeota	Nanoarchaeota	True	Nanoarchaeia	Nanoarchaeia	True	Woesearchaeales	Woesearchaeales	True	Incertae_Sedis	Incertae_Sedis	True	Incertae_Sedis	Incertae_Sedis	True
4ad61867e86159b7838ec1e4bdf532fa	3	1	d__Bacteria	0.99999998969352	d__Bacteria; p__Nitrospirota; c__Nitrospiria; o__Nitrospirales; f__Nitrospiraceae; g__Nitrospira	1.0	Bacteria	Bacteria	True		Nitrospirota	False		Nitrospiria	False		Nitrospirales	False		Nitrospiraceae	False		Nitrospira	False
4bf17a8e6ba3134f539a2ab3cea0c14b	3	1	d__Archaea; p__Micrarchaeota; c__Micrarchaeia; o__Micrarchaeales; f__Incertae_Sedis; g__CG1_02_55_41	0.9999999999997016	d__Archaea; p__Micrarchaeota; c__Micrarchaeia; o__Micrarchaeales; f__Incertae_Sedis; g__CG1_02_55_41	1.0	Archaea	Archaea	True	Micrarchaeota	Micrarchaeota	True	Micrarchaeia	Micrarchaeia	True	Micrarchaeales	Micrarchaeales	True	Incertae_Sedis	Incertae_Sedis	True	CG1_02_55_41	CG1_02_55_41	True
4cf8382f0c3af4a503676b907ed0c63e	3	1	d__Bacteria; p__Patescibacteria; c__Gracilibacteria; o__Incertae_Sedis; f__Incertae_Sedis; g__Incertae_Sedis	0.9999971319910004	d__Bacteria; p__Patescibacteria; c__Gracilibacteria; o__Incertae_Sedis; f__Incertae_Sedis; g__Incertae_Sedis	1.0	Bacteria	Bacteria	True	Patescibacteria	Patescibacteria	True	Gracilibacteria	Gracilibacteria	True	Incertae_Sedis	Incertae_Sedis	True	Incertae_Sedis	Incertae_Sedis	True	Incertae_Sedis	Incertae_Sedis	True
4e2314979e808957a86b1e112676bc20	7	2	d__Bacteria; p__Patescibacteria; c__Gracilibacteria; o__Incertae_Sedis; f__Incertae_Sedis; g__Incertae_Sedis	0.8047254351238029	d__Bacteria; p__Patescibacteria; c__Gracilibacteria; o__Candidatus_Peregrinibacteria; f__Incertae_Sedis; g__Incertae_Sedis	1.0	Bacteria	Bacteria	True	Patescibacteria	Patescibacteria	True	Gracilibacteria	Gracilibacteria	True	Incertae_Sedis	Candidatus_Peregrinibacteria	False	Incertae_Sedis	Incertae_Sedis	True	Incertae_Sedis	Incertae_Sedis	True
4e7fc7dc1f2f4ac6d3a0a3e908b145f0	5	1	d__Bacteria; p__Patescibacteria; c__Gracilibacteria; o__Candidatus_Peregrinibacteria; f__Incertae_Sedis; g__Incertae_Sedis	0.99999981833331	d__Bacteria; p__Patescibacteria; c__Gracilibacteria; o__Candidatus_Peregrinibacteria; f__Incertae_Sedis; g__Incertae_Sedis	1.0	Bacteria	Bacteria	True	Patescibacteria	Patescibacteria	True	Gracilibacteria	Gracilibacteria	True	Candidatus_Peregrinibacteria	Candidatus_Peregrinibacteria	True	Incertae_Sedis	Incertae_Sedis	True	Incertae_Sedis	Incertae_Sedis	True
4f997184acb57f8c74379fa58c8f1693	3	1	d__Bacteria; p__Patescibacteria; c__Gracilibacteria; o__Candidatus_Peribacteria; f__Incertae_Sedis; g__Incertae_Sedis	0.9999218007120899	d__Bacteria; p__Patescibacteria; c__Gracilibacteria; o__Candidatus_Peribacteria; f__Incertae_Sedis; g__Incertae_Sedis	1.0	Bacteria	Bacteria	True	Patescibacteria	Patescibacteria	True	Gracilibacteria	Gracilibacteria	True	Candidatus_Peribacteria	Candidatus_Peribacteria	True	Incertae_Sedis	Incertae_Sedis	True	Incertae_Sedis	Incertae_Sedis	True
536d7b9c42b621a92014ed3fe67df968	3	1	d__Archaea; p__Aenigmarchaeota; c__Deep_Sea_Euryarchaeotic_Group(DSEG); o__Incertae_Sedis; f__Incertae_Sedis; g__Incertae_Sedis	0.9434089110723931	d__Archaea; p__Aenigmarchaeota; c__Deep_Sea_Euryarchaeotic_Group(DSEG); o__Incertae_Sedis; f__Incertae_Sedis; g__Incertae_Sedis	1.0	Archaea	Archaea	True	Aenigmarchaeota	Aenigmarchaeota	True	Deep_Sea_Euryarchaeotic_Group(DSEG)	Deep_Sea_Euryarchaeotic_Group(DSEG)	True	Incertae_Sedis	Incertae_Sedis	True	Incertae_Sedis	Incertae_Sedis	True	Incertae_Sedis	Incertae_Sedis	True
53a1479ccd9e6c5aa96485388699bf94	5	1	d__Bacteria; p__SAR324_clade(Marine_group_B); c__Incertae_Sedis; o__Incertae_Sedis; f__Incertae_Sedis; g__Candidatus_Nitrosoarchaeum	0.7957390785048776	d__Bacteria; p__Bdellovibrionota; c__Oligoflexia; o__0319-6G20; f__Incertae_Sedis; g__Incertae_Sedis	1.0	Bacteria	Bacteria	True	SAR324_clade(Marine_group_B)	Bdellovibrionota	False	Incertae_Sedis	Oligoflexia	False	Incertae_Sedis	0319-6G20	False	Incertae_Sedis	Incertae_Sedis	True	Candidatus_Nitrosoarchaeum	Incertae_Sedis	False
53b99adc639a34045af07c9c873862df	3	1	d__Archaea; p__Nanoarchaeota; c__Nanoarchaeia; o__Woesearchaeales; f__Incertae_Sedis; g__Incertae_Sedis	0.9970910620666189	d__Archaea; p__Nanoarchaeota; c__Nanoarchaeia; o__Woesearchaeales; f__GW2011; g__AR20	1.0	Archaea	Archaea	True	Nanoarchaeota	Nanoarchaeota	True	Nanoarchaeia	Nanoarchaeia	True	Woesearchaeales	Woesearchaeales	True	Incertae_Sedis	GW2011	False	Incertae_Sedis	AR20	False
54c05a1e59ddd42bd97a0a8f522bf591	12	2	d__Bacteria; p__Verrucomicrobiota; c__Omnitrophia; o__Omnitrophales; f__Omnitrophaceae; g__Candidatus_Omnitrophus	0.9999751549637611	d__Bacteria; p__Verrucomicrobiota; c__Omnitrophia; o__Omnitrophales; f__Omnitrophaceae; g__Candidatus_Omnitrophus	1.0	Bacteria	Bacteria	True	Verrucomicrobiota	Verrucomicrobiota	True	Omnitrophia	Omnitrophia	True	Omnitrophales	Omnitrophales	True	Omnitrophaceae	Omnitrophaceae	True	Candidatus_Omnitrophus	Candidatus_Omnitrophus	True
54e79fcb0bd002cefdec446685a3d676	5	1	d__Bacteria; p__Patescibacteria; c__ABY1; o__Candidatus_Magasanikbacteria; f__Incertae_Sedis; g__Incertae_Sedis	0.9999998849535596	d__Bacteria; p__Patescibacteria; c__ABY1; o__Candidatus_Magasanikbacteria; f__Incertae_Sedis; g__Incertae_Sedis	1.0	Bacteria	Bacteria	True	Patescibacteria	Patescibacteria	True	ABY1	ABY1	True	Candidatus_Magasanikbacteria	Candidatus_Magasanikbacteria	True	Incertae_Sedis	Incertae_Sedis	True	Incertae_Sedis	Incertae_Sedis	True
5526a476ac2ae4ef08b7bcb1a33d7f53	3	1	d__Archaea; p__Nanoarchaeota; c__Nanoarchaeia; o__Woesearchaeales; f__Incertae_Sedis; g__Incertae_Sedis	0.9996382398044408	d__Archaea; p__Nanoarchaeota; c__Nanoarchaeia; o__Woesearchaeales; f__Incertae_Sedis; g__Incertae_Sedis	1.0	Archaea	Archaea	True	Nanoarchaeota	Nanoarchaeota	True	Nanoarchaeia	Nanoarchaeia	True	Woesearchaeales	Woesearchaeales	True	Incertae_Sedis	Incertae_Sedis	True	Incertae_Sedis	Incertae_Sedis	True
55c53ff953d747ebfb514235c8c7286c	3	1	d__Bacteria; p__Verrucomicrobiota; c__Omnitrophia; o__Omnitrophales; f__Omnitrophaceae; g__Candidatus_Omnitrophus	0.9997901563477005	d__Bacteria; p__NB1-j; c__Incertae_Sedis; o__Incertae_Sedis; f__Incertae_Sedis; g__Incertae_Sedis	1.0	Bacteria	Bacteria	True	Verrucomicrobiota	NB1-j	False	Omnitrophia	Incertae_Sedis	False	Omnitrophales	Incertae_Sedis	False	Omnitrophaceae	Incertae_Sedis	False	Candidatus_Omnitrophus	Incertae_Sedis	False
571e0de2d6989f71ebd61045f7277b9a	13	1	d__Archaea; p__Nanoarchaeota; c__Nanoarchaeia; o__Woesearchaeales; f__Incertae_Sedis; g__Incertae_Sedis	0.9998681259146064	d__Archaea; p__Nanoarchaeota; c__Nanoarchaeia; o__Woesearchaeales; f__Incertae_Sedis; g__Incertae_Sedis	1.0	Archaea	Archaea	True	Nanoarchaeota	Nanoarchaeota	True	Nanoarchaeia	Nanoarchaeia	True	Woesearchaeales	Woesearchaeales	True	Incertae_Sedis	Incertae_Sedis	True	Incertae_Sedis	Incertae_Sedis	True
575a5bc66f7912c4ad48a34a36ab4774	5	1	d__Archaea; p__Nanoarchaeota; c__Nanoarchaeia; o__Woesearchaeales; f__Incertae_Sedis; g__Incertae_Sedis	0.9981947714974747	d__Archaea; p__Nanoarchaeota; c__Nanoarchaeia; o__Woesearchaeales; f__Incertae_Sedis; g__Incertae_Sedis	1.0	Archaea	Archaea	True	Nanoarchaeota	Nanoarchaeota	True	Nanoarchaeia	Nanoarchaeia	True	Woesearchaeales	Woesearchaeales	True	Incertae_Sedis	Incertae_Sedis	True	Incertae_Sedis	Incertae_Sedis	True
576ec6e8c13362133c1dbe96985d47d1	19	2	d__Archaea; p__Micrarchaeota; c__Micrarchaeia; o__Micrarchaeales; f__Incertae_Sedis; g__CG1_02_55_41	0.9999467735596675	d__Archaea; p__Micrarchaeota; c__Micrarchaeia; o__Micrarchaeales; f__Incertae_Sedis; g__CG1_02_55_41	1.0	Archaea	Archaea	True	Micrarchaeota	Micrarchaeota	True	Micrarchaeia	Micrarchaeia	True	Micrarchaeales	Micrarchaeales	True	Incertae_Sedis	Incertae_Sedis	True	CG1_02_55_41	CG1_02_55_41	True
586ee8bd7ab4a9a8074517b760b32ace	87	2	d__Bacteria; p__Nitrospirota; c__Thermodesulfovibrionia; o__Incertae_Sedis; f__Incertae_Sedis; g__Incertae_Sedis	0.9999999946310822	d__Bacteria; p__Nitrospirota; c__Thermodesulfovibrionia; o__Incertae_Sedis; f__Incertae_Sedis; g__Incertae_Sedis	1.0	Bacteria	Bacteria	True	Nitrospirota	Nitrospirota	True	Thermodesulfovibrionia	Thermodesulfovibrionia	True	Incertae_Sedis	Incertae_Sedis	True	Incertae_Sedis	Incertae_Sedis	True	Incertae_Sedis	Incertae_Sedis	True
58b4bb90ea99ffb8f9c00fced2c0e798	2	1	d__Bacteria; p__Myxococcota; c__bacteriap25; o__Incertae_Sedis; f__Incertae_Sedis; g__Incertae_Sedis	0.9218390770740986	d__Bacteria; p__Myxococcota; c__bacteriap25; o__Incertae_Sedis; f__Incertae_Sedis; g__Incertae_Sedis	0.667	Bacteria	Bacteria	True	Myxococcota	Myxococcota	True	bacteriap25	bacteriap25	True	Incertae_Sedis	Incertae_Sedis	True	Incertae_Sedis	Incertae_Sedis	True	Incertae_Sedis	Incertae_Sedis	True
58dc31ebc41b77888661072e6c799341	2	1	d__Bacteria; p__Patescibacteria; c__Parcubacteria	0.9999999034976711	d__Bacteria; p__Patescibacteria; c__Parcubacteria; o__Paceibacterales; f__Paceibacteraceae; g__Candidatus_Paceibacter	1.0	Bacteria	Bacteria	True	Patescibacteria	Patescibacteria	True	Parcubacteria	Parcubacteria	True		Paceibacterales	False		Paceibacteraceae	False		Candidatus_Paceibacter	False
59dd6d3f3f896c4309537cf26c3597a3	49	2	d__Bacteria; p__Pseudomonadota; c__Gammaproteobacteria; o__Burkholderiales; f__Gallionellaceae	0.9989241545024685	d__Bacteria; p__Pseudomonadota; c__Gammaproteobacteria; o__Burkholderiales; f__Gallionellaceae; g__Gallionella	1.0	Bacteria	Bacteria	True	Pseudomonadota	Pseudomonadota	True	Gammaproteobacteria	Gammaproteobacteria	True	Burkholderiales	Burkholderiales	True	Gallionellaceae	Gallionellaceae	True		Gallionella	False
59e0dff8c0b1047b3e8c35d69f2b203e	2	1	d__Bacteria; p__WOR-1; c__Incertae_Sedis; o__Incertae_Sedis; f__Incertae_Sedis; g__Incertae_Sedis	0.9969741327863774	d__Bacteria; p__WOR-1; c__Incertae_Sedis; o__Incertae_Sedis; f__Incertae_Sedis; g__Incertae_Sedis	1.0	Bacteria	Bacteria	True	WOR-1	WOR-1	True	Incertae_Sedis	Incertae_Sedis	True	Incertae_Sedis	Incertae_Sedis	True	Incertae_Sedis	Incertae_Sedis	True	Incertae_Sedis	Incertae_Sedis	True
5a646f256a19b7f4d68dbe74e563b5d9	5	1	d__Bacteria; p__Verrucomicrobiota; c__Omnitrophia; o__Omnitrophales; f__Omnitrophaceae; g__Candidatus_Omnitrophus	0.9998433485966244	d__Bacteria; p__Verrucomicrobiota; c__Omnitrophia; o__Omnitrophales; f__Omnitrophaceae; g__Candidatus_Omnitrophus	1.0	Bacteria	Bacteria	True	Verrucomicrobiota	Verrucomicrobiota	True	Omnitrophia	Omnitrophia	True	Omnitrophales	Omnitrophales	True	Omnitrophaceae	Omnitrophaceae	True	Candidatus_Omnitrophus	Candidatus_Omnitrophus	True
5a7b179b1b45f0fe2282f260bf073f60	9	1	d__Bacteria; p__Actinomycetota; c__Actinobacteria; o__Propionibacteriales; f__Propionibacteriaceae; g__Cutibacterium	0.9996283828038727	d__Bacteria; p__Actinomycetota; c__Actinobacteria; o__Propionibacteriales; f__Propionibacteriaceae; g__Cutibacterium	1.0	Bacteria	Bacteria	True	Actinomycetota	Actinomycetota	True	Actinobacteria	Actinobacteria	True	Propionibacteriales	Propionibacteriales	True	Propionibacteriaceae	Propionibacteriaceae	True	Cutibacterium	Cutibacterium	True
5a8eb6a2625d5ae58cfeae791bf73c97	5	1	d__Bacteria; p__Patescibacteria; c__Saccharimonadia; o__Saccharimonadales	1.0000000000000027	d__Bacteria; p__Patescibacteria; c__Saccharimonadia; o__Saccharimonadales; f__Incertae_Sedis; g__Incertae_Sedis	1.0	Bacteria	Bacteria	True	Patescibacteria	Patescibacteria	True	Saccharimonadia	Saccharimonadia	True	Saccharimonadales	Saccharimonadales	True		Incertae_Sedis	False		Incertae_Sedis	False
5ad2c891084262e1078ff79ed5667653	3	1	d__Archaea; p__Nanoarchaeota; c__Nanoarchaeia; o__Woesearchaeales; f__Incertae_Sedis; g__Incertae_Sedis	0.9999720052234234	Unassigned	1.0	Archaea		False	Nanoarchaeota		False	Nanoarchaeia		False	Woesearchaeales		False	Incertae_Sedis		False	Incertae_Sedis		False
5c5682c8646261d3f1fa51270c21f95d	4	2	d__Bacteria; p__Patescibacteria; c__Gracilibacteria; o__Incertae_Sedis; f__Incertae_Sedis; g__Incertae_Sedis	0.9999359606880268	Unassigned	1.0	Bacteria		False	Patescibacteria		False	Gracilibacteria		False	Incertae_Sedis		False	Incertae_Sedis		False	Incertae_Sedis		False
5c92bac0e203e2d9b207cfacf4afd4d8	6	1	d__Bacteria; p__Candidatus_Kryptonia; c__Kryptonia; o__Kryptoniales; f__BSV26; g__Incertae_Sedis	0.9999999992929389	d__Bacteria; p__Candidatus_Kryptonia; c__Kryptonia; o__Kryptoniales; f__BSV26; g__Incertae_Sedis	1.0	Bacteria	Bacteria	True	Candidatus_Kryptonia	Candidatus_Kryptonia	True	Kryptonia	Kryptonia	True	Kryptoniales	Kryptoniales	True	BSV26	BSV26	True	Incertae_Sedis	Incertae_Sedis	True
5da32e051bdda695c26f4cc556c3aede	198	2	d__Archaea; p__Thermoproteota; c__Nitrososphaeria; o__Nitrosopumilales; f__Nitrosopumilaceae; g__Nitrosarchaeum	0.9899222862510894	d__Archaea; p__Thermoproteota; c__Nitrososphaeria; o__Nitrosopumilales; f__Nitrosopumilaceae; g__	1.0	Archaea	Archaea	True	Thermoproteota	Thermoproteota	True	Nitrososphaeria	Nitrososphaeria	True	Nitrosopumilales	Nitrosopumilales	True	Nitrosopumilaceae	Nitrosopumilaceae	True	Nitrosarchaeum		False
5ea0169ea1bec162f836ed8493e22f2c	7	1	d__Archaea; p__Nanoarchaeota; c__Nanoarchaeia; o__Woesearchaeales; f__Incertae_Sedis; g__Incertae_Sedis	0.9999997136253979	d__Archaea; p__Nanoarchaeota; c__Nanoarchaeia; o__Woesearchaeales; f__Incertae_Sedis; g__Incertae_Sedis	1.0	Archaea	Archaea	True	Nanoarchaeota	Nanoarchaeota	True	Nanoarchaeia	Nanoarchaeia	True	Woesearchaeales	Woesearchaeales	True	Incertae_Sedis	Incertae_Sedis	True	Incertae_Sedis	Incertae_Sedis	True
5f3443a78c43d705e1c1749add3951ff	4	1	d__Bacteria; p__Patescibacteria; c__Gracilibacteria	0.9999999061616145	d__Bacteria; p__Patescibacteria; c__Gracilibacteria; o__Candidatus_Peregrinibacteria; f__Incertae_Sedis; g__Incertae_Sedis	1.0	Bacteria	Bacteria	True	Patescibacteria	Patescibacteria	True	Gracilibacteria	Gracilibacteria	True		Candidatus_Peregrinibacteria	False		Incertae_Sedis	False		Incertae_Sedis	False
5fe8a79baa0e9601bc73ff3938dbf497	4	1	d__Bacteria; p__Pseudomonadota; c__Alphaproteobacteria; o__Sphingomonadales; f__Sphingomonadaceae; g__Sphingobium	0.96979940735247	d__Bacteria; p__Pseudomonadota; c__Alphaproteobacteria; o__Sphingomonadales; f__Sphingomonadaceae	1.0	Bacteria	Bacteria	True	Pseudomonadota	Pseudomonadota	True	Alphaproteobacteria	Alphaproteobacteria	True	Sphingomonadales	Sphingomonadales	True	Sphingomonadaceae	Sphingomonadaceae	True	Sphingobium		False
60e788e44b093e436155116d1e8c46c8	11	1	d__Bacteria; p__Pseudomonadota; c__Gammaproteobacteria; o__Acidiferrobacterales; f__Acidiferrobacteraceae; g__Sulfuricaulis	0.998860238516648	d__Bacteria; p__Pseudomonadota; c__Gammaproteobacteria; o__Acidiferrobacterales; f__Acidiferrobacteraceae; g__Sulfuricaulis	1.0	Bacteria	Bacteria	True	Pseudomonadota	Pseudomonadota	True	Gammaproteobacteria	Gammaproteobacteria	True	Acidiferrobacterales	Acidiferrobacterales	True	Acidiferrobacteraceae	Acidiferrobacteraceae	True	Sulfuricaulis	Sulfuricaulis	True
615d65be0a5ba4f62e9d7aa1bffb4277	34	2	d__Bacteria; p__Patescibacteria; c__ABY1	0.9998300135508258	d__Bacteria; p__Patescibacteria; c__ABY1; o__Candidatus_Falkowbacteria; f__Incertae_Sedis; g__Incertae_Sedis	1.0	Bacteria	Bacteria	True	Patescibacteria	Patescibacteria	True	ABY1	ABY1	True		Candidatus_Falkowbacteria	False		Incertae_Sedis	False		Incertae_Sedis	False
6376ea6dab7d0fde3cd66f53b57e1484	20	2	d__Bacteria; p__Pseudomonadota; c__Gammaproteobacteria; o__Pseudomonadales; f__Pseudomonadaceae; g__Pseudomonas	0.9995041753283737	d__Bacteria; p__Pseudomonadota; c__Gammaproteobacteria; o__Pseudomonadales; f__Pseudomonadaceae; g__Pseudomonas	1.0	Bacteria	Bacteria	True	Pseudomonadota	Pseudomonadota	True	Gammaproteobacteria	Gammaproteobacteria	True	Pseudomonadales	Pseudomonadales	True	Pseudomonadaceae	Pseudomonadaceae	True	Pseudomonas	Pseudomonas	True
637b9b3f4d1cbb1a10c07817619cdf69	72	4	d__Bacteria; p__Pseudomonadota; c__Gammaproteobacteria; o__Pseudomonadales; f__Pseudomonadaceae; g__Pseudomonas	0.9852069073812318	d__Bacteria; p__Pseudomonadota; c__Gammaproteobacteria; o__Pseudomonadales; f__Pseudomonadaceae; g__Pseudomonas	0.8	Bacteria	Bacteria	True	Pseudomonadota	Pseudomonadota	True	Gammaproteobacteria	Gammaproteobacteria	True	Pseudomonadales	Pseudomonadales	True	Pseudomonadaceae	Pseudomonadaceae	True	Pseudomonas	Pseudomonas	True
65a75a16ddf0882daec9e72eea3aa180	28	1	d__Bacteria; p__Pseudomonadota; c__Gammaproteobacteria; o__Salinisphaerales; f__Nevskiaceae; g__Nevskia	0.9999999998637605	d__Bacteria; p__Pseudomonadota; c__Gammaproteobacteria; o__Salinisphaerales; f__Nevskiaceae; g__Nevskia	1.0	Bacteria	Bacteria	True	Pseudomonadota	Pseudomonadota	True	Gammaproteobacteria	Gammaproteobacteria	True	Salinisphaerales	Salinisphaerales	True	Nevskiaceae	Nevskiaceae	True	Nevskia	Nevskia	True
660000e9af98122dc79d1d5f709757c0	3	1	d__Bacteria; p__Patescibacteria; c__ABY1; o__Candidatus_Magasanikbacteria; f__Incertae_Sedis; g__Incertae_Sedis	0.9953265404939194	d__Bacteria; p__Patescibacteria; c__ABY1; o__Candidatus_Magasanikbacteria; f__Incertae_Sedis; g__Incertae_Sedis	1.0	Bacteria	Bacteria	True	Patescibacteria	Patescibacteria	True	ABY1	ABY1	True	Candidatus_Magasanikbacteria	Candidatus_Magasanikbacteria	True	Incertae_Sedis	Incertae_Sedis	True	Incertae_Sedis	Incertae_Sedis	True
66b9c0da2db3f4947f50e1fcd1602dd6	4	1	d__Bacteria; p__Verrucomicrobiota; c__Omnitrophia; o__Omnitrophales; f__Omnitrophaceae; g__Candidatus_Omnitrophus	0.9999976964172064	d__Bacteria; p__Verrucomicrobiota; c__Omnitrophia; o__Omnitrophales; f__Omnitrophaceae; g__Candidatus_Omnitrophus	1.0	Bacteria	Bacteria	True	Verrucomicrobiota	Verrucomicrobiota	True	Omnitrophia	Omnitrophia	True	Omnitrophales	Omnitrophales	True	Omnitrophaceae	Omnitrophaceae	True	Candidatus_Omnitrophus	Candidatus_Omnitrophus	True
67793ee2b745d7e3f566a720a5e77c26	13	2	d__Archaea; p__Nanoarchaeota; c__Nanoarchaeia; o__Woesearchaeales; f__Incertae_Sedis; g__Incertae_Sedis	0.9999822345380484	d__Archaea; p__Nanoarchaeota; c__Nanoarchaeia; o__Woesearchaeales; f__Incertae_Sedis; g__Incertae_Sedis	1.0	Archaea	Archaea	True	Nanoarchaeota	Nanoarchaeota	True	Nanoarchaeia	Nanoarchaeia	True	Woesearchaeales	Woesearchaeales	True	Incertae_Sedis	Incertae_Sedis	True	Incertae_Sedis	Incertae_Sedis	True
67e959ec1398cee2946858ecda5af98b	10	2	d__Bacteria; p__Gemmatimonadota; c__Gemmatimonadia; o__Gemmatimonadales; f__Gemmatimonadaceae; g__Incertae_Sedis	0.9996603209996601	d__Bacteria; p__Gemmatimonadota; c__Gemmatimonadia; o__Gemmatimonadales; f__Gemmatimonadaceae; g__Incertae_Sedis	1.0	Bacteria	Bacteria	True	Gemmatimonadota	Gemmatimonadota	True	Gemmatimonadia	Gemmatimonadia	True	Gemmatimonadales	Gemmatimonadales	True	Gemmatimonadaceae	Gemmatimonadaceae	True	Incertae_Sedis	Incertae_Sedis	True
68f7e28cb4418c9b9994ff0e555addcf	8	1	d__Bacteria; p__Pseudomonadota; c__Gammaproteobacteria; o__Burkholderiales; f__Nitrosomonadaceae; g__MND1	0.9999875809836652	d__Bacteria; p__Pseudomonadota; c__Gammaproteobacteria; o__Burkholderiales; f__Nitrosomonadaceae; g__MND1	1.0	Bacteria	Bacteria	True	Pseudomonadota	Pseudomonadota	True	Gammaproteobacteria	Gammaproteobacteria	True	Burkholderiales	Burkholderiales	True	Nitrosomonadaceae	Nitrosomonadaceae	True	MND1	MND1	True
6966f7f2054d9694533f9fc7fda04558	4	1	d__Bacteria; p__Chloroflexota; c__Dehalococcoidia; o__SAR202_clade; f__Incertae_Sedis; g__Incertae_Sedis	0.9995381513111045	d__Bacteria; p__Chloroflexota; c__Dehalococcoidia; o__SAR202_clade; f__Incertae_Sedis; g__Incertae_Sedis	1.0	Bacteria	Bacteria	True	Chloroflexota	Chloroflexota	True	Dehalococcoidia	Dehalococcoidia	True	SAR202_clade	SAR202_clade	True	Incertae_Sedis	Incertae_Sedis	True	Incertae_Sedis	Incertae_Sedis	True
6a511260664430ae24e9249220a4fc8f	2	1	d__Bacteria; p__Elusimicrobiota; c__Elusimicrobia; o__MVP-88; f__Incertae_Sedis; g__Incertae_Sedis	0.9999999999971294	d__Bacteria; p__Elusimicrobiota; c__Elusimicrobia; o__MVP-88; f__Incertae_Sedis; g__Incertae_Sedis	1.0	Bacteria	Bacteria	True	Elusimicrobiota	Elusimicrobiota	True	Elusimicrobia	Elusimicrobia	True	MVP-88	MVP-88	True	Incertae_Sedis	Incertae_Sedis	True	Incertae_Sedis	Incertae_Sedis	True
6b3758e874b41b21031413a3ac761acd	2	1	d__Bacteria; p__Patescibacteria; c__Gracilibacteria; o__Candidatus_Peregrinibacteria; f__Incertae_Sedis; g__Incertae_Sedis	0.9996720180441202	d__Bacteria; p__Patescibacteria; c__Gracilibacteria; o__Candidatus_Peregrinibacteria; f__Incertae_Sedis; g__Incertae_Sedis	1.0	Bacteria	Bacteria	True	Patescibacteria	Patescibacteria	True	Gracilibacteria	Gracilibacteria	True	Candidatus_Peregrinibacteria	Candidatus_Peregrinibacteria	True	Incertae_Sedis	Incertae_Sedis	True	Incertae_Sedis	Incertae_Sedis	True
6b67de2223e4b9c10dc62599f3136206	53	3	d__Archaea; p__Nanoarchaeota; c__Nanoarchaeia; o__Woesearchaeales; f__Incertae_Sedis; g__Incertae_Sedis	0.9999602973565458	d__Archaea; p__Nanoarchaeota; c__Nanoarchaeia; o__Woesearchaeales; f__Incertae_Sedis; g__Incertae_Sedis	1.0	Archaea	Archaea	True	Nanoarchaeota	Nanoarchaeota	True	Nanoarchaeia	Nanoarchaeia	True	Woesearchaeales	Woesearchaeales	True	Incertae_Sedis	Incertae_Sedis	True	Incertae_Sedis	Incertae_Sedis	True
6c01e6ec2eb4fb3e4dfe43d91bc05a35	2	1	d__Archaea; p__Iainarchaeota; c__Iainarchaeia; o__Iainarchaeales; f__Iainarchaeaceae; g__Candidatus_Iainarchaeum	0.9999998461840794	d__Archaea; p__Iainarchaeota; c__Iainarchaeia; o__Iainarchaeales; f__Iainarchaeaceae; g__Candidatus_Iainarchaeum	1.0	Archaea	Archaea	True	Iainarchaeota	Iainarchaeota	True	Iainarchaeia	Iainarchaeia	True	Iainarchaeales	Iainarchaeales	True	Iainarchaeaceae	Iainarchaeaceae	True	Candidatus_Iainarchaeum	Candidatus_Iainarchaeum	True
6d20310fd50f3406d820d66d8ac6bdc5	2	1	d__Bacteria	0.9996847581696005	Unassigned	1.0	Bacteria		False			False			False			False			False			False
6e2e552c604e2ee6c958b37907379328	5	1	d__Bacteria; p__Verrucomicrobiota; c__Omnitrophia; o__Omnitrophales; f__Omnitrophaceae; g__Candidatus_Omnitrophus	0.9976731269448331	d__Bacteria; p__Verrucomicrobiota; c__Omnitrophia; o__Omnitrophales; f__Omnitrophaceae; g__Candidatus_Omnitrophus	1.0	Bacteria	Bacteria	True	Verrucomicrobiota	Verrucomicrobiota	True	Omnitrophia	Omnitrophia	True	Omnitrophales	Omnitrophales	True	Omnitrophaceae	Omnitrophaceae	True	Candidatus_Omnitrophus	Candidatus_Omnitrophus	True
6e9dc9ebc7f9f2b9381638ed8c9be6f0	4	1	d__Bacteria; p__Verrucomicrobiota; c__Omnitrophia; o__Omnitrophales; f__Omnitrophaceae; g__Candidatus_Omnitrophus	0.9993631244411767	d__Bacteria; p__Verrucomicrobiota; c__Omnitrophia; o__Omnitrophales; f__Omnitrophaceae; g__Candidatus_Omnitrophus	1.0	Bacteria	Bacteria	True	Verrucomicrobiota	Verrucomicrobiota	True	Omnitrophia	Omnitrophia	True	Omnitrophales	Omnitrophales	True	Omnitrophaceae	Omnitrophaceae	True	Candidatus_Omnitrophus	Candidatus_Omnitrophus	True
6f3f2c4d9a1c514496e5636651b26090	3	1	d__Archaea; p__Nanoarchaeota; c__Nanoarchaeia; o__Woesearchaeales; f__Incertae_Sedis; g__Incertae_Sedis	0.9999021433273613	d__Archaea; p__Nanoarchaeota; c__Nanoarchaeia; o__Woesearchaeales; f__Incertae_Sedis; g__Incertae_Sedis	1.0	Archaea	Archaea	True	Nanoarchaeota	Nanoarchaeota	True	Nanoarchaeia	Nanoarchaeia	True	Woesearchaeales	Woesearchaeales	True	Incertae_Sedis	Incertae_Sedis	True	Incertae_Sedis	Incertae_Sedis	True
70d187eb58572a3bcebecbd95b3a4d38	3	1	d__Bacteria; p__Patescibacteria; c__Microgenomatia; o__Candidatus_Woesebacteria; f__Incertae_Sedis; g__Incertae_Sedis	0.9999939559116389	d__Bacteria; p__Patescibacteria; c__Microgenomatia; o__Candidatus_Woesebacteria; f__Incertae_Sedis; g__Incertae_Sedis	1.0	Bacteria	Bacteria	True	Patescibacteria	Patescibacteria	True	Microgenomatia	Microgenomatia	True	Candidatus_Woesebacteria	Candidatus_Woesebacteria	True	Incertae_Sedis	Incertae_Sedis	True	Incertae_Sedis	Incertae_Sedis	True
7226e51d3542effad78d066ca9b7cea2	2	1	d__Bacteria; p__Margulisbacteria; c__Incertae_Sedis; o__Incertae_Sedis; f__Incertae_Sedis; g__Incertae_Sedis	0.9999982029554051	d__Bacteria; p__Margulisbacteria; c__Incertae_Sedis; o__Incertae_Sedis; f__Incertae_Sedis; g__Incertae_Sedis	1.0	Bacteria	Bacteria	True	Margulisbacteria	Margulisbacteria	True	Incertae_Sedis	Incertae_Sedis	True	Incertae_Sedis	Incertae_Sedis	True	Incertae_Sedis	Incertae_Sedis	True	Incertae_Sedis	Incertae_Sedis	True
7346ee25c4de4df48f80d736342c1c02	72	4	d__Bacteria; p__Nitrospirota; c__Nitrospiria; o__Nitrospirales; f__Nitrospiraceae; g__Nitrospira	0.999999867349567	d__Bacteria; p__Nitrospirota; c__Nitrospiria; o__Nitrospirales; f__Nitrospiraceae; g__Nitrospira	1.0	Bacteria	Bacteria	True	Nitrospirota	Nitrospirota	True	Nitrospiria	Nitrospiria	True	Nitrospirales	Nitrospirales	True	Nitrospiraceae	Nitrospiraceae	True	Nitrospira	Nitrospira	True
74b0e284d972ddedb9ca556e2d0ca028	6	1	d__Bacteria; p__Verrucomicrobiota; c__Verrucomicrobiia; o__Opitutales; f__Opitutaceae; g__Oleiharenicola	0.9999982460533551	d__Bacteria; p__Verrucomicrobiota; c__Verrucomicrobiia; o__Opitutales; f__Opitutaceae; g__Oleiharenicola	1.0	Bacteria	Bacteria	True	Verrucomicrobiota	Verrucomicrobiota	True	Verrucomicrobiia	Verrucomicrobiia	True	Opitutales	Opitutales	True	Opitutaceae	Opitutaceae	True	Oleiharenicola	Oleiharenicola	True
77ac885dcb1a5ca9272a721191bd908f	22	2	d__Archaea; p__Nanoarchaeota; c__Nanoarchaeia; o__Woesearchaeales; f__Incertae_Sedis; g__Incertae_Sedis	0.9999950905498741	d__Archaea; p__Nanoarchaeota; c__Nanoarchaeia; o__Woesearchaeales; f__Incertae_Sedis; g__Incertae_Sedis	1.0	Archaea	Archaea	True	Nanoarchaeota	Nanoarchaeota	True	Nanoarchaeia	Nanoarchaeia	True	Woesearchaeales	Woesearchaeales	True	Incertae_Sedis	Incertae_Sedis	True	Incertae_Sedis	Incertae_Sedis	True
783ea4aab429fb9aa20a1264074ae60c	4	1	d__Bacteria; p__Pseudomonadota; c__Gammaproteobacteria; o__Salinisphaerales; f__Nevskiaceae; g__Polycyclovorans	0.9999999947569052	d__Bacteria; p__Pseudomonadota; c__Gammaproteobacteria; o__Salinisphaerales; f__Nevskiaceae; g__Polycyclovorans	1.0	Bacteria	Bacteria	True	Pseudomonadota	Pseudomonadota	True	Gammaproteobacteria	Gammaproteobacteria	True	Salinisphaerales	Salinisphaerales	True	Nevskiaceae	Nevskiaceae	True	Polycyclovorans	Polycyclovorans	True
78daa5588afa4e1f1b1f8696afbb1260	3	1	d__Bacteria; p__Patescibacteria; c__ABY1; o__Candidatus_Kuenenbacteria; f__Incertae_Sedis; g__Incertae_Sedis	0.9093529693498884	d__Bacteria; p__Patescibacteria; c__ABY1; o__Candidatus_Kerfeldbacteria; f__Incertae_Sedis; g__Incertae_Sedis	1.0	Bacteria	Bacteria	True	Patescibacteria	Patescibacteria	True	ABY1	ABY1	True	Candidatus_Kuenenbacteria	Candidatus_Kerfeldbacteria	False	Incertae_Sedis	Incertae_Sedis	True	Incertae_Sedis	Incertae_Sedis	True
7bdac97dd5b3ca2432bb2b20320e5500	3	1	d__Bacteria; p__Pseudomonadota; c__Gammaproteobacteria; o__Acidiferrobacterales; f__Acidiferrobacteraceae; g__Incertae_Sedis	0.9999963513503672	d__Bacteria; p__Pseudomonadota; c__Gammaproteobacteria; o__Acidiferrobacterales; f__Acidiferrobacteraceae; g__Incertae_Sedis	1.0	Bacteria	Bacteria	True	Pseudomonadota	Pseudomonadota	True	Gammaproteobacteria	Gammaproteobacteria	True	Acidiferrobacterales	Acidiferrobacterales	True	Acidiferrobacteraceae	Acidiferrobacteraceae	True	Incertae_Sedis	Incertae_Sedis	True
7c2457a2da138c586b4fb5072997efbb	7	1	d__Bacteria; p__Verrucomicrobiota; c__Omnitrophia; o__Omnitrophales; f__Omnitrophaceae; g__Candidatus_Omnitrophus	0.9999982236972189	d__Bacteria; p__Verrucomicrobiota; c__Omnitrophia; o__Omnitrophales; f__Omnitrophaceae; g__Candidatus_Omnitrophus	1.0	Bacteria	Bacteria	True	Verrucomicrobiota	Verrucomicrobiota	True	Omnitrophia	Omnitrophia	True	Omnitrophales	Omnitrophales	True	Omnitrophaceae	Omnitrophaceae	True	Candidatus_Omnitrophus	Candidatus_Omnitrophus	True
7caa9381452864233f5bc89d1bca5a92	13	2	d__Archaea; p__Nanoarchaeota; c__Nanoarchaeia; o__Woesearchaeales; f__Incertae_Sedis; g__Incertae_Sedis	0.9999752653183025	d__Archaea; p__Nanoarchaeota; c__Nanoarchaeia; o__Woesearchaeales; f__Incertae_Sedis; g__Incertae_Sedis	1.0	Archaea	Archaea	True	Nanoarchaeota	Nanoarchaeota	True	Nanoarchaeia	Nanoarchaeia	True	Woesearchaeales	Woesearchaeales	True	Incertae_Sedis	Incertae_Sedis	True	Incertae_Sedis	Incertae_Sedis	True
7da5a08a0f3713731b1ec0bdefe97783	15	2	d__Bacteria; p__DTB120; c__Incertae_Sedis; o__Incertae_Sedis; f__Incertae_Sedis; g__Incertae_Sedis	0.9999999543637311	d__Bacteria; p__DTB120; c__Incertae_Sedis; o__Incertae_Sedis; f__Incertae_Sedis; g__Incertae_Sedis	1.0	Bacteria	Bacteria	True	DTB120	DTB120	True	Incertae_Sedis	Incertae_Sedis	True	Incertae_Sedis	Incertae_Sedis	True	Incertae_Sedis	Incertae_Sedis	True	Incertae_Sedis	Incertae_Sedis	True
7daff9940d5f6df38a496252eb7dc98a	3	1	d__Bacteria; p__Patescibacteria; c__ABY1; o__Candidatus_Kerfeldbacteria; f__Incertae_Sedis; g__Incertae_Sedis	0.999999946207511	d__Bacteria; p__Patescibacteria; c__ABY1; o__Candidatus_Kerfeldbacteria; f__Incertae_Sedis; g__Incertae_Sedis	1.0	Bacteria	Bacteria	True	Patescibacteria	Patescibacteria	True	ABY1	ABY1	True	Candidatus_Kerfeldbacteria	Candidatus_Kerfeldbacteria	True	Incertae_Sedis	Incertae_Sedis	True	Incertae_Sedis	Incertae_Sedis	True
7e7deb01f0491d33ecb87427fcbeb1ee	20	2	d__Bacteria; p__Bacteroidota; c__Bacteroidia; o__Chitinophagales; f__Chitinophagaceae; g__Sediminibacterium	0.9990928257710204	d__Bacteria; p__Bacteroidota; c__Bacteroidia; o__Chitinophagales; f__Chitinophagaceae; g__Sediminibacterium	1.0	Bacteria	Bacteria	True	Bacteroidota	Bacteroidota	True	Bacteroidia	Bacteroidia	True	Chitinophagales	Chitinophagales	True	Chitinophagaceae	Chitinophagaceae	True	Sediminibacterium	Sediminibacterium	True
7eb03f37e0df2e91756000f54b92a3ff	7	1	d__Bacteria; p__Patescibacteria; c__ABY1; o__Candidatus_Magasanikbacteria; f__Incertae_Sedis; g__Incertae_Sedis	0.9999908590942097	d__Bacteria; p__Patescibacteria; c__ABY1; o__Candidatus_Magasanikbacteria; f__Incertae_Sedis; g__Incertae_Sedis	1.0	Bacteria	Bacteria	True	Patescibacteria	Patescibacteria	True	ABY1	ABY1	True	Candidatus_Magasanikbacteria	Candidatus_Magasanikbacteria	True	Incertae_Sedis	Incertae_Sedis	True	Incertae_Sedis	Incertae_Sedis	True
7fc72bae05914d2a9d0ddadb3af5fbb7	9	1	d__Bacteria; p__Patescibacteria; c__Gracilibacteria; o__Candidatus_Peribacteria; f__Incertae_Sedis; g__Incertae_Sedis	0.9999815791004102	d__Bacteria; p__Patescibacteria; c__Gracilibacteria; o__Candidatus_Peribacteria; f__Incertae_Sedis; g__Incertae_Sedis	1.0	Bacteria	Bacteria	True	Patescibacteria	Patescibacteria	True	Gracilibacteria	Gracilibacteria	True	Candidatus_Peribacteria	Candidatus_Peribacteria	True	Incertae_Sedis	Incertae_Sedis	True	Incertae_Sedis	Incertae_Sedis	True
7fe5140fabab7789c1dbaa9a5939bedd	20	1	d__Bacteria; p__Verrucomicrobiota; c__Omnitrophia; o__Omnitrophales; f__Omnitrophaceae; g__Candidatus_Omnitrophus	0.9979463313890434	d__Bacteria; p__Verrucomicrobiota; c__Omnitrophia; o__Omnitrophales; f__Omnitrophaceae; g__Candidatus_Omnitrophus	1.0	Bacteria	Bacteria	True	Verrucomicrobiota	Verrucomicrobiota	True	Omnitrophia	Omnitrophia	True	Omnitrophales	Omnitrophales	True	Omnitrophaceae	Omnitrophaceae	True	Candidatus_Omnitrophus	Candidatus_Omnitrophus	True
80d11785b5400ad33e1293d8c72d736d	7	1	d__Bacteria; p__Verrucomicrobiota; c__Omnitrophia; o__Omnitrophales; f__Omnitrophaceae; g__Candidatus_Omnitrophus	0.9999962274391798	d__Bacteria; p__Verrucomicrobiota; c__Omnitrophia; o__Omnitrophales; f__Omnitrophaceae; g__Candidatus_Omnitrophus	1.0	Bacteria	Bacteria	True	Verrucomicrobiota	Verrucomicrobiota	True	Omnitrophia	Omnitrophia	True	Omnitrophales	Omnitrophales	True	Omnitrophaceae	Omnitrophaceae	True	Candidatus_Omnitrophus	Candidatus_Omnitrophus	True
80d3501f78a03f9396161c0abd018c18	14	1	d__Bacteria; p__Verrucomicrobiota; c__Omnitrophia; o__Omnitrophales; f__Omnitrophaceae; g__Candidatus_Omnitrophus	0.9999972500564535	d__Bacteria; p__Verrucomicrobiota; c__Omnitrophia; o__Omnitrophales; f__Omnitrophaceae; g__Candidatus_Omnitrophus	1.0	Bacteria	Bacteria	True	Verrucomicrobiota	Verrucomicrobiota	True	Omnitrophia	Omnitrophia	True	Omnitrophales	Omnitrophales	True	Omnitrophaceae	Omnitrophaceae	True	Candidatus_Omnitrophus	Candidatus_Omnitrophus	True
8180787793ddae9c1ce4a8f5fdd43e42	6	1	d__Bacteria; p__Patescibacteria; c__ABY1; o__Candidatus_Magasanikbacteria; f__Incertae_Sedis; g__Incertae_Sedis	0.999996668248664	d__Bacteria; p__Patescibacteria; c__ABY1; o__Candidatus_Magasanikbacteria; f__Incertae_Sedis; g__Incertae_Sedis	1.0	Bacteria	Bacteria	True	Patescibacteria	Patescibacteria	True	ABY1	ABY1	True	Candidatus_Magasanikbacteria	Candidatus_Magasanikbacteria	True	Incertae_Sedis	Incertae_Sedis	True	Incertae_Sedis	Incertae_Sedis	True
82c5d781264721f87110d8a4dfb8f8a2	6	1	d__Archaea; p__Nanoarchaeota; c__Nanoarchaeia; o__Woesearchaeales; f__Incertae_Sedis; g__Incertae_Sedis	0.9994364244793149	d__Archaea; p__Nanoarchaeota; c__Nanoarchaeia; o__Woesearchaeales; f__Incertae_Sedis; g__Incertae_Sedis	1.0	Archaea	Archaea	True	Nanoarchaeota	Nanoarchaeota	True	Nanoarchaeia	Nanoarchaeia	True	Woesearchaeales	Woesearchaeales	True	Incertae_Sedis	Incertae_Sedis	True	Incertae_Sedis	Incertae_Sedis	True
82ec53e4344ddf93f89cfc2e583e81e0	3	1	d__Bacteria; p__Patescibacteria; c__ABY1; o__Candidatus_Magasanikbacteria; f__Incertae_Sedis; g__Incertae_Sedis	0.9999109034831093	d__Bacteria; p__Patescibacteria; c__ABY1; o__Candidatus_Magasanikbacteria; f__Incertae_Sedis; g__Incertae_Sedis	1.0	Bacteria	Bacteria	True	Patescibacteria	Patescibacteria	True	ABY1	ABY1	True	Candidatus_Magasanikbacteria	Candidatus_Magasanikbacteria	True	Incertae_Sedis	Incertae_Sedis	True	Incertae_Sedis	Incertae_Sedis	True
844153abf4b2fff43c23531c070afc26	2	1	d__Bacteria; p__Patescibacteria; c__Saccharimonadia; o__Saccharimonadales; f__Incertae_Sedis; g__Incertae_Sedis	0.9996340048075213	d__Bacteria; p__Patescibacteria; c__Saccharimonadia; o__Saccharimonadales; f__Incertae_Sedis; g__Incertae_Sedis	1.0	Bacteria	Bacteria	True	Patescibacteria	Patescibacteria	True	Saccharimonadia	Saccharimonadia	True	Saccharimonadales	Saccharimonadales	True	Incertae_Sedis	Incertae_Sedis	True	Incertae_Sedis	Incertae_Sedis	True
844dbf54e9b6647e87b349fbaa83b78a	4	1	d__Archaea; p__Nanoarchaeota; c__Nanoarchaeia; o__Woesearchaeales; f__Incertae_Sedis; g__Incertae_Sedis	0.9999999317403502	d__Archaea; p__Nanoarchaeota; c__Nanoarchaeia; o__Woesearchaeales; f__Incertae_Sedis; g__Incertae_Sedis	1.0	Archaea	Archaea	True	Nanoarchaeota	Nanoarchaeota	True	Nanoarchaeia	Nanoarchaeia	True	Woesearchaeales	Woesearchaeales	True	Incertae_Sedis	Incertae_Sedis	True	Incertae_Sedis	Incertae_Sedis	True
84d53da3860d39365c990c7a322c4d1f	2	1	d__Bacteria; p__Verrucomicrobiota; c__Omnitrophia; o__Omnitrophales; f__Omnitrophaceae; g__Candidatus_Omnitrophus	0.9999990236624902	d__Bacteria; p__Verrucomicrobiota; c__Omnitrophia; o__Omnitrophales; f__Omnitrophaceae; g__Candidatus_Omnitrophus	1.0	Bacteria	Bacteria	True	Verrucomicrobiota	Verrucomicrobiota	True	Omnitrophia	Omnitrophia	True	Omnitrophales	Omnitrophales	True	Omnitrophaceae	Omnitrophaceae	True	Candidatus_Omnitrophus	Candidatus_Omnitrophus	True
851e56d6147b8e4d3d28cafb27228449	7	1	d__Bacteria	0.9999999969122718	d__Bacteria; p__Nitrospirota; c__Thermodesulfovibrionia; o__Incertae_Sedis; f__Incertae_Sedis; g__Incertae_Sedis	1.0	Bacteria	Bacteria	True		Nitrospirota	False		Thermodesulfovibrionia	False		Incertae_Sedis	False		Incertae_Sedis	False		Incertae_Sedis	False
855919a3a96c487ce877691029c8f660	3	1	d__Bacteria; p__Elusimicrobiota; c__Elusimicrobia; o__MVP-88; f__Incertae_Sedis; g__Incertae_Sedis	0.9999999999527205	d__Bacteria; p__Elusimicrobiota; c__Elusimicrobia; o__MVP-88; f__Incertae_Sedis; g__Incertae_Sedis	1.0	Bacteria	Bacteria	True	Elusimicrobiota	Elusimicrobiota	True	Elusimicrobia	Elusimicrobia	True	MVP-88	MVP-88	True	Incertae_Sedis	Incertae_Sedis	True	Incertae_Sedis	Incertae_Sedis	True
85ac83daa78930e71ceff45dcd61ee12	4	1	d__Bacteria; p__Pseudomonadota; c__Alphaproteobacteria; o__Hyphomicrobiales; f__Beijerinckiaceae; g__Methylobacterium	0.983469868953396	d__Bacteria; p__Pseudomonadota; c__Alphaproteobacteria; o__Hyphomicrobiales; f__Beijerinckiaceae; g__Methylobacterium	1.0	Bacteria	Bacteria	True	Pseudomonadota	Pseudomonadota	True	Alphaproteobacteria	Alphaproteobacteria	True	Hyphomicrobiales	Hyphomicrobiales	True	Beijerinckiaceae	Beijerinckiaceae	True	Methylobacterium	Methylobacterium	True
8657067009fc7880ffa92458ac4b5103	7	1	d__Bacteria; p__Patescibacteria; c__ABY1; o__Candidatus_Magasanikbacteria; f__Incertae_Sedis; g__Incertae_Sedis	0.9999939601680057	d__Bacteria; p__Patescibacteria; c__ABY1; o__Candidatus_Magasanikbacteria; f__Incertae_Sedis; g__Incertae_Sedis	1.0	Bacteria	Bacteria	True	Patescibacteria	Patescibacteria	True	ABY1	ABY1	True	Candidatus_Magasanikbacteria	Candidatus_Magasanikbacteria	True	Incertae_Sedis	Incertae_Sedis	True	Incertae_Sedis	Incertae_Sedis	True
868e0165fe32a8925b7f20afa5e1dbfc	11	1	d__Bacteria; p__Pseudomonadota; c__Gammaproteobacteria; o__Burkholderiales; f__Comamonadaceae	0.9998810182762874	d__Bacteria; p__Pseudomonadota; c__Gammaproteobacteria; o__Burkholderiales; f__Comamonadaceae; g__Acidovorax	0.667	Bacteria	Bacteria	True	Pseudomonadota	Pseudomonadota	True	Gammaproteobacteria	Gammaproteobacteria	True	Burkholderiales	Burkholderiales	True	Comamonadaceae	Comamonadaceae	True		Acidovorax	False
86c85cb7ac8dcefc3644041883421c24	5	1	d__Bacteria; p__Patescibacteria; c__ABY1; o__Candidatus_Uhrbacteria; f__Incertae_Sedis; g__Incertae_Sedis	0.9998754274365754	d__Bacteria; p__Patescibacteria; c__ABY1; o__Candidatus_Uhrbacteria; f__Incertae_Sedis; g__Incertae_Sedis	1.0	Bacteria	Bacteria	True	Patescibacteria	Patescibacteria	True	ABY1	ABY1	True	Candidatus_Uhrbacteria	Candidatus_Uhrbacteria	True	Incertae_Sedis	Incertae_Sedis	True	Incertae_Sedis	Incertae_Sedis	True
8794266a9850580f5e066fcd3caea9c9	3	1	d__Bacteria; p__Bacteroidota; c__Bacteroidia; o__Sphingobacteriales; f__env.OPS_17; g__Incertae_Sedis	0.9999999998753424	d__Bacteria; p__Bacteroidota; c__Bacteroidia; o__Sphingobacteriales; f__env.OPS_17; g__Incertae_Sedis	1.0	Bacteria	Bacteria	True	Bacteroidota	Bacteroidota	True	Bacteroidia	Bacteroidia	True	Sphingobacteriales	Sphingobacteriales	True	env.OPS_17	env.OPS_17	True	Incertae_Sedis	Incertae_Sedis	True
87e503bff5c5886e5938a97aa0afb1d5	22	2	d__Bacteria; p__WOR-1; c__Incertae_Sedis; o__Incertae_Sedis; f__Incertae_Sedis; g__Incertae_Sedis	0.7100513589218752	d__Bacteria; p__WOR-1; c__Incertae_Sedis; o__Incertae_Sedis; f__Incertae_Sedis; g__Incertae_Sedis	1.0	Bacteria	Bacteria	True	WOR-1	WOR-1	True	Incertae_Sedis	Incertae_Sedis	True	Incertae_Sedis	Incertae_Sedis	True	Incertae_Sedis	Incertae_Sedis	True	Incertae_Sedis	Incertae_Sedis	True
87f23dff63ebabb1ee31b6a816a6f2e4	3	1	d__Bacteria; p__Patescibacteria; c__Parcubacteria; o__Candidatus_Vogelbacteria; f__Incertae_Sedis; g__Incertae_Sedis	0.9909106998062392	d__Bacteria; p__Patescibacteria; c__Parcubacteria; o__Candidatus_Vogelbacteria; f__Incertae_Sedis; g__Incertae_Sedis	1.0	Bacteria	Bacteria	True	Patescibacteria	Patescibacteria	True	Parcubacteria	Parcubacteria	True	Candidatus_Vogelbacteria	Candidatus_Vogelbacteria	True	Incertae_Sedis	Incertae_Sedis	True	Incertae_Sedis	Incertae_Sedis	True
880f37c3b162f77eaf2171436908e134	4	1	d__Bacteria; p__Patescibacteria; c__Gracilibacteria; o__Candidatus_Peribacteria; f__Incertae_Sedis; g__Incertae_Sedis	0.9999999853750695	d__Bacteria; p__Patescibacteria; c__Gracilibacteria; o__Candidatus_Peribacteria; f__Incertae_Sedis; g__Incertae_Sedis	1.0	Bacteria	Bacteria	True	Patescibacteria	Patescibacteria	True	Gracilibacteria	Gracilibacteria	True	Candidatus_Peribacteria	Candidatus_Peribacteria	True	Incertae_Sedis	Incertae_Sedis	True	Incertae_Sedis	Incertae_Sedis	True
8820549df4df1d033172dd187319d06f	4	1	d__Bacteria; p__Patescibacteria; c__Saccharimonadia; o__Saccharimonadales; f__LWQ8; g__Incertae_Sedis	0.9984846885236281	d__Bacteria; p__Patescibacteria; c__Saccharimonadia; o__Saccharimonadales; f__Incertae_Sedis; g__Incertae_Sedis	1.0	Bacteria	Bacteria	True	Patescibacteria	Patescibacteria	True	Saccharimonadia	Saccharimonadia	True	Saccharimonadales	Saccharimonadales	True	LWQ8	Incertae_Sedis	False	Incertae_Sedis	Incertae_Sedis	True
8980c65cc2b3c63bf079e3397ed5ceaf	8	2	d__Bacteria; p__Patescibacteria; c__ABY1; o__Candidatus_Kerfeldbacteria; f__Incertae_Sedis; g__Incertae_Sedis	0.9585733078123245	d__Bacteria; p__Patescibacteria; c__ABY1; o__Candidatus_Kerfeldbacteria; f__Incertae_Sedis; g__Incertae_Sedis	1.0	Bacteria	Bacteria	True	Patescibacteria	Patescibacteria	True	ABY1	ABY1	True	Candidatus_Kerfeldbacteria	Candidatus_Kerfeldbacteria	True	Incertae_Sedis	Incertae_Sedis	True	Incertae_Sedis	Incertae_Sedis	True
89fa0981707da59c8cede9f5d70afe62	26	2	d__Bacteria; p__Patescibacteria; c__Parcubacteria	0.9999906701592015	d__Bacteria; p__Patescibacteria; c__Parcubacteria; o__Incertae_Sedis; f__Incertae_Sedis; g__Incertae_Sedis	1.0	Bacteria	Bacteria	True	Patescibacteria	Patescibacteria	True	Parcubacteria	Parcubacteria	True		Incertae_Sedis	False		Incertae_Sedis	False		Incertae_Sedis	False
8a42d1b77fa69e52beee81716fc28799	9	2	d__Bacteria; p__Patescibacteria	0.7027759304150116	Unassigned	1.0	Bacteria		False	Patescibacteria		False			False			False			False			False
8b91e5b1c412877f96a4a342ab6dc680	32	2	d__Bacteria; p__Pseudomonadota; c__Gammaproteobacteria; o__Pseudomonadales; f__Moraxellaceae; g__Acinetobacter	0.9999998301942272	d__Bacteria; p__Pseudomonadota; c__Gammaproteobacteria; o__Pseudomonadales; f__Moraxellaceae; g__Acinetobacter	1.0	Bacteria	Bacteria	True	Pseudomonadota	Pseudomonadota	True	Gammaproteobacteria	Gammaproteobacteria	True	Pseudomonadales	Pseudomonadales	True	Moraxellaceae	Moraxellaceae	True	Acinetobacter	Acinetobacter	True
8c17243ee0487252b481d5550f986696	3	1	d__Bacteria; p__Verrucomicrobiota; c__Omnitrophia; o__Omnitrophales; f__Omnitrophaceae; g__Candidatus_Omnitrophus	0.9999388307042398	d__Bacteria; p__Verrucomicrobiota; c__Omnitrophia; o__Omnitrophales; f__Omnitrophaceae; g__Candidatus_Omnitrophus	1.0	Bacteria	Bacteria	True	Verrucomicrobiota	Verrucomicrobiota	True	Omnitrophia	Omnitrophia	True	Omnitrophales	Omnitrophales	True	Omnitrophaceae	Omnitrophaceae	True	Candidatus_Omnitrophus	Candidatus_Omnitrophus	True
8ceae18ee0348d694b1a6f77def3b22e	21	1	d__Bacteria; p__Campylobacterota; c__Campylobacteria; o__Campylobacterales; f__Arcobacteraceae; g__Arcobacter	0.9999998569386253	d__Bacteria; p__Campylobacterota; c__Campylobacteria; o__Campylobacterales; f__Arcobacteraceae; g__Arcobacter	1.0	Bacteria	Bacteria	True	Campylobacterota	Campylobacterota	True	Campylobacteria	Campylobacteria	True	Campylobacterales	Campylobacterales	True	Arcobacteraceae	Arcobacteraceae	True	Arcobacter	Arcobacter	True
8f15d3aaf8afd2c23436f6902502d156	9	2	d__Bacteria; p__Myxococcota; c__bacteriap25; o__Incertae_Sedis; f__Incertae_Sedis; g__Incertae_Sedis	0.9428606654815468	d__Bacteria; p__Myxococcota; c__bacteriap25; o__Incertae_Sedis; f__Incertae_Sedis; g__Incertae_Sedis	1.0	Bacteria	Bacteria	True	Myxococcota	Myxococcota	True	bacteriap25	bacteriap25	True	Incertae_Sedis	Incertae_Sedis	True	Incertae_Sedis	Incertae_Sedis	True	Incertae_Sedis	Incertae_Sedis	True
9004b442993f8dac89b6ba5b3bd6c445	5	1	d__Bacteria; p__DTB120; c__Incertae_Sedis; o__Incertae_Sedis; f__Incertae_Sedis; g__Incertae_Sedis	0.9999974658469875	d__Bacteria; p__DTB120; c__Incertae_Sedis; o__Incertae_Sedis; f__Incertae_Sedis; g__Incertae_Sedis	1.0	Bacteria	Bacteria	True	DTB120	DTB120	True	Incertae_Sedis	Incertae_Sedis	True	Incertae_Sedis	Incertae_Sedis	True	Incertae_Sedis	Incertae_Sedis	True	Incertae_Sedis	Incertae_Sedis	True
906a06fc904a9a11c50b0a100467961b	14	2	d__Bacteria; p__Patescibacteria; c__ABY1; o__Candidatus_Kerfeldbacteria; f__Incertae_Sedis; g__Incertae_Sedis	0.9599380663843153	d__Bacteria; p__Patescibacteria; c__ABY1; o__Candidatus_Kerfeldbacteria; f__Incertae_Sedis; g__Incertae_Sedis	1.0	Bacteria	Bacteria	True	Patescibacteria	Patescibacteria	True	ABY1	ABY1	True	Candidatus_Kerfeldbacteria	Candidatus_Kerfeldbacteria	True	Incertae_Sedis	Incertae_Sedis	True	Incertae_Sedis	Incertae_Sedis	True
931ac7709b0d74ba3440921b1c12cdce	32	2	d__Archaea; p__Nanoarchaeota; c__Nanoarchaeia; o__Woesearchaeales; f__Incertae_Sedis; g__Incertae_Sedis	0.9999433722054396	d__Archaea; p__Nanoarchaeota; c__Nanoarchaeia; o__Woesearchaeales; f__Incertae_Sedis; g__Incertae_Sedis	1.0	Archaea	Archaea	True	Nanoarchaeota	Nanoarchaeota	True	Nanoarchaeia	Nanoarchaeia	True	Woesearchaeales	Woesearchaeales	True	Incertae_Sedis	Incertae_Sedis	True	Incertae_Sedis	Incertae_Sedis	True
9412a1c9baaa8ea4382e404d902783fd	2	1	d__Archaea; p__Nanoarchaeota; c__Nanoarchaeia; o__Woesearchaeales; f__GW2011; g__AR20	0.9029394180478523	d__Archaea; p__Nanoarchaeota; c__Nanoarchaeia; o__Woesearchaeales; f__Incertae_Sedis; g__Incertae_Sedis	1.0	Archaea	Archaea	True	Nanoarchaeota	Nanoarchaeota	True	Nanoarchaeia	Nanoarchaeia	True	Woesearchaeales	Woesearchaeales	True	GW2011	Incertae_Sedis	False	AR20	Incertae_Sedis	False
948a628bd325d2bbcae73a4546be45d6	4	1	d__Archaea; p__Nanoarchaeota; c__Nanoarchaeia; o__Woesearchaeales; f__Incertae_Sedis; g__Incertae_Sedis	0.9999568506156974	d__Archaea; p__Nanoarchaeota; c__Nanoarchaeia; o__Woesearchaeales; f__Incertae_Sedis; g__Incertae_Sedis	1.0	Archaea	Archaea	True	Nanoarchaeota	Nanoarchaeota	True	Nanoarchaeia	Nanoarchaeia	True	Woesearchaeales	Woesearchaeales	True	Incertae_Sedis	Incertae_Sedis	True	Incertae_Sedis	Incertae_Sedis	True
954a9f37977a2055117e40fda8d885cd	2	1	d__Bacteria; p__Patescibacteria; c__Microgenomatia; o__Candidatus_Amesbacteria; f__Incertae_Sedis; g__Incertae_Sedis	0.999023199335992	d__Bacteria; p__Patescibacteria; c__Microgenomatia; o__Candidatus_Amesbacteria; f__Incertae_Sedis; g__Incertae_Sedis	1.0	Bacteria	Bacteria	True	Patescibacteria	Patescibacteria	True	Microgenomatia	Microgenomatia	True	Candidatus_Amesbacteria	Candidatus_Amesbacteria	True	Incertae_Sedis	Incertae_Sedis	True	Incertae_Sedis	Incertae_Sedis	True
957f318f7967da6daabf0d48593ac0da	2	1	d__Bacteria; p__Pseudomonadota; c__Alphaproteobacteria; o__Rickettsiales; f__Mitochondria; g__Incertae_Sedis	0.9963782437350774	d__Bacteria; p__Pseudomonadota; c__Alphaproteobacteria; o__Rickettsiales; f__Mitochondria; g__Incertae_Sedis	1.0	Bacteria	Bacteria	True	Pseudomonadota	Pseudomonadota	True	Alphaproteobacteria	Alphaproteobacteria	True	Rickettsiales	Rickettsiales	True	Mitochondria	Mitochondria	True	Incertae_Sedis	Incertae_Sedis	True
96bde1d77000933e946dfb199925c7a3	3	1	d__Bacteria; p__Pseudomonadota; c__Alphaproteobacteria; o__Rhodospirillales; f__Incertae_Sedis; g__Incertae_Sedis	0.9961094805718521	d__Bacteria; p__Pseudomonadota; c__Alphaproteobacteria; o__Rhodospirillales; f__Incertae_Sedis; g__Incertae_Sedis	1.0	Bacteria	Bacteria	True	Pseudomonadota	Pseudomonadota	True	Alphaproteobacteria	Alphaproteobacteria	True	Rhodospirillales	Rhodospirillales	True	Incertae_Sedis	Incertae_Sedis	True	Incertae_Sedis	Incertae_Sedis	True
9868b5882915050d5e52b77c875058ad	5	1	d__Bacteria; p__Pseudomonadota; c__Gammaproteobacteria; o__Acidiferrobacterales; f__Acidiferrobacteraceae; g__Incertae_Sedis	0.9979031281999954	d__Bacteria; p__Pseudomonadota; c__Gammaproteobacteria; o__Acidiferrobacterales; f__Acidiferrobacteraceae; g__Incertae_Sedis	1.0	Bacteria	Bacteria	True	Pseudomonadota	Pseudomonadota	True	Gammaproteobacteria	Gammaproteobacteria	True	Acidiferrobacterales	Acidiferrobacterales	True	Acidiferrobacteraceae	Acidiferrobacteraceae	True	Incertae_Sedis	Incertae_Sedis	True
98906d02d6744198e90b8a0a9cce2d44	7	1	d__Bacteria; p__Pseudomonadota; c__Gammaproteobacteria	0.9999814469443624	d__Bacteria; p__Pseudomonadota; c__Gammaproteobacteria	1.0	Bacteria	Bacteria	True	Pseudomonadota	Pseudomonadota	True	Gammaproteobacteria	Gammaproteobacteria	True			False			False			False
98af91638cced2cfe681c31927e8a8e8	3	1	d__Bacteria; p__Verrucomicrobiota; c__Verrucomicrobiia; o__Pedosphaerales; f__Pedosphaeraceae; g__Incertae_Sedis	0.9845629228365775	d__Bacteria; p__Verrucomicrobiota; c__Verrucomicrobiia; o__Pedosphaerales; f__Pedosphaeraceae; g__Incertae_Sedis	1.0	Bacteria	Bacteria	True	Verrucomicrobiota	Verrucomicrobiota	True	Verrucomicrobiia	Verrucomicrobiia	True	Pedosphaerales	Pedosphaerales	True	Pedosphaeraceae	Pedosphaeraceae	True	Incertae_Sedis	Incertae_Sedis	True
98bebc482cd9ca7290f2f2a248aec8e5	4	1	d__Bacteria; p__NKB15; c__Incertae_Sedis; o__Incertae_Sedis; f__Incertae_Sedis; g__Incertae_Sedis	0.9999881490573372	d__Bacteria; p__Myxococcota; c__bacteriap25; o__Incertae_Sedis; f__Incertae_Sedis; g__Incertae_Sedis	1.0	Bacteria	Bacteria	True	NKB15	Myxococcota	False	Incertae_Sedis	bacteriap25	False	Incertae_Sedis	Incertae_Sedis	True	Incertae_Sedis	Incertae_Sedis	True	Incertae_Sedis	Incertae_Sedis	True
999e583df5c3def13d79bd7985a2db02	6	1	d__Bacteria; p__Patescibacteria; c__Parcubacteria; o__Candidatus_Spechtbacteria; f__Incertae_Sedis; g__Incertae_Sedis	0.9999901322808425	d__Bacteria; p__Patescibacteria; c__Parcubacteria; o__Candidatus_Spechtbacteria; f__Incertae_Sedis; g__Incertae_Sedis	1.0	Bacteria	Bacteria	True	Patescibacteria	Patescibacteria	True	Parcubacteria	Parcubacteria	True	Candidatus_Spechtbacteria	Candidatus_Spechtbacteria	True	Incertae_Sedis	Incertae_Sedis	True	Incertae_Sedis	Incertae_Sedis	True
99d20e29f6c3b3ce8b5a8c26cf1e256b	2	1	d__Archaea; p__Nanoarchaeota; c__Nanoarchaeia; o__Woesearchaeales; f__Incertae_Sedis; g__Incertae_Sedis	0.9999927736759038	d__Archaea; p__Nanoarchaeota; c__Nanoarchaeia; o__Woesearchaeales; f__Incertae_Sedis; g__Incertae_Sedis	1.0	Archaea	Archaea	True	Nanoarchaeota	Nanoarchaeota	True	Nanoarchaeia	Nanoarchaeia	True	Woesearchaeales	Woesearchaeales	True	Incertae_Sedis	Incertae_Sedis	True	Incertae_Sedis	Incertae_Sedis	True
9a215fa0e73e9b12ecd3b1b6d42e6dba	2	1	d__Bacteria; p__Patescibacteria; c__ABY1; o__Candidatus_Magasanikbacteria; f__Incertae_Sedis; g__Incertae_Sedis	0.9998150736828317	d__Bacteria; p__Patescibacteria; c__ABY1; o__Candidatus_Magasanikbacteria; f__Incertae_Sedis; g__Incertae_Sedis	1.0	Bacteria	Bacteria	True	Patescibacteria	Patescibacteria	True	ABY1	ABY1	True	Candidatus_Magasanikbacteria	Candidatus_Magasanikbacteria	True	Incertae_Sedis	Incertae_Sedis	True	Incertae_Sedis	Incertae_Sedis	True
9a91bed865a472277d6a32c9880b1173	2	1	d__Bacteria; p__Patescibacteria; c__Parcubacteria; o__Candidatus_Vogelbacteria; f__Incertae_Sedis; g__Incertae_Sedis	0.890733908443659	d__Bacteria; p__Patescibacteria; c__Parcubacteria; o__Candidatus_Vogelbacteria; f__Incertae_Sedis; g__Incertae_Sedis	1.0	Bacteria	Bacteria	True	Patescibacteria	Patescibacteria	True	Parcubacteria	Parcubacteria	True	Candidatus_Vogelbacteria	Candidatus_Vogelbacteria	True	Incertae_Sedis	Incertae_Sedis	True	Incertae_Sedis	Incertae_Sedis	True
9b72bc0ce737b7762f1e914b5eac762d	6	2	d__Bacteria; p__Patescibacteria; c__ABY1; o__Candidatus_Magasanikbacteria; f__Incertae_Sedis; g__Incertae_Sedis	0.9991168152768727	d__Bacteria; p__Patescibacteria; c__ABY1; o__Candidatus_Magasanikbacteria; f__Incertae_Sedis; g__Incertae_Sedis	1.0	Bacteria	Bacteria	True	Patescibacteria	Patescibacteria	True	ABY1	ABY1	True	Candidatus_Magasanikbacteria	Candidatus_Magasanikbacteria	True	Incertae_Sedis	Incertae_Sedis	True	Incertae_Sedis	Incertae_Sedis	True
9bc833085f1548853b1cf3d905f7d97f	4	1	d__Bacteria; p__Patescibacteria; c__Saccharimonadia; o__Saccharimonadales	0.9999999999997115	d__Bacteria; p__Patescibacteria; c__Saccharimonadia; o__Saccharimonadales; f__Incertae_Sedis; g__Incertae_Sedis	1.0	Bacteria	Bacteria	True	Patescibacteria	Patescibacteria	True	Saccharimonadia	Saccharimonadia	True	Saccharimonadales	Saccharimonadales	True		Incertae_Sedis	False		Incertae_Sedis	False
9be19ab968ad92fd94c7295f2109e33e	2	1	d__Archaea; p__Micrarchaeota; c__Micrarchaeia; o__Micrarchaeales; f__Incertae_Sedis; g__CG1_02_55_41	0.999403646937262	d__Archaea; p__Micrarchaeota; c__Micrarchaeia; o__Micrarchaeales; f__Incertae_Sedis; g__CG1_02_55_41	1.0	Archaea	Archaea	True	Micrarchaeota	Micrarchaeota	True	Micrarchaeia	Micrarchaeia	True	Micrarchaeales	Micrarchaeales	True	Incertae_Sedis	Incertae_Sedis	True	CG1_02_55_41	CG1_02_55_41	True
9cb0b8fb0953d35a0dbb91a2979c894b	2	1	d__Bacteria; p__Dependentiae; c__Babeliae; o__Babeliales; f__Incertae_Sedis; g__Incertae_Sedis	0.9996288105963643	d__Bacteria; p__Dependentiae; c__Babeliae; o__Babeliales; f__Incertae_Sedis; g__Incertae_Sedis	1.0	Bacteria	Bacteria	True	Dependentiae	Dependentiae	True	Babeliae	Babeliae	True	Babeliales	Babeliales	True	Incertae_Sedis	Incertae_Sedis	True	Incertae_Sedis	Incertae_Sedis	True
9ee6fac4053b666eab9dc8eae340403f	3	1	d__Bacteria; p__Pseudomonadota; c__Gammaproteobacteria; o__Legionellales; f__Legionellaceae; g__Legionella	0.9999999412297047	d__Bacteria; p__Pseudomonadota; c__Gammaproteobacteria; o__Legionellales; f__Legionellaceae; g__Legionella	1.0	Bacteria	Bacteria	True	Pseudomonadota	Pseudomonadota	True	Gammaproteobacteria	Gammaproteobacteria	True	Legionellales	Legionellales	True	Legionellaceae	Legionellaceae	True	Legionella	Legionella	True
9f1c3ed77a06526841e29fc6c9e924a4	3	1	d__Bacteria; p__Patescibacteria; c__Parcubacteria; o__Candidatus_Jorgensenbacteria; f__Incertae_Sedis; g__Incertae_Sedis	0.8694905468157675	d__Bacteria; p__Patescibacteria; c__Parcubacteria; o__Candidatus_Jorgensenbacteria; f__Incertae_Sedis; g__Incertae_Sedis	1.0	Bacteria	Bacteria	True	Patescibacteria	Patescibacteria	True	Parcubacteria	Parcubacteria	True	Candidatus_Jorgensenbacteria	Candidatus_Jorgensenbacteria	True	Incertae_Sedis	Incertae_Sedis	True	Incertae_Sedis	Incertae_Sedis	True
a0eeab5dede5f14abb33b2e520b39599	2	1	d__Archaea; p__Hydrothermarchaeota; c__Hydrothermarchaeia; o__Hydrothermarchaeales; f__Incertae_Sedis; g__Incertae_Sedis	0.9999999999745341	d__Archaea; p__Hydrothermarchaeota; c__Hydrothermarchaeia; o__Hydrothermarchaeales; f__Incertae_Sedis; g__Incertae_Sedis	1.0	Archaea	Archaea	True	Hydrothermarchaeota	Hydrothermarchaeota	True	Hydrothermarchaeia	Hydrothermarchaeia	True	Hydrothermarchaeales	Hydrothermarchaeales	True	Incertae_Sedis	Incertae_Sedis	True	Incertae_Sedis	Incertae_Sedis	True
a1190d2a5f87036e8b339276c40fbbc2	10	1	d__Bacteria; p__Nitrospirota; c__Thermodesulfovibrionia; o__Incertae_Sedis; f__Incertae_Sedis; g__Incertae_Sedis	0.9292468994822778	d__Bacteria; p__Nitrospirota; c__Thermodesulfovibrionia; o__Incertae_Sedis; f__Incertae_Sedis; g__Incertae_Sedis	1.0	Bacteria	Bacteria	True	Nitrospirota	Nitrospirota	True	Thermodesulfovibrionia	Thermodesulfovibrionia	True	Incertae_Sedis	Incertae_Sedis	True	Incertae_Sedis	Incertae_Sedis	True	Incertae_Sedis	Incertae_Sedis	True
a2d982cabb4cc8a6f0cd987f7ee77ebb	2	1	d__Bacteria; p__Bdellovibrionota; c__Oligoflexia; o__Incertae_Sedis; f__Incertae_Sedis; g__Incertae_Sedis	0.9999731350147696	d__Bacteria; p__Bdellovibrionota; c__Oligoflexia; o__Incertae_Sedis; f__Incertae_Sedis; g__Incertae_Sedis	1.0	Bacteria	Bacteria	True	Bdellovibrionota	Bdellovibrionota	True	Oligoflexia	Oligoflexia	True	Incertae_Sedis	Incertae_Sedis	True	Incertae_Sedis	Incertae_Sedis	True	Incertae_Sedis	Incertae_Sedis	True
a2ef7fa4b62c4b01208dfa4aad27e0c1	2	1	d__Bacteria; p__Patescibacteria; c__Parcubacteria; o__Incertae_Sedis; f__Incertae_Sedis; g__Incertae_Sedis	0.999754606514868	d__Bacteria; p__Patescibacteria; c__Parcubacteria; o__Incertae_Sedis; f__Incertae_Sedis; g__Incertae_Sedis	1.0	Bacteria	Bacteria	True	Patescibacteria	Patescibacteria	True	Parcubacteria	Parcubacteria	True	Incertae_Sedis	Incertae_Sedis	True	Incertae_Sedis	Incertae_Sedis	True	Incertae_Sedis	Incertae_Sedis	True
a43ddcd44d41456d1dab22318e67fe3d	3	1	d__Bacteria; p__Patescibacteria; c__Parcubacteria; o__Candidatus_Yanofskybacteria; f__Incertae_Sedis; g__Incertae_Sedis	0.9512875266378445	d__Bacteria; p__Patescibacteria; c__Parcubacteria; o__Candidatus_Yanofskybacteria; f__Incertae_Sedis; g__Incertae_Sedis	1.0	Bacteria	Bacteria	True	Patescibacteria	Patescibacteria	True	Parcubacteria	Parcubacteria	True	Candidatus_Yanofskybacteria	Candidatus_Yanofskybacteria	True	Incertae_Sedis	Incertae_Sedis	True	Incertae_Sedis	Incertae_Sedis	True
a537d8bab85c83b0e74c73c55790324b	6	1	d__Bacteria; p__Pseudomonadota; c__Alphaproteobacteria; o__Caulobacterales; f__Caulobacteraceae; g__Brevundimonas	0.9830874905724516	d__Bacteria; p__Pseudomonadota; c__Alphaproteobacteria; o__Caulobacterales; f__Caulobacteraceae; g__Brevundimonas	1.0	Bacteria	Bacteria	True	Pseudomonadota	Pseudomonadota	True	Alphaproteobacteria	Alphaproteobacteria	True	Caulobacterales	Caulobacterales	True	Caulobacteraceae	Caulobacteraceae	True	Brevundimonas	Brevundimonas	True
a57e8133deb4fc1a6cbeaac02d482d8f	2	1	d__Bacteria; p__Bdellovibrionota; c__Bdellovibrionia; o__Bdellovibrionales; f__Pseudobdellovibrionaceae; g__Incertae_Sedis	0.9999999177219256	d__Bacteria; p__Bdellovibrionota; c__Bdellovibrionia; o__Bdellovibrionales; f__Pseudobdellovibrionaceae; g__Incertae_Sedis	1.0	Bacteria	Bacteria	True	Bdellovibrionota	Bdellovibrionota	True	Bdellovibrionia	Bdellovibrionia	True	Bdellovibrionales	Bdellovibrionales	True	Pseudobdellovibrionaceae	Pseudobdellovibrionaceae	True	Incertae_Sedis	Incertae_Sedis	True
a5a55d1042ae7a5a4733425a71b13448	6	1	d__Bacteria; p__Patescibacteria; c__Parcubacteria	0.9999984216960713	d__Bacteria; p__Patescibacteria; c__Parcubacteria; o__Incertae_Sedis; f__Incertae_Sedis; g__Incertae_Sedis	1.0	Bacteria	Bacteria	True	Patescibacteria	Patescibacteria	True	Parcubacteria	Parcubacteria	True		Incertae_Sedis	False		Incertae_Sedis	False		Incertae_Sedis	False
a653e1e25bc7b3bfc53ecbee8e08c799	5	1	d__Bacteria; p__Myxococcota; c__bacteriap25; o__Incertae_Sedis; f__Incertae_Sedis; g__Incertae_Sedis	0.7712502506532991	d__Bacteria; p__Thermodesulfobacteriota; c__Incertae_Sedis; o__Incertae_Sedis; f__Incertae_Sedis; g__Incertae_Sedis	1.0	Bacteria	Bacteria	True	Myxococcota	Thermodesulfobacteriota	False	bacteriap25	Incertae_Sedis	False	Incertae_Sedis	Incertae_Sedis	True	Incertae_Sedis	Incertae_Sedis	True	Incertae_Sedis	Incertae_Sedis	True
a65a721d90a7e48010113435818d69be	4	1	d__Bacteria; p__Pseudomonadota; c__Gammaproteobacteria; o__PLTA13; f__Incertae_Sedis; g__Incertae_Sedis	0.9999999997173603	d__Bacteria; p__Pseudomonadota; c__Gammaproteobacteria; o__PLTA13; f__Incertae_Sedis; g__Incertae_Sedis	1.0	Bacteria	Bacteria	True	Pseudomonadota	Pseudomonadota	True	Gammaproteobacteria	Gammaproteobacteria	True	PLTA13	PLTA13	True	Incertae_Sedis	Incertae_Sedis	True	Incertae_Sedis	Incertae_Sedis	True
a7594af68bb51cf102d651c5273bcc66	2	1	d__Bacteria; p__; c__; o__; f__; g__	0.7417362990167194	d__Bacteria; p__Thermodesulfobacteriota; c__Desulfobacteria; o__Desulfatiglandales; f__Desulfatiglandaceae; g__Desulfatiglans	1.0	Bacteria	Bacteria	True		Thermodesulfobacteriota	False		Desulfobacteria	False		Desulfatiglandales	False		Desulfatiglandaceae	False		Desulfatiglans	False
a7c7cf68def4b0d445226c2e3938ff51	4	1	d__Bacteria; p__Patescibacteria; c__Gracilibacteria; o__Candidatus_Peregrinibacteria; f__Incertae_Sedis; g__Incertae_Sedis	0.9999406066420744	d__Bacteria; p__Patescibacteria; c__Gracilibacteria; o__Candidatus_Peregrinibacteria; f__Incertae_Sedis; g__Incertae_Sedis	1.0	Bacteria	Bacteria	True	Patescibacteria	Patescibacteria	True	Gracilibacteria	Gracilibacteria	True	Candidatus_Peregrinibacteria	Candidatus_Peregrinibacteria	True	Incertae_Sedis	Incertae_Sedis	True	Incertae_Sedis	Incertae_Sedis	True
a7dee29dd0f54a24b73d9c74dbd7ac92	2	1	d__Bacteria; p__Patescibacteria; c__Parcubacteria; o__Candidatus_Vogelbacteria; f__Incertae_Sedis; g__Incertae_Sedis	0.9998671776615523	d__Bacteria; p__Patescibacteria; c__Parcubacteria; o__Candidatus_Vogelbacteria; f__Incertae_Sedis; g__Incertae_Sedis	1.0	Bacteria	Bacteria	True	Patescibacteria	Patescibacteria	True	Parcubacteria	Parcubacteria	True	Candidatus_Vogelbacteria	Candidatus_Vogelbacteria	True	Incertae_Sedis	Incertae_Sedis	True	Incertae_Sedis	Incertae_Sedis	True
a9567d6f4f51f80ed58c1978b4737f28	5	1	d__Bacteria; p__Bacteroidota; c__Bacteroidia; o__Cytophagales; f__Microscillaceae; g__Chryseotalea	0.9960240530339983	d__Bacteria; p__Bacteroidota; c__Bacteroidia; o__Cytophagales; f__Microscillaceae; g__Chryseotalea	1.0	Bacteria	Bacteria	True	Bacteroidota	Bacteroidota	True	Bacteroidia	Bacteroidia	True	Cytophagales	Cytophagales	True	Microscillaceae	Microscillaceae	True	Chryseotalea	Chryseotalea	True
a968dacbd6e0a3f2f1738f0e64bc955d	10	2	d__Archaea; p__Nanoarchaeota; c__Nanoarchaeia; o__Woesearchaeales; f__Incertae_Sedis; g__Incertae_Sedis	0.9999159845753102	d__Archaea; p__Nanoarchaeota; c__Nanoarchaeia; o__Woesearchaeales; f__Incertae_Sedis; g__Incertae_Sedis	1.0	Archaea	Archaea	True	Nanoarchaeota	Nanoarchaeota	True	Nanoarchaeia	Nanoarchaeia	True	Woesearchaeales	Woesearchaeales	True	Incertae_Sedis	Incertae_Sedis	True	Incertae_Sedis	Incertae_Sedis	True
a9cdace376f468b22ea7bac7de7e029c	14	1	d__Bacteria; p__MBNT15; c__Incertae_Sedis; o__Incertae_Sedis; f__Incertae_Sedis; g__Incertae_Sedis	0.9987340066733348	d__Bacteria; p__MBNT15; c__Incertae_Sedis; o__Incertae_Sedis; f__Incertae_Sedis; g__Incertae_Sedis	1.0	Bacteria	Bacteria	True	MBNT15	MBNT15	True	Incertae_Sedis	Incertae_Sedis	True	Incertae_Sedis	Incertae_Sedis	True	Incertae_Sedis	Incertae_Sedis	True	Incertae_Sedis	Incertae_Sedis	True
aa2d96e9bd79b0daa429983e2aaf6205	4	1	d__Bacteria; p__Acidobacteriota; c__Vicinamibacteria; o__Subgroup_17; f__Incertae_Sedis; g__Incertae_Sedis	0.9999999946650178	d__Bacteria; p__Acidobacteriota; c__Vicinamibacteria; o__Subgroup_17; f__Incertae_Sedis; g__Incertae_Sedis	1.0	Bacteria	Bacteria	True	Acidobacteriota	Acidobacteriota	True	Vicinamibacteria	Vicinamibacteria	True	Subgroup_17	Subgroup_17	True	Incertae_Sedis	Incertae_Sedis	True	Incertae_Sedis	Incertae_Sedis	True
aaf8bbe980b29c52a8c30a07d65d1b48	6	1	d__Archaea; p__Nanoarchaeota; c__Nanoarchaeia; o__Woesearchaeales; f__Incertae_Sedis; g__Incertae_Sedis	0.9999970732815964	d__Archaea; p__Nanoarchaeota; c__Nanoarchaeia; o__Woesearchaeales; f__Incertae_Sedis; g__Incertae_Sedis	1.0	Archaea	Archaea	True	Nanoarchaeota	Nanoarchaeota	True	Nanoarchaeia	Nanoarchaeia	True	Woesearchaeales	Woesearchaeales	True	Incertae_Sedis	Incertae_Sedis	True	Incertae_Sedis	Incertae_Sedis	True
adc72dccf3a30113fd9335cb6462f2dc	3	1	d__Archaea; p__Nanoarchaeota; c__Nanoarchaeia; o__Woesearchaeales; f__Incertae_Sedis; g__Incertae_Sedis	0.9999414087886607	d__Archaea; p__Nanoarchaeota; c__Nanoarchaeia; o__Woesearchaeales; f__Incertae_Sedis; g__Incertae_Sedis	1.0	Archaea	Archaea	True	Nanoarchaeota	Nanoarchaeota	True	Nanoarchaeia	Nanoarchaeia	True	Woesearchaeales	Woesearchaeales	True	Incertae_Sedis	Incertae_Sedis	True	Incertae_Sedis	Incertae_Sedis	True
adfb67f460d65aa8614bed0880411c61	11	1	d__Bacteria; p__Pseudomonadota; c__Gammaproteobacteria; o__Burkholderiales; f__Rhodocyclaceae; g__Ferribacterium	0.9956841006110274	d__Bacteria; p__Pseudomonadota; c__Gammaproteobacteria; o__Burkholderiales; f__Rhodocyclaceae; g__	1.0	Bacteria	Bacteria	True	Pseudomonadota	Pseudomonadota	True	Gammaproteobacteria	Gammaproteobacteria	True	Burkholderiales	Burkholderiales	True	Rhodocyclaceae	Rhodocyclaceae	True	Ferribacterium		False
ae1d5473bb32f0a1933d5b4fc0e3eeb4	3	1	d__Bacteria; p__Patescibacteria; c__ABY1; o__Candidatus_Kerfeldbacteria; f__Incertae_Sedis; g__Incertae_Sedis	0.9888181070682269	d__Bacteria; p__Patescibacteria; c__ABY1; o__Candidatus_Jacksonbacteria; f__Incertae_Sedis; g__Incertae_Sedis	1.0	Bacteria	Bacteria	True	Patescibacteria	Patescibacteria	True	ABY1	ABY1	True	Candidatus_Kerfeldbacteria	Candidatus_Jacksonbacteria	False	Incertae_Sedis	Incertae_Sedis	True	Incertae_Sedis	Incertae_Sedis	True
aea5c45decda07ef9ad9a8e1ad4125ba	14	1	d__Bacteria; p__Pseudomonadota; c__Gammaproteobacteria; o__Burkholderiales; f__Oxalobacteraceae; g__Janthinobacterium	0.74306694413767	d__Bacteria; p__; c__; o__; f__; g__	1.0	Bacteria	Bacteria	True	Pseudomonadota		False	Gammaproteobacteria		False	Burkholderiales		False	Oxalobacteraceae		False	Janthinobacterium		False
aeda648ef1ccaf013a70453eee0caf8a	55	3	d__Bacteria; p__Pseudomonadota; c__Gammaproteobacteria; o__Acidiferrobacterales; f__Acidiferrobacteraceae; g__Sulfurifustis	0.999982060448608	d__Bacteria; p__Pseudomonadota; c__Gammaproteobacteria; o__Acidiferrobacterales; f__Acidiferrobacteraceae; g__Sulfurifustis	1.0	Bacteria	Bacteria	True	Pseudomonadota	Pseudomonadota	True	Gammaproteobacteria	Gammaproteobacteria	True	Acidiferrobacterales	Acidiferrobacterales	True	Acidiferrobacteraceae	Acidiferrobacteraceae	True	Sulfurifustis	Sulfurifustis	True
af101f6ceb2059efa2d97a9ba8732a9d	4	1	d__Bacteria; p__Patescibacteria; c__ABY1; o__Candidatus_Kerfeldbacteria; f__Incertae_Sedis; g__Incertae_Sedis	0.998073810985292	d__Bacteria; p__Patescibacteria; c__ABY1; o__Candidatus_Komeilibacteria; f__Incertae_Sedis; g__Incertae_Sedis	1.0	Bacteria	Bacteria	True	Patescibacteria	Patescibacteria	True	ABY1	ABY1	True	Candidatus_Kerfeldbacteria	Candidatus_Komeilibacteria	False	Incertae_Sedis	Incertae_Sedis	True	Incertae_Sedis	Incertae_Sedis	True
af27577de5edb10c09f7fc19b9ca45ca	6	1	d__Bacteria; p__Pseudomonadota; c__Alphaproteobacteria; o__Rhodobacterales; f__Paracoccaceae; g__Cypionkella	0.8688340432105813	d__Bacteria; p__Pseudomonadota; c__Alphaproteobacteria; o__Rhodobacterales; f__Paracoccaceae; g__	1.0	Bacteria	Bacteria	True	Pseudomonadota	Pseudomonadota	True	Alphaproteobacteria	Alphaproteobacteria	True	Rhodobacterales	Rhodobacterales	True	Paracoccaceae	Paracoccaceae	True	Cypionkella		False
afacc69f169eac6016e7060822fabcb3	16	1	d__Bacteria; p__Nitrospirota; c__Thermodesulfovibrionia; o__Incertae_Sedis; f__Incertae_Sedis; g__Incertae_Sedis	0.9999999930539332	d__Bacteria; p__Nitrospirota; c__Thermodesulfovibrionia; o__Incertae_Sedis; f__Incertae_Sedis; g__Incertae_Sedis	1.0	Bacteria	Bacteria	True	Nitrospirota	Nitrospirota	True	Thermodesulfovibrionia	Thermodesulfovibrionia	True	Incertae_Sedis	Incertae_Sedis	True	Incertae_Sedis	Incertae_Sedis	True	Incertae_Sedis	Incertae_Sedis	True
afb285b046870964b875f3cb43558240	2	1	d__Bacteria; p__Actinomycetota; c__Thermoleophilia	0.9999999984987792	d__Bacteria; p__Actinomycetota; c__Thermoleophilia; o__; f__; g__	1.0	Bacteria	Bacteria	True	Actinomycetota	Actinomycetota	True	Thermoleophilia	Thermoleophilia	True			False			False			False
afdc6bb8a8ff7bfe8bd19e8ebd153aa8	2	1	d__Bacteria; p__Verrucomicrobiota; c__Omnitrophia; o__Omnitrophales; f__Omnitrophaceae; g__Candidatus_Omnitrophus	0.999999997227988	d__Bacteria; p__Verrucomicrobiota; c__Omnitrophia; o__Omnitrophales; f__Omnitrophaceae; g__Candidatus_Omnitrophus	1.0	Bacteria	Bacteria	True	Verrucomicrobiota	Verrucomicrobiota	True	Omnitrophia	Omnitrophia	True	Omnitrophales	Omnitrophales	True	Omnitrophaceae	Omnitrophaceae	True	Candidatus_Omnitrophus	Candidatus_Omnitrophus	True
b0eef4ca69519df0621c615120e56ff1	9	1	d__Bacteria; p__Pseudomonadota; c__Gammaproteobacteria; o__Acidiferrobacterales; f__Acidiferrobacteraceae; g__Sulfurifustis	0.9999864629203142	d__Bacteria; p__Pseudomonadota; c__Gammaproteobacteria; o__Acidiferrobacterales; f__Acidiferrobacteraceae; g__Sulfurifustis	1.0	Bacteria	Bacteria	True	Pseudomonadota	Pseudomonadota	True	Gammaproteobacteria	Gammaproteobacteria	True	Acidiferrobacterales	Acidiferrobacterales	True	Acidiferrobacteraceae	Acidiferrobacteraceae	True	Sulfurifustis	Sulfurifustis	True
b10557ee98062b9e3f8d42587f41fc07	2	1	d__Archaea; p__Nanoarchaeota; c__Nanoarchaeia; o__Woesearchaeales; f__Incertae_Sedis; g__Incertae_Sedis	0.9998976466094441	d__Archaea; p__Nanoarchaeota; c__Nanoarchaeia; o__Woesearchaeales; f__Incertae_Sedis; g__Incertae_Sedis	1.0	Archaea	Archaea	True	Nanoarchaeota	Nanoarchaeota	True	Nanoarchaeia	Nanoarchaeia	True	Woesearchaeales	Woesearchaeales	True	Incertae_Sedis	Incertae_Sedis	True	Incertae_Sedis	Incertae_Sedis	True
b162db6e625cbe003b495aa850f1de17	3	1	d__Bacteria; p__Patescibacteria; c__Berkelbacteria; o__Incertae_Sedis; f__Incertae_Sedis; g__Incertae_Sedis	0.9870016292238813	d__Bacteria; p__Patescibacteria; c__Berkelbacteria; o__Incertae_Sedis; f__Incertae_Sedis; g__Incertae_Sedis	1.0	Bacteria	Bacteria	True	Patescibacteria	Patescibacteria	True	Berkelbacteria	Berkelbacteria	True	Incertae_Sedis	Incertae_Sedis	True	Incertae_Sedis	Incertae_Sedis	True	Incertae_Sedis	Incertae_Sedis	True
b230be8a10f78f48e504b8dc5cfa7afb	23	2	d__Bacteria; p__Verrucomicrobiota; c__Omnitrophia; o__Omnitrophales; f__Incertae_Sedis; g__Incertae_Sedis	0.9999082472055592	d__Bacteria; p__Verrucomicrobiota; c__Omnitrophia; o__Omnitrophales; f__Incertae_Sedis; g__Incertae_Sedis	1.0	Bacteria	Bacteria	True	Verrucomicrobiota	Verrucomicrobiota	True	Omnitrophia	Omnitrophia	True	Omnitrophales	Omnitrophales	True	Incertae_Sedis	Incertae_Sedis	True	Incertae_Sedis	Incertae_Sedis	True
b26086d47e0a3f9bd5c419c4617b8502	6	1	d__Archaea; p__Thermoproteota; c__Nitrososphaeria; o__Nitrososphaerales; f__Nitrososphaeraceae	0.9999999998192128	d__Archaea; p__Thermoproteota; c__Nitrososphaeria; o__Nitrososphaerales; f__Nitrososphaeraceae; g__Incertae_Sedis	1.0	Archaea	Archaea	True	Thermoproteota	Thermoproteota	True	Nitrososphaeria	Nitrososphaeria	True	Nitrososphaerales	Nitrososphaerales	True	Nitrososphaeraceae	Nitrososphaeraceae	True		Incertae_Sedis	False
b2ff465f3ce89a33862c4c1864f4e1d2	2	1	d__Bacteria; p__Patescibacteria; c__Parcubacteria; o__Candidatus_Nomurabacteria; f__Incertae_Sedis; g__Incertae_Sedis	0.9999296448255074	d__Bacteria; p__Patescibacteria; c__Parcubacteria; o__Candidatus_Nomurabacteria; f__Incertae_Sedis; g__Incertae_Sedis	1.0	Bacteria	Bacteria	True	Patescibacteria	Patescibacteria	True	Parcubacteria	Parcubacteria	True	Candidatus_Nomurabacteria	Candidatus_Nomurabacteria	True	Incertae_Sedis	Incertae_Sedis	True	Incertae_Sedis	Incertae_Sedis	True
b39be459cc96689db8cd6b00a0d86e8e	496	2	d__Bacteria; p__Pseudomonadota; c__Gammaproteobacteria; o__Burkholderiales; f__Gallionellaceae	0.9941732408370084	d__Bacteria; p__Pseudomonadota; c__Gammaproteobacteria; o__Burkholderiales; f__Gallionellaceae; g__	1.0	Bacteria	Bacteria	True	Pseudomonadota	Pseudomonadota	True	Gammaproteobacteria	Gammaproteobacteria	True	Burkholderiales	Burkholderiales	True	Gallionellaceae	Gallionellaceae	True			False
b39f90da9ee92988c2e0f57748c70f4c	27	2	d__Bacteria; p__Patescibacteria; c__ABY1; o__Candidatus_Falkowbacteria; f__Incertae_Sedis; g__Incertae_Sedis	0.9999999555283533	d__Bacteria; p__Patescibacteria; c__ABY1; o__Candidatus_Falkowbacteria; f__Incertae_Sedis; g__Incertae_Sedis	1.0	Bacteria	Bacteria	True	Patescibacteria	Patescibacteria	True	ABY1	ABY1	True	Candidatus_Falkowbacteria	Candidatus_Falkowbacteria	True	Incertae_Sedis	Incertae_Sedis	True	Incertae_Sedis	Incertae_Sedis	True
b6f7e10ef0d83e8306ba4eb420c14bbd	2	1	d__Bacteria; p__Patescibacteria; c__ABY1; o__Candidatus_Magasanikbacteria; f__Incertae_Sedis; g__Incertae_Sedis	0.9999999804094133	d__Bacteria; p__Patescibacteria; c__ABY1; o__Candidatus_Magasanikbacteria; f__Incertae_Sedis; g__Incertae_Sedis	1.0	Bacteria	Bacteria	True	Patescibacteria	Patescibacteria	True	ABY1	ABY1	True	Candidatus_Magasanikbacteria	Candidatus_Magasanikbacteria	True	Incertae_Sedis	Incertae_Sedis	True	Incertae_Sedis	Incertae_Sedis	True
b75f9fb9a9fd532cab665ef8cfe95eed	18	1	d__Archaea; p__Nanoarchaeota; c__Nanoarchaeia; o__Woesearchaeales; f__Incertae_Sedis; g__Incertae_Sedis	0.999952478228679	d__Archaea; p__Nanoarchaeota; c__Nanoarchaeia; o__Woesearchaeales; f__Incertae_Sedis; g__Incertae_Sedis	1.0	Archaea	Archaea	True	Nanoarchaeota	Nanoarchaeota	True	Nanoarchaeia	Nanoarchaeia	True	Woesearchaeales	Woesearchaeales	True	Incertae_Sedis	Incertae_Sedis	True	Incertae_Sedis	Incertae_Sedis	True
b783cf56c98ce000abcb53b1c119f551	5	1	d__Bacteria; p__Nitrospirota; c__4-29-1; o__Incertae_Sedis; f__Incertae_Sedis; g__Incertae_Sedis	0.998282375996657	d__Bacteria; p__Nitrospirota; c__4-29-1; o__Incertae_Sedis; f__Incertae_Sedis; g__Incertae_Sedis	1.0	Bacteria	Bacteria	True	Nitrospirota	Nitrospirota	True	4-29-1	4-29-1	True	Incertae_Sedis	Incertae_Sedis	True	Incertae_Sedis	Incertae_Sedis	True	Incertae_Sedis	Incertae_Sedis	True
b7d6cf3f7467ca45087ca083796a0af0	151	2	d__Bacteria; p__Pseudomonadota; c__Gammaproteobacteria; o__Burkholderiales; f__Comamonadaceae; g__Polaromonas	0.7802456224156877	d__Bacteria; p__Pseudomonadota; c__Gammaproteobacteria; o__Burkholderiales; f__Comamonadaceae	1.0	Bacteria	Bacteria	True	Pseudomonadota	Pseudomonadota	True	Gammaproteobacteria	Gammaproteobacteria	True	Burkholderiales	Burkholderiales	True	Comamonadaceae	Comamonadaceae	True	Polaromonas		False
b9f03ef799adb58dd96176ffad7ec24a	19	1	d__Bacteria; p__Verrucomicrobiota; c__Omnitrophia; o__Omnitrophales; f__Omnitrophaceae; g__Candidatus_Omnitrophus	0.9999997709223698	d__Bacteria; p__Verrucomicrobiota; c__Omnitrophia; o__Omnitrophales; f__Omnitrophaceae; g__Candidatus_Omnitrophus	1.0	Bacteria	Bacteria	True	Verrucomicrobiota	Verrucomicrobiota	True	Omnitrophia	Omnitrophia	True	Omnitrophales	Omnitrophales	True	Omnitrophaceae	Omnitrophaceae	True	Candidatus_Omnitrophus	Candidatus_Omnitrophus	True
babe719a9ad0da92d681ac70bb108dc8	6	1	d__Bacteria; p__Nitrospirota; c__HDB-SIOI1093; o__Incertae_Sedis; f__Incertae_Sedis; g__Incertae_Sedis	0.9999999418118238	d__Bacteria; p__Nitrospirota; c__HDB-SIOI1093; o__Incertae_Sedis; f__Incertae_Sedis; g__Incertae_Sedis	1.0	Bacteria	Bacteria	True	Nitrospirota	Nitrospirota	True	HDB-SIOI1093	HDB-SIOI1093	True	Incertae_Sedis	Incertae_Sedis	True	Incertae_Sedis	Incertae_Sedis	True	Incertae_Sedis	Incertae_Sedis	True
bae6856b75ab0f9f9fa7755cdb153642	7	1	d__Bacteria; p__Patescibacteria; c__Parcubacteria	0.9999898274154758	d__Bacteria; p__Patescibacteria; c__Parcubacteria; o__Incertae_Sedis; f__Incertae_Sedis; g__Incertae_Sedis	1.0	Bacteria	Bacteria	True	Patescibacteria	Patescibacteria	True	Parcubacteria	Parcubacteria	True		Incertae_Sedis	False		Incertae_Sedis	False		Incertae_Sedis	False
bbecd3b5250443f2697c0104e8213917	5	1	d__Bacteria; p__Verrucomicrobiota; c__Omnitrophia; o__Omnitrophales; f__Omnitrophaceae; g__Candidatus_Omnitrophus	0.9999998371616802	d__Bacteria; p__Verrucomicrobiota; c__Omnitrophia; o__Omnitrophales; f__Omnitrophaceae; g__Candidatus_Omnitrophus	1.0	Bacteria	Bacteria	True	Verrucomicrobiota	Verrucomicrobiota	True	Omnitrophia	Omnitrophia	True	Omnitrophales	Omnitrophales	True	Omnitrophaceae	Omnitrophaceae	True	Candidatus_Omnitrophus	Candidatus_Omnitrophus	True
c02e74171a45a7d8308e4581e6b79eab	16	2	d__Bacteria; p__Patescibacteria; c__Parcubacteria; o__Candidatus_Azambacteria; f__Incertae_Sedis; g__Incertae_Sedis	0.9999999793371475	d__Bacteria; p__Patescibacteria; c__Parcubacteria; o__Candidatus_Azambacteria; f__Incertae_Sedis; g__Incertae_Sedis	1.0	Bacteria	Bacteria	True	Patescibacteria	Patescibacteria	True	Parcubacteria	Parcubacteria	True	Candidatus_Azambacteria	Candidatus_Azambacteria	True	Incertae_Sedis	Incertae_Sedis	True	Incertae_Sedis	Incertae_Sedis	True
c1972519928146002b88a946471e938f	3	1	d__Bacteria; p__Patescibacteria; c__Saccharimonadia; o__Saccharimonadales; f__Incertae_Sedis; g__Incertae_Sedis	0.9998160774310876	d__Bacteria; p__Patescibacteria; c__Saccharimonadia; o__Saccharimonadales; f__Incertae_Sedis; g__Incertae_Sedis	1.0	Bacteria	Bacteria	True	Patescibacteria	Patescibacteria	True	Saccharimonadia	Saccharimonadia	True	Saccharimonadales	Saccharimonadales	True	Incertae_Sedis	Incertae_Sedis	True	Incertae_Sedis	Incertae_Sedis	True
c1cd0bc45f873697ab9156e7147e8d76	51	2	d__Bacteria; p__Verrucomicrobiota; c__Omnitrophia; o__Omnitrophales; f__Omnitrophaceae; g__Candidatus_Omnitrophus	0.9999991752784173	d__Bacteria; p__Verrucomicrobiota; c__Omnitrophia; o__Omnitrophales; f__Omnitrophaceae; g__Candidatus_Omnitrophus	1.0	Bacteria	Bacteria	True	Verrucomicrobiota	Verrucomicrobiota	True	Omnitrophia	Omnitrophia	True	Omnitrophales	Omnitrophales	True	Omnitrophaceae	Omnitrophaceae	True	Candidatus_Omnitrophus	Candidatus_Omnitrophus	True
c22b16cc6108c04f29fea3b6d4c81571	18	1	d__Bacteria; p__Pseudomonadota; c__Gammaproteobacteria; o__Pseudomonadales; f__Moraxellaceae; g__Acinetobacter	0.9999884793206621	d__Bacteria; p__Pseudomonadota; c__Gammaproteobacteria; o__Pseudomonadales; f__Moraxellaceae; g__Acinetobacter	1.0	Bacteria	Bacteria	True	Pseudomonadota	Pseudomonadota	True	Gammaproteobacteria	Gammaproteobacteria	True	Pseudomonadales	Pseudomonadales	True	Moraxellaceae	Moraxellaceae	True	Acinetobacter	Acinetobacter	True
c3c2da82d96e8b8ee73b62eb5edf06ab	2	1	d__Bacteria; p__Elusimicrobiota; c__Elusimicrobia; o__Lineage_IV; f__Incertae_Sedis; g__Incertae_Sedis	0.9999603209276238	d__Bacteria; p__Elusimicrobiota; c__Elusimicrobia; o__Lineage_IV; f__Incertae_Sedis; g__Incertae_Sedis	1.0	Bacteria	Bacteria	True	Elusimicrobiota	Elusimicrobiota	True	Elusimicrobia	Elusimicrobia	True	Lineage_IV	Lineage_IV	True	Incertae_Sedis	Incertae_Sedis	True	Incertae_Sedis	Incertae_Sedis	True
c4dc084b83476f4b2c829da5b52fcb4d	25	2	d__Bacteria; p__Pseudomonadota; c__Gammaproteobacteria; o__Acidiferrobacterales; f__Acidiferrobacteraceae	0.9991923451097438	d__Bacteria; p__Pseudomonadota; c__Gammaproteobacteria; o__Acidiferrobacterales; f__Acidiferrobacteraceae; g__Sulfurifustis	1.0	Bacteria	Bacteria	True	Pseudomonadota	Pseudomonadota	True	Gammaproteobacteria	Gammaproteobacteria	True	Acidiferrobacterales	Acidiferrobacterales	True	Acidiferrobacteraceae	Acidiferrobacteraceae	True		Sulfurifustis	False
c908b8f6f2f144e3f8c68f269a44e5dd	6	1	d__Bacteria; p__Nitrospirota; c__4-29-1; o__Incertae_Sedis; f__Incertae_Sedis; g__Incertae_Sedis	0.9998201572287891	d__Bacteria; p__Nitrospirota; c__4-29-1; o__Incertae_Sedis; f__Incertae_Sedis; g__Incertae_Sedis	1.0	Bacteria	Bacteria	True	Nitrospirota	Nitrospirota	True	4-29-1	4-29-1	True	Incertae_Sedis	Incertae_Sedis	True	Incertae_Sedis	Incertae_Sedis	True	Incertae_Sedis	Incertae_Sedis	True
c956153958c5408cfdf9fbf3a704ef79	2	1	d__Archaea; p__Halobacteriota; c__Methanosarcinia; o__Methanosarcinales; f__Methanoperedenaceae; g__Candidatus_Methanoperedens	0.9999151420999395	d__Archaea; p__Halobacteriota; c__Methanosarcinia; o__Methanosarcinales; f__Methanoperedenaceae; g__Candidatus_Methanoperedens	1.0	Archaea	Archaea	True	Halobacteriota	Halobacteriota	True	Methanosarcinia	Methanosarcinia	True	Methanosarcinales	Methanosarcinales	True	Methanoperedenaceae	Methanoperedenaceae	True	Candidatus_Methanoperedens	Candidatus_Methanoperedens	True
ca38cab53ae08168f46b291cbce18ea5	12	1	d__Bacteria; p__Nitrospirota; c__Thermodesulfovibrionia; o__Incertae_Sedis; f__Incertae_Sedis; g__Incertae_Sedis	0.9999999909192496	d__Bacteria; p__Nitrospirota; c__Thermodesulfovibrionia; o__Incertae_Sedis; f__Incertae_Sedis; g__Incertae_Sedis	1.0	Bacteria	Bacteria	True	Nitrospirota	Nitrospirota	True	Thermodesulfovibrionia	Thermodesulfovibrionia	True	Incertae_Sedis	Incertae_Sedis	True	Incertae_Sedis	Incertae_Sedis	True	Incertae_Sedis	Incertae_Sedis	True
cafa8b61b1350ad69f557a8e5a27bb6b	7	2	d__Bacteria; p__Chloroflexota; c__Anaerolineae; o__Aggregatilineales; f__A4b; g__Incertae_Sedis	0.9628925952870079	d__Bacteria; p__Chloroflexota; c__Anaerolineae; o__Aggregatilineales; f__Incertae_Sedis; g__Incertae_Sedis	1.0	Bacteria	Bacteria	True	Chloroflexota	Chloroflexota	True	Anaerolineae	Anaerolineae	True	Aggregatilineales	Aggregatilineales	True	A4b	Incertae_Sedis	False	Incertae_Sedis	Incertae_Sedis	True
cb27b579b1b59c3e5d4104623e8b359a	3	1	d__Archaea; p__Nanoarchaeota; c__Nanoarchaeia; o__Woesearchaeales; f__Incertae_Sedis; g__Incertae_Sedis	0.9999996700500422	d__Archaea; p__Nanoarchaeota; c__Nanoarchaeia; o__Woesearchaeales; f__Incertae_Sedis; g__Incertae_Sedis	1.0	Archaea	Archaea	True	Nanoarchaeota	Nanoarchaeota	True	Nanoarchaeia	Nanoarchaeia	True	Woesearchaeales	Woesearchaeales	True	Incertae_Sedis	Incertae_Sedis	True	Incertae_Sedis	Incertae_Sedis	True
cb7417898e26dc23903ed96497486210	15	1	d__Bacteria; p__Pseudomonadota; c__Gammaproteobacteria; o__Burkholderiales; f__Nitrosomonadaceae; g__MND1	0.9999920316862757	d__Bacteria; p__Pseudomonadota; c__Gammaproteobacteria; o__Burkholderiales; f__Nitrosomonadaceae; g__MND1	1.0	Bacteria	Bacteria	True	Pseudomonadota	Pseudomonadota	True	Gammaproteobacteria	Gammaproteobacteria	True	Burkholderiales	Burkholderiales	True	Nitrosomonadaceae	Nitrosomonadaceae	True	MND1	MND1	True
cbb2ce5bbe1710f054b5adb71f29aa09	4	1	d__Bacteria; p__Chloroflexota; c__Dehalococcoidia	0.997218322372013	d__Bacteria; p__Chloroflexota; c__Dehalococcoidia	1.0	Bacteria	Bacteria	True	Chloroflexota	Chloroflexota	True	Dehalococcoidia	Dehalococcoidia	True			False			False			False
cbff13b5013921139f28a5115cf9f7a8	22	2	d__Bacteria	0.999999999983759	d__Bacteria; p__Nitrospirota; c__4-29-1; o__Incertae_Sedis; f__Incertae_Sedis; g__Incertae_Sedis	1.0	Bacteria	Bacteria	True		Nitrospirota	False		4-29-1	False		Incertae_Sedis	False		Incertae_Sedis	False		Incertae_Sedis	False
cc7257e130ecba99063e41685c252180	43	2	d__Bacteria; p__Pseudomonadota; c__Gammaproteobacteria; o__Burkholderiales; f__Gallionellaceae	0.9966588709146131	d__Bacteria; p__Pseudomonadota; c__Gammaproteobacteria; o__Burkholderiales; f__Gallionellaceae; g__	1.0	Bacteria	Bacteria	True	Pseudomonadota	Pseudomonadota	True	Gammaproteobacteria	Gammaproteobacteria	True	Burkholderiales	Burkholderiales	True	Gallionellaceae	Gallionellaceae	True			False
cd361092f88c6023a43ec4e9d7524864	23	2	d__Bacteria; p__Verrucomicrobiota; c__Omnitrophia; o__Omnitrophales; f__Omnitrophaceae; g__Candidatus_Omnitrophus	0.9999947618625583	d__Bacteria; p__Verrucomicrobiota; c__Omnitrophia; o__Omnitrophales; f__Omnitrophaceae; g__Candidatus_Omnitrophus	1.0	Bacteria	Bacteria	True	Verrucomicrobiota	Verrucomicrobiota	True	Omnitrophia	Omnitrophia	True	Omnitrophales	Omnitrophales	True	Omnitrophaceae	Omnitrophaceae	True	Candidatus_Omnitrophus	Candidatus_Omnitrophus	True
cd4db2247c8b7c4f75eb8a4865698645	2	1	d__Bacteria; p__Elusimicrobiota; c__Incertae_Sedis; o__Incertae_Sedis; f__Incertae_Sedis; g__Incertae_Sedis	0.9999999993872422	d__Bacteria; p__Elusimicrobiota; c__Incertae_Sedis; o__Incertae_Sedis; f__Incertae_Sedis; g__Incertae_Sedis	1.0	Bacteria	Bacteria	True	Elusimicrobiota	Elusimicrobiota	True	Incertae_Sedis	Incertae_Sedis	True	Incertae_Sedis	Incertae_Sedis	True	Incertae_Sedis	Incertae_Sedis	True	Incertae_Sedis	Incertae_Sedis	True
cd8c962b4550c99da2caee4c6971c513	2	1	d__Bacteria; p__Patescibacteria; c__ABY1; o__Candidatus_Buchananbacteria; f__Incertae_Sedis; g__Incertae_Sedis	0.9866960085811344	d__Bacteria; p__Patescibacteria; c__ABY1; o__Candidatus_Buchananbacteria; f__Incertae_Sedis; g__Incertae_Sedis	1.0	Bacteria	Bacteria	True	Patescibacteria	Patescibacteria	True	ABY1	ABY1	True	Candidatus_Buchananbacteria	Candidatus_Buchananbacteria	True	Incertae_Sedis	Incertae_Sedis	True	Incertae_Sedis	Incertae_Sedis	True
ce3110731e628641298e8682b8fe8a2b	13	1	d__Bacteria; p__Bacteroidota; c__Bacteroidia; o__Cytophagales; f__Microscillaceae; g__OLB12	0.9945166153091763	d__Bacteria; p__Bacteroidota; c__Bacteroidia; o__Cytophagales; f__Microscillaceae; g__OLB12	1.0	Bacteria	Bacteria	True	Bacteroidota	Bacteroidota	True	Bacteroidia	Bacteroidia	True	Cytophagales	Cytophagales	True	Microscillaceae	Microscillaceae	True	OLB12	OLB12	True
ce85443cc7037212c3e6874653adfe72	2	1	d__Bacteria; p__Patescibacteria; c__ABY1	0.9999845871243107	d__Bacteria; p__Patescibacteria; c__ABY1; o__Candidatus_Komeilibacteria; f__Incertae_Sedis; g__Incertae_Sedis	1.0	Bacteria	Bacteria	True	Patescibacteria	Patescibacteria	True	ABY1	ABY1	True		Candidatus_Komeilibacteria	False		Incertae_Sedis	False		Incertae_Sedis	False
cea7cb895e7a2b5146a013ed6552cb5b	13	1	d__Bacteria; p__Pseudomonadota; c__Gammaproteobacteria; o__Acidiferrobacterales; f__Acidiferrobacteraceae; g__Sulfurifustis	0.9999847307743337	d__Bacteria; p__Pseudomonadota; c__Gammaproteobacteria; o__Acidiferrobacterales; f__Acidiferrobacteraceae; g__Sulfurifustis	1.0	Bacteria	Bacteria	True	Pseudomonadota	Pseudomonadota	True	Gammaproteobacteria	Gammaproteobacteria	True	Acidiferrobacterales	Acidiferrobacterales	True	Acidiferrobacteraceae	Acidiferrobacteraceae	True	Sulfurifustis	Sulfurifustis	True
cec03d066a8a4113768af9614bb8328c	7	1	d__Bacteria; p__Elusimicrobiota; c__Lineage_IIc; o__Incertae_Sedis; f__Incertae_Sedis; g__Incertae_Sedis	0.9999999997837818	d__Bacteria; p__Elusimicrobiota; c__Lineage_IIc; o__Incertae_Sedis; f__Incertae_Sedis; g__Incertae_Sedis	1.0	Bacteria	Bacteria	True	Elusimicrobiota	Elusimicrobiota	True	Lineage_IIc	Lineage_IIc	True	Incertae_Sedis	Incertae_Sedis	True	Incertae_Sedis	Incertae_Sedis	True	Incertae_Sedis	Incertae_Sedis	True
cef569ed3f37a30114ff48ea3bcde5e6	4	1	d__Bacteria; p__Pseudomonadota; c__Alphaproteobacteria; o__Zavarziniales; f__Incertae_Sedis; g__Incertae_Sedis	0.9999556418105519	d__Bacteria; p__Pseudomonadota; c__Alphaproteobacteria; o__Zavarziniales; f__Incertae_Sedis; g__Incertae_Sedis	1.0	Bacteria	Bacteria	True	Pseudomonadota	Pseudomonadota	True	Alphaproteobacteria	Alphaproteobacteria	True	Zavarziniales	Zavarziniales	True	Incertae_Sedis	Incertae_Sedis	True	Incertae_Sedis	Incertae_Sedis	True
d13840a3816a0f5e14c51c86899d0170	3	1	d__Archaea; p__Nanoarchaeota; c__Nanoarchaeia; o__Woesearchaeales; f__Incertae_Sedis; g__Incertae_Sedis	0.9999987590524338	d__Archaea; p__Nanoarchaeota; c__Nanoarchaeia; o__Woesearchaeales; f__Incertae_Sedis; g__Incertae_Sedis	1.0	Archaea	Archaea	True	Nanoarchaeota	Nanoarchaeota	True	Nanoarchaeia	Nanoarchaeia	True	Woesearchaeales	Woesearchaeales	True	Incertae_Sedis	Incertae_Sedis	True	Incertae_Sedis	Incertae_Sedis	True
d32e579b3ae7b2aae8d5bf9f027c29af	41	2	d__Bacteria; p__Pseudomonadota; c__Gammaproteobacteria; o__Burkholderiales; f__Comamonadaceae	0.9999969369560461	d__Bacteria; p__Pseudomonadota; c__Gammaproteobacteria; o__Burkholderiales; f__Comamonadaceae; g__Delftia	0.667	Bacteria	Bacteria	True	Pseudomonadota	Pseudomonadota	True	Gammaproteobacteria	Gammaproteobacteria	True	Burkholderiales	Burkholderiales	True	Comamonadaceae	Comamonadaceae	True		Delftia	False
d3b770095c3b56de5ba4bc7e576e3931	4	1	d__Archaea; p__Nanoarchaeota; c__Nanoarchaeia; o__Woesearchaeales; f__Incertae_Sedis; g__Incertae_Sedis	0.9995086278255113	d__Archaea; p__Nanoarchaeota; c__Nanoarchaeia; o__Woesearchaeales; f__Incertae_Sedis; g__Incertae_Sedis	1.0	Archaea	Archaea	True	Nanoarchaeota	Nanoarchaeota	True	Nanoarchaeia	Nanoarchaeia	True	Woesearchaeales	Woesearchaeales	True	Incertae_Sedis	Incertae_Sedis	True	Incertae_Sedis	Incertae_Sedis	True
d4e30f24312f021ed1d0a0fc500579bd	2	1	d__Archaea; p__Nanoarchaeota; c__Nanoarchaeia; o__Woesearchaeales; f__Incertae_Sedis; g__Incertae_Sedis	0.999754721266446	d__Archaea; p__Nanoarchaeota; c__Nanoarchaeia; o__Woesearchaeales; f__Incertae_Sedis; g__Incertae_Sedis	1.0	Archaea	Archaea	True	Nanoarchaeota	Nanoarchaeota	True	Nanoarchaeia	Nanoarchaeia	True	Woesearchaeales	Woesearchaeales	True	Incertae_Sedis	Incertae_Sedis	True	Incertae_Sedis	Incertae_Sedis	True
d52ed7a499c1ebeeb759cfd1c7693e11	2	1	d__Bacteria; p__Patescibacteria; c__Gracilibacteria; o__Candidatus_Peregrinibacteria; f__Incertae_Sedis; g__Incertae_Sedis	0.9339560276334345	d__Bacteria; p__Patescibacteria; c__Gracilibacteria; o__Candidatus_Peregrinibacteria; f__Incertae_Sedis; g__Incertae_Sedis	1.0	Bacteria	Bacteria	True	Patescibacteria	Patescibacteria	True	Gracilibacteria	Gracilibacteria	True	Candidatus_Peregrinibacteria	Candidatus_Peregrinibacteria	True	Incertae_Sedis	Incertae_Sedis	True	Incertae_Sedis	Incertae_Sedis	True
d5eb80c26a008a368ef49110e46b05bd	5	1	d__Bacteria; p__Bacteroidota; c__Bacteroidia; o__Sphingobacteriales; f__AKYH767; g__Incertae_Sedis	0.9999983683453688	d__Bacteria; p__Bacteroidota; c__Bacteroidia; o__Sphingobacteriales; f__AKYH767; g__Incertae_Sedis	1.0	Bacteria	Bacteria	True	Bacteroidota	Bacteroidota	True	Bacteroidia	Bacteroidia	True	Sphingobacteriales	Sphingobacteriales	True	AKYH767	AKYH767	True	Incertae_Sedis	Incertae_Sedis	True
d60e0d1c49af7ac903e5a81afec888ee	6	1	d__Bacteria; p__Patescibacteria; c__WWE3; o__Incertae_Sedis; f__Incertae_Sedis; g__Incertae_Sedis	0.8901511160755508	Unassigned	1.0	Bacteria		False	Patescibacteria		False	WWE3		False	Incertae_Sedis		False	Incertae_Sedis		False	Incertae_Sedis		False
d69464b2275c7c4514b5858d01db39b8	29	2	d__Bacteria; p__Patescibacteria; c__Parcubacteria; o__UBA9983; f__Incertae_Sedis; g__Incertae_Sedis	0.9853312818064827	d__Bacteria; p__Patescibacteria; c__Parcubacteria; o__UBA9983; f__Incertae_Sedis; g__Incertae_Sedis	1.0	Bacteria	Bacteria	True	Patescibacteria	Patescibacteria	True	Parcubacteria	Parcubacteria	True	UBA9983	UBA9983	True	Incertae_Sedis	Incertae_Sedis	True	Incertae_Sedis	Incertae_Sedis	True
d71e7f3b028ede507470b1bfedbb8983	3	1	d__Bacteria; p__Patescibacteria; c__ABY1; o__Candidatus_Kerfeldbacteria; f__Incertae_Sedis; g__Incertae_Sedis	0.9999132866594599	d__Bacteria; p__Patescibacteria; c__ABY1; o__Candidatus_Kerfeldbacteria; f__Incertae_Sedis; g__Incertae_Sedis	1.0	Bacteria	Bacteria	True	Patescibacteria	Patescibacteria	True	ABY1	ABY1	True	Candidatus_Kerfeldbacteria	Candidatus_Kerfeldbacteria	True	Incertae_Sedis	Incertae_Sedis	True	Incertae_Sedis	Incertae_Sedis	True
d88abff2ed5af388abe3bd71809f70e1	105	3	d__Bacteria; p__Nitrospirota; c__4-29-1; o__Incertae_Sedis; f__Incertae_Sedis; g__Incertae_Sedis	0.8470836788712661	d__Bacteria; p__Nitrospirota; c__4-29-1; o__Incertae_Sedis; f__Incertae_Sedis; g__Incertae_Sedis	1.0	Bacteria	Bacteria	True	Nitrospirota	Nitrospirota	True	4-29-1	4-29-1	True	Incertae_Sedis	Incertae_Sedis	True	Incertae_Sedis	Incertae_Sedis	True	Incertae_Sedis	Incertae_Sedis	True
d8a60bf7621dd59dc59f19a8894129c9	11	1	d__Bacteria; p__Patescibacteria; c__Saccharimonadia; o__Saccharimonadales; f__Saccharimonadaceae; g__TM7a	0.9991958157617831	d__Bacteria; p__Patescibacteria; c__Saccharimonadia; o__Saccharimonadales; f__Incertae_Sedis; g__Incertae_Sedis	1.0	Bacteria	Bacteria	True	Patescibacteria	Patescibacteria	True	Saccharimonadia	Saccharimonadia	True	Saccharimonadales	Saccharimonadales	True	Saccharimonadaceae	Incertae_Sedis	False	TM7a	Incertae_Sedis	False
da13eb51a23731d1542076afd2a4882d	44	2	d__Bacteria; p__Bacillota; c__Bacilli; o__Bacillales; f__Bacillaceae; g__Anaerobacillus	0.9757775015755809	d__Bacteria; p__Bacillota; c__Bacilli; o__Bacillales; f__Bacillaceae; g__Anaerobacillus	1.0	Bacteria	Bacteria	True	Bacillota	Bacillota	True	Bacilli	Bacilli	True	Bacillales	Bacillales	True	Bacillaceae	Bacillaceae	True	Anaerobacillus	Anaerobacillus	True
da8d956ba3a63e19735c5c55ceaa06f3	31	2	d__Archaea; p__Thermoproteota; c__Nitrososphaeria; o__Nitrosotaleales; f__Nitrosotaleaceae; g__Incertae_Sedis	0.9999999962354451	d__Archaea; p__Thermoproteota; c__Nitrososphaeria; o__Nitrosotaleales; f__Nitrosotaleaceae; g__Incertae_Sedis	1.0	Archaea	Archaea	True	Thermoproteota	Thermoproteota	True	Nitrososphaeria	Nitrososphaeria	True	Nitrosotaleales	Nitrosotaleales	True	Nitrosotaleaceae	Nitrosotaleaceae	True	Incertae_Sedis	Incertae_Sedis	True
db77c725d3290421d640c536d7308bcc	2	1	d__Bacteria	0.9999999608556212	d__Bacteria; p__Schekmanbacteria; c__Incertae_Sedis; o__Incertae_Sedis; f__Incertae_Sedis; g__Incertae_Sedis	1.0	Bacteria	Bacteria	True		Schekmanbacteria	False		Incertae_Sedis	False		Incertae_Sedis	False		Incertae_Sedis	False		Incertae_Sedis	False
dbaabc2fc99500803f8d94562ba18e91	5	1	d__Bacteria; p__; c__; o__; f__; g__	0.8478147394614204	d__Bacteria; p__Thermodesulfobacteriota; c__Desulfuromonadia; o__PB19; f__Incertae_Sedis; g__Incertae_Sedis	1.0	Bacteria	Bacteria	True		Thermodesulfobacteriota	False		Desulfuromonadia	False		PB19	False		Incertae_Sedis	False		Incertae_Sedis	False
dc0f7f7895f74a7be8ac06aa25be661b	3	1	d__Bacteria; p__Patescibacteria; c__Gracilibacteria	0.9999994075127889	d__Bacteria; p__Patescibacteria; c__Gracilibacteria; o__Candidatus_Peregrinibacteria; f__Incertae_Sedis; g__Incertae_Sedis	1.0	Bacteria	Bacteria	True	Patescibacteria	Patescibacteria	True	Gracilibacteria	Gracilibacteria	True		Candidatus_Peregrinibacteria	False		Incertae_Sedis	False		Incertae_Sedis	False
dc44a88a9e09760406765da06826cd7c	8	1	d__Bacteria; p__Pseudomonadota; c__Alphaproteobacteria; o__Rickettsiales; f__Mitochondria; g__Incertae_Sedis	0.7151085129633278	d__Bacteria; p__Pseudomonadota; c__Alphaproteobacteria; o__Rickettsiales; f__Mitochondria; g__Incertae_Sedis	1.0	Bacteria	Bacteria	True	Pseudomonadota	Pseudomonadota	True	Alphaproteobacteria	Alphaproteobacteria	True	Rickettsiales	Rickettsiales	True	Mitochondria	Mitochondria	True	Incertae_Sedis	Incertae_Sedis	True
dcc7fedd68b118f6d33aed6679af9872	3	1	d__Bacteria; p__Actinomycetota; c__Acidimicrobiia; o__Acidimicrobiales; f__Acidimicrobiaceae; g__Acidiferrimicrobium	0.9350788480747962	d__Bacteria; p__Actinomycetota; c__Acidimicrobiia; o__Acidimicrobiales; f__Acidimicrobiaceae; g__Acidiferrimicrobium	1.0	Bacteria	Bacteria	True	Actinomycetota	Actinomycetota	True	Acidimicrobiia	Acidimicrobiia	True	Acidimicrobiales	Acidimicrobiales	True	Acidimicrobiaceae	Acidimicrobiaceae	True	Acidiferrimicrobium	Acidiferrimicrobium	True
dd5c07f3d8913531e58e8dc843af735e	3	1	d__Archaea; p__Thermoproteota; c__Nitrososphaeria; o__Group_1.1c; f__Incertae_Sedis; g__Incertae_Sedis	0.9999989221400494	d__Archaea; p__Thermoproteota; c__Nitrososphaeria; o__Group_1.1c; f__Incertae_Sedis; g__Incertae_Sedis	1.0	Archaea	Archaea	True	Thermoproteota	Thermoproteota	True	Nitrososphaeria	Nitrososphaeria	True	Group_1.1c	Group_1.1c	True	Incertae_Sedis	Incertae_Sedis	True	Incertae_Sedis	Incertae_Sedis	True
de748aa343b823ec00677351c8e34391	2	1	d__Bacteria; p__Planctomycetota; c__Brocadiae; o__Brocadiales; f__Brocadiaceae	0.9999989203342133	d__Bacteria; p__Planctomycetota; c__Brocadiae; o__Brocadiales; f__Brocadiaceae	1.0	Bacteria	Bacteria	True	Planctomycetota	Planctomycetota	True	Brocadiae	Brocadiae	True	Brocadiales	Brocadiales	True	Brocadiaceae	Brocadiaceae	True			False
debe02fd9e20519d37ec03ff98fac594	13	1	d__Bacteria; p__Elusimicrobiota; c__Elusimicrobia; o__Lineage_IV; f__Incertae_Sedis; g__Incertae_Sedis	0.9999999999897824	d__Bacteria; p__Elusimicrobiota; c__Elusimicrobia; o__Lineage_IV; f__Incertae_Sedis; g__Incertae_Sedis	1.0	Bacteria	Bacteria	True	Elusimicrobiota	Elusimicrobiota	True	Elusimicrobia	Elusimicrobia	True	Lineage_IV	Lineage_IV	True	Incertae_Sedis	Incertae_Sedis	True	Incertae_Sedis	Incertae_Sedis	True
df915ccb4ee135b84e0b244e8af12b92	290	2	d__Archaea; p__Nanoarchaeota; c__Nanoarchaeia; o__Woesearchaeales; f__Incertae_Sedis; g__Incertae_Sedis	0.9999079520167348	d__Archaea; p__Nanoarchaeota; c__Nanoarchaeia; o__Woesearchaeales; f__Incertae_Sedis; g__Incertae_Sedis	1.0	Archaea	Archaea	True	Nanoarchaeota	Nanoarchaeota	True	Nanoarchaeia	Nanoarchaeia	True	Woesearchaeales	Woesearchaeales	True	Incertae_Sedis	Incertae_Sedis	True	Incertae_Sedis	Incertae_Sedis	True
e04265a1b5b74d599d1000ac0f280268	21	2	d__Bacteria; p__Methylomirabilota; c__Methylomirabilia; o__Rokubacteriales; f__Incertae_Sedis; g__Incertae_Sedis	0.999999999998721	d__Bacteria; p__Methylomirabilota; c__Methylomirabilia; o__Rokubacteriales; f__Incertae_Sedis; g__Incertae_Sedis	1.0	Bacteria	Bacteria	True	Methylomirabilota	Methylomirabilota	True	Methylomirabilia	Methylomirabilia	True	Rokubacteriales	Rokubacteriales	True	Incertae_Sedis	Incertae_Sedis	True	Incertae_Sedis	Incertae_Sedis	True
e149acb95b2ccf99ebccc818ef8aac1f	10	2	d__Bacteria; p__Verrucomicrobiota; c__Omnitrophia; o__Omnitrophales; f__Omnitrophaceae; g__Candidatus_Omnitrophus	0.9999999791533727	d__Bacteria; p__Verrucomicrobiota; c__Omnitrophia; o__Omnitrophales; f__Omnitrophaceae; g__Candidatus_Omnitrophus	1.0	Bacteria	Bacteria	True	Verrucomicrobiota	Verrucomicrobiota	True	Omnitrophia	Omnitrophia	True	Omnitrophales	Omnitrophales	True	Omnitrophaceae	Omnitrophaceae	True	Candidatus_Omnitrophus	Candidatus_Omnitrophus	True
e2abb44e2cebc46c751257175cf3c492	2	1	d__Bacteria; p__Patescibacteria; c__ABY1; o__Candidatus_Kerfeldbacteria; f__Incertae_Sedis; g__Incertae_Sedis	0.908588020747414	d__Bacteria; p__Patescibacteria; c__ABY1; o__Candidatus_Magasanikbacteria; f__Incertae_Sedis; g__Incertae_Sedis	1.0	Bacteria	Bacteria	True	Patescibacteria	Patescibacteria	True	ABY1	ABY1	True	Candidatus_Kerfeldbacteria	Candidatus_Magasanikbacteria	False	Incertae_Sedis	Incertae_Sedis	True	Incertae_Sedis	Incertae_Sedis	True
e489f7ab1494b0b614f706bd7bb8e8a1	3	1	d__Bacteria; p__Patescibacteria; c__Gracilibacteria; o__Candidatus_Peregrinibacteria; f__Incertae_Sedis; g__Incertae_Sedis	0.9996429679344833	d__Bacteria; p__Patescibacteria; c__Gracilibacteria; o__Candidatus_Peregrinibacteria; f__Incertae_Sedis; g__Incertae_Sedis	1.0	Bacteria	Bacteria	True	Patescibacteria	Patescibacteria	True	Gracilibacteria	Gracilibacteria	True	Candidatus_Peregrinibacteria	Candidatus_Peregrinibacteria	True	Incertae_Sedis	Incertae_Sedis	True	Incertae_Sedis	Incertae_Sedis	True
e4bf0ddf49a1b74b07a54dda414a18a3	3	1	d__Bacteria; p__Patescibacteria; c__Gracilibacteria; o__Incertae_Sedis; f__Incertae_Sedis; g__Incertae_Sedis	0.9984104466303433	d__Bacteria; p__Patescibacteria; c__Gracilibacteria; o__Incertae_Sedis; f__Incertae_Sedis; g__Incertae_Sedis	1.0	Bacteria	Bacteria	True	Patescibacteria	Patescibacteria	True	Gracilibacteria	Gracilibacteria	True	Incertae_Sedis	Incertae_Sedis	True	Incertae_Sedis	Incertae_Sedis	True	Incertae_Sedis	Incertae_Sedis	True
e5b20010c5bbeae5bec6579ac93d74b2	2	1	d__Bacteria; p__Patescibacteria; c__Berkelbacteria; o__Incertae_Sedis; f__Incertae_Sedis; g__Incertae_Sedis	0.9999976461291303	d__Bacteria; p__Patescibacteria; c__Berkelbacteria; o__Incertae_Sedis; f__Incertae_Sedis; g__Incertae_Sedis	1.0	Bacteria	Bacteria	True	Patescibacteria	Patescibacteria	True	Berkelbacteria	Berkelbacteria	True	Incertae_Sedis	Incertae_Sedis	True	Incertae_Sedis	Incertae_Sedis	True	Incertae_Sedis	Incertae_Sedis	True
e667afb6b48b0007e9af60486940be9f	3	1	d__Archaea; p__Nanoarchaeota; c__Nanoarchaeia; o__Pacearchaeales; f__Incertae_Sedis; g__SCGC_AAA011-D5	0.9999997787346575	d__Archaea; p__Nanoarchaeota; c__Nanoarchaeia; o__Pacearchaeales; f__Incertae_Sedis; g__SCGC_AAA011-D5	1.0	Archaea	Archaea	True	Nanoarchaeota	Nanoarchaeota	True	Nanoarchaeia	Nanoarchaeia	True	Pacearchaeales	Pacearchaeales	True	Incertae_Sedis	Incertae_Sedis	True	SCGC_AAA011-D5	SCGC_AAA011-D5	True
e76dea2cf35d73edade78d85ddf243b1	17	1	d__Bacteria; p__Pseudomonadota; c__Gammaproteobacteria; o__Burkholderiales; f__Gallionellaceae	0.9860139452734012	d__Bacteria; p__Pseudomonadota; c__Gammaproteobacteria; o__Burkholderiales; f__Gallionellaceae; g__Sideroxydans	1.0	Bacteria	Bacteria	True	Pseudomonadota	Pseudomonadota	True	Gammaproteobacteria	Gammaproteobacteria	True	Burkholderiales	Burkholderiales	True	Gallionellaceae	Gallionellaceae	True		Sideroxydans	False
e81376d3f9c2ef0b083f13dc5093421b	13	1	d__Archaea; p__Nanoarchaeota; c__Nanoarchaeia; o__Woesearchaeales; f__Incertae_Sedis; g__Incertae_Sedis	0.9996493773431753	d__Archaea; p__Nanoarchaeota; c__Nanoarchaeia; o__Woesearchaeales; f__Incertae_Sedis; g__Incertae_Sedis	1.0	Archaea	Archaea	True	Nanoarchaeota	Nanoarchaeota	True	Nanoarchaeia	Nanoarchaeia	True	Woesearchaeales	Woesearchaeales	True	Incertae_Sedis	Incertae_Sedis	True	Incertae_Sedis	Incertae_Sedis	True
e8386d3a307c208c4b9f0a756259cd6b	144	3	d__Bacteria; p__Pseudomonadota; c__Gammaproteobacteria; o__Pseudomonadales; f__Moraxellaceae; g__Acinetobacter	0.9999915021691491	d__Bacteria; p__Pseudomonadota; c__Gammaproteobacteria; o__Pseudomonadales; f__Moraxellaceae; g__Acinetobacter	1.0	Bacteria	Bacteria	True	Pseudomonadota	Pseudomonadota	True	Gammaproteobacteria	Gammaproteobacteria	True	Pseudomonadales	Pseudomonadales	True	Moraxellaceae	Moraxellaceae	True	Acinetobacter	Acinetobacter	True
e8ab26196eee829c47fbd72da200f02c	3	1	d__Bacteria; p__Elusimicrobiota; c__Elusimicrobia; o__Lineage_IV; f__Incertae_Sedis; g__Incertae_Sedis	0.9999999099542022	d__Bacteria; p__Elusimicrobiota; c__Elusimicrobia; o__Lineage_IV; f__Incertae_Sedis; g__Incertae_Sedis	1.0	Bacteria	Bacteria	True	Elusimicrobiota	Elusimicrobiota	True	Elusimicrobia	Elusimicrobia	True	Lineage_IV	Lineage_IV	True	Incertae_Sedis	Incertae_Sedis	True	Incertae_Sedis	Incertae_Sedis	True
e95d9802c603aade0272e2c129719179	8	1	d__Bacteria; p__Patescibacteria; c__ABY1; o__Candidatus_Falkowbacteria; f__Incertae_Sedis; g__Incertae_Sedis	0.9999999919520661	d__Bacteria; p__Patescibacteria; c__ABY1; o__Candidatus_Falkowbacteria; f__Incertae_Sedis; g__Incertae_Sedis	1.0	Bacteria	Bacteria	True	Patescibacteria	Patescibacteria	True	ABY1	ABY1	True	Candidatus_Falkowbacteria	Candidatus_Falkowbacteria	True	Incertae_Sedis	Incertae_Sedis	True	Incertae_Sedis	Incertae_Sedis	True
e96be432ef825f6d81c02a00910a2f12	4	1	d__Archaea; p__Nanoarchaeota; c__Nanoarchaeia; o__Woesearchaeales; f__Incertae_Sedis; g__Incertae_Sedis	0.9999994871450221	d__Archaea; p__Nanoarchaeota; c__Nanoarchaeia; o__Woesearchaeales; f__Incertae_Sedis; g__Incertae_Sedis	1.0	Archaea	Archaea	True	Nanoarchaeota	Nanoarchaeota	True	Nanoarchaeia	Nanoarchaeia	True	Woesearchaeales	Woesearchaeales	True	Incertae_Sedis	Incertae_Sedis	True	Incertae_Sedis	Incertae_Sedis	True
eabb1ceac9d2502dc96f059992d8887f	9	1	d__Bacteria; p__Pseudomonadota; c__Gammaproteobacteria	0.9999680025157671	d__Bacteria; p__Pseudomonadota; c__Gammaproteobacteria; o__Coxiellales; f__Coxiellaceae; g__Coxiella	1.0	Bacteria	Bacteria	True	Pseudomonadota	Pseudomonadota	True	Gammaproteobacteria	Gammaproteobacteria	True		Coxiellales	False		Coxiellaceae	False		Coxiella	False
ec03d66fcea8850ab39fe2bce3814f30	37	2	d__Bacteria; p__WOR-1; c__Incertae_Sedis; o__Incertae_Sedis; f__Incertae_Sedis; g__Incertae_Sedis	0.9999999696405841	d__Bacteria; p__WOR-1; c__Incertae_Sedis; o__Incertae_Sedis; f__Incertae_Sedis; g__Incertae_Sedis	1.0	Bacteria	Bacteria	True	WOR-1	WOR-1	True	Incertae_Sedis	Incertae_Sedis	True	Incertae_Sedis	Incertae_Sedis	True	Incertae_Sedis	Incertae_Sedis	True	Incertae_Sedis	Incertae_Sedis	True
ec05aa720f4baa5df554fe829f4ced3f	5	2	d__Bacteria; p__Verrucomicrobiota; c__Omnitrophia; o__Omnitrophales; f__Omnitrophaceae; g__Candidatus_Omnitrophus	0.9999993991712686	d__Bacteria; p__Verrucomicrobiota; c__Omnitrophia; o__Omnitrophales; f__Omnitrophaceae; g__Candidatus_Omnitrophus	1.0	Bacteria	Bacteria	True	Verrucomicrobiota	Verrucomicrobiota	True	Omnitrophia	Omnitrophia	True	Omnitrophales	Omnitrophales	True	Omnitrophaceae	Omnitrophaceae	True	Candidatus_Omnitrophus	Candidatus_Omnitrophus	True
ec10cc853a1b84f459a4bfbb02d07e23	3	1	d__Bacteria; p__Patescibacteria; c__Berkelbacteria; o__Incertae_Sedis; f__Incertae_Sedis; g__Incertae_Sedis	0.9924295515174079	Unassigned	1.0	Bacteria		False	Patescibacteria		False	Berkelbacteria		False	Incertae_Sedis		False	Incertae_Sedis		False	Incertae_Sedis		False
ec383b5ea1ac0a64505989f027e4b15e	2	1	d__Bacteria; p__Patescibacteria; c__Parcubacteria; o__Candidatus_Wolfebacteria; f__Incertae_Sedis; g__Incertae_Sedis	0.7045537206705798	d__Bacteria; p__Patescibacteria; c__Parcubacteria; o__Candidatus_Jorgensenbacteria; f__Incertae_Sedis; g__Incertae_Sedis	1.0	Bacteria	Bacteria	True	Patescibacteria	Patescibacteria	True	Parcubacteria	Parcubacteria	True	Candidatus_Wolfebacteria	Candidatus_Jorgensenbacteria	False	Incertae_Sedis	Incertae_Sedis	True	Incertae_Sedis	Incertae_Sedis	True
ecf6b5c0e4d8b0c9394b881f44dcd962	7	2	d__Bacteria; p__Verrucomicrobiota; c__Omnitrophia; o__Omnitrophales; f__Omnitrophaceae; g__Candidatus_Omnitrophus	0.9999878309201673	d__Bacteria; p__Verrucomicrobiota; c__Omnitrophia; o__Omnitrophales; f__Omnitrophaceae; g__Candidatus_Omnitrophus	1.0	Bacteria	Bacteria	True	Verrucomicrobiota	Verrucomicrobiota	True	Omnitrophia	Omnitrophia	True	Omnitrophales	Omnitrophales	True	Omnitrophaceae	Omnitrophaceae	True	Candidatus_Omnitrophus	Candidatus_Omnitrophus	True
ed3f8d8f47258f6eba170105b4105acb	6	1	d__Bacteria; p__Pseudomonadota; c__Alphaproteobacteria; o__Hyphomicrobiales; f__Rhizobiaceae; g__Hoeflea	0.9985618317028743	d__Bacteria; p__Pseudomonadota; c__Alphaproteobacteria; o__Hyphomicrobiales; f__Rhizobiaceae; g__Hoeflea	1.0	Bacteria	Bacteria	True	Pseudomonadota	Pseudomonadota	True	Alphaproteobacteria	Alphaproteobacteria	True	Hyphomicrobiales	Hyphomicrobiales	True	Rhizobiaceae	Rhizobiaceae	True	Hoeflea	Hoeflea	True
ed5e2e6b6f5969ad62b34c00a9eeb9b3	2	1	d__Bacteria; p__Patescibacteria; c__ABY1; o__Candidatus_Kerfeldbacteria; f__Incertae_Sedis; g__Incertae_Sedis	0.9980751019069958	d__Bacteria; p__Patescibacteria; c__ABY1; o__Candidatus_Magasanikbacteria; f__Incertae_Sedis; g__Incertae_Sedis	1.0	Bacteria	Bacteria	True	Patescibacteria	Patescibacteria	True	ABY1	ABY1	True	Candidatus_Kerfeldbacteria	Candidatus_Magasanikbacteria	False	Incertae_Sedis	Incertae_Sedis	True	Incertae_Sedis	Incertae_Sedis	True
ee6a011da2550805c6fd434ab053464a	22	2	d__Bacteria; p__Acidobacteriota; c__Subgroup_22; o__Incertae_Sedis; f__Incertae_Sedis; g__Incertae_Sedis	0.9999997994668123	d__Bacteria; p__Acidobacteriota; c__Subgroup_22; o__Incertae_Sedis; f__Incertae_Sedis; g__Incertae_Sedis	1.0	Bacteria	Bacteria	True	Acidobacteriota	Acidobacteriota	True	Subgroup_22	Subgroup_22	True	Incertae_Sedis	Incertae_Sedis	True	Incertae_Sedis	Incertae_Sedis	True	Incertae_Sedis	Incertae_Sedis	True
efcb7a0d4a2ff3b82317158c2ba0c523	3	1	d__Bacteria; p__Patescibacteria; c__Gracilibacteria	0.9798084514142423	d__Bacteria; p__Patescibacteria; c__Gracilibacteria; o__Candidatus_Peregrinibacteria; f__Incertae_Sedis; g__Incertae_Sedis	1.0	Bacteria	Bacteria	True	Patescibacteria	Patescibacteria	True	Gracilibacteria	Gracilibacteria	True		Candidatus_Peregrinibacteria	False		Incertae_Sedis	False		Incertae_Sedis	False
f06d4222c7975a6a3db59ee50dd33129	5	1	d__Bacteria; p__WOR-1; c__Incertae_Sedis; o__Incertae_Sedis; f__Incertae_Sedis; g__Incertae_Sedis	0.9999996384635438	d__Bacteria; p__WOR-1; c__Incertae_Sedis; o__Incertae_Sedis; f__Incertae_Sedis; g__Incertae_Sedis	1.0	Bacteria	Bacteria	True	WOR-1	WOR-1	True	Incertae_Sedis	Incertae_Sedis	True	Incertae_Sedis	Incertae_Sedis	True	Incertae_Sedis	Incertae_Sedis	True	Incertae_Sedis	Incertae_Sedis	True
f0e700e94a65a451697b223e274bb5bf	2	1	d__Archaea; p__Micrarchaeota; c__Micrarchaeia; o__Micrarchaeales; f__Incertae_Sedis; g__CG1_02_55_41	0.9999999999783569	d__Archaea; p__Micrarchaeota; c__Micrarchaeia; o__Micrarchaeales; f__Incertae_Sedis; g__CG1_02_55_41	1.0	Archaea	Archaea	True	Micrarchaeota	Micrarchaeota	True	Micrarchaeia	Micrarchaeia	True	Micrarchaeales	Micrarchaeales	True	Incertae_Sedis	Incertae_Sedis	True	CG1_02_55_41	CG1_02_55_41	True
f133a3f75e18e211fffbfb6b58564651	7	2	d__Bacteria; p__Patescibacteria; c__ABY1; o__Candidatus_Buchananbacteria; f__Incertae_Sedis; g__Incertae_Sedis	0.9999982074825063	d__Bacteria; p__Patescibacteria; c__ABY1; o__Candidatus_Buchananbacteria; f__Incertae_Sedis; g__Incertae_Sedis	1.0	Bacteria	Bacteria	True	Patescibacteria	Patescibacteria	True	ABY1	ABY1	True	Candidatus_Buchananbacteria	Candidatus_Buchananbacteria	True	Incertae_Sedis	Incertae_Sedis	True	Incertae_Sedis	Incertae_Sedis	True
f1d6186e0cc7872886280904c9c97698	2	1	d__Bacteria; p__Patescibacteria; c__WWE3; o__Incertae_Sedis; f__Incertae_Sedis; g__Incertae_Sedis	0.9999976645315188	d__Bacteria; p__Patescibacteria; c__WWE3; o__Incertae_Sedis; f__Incertae_Sedis; g__Incertae_Sedis	1.0	Bacteria	Bacteria	True	Patescibacteria	Patescibacteria	True	WWE3	WWE3	True	Incertae_Sedis	Incertae_Sedis	True	Incertae_Sedis	Incertae_Sedis	True	Incertae_Sedis	Incertae_Sedis	True
f2d28e8c1d683de289dd727a3c20e013	5	1	d__Bacteria	0.9999999999995496	d__Bacteria; p__Sva0485; c__Incertae_Sedis; o__Incertae_Sedis; f__Incertae_Sedis; g__Incertae_Sedis	1.0	Bacteria	Bacteria	True		Sva0485	False		Incertae_Sedis	False		Incertae_Sedis	False		Incertae_Sedis	False		Incertae_Sedis	False
f334d2bc181c6ee444a7ace2943af183	3	1	d__Bacteria; p__Bacteroidota; c__Bacteroidia	0.9999648529179646	d__Bacteria; p__Bacteroidota; c__Bacteroidia; o__Flavobacteriales; f__Cryomorphaceae; g__Incertae_Sedis	1.0	Bacteria	Bacteria	True	Bacteroidota	Bacteroidota	True	Bacteroidia	Bacteroidia	True		Flavobacteriales	False		Cryomorphaceae	False		Incertae_Sedis	False
f3c8b681c470c28f8b1be635bc3559a9	7	1	d__Bacteria; p__Pseudomonadota; c__Gammaproteobacteria; o__Burkholderiales; f__Oxalobacteraceae	0.9999919544670245	d__Bacteria; p__Pseudomonadota; c__Gammaproteobacteria; o__Burkholderiales; f__Oxalobacteraceae; g__Massilia	1.0	Bacteria	Bacteria	True	Pseudomonadota	Pseudomonadota	True	Gammaproteobacteria	Gammaproteobacteria	True	Burkholderiales	Burkholderiales	True	Oxalobacteraceae	Oxalobacteraceae	True		Massilia	False
f3f9a9f0b503cf4f0c256f629c1b0398	2	1	d__Archaea; p__Nanoarchaeota; c__Nanoarchaeia; o__Pacearchaeales; f__Incertae_Sedis; g__SCGC_AAA011-D5	0.9999999986163743	d__Archaea; p__Nanoarchaeota; c__Nanoarchaeia; o__Pacearchaeales; f__Incertae_Sedis; g__SCGC_AAA011-D5	1.0	Archaea	Archaea	True	Nanoarchaeota	Nanoarchaeota	True	Nanoarchaeia	Nanoarchaeia	True	Pacearchaeales	Pacearchaeales	True	Incertae_Sedis	Incertae_Sedis	True	SCGC_AAA011-D5	SCGC_AAA011-D5	True
f4d1542e29aeb1488c5d71993c3a5a39	13	1	d__Bacteria; p__Nitrospirota; c__Thermodesulfovibrionia; o__Incertae_Sedis; f__Incertae_Sedis; g__Incertae_Sedis	0.8968122786481884	d__Bacteria; p__Nitrospirota; c__Thermodesulfovibrionia; o__Incertae_Sedis; f__Incertae_Sedis; g__Incertae_Sedis	1.0	Bacteria	Bacteria	True	Nitrospirota	Nitrospirota	True	Thermodesulfovibrionia	Thermodesulfovibrionia	True	Incertae_Sedis	Incertae_Sedis	True	Incertae_Sedis	Incertae_Sedis	True	Incertae_Sedis	Incertae_Sedis	True
f689372d5f8d184d8733cc155d307d5c	5	1	d__Bacteria; p__Pseudomonadota; c__Gammaproteobacteria; o__Acidiferrobacterales; f__Acidiferrobacteraceae	0.9252116452767568	d__Bacteria; p__Pseudomonadota; c__Gammaproteobacteria; o__Acidiferrobacterales; f__Acidiferrobacteraceae; g__Sulfurifustis	1.0	Bacteria	Bacteria	True	Pseudomonadota	Pseudomonadota	True	Gammaproteobacteria	Gammaproteobacteria	True	Acidiferrobacterales	Acidiferrobacterales	True	Acidiferrobacteraceae	Acidiferrobacteraceae	True		Sulfurifustis	False
f6e793e6adcde02c93be776f4aebbe51	4	2	d__Bacteria; p__; c__; o__; f__; g__	0.8724827307748417	d__Bacteria; p__Myxococcota; c__bacteriap25; o__Incertae_Sedis; f__Incertae_Sedis; g__Incertae_Sedis	1.0	Bacteria	Bacteria	True		Myxococcota	False		bacteriap25	False		Incertae_Sedis	False		Incertae_Sedis	False		Incertae_Sedis	False
f6fdbf1efde53ff08e55c234a7d65573	6	2	d__Bacteria; p__Patescibacteria; c__Microgenomatia; o__Candidatus_Chisholmbacteria; f__Incertae_Sedis; g__Incertae_Sedis	0.9999991818192705	d__Bacteria; p__Patescibacteria; c__Microgenomatia; o__Candidatus_Chisholmbacteria; f__Incertae_Sedis; g__Incertae_Sedis	1.0	Bacteria	Bacteria	True	Patescibacteria	Patescibacteria	True	Microgenomatia	Microgenomatia	True	Candidatus_Chisholmbacteria	Candidatus_Chisholmbacteria	True	Incertae_Sedis	Incertae_Sedis	True	Incertae_Sedis	Incertae_Sedis	True
f7f89283e208e3a486e0cc7dcc427ea5	10	2	d__Bacteria; p__Pseudomonadota; c__Gammaproteobacteria; o__Rickettsiellales; f__Rickettsiellaceae; g__Aquicella	0.9999999999686509	d__Bacteria; p__Pseudomonadota; c__Gammaproteobacteria; o__Rickettsiellales; f__Rickettsiellaceae; g__Aquicella	1.0	Bacteria	Bacteria	True	Pseudomonadota	Pseudomonadota	True	Gammaproteobacteria	Gammaproteobacteria	True	Rickettsiellales	Rickettsiellales	True	Rickettsiellaceae	Rickettsiellaceae	True	Aquicella	Aquicella	True
f84a5455a4f6fb3979f21796cdff4da4	5	1	d__Bacteria; p__Pseudomonadota; c__Alphaproteobacteria; o__Caulobacterales; f__Caulobacteraceae; g__Brevundimonas	0.987641835849898	d__Bacteria; p__Pseudomonadota; c__Alphaproteobacteria; o__Caulobacterales; f__Caulobacteraceae; g__Brevundimonas	1.0	Bacteria	Bacteria	True	Pseudomonadota	Pseudomonadota	True	Alphaproteobacteria	Alphaproteobacteria	True	Caulobacterales	Caulobacterales	True	Caulobacteraceae	Caulobacteraceae	True	Brevundimonas	Brevundimonas	True
f86222ce0aa7c48d5994451baf572b60	44	2	d__Bacteria; p__Pseudomonadota; c__Gammaproteobacteria; o__Burkholderiales; f__Comamonadaceae	0.9999974189055327	d__Bacteria; p__Pseudomonadota; c__Gammaproteobacteria; o__Burkholderiales; f__Comamonadaceae; g__	1.0	Bacteria	Bacteria	True	Pseudomonadota	Pseudomonadota	True	Gammaproteobacteria	Gammaproteobacteria	True	Burkholderiales	Burkholderiales	True	Comamonadaceae	Comamonadaceae	True			False
f902b43a22213959daa997684d1faf7f	2	1	d__Archaea; p__Nanoarchaeota; c__Nanoarchaeia; o__Woesearchaeales; f__Incertae_Sedis; g__Incertae_Sedis	0.999998249363782	d__Archaea; p__Nanoarchaeota; c__Nanoarchaeia; o__Woesearchaeales; f__Incertae_Sedis; g__Incertae_Sedis	1.0	Archaea	Archaea	True	Nanoarchaeota	Nanoarchaeota	True	Nanoarchaeia	Nanoarchaeia	True	Woesearchaeales	Woesearchaeales	True	Incertae_Sedis	Incertae_Sedis	True	Incertae_Sedis	Incertae_Sedis	True
fada87a6d1c078a694e924638b126ec9	3	1	d__Archaea; p__Nanoarchaeota; c__Nanoarchaeia; o__Woesearchaeales; f__Incertae_Sedis; g__Incertae_Sedis	0.9939582120698461	d__Archaea; p__Nanoarchaeota; c__Nanoarchaeia; o__Woesearchaeales; f__Incertae_Sedis; g__Incertae_Sedis	1.0	Archaea	Archaea	True	Nanoarchaeota	Nanoarchaeota	True	Nanoarchaeia	Nanoarchaeia	True	Woesearchaeales	Woesearchaeales	True	Incertae_Sedis	Incertae_Sedis	True	Incertae_Sedis	Incertae_Sedis	True
fae2f341d40af8ee61de95e710ad63e9	3	1	d__Bacteria; p__Patescibacteria; c__Gracilibacteria; o__Candidatus_Peregrinibacteria; f__Incertae_Sedis; g__Incertae_Sedis	0.9891666400815522	d__Bacteria; p__Patescibacteria; c__Gracilibacteria; o__Candidatus_Peregrinibacteria; f__Incertae_Sedis; g__Incertae_Sedis	1.0	Bacteria	Bacteria	True	Patescibacteria	Patescibacteria	True	Gracilibacteria	Gracilibacteria	True	Candidatus_Peregrinibacteria	Candidatus_Peregrinibacteria	True	Incertae_Sedis	Incertae_Sedis	True	Incertae_Sedis	Incertae_Sedis	True
fb0b88be5b18227ded51803b6c755eab	2	1	d__Bacteria; p__WOR-1; c__Incertae_Sedis; o__Incertae_Sedis; f__Incertae_Sedis; g__Incertae_Sedis	0.9999997617144629	d__Bacteria; p__WOR-1; c__Incertae_Sedis; o__Incertae_Sedis; f__Incertae_Sedis; g__Incertae_Sedis	1.0	Bacteria	Bacteria	True	WOR-1	WOR-1	True	Incertae_Sedis	Incertae_Sedis	True	Incertae_Sedis	Incertae_Sedis	True	Incertae_Sedis	Incertae_Sedis	True	Incertae_Sedis	Incertae_Sedis	True
fb6835364f1d79a14457f24bc50738d0	34	2	d__Bacteria; p__Nitrospirota; c__4-29-1; o__Incertae_Sedis; f__Incertae_Sedis; g__Incertae_Sedis	0.9524484943895589	d__Bacteria; p__Nitrospirota; c__4-29-1; o__Incertae_Sedis; f__Incertae_Sedis; g__Incertae_Sedis	1.0	Bacteria	Bacteria	True	Nitrospirota	Nitrospirota	True	4-29-1	4-29-1	True	Incertae_Sedis	Incertae_Sedis	True	Incertae_Sedis	Incertae_Sedis	True	Incertae_Sedis	Incertae_Sedis	True
fbd7bc6b442654c4168fd874eb49dc9b	10	2	d__Archaea; p__Nanoarchaeota; c__Nanoarchaeia; o__Woesearchaeales; f__Incertae_Sedis; g__Incertae_Sedis	0.9981734474456125	d__Archaea; p__Nanoarchaeota; c__Nanoarchaeia; o__Woesearchaeales; f__Incertae_Sedis; g__Incertae_Sedis	1.0	Archaea	Archaea	True	Nanoarchaeota	Nanoarchaeota	True	Nanoarchaeia	Nanoarchaeia	True	Woesearchaeales	Woesearchaeales	True	Incertae_Sedis	Incertae_Sedis	True	Incertae_Sedis	Incertae_Sedis	True
fbdf2eaac4b7661c323e259ef3fe4d74	2	1	d__Bacteria; p__Patescibacteria; c__Parcubacteria; o__Candidatus_Ryanbacteria; f__Incertae_Sedis; g__Incertae_Sedis	0.9982906117934491	d__Bacteria; p__Patescibacteria; c__Parcubacteria; o__Candidatus_Ryanbacteria; f__Incertae_Sedis; g__Incertae_Sedis	1.0	Bacteria	Bacteria	True	Patescibacteria	Patescibacteria	True	Parcubacteria	Parcubacteria	True	Candidatus_Ryanbacteria	Candidatus_Ryanbacteria	True	Incertae_Sedis	Incertae_Sedis	True	Incertae_Sedis	Incertae_Sedis	True
fc3f584449d707e80bd4aa0efcd65508	21	2	d__Bacteria; p__Pseudomonadota; c__Gammaproteobacteria; o__Beggiatoales; f__Beggiatoaceae; g__Incertae_Sedis	0.9050030013970745	d__Bacteria; p__Pseudomonadota; c__Gammaproteobacteria; o__Beggiatoales; f__Beggiatoaceae; g__Incertae_Sedis	1.0	Bacteria	Bacteria	True	Pseudomonadota	Pseudomonadota	True	Gammaproteobacteria	Gammaproteobacteria	True	Beggiatoales	Beggiatoales	True	Beggiatoaceae	Beggiatoaceae	True	Incertae_Sedis	Incertae_Sedis	True
fc6622c636a5210293fb2873fc4761d9	6	1	d__Bacteria; p__Pseudomonadota; c__Alphaproteobacteria; o__Hyphomicrobiales; f__Rhizobiaceae; g__Agrobacterium	0.7215392411725077	d__Bacteria; p__Pseudomonadota; c__Alphaproteobacteria; o__Hyphomicrobiales; f__Rhizobiaceae; g__Agrobacterium	0.75	Bacteria	Bacteria	True	Pseudomonadota	Pseudomonadota	True	Alphaproteobacteria	Alphaproteobacteria	True	Hyphomicrobiales	Hyphomicrobiales	True	Rhizobiaceae	Rhizobiaceae	True	Agrobacterium	Agrobacterium	True
fdefb06175a6456a85d0355132685321	2	1	d__Bacteria; p__Patescibacteria; c__Gracilibacteria; o__Candidatus_Peregrinibacteria; f__Incertae_Sedis; g__Incertae_Sedis	0.9997299946498996	d__Bacteria; p__Patescibacteria; c__Gracilibacteria; o__Candidatus_Peregrinibacteria; f__Incertae_Sedis; g__Incertae_Sedis	1.0	Bacteria	Bacteria	True	Patescibacteria	Patescibacteria	True	Gracilibacteria	Gracilibacteria	True	Candidatus_Peregrinibacteria	Candidatus_Peregrinibacteria	True	Incertae_Sedis	Incertae_Sedis	True	Incertae_Sedis	Incertae_Sedis	True
fe8bcefd589c12bb924797113add842f	3	1	d__Archaea; p__Nanoarchaeota; c__Nanoarchaeia; o__Pacearchaeales; f__Incertae_Sedis; g__GW2011_GWC1_47_15	0.9997679913588613	d__Archaea; p__; c__; o__; f__; g__	1.0	Archaea	Archaea	True	Nanoarchaeota		False	Nanoarchaeia		False	Pacearchaeales		False	Incertae_Sedis		False	GW2011_GWC1_47_15		False
ff827d076a2fd26ab8791ad31da62735	5	1	d__Archaea; p__Nanoarchaeota; c__Nanoarchaeia; o__Pacearchaeales; f__Incertae_Sedis; g__GW2011_GWC1_47_15	0.9999811377834386	d__Archaea; p__; c__; o__; f__; g__	1.0	Archaea	Archaea	True	Nanoarchaeota		False	Nanoarchaeia		False	Pacearchaeales		False	Incertae_Sedis		False	GW2011_GWC1_47_15		False
