FeatureID	Kingdom	Phylum	Class	Order	Family	Genus	Species	OriginalFeatureLabel
xiang_denovo1107	Bacteria	Firmicutes	Clostridia	Clostridiales	Ruminococcaceae	Faecalibacterium		k__Bacteria;p__Firmicutes;c__Clostridia;o__Clostridiales;f__Ruminococcaceae;g__Faecalibacterium;s__;d__denovo1107
xiang_denovo1106	Bacteria	Firmicutes	Clostridia	Clostridiales	Lachnospiraceae			k__Bacteria;p__Firmicutes;c__Clostridia;o__Clostridiales;f__Lachnospiraceae;g__;s__;d__denovo1106
xiang_denovo56	Bacteria	Bacteroidetes	Bacteroidia	Bacteroidales	Bacteroidaceae	Bacteroides		k__Bacteria;p__Bacteroidetes;c__Bacteroidia;o__Bacteroidales;f__Bacteroidaceae;g__Bacteroides;s__;d__denovo56
xiang_denovo57	Bacteria	Firmicutes	Clostridia	Clostridiales	Lachnospiraceae			k__Bacteria;p__Firmicutes;c__Clostridia;o__Clostridiales;f__Lachnospiraceae;g__;s__;d__denovo57
xiang_denovo886	Bacteria	Firmicutes	Clostridia	Clostridiales	Ruminococcaceae	Faecalibacterium		k__Bacteria;p__Firmicutes;c__Clostridia;o__Clostridiales;f__Ruminococcaceae;g__Faecalibacterium;s__;d__denovo886
xiang_denovo887	Bacteria	Firmicutes	Negativicutes	Selenomonadales	Veillonellaceae	Dialister		k__Bacteria;p__Firmicutes;c__Negativicutes;o__Selenomonadales;f__Veillonellaceae;g__Dialister;s__;d__denovo887
xiang_denovo884	Bacteria	Firmicutes	Clostridia	Clostridiales	Lachnospiraceae	Pseudobutyrivibrio		k__Bacteria;p__Firmicutes;c__Clostridia;o__Clostridiales;f__Lachnospiraceae;g__Pseudobutyrivibrio;s__;d__denovo884
xiang_denovo885	Bacteria	Firmicutes	Clostridia	Clostridiales	Ruminococcaceae	Butyricicoccus		k__Bacteria;p__Firmicutes;c__Clostridia;o__Clostridiales;f__Ruminococcaceae;g__Butyricicoccus;s__;d__denovo885
xiang_denovo882	Bacteria	Firmicutes	Clostridia	Clostridiales	Lachnospiraceae	Pseudobutyrivibrio		k__Bacteria;p__Firmicutes;c__Clostridia;o__Clostridiales;f__Lachnospiraceae;g__Pseudobutyrivibrio;s__;d__denovo882
xiang_denovo883	Bacteria	Firmicutes	Clostridia	Clostridiales	Ruminococcaceae			k__Bacteria;p__Firmicutes;c__Clostridia;o__Clostridiales;f__Ruminococcaceae;g__;s__;d__denovo883
xiang_denovo880	Bacteria	Firmicutes	Clostridia	Clostridiales				k__Bacteria;p__Firmicutes;c__Clostridia;o__Clostridiales;f__;g__;s__;d__denovo880
xiang_denovo881	Bacteria							k__Bacteria;p__;c__;o__;f__;g__;s__;d__denovo881
xiang_denovo888	Bacteria							k__Bacteria;p__;c__;o__;f__;g__;s__;d__denovo888
xiang_denovo889	Bacteria	Firmicutes	Clostridia	Clostridiales	Ruminococcaceae			k__Bacteria;p__Firmicutes;c__Clostridia;o__Clostridiales;f__Ruminococcaceae;g__;s__;d__denovo889
xiang_denovo452	Bacteria	Firmicutes	Clostridia	Clostridiales	Lachnospiraceae	Clostridium_XlVb		k__Bacteria;p__Firmicutes;c__Clostridia;o__Clostridiales;f__Lachnospiraceae;g__Clostridium_XlVb;s__;d__denovo452
xiang_denovo1170	Bacteria	Firmicutes	Bacilli	Lactobacillales	Streptococcaceae	Streptococcus		k__Bacteria;p__Firmicutes;c__Bacilli;o__Lactobacillales;f__Streptococcaceae;g__Streptococcus;s__;d__denovo1170
xiang_denovo1171	Bacteria	Firmicutes	Clostridia	Clostridiales	Lachnospiraceae	Lachnospira		k__Bacteria;p__Firmicutes;c__Clostridia;o__Clostridiales;f__Lachnospiraceae;g__Lachnospira;s__;d__denovo1171
xiang_denovo1172	Bacteria	Firmicutes	Clostridia	Clostridiales	Ruminococcaceae	Faecalibacterium		k__Bacteria;p__Firmicutes;c__Clostridia;o__Clostridiales;f__Ruminococcaceae;g__Faecalibacterium;s__;d__denovo1172
xiang_denovo1173	Bacteria	Proteobacteria	Gammaproteobacteria	Aeromonadales	Aeromonadaceae	Aeromonas		k__Bacteria;p__Proteobacteria;c__Gammaproteobacteria;o__Aeromonadales;f__Aeromonadaceae;g__Aeromonas;s__;d__denovo1173
xiang_denovo1174	Bacteria	Firmicutes	Clostridia	Clostridiales	Lachnospiraceae	Lachnospiracea_incertae_sedis		k__Bacteria;p__Firmicutes;c__Clostridia;o__Clostridiales;f__Lachnospiraceae;g__Lachnospiracea_incertae_sedis;s__;d__denovo1174
xiang_denovo1175	Bacteria	Proteobacteria	Gammaproteobacteria	Enterobacteriales	Enterobacteriaceae	Escherichia/Shigella		k__Bacteria;p__Proteobacteria;c__Gammaproteobacteria;o__Enterobacteriales;f__Enterobacteriaceae;g__Escherichia/Shigella;s__;d__denovo1175
xiang_denovo1176	Bacteria	Proteobacteria	Gammaproteobacteria	Pseudomonadales	Moraxellaceae	Acinetobacter		k__Bacteria;p__Proteobacteria;c__Gammaproteobacteria;o__Pseudomonadales;f__Moraxellaceae;g__Acinetobacter;s__;d__denovo1176
xiang_denovo1177	Bacteria	Firmicutes	Clostridia	Clostridiales	Ruminococcaceae	Flavonifractor		k__Bacteria;p__Firmicutes;c__Clostridia;o__Clostridiales;f__Ruminococcaceae;g__Flavonifractor;s__;d__denovo1177
xiang_denovo1178	Bacteria	Firmicutes	Clostridia	Clostridiales	Lachnospiraceae	Blautia		k__Bacteria;p__Firmicutes;c__Clostridia;o__Clostridiales;f__Lachnospiraceae;g__Blautia;s__;d__denovo1178
xiang_denovo1179	Bacteria	Firmicutes	Clostridia	Clostridiales	Ruminococcaceae	Oscillibacter		k__Bacteria;p__Firmicutes;c__Clostridia;o__Clostridiales;f__Ruminococcaceae;g__Oscillibacter;s__;d__denovo1179
xiang_denovo1516	Bacteria	Firmicutes	Clostridia	Clostridiales	Lachnospiraceae	Roseburia		k__Bacteria;p__Firmicutes;c__Clostridia;o__Clostridiales;f__Lachnospiraceae;g__Roseburia;s__;d__denovo1516
xiang_denovo1517	Bacteria	Firmicutes	Clostridia	Clostridiales	Lachnospiraceae	Lachnospiracea_incertae_sedis		k__Bacteria;p__Firmicutes;c__Clostridia;o__Clostridiales;f__Lachnospiraceae;g__Lachnospiracea_incertae_sedis;s__;d__denovo1517
xiang_denovo1514	Bacteria	Firmicutes	Clostridia	Clostridiales	Ruminococcaceae	Ruminococcus		k__Bacteria;p__Firmicutes;c__Clostridia;o__Clostridiales;f__Ruminococcaceae;g__Ruminococcus;s__;d__denovo1514
xiang_denovo1515	Bacteria	Firmicutes	Clostridia	Clostridiales	Lachnospiraceae	Clostridium_XlVa		k__Bacteria;p__Firmicutes;c__Clostridia;o__Clostridiales;f__Lachnospiraceae;g__Clostridium_XlVa;s__;d__denovo1515
xiang_denovo1512	Bacteria	Firmicutes	Clostridia	Clostridiales	Lachnospiraceae	Pseudobutyrivibrio		k__Bacteria;p__Firmicutes;c__Clostridia;o__Clostridiales;f__Lachnospiraceae;g__Pseudobutyrivibrio;s__;d__denovo1512
xiang_denovo1513	Bacteria	Firmicutes	Clostridia	Clostridiales	Clostridiales_Incertae_Sedis_XI	Parvimonas		k__Bacteria;p__Firmicutes;c__Clostridia;o__Clostridiales;f__Clostridiales_Incertae_Sedis_XI;g__Parvimonas;s__;d__denovo1513
xiang_denovo1510	Bacteria	Firmicutes	Erysipelotrichia	Erysipelotrichales	Erysipelotrichaceae	Clostridium_XVIII		k__Bacteria;p__Firmicutes;c__Erysipelotrichia;o__Erysipelotrichales;f__Erysipelotrichaceae;g__Clostridium_XVIII;s__;d__denovo1510
xiang_denovo1511	Bacteria	Bacteroidetes	Bacteroidia	Bacteroidales	Bacteroidaceae	Bacteroides		k__Bacteria;p__Bacteroidetes;c__Bacteroidia;o__Bacteroidales;f__Bacteroidaceae;g__Bacteroides;s__;d__denovo1511
xiang_denovo1518	Bacteria	Firmicutes	Clostridia	Clostridiales	Lachnospiraceae			k__Bacteria;p__Firmicutes;c__Clostridia;o__Clostridiales;f__Lachnospiraceae;g__;s__;d__denovo1518
xiang_denovo1519	Bacteria	Firmicutes	Clostridia	Clostridiales	Ruminococcaceae	Gemmiger		k__Bacteria;p__Firmicutes;c__Clostridia;o__Clostridiales;f__Ruminococcaceae;g__Gemmiger;s__;d__denovo1519
xiang_denovo1358	Bacteria	Firmicutes	Clostridia	Clostridiales	Lachnospiraceae	Roseburia		k__Bacteria;p__Firmicutes;c__Clostridia;o__Clostridiales;f__Lachnospiraceae;g__Roseburia;s__;d__denovo1358
xiang_denovo1359	Bacteria	Firmicutes	Clostridia	Clostridiales	Lachnospiraceae			k__Bacteria;p__Firmicutes;c__Clostridia;o__Clostridiales;f__Lachnospiraceae;g__;s__;d__denovo1359
xiang_denovo1428	Bacteria	Firmicutes	Clostridia	Clostridiales	Lachnospiraceae			k__Bacteria;p__Firmicutes;c__Clostridia;o__Clostridiales;f__Lachnospiraceae;g__;s__;d__denovo1428
xiang_denovo1429	Bacteria	Firmicutes	Clostridia	Clostridiales	Lachnospiraceae			k__Bacteria;p__Firmicutes;c__Clostridia;o__Clostridiales;f__Lachnospiraceae;g__;s__;d__denovo1429
xiang_denovo1350	Bacteria	Firmicutes	Clostridia	Clostridiales	Lachnospiraceae	Blautia		k__Bacteria;p__Firmicutes;c__Clostridia;o__Clostridiales;f__Lachnospiraceae;g__Blautia;s__;d__denovo1350
xiang_denovo1351	Bacteria	Bacteroidetes	Bacteroidia	Bacteroidales	Bacteroidaceae	Bacteroides		k__Bacteria;p__Bacteroidetes;c__Bacteroidia;o__Bacteroidales;f__Bacteroidaceae;g__Bacteroides;s__;d__denovo1351
xiang_denovo1352	Bacteria	Firmicutes	Clostridia	Clostridiales	Lachnospiraceae	Lachnospiracea_incertae_sedis		k__Bacteria;p__Firmicutes;c__Clostridia;o__Clostridiales;f__Lachnospiraceae;g__Lachnospiracea_incertae_sedis;s__;d__denovo1352
xiang_denovo1353	Bacteria	Firmicutes	Clostridia	Clostridiales	Lachnospiraceae	Blautia		k__Bacteria;p__Firmicutes;c__Clostridia;o__Clostridiales;f__Lachnospiraceae;g__Blautia;s__;d__denovo1353
xiang_denovo1426	Bacteria	Bacteroidetes	Bacteroidia	Bacteroidales	Prevotellaceae	Paraprevotella		k__Bacteria;p__Bacteroidetes;c__Bacteroidia;o__Bacteroidales;f__Prevotellaceae;g__Paraprevotella;s__;d__denovo1426
xiang_denovo1355	Bacteria	Firmicutes	Clostridia	Clostridiales	Lachnospiraceae			k__Bacteria;p__Firmicutes;c__Clostridia;o__Clostridiales;f__Lachnospiraceae;g__;s__;d__denovo1355
xiang_denovo1356	Bacteria	Firmicutes	Clostridia	Clostridiales	Lachnospiraceae	Catonella		k__Bacteria;p__Firmicutes;c__Clostridia;o__Clostridiales;f__Lachnospiraceae;g__Catonella;s__;d__denovo1356
xiang_denovo1425	Bacteria	Bacteroidetes	Bacteroidia	Bacteroidales	Bacteroidaceae	Bacteroides		k__Bacteria;p__Bacteroidetes;c__Bacteroidia;o__Bacteroidales;f__Bacteroidaceae;g__Bacteroides;s__;d__denovo1425
xiang_denovo323	Bacteria	Firmicutes	Clostridia	Clostridiales	Lachnospiraceae			k__Bacteria;p__Firmicutes;c__Clostridia;o__Clostridiales;f__Lachnospiraceae;g__;s__;d__denovo323
xiang_denovo322	Bacteria	Firmicutes	Bacilli	Lactobacillales	Lactobacillaceae	Lactobacillus		k__Bacteria;p__Firmicutes;c__Bacilli;o__Lactobacillales;f__Lactobacillaceae;g__Lactobacillus;s__;d__denovo322
xiang_denovo321	Bacteria	Firmicutes	Clostridia	Clostridiales	Lachnospiraceae	Blautia		k__Bacteria;p__Firmicutes;c__Clostridia;o__Clostridiales;f__Lachnospiraceae;g__Blautia;s__;d__denovo321
xiang_denovo1199	Bacteria	Firmicutes	Bacilli	Bacillales	Bacillales_Incertae_Sedis_XI	Gemella		k__Bacteria;p__Firmicutes;c__Bacilli;o__Bacillales;f__Bacillales_Incertae_Sedis_XI;g__Gemella;s__;d__denovo1199
xiang_denovo327	Bacteria	Bacteroidetes	Bacteroidia	Bacteroidales	Bacteroidaceae	Bacteroides		k__Bacteria;p__Bacteroidetes;c__Bacteroidia;o__Bacteroidales;f__Bacteroidaceae;g__Bacteroides;s__;d__denovo327
xiang_denovo326	Bacteria	Firmicutes	Clostridia	Clostridiales	Ruminococcaceae	Faecalibacterium		k__Bacteria;p__Firmicutes;c__Clostridia;o__Clostridiales;f__Ruminococcaceae;g__Faecalibacterium;s__;d__denovo326
xiang_denovo325	Bacteria	Fusobacteria	Fusobacteriia	Fusobacteriales	Fusobacteriaceae	Fusobacterium		k__Bacteria;p__Fusobacteria;c__Fusobacteriia;o__Fusobacteriales;f__Fusobacteriaceae;g__Fusobacterium;s__;d__denovo325
xiang_denovo324	Bacteria	Firmicutes	Bacilli	Lactobacillales	Streptococcaceae	Streptococcus		k__Bacteria;p__Firmicutes;c__Bacilli;o__Lactobacillales;f__Streptococcaceae;g__Streptococcus;s__;d__denovo324
xiang_denovo1192	Bacteria	Bacteroidetes	Bacteroidia	Bacteroidales	Porphyromonadaceae	Parabacteroides		k__Bacteria;p__Bacteroidetes;c__Bacteroidia;o__Bacteroidales;f__Porphyromonadaceae;g__Parabacteroides;s__;d__denovo1192
xiang_denovo1193	Bacteria	Firmicutes	Clostridia	Clostridiales	Lachnospiraceae	Lachnospiracea_incertae_sedis		k__Bacteria;p__Firmicutes;c__Clostridia;o__Clostridiales;f__Lachnospiraceae;g__Lachnospiracea_incertae_sedis;s__;d__denovo1193
xiang_denovo1190	Bacteria	Firmicutes	Clostridia	Clostridiales	Ruminococcaceae			k__Bacteria;p__Firmicutes;c__Clostridia;o__Clostridiales;f__Ruminococcaceae;g__;s__;d__denovo1190
xiang_denovo1191	Bacteria	Firmicutes	Clostridia	Clostridiales	Ruminococcaceae			k__Bacteria;p__Firmicutes;c__Clostridia;o__Clostridiales;f__Ruminococcaceae;g__;s__;d__denovo1191
xiang_denovo1196	Bacteria	Firmicutes	Clostridia	Clostridiales	Peptostreptococcaceae	Peptostreptococcaceae_incertae_sedis		k__Bacteria;p__Firmicutes;c__Clostridia;o__Clostridiales;f__Peptostreptococcaceae;g__Peptostreptococcaceae_incertae_sedis;s__;d__denovo1196
xiang_denovo1197	Bacteria	Firmicutes	Clostridia	Clostridiales	Lachnospiraceae			k__Bacteria;p__Firmicutes;c__Clostridia;o__Clostridiales;f__Lachnospiraceae;g__;s__;d__denovo1197
xiang_denovo1194	Bacteria	Firmicutes	Clostridia	Clostridiales	Lachnospiraceae			k__Bacteria;p__Firmicutes;c__Clostridia;o__Clostridiales;f__Lachnospiraceae;g__;s__;d__denovo1194
xiang_denovo1195	Bacteria	Bacteroidetes	Bacteroidia	Bacteroidales	Porphyromonadaceae			k__Bacteria;p__Bacteroidetes;c__Bacteroidia;o__Bacteroidales;f__Porphyromonadaceae;g__;s__;d__denovo1195
xiang_denovo187	Bacteria							k__Bacteria;p__;c__;o__;f__;g__;s__;d__denovo187
xiang_denovo186	Bacteria	Firmicutes	Clostridia	Clostridiales	Lachnospiraceae	Blautia		k__Bacteria;p__Firmicutes;c__Clostridia;o__Clostridiales;f__Lachnospiraceae;g__Blautia;s__;d__denovo186
xiang_denovo185	Bacteria	Bacteroidetes	Bacteroidia	Bacteroidales	Prevotellaceae	Alloprevotella		k__Bacteria;p__Bacteroidetes;c__Bacteroidia;o__Bacteroidales;f__Prevotellaceae;g__Alloprevotella;s__;d__denovo185
xiang_denovo184	Bacteria	Firmicutes	Clostridia	Clostridiales	Lachnospiraceae			k__Bacteria;p__Firmicutes;c__Clostridia;o__Clostridiales;f__Lachnospiraceae;g__;s__;d__denovo184
xiang_denovo1228	Bacteria	Firmicutes	Clostridia	Clostridiales	Peptostreptococcaceae	Peptostreptococcus		k__Bacteria;p__Firmicutes;c__Clostridia;o__Clostridiales;f__Peptostreptococcaceae;g__Peptostreptococcus;s__;d__denovo1228
xiang_denovo182	Bacteria	Proteobacteria	Gammaproteobacteria	Xanthomonadales	Xanthomonadaceae			k__Bacteria;p__Proteobacteria;c__Gammaproteobacteria;o__Xanthomonadales;f__Xanthomonadaceae;g__;s__;d__denovo182
xiang_denovo181	Bacteria	Bacteroidetes	Bacteroidia	Bacteroidales	Prevotellaceae	Prevotella		k__Bacteria;p__Bacteroidetes;c__Bacteroidia;o__Bacteroidales;f__Prevotellaceae;g__Prevotella;s__;d__denovo181
xiang_denovo180	Bacteria	Firmicutes	Bacilli	Lactobacillales	Lactobacillaceae	Lactobacillus		k__Bacteria;p__Firmicutes;c__Bacilli;o__Lactobacillales;f__Lactobacillaceae;g__Lactobacillus;s__;d__denovo180
xiang_denovo1224	Bacteria	Bacteroidetes	Bacteroidia	Bacteroidales	Bacteroidaceae	Bacteroides		k__Bacteria;p__Bacteroidetes;c__Bacteroidia;o__Bacteroidales;f__Bacteroidaceae;g__Bacteroides;s__;d__denovo1224
xiang_denovo1225	Bacteria	Bacteroidetes	Bacteroidia	Bacteroidales	Prevotellaceae	Prevotella		k__Bacteria;p__Bacteroidetes;c__Bacteroidia;o__Bacteroidales;f__Prevotellaceae;g__Prevotella;s__;d__denovo1225
xiang_denovo1226	Bacteria	Firmicutes	Clostridia	Clostridiales	Lachnospiraceae	Blautia		k__Bacteria;p__Firmicutes;c__Clostridia;o__Clostridiales;f__Lachnospiraceae;g__Blautia;s__;d__denovo1226
xiang_denovo1227	Bacteria	Bacteroidetes	Bacteroidia	Bacteroidales	Bacteroidaceae	Bacteroides		k__Bacteria;p__Bacteroidetes;c__Bacteroidia;o__Bacteroidales;f__Bacteroidaceae;g__Bacteroides;s__;d__denovo1227
xiang_denovo1220	Bacteria	Proteobacteria	Gammaproteobacteria	Enterobacteriales	Enterobacteriaceae	Escherichia/Shigella		k__Bacteria;p__Proteobacteria;c__Gammaproteobacteria;o__Enterobacteriales;f__Enterobacteriaceae;g__Escherichia/Shigella;s__;d__denovo1220
xiang_denovo1221	Bacteria	Bacteroidetes	Bacteroidia	Bacteroidales	Bacteroidaceae	Bacteroides		k__Bacteria;p__Bacteroidetes;c__Bacteroidia;o__Bacteroidales;f__Bacteroidaceae;g__Bacteroides;s__;d__denovo1221
xiang_denovo1222	Bacteria	Firmicutes	Clostridia	Clostridiales	Lachnospiraceae	Clostridium_XlVa		k__Bacteria;p__Firmicutes;c__Clostridia;o__Clostridiales;f__Lachnospiraceae;g__Clostridium_XlVa;s__;d__denovo1222
xiang_denovo1223	Bacteria	Firmicutes	Clostridia	Clostridiales	Ruminococcaceae	Faecalibacterium		k__Bacteria;p__Firmicutes;c__Clostridia;o__Clostridiales;f__Ruminococcaceae;g__Faecalibacterium;s__;d__denovo1223
xiang_denovo437	Bacteria	Firmicutes	Clostridia	Clostridiales	Ruminococcaceae	Gemmiger		k__Bacteria;p__Firmicutes;c__Clostridia;o__Clostridiales;f__Ruminococcaceae;g__Gemmiger;s__;d__denovo437
xiang_denovo436	Bacteria	Proteobacteria	Gammaproteobacteria	Enterobacteriales	Enterobacteriaceae	Salmonella		k__Bacteria;p__Proteobacteria;c__Gammaproteobacteria;o__Enterobacteriales;f__Enterobacteriaceae;g__Salmonella;s__;d__denovo436
xiang_denovo435	Bacteria	Proteobacteria	Gammaproteobacteria	Enterobacteriales	Enterobacteriaceae			k__Bacteria;p__Proteobacteria;c__Gammaproteobacteria;o__Enterobacteriales;f__Enterobacteriaceae;g__;s__;d__denovo435
xiang_denovo434	Bacteria	Firmicutes	Clostridia	Clostridiales	Lachnospiraceae			k__Bacteria;p__Firmicutes;c__Clostridia;o__Clostridiales;f__Lachnospiraceae;g__;s__;d__denovo434
xiang_denovo433	Bacteria	Firmicutes	Clostridia	Clostridiales	Ruminococcaceae			k__Bacteria;p__Firmicutes;c__Clostridia;o__Clostridiales;f__Ruminococcaceae;g__;s__;d__denovo433
xiang_denovo432	Bacteria	Firmicutes	Bacilli	Lactobacillales	Carnobacteriaceae	Granulicatella		k__Bacteria;p__Firmicutes;c__Bacilli;o__Lactobacillales;f__Carnobacteriaceae;g__Granulicatella;s__;d__denovo432
xiang_denovo431	Bacteria	Firmicutes						k__Bacteria;p__Firmicutes;c__;o__;f__;g__;s__;d__denovo431
xiang_denovo430	Bacteria	Bacteroidetes	Bacteroidia	Bacteroidales	Prevotellaceae	Paraprevotella		k__Bacteria;p__Bacteroidetes;c__Bacteroidia;o__Bacteroidales;f__Prevotellaceae;g__Paraprevotella;s__;d__denovo430
xiang_denovo439	Bacteria	Firmicutes	Clostridia	Clostridiales	Lachnospiraceae			k__Bacteria;p__Firmicutes;c__Clostridia;o__Clostridiales;f__Lachnospiraceae;g__;s__;d__denovo439
xiang_denovo438	Bacteria	Firmicutes	Erysipelotrichia	Erysipelotrichales	Erysipelotrichaceae	Clostridium_XVIII		k__Bacteria;p__Firmicutes;c__Erysipelotrichia;o__Erysipelotrichales;f__Erysipelotrichaceae;g__Clostridium_XVIII;s__;d__denovo438
xiang_denovo619	Bacteria	Firmicutes	Clostridia	Clostridiales	Lachnospiraceae	Clostridium_XlVa		k__Bacteria;p__Firmicutes;c__Clostridia;o__Clostridiales;f__Lachnospiraceae;g__Clostridium_XlVa;s__;d__denovo619
xiang_denovo618	Bacteria	Firmicutes	Clostridia	Clostridiales	Lachnospiraceae	Clostridium_XlVa		k__Bacteria;p__Firmicutes;c__Clostridia;o__Clostridiales;f__Lachnospiraceae;g__Clostridium_XlVa;s__;d__denovo618
xiang_denovo617	Bacteria	Firmicutes	Clostridia	Clostridiales	Lachnospiraceae			k__Bacteria;p__Firmicutes;c__Clostridia;o__Clostridiales;f__Lachnospiraceae;g__;s__;d__denovo617
xiang_denovo616	Bacteria	Firmicutes						k__Bacteria;p__Firmicutes;c__;o__;f__;g__;s__;d__denovo616
xiang_denovo615	Bacteria	Proteobacteria	Gammaproteobacteria	Enterobacteriales	Enterobacteriaceae	Escherichia/Shigella		k__Bacteria;p__Proteobacteria;c__Gammaproteobacteria;o__Enterobacteriales;f__Enterobacteriaceae;g__Escherichia/Shigella;s__;d__denovo615
xiang_denovo614	Bacteria	Firmicutes	Bacilli	Lactobacillales	Enterococcaceae	Enterococcus		k__Bacteria;p__Firmicutes;c__Bacilli;o__Lactobacillales;f__Enterococcaceae;g__Enterococcus;s__;d__denovo614
xiang_denovo613	Bacteria	Firmicutes	Bacilli	Lactobacillales	Enterococcaceae	Enterococcus		k__Bacteria;p__Firmicutes;c__Bacilli;o__Lactobacillales;f__Enterococcaceae;g__Enterococcus;s__;d__denovo613
xiang_denovo612	Bacteria	Fusobacteria	Fusobacteriia	Fusobacteriales	Fusobacteriaceae	Fusobacterium		k__Bacteria;p__Fusobacteria;c__Fusobacteriia;o__Fusobacteriales;f__Fusobacteriaceae;g__Fusobacterium;s__;d__denovo612
xiang_denovo611	Bacteria	Firmicutes	Clostridia	Clostridiales	Ruminococcaceae	Ruminococcus		k__Bacteria;p__Firmicutes;c__Clostridia;o__Clostridiales;f__Ruminococcaceae;g__Ruminococcus;s__;d__denovo611
xiang_denovo610	Bacteria	Firmicutes	Clostridia	Clostridiales	Ruminococcaceae	Faecalibacterium		k__Bacteria;p__Firmicutes;c__Clostridia;o__Clostridiales;f__Ruminococcaceae;g__Faecalibacterium;s__;d__denovo610
xiang_denovo509	Bacteria	Firmicutes	Clostridia	Clostridiales	Lachnospiraceae			k__Bacteria;p__Firmicutes;c__Clostridia;o__Clostridiales;f__Lachnospiraceae;g__;s__;d__denovo509
xiang_denovo508	Bacteria	Proteobacteria	Gammaproteobacteria	Enterobacteriales	Enterobacteriaceae	Escherichia/Shigella		k__Bacteria;p__Proteobacteria;c__Gammaproteobacteria;o__Enterobacteriales;f__Enterobacteriaceae;g__Escherichia/Shigella;s__;d__denovo508
xiang_denovo503	Bacteria	Firmicutes	Clostridia	Clostridiales	Lachnospiraceae	Clostridium_XlVa		k__Bacteria;p__Firmicutes;c__Clostridia;o__Clostridiales;f__Lachnospiraceae;g__Clostridium_XlVa;s__;d__denovo503
xiang_denovo502	Bacteria	Firmicutes	Negativicutes	Selenomonadales	Veillonellaceae	Megasphaera		k__Bacteria;p__Firmicutes;c__Negativicutes;o__Selenomonadales;f__Veillonellaceae;g__Megasphaera;s__;d__denovo502
xiang_denovo501	Bacteria							k__Bacteria;p__;c__;o__;f__;g__;s__;d__denovo501
xiang_denovo500	Bacteria	Firmicutes	Clostridia	Clostridiales	Lachnospiraceae	Clostridium_XlVa		k__Bacteria;p__Firmicutes;c__Clostridia;o__Clostridiales;f__Lachnospiraceae;g__Clostridium_XlVa;s__;d__denovo500
xiang_denovo507	Bacteria	Proteobacteria	Gammaproteobacteria	Enterobacteriales	Enterobacteriaceae	Klebsiella		k__Bacteria;p__Proteobacteria;c__Gammaproteobacteria;o__Enterobacteriales;f__Enterobacteriaceae;g__Klebsiella;s__;d__denovo507
xiang_denovo506	Bacteria	Firmicutes	Clostridia	Clostridiales	Lachnospiraceae			k__Bacteria;p__Firmicutes;c__Clostridia;o__Clostridiales;f__Lachnospiraceae;g__;s__;d__denovo506
xiang_denovo505	Bacteria	Firmicutes	Negativicutes	Selenomonadales	Veillonellaceae	Dialister		k__Bacteria;p__Firmicutes;c__Negativicutes;o__Selenomonadales;f__Veillonellaceae;g__Dialister;s__;d__denovo505
xiang_denovo504	Bacteria	Firmicutes	Clostridia	Clostridiales	Lachnospiraceae	Lachnospiracea_incertae_sedis		k__Bacteria;p__Firmicutes;c__Clostridia;o__Clostridiales;f__Lachnospiraceae;g__Lachnospiracea_incertae_sedis;s__;d__denovo504
xiang_denovo653	Bacteria	Firmicutes	Bacilli	Bacillales	Bacillales_Incertae_Sedis_XI	Gemella		k__Bacteria;p__Firmicutes;c__Bacilli;o__Bacillales;f__Bacillales_Incertae_Sedis_XI;g__Gemella;s__;d__denovo653
xiang_denovo652	Bacteria	Firmicutes	Clostridia	Clostridiales	Lachnospiraceae	Ruminococcus2		k__Bacteria;p__Firmicutes;c__Clostridia;o__Clostridiales;f__Lachnospiraceae;g__Ruminococcus2;s__;d__denovo652
xiang_denovo651	Bacteria	Firmicutes	Clostridia	Clostridiales	Lachnospiraceae	Clostridium_XlVa		k__Bacteria;p__Firmicutes;c__Clostridia;o__Clostridiales;f__Lachnospiraceae;g__Clostridium_XlVa;s__;d__denovo651
xiang_denovo650	Bacteria	Firmicutes	Clostridia	Clostridiales	Peptostreptococcaceae	Peptostreptococcaceae_incertae_sedis		k__Bacteria;p__Firmicutes;c__Clostridia;o__Clostridiales;f__Peptostreptococcaceae;g__Peptostreptococcaceae_incertae_sedis;s__;d__denovo650
xiang_denovo228	Bacteria	Firmicutes	Clostridia	Clostridiales	Clostridiales_Incertae_Sedis_XI	Parvimonas		k__Bacteria;p__Firmicutes;c__Clostridia;o__Clostridiales;f__Clostridiales_Incertae_Sedis_XI;g__Parvimonas;s__;d__denovo228
xiang_denovo657	Bacteria	Firmicutes	Clostridia	Clostridiales	Lachnospiraceae			k__Bacteria;p__Firmicutes;c__Clostridia;o__Clostridiales;f__Lachnospiraceae;g__;s__;d__denovo657
xiang_denovo1032	Bacteria							k__Bacteria;p__;c__;o__;f__;g__;s__;d__denovo1032
xiang_denovo656	Bacteria	Firmicutes	Clostridia	Clostridiales	Ruminococcaceae	Gemmiger		k__Bacteria;p__Firmicutes;c__Clostridia;o__Clostridiales;f__Ruminococcaceae;g__Gemmiger;s__;d__denovo656
xiang_denovo655	Bacteria	Firmicutes	Clostridia	Clostridiales	Lachnospiraceae			k__Bacteria;p__Firmicutes;c__Clostridia;o__Clostridiales;f__Lachnospiraceae;g__;s__;d__denovo655
xiang_denovo654	Bacteria	Firmicutes	Clostridia	Clostridiales	Lachnospiraceae	Lachnospiracea_incertae_sedis		k__Bacteria;p__Firmicutes;c__Clostridia;o__Clostridiales;f__Lachnospiraceae;g__Lachnospiracea_incertae_sedis;s__;d__denovo654
xiang_denovo222	Bacteria	Firmicutes	Bacilli	Lactobacillales	Lactobacillaceae	Lactobacillus		k__Bacteria;p__Firmicutes;c__Bacilli;o__Lactobacillales;f__Lactobacillaceae;g__Lactobacillus;s__;d__denovo222
xiang_denovo1038	Bacteria	Firmicutes	Clostridia	Clostridiales	Lachnospiraceae	Lachnospira		k__Bacteria;p__Firmicutes;c__Clostridia;o__Clostridiales;f__Lachnospiraceae;g__Lachnospira;s__;d__denovo1038
xiang_denovo989	Bacteria	Bacteroidetes	Bacteroidia	Bacteroidales	Bacteroidaceae	Bacteroides		k__Bacteria;p__Bacteroidetes;c__Bacteroidia;o__Bacteroidales;f__Bacteroidaceae;g__Bacteroides;s__;d__denovo989
xiang_denovo988	Bacteria	Firmicutes	Clostridia	Clostridiales	Lachnospiraceae			k__Bacteria;p__Firmicutes;c__Clostridia;o__Clostridiales;f__Lachnospiraceae;g__;s__;d__denovo988
xiang_denovo987	Bacteria	Firmicutes	Clostridia	Clostridiales	Lachnospiraceae	Hespellia		k__Bacteria;p__Firmicutes;c__Clostridia;o__Clostridiales;f__Lachnospiraceae;g__Hespellia;s__;d__denovo987
xiang_denovo986	Bacteria	Firmicutes	Clostridia	Clostridiales	Ruminococcaceae	Papillibacter		k__Bacteria;p__Firmicutes;c__Clostridia;o__Clostridiales;f__Ruminococcaceae;g__Papillibacter;s__;d__denovo986
xiang_denovo985	Bacteria	Bacteroidetes	Bacteroidia	Bacteroidales	Porphyromonadaceae	Parabacteroides		k__Bacteria;p__Bacteroidetes;c__Bacteroidia;o__Bacteroidales;f__Porphyromonadaceae;g__Parabacteroides;s__;d__denovo985
xiang_denovo984	Bacteria	Firmicutes	Clostridia	Clostridiales	Lachnospiraceae	Dorea		k__Bacteria;p__Firmicutes;c__Clostridia;o__Clostridiales;f__Lachnospiraceae;g__Dorea;s__;d__denovo984
xiang_denovo983	Bacteria	Firmicutes	Clostridia	Clostridiales	Lachnospiraceae	Clostridium_XlVa		k__Bacteria;p__Firmicutes;c__Clostridia;o__Clostridiales;f__Lachnospiraceae;g__Clostridium_XlVa;s__;d__denovo983
xiang_denovo982	Bacteria	Bacteroidetes	Bacteroidia	Bacteroidales	Rikenellaceae	Alistipes		k__Bacteria;p__Bacteroidetes;c__Bacteroidia;o__Bacteroidales;f__Rikenellaceae;g__Alistipes;s__;d__denovo982
xiang_denovo981	Bacteria	Firmicutes	Clostridia	Clostridiales	Lachnospiraceae	Pseudobutyrivibrio		k__Bacteria;p__Firmicutes;c__Clostridia;o__Clostridiales;f__Lachnospiraceae;g__Pseudobutyrivibrio;s__;d__denovo981
xiang_denovo980	Bacteria	Firmicutes	Clostridia	Clostridiales	Ruminococcaceae	Faecalibacterium		k__Bacteria;p__Firmicutes;c__Clostridia;o__Clostridiales;f__Ruminococcaceae;g__Faecalibacterium;s__;d__denovo980
xiang_denovo1167	Bacteria	Firmicutes	Clostridia	Clostridiales	Lachnospiraceae	Pseudobutyrivibrio		k__Bacteria;p__Firmicutes;c__Clostridia;o__Clostridiales;f__Lachnospiraceae;g__Pseudobutyrivibrio;s__;d__denovo1167
xiang_denovo1166	Bacteria	Firmicutes	Clostridia	Clostridiales	Clostridiaceae_1	Clostridium_sensu_stricto		k__Bacteria;p__Firmicutes;c__Clostridia;o__Clostridiales;f__Clostridiaceae_1;g__Clostridium_sensu_stricto;s__;d__denovo1166
xiang_denovo1165	Bacteria	Firmicutes	Clostridia	Clostridiales	Lachnospiraceae	Lachnospiracea_incertae_sedis		k__Bacteria;p__Firmicutes;c__Clostridia;o__Clostridiales;f__Lachnospiraceae;g__Lachnospiracea_incertae_sedis;s__;d__denovo1165
xiang_denovo1164	Bacteria							k__Bacteria;p__;c__;o__;f__;g__;s__;d__denovo1164
xiang_denovo1163	Bacteria	Firmicutes	Clostridia	Clostridiales	Ruminococcaceae	Faecalibacterium		k__Bacteria;p__Firmicutes;c__Clostridia;o__Clostridiales;f__Ruminococcaceae;g__Faecalibacterium;s__;d__denovo1163
xiang_denovo1162	Bacteria	Firmicutes	Clostridia	Clostridiales	Lachnospiraceae	Dorea		k__Bacteria;p__Firmicutes;c__Clostridia;o__Clostridiales;f__Lachnospiraceae;g__Dorea;s__;d__denovo1162
xiang_denovo1161	Bacteria	Firmicutes	Clostridia	Clostridiales	Lachnospiraceae			k__Bacteria;p__Firmicutes;c__Clostridia;o__Clostridiales;f__Lachnospiraceae;g__;s__;d__denovo1161
xiang_denovo1160	Bacteria	Firmicutes	Clostridia	Clostridiales	Lachnospiraceae			k__Bacteria;p__Firmicutes;c__Clostridia;o__Clostridiales;f__Lachnospiraceae;g__;s__;d__denovo1160
xiang_denovo1169	Bacteria	Firmicutes	Clostridia	Clostridiales	Lachnospiraceae			k__Bacteria;p__Firmicutes;c__Clostridia;o__Clostridiales;f__Lachnospiraceae;g__;s__;d__denovo1169
xiang_denovo1168	Bacteria	Firmicutes	Clostridia	Clostridiales	Lachnospiraceae			k__Bacteria;p__Firmicutes;c__Clostridia;o__Clostridiales;f__Lachnospiraceae;g__;s__;d__denovo1168
xiang_denovo1505	Bacteria	Firmicutes	Clostridia	Clostridiales	Lachnospiraceae			k__Bacteria;p__Firmicutes;c__Clostridia;o__Clostridiales;f__Lachnospiraceae;g__;s__;d__denovo1505
xiang_denovo1504	Bacteria	Firmicutes	Clostridia	Clostridiales	Ruminococcaceae	Faecalibacterium		k__Bacteria;p__Firmicutes;c__Clostridia;o__Clostridiales;f__Ruminococcaceae;g__Faecalibacterium;s__;d__denovo1504
xiang_denovo1507	Bacteria	Firmicutes	Clostridia	Clostridiales	Lachnospiraceae	Coprococcus		k__Bacteria;p__Firmicutes;c__Clostridia;o__Clostridiales;f__Lachnospiraceae;g__Coprococcus;s__;d__denovo1507
xiang_denovo1506	Bacteria	Firmicutes	Clostridia	Clostridiales	Lachnospiraceae	Clostridium_XlVa		k__Bacteria;p__Firmicutes;c__Clostridia;o__Clostridiales;f__Lachnospiraceae;g__Clostridium_XlVa;s__;d__denovo1506
xiang_denovo1501	Bacteria	Firmicutes	Clostridia	Clostridiales	Lachnospiraceae			k__Bacteria;p__Firmicutes;c__Clostridia;o__Clostridiales;f__Lachnospiraceae;g__;s__;d__denovo1501
xiang_denovo1500	Bacteria	Firmicutes	Clostridia	Clostridiales	Lachnospiraceae			k__Bacteria;p__Firmicutes;c__Clostridia;o__Clostridiales;f__Lachnospiraceae;g__;s__;d__denovo1500
xiang_denovo1503	Bacteria	Firmicutes	Clostridia	Clostridiales	Lachnospiraceae	Blautia		k__Bacteria;p__Firmicutes;c__Clostridia;o__Clostridiales;f__Lachnospiraceae;g__Blautia;s__;d__denovo1503
xiang_denovo1502	Bacteria	Bacteroidetes	Bacteroidia	Bacteroidales	Prevotellaceae	Prevotella		k__Bacteria;p__Bacteroidetes;c__Bacteroidia;o__Bacteroidales;f__Prevotellaceae;g__Prevotella;s__;d__denovo1502
xiang_denovo1509	Bacteria	Proteobacteria	Gammaproteobacteria	Enterobacteriales	Enterobacteriaceae	Escherichia/Shigella		k__Bacteria;p__Proteobacteria;c__Gammaproteobacteria;o__Enterobacteriales;f__Enterobacteriaceae;g__Escherichia/Shigella;s__;d__denovo1509
xiang_denovo1508	Bacteria	Firmicutes	Clostridia	Clostridiales	Peptostreptococcaceae	Peptostreptococcus		k__Bacteria;p__Firmicutes;c__Clostridia;o__Clostridiales;f__Peptostreptococcaceae;g__Peptostreptococcus;s__;d__denovo1508
xiang_denovo1329	Bacteria	Firmicutes	Clostridia	Clostridiales	Lachnospiraceae	Lachnospiracea_incertae_sedis		k__Bacteria;p__Firmicutes;c__Clostridia;o__Clostridiales;f__Lachnospiraceae;g__Lachnospiracea_incertae_sedis;s__;d__denovo1329
xiang_denovo372	Bacteria	Proteobacteria	Betaproteobacteria	Burkholderiales	Sutterellaceae	Parasutterella		k__Bacteria;p__Proteobacteria;c__Betaproteobacteria;o__Burkholderiales;f__Sutterellaceae;g__Parasutterella;s__;d__denovo372
xiang_denovo595	Bacteria	Bacteroidetes	Bacteroidia	Bacteroidales	Prevotellaceae	Paraprevotella		k__Bacteria;p__Bacteroidetes;c__Bacteroidia;o__Bacteroidales;f__Prevotellaceae;g__Paraprevotella;s__;d__denovo595
xiang_denovo1439	Bacteria	Firmicutes	Clostridia	Clostridiales	Lachnospiraceae			k__Bacteria;p__Firmicutes;c__Clostridia;o__Clostridiales;f__Lachnospiraceae;g__;s__;d__denovo1439
xiang_denovo1438	Bacteria	Actinobacteria	Actinobacteria	Coriobacteriales	Coriobacteriaceae			k__Bacteria;p__Actinobacteria;c__Actinobacteria;o__Coriobacteriales;f__Coriobacteriaceae;g__;s__;d__denovo1438
xiang_denovo1349	Bacteria	Bacteroidetes	Bacteroidia	Bacteroidales	Prevotellaceae	Prevotella		k__Bacteria;p__Bacteroidetes;c__Bacteroidia;o__Bacteroidales;f__Prevotellaceae;g__Prevotella;s__;d__denovo1349
xiang_denovo1348	Bacteria	Proteobacteria	Gammaproteobacteria	Pasteurellales	Pasteurellaceae	Haemophilus		k__Bacteria;p__Proteobacteria;c__Gammaproteobacteria;o__Pasteurellales;f__Pasteurellaceae;g__Haemophilus;s__;d__denovo1348
xiang_denovo1431	Bacteria	Firmicutes	Clostridia	Clostridiales	Lachnospiraceae	Blautia		k__Bacteria;p__Firmicutes;c__Clostridia;o__Clostridiales;f__Lachnospiraceae;g__Blautia;s__;d__denovo1431
xiang_denovo1346	Bacteria	Firmicutes	Clostridia	Clostridiales	Lachnospiraceae	Clostridium_XlVa		k__Bacteria;p__Firmicutes;c__Clostridia;o__Clostridiales;f__Lachnospiraceae;g__Clostridium_XlVa;s__;d__denovo1346
xiang_denovo1433	Bacteria	Firmicutes	Clostridia	Clostridiales	Lachnospiraceae			k__Bacteria;p__Firmicutes;c__Clostridia;o__Clostridiales;f__Lachnospiraceae;g__;s__;d__denovo1433
xiang_denovo1344	Bacteria	Firmicutes	Clostridia	Clostridiales	Lachnospiraceae	Ruminococcus2		k__Bacteria;p__Firmicutes;c__Clostridia;o__Clostridiales;f__Lachnospiraceae;g__Ruminococcus2;s__;d__denovo1344
xiang_denovo1435	Bacteria	Firmicutes	Clostridia	Clostridiales	Lachnospiraceae			k__Bacteria;p__Firmicutes;c__Clostridia;o__Clostridiales;f__Lachnospiraceae;g__;s__;d__denovo1435
xiang_denovo1342	Bacteria	Firmicutes	Clostridia	Clostridiales	Eubacteriaceae	Pseudoramibacter		k__Bacteria;p__Firmicutes;c__Clostridia;o__Clostridiales;f__Eubacteriaceae;g__Pseudoramibacter;s__;d__denovo1342
xiang_denovo1437	Bacteria	Firmicutes	Clostridia	Clostridiales	Ruminococcaceae	Ruminococcus		k__Bacteria;p__Firmicutes;c__Clostridia;o__Clostridiales;f__Ruminococcaceae;g__Ruminococcus;s__;d__denovo1437
xiang_denovo1340	Bacteria	Firmicutes	Clostridia	Clostridiales	Lachnospiraceae			k__Bacteria;p__Firmicutes;c__Clostridia;o__Clostridiales;f__Lachnospiraceae;g__;s__;d__denovo1340
xiang_denovo1189	Bacteria	Firmicutes	Bacilli	Lactobacillales	Streptococcaceae	Streptococcus		k__Bacteria;p__Firmicutes;c__Bacilli;o__Lactobacillales;f__Streptococcaceae;g__Streptococcus;s__;d__denovo1189
xiang_denovo335	Bacteria	Firmicutes	Clostridia	Clostridiales	Lachnospiraceae	Ruminococcus2		k__Bacteria;p__Firmicutes;c__Clostridia;o__Clostridiales;f__Lachnospiraceae;g__Ruminococcus2;s__;d__denovo335
xiang_denovo336	Bacteria	Firmicutes						k__Bacteria;p__Firmicutes;c__;o__;f__;g__;s__;d__denovo336
xiang_denovo337	Bacteria	Firmicutes	Clostridia	Clostridiales	Lachnospiraceae	Ruminococcus2		k__Bacteria;p__Firmicutes;c__Clostridia;o__Clostridiales;f__Lachnospiraceae;g__Ruminococcus2;s__;d__denovo337
xiang_denovo330	Bacteria	Firmicutes	Clostridia	Clostridiales	Lachnospiraceae			k__Bacteria;p__Firmicutes;c__Clostridia;o__Clostridiales;f__Lachnospiraceae;g__;s__;d__denovo330
xiang_denovo331	Bacteria	Firmicutes	Negativicutes	Selenomonadales	Veillonellaceae	Dialister		k__Bacteria;p__Firmicutes;c__Negativicutes;o__Selenomonadales;f__Veillonellaceae;g__Dialister;s__;d__denovo331
xiang_denovo332	Bacteria	Firmicutes	Clostridia	Clostridiales	Lachnospiraceae	Lachnospiracea_incertae_sedis		k__Bacteria;p__Firmicutes;c__Clostridia;o__Clostridiales;f__Lachnospiraceae;g__Lachnospiracea_incertae_sedis;s__;d__denovo332
xiang_denovo333	Bacteria	Bacteroidetes	Bacteroidia	Bacteroidales	Bacteroidaceae	Bacteroides		k__Bacteria;p__Bacteroidetes;c__Bacteroidia;o__Bacteroidales;f__Bacteroidaceae;g__Bacteroides;s__;d__denovo333
xiang_denovo1181	Bacteria	Bacteroidetes	Bacteroidia	Bacteroidales	Bacteroidaceae	Bacteroides		k__Bacteria;p__Bacteroidetes;c__Bacteroidia;o__Bacteroidales;f__Bacteroidaceae;g__Bacteroides;s__;d__denovo1181
xiang_denovo1180	Bacteria	Firmicutes	Clostridia	Clostridiales	Lachnospiraceae	Clostridium_XlVa		k__Bacteria;p__Firmicutes;c__Clostridia;o__Clostridiales;f__Lachnospiraceae;g__Clostridium_XlVa;s__;d__denovo1180
xiang_denovo1183	Bacteria	Bacteroidetes	Bacteroidia	Bacteroidales	Porphyromonadaceae			k__Bacteria;p__Bacteroidetes;c__Bacteroidia;o__Bacteroidales;f__Porphyromonadaceae;g__;s__;d__denovo1183
xiang_denovo1182	Bacteria	Firmicutes	Clostridia	Clostridiales	Clostridiaceae_1	Anaerobacter		k__Bacteria;p__Firmicutes;c__Clostridia;o__Clostridiales;f__Clostridiaceae_1;g__Anaerobacter;s__;d__denovo1182
xiang_denovo1185	Bacteria	Bacteroidetes	Bacteroidia	Bacteroidales	Bacteroidaceae	Bacteroides		k__Bacteria;p__Bacteroidetes;c__Bacteroidia;o__Bacteroidales;f__Bacteroidaceae;g__Bacteroides;s__;d__denovo1185
xiang_denovo1184	Bacteria	Bacteroidetes	Bacteroidia	Bacteroidales	Prevotellaceae	Paraprevotella		k__Bacteria;p__Bacteroidetes;c__Bacteroidia;o__Bacteroidales;f__Prevotellaceae;g__Paraprevotella;s__;d__denovo1184
xiang_denovo1187	Bacteria	Candidatus_Saccharibacteria				Saccharibacteria_genera_incertae_sedis		k__Bacteria;p__Candidatus_Saccharibacteria;c__;o__;f__;g__Saccharibacteria_genera_incertae_sedis;s__;d__denovo1187
xiang_denovo1186	Bacteria	Firmicutes	Clostridia	Clostridiales	Lachnospiraceae	Lachnospiracea_incertae_sedis		k__Bacteria;p__Firmicutes;c__Clostridia;o__Clostridiales;f__Lachnospiraceae;g__Lachnospiracea_incertae_sedis;s__;d__denovo1186
xiang_denovo598	Bacteria	Firmicutes	Erysipelotrichia	Erysipelotrichales	Erysipelotrichaceae	Clostridium_XVIII		k__Bacteria;p__Firmicutes;c__Erysipelotrichia;o__Erysipelotrichales;f__Erysipelotrichaceae;g__Clostridium_XVIII;s__;d__denovo598
xiang_denovo1324	Bacteria	Firmicutes	Clostridia	Clostridiales	Lachnospiraceae	Clostridium_XlVa		k__Bacteria;p__Firmicutes;c__Clostridia;o__Clostridiales;f__Lachnospiraceae;g__Clostridium_XlVa;s__;d__denovo1324
xiang_denovo198	Bacteria	Firmicutes	Bacilli	Bacillales	Bacillales_Incertae_Sedis_XI	Gemella		k__Bacteria;p__Firmicutes;c__Bacilli;o__Bacillales;f__Bacillales_Incertae_Sedis_XI;g__Gemella;s__;d__denovo198
xiang_denovo199	Bacteria	Firmicutes	Clostridia	Clostridiales	Lachnospiraceae	Blautia		k__Bacteria;p__Firmicutes;c__Clostridia;o__Clostridiales;f__Lachnospiraceae;g__Blautia;s__;d__denovo199
xiang_denovo1248	Bacteria	Firmicutes	Clostridia	Clostridiales	Ruminococcaceae	Faecalibacterium		k__Bacteria;p__Firmicutes;c__Clostridia;o__Clostridiales;f__Ruminococcaceae;g__Faecalibacterium;s__;d__denovo1248
xiang_denovo190	Bacteria	Firmicutes	Clostridia	Clostridiales	Peptostreptococcaceae	Clostridium_XI		k__Bacteria;p__Firmicutes;c__Clostridia;o__Clostridiales;f__Peptostreptococcaceae;g__Clostridium_XI;s__;d__denovo190
xiang_denovo191	Bacteria	Bacteroidetes	Bacteroidia	Bacteroidales	Bacteroidaceae	Bacteroides		k__Bacteria;p__Bacteroidetes;c__Bacteroidia;o__Bacteroidales;f__Bacteroidaceae;g__Bacteroides;s__;d__denovo191
xiang_denovo192	Bacteria	Firmicutes	Clostridia	Clostridiales	Eubacteriaceae	Eubacterium		k__Bacteria;p__Firmicutes;c__Clostridia;o__Clostridiales;f__Eubacteriaceae;g__Eubacterium;s__;d__denovo192
xiang_denovo193	Bacteria	Firmicutes	Clostridia	Clostridiales	Lachnospiraceae	Clostridium_XlVa		k__Bacteria;p__Firmicutes;c__Clostridia;o__Clostridiales;f__Lachnospiraceae;g__Clostridium_XlVa;s__;d__denovo193
xiang_denovo194	Bacteria	Firmicutes	Clostridia	Clostridiales	Ruminococcaceae	Ruminococcus		k__Bacteria;p__Firmicutes;c__Clostridia;o__Clostridiales;f__Ruminococcaceae;g__Ruminococcus;s__;d__denovo194
xiang_denovo195	Bacteria	Firmicutes	Clostridia	Clostridiales	Ruminococcaceae	Ruminococcus		k__Bacteria;p__Firmicutes;c__Clostridia;o__Clostridiales;f__Ruminococcaceae;g__Ruminococcus;s__;d__denovo195
xiang_denovo196	Bacteria	Firmicutes	Clostridia	Clostridiales	Lachnospiraceae	Lachnospira		k__Bacteria;p__Firmicutes;c__Clostridia;o__Clostridiales;f__Lachnospiraceae;g__Lachnospira;s__;d__denovo196
xiang_denovo197	Bacteria	Bacteroidetes	Bacteroidia	Bacteroidales	Prevotellaceae	Prevotella		k__Bacteria;p__Bacteroidetes;c__Bacteroidia;o__Bacteroidales;f__Prevotellaceae;g__Prevotella;s__;d__denovo197
xiang_denovo428	Bacteria	Proteobacteria	Gammaproteobacteria	Enterobacteriales	Enterobacteriaceae	Kluyvera		k__Bacteria;p__Proteobacteria;c__Gammaproteobacteria;o__Enterobacteriales;f__Enterobacteriaceae;g__Kluyvera;s__;d__denovo428
xiang_denovo429	Bacteria	Bacteroidetes	Bacteroidia	Bacteroidales	Rikenellaceae	Alistipes		k__Bacteria;p__Bacteroidetes;c__Bacteroidia;o__Bacteroidales;f__Rikenellaceae;g__Alistipes;s__;d__denovo429
xiang_denovo1231	Bacteria	Firmicutes	Clostridia	Clostridiales	Lachnospiraceae			k__Bacteria;p__Firmicutes;c__Clostridia;o__Clostridiales;f__Lachnospiraceae;g__;s__;d__denovo1231
xiang_denovo1230	Bacteria	Proteobacteria	Gammaproteobacteria	Pasteurellales	Pasteurellaceae	Haemophilus		k__Bacteria;p__Proteobacteria;c__Gammaproteobacteria;o__Pasteurellales;f__Pasteurellaceae;g__Haemophilus;s__;d__denovo1230
xiang_denovo1237	Bacteria	Firmicutes	Clostridia	Clostridiales	Lachnospiraceae	Anaerostipes		k__Bacteria;p__Firmicutes;c__Clostridia;o__Clostridiales;f__Lachnospiraceae;g__Anaerostipes;s__;d__denovo1237
xiang_denovo1236	Bacteria	Firmicutes	Clostridia	Clostridiales	Ruminococcaceae	Faecalibacterium		k__Bacteria;p__Firmicutes;c__Clostridia;o__Clostridiales;f__Ruminococcaceae;g__Faecalibacterium;s__;d__denovo1236
xiang_denovo1235	Bacteria	Firmicutes	Negativicutes	Selenomonadales	Veillonellaceae	Dialister		k__Bacteria;p__Firmicutes;c__Negativicutes;o__Selenomonadales;f__Veillonellaceae;g__Dialister;s__;d__denovo1235
xiang_denovo1234	Bacteria	Firmicutes	Clostridia	Clostridiales	Lachnospiraceae	Dorea		k__Bacteria;p__Firmicutes;c__Clostridia;o__Clostridiales;f__Lachnospiraceae;g__Dorea;s__;d__denovo1234
xiang_denovo420	Bacteria	Firmicutes	Clostridia	Clostridiales	Lachnospiraceae	Clostridium_XlVa		k__Bacteria;p__Firmicutes;c__Clostridia;o__Clostridiales;f__Lachnospiraceae;g__Clostridium_XlVa;s__;d__denovo420
xiang_denovo421	Bacteria	Firmicutes	Clostridia	Clostridiales	Lachnospiraceae			k__Bacteria;p__Firmicutes;c__Clostridia;o__Clostridiales;f__Lachnospiraceae;g__;s__;d__denovo421
xiang_denovo1239	Bacteria	Firmicutes	Clostridia	Clostridiales				k__Bacteria;p__Firmicutes;c__Clostridia;o__Clostridiales;f__;g__;s__;d__denovo1239
xiang_denovo423	Bacteria	Bacteroidetes	Bacteroidia	Bacteroidales	Bacteroidaceae	Bacteroides		k__Bacteria;p__Bacteroidetes;c__Bacteroidia;o__Bacteroidales;f__Bacteroidaceae;g__Bacteroides;s__;d__denovo423
xiang_denovo424	Bacteria	Firmicutes	Clostridia	Clostridiales	Lachnospiraceae			k__Bacteria;p__Firmicutes;c__Clostridia;o__Clostridiales;f__Lachnospiraceae;g__;s__;d__denovo424
xiang_denovo425	Bacteria	Firmicutes	Clostridia	Clostridiales	Lachnospiraceae			k__Bacteria;p__Firmicutes;c__Clostridia;o__Clostridiales;f__Lachnospiraceae;g__;s__;d__denovo425
xiang_denovo426	Bacteria	Firmicutes	Clostridia	Clostridiales	Ruminococcaceae	Butyricicoccus		k__Bacteria;p__Firmicutes;c__Clostridia;o__Clostridiales;f__Ruminococcaceae;g__Butyricicoccus;s__;d__denovo426
xiang_denovo427	Bacteria	Bacteroidetes	Bacteroidia	Bacteroidales	Bacteroidaceae	Bacteroides		k__Bacteria;p__Bacteroidetes;c__Bacteroidia;o__Bacteroidales;f__Bacteroidaceae;g__Bacteroides;s__;d__denovo427
xiang_denovo600	Bacteria	Firmicutes	Clostridia	Clostridiales	Lachnospiraceae	Lachnospiracea_incertae_sedis		k__Bacteria;p__Firmicutes;c__Clostridia;o__Clostridiales;f__Lachnospiraceae;g__Lachnospiracea_incertae_sedis;s__;d__denovo600
xiang_denovo601	Bacteria	Proteobacteria	Gammaproteobacteria	Enterobacteriales	Enterobacteriaceae			k__Bacteria;p__Proteobacteria;c__Gammaproteobacteria;o__Enterobacteriales;f__Enterobacteriaceae;g__;s__;d__denovo601
xiang_denovo602	Bacteria	Firmicutes	Clostridia	Clostridiales	Peptostreptococcaceae	Peptostreptococcus		k__Bacteria;p__Firmicutes;c__Clostridia;o__Clostridiales;f__Peptostreptococcaceae;g__Peptostreptococcus;s__;d__denovo602
xiang_denovo603	Bacteria	Firmicutes	Clostridia	Clostridiales	Lachnospiraceae			k__Bacteria;p__Firmicutes;c__Clostridia;o__Clostridiales;f__Lachnospiraceae;g__;s__;d__denovo603
xiang_denovo604	Bacteria	Firmicutes	Clostridia	Clostridiales	Lachnospiraceae			k__Bacteria;p__Firmicutes;c__Clostridia;o__Clostridiales;f__Lachnospiraceae;g__;s__;d__denovo604
xiang_denovo605	Bacteria	Firmicutes	Clostridia	Clostridiales	Lachnospiraceae			k__Bacteria;p__Firmicutes;c__Clostridia;o__Clostridiales;f__Lachnospiraceae;g__;s__;d__denovo605
xiang_denovo606	Bacteria	Firmicutes	Clostridia	Clostridiales	Lachnospiraceae			k__Bacteria;p__Firmicutes;c__Clostridia;o__Clostridiales;f__Lachnospiraceae;g__;s__;d__denovo606
xiang_denovo607	Bacteria	Bacteroidetes	Bacteroidia	Bacteroidales	Prevotellaceae			k__Bacteria;p__Bacteroidetes;c__Bacteroidia;o__Bacteroidales;f__Prevotellaceae;g__;s__;d__denovo607
xiang_denovo608	Bacteria	Proteobacteria	Betaproteobacteria	Burkholderiales	Sutterellaceae	Sutterella		k__Bacteria;p__Proteobacteria;c__Betaproteobacteria;o__Burkholderiales;f__Sutterellaceae;g__Sutterella;s__;d__denovo608
xiang_denovo609	Bacteria	Firmicutes	Clostridia	Clostridiales	Lachnospiraceae			k__Bacteria;p__Firmicutes;c__Clostridia;o__Clostridiales;f__Lachnospiraceae;g__;s__;d__denovo609
xiang_denovo518	Bacteria	Bacteroidetes	Bacteroidia	Bacteroidales	Bacteroidaceae	Bacteroides		k__Bacteria;p__Bacteroidetes;c__Bacteroidia;o__Bacteroidales;f__Bacteroidaceae;g__Bacteroides;s__;d__denovo518
xiang_denovo519	Bacteria	Firmicutes	Clostridia	Clostridiales	Clostridiales_Incertae_Sedis_XIII	Anaerovorax		k__Bacteria;p__Firmicutes;c__Clostridia;o__Clostridiales;f__Clostridiales_Incertae_Sedis_XIII;g__Anaerovorax;s__;d__denovo519
xiang_denovo514	Bacteria	Firmicutes	Erysipelotrichia	Erysipelotrichales	Erysipelotrichaceae	Erysipelotrichaceae_incertae_sedis		k__Bacteria;p__Firmicutes;c__Erysipelotrichia;o__Erysipelotrichales;f__Erysipelotrichaceae;g__Erysipelotrichaceae_incertae_sedis;s__;d__denovo514
xiang_denovo515	Bacteria	Proteobacteria	Epsilonproteobacteria	Campylobacterales	Campylobacteraceae	Campylobacter		k__Bacteria;p__Proteobacteria;c__Epsilonproteobacteria;o__Campylobacterales;f__Campylobacteraceae;g__Campylobacter;s__;d__denovo515
xiang_denovo516	Bacteria	Firmicutes	Clostridia	Clostridiales	Lachnospiraceae			k__Bacteria;p__Firmicutes;c__Clostridia;o__Clostridiales;f__Lachnospiraceae;g__;s__;d__denovo516
xiang_denovo517	Bacteria	Synergistetes	Synergistia	Synergistales	Synergistaceae			k__Bacteria;p__Synergistetes;c__Synergistia;o__Synergistales;f__Synergistaceae;g__;s__;d__denovo517
xiang_denovo510	Bacteria	Firmicutes	Clostridia	Clostridiales	Peptostreptococcaceae	Clostridium_XI		k__Bacteria;p__Firmicutes;c__Clostridia;o__Clostridiales;f__Peptostreptococcaceae;g__Clostridium_XI;s__;d__denovo510
xiang_denovo511	Bacteria	Firmicutes	Clostridia	Clostridiales	Ruminococcaceae			k__Bacteria;p__Firmicutes;c__Clostridia;o__Clostridiales;f__Ruminococcaceae;g__;s__;d__denovo511
xiang_denovo512	Bacteria	Firmicutes	Clostridia	Clostridiales	Ruminococcaceae	Oscillibacter		k__Bacteria;p__Firmicutes;c__Clostridia;o__Clostridiales;f__Ruminococcaceae;g__Oscillibacter;s__;d__denovo512
xiang_denovo513	Bacteria	Firmicutes	Clostridia	Clostridiales	Lachnospiraceae	Coprococcus		k__Bacteria;p__Firmicutes;c__Clostridia;o__Clostridiales;f__Lachnospiraceae;g__Coprococcus;s__;d__denovo513
xiang_denovo579	Bacteria	Proteobacteria	Gammaproteobacteria	Enterobacteriales	Enterobacteriaceae	Klebsiella		k__Bacteria;p__Proteobacteria;c__Gammaproteobacteria;o__Enterobacteriales;f__Enterobacteriaceae;g__Klebsiella;s__;d__denovo579
xiang_denovo422	Bacteria	Firmicutes	Clostridia	Clostridiales	Ruminococcaceae			k__Bacteria;p__Firmicutes;c__Clostridia;o__Clostridiales;f__Ruminococcaceae;g__;s__;d__denovo422
xiang_denovo243	Bacteria	Fusobacteria	Fusobacteriia	Fusobacteriales	Fusobacteriaceae	Fusobacterium		k__Bacteria;p__Fusobacteria;c__Fusobacteriia;o__Fusobacteriales;f__Fusobacteriaceae;g__Fusobacterium;s__;d__denovo243
xiang_denovo990	Bacteria	Firmicutes	Clostridia	Clostridiales	Peptostreptococcaceae	Clostridium_XI		k__Bacteria;p__Firmicutes;c__Clostridia;o__Clostridiales;f__Peptostreptococcaceae;g__Clostridium_XI;s__;d__denovo990
xiang_denovo991	Bacteria	Firmicutes	Clostridia	Clostridiales	Ruminococcaceae	Flavonifractor		k__Bacteria;p__Firmicutes;c__Clostridia;o__Clostridiales;f__Ruminococcaceae;g__Flavonifractor;s__;d__denovo991
xiang_denovo992	Bacteria	Firmicutes	Clostridia	Clostridiales				k__Bacteria;p__Firmicutes;c__Clostridia;o__Clostridiales;f__;g__;s__;d__denovo992
xiang_denovo993	Bacteria	Bacteroidetes	Bacteroidia	Bacteroidales	Porphyromonadaceae	Parabacteroides		k__Bacteria;p__Bacteroidetes;c__Bacteroidia;o__Bacteroidales;f__Porphyromonadaceae;g__Parabacteroides;s__;d__denovo993
xiang_denovo994	Bacteria	Firmicutes	Clostridia	Clostridiales	Ruminococcaceae			k__Bacteria;p__Firmicutes;c__Clostridia;o__Clostridiales;f__Ruminococcaceae;g__;s__;d__denovo994
xiang_denovo995	Bacteria	Firmicutes	Clostridia	Clostridiales	Ruminococcaceae	Faecalibacterium		k__Bacteria;p__Firmicutes;c__Clostridia;o__Clostridiales;f__Ruminococcaceae;g__Faecalibacterium;s__;d__denovo995
xiang_denovo996	Bacteria	Firmicutes	Clostridia	Clostridiales	Lachnospiraceae			k__Bacteria;p__Firmicutes;c__Clostridia;o__Clostridiales;f__Lachnospiraceae;g__;s__;d__denovo996
xiang_denovo997	Bacteria	Firmicutes	Clostridia	Clostridiales	Clostridiales_Incertae_Sedis_XI	Parvimonas		k__Bacteria;p__Firmicutes;c__Clostridia;o__Clostridiales;f__Clostridiales_Incertae_Sedis_XI;g__Parvimonas;s__;d__denovo997
xiang_denovo998	Bacteria	Firmicutes	Clostridia	Clostridiales	Peptococcaceae_1	Peptococcus		k__Bacteria;p__Firmicutes;c__Clostridia;o__Clostridiales;f__Peptococcaceae_1;g__Peptococcus;s__;d__denovo998
xiang_denovo999	Bacteria	Proteobacteria	Betaproteobacteria	Burkholderiales				k__Bacteria;p__Proteobacteria;c__Betaproteobacteria;o__Burkholderiales;f__;g__;s__;d__denovo999
xiang_denovo1538	Bacteria	Firmicutes	Clostridia	Clostridiales	Lachnospiraceae			k__Bacteria;p__Firmicutes;c__Clostridia;o__Clostridiales;f__Lachnospiraceae;g__;s__;d__denovo1538
xiang_denovo1539	Bacteria	Firmicutes	Clostridia	Clostridiales	Lachnospiraceae	Lachnospiracea_incertae_sedis		k__Bacteria;p__Firmicutes;c__Clostridia;o__Clostridiales;f__Lachnospiraceae;g__Lachnospiracea_incertae_sedis;s__;d__denovo1539
xiang_denovo1530	Bacteria	Proteobacteria	Gammaproteobacteria	Pseudomonadales	Pseudomonadaceae	Pseudomonas		k__Bacteria;p__Proteobacteria;c__Gammaproteobacteria;o__Pseudomonadales;f__Pseudomonadaceae;g__Pseudomonas;s__;d__denovo1530
xiang_denovo1531	Bacteria	Firmicutes	Bacilli	Lactobacillales	Streptococcaceae	Streptococcus		k__Bacteria;p__Firmicutes;c__Bacilli;o__Lactobacillales;f__Streptococcaceae;g__Streptococcus;s__;d__denovo1531
xiang_denovo1532	Bacteria	Firmicutes	Clostridia	Clostridiales	Lachnospiraceae	Ruminococcus2		k__Bacteria;p__Firmicutes;c__Clostridia;o__Clostridiales;f__Lachnospiraceae;g__Ruminococcus2;s__;d__denovo1532
xiang_denovo1533	Bacteria	Firmicutes	Clostridia	Clostridiales	Lachnospiraceae	Dorea		k__Bacteria;p__Firmicutes;c__Clostridia;o__Clostridiales;f__Lachnospiraceae;g__Dorea;s__;d__denovo1533
xiang_denovo1534	Bacteria	Firmicutes	Clostridia	Clostridiales	Lachnospiraceae			k__Bacteria;p__Firmicutes;c__Clostridia;o__Clostridiales;f__Lachnospiraceae;g__;s__;d__denovo1534
xiang_denovo1535	Bacteria	Firmicutes	Clostridia	Clostridiales	Lachnospiraceae	Blautia		k__Bacteria;p__Firmicutes;c__Clostridia;o__Clostridiales;f__Lachnospiraceae;g__Blautia;s__;d__denovo1535
xiang_denovo1536	Bacteria	Firmicutes	Clostridia	Clostridiales	Lachnospiraceae	Dorea		k__Bacteria;p__Firmicutes;c__Clostridia;o__Clostridiales;f__Lachnospiraceae;g__Dorea;s__;d__denovo1536
xiang_denovo1537	Bacteria	Bacteroidetes	Bacteroidia	Bacteroidales	Bacteroidaceae	Bacteroides		k__Bacteria;p__Bacteroidetes;c__Bacteroidia;o__Bacteroidales;f__Bacteroidaceae;g__Bacteroides;s__;d__denovo1537
xiang_denovo1408	Bacteria	Firmicutes	Clostridia	Clostridiales				k__Bacteria;p__Firmicutes;c__Clostridia;o__Clostridiales;f__;g__;s__;d__denovo1408
xiang_denovo1409	Bacteria	Firmicutes	Clostridia	Clostridiales	Lachnospiraceae			k__Bacteria;p__Firmicutes;c__Clostridia;o__Clostridiales;f__Lachnospiraceae;g__;s__;d__denovo1409
xiang_denovo1404	Bacteria	Firmicutes	Clostridia	Clostridiales	Lachnospiraceae			k__Bacteria;p__Firmicutes;c__Clostridia;o__Clostridiales;f__Lachnospiraceae;g__;s__;d__denovo1404
xiang_denovo1405	Bacteria	Firmicutes	Clostridia	Clostridiales	Lachnospiraceae			k__Bacteria;p__Firmicutes;c__Clostridia;o__Clostridiales;f__Lachnospiraceae;g__;s__;d__denovo1405
xiang_denovo1406	Bacteria	Proteobacteria	Gammaproteobacteria	Enterobacteriales	Enterobacteriaceae	Klebsiella		k__Bacteria;p__Proteobacteria;c__Gammaproteobacteria;o__Enterobacteriales;f__Enterobacteriaceae;g__Klebsiella;s__;d__denovo1406
xiang_denovo1407	Bacteria	Bacteroidetes	Bacteroidia	Bacteroidales	Porphyromonadaceae	Parabacteroides		k__Bacteria;p__Bacteroidetes;c__Bacteroidia;o__Bacteroidales;f__Porphyromonadaceae;g__Parabacteroides;s__;d__denovo1407
xiang_denovo1400	Bacteria	Firmicutes	Clostridia	Clostridiales	Lachnospiraceae	Blautia		k__Bacteria;p__Firmicutes;c__Clostridia;o__Clostridiales;f__Lachnospiraceae;g__Blautia;s__;d__denovo1400
xiang_denovo1401	Bacteria	Proteobacteria	Betaproteobacteria	Burkholderiales	Sutterellaceae	Sutterella		k__Bacteria;p__Proteobacteria;c__Betaproteobacteria;o__Burkholderiales;f__Sutterellaceae;g__Sutterella;s__;d__denovo1401
xiang_denovo1402	Bacteria	Firmicutes	Negativicutes	Selenomonadales	Acidaminococcaceae	Phascolarctobacterium		k__Bacteria;p__Firmicutes;c__Negativicutes;o__Selenomonadales;f__Acidaminococcaceae;g__Phascolarctobacterium;s__;d__denovo1402
xiang_denovo1403	Bacteria	Firmicutes	Clostridia	Clostridiales	Lachnospiraceae			k__Bacteria;p__Firmicutes;c__Clostridia;o__Clostridiales;f__Lachnospiraceae;g__;s__;d__denovo1403
xiang_denovo1246	Bacteria	Firmicutes	Clostridia	Clostridiales	Lachnospiraceae			k__Bacteria;p__Firmicutes;c__Clostridia;o__Clostridiales;f__Lachnospiraceae;g__;s__;d__denovo1246
xiang_denovo1247	Bacteria	Firmicutes	Negativicutes	Selenomonadales	Veillonellaceae	Dialister		k__Bacteria;p__Firmicutes;c__Negativicutes;o__Selenomonadales;f__Veillonellaceae;g__Dialister;s__;d__denovo1247
xiang_denovo1244	Bacteria	Firmicutes	Clostridia	Clostridiales	Lachnospiraceae	Dorea		k__Bacteria;p__Firmicutes;c__Clostridia;o__Clostridiales;f__Lachnospiraceae;g__Dorea;s__;d__denovo1244
xiang_denovo1245	Bacteria	Firmicutes	Bacilli	Lactobacillales	Streptococcaceae	Lactococcus		k__Bacteria;p__Firmicutes;c__Bacilli;o__Lactobacillales;f__Streptococcaceae;g__Lactococcus;s__;d__denovo1245
xiang_denovo459	Bacteria	Bacteroidetes	Bacteroidia	Bacteroidales	Bacteroidaceae	Bacteroides		k__Bacteria;p__Bacteroidetes;c__Bacteroidia;o__Bacteroidales;f__Bacteroidaceae;g__Bacteroides;s__;d__denovo459
xiang_denovo1243	Bacteria	Firmicutes	Clostridia	Clostridiales	Lachnospiraceae			k__Bacteria;p__Firmicutes;c__Clostridia;o__Clostridiales;f__Lachnospiraceae;g__;s__;d__denovo1243
xiang_denovo1240	Bacteria	Firmicutes	Erysipelotrichia	Erysipelotrichales	Erysipelotrichaceae			k__Bacteria;p__Firmicutes;c__Erysipelotrichia;o__Erysipelotrichales;f__Erysipelotrichaceae;g__;s__;d__denovo1240
xiang_denovo1241	Bacteria	Proteobacteria	Gammaproteobacteria	Enterobacteriales	Enterobacteriaceae	Escherichia/Shigella		k__Bacteria;p__Proteobacteria;c__Gammaproteobacteria;o__Enterobacteriales;f__Enterobacteriaceae;g__Escherichia/Shigella;s__;d__denovo1241
xiang_denovo455	Bacteria	Firmicutes	Clostridia	Clostridiales	Ruminococcaceae	Flavonifractor		k__Bacteria;p__Firmicutes;c__Clostridia;o__Clostridiales;f__Ruminococcaceae;g__Flavonifractor;s__;d__denovo455
xiang_denovo454	Bacteria	Firmicutes	Clostridia	Clostridiales	Lachnospiraceae			k__Bacteria;p__Firmicutes;c__Clostridia;o__Clostridiales;f__Lachnospiraceae;g__;s__;d__denovo454
xiang_denovo457	Bacteria	Firmicutes	Clostridia	Clostridiales	Lachnospiraceae			k__Bacteria;p__Firmicutes;c__Clostridia;o__Clostridiales;f__Lachnospiraceae;g__;s__;d__denovo457
xiang_denovo456	Bacteria	Firmicutes	Clostridia	Clostridiales	Lachnospiraceae	Blautia		k__Bacteria;p__Firmicutes;c__Clostridia;o__Clostridiales;f__Lachnospiraceae;g__Blautia;s__;d__denovo456
xiang_denovo451	Bacteria	Firmicutes	Negativicutes	Selenomonadales	Acidaminococcaceae	Succiniclasticum		k__Bacteria;p__Firmicutes;c__Negativicutes;o__Selenomonadales;f__Acidaminococcaceae;g__Succiniclasticum;s__;d__denovo451
xiang_denovo450	Bacteria	Firmicutes	Clostridia	Clostridiales	Ruminococcaceae	Pseudoflavonifractor		k__Bacteria;p__Firmicutes;c__Clostridia;o__Clostridiales;f__Ruminococcaceae;g__Pseudoflavonifractor;s__;d__denovo450
xiang_denovo453	Bacteria	Proteobacteria	Gammaproteobacteria	Enterobacteriales	Enterobacteriaceae	Morganella		k__Bacteria;p__Proteobacteria;c__Gammaproteobacteria;o__Enterobacteriales;f__Enterobacteriaceae;g__Morganella;s__;d__denovo453
xiang_denovo1249	Bacteria	Firmicutes	Clostridia	Clostridiales				k__Bacteria;p__Firmicutes;c__Clostridia;o__Clostridiales;f__;g__;s__;d__denovo1249
xiang_denovo299	Bacteria	Bacteroidetes	Bacteroidia	Bacteroidales	Bacteroidaceae	Bacteroides		k__Bacteria;p__Bacteroidetes;c__Bacteroidia;o__Bacteroidales;f__Bacteroidaceae;g__Bacteroides;s__;d__denovo299
xiang_denovo298	Bacteria	Firmicutes	Bacilli	Lactobacillales	Enterococcaceae	Enterococcus		k__Bacteria;p__Firmicutes;c__Bacilli;o__Lactobacillales;f__Enterococcaceae;g__Enterococcus;s__;d__denovo298
xiang_denovo293	Bacteria	Fusobacteria	Fusobacteriia	Fusobacteriales	Fusobacteriaceae	Fusobacterium		k__Bacteria;p__Fusobacteria;c__Fusobacteriia;o__Fusobacteriales;f__Fusobacteriaceae;g__Fusobacterium;s__;d__denovo293
xiang_denovo292	Bacteria							k__Bacteria;p__;c__;o__;f__;g__;s__;d__denovo292
xiang_denovo291	Bacteria	Firmicutes	Clostridia	Clostridiales	Ruminococcaceae	Faecalibacterium		k__Bacteria;p__Firmicutes;c__Clostridia;o__Clostridiales;f__Ruminococcaceae;g__Faecalibacterium;s__;d__denovo291
xiang_denovo290	Bacteria	Firmicutes	Clostridia	Clostridiales	Ruminococcaceae	Faecalibacterium		k__Bacteria;p__Firmicutes;c__Clostridia;o__Clostridiales;f__Ruminococcaceae;g__Faecalibacterium;s__;d__denovo290
xiang_denovo297	Bacteria	Firmicutes	Clostridia	Clostridiales	Ruminococcaceae	Faecalibacterium		k__Bacteria;p__Firmicutes;c__Clostridia;o__Clostridiales;f__Ruminococcaceae;g__Faecalibacterium;s__;d__denovo297
xiang_denovo296	Bacteria	Firmicutes	Clostridia	Clostridiales	Lachnospiraceae	Roseburia		k__Bacteria;p__Firmicutes;c__Clostridia;o__Clostridiales;f__Lachnospiraceae;g__Roseburia;s__;d__denovo296
xiang_denovo295	Bacteria	Firmicutes	Bacilli	Lactobacillales	Streptococcaceae	Streptococcus		k__Bacteria;p__Firmicutes;c__Bacilli;o__Lactobacillales;f__Streptococcaceae;g__Streptococcus;s__;d__denovo295
xiang_denovo294	Bacteria	Firmicutes	Clostridia	Clostridiales	Lachnospiraceae	Lachnospiracea_incertae_sedis		k__Bacteria;p__Firmicutes;c__Clostridia;o__Clostridiales;f__Lachnospiraceae;g__Lachnospiracea_incertae_sedis;s__;d__denovo294
xiang_denovo675	Bacteria	Firmicutes	Clostridia	Clostridiales	Lachnospiraceae	Dorea		k__Bacteria;p__Firmicutes;c__Clostridia;o__Clostridiales;f__Lachnospiraceae;g__Dorea;s__;d__denovo675
xiang_denovo674	Bacteria	Firmicutes	Bacilli	Bacillales	Bacillales_Incertae_Sedis_XI	Gemella		k__Bacteria;p__Firmicutes;c__Bacilli;o__Bacillales;f__Bacillales_Incertae_Sedis_XI;g__Gemella;s__;d__denovo674
xiang_denovo677	Bacteria	Firmicutes	Clostridia	Clostridiales	Peptostreptococcaceae	Peptostreptococcus		k__Bacteria;p__Firmicutes;c__Clostridia;o__Clostridiales;f__Peptostreptococcaceae;g__Peptostreptococcus;s__;d__denovo677
xiang_denovo676	Bacteria	Bacteroidetes	Bacteroidia	Bacteroidales	Bacteroidaceae	Bacteroides		k__Bacteria;p__Bacteroidetes;c__Bacteroidia;o__Bacteroidales;f__Bacteroidaceae;g__Bacteroides;s__;d__denovo676
xiang_denovo671	Bacteria	Bacteroidetes	Bacteroidia	Bacteroidales	Bacteroidaceae	Bacteroides		k__Bacteria;p__Bacteroidetes;c__Bacteroidia;o__Bacteroidales;f__Bacteroidaceae;g__Bacteroides;s__;d__denovo671
xiang_denovo670	Bacteria	Firmicutes	Clostridia	Clostridiales				k__Bacteria;p__Firmicutes;c__Clostridia;o__Clostridiales;f__;g__;s__;d__denovo670
xiang_denovo673	Bacteria	Firmicutes	Clostridia	Clostridiales	Ruminococcaceae	Gemmiger		k__Bacteria;p__Firmicutes;c__Clostridia;o__Clostridiales;f__Ruminococcaceae;g__Gemmiger;s__;d__denovo673
xiang_denovo672	Bacteria	Firmicutes	Clostridia	Clostridiales	Lachnospiraceae			k__Bacteria;p__Firmicutes;c__Clostridia;o__Clostridiales;f__Lachnospiraceae;g__;s__;d__denovo672
xiang_denovo679	Bacteria	Firmicutes	Clostridia	Clostridiales	Lachnospiraceae	Roseburia		k__Bacteria;p__Firmicutes;c__Clostridia;o__Clostridiales;f__Lachnospiraceae;g__Roseburia;s__;d__denovo679
xiang_denovo678	Bacteria	Firmicutes	Clostridia	Clostridiales	Lachnospiraceae	Clostridium_XlVa		k__Bacteria;p__Firmicutes;c__Clostridia;o__Clostridiales;f__Lachnospiraceae;g__Clostridium_XlVa;s__;d__denovo678
xiang_denovo709	Bacteria	Bacteroidetes	Bacteroidia	Bacteroidales	Porphyromonadaceae	Parabacteroides		k__Bacteria;p__Bacteroidetes;c__Bacteroidia;o__Bacteroidales;f__Porphyromonadaceae;g__Parabacteroides;s__;d__denovo709
xiang_denovo708	Bacteria	Actinobacteria	Actinobacteria	Actinomycetales	Actinomycetaceae	Actinomyces		k__Bacteria;p__Actinobacteria;c__Actinobacteria;o__Actinomycetales;f__Actinomycetaceae;g__Actinomyces;s__;d__denovo708
xiang_denovo701	Bacteria	Firmicutes	Clostridia	Clostridiales	Lachnospiraceae	Coprococcus		k__Bacteria;p__Firmicutes;c__Clostridia;o__Clostridiales;f__Lachnospiraceae;g__Coprococcus;s__;d__denovo701
xiang_denovo700	Bacteria	Firmicutes	Negativicutes	Selenomonadales	Veillonellaceae			k__Bacteria;p__Firmicutes;c__Negativicutes;o__Selenomonadales;f__Veillonellaceae;g__;s__;d__denovo700
xiang_denovo703	Bacteria	Firmicutes	Clostridia	Clostridiales	Lachnospiraceae	Dorea		k__Bacteria;p__Firmicutes;c__Clostridia;o__Clostridiales;f__Lachnospiraceae;g__Dorea;s__;d__denovo703
xiang_denovo702	Bacteria	Firmicutes	Clostridia	Clostridiales	Ruminococcaceae	Papillibacter		k__Bacteria;p__Firmicutes;c__Clostridia;o__Clostridiales;f__Ruminococcaceae;g__Papillibacter;s__;d__denovo702
xiang_denovo705	Bacteria	Firmicutes	Clostridia	Clostridiales	Lachnospiraceae			k__Bacteria;p__Firmicutes;c__Clostridia;o__Clostridiales;f__Lachnospiraceae;g__;s__;d__denovo705
xiang_denovo704	Bacteria	Firmicutes	Clostridia	Clostridiales	Lachnospiraceae			k__Bacteria;p__Firmicutes;c__Clostridia;o__Clostridiales;f__Lachnospiraceae;g__;s__;d__denovo704
xiang_denovo707	Bacteria	Bacteroidetes	Bacteroidia	Bacteroidales	Bacteroidaceae	Bacteroides		k__Bacteria;p__Bacteroidetes;c__Bacteroidia;o__Bacteroidales;f__Bacteroidaceae;g__Bacteroides;s__;d__denovo707
xiang_denovo706	Bacteria	Firmicutes						k__Bacteria;p__Firmicutes;c__;o__;f__;g__;s__;d__denovo706
xiang_denovo1422	Bacteria	Firmicutes	Clostridia	Clostridiales	Lachnospiraceae	Lachnospiracea_incertae_sedis		k__Bacteria;p__Firmicutes;c__Clostridia;o__Clostridiales;f__Lachnospiraceae;g__Lachnospiracea_incertae_sedis;s__;d__denovo1422
xiang_denovo1423	Bacteria	Proteobacteria	Gammaproteobacteria	Enterobacteriales	Enterobacteriaceae	Klebsiella		k__Bacteria;p__Proteobacteria;c__Gammaproteobacteria;o__Enterobacteriales;f__Enterobacteriaceae;g__Klebsiella;s__;d__denovo1423
xiang_denovo1420	Bacteria	Firmicutes	Erysipelotrichia	Erysipelotrichales	Erysipelotrichaceae	Holdemania		k__Bacteria;p__Firmicutes;c__Erysipelotrichia;o__Erysipelotrichales;f__Erysipelotrichaceae;g__Holdemania;s__;d__denovo1420
xiang_denovo1421	Bacteria	Firmicutes	Clostridia	Clostridiales	Lachnospiraceae			k__Bacteria;p__Firmicutes;c__Clostridia;o__Clostridiales;f__Lachnospiraceae;g__;s__;d__denovo1421
xiang_denovo1354	Bacteria							k__Bacteria;p__;c__;o__;f__;g__;s__;d__denovo1354
xiang_denovo1427	Bacteria	Firmicutes	Clostridia	Clostridiales	Lachnospiraceae	Ruminococcus2		k__Bacteria;p__Firmicutes;c__Clostridia;o__Clostridiales;f__Lachnospiraceae;g__Ruminococcus2;s__;d__denovo1427
xiang_denovo1424	Bacteria	Firmicutes	Clostridia	Clostridiales	Lachnospiraceae	Ruminococcus2		k__Bacteria;p__Firmicutes;c__Clostridia;o__Clostridiales;f__Lachnospiraceae;g__Ruminococcus2;s__;d__denovo1424
xiang_denovo1357	Bacteria	Firmicutes	Clostridia	Clostridiales	Ruminococcaceae	Clostridium_IV		k__Bacteria;p__Firmicutes;c__Clostridia;o__Clostridiales;f__Ruminococcaceae;g__Clostridium_IV;s__;d__denovo1357
xiang_denovo248	Bacteria	Bacteroidetes	Bacteroidia	Bacteroidales	Bacteroidaceae	Bacteroides		k__Bacteria;p__Bacteroidetes;c__Bacteroidia;o__Bacteroidales;f__Bacteroidaceae;g__Bacteroides;s__;d__denovo248
xiang_denovo1052	Bacteria							k__Bacteria;p__;c__;o__;f__;g__;s__;d__denovo1052
xiang_denovo1198	Bacteria	Firmicutes	Bacilli	Lactobacillales	Enterococcaceae	Enterococcus		k__Bacteria;p__Firmicutes;c__Bacilli;o__Lactobacillales;f__Enterococcaceae;g__Enterococcus;s__;d__denovo1198
xiang_denovo851	Bacteria	Firmicutes	Clostridia	Clostridiales	Lachnospiraceae			k__Bacteria;p__Firmicutes;c__Clostridia;o__Clostridiales;f__Lachnospiraceae;g__;s__;d__denovo851
xiang_denovo850	Bacteria	Firmicutes	Bacilli	Lactobacillales	Enterococcaceae	Enterococcus		k__Bacteria;p__Firmicutes;c__Bacilli;o__Lactobacillales;f__Enterococcaceae;g__Enterococcus;s__;d__denovo850
xiang_denovo853	Bacteria	Firmicutes	Clostridia	Clostridiales	Lachnospiraceae	Clostridium_XlVa		k__Bacteria;p__Firmicutes;c__Clostridia;o__Clostridiales;f__Lachnospiraceae;g__Clostridium_XlVa;s__;d__denovo853
xiang_denovo320	Bacteria	Firmicutes	Bacilli	Lactobacillales	Enterococcaceae	Enterococcus		k__Bacteria;p__Firmicutes;c__Bacilli;o__Lactobacillales;f__Enterococcaceae;g__Enterococcus;s__;d__denovo320
xiang_denovo855	Bacteria	Firmicutes	Clostridia	Clostridiales	Lachnospiraceae			k__Bacteria;p__Firmicutes;c__Clostridia;o__Clostridiales;f__Lachnospiraceae;g__;s__;d__denovo855
xiang_denovo854	Bacteria	Firmicutes	Clostridia	Clostridiales	Ruminococcaceae			k__Bacteria;p__Firmicutes;c__Clostridia;o__Clostridiales;f__Ruminococcaceae;g__;s__;d__denovo854
xiang_denovo857	Bacteria	Firmicutes	Clostridia	Clostridiales	Lachnospiraceae	Lachnospiracea_incertae_sedis		k__Bacteria;p__Firmicutes;c__Clostridia;o__Clostridiales;f__Lachnospiraceae;g__Lachnospiracea_incertae_sedis;s__;d__denovo857
xiang_denovo856	Bacteria	Firmicutes	Clostridia	Clostridiales	Lachnospiraceae	Clostridium_XlVa		k__Bacteria;p__Firmicutes;c__Clostridia;o__Clostridiales;f__Lachnospiraceae;g__Clostridium_XlVa;s__;d__denovo856
xiang_denovo859	Bacteria	Firmicutes	Clostridia	Clostridiales	Lachnospiraceae			k__Bacteria;p__Firmicutes;c__Clostridia;o__Clostridiales;f__Lachnospiraceae;g__;s__;d__denovo859
xiang_denovo858	Bacteria	Firmicutes	Clostridia	Clostridiales	Ruminococcaceae			k__Bacteria;p__Firmicutes;c__Clostridia;o__Clostridiales;f__Ruminococcaceae;g__;s__;d__denovo858
xiang_denovo1242	Bacteria	Firmicutes	Clostridia	Clostridiales	Ruminococcaceae	Clostridium_IV		k__Bacteria;p__Firmicutes;c__Clostridia;o__Clostridiales;f__Ruminococcaceae;g__Clostridium_IV;s__;d__denovo1242
xiang_denovo242	Bacteria	Firmicutes	Clostridia	Clostridiales	Lachnospiraceae			k__Bacteria;p__Firmicutes;c__Clostridia;o__Clostridiales;f__Lachnospiraceae;g__;s__;d__denovo242
xiang_denovo328	Bacteria	Bacteroidetes	Bacteroidia	Bacteroidales	Porphyromonadaceae	Porphyromonas		k__Bacteria;p__Bacteroidetes;c__Bacteroidia;o__Bacteroidales;f__Porphyromonadaceae;g__Porphyromonas;s__;d__denovo328
xiang_denovo1074	Bacteria	Firmicutes	Bacilli	Lactobacillales				k__Bacteria;p__Firmicutes;c__Bacilli;o__Lactobacillales;f__;g__;s__;d__denovo1074
xiang_denovo1529	Bacteria							k__Bacteria;p__;c__;o__;f__;g__;s__;d__denovo1529
xiang_denovo1528	Bacteria	Firmicutes	Clostridia	Clostridiales	Ruminococcaceae	Faecalibacterium		k__Bacteria;p__Firmicutes;c__Clostridia;o__Clostridiales;f__Ruminococcaceae;g__Faecalibacterium;s__;d__denovo1528
xiang_denovo1527	Bacteria	Firmicutes	Clostridia	Clostridiales	Eubacteriaceae	Eubacterium		k__Bacteria;p__Firmicutes;c__Clostridia;o__Clostridiales;f__Eubacteriaceae;g__Eubacterium;s__;d__denovo1527
xiang_denovo1526	Bacteria	Firmicutes	Clostridia	Clostridiales	Lachnospiraceae			k__Bacteria;p__Firmicutes;c__Clostridia;o__Clostridiales;f__Lachnospiraceae;g__;s__;d__denovo1526
xiang_denovo1525	Bacteria	Firmicutes	Clostridia	Clostridiales	Lachnospiraceae	Hespellia		k__Bacteria;p__Firmicutes;c__Clostridia;o__Clostridiales;f__Lachnospiraceae;g__Hespellia;s__;d__denovo1525
xiang_denovo1524	Bacteria	Bacteroidetes	Bacteroidia	Bacteroidales	Bacteroidaceae	Bacteroides		k__Bacteria;p__Bacteroidetes;c__Bacteroidia;o__Bacteroidales;f__Bacteroidaceae;g__Bacteroides;s__;d__denovo1524
xiang_denovo1523	Bacteria	Firmicutes	Clostridia	Clostridiales	Lachnospiraceae	Lachnospiracea_incertae_sedis		k__Bacteria;p__Firmicutes;c__Clostridia;o__Clostridiales;f__Lachnospiraceae;g__Lachnospiracea_incertae_sedis;s__;d__denovo1523
xiang_denovo1522	Bacteria	Bacteroidetes	Bacteroidia	Bacteroidales	Rikenellaceae	Alistipes		k__Bacteria;p__Bacteroidetes;c__Bacteroidia;o__Bacteroidales;f__Rikenellaceae;g__Alistipes;s__;d__denovo1522
xiang_denovo1521	Bacteria	Firmicutes	Clostridia	Clostridiales	Ruminococcaceae	Ruminococcus		k__Bacteria;p__Firmicutes;c__Clostridia;o__Clostridiales;f__Ruminococcaceae;g__Ruminococcus;s__;d__denovo1521
xiang_denovo1520	Bacteria	Actinobacteria	Actinobacteria	Coriobacteriales	Coriobacteriaceae	Collinsella		k__Bacteria;p__Actinobacteria;c__Actinobacteria;o__Coriobacteriales;f__Coriobacteriaceae;g__Collinsella;s__;d__denovo1520
xiang_denovo1413	Bacteria	Bacteroidetes	Bacteroidia	Bacteroidales	Bacteroidaceae	Bacteroides		k__Bacteria;p__Bacteroidetes;c__Bacteroidia;o__Bacteroidales;f__Bacteroidaceae;g__Bacteroides;s__;d__denovo1413
xiang_denovo1412	Bacteria	Firmicutes	Clostridia	Clostridiales	Lachnospiraceae	Ruminococcus2		k__Bacteria;p__Firmicutes;c__Clostridia;o__Clostridiales;f__Lachnospiraceae;g__Ruminococcus2;s__;d__denovo1412
xiang_denovo1411	Bacteria	Proteobacteria	Gammaproteobacteria	Enterobacteriales	Enterobacteriaceae	Klebsiella		k__Bacteria;p__Proteobacteria;c__Gammaproteobacteria;o__Enterobacteriales;f__Enterobacteriaceae;g__Klebsiella;s__;d__denovo1411
xiang_denovo1410	Bacteria	Firmicutes	Clostridia	Clostridiales	Lachnospiraceae	Blautia		k__Bacteria;p__Firmicutes;c__Clostridia;o__Clostridiales;f__Lachnospiraceae;g__Blautia;s__;d__denovo1410
xiang_denovo1417	Bacteria	Bacteroidetes	Bacteroidia	Bacteroidales	Bacteroidaceae	Bacteroides		k__Bacteria;p__Bacteroidetes;c__Bacteroidia;o__Bacteroidales;f__Bacteroidaceae;g__Bacteroides;s__;d__denovo1417
xiang_denovo1416	Bacteria	Firmicutes						k__Bacteria;p__Firmicutes;c__;o__;f__;g__;s__;d__denovo1416
xiang_denovo1415	Bacteria	Firmicutes	Bacilli	Lactobacillales	Carnobacteriaceae	Granulicatella		k__Bacteria;p__Firmicutes;c__Bacilli;o__Lactobacillales;f__Carnobacteriaceae;g__Granulicatella;s__;d__denovo1415
xiang_denovo1414	Bacteria	Bacteroidetes	Bacteroidia	Bacteroidales	Bacteroidaceae	Bacteroides		k__Bacteria;p__Bacteroidetes;c__Bacteroidia;o__Bacteroidales;f__Bacteroidaceae;g__Bacteroides;s__;d__denovo1414
xiang_denovo1419	Bacteria	Bacteroidetes	Bacteroidia	Bacteroidales	Prevotellaceae	Prevotella		k__Bacteria;p__Bacteroidetes;c__Bacteroidia;o__Bacteroidales;f__Prevotellaceae;g__Prevotella;s__;d__denovo1419
xiang_denovo1418	Bacteria	Actinobacteria	Actinobacteria					k__Bacteria;p__Actinobacteria;c__Actinobacteria;o__;f__;g__;s__;d__denovo1418
xiang_denovo1255	Bacteria	Firmicutes	Clostridia	Clostridiales	Ruminococcaceae	Gemmiger		k__Bacteria;p__Firmicutes;c__Clostridia;o__Clostridiales;f__Ruminococcaceae;g__Gemmiger;s__;d__denovo1255
xiang_denovo1254	Bacteria	Bacteroidetes	Bacteroidia	Bacteroidales	Bacteroidaceae	Bacteroides		k__Bacteria;p__Bacteroidetes;c__Bacteroidia;o__Bacteroidales;f__Bacteroidaceae;g__Bacteroides;s__;d__denovo1254
xiang_denovo1257	Bacteria	Fusobacteria	Fusobacteriia	Fusobacteriales	Fusobacteriaceae	Clostridium_XIX		k__Bacteria;p__Fusobacteria;c__Fusobacteriia;o__Fusobacteriales;f__Fusobacteriaceae;g__Clostridium_XIX;s__;d__denovo1257
xiang_denovo1256	Bacteria	Proteobacteria	Gammaproteobacteria	Enterobacteriales	Enterobacteriaceae	Klebsiella		k__Bacteria;p__Proteobacteria;c__Gammaproteobacteria;o__Enterobacteriales;f__Enterobacteriaceae;g__Klebsiella;s__;d__denovo1256
xiang_denovo1251	Bacteria	Firmicutes	Bacilli	Lactobacillales	Lactobacillaceae	Lactobacillus		k__Bacteria;p__Firmicutes;c__Bacilli;o__Lactobacillales;f__Lactobacillaceae;g__Lactobacillus;s__;d__denovo1251
xiang_denovo1250	Bacteria	Firmicutes	Clostridia	Clostridiales	Clostridiales_Incertae_Sedis_XI	Parvimonas		k__Bacteria;p__Firmicutes;c__Clostridia;o__Clostridiales;f__Clostridiales_Incertae_Sedis_XI;g__Parvimonas;s__;d__denovo1250
xiang_denovo448	Bacteria	Firmicutes	Clostridia	Clostridiales	Lachnospiraceae			k__Bacteria;p__Firmicutes;c__Clostridia;o__Clostridiales;f__Lachnospiraceae;g__;s__;d__denovo448
xiang_denovo1252	Bacteria	Firmicutes	Clostridia	Clostridiales	Lachnospiraceae	Ruminococcus2		k__Bacteria;p__Firmicutes;c__Clostridia;o__Clostridiales;f__Lachnospiraceae;g__Ruminococcus2;s__;d__denovo1252
xiang_denovo446	Bacteria	Actinobacteria	Actinobacteria	Bifidobacteriales	Bifidobacteriaceae	Bifidobacterium		k__Bacteria;p__Actinobacteria;c__Actinobacteria;o__Bifidobacteriales;f__Bifidobacteriaceae;g__Bifidobacterium;s__;d__denovo446
xiang_denovo447	Bacteria	Firmicutes	Bacilli	Lactobacillales	Streptococcaceae	Streptococcus		k__Bacteria;p__Firmicutes;c__Bacilli;o__Lactobacillales;f__Streptococcaceae;g__Streptococcus;s__;d__denovo447
xiang_denovo444	Bacteria	Firmicutes	Clostridia	Clostridiales	Lachnospiraceae			k__Bacteria;p__Firmicutes;c__Clostridia;o__Clostridiales;f__Lachnospiraceae;g__;s__;d__denovo444
xiang_denovo445	Bacteria	Bacteroidetes	Bacteroidia	Bacteroidales	Bacteroidaceae	Bacteroides		k__Bacteria;p__Bacteroidetes;c__Bacteroidia;o__Bacteroidales;f__Bacteroidaceae;g__Bacteroides;s__;d__denovo445
xiang_denovo442	Bacteria	Firmicutes	Clostridia	Clostridiales	Lachnospiraceae			k__Bacteria;p__Firmicutes;c__Clostridia;o__Clostridiales;f__Lachnospiraceae;g__;s__;d__denovo442
xiang_denovo1258	Bacteria	Firmicutes	Clostridia	Clostridiales	Ruminococcaceae	Flavonifractor		k__Bacteria;p__Firmicutes;c__Clostridia;o__Clostridiales;f__Ruminococcaceae;g__Flavonifractor;s__;d__denovo1258
xiang_denovo440	Bacteria	Firmicutes	Clostridia	Clostridiales	Ruminococcaceae	Saccharofermentans		k__Bacteria;p__Firmicutes;c__Clostridia;o__Clostridiales;f__Ruminococcaceae;g__Saccharofermentans;s__;d__denovo440
xiang_denovo441	Bacteria	Firmicutes	Clostridia	Clostridiales	Ruminococcaceae	Flavonifractor		k__Bacteria;p__Firmicutes;c__Clostridia;o__Clostridiales;f__Ruminococcaceae;g__Flavonifractor;s__;d__denovo441
xiang_denovo288	Bacteria	Firmicutes	Clostridia	Clostridiales	Lachnospiraceae			k__Bacteria;p__Firmicutes;c__Clostridia;o__Clostridiales;f__Lachnospiraceae;g__;s__;d__denovo288
xiang_denovo289	Bacteria	Firmicutes	Clostridia	Clostridiales	Lachnospiraceae	Blautia		k__Bacteria;p__Firmicutes;c__Clostridia;o__Clostridiales;f__Lachnospiraceae;g__Blautia;s__;d__denovo289
xiang_denovo284	Bacteria	Fusobacteria	Fusobacteriia	Fusobacteriales	Fusobacteriaceae	Fusobacterium		k__Bacteria;p__Fusobacteria;c__Fusobacteriia;o__Fusobacteriales;f__Fusobacteriaceae;g__Fusobacterium;s__;d__denovo284
xiang_denovo285	Bacteria	Proteobacteria	Gammaproteobacteria	Enterobacteriales	Enterobacteriaceae	Klebsiella		k__Bacteria;p__Proteobacteria;c__Gammaproteobacteria;o__Enterobacteriales;f__Enterobacteriaceae;g__Klebsiella;s__;d__denovo285
xiang_denovo286	Bacteria	Firmicutes	Clostridia	Clostridiales	Lachnospiraceae	Roseburia		k__Bacteria;p__Firmicutes;c__Clostridia;o__Clostridiales;f__Lachnospiraceae;g__Roseburia;s__;d__denovo286
xiang_denovo287	Bacteria	Fusobacteria	Fusobacteriia	Fusobacteriales	Fusobacteriaceae	Fusobacterium		k__Bacteria;p__Fusobacteria;c__Fusobacteriia;o__Fusobacteriales;f__Fusobacteriaceae;g__Fusobacterium;s__;d__denovo287
xiang_denovo280	Bacteria	Firmicutes	Clostridia	Clostridiales	Lachnospiraceae			k__Bacteria;p__Firmicutes;c__Clostridia;o__Clostridiales;f__Lachnospiraceae;g__;s__;d__denovo280
xiang_denovo281	Bacteria	Proteobacteria	Gammaproteobacteria	Enterobacteriales	Enterobacteriaceae	Klebsiella		k__Bacteria;p__Proteobacteria;c__Gammaproteobacteria;o__Enterobacteriales;f__Enterobacteriaceae;g__Klebsiella;s__;d__denovo281
xiang_denovo282	Bacteria	Firmicutes	Clostridia	Clostridiales	Lachnospiraceae	Pseudobutyrivibrio		k__Bacteria;p__Firmicutes;c__Clostridia;o__Clostridiales;f__Lachnospiraceae;g__Pseudobutyrivibrio;s__;d__denovo282
xiang_denovo283	Bacteria	Firmicutes	Clostridia	Clostridiales	Clostridiales_Incertae_Sedis_XI	Anaerococcus		k__Bacteria;p__Firmicutes;c__Clostridia;o__Clostridiales;f__Clostridiales_Incertae_Sedis_XI;g__Anaerococcus;s__;d__denovo283
xiang_denovo666	Bacteria	Firmicutes	Clostridia	Clostridiales	Lachnospiraceae	Roseburia		k__Bacteria;p__Firmicutes;c__Clostridia;o__Clostridiales;f__Lachnospiraceae;g__Roseburia;s__;d__denovo666
xiang_denovo667	Bacteria	Firmicutes	Bacilli	Lactobacillales	Enterococcaceae	Enterococcus		k__Bacteria;p__Firmicutes;c__Bacilli;o__Lactobacillales;f__Enterococcaceae;g__Enterococcus;s__;d__denovo667
xiang_denovo664	Bacteria	Firmicutes	Clostridia	Clostridiales	Lachnospiraceae			k__Bacteria;p__Firmicutes;c__Clostridia;o__Clostridiales;f__Lachnospiraceae;g__;s__;d__denovo664
xiang_denovo665	Bacteria	Proteobacteria	Gammaproteobacteria	Enterobacteriales	Enterobacteriaceae	Raoultella		k__Bacteria;p__Proteobacteria;c__Gammaproteobacteria;o__Enterobacteriales;f__Enterobacteriaceae;g__Raoultella;s__;d__denovo665
xiang_denovo662	Bacteria	Firmicutes	Clostridia	Clostridiales	Lachnospiraceae			k__Bacteria;p__Firmicutes;c__Clostridia;o__Clostridiales;f__Lachnospiraceae;g__;s__;d__denovo662
xiang_denovo663	Bacteria	Firmicutes	Clostridia	Clostridiales	Lachnospiraceae			k__Bacteria;p__Firmicutes;c__Clostridia;o__Clostridiales;f__Lachnospiraceae;g__;s__;d__denovo663
xiang_denovo660	Bacteria	Firmicutes	Negativicutes	Selenomonadales	Veillonellaceae	Veillonella		k__Bacteria;p__Firmicutes;c__Negativicutes;o__Selenomonadales;f__Veillonellaceae;g__Veillonella;s__;d__denovo660
xiang_denovo661	Bacteria	Firmicutes	Clostridia	Clostridiales	Ruminococcaceae	Faecalibacterium		k__Bacteria;p__Firmicutes;c__Clostridia;o__Clostridiales;f__Ruminococcaceae;g__Faecalibacterium;s__;d__denovo661
xiang_denovo668	Bacteria	Firmicutes	Clostridia	Clostridiales	Ruminococcaceae	Faecalibacterium		k__Bacteria;p__Firmicutes;c__Clostridia;o__Clostridiales;f__Ruminococcaceae;g__Faecalibacterium;s__;d__denovo668
xiang_denovo669	Bacteria	Firmicutes	Clostridia	Clostridiales	Ruminococcaceae	Pseudoflavonifractor		k__Bacteria;p__Firmicutes;c__Clostridia;o__Clostridiales;f__Ruminococcaceae;g__Pseudoflavonifractor;s__;d__denovo669
xiang_denovo183	Bacteria	Bacteroidetes	Bacteroidia	Bacteroidales	Porphyromonadaceae			k__Bacteria;p__Bacteroidetes;c__Bacteroidia;o__Bacteroidales;f__Porphyromonadaceae;g__;s__;d__denovo183
xiang_denovo1229	Bacteria	Firmicutes	Clostridia	Clostridiales	Lachnospiraceae			k__Bacteria;p__Firmicutes;c__Clostridia;o__Clostridiales;f__Lachnospiraceae;g__;s__;d__denovo1229
xiang_denovo718	Bacteria	Firmicutes	Clostridia	Clostridiales	Lachnospiraceae			k__Bacteria;p__Firmicutes;c__Clostridia;o__Clostridiales;f__Lachnospiraceae;g__;s__;d__denovo718
xiang_denovo719	Bacteria	Firmicutes	Clostridia	Clostridiales	Lachnospiraceae	Roseburia		k__Bacteria;p__Firmicutes;c__Clostridia;o__Clostridiales;f__Lachnospiraceae;g__Roseburia;s__;d__denovo719
xiang_denovo712	Bacteria	Firmicutes	Clostridia	Clostridiales	Lachnospiraceae			k__Bacteria;p__Firmicutes;c__Clostridia;o__Clostridiales;f__Lachnospiraceae;g__;s__;d__denovo712
xiang_denovo713	Bacteria	Fusobacteria	Fusobacteriia	Fusobacteriales	Fusobacteriaceae	Fusobacterium		k__Bacteria;p__Fusobacteria;c__Fusobacteriia;o__Fusobacteriales;f__Fusobacteriaceae;g__Fusobacterium;s__;d__denovo713
xiang_denovo710	Bacteria	Firmicutes	Clostridia	Clostridiales	Lachnospiraceae	Roseburia		k__Bacteria;p__Firmicutes;c__Clostridia;o__Clostridiales;f__Lachnospiraceae;g__Roseburia;s__;d__denovo710
xiang_denovo711	Bacteria	Firmicutes	Clostridia	Clostridiales	Ruminococcaceae	Faecalibacterium		k__Bacteria;p__Firmicutes;c__Clostridia;o__Clostridiales;f__Ruminococcaceae;g__Faecalibacterium;s__;d__denovo711
xiang_denovo716	Bacteria	Proteobacteria	Betaproteobacteria	Burkholderiales	Sutterellaceae	Sutterella		k__Bacteria;p__Proteobacteria;c__Betaproteobacteria;o__Burkholderiales;f__Sutterellaceae;g__Sutterella;s__;d__denovo716
xiang_denovo717	Bacteria	Firmicutes	Erysipelotrichia	Erysipelotrichales	Erysipelotrichaceae	Erysipelotrichaceae_incertae_sedis		k__Bacteria;p__Firmicutes;c__Erysipelotrichia;o__Erysipelotrichales;f__Erysipelotrichaceae;g__Erysipelotrichaceae_incertae_sedis;s__;d__denovo717
xiang_denovo714	Bacteria	Firmicutes	Clostridia	Clostridiales	Lachnospiraceae			k__Bacteria;p__Firmicutes;c__Clostridia;o__Clostridiales;f__Lachnospiraceae;g__;s__;d__denovo714
xiang_denovo715	Bacteria	Firmicutes	Clostridia	Clostridiales	Lachnospiraceae	Clostridium_XlVa		k__Bacteria;p__Firmicutes;c__Clostridia;o__Clostridiales;f__Lachnospiraceae;g__Clostridium_XlVa;s__;d__denovo715
xiang_denovo189	Bacteria							k__Bacteria;p__;c__;o__;f__;g__;s__;d__denovo189
xiang_denovo188	Bacteria	Firmicutes	Bacilli	Lactobacillales	Leuconostocaceae	Weissella		k__Bacteria;p__Firmicutes;c__Bacilli;o__Lactobacillales;f__Leuconostocaceae;g__Weissella;s__;d__denovo188
xiang_denovo852	Bacteria	Firmicutes	Clostridia	Clostridiales	Lachnospiraceae	Clostridium_XlVa		k__Bacteria;p__Firmicutes;c__Clostridia;o__Clostridiales;f__Lachnospiraceae;g__Clostridium_XlVa;s__;d__denovo852
xiang_denovo842	Bacteria	Firmicutes	Clostridia	Clostridiales	Lachnospiraceae			k__Bacteria;p__Firmicutes;c__Clostridia;o__Clostridiales;f__Lachnospiraceae;g__;s__;d__denovo842
xiang_denovo843	Bacteria	Firmicutes	Clostridia	Clostridiales	Lachnospiraceae	Roseburia		k__Bacteria;p__Firmicutes;c__Clostridia;o__Clostridiales;f__Lachnospiraceae;g__Roseburia;s__;d__denovo843
xiang_denovo840	Bacteria	Firmicutes	Bacilli	Bacillales	Bacillales_Incertae_Sedis_XI	Gemella		k__Bacteria;p__Firmicutes;c__Bacilli;o__Bacillales;f__Bacillales_Incertae_Sedis_XI;g__Gemella;s__;d__denovo840
xiang_denovo841	Bacteria	Firmicutes	Clostridia	Clostridiales	Lachnospiraceae	Roseburia		k__Bacteria;p__Firmicutes;c__Clostridia;o__Clostridiales;f__Lachnospiraceae;g__Roseburia;s__;d__denovo841
xiang_denovo846	Bacteria	Firmicutes	Clostridia	Clostridiales	Ruminococcaceae	Faecalibacterium		k__Bacteria;p__Firmicutes;c__Clostridia;o__Clostridiales;f__Ruminococcaceae;g__Faecalibacterium;s__;d__denovo846
xiang_denovo847	Bacteria	Firmicutes	Clostridia	Clostridiales				k__Bacteria;p__Firmicutes;c__Clostridia;o__Clostridiales;f__;g__;s__;d__denovo847
xiang_denovo844	Bacteria	Firmicutes						k__Bacteria;p__Firmicutes;c__;o__;f__;g__;s__;d__denovo844
xiang_denovo845	Bacteria	Firmicutes	Clostridia	Clostridiales				k__Bacteria;p__Firmicutes;c__Clostridia;o__Clostridiales;f__;g__;s__;d__denovo845
xiang_denovo848	Bacteria	Firmicutes	Clostridia	Clostridiales	Lachnospiraceae	Ruminococcus2		k__Bacteria;p__Firmicutes;c__Clostridia;o__Clostridiales;f__Lachnospiraceae;g__Ruminococcus2;s__;d__denovo848
xiang_denovo849	Bacteria	Firmicutes	Clostridia	Clostridiales	Lachnospiraceae			k__Bacteria;p__Firmicutes;c__Clostridia;o__Clostridiales;f__Lachnospiraceae;g__;s__;d__denovo849
xiang_denovo1080	Bacteria	Firmicutes	Clostridia	Clostridiales	Lachnospiraceae	Lachnospiracea_incertae_sedis		k__Bacteria;p__Firmicutes;c__Clostridia;o__Clostridiales;f__Lachnospiraceae;g__Lachnospiracea_incertae_sedis;s__;d__denovo1080
xiang_denovo1081	Bacteria	Firmicutes	Clostridia	Clostridiales	Ruminococcaceae	Flavonifractor		k__Bacteria;p__Firmicutes;c__Clostridia;o__Clostridiales;f__Ruminococcaceae;g__Flavonifractor;s__;d__denovo1081
xiang_denovo1082	Bacteria							k__Bacteria;p__;c__;o__;f__;g__;s__;d__denovo1082
xiang_denovo1083	Bacteria	Firmicutes	Clostridia	Clostridiales	Lachnospiraceae	Clostridium_XlVb		k__Bacteria;p__Firmicutes;c__Clostridia;o__Clostridiales;f__Lachnospiraceae;g__Clostridium_XlVb;s__;d__denovo1083
xiang_denovo1084	Bacteria	Firmicutes	Clostridia	Clostridiales	Lachnospiraceae	Blautia		k__Bacteria;p__Firmicutes;c__Clostridia;o__Clostridiales;f__Lachnospiraceae;g__Blautia;s__;d__denovo1084
xiang_denovo1085	Bacteria	Firmicutes	Clostridia	Clostridiales	Lachnospiraceae	Roseburia		k__Bacteria;p__Firmicutes;c__Clostridia;o__Clostridiales;f__Lachnospiraceae;g__Roseburia;s__;d__denovo1085
xiang_denovo1086	Bacteria	Firmicutes	Clostridia	Clostridiales	Peptostreptococcaceae	Peptostreptococcus		k__Bacteria;p__Firmicutes;c__Clostridia;o__Clostridiales;f__Peptostreptococcaceae;g__Peptostreptococcus;s__;d__denovo1086
xiang_denovo1087	Bacteria	Firmicutes						k__Bacteria;p__Firmicutes;c__;o__;f__;g__;s__;d__denovo1087
xiang_denovo1088	Bacteria	Firmicutes	Clostridia	Clostridiales	Ruminococcaceae	Gemmiger		k__Bacteria;p__Firmicutes;c__Clostridia;o__Clostridiales;f__Ruminococcaceae;g__Gemmiger;s__;d__denovo1088
xiang_denovo1089	Bacteria	Bacteroidetes	Bacteroidia	Bacteroidales	Bacteroidaceae	Bacteroides		k__Bacteria;p__Bacteroidetes;c__Bacteroidia;o__Bacteroidales;f__Bacteroidaceae;g__Bacteroides;s__;d__denovo1089
xiang_denovo1394	Bacteria	Firmicutes	Clostridia	Clostridiales	Eubacteriaceae	Eubacterium		k__Bacteria;p__Firmicutes;c__Clostridia;o__Clostridiales;f__Eubacteriaceae;g__Eubacterium;s__;d__denovo1394
xiang_denovo1395	Bacteria	Firmicutes	Clostridia	Clostridiales				k__Bacteria;p__Firmicutes;c__Clostridia;o__Clostridiales;f__;g__;s__;d__denovo1395
xiang_denovo1464	Bacteria	Firmicutes	Clostridia	Clostridiales	Clostridiales_Incertae_Sedis_XI	Parvimonas		k__Bacteria;p__Firmicutes;c__Clostridia;o__Clostridiales;f__Clostridiales_Incertae_Sedis_XI;g__Parvimonas;s__;d__denovo1464
xiang_denovo1465	Bacteria	Firmicutes	Clostridia	Clostridiales	Lachnospiraceae			k__Bacteria;p__Firmicutes;c__Clostridia;o__Clostridiales;f__Lachnospiraceae;g__;s__;d__denovo1465
xiang_denovo1390	Bacteria	Firmicutes	Clostridia	Clostridiales	Lachnospiraceae	Pseudobutyrivibrio		k__Bacteria;p__Firmicutes;c__Clostridia;o__Clostridiales;f__Lachnospiraceae;g__Pseudobutyrivibrio;s__;d__denovo1390
xiang_denovo1391	Bacteria	Proteobacteria	Gammaproteobacteria	Enterobacteriales	Enterobacteriaceae	Escherichia/Shigella		k__Bacteria;p__Proteobacteria;c__Gammaproteobacteria;o__Enterobacteriales;f__Enterobacteriaceae;g__Escherichia/Shigella;s__;d__denovo1391
xiang_denovo1460	Bacteria	Firmicutes	Clostridia	Clostridiales	Lachnospiraceae	Lachnospiracea_incertae_sedis		k__Bacteria;p__Firmicutes;c__Clostridia;o__Clostridiales;f__Lachnospiraceae;g__Lachnospiracea_incertae_sedis;s__;d__denovo1460
xiang_denovo1393	Bacteria	Firmicutes	Clostridia	Clostridiales	Lachnospiraceae			k__Bacteria;p__Firmicutes;c__Clostridia;o__Clostridiales;f__Lachnospiraceae;g__;s__;d__denovo1393
xiang_denovo1398	Bacteria	Bacteroidetes	Bacteroidia	Bacteroidales	Bacteroidaceae	Bacteroides		k__Bacteria;p__Bacteroidetes;c__Bacteroidia;o__Bacteroidales;f__Bacteroidaceae;g__Bacteroides;s__;d__denovo1398
xiang_denovo1399	Bacteria	Firmicutes	Clostridia	Clostridiales	Lachnospiraceae	Pseudobutyrivibrio		k__Bacteria;p__Firmicutes;c__Clostridia;o__Clostridiales;f__Lachnospiraceae;g__Pseudobutyrivibrio;s__;d__denovo1399
xiang_denovo1468	Bacteria	Proteobacteria	Gammaproteobacteria	Enterobacteriales	Enterobacteriaceae	Escherichia/Shigella		k__Bacteria;p__Proteobacteria;c__Gammaproteobacteria;o__Enterobacteriales;f__Enterobacteriaceae;g__Escherichia/Shigella;s__;d__denovo1468
xiang_denovo1469	Bacteria	Firmicutes	Clostridia	Clostridiales	Lachnospiraceae			k__Bacteria;p__Firmicutes;c__Clostridia;o__Clostridiales;f__Lachnospiraceae;g__;s__;d__denovo1469
xiang_denovo1238	Bacteria	Firmicutes	Erysipelotrichia	Erysipelotrichales	Erysipelotrichaceae			k__Bacteria;p__Firmicutes;c__Erysipelotrichia;o__Erysipelotrichales;f__Erysipelotrichaceae;g__;s__;d__denovo1238
xiang_denovo385	Bacteria	Firmicutes	Clostridia	Clostridiales	Ruminococcaceae			k__Bacteria;p__Firmicutes;c__Clostridia;o__Clostridiales;f__Ruminococcaceae;g__;s__;d__denovo385
xiang_denovo384	Bacteria	Firmicutes	Clostridia	Clostridiales	Ruminococcaceae			k__Bacteria;p__Firmicutes;c__Clostridia;o__Clostridiales;f__Ruminococcaceae;g__;s__;d__denovo384
xiang_denovo387	Bacteria	Firmicutes	Clostridia	Clostridiales	Lachnospiraceae			k__Bacteria;p__Firmicutes;c__Clostridia;o__Clostridiales;f__Lachnospiraceae;g__;s__;d__denovo387
xiang_denovo386	Bacteria	Firmicutes	Clostridia	Clostridiales	Lachnospiraceae	Ruminococcus2		k__Bacteria;p__Firmicutes;c__Clostridia;o__Clostridiales;f__Lachnospiraceae;g__Ruminococcus2;s__;d__denovo386
xiang_denovo381	Bacteria	Firmicutes	Clostridia	Clostridiales	Lachnospiraceae	Roseburia		k__Bacteria;p__Firmicutes;c__Clostridia;o__Clostridiales;f__Lachnospiraceae;g__Roseburia;s__;d__denovo381
xiang_denovo380	Bacteria	Firmicutes	Clostridia	Clostridiales	Lachnospiraceae			k__Bacteria;p__Firmicutes;c__Clostridia;o__Clostridiales;f__Lachnospiraceae;g__;s__;d__denovo380
xiang_denovo383	Bacteria	Firmicutes	Clostridia	Clostridiales	Lachnospiraceae	Lachnospira		k__Bacteria;p__Firmicutes;c__Clostridia;o__Clostridiales;f__Lachnospiraceae;g__Lachnospira;s__;d__denovo383
xiang_denovo382	Bacteria	Firmicutes	Clostridia	Clostridiales	Lachnospiraceae			k__Bacteria;p__Firmicutes;c__Clostridia;o__Clostridiales;f__Lachnospiraceae;g__;s__;d__denovo382
xiang_denovo389	Bacteria	Firmicutes	Clostridia	Clostridiales	Lachnospiraceae	Ruminococcus2		k__Bacteria;p__Firmicutes;c__Clostridia;o__Clostridiales;f__Lachnospiraceae;g__Ruminococcus2;s__;d__denovo389
xiang_denovo388	Bacteria	Firmicutes	Clostridia	Clostridiales	Ruminococcaceae	Faecalibacterium		k__Bacteria;p__Firmicutes;c__Clostridia;o__Clostridiales;f__Ruminococcaceae;g__Faecalibacterium;s__;d__denovo388
xiang_denovo1268	Bacteria							k__Bacteria;p__;c__;o__;f__;g__;s__;d__denovo1268
xiang_denovo1269	Bacteria	Firmicutes	Clostridia	Clostridiales	Lachnospiraceae	Roseburia		k__Bacteria;p__Firmicutes;c__Clostridia;o__Clostridiales;f__Lachnospiraceae;g__Roseburia;s__;d__denovo1269
xiang_denovo1260	Bacteria	Firmicutes	Clostridia	Clostridiales	Lachnospiraceae	Roseburia		k__Bacteria;p__Firmicutes;c__Clostridia;o__Clostridiales;f__Lachnospiraceae;g__Roseburia;s__;d__denovo1260
xiang_denovo1261	Bacteria	Firmicutes	Clostridia	Clostridiales	Eubacteriaceae	Eubacterium		k__Bacteria;p__Firmicutes;c__Clostridia;o__Clostridiales;f__Eubacteriaceae;g__Eubacterium;s__;d__denovo1261
xiang_denovo1262	Bacteria	Firmicutes	Clostridia	Clostridiales	Lachnospiraceae	Clostridium_XlVa		k__Bacteria;p__Firmicutes;c__Clostridia;o__Clostridiales;f__Lachnospiraceae;g__Clostridium_XlVa;s__;d__denovo1262
xiang_denovo1263	Bacteria	Firmicutes	Clostridia	Clostridiales	Ruminococcaceae			k__Bacteria;p__Firmicutes;c__Clostridia;o__Clostridiales;f__Ruminococcaceae;g__;s__;d__denovo1263
xiang_denovo1264	Bacteria	Bacteroidetes	Bacteroidia	Bacteroidales	Bacteroidaceae	Bacteroides		k__Bacteria;p__Bacteroidetes;c__Bacteroidia;o__Bacteroidales;f__Bacteroidaceae;g__Bacteroides;s__;d__denovo1264
xiang_denovo1265	Bacteria	Firmicutes	Clostridia	Clostridiales	Lachnospiraceae	Clostridium_XlVa		k__Bacteria;p__Firmicutes;c__Clostridia;o__Clostridiales;f__Lachnospiraceae;g__Clostridium_XlVa;s__;d__denovo1265
xiang_denovo1266	Bacteria	Firmicutes	Clostridia	Clostridiales	Lachnospiraceae			k__Bacteria;p__Firmicutes;c__Clostridia;o__Clostridiales;f__Lachnospiraceae;g__;s__;d__denovo1266
xiang_denovo1267	Bacteria	Firmicutes	Clostridia	Clostridiales	Lachnospiraceae	Roseburia		k__Bacteria;p__Firmicutes;c__Clostridia;o__Clostridiales;f__Lachnospiraceae;g__Roseburia;s__;d__denovo1267
xiang_denovo473	Bacteria	Firmicutes	Bacilli	Lactobacillales	Streptococcaceae	Streptococcus		k__Bacteria;p__Firmicutes;c__Bacilli;o__Lactobacillales;f__Streptococcaceae;g__Streptococcus;s__;d__denovo473
xiang_denovo472	Bacteria	Firmicutes	Clostridia	Clostridiales				k__Bacteria;p__Firmicutes;c__Clostridia;o__Clostridiales;f__;g__;s__;d__denovo472
xiang_denovo471	Bacteria	Proteobacteria	Deltaproteobacteria	Desulfovibrionales				k__Bacteria;p__Proteobacteria;c__Deltaproteobacteria;o__Desulfovibrionales;f__;g__;s__;d__denovo471
xiang_denovo1069	Bacteria	Firmicutes	Clostridia	Clostridiales	Lachnospiraceae			k__Bacteria;p__Firmicutes;c__Clostridia;o__Clostridiales;f__Lachnospiraceae;g__;s__;d__denovo1069
xiang_denovo477	Bacteria	Firmicutes	Clostridia	Clostridiales	Ruminococcaceae	Gemmiger		k__Bacteria;p__Firmicutes;c__Clostridia;o__Clostridiales;f__Ruminococcaceae;g__Gemmiger;s__;d__denovo477
xiang_denovo476	Bacteria	Firmicutes	Clostridia	Clostridiales	Lachnospiraceae	Blautia		k__Bacteria;p__Firmicutes;c__Clostridia;o__Clostridiales;f__Lachnospiraceae;g__Blautia;s__;d__denovo476
xiang_denovo475	Bacteria	Firmicutes	Clostridia	Clostridiales	Lachnospiraceae	Pseudobutyrivibrio		k__Bacteria;p__Firmicutes;c__Clostridia;o__Clostridiales;f__Lachnospiraceae;g__Pseudobutyrivibrio;s__;d__denovo475
xiang_denovo474	Bacteria	Firmicutes	Clostridia	Clostridiales	Ruminococcaceae	Gemmiger		k__Bacteria;p__Firmicutes;c__Clostridia;o__Clostridiales;f__Ruminococcaceae;g__Gemmiger;s__;d__denovo474
xiang_denovo1062	Bacteria	Firmicutes	Clostridia	Clostridiales	Lachnospiraceae			k__Bacteria;p__Firmicutes;c__Clostridia;o__Clostridiales;f__Lachnospiraceae;g__;s__;d__denovo1062
xiang_denovo1063	Bacteria	Firmicutes	Clostridia	Clostridiales	Ruminococcaceae	Faecalibacterium		k__Bacteria;p__Firmicutes;c__Clostridia;o__Clostridiales;f__Ruminococcaceae;g__Faecalibacterium;s__;d__denovo1063
xiang_denovo1060	Bacteria	Actinobacteria	Actinobacteria	Actinomycetales	Actinomycetaceae	Actinomyces		k__Bacteria;p__Actinobacteria;c__Actinobacteria;o__Actinomycetales;f__Actinomycetaceae;g__Actinomyces;s__;d__denovo1060
xiang_denovo1061	Bacteria	Firmicutes	Clostridia	Clostridiales	Incertae_Sedis_XI	Murdochiella		k__Bacteria;p__Firmicutes;c__Clostridia;o__Clostridiales;f__Incertae_Sedis_XI;g__Murdochiella;s__;d__denovo1061
xiang_denovo1066	Bacteria	Firmicutes	Clostridia	Clostridiales	Ruminococcaceae	Faecalibacterium		k__Bacteria;p__Firmicutes;c__Clostridia;o__Clostridiales;f__Ruminococcaceae;g__Faecalibacterium;s__;d__denovo1066
xiang_denovo1067	Bacteria	Proteobacteria	Gammaproteobacteria	Enterobacteriales	Enterobacteriaceae	Escherichia/Shigella		k__Bacteria;p__Proteobacteria;c__Gammaproteobacteria;o__Enterobacteriales;f__Enterobacteriaceae;g__Escherichia/Shigella;s__;d__denovo1067
xiang_denovo1064	Bacteria	Firmicutes	Clostridia	Clostridiales	Lachnospiraceae	Howardella		k__Bacteria;p__Firmicutes;c__Clostridia;o__Clostridiales;f__Lachnospiraceae;g__Howardella;s__;d__denovo1064
xiang_denovo1065	Bacteria	Firmicutes	Clostridia	Clostridiales	Ruminococcaceae	Faecalibacterium		k__Bacteria;p__Firmicutes;c__Clostridia;o__Clostridiales;f__Ruminococcaceae;g__Faecalibacterium;s__;d__denovo1065
xiang_denovo271	Bacteria	Firmicutes	Bacilli	Lactobacillales	Enterococcaceae	Enterococcus		k__Bacteria;p__Firmicutes;c__Bacilli;o__Lactobacillales;f__Enterococcaceae;g__Enterococcus;s__;d__denovo271
xiang_denovo270	Bacteria	Firmicutes	Clostridia	Clostridiales	Lachnospiraceae			k__Bacteria;p__Firmicutes;c__Clostridia;o__Clostridiales;f__Lachnospiraceae;g__;s__;d__denovo270
xiang_denovo273	Bacteria	Firmicutes	Clostridia	Clostridiales	Lachnospiraceae	Clostridium_XlVa		k__Bacteria;p__Firmicutes;c__Clostridia;o__Clostridiales;f__Lachnospiraceae;g__Clostridium_XlVa;s__;d__denovo273
xiang_denovo272	Bacteria	Firmicutes	Clostridia	Clostridiales	Lachnospiraceae			k__Bacteria;p__Firmicutes;c__Clostridia;o__Clostridiales;f__Lachnospiraceae;g__;s__;d__denovo272
xiang_denovo275	Bacteria	Firmicutes	Clostridia	Clostridiales	Ruminococcaceae	Faecalibacterium		k__Bacteria;p__Firmicutes;c__Clostridia;o__Clostridiales;f__Ruminococcaceae;g__Faecalibacterium;s__;d__denovo275
xiang_denovo274	Bacteria	Firmicutes	Clostridia	Clostridiales	Eubacteriaceae	Eubacterium		k__Bacteria;p__Firmicutes;c__Clostridia;o__Clostridiales;f__Eubacteriaceae;g__Eubacterium;s__;d__denovo274
xiang_denovo277	Bacteria	Firmicutes	Clostridia	Clostridiales	Lachnospiraceae			k__Bacteria;p__Firmicutes;c__Clostridia;o__Clostridiales;f__Lachnospiraceae;g__;s__;d__denovo277
xiang_denovo276	Bacteria	Firmicutes	Clostridia	Clostridiales	Lachnospiraceae			k__Bacteria;p__Firmicutes;c__Clostridia;o__Clostridiales;f__Lachnospiraceae;g__;s__;d__denovo276
xiang_denovo279	Bacteria	Firmicutes	Clostridia	Clostridiales	Lachnospiraceae	Clostridium_XlVa		k__Bacteria;p__Firmicutes;c__Clostridia;o__Clostridiales;f__Lachnospiraceae;g__Clostridium_XlVa;s__;d__denovo279
xiang_denovo278	Bacteria	Firmicutes	Clostridia	Clostridiales	Lachnospiraceae	Dorea		k__Bacteria;p__Firmicutes;c__Clostridia;o__Clostridiales;f__Lachnospiraceae;g__Dorea;s__;d__denovo278
xiang_denovo499	Bacteria							k__Bacteria;p__;c__;o__;f__;g__;s__;d__denovo499
xiang_denovo498	Bacteria	Firmicutes	Clostridia	Clostridiales	Lachnospiraceae			k__Bacteria;p__Firmicutes;c__Clostridia;o__Clostridiales;f__Lachnospiraceae;g__;s__;d__denovo498
xiang_denovo1028	Bacteria	Firmicutes	Clostridia	Clostridiales	Lachnospiraceae	Dorea		k__Bacteria;p__Firmicutes;c__Clostridia;o__Clostridiales;f__Lachnospiraceae;g__Dorea;s__;d__denovo1028
xiang_denovo491	Bacteria	Bacteroidetes	Bacteroidia	Bacteroidales	Porphyromonadaceae	Parabacteroides		k__Bacteria;p__Bacteroidetes;c__Bacteroidia;o__Bacteroidales;f__Porphyromonadaceae;g__Parabacteroides;s__;d__denovo491
xiang_denovo490	Bacteria	Bacteroidetes	Bacteroidia	Bacteroidales	Bacteroidaceae	Bacteroides		k__Bacteria;p__Bacteroidetes;c__Bacteroidia;o__Bacteroidales;f__Bacteroidaceae;g__Bacteroides;s__;d__denovo490
xiang_denovo493	Bacteria	Firmicutes	Clostridia	Clostridiales	Ruminococcaceae	Pseudoflavonifractor		k__Bacteria;p__Firmicutes;c__Clostridia;o__Clostridiales;f__Ruminococcaceae;g__Pseudoflavonifractor;s__;d__denovo493
xiang_denovo492	Bacteria	Firmicutes	Clostridia	Clostridiales	Lachnospiraceae			k__Bacteria;p__Firmicutes;c__Clostridia;o__Clostridiales;f__Lachnospiraceae;g__;s__;d__denovo492
xiang_denovo495	Bacteria	Firmicutes	Clostridia	Clostridiales	Lachnospiraceae	Roseburia		k__Bacteria;p__Firmicutes;c__Clostridia;o__Clostridiales;f__Lachnospiraceae;g__Roseburia;s__;d__denovo495
xiang_denovo494	Bacteria	Firmicutes	Clostridia	Clostridiales	Incertae_Sedis_XI	Murdochiella		k__Bacteria;p__Firmicutes;c__Clostridia;o__Clostridiales;f__Incertae_Sedis_XI;g__Murdochiella;s__;d__denovo494
xiang_denovo497	Bacteria	Firmicutes	Clostridia	Clostridiales	Lachnospiraceae	Blautia		k__Bacteria;p__Firmicutes;c__Clostridia;o__Clostridiales;f__Lachnospiraceae;g__Blautia;s__;d__denovo497
xiang_denovo496	Bacteria	Firmicutes	Clostridia	Clostridiales	Lachnospiraceae	Blautia		k__Bacteria;p__Firmicutes;c__Clostridia;o__Clostridiales;f__Lachnospiraceae;g__Blautia;s__;d__denovo496
xiang_denovo729	Bacteria	Firmicutes	Bacilli	Lactobacillales	Enterococcaceae	Enterococcus		k__Bacteria;p__Firmicutes;c__Bacilli;o__Lactobacillales;f__Enterococcaceae;g__Enterococcus;s__;d__denovo729
xiang_denovo728	Bacteria	Firmicutes	Negativicutes	Selenomonadales	Veillonellaceae	Selenomonas		k__Bacteria;p__Firmicutes;c__Negativicutes;o__Selenomonadales;f__Veillonellaceae;g__Selenomonas;s__;d__denovo728
xiang_denovo727	Bacteria	Bacteroidetes	Bacteroidia	Bacteroidales	Prevotellaceae	Paraprevotella		k__Bacteria;p__Bacteroidetes;c__Bacteroidia;o__Bacteroidales;f__Prevotellaceae;g__Paraprevotella;s__;d__denovo727
xiang_denovo726	Bacteria	Firmicutes	Clostridia	Clostridiales	Ruminococcaceae	Oscillibacter		k__Bacteria;p__Firmicutes;c__Clostridia;o__Clostridiales;f__Ruminococcaceae;g__Oscillibacter;s__;d__denovo726
xiang_denovo725	Bacteria	Firmicutes	Clostridia	Clostridiales	Ruminococcaceae			k__Bacteria;p__Firmicutes;c__Clostridia;o__Clostridiales;f__Ruminococcaceae;g__;s__;d__denovo725
xiang_denovo724	Bacteria	Firmicutes	Clostridia	Clostridiales	Lachnospiraceae			k__Bacteria;p__Firmicutes;c__Clostridia;o__Clostridiales;f__Lachnospiraceae;g__;s__;d__denovo724
xiang_denovo723	Bacteria	Firmicutes	Clostridia	Clostridiales	Lachnospiraceae			k__Bacteria;p__Firmicutes;c__Clostridia;o__Clostridiales;f__Lachnospiraceae;g__;s__;d__denovo723
xiang_denovo722	Bacteria	Firmicutes	Clostridia	Clostridiales				k__Bacteria;p__Firmicutes;c__Clostridia;o__Clostridiales;f__;g__;s__;d__denovo722
xiang_denovo721	Bacteria	Firmicutes	Clostridia	Clostridiales	Lachnospiraceae			k__Bacteria;p__Firmicutes;c__Clostridia;o__Clostridiales;f__Lachnospiraceae;g__;s__;d__denovo721
xiang_denovo720	Bacteria	Firmicutes	Clostridia	Clostridiales	Lachnospiraceae	Blautia		k__Bacteria;p__Firmicutes;c__Clostridia;o__Clostridiales;f__Lachnospiraceae;g__Blautia;s__;d__denovo720
xiang_denovo129	Bacteria	Firmicutes	Bacilli	Lactobacillales	Streptococcaceae	Streptococcus		k__Bacteria;p__Firmicutes;c__Bacilli;o__Lactobacillales;f__Streptococcaceae;g__Streptococcus;s__;d__denovo129
xiang_denovo128	Bacteria	Firmicutes	Clostridia	Clostridiales	Lachnospiraceae			k__Bacteria;p__Firmicutes;c__Clostridia;o__Clostridiales;f__Lachnospiraceae;g__;s__;d__denovo128
xiang_denovo659	Bacteria	Firmicutes	Clostridia	Clostridiales	Lachnospiraceae	Roseburia		k__Bacteria;p__Firmicutes;c__Clostridia;o__Clostridiales;f__Lachnospiraceae;g__Roseburia;s__;d__denovo659
xiang_denovo658	Bacteria	Firmicutes	Clostridia	Clostridiales	Lachnospiraceae	Lachnospiracea_incertae_sedis		k__Bacteria;p__Firmicutes;c__Clostridia;o__Clostridiales;f__Lachnospiraceae;g__Lachnospiracea_incertae_sedis;s__;d__denovo658
xiang_denovo121	Bacteria	Bacteroidetes	Bacteroidia	Bacteroidales	Prevotellaceae	Prevotella		k__Bacteria;p__Bacteroidetes;c__Bacteroidia;o__Bacteroidales;f__Prevotellaceae;g__Prevotella;s__;d__denovo121
xiang_denovo120	Bacteria	Firmicutes	Clostridia	Clostridiales	Ruminococcaceae	Flavonifractor		k__Bacteria;p__Firmicutes;c__Clostridia;o__Clostridiales;f__Ruminococcaceae;g__Flavonifractor;s__;d__denovo120
xiang_denovo123	Bacteria	Bacteroidetes	Bacteroidia	Bacteroidales	Bacteroidaceae	Bacteroides		k__Bacteria;p__Bacteroidetes;c__Bacteroidia;o__Bacteroidales;f__Bacteroidaceae;g__Bacteroides;s__;d__denovo123
xiang_denovo122	Bacteria	Firmicutes	Clostridia	Clostridiales	Ruminococcaceae	Ruminococcus		k__Bacteria;p__Firmicutes;c__Clostridia;o__Clostridiales;f__Ruminococcaceae;g__Ruminococcus;s__;d__denovo122
xiang_denovo125	Bacteria	Bacteroidetes	Bacteroidia	Bacteroidales	Bacteroidaceae	Bacteroides		k__Bacteria;p__Bacteroidetes;c__Bacteroidia;o__Bacteroidales;f__Bacteroidaceae;g__Bacteroides;s__;d__denovo125
xiang_denovo124	Bacteria	Actinobacteria	Actinobacteria	Coriobacteriales	Coriobacteriaceae	Eggerthella		k__Bacteria;p__Actinobacteria;c__Actinobacteria;o__Coriobacteriales;f__Coriobacteriaceae;g__Eggerthella;s__;d__denovo124
xiang_denovo127	Bacteria	Firmicutes	Clostridia	Clostridiales	Ruminococcaceae	Clostridium_IV		k__Bacteria;p__Firmicutes;c__Clostridia;o__Clostridiales;f__Ruminococcaceae;g__Clostridium_IV;s__;d__denovo127
xiang_denovo126	Bacteria	Firmicutes	Clostridia	Clostridiales	Lachnospiraceae	Blautia		k__Bacteria;p__Firmicutes;c__Clostridia;o__Clostridiales;f__Lachnospiraceae;g__Blautia;s__;d__denovo126
xiang_denovo877	Bacteria	Firmicutes	Clostridia	Clostridiales	Ruminococcaceae			k__Bacteria;p__Firmicutes;c__Clostridia;o__Clostridiales;f__Ruminococcaceae;g__;s__;d__denovo877
xiang_denovo876	Bacteria	Proteobacteria	Gammaproteobacteria	Enterobacteriales	Enterobacteriaceae	Escherichia/Shigella		k__Bacteria;p__Proteobacteria;c__Gammaproteobacteria;o__Enterobacteriales;f__Enterobacteriaceae;g__Escherichia/Shigella;s__;d__denovo876
xiang_denovo875	Bacteria	Firmicutes	Clostridia	Clostridiales	Peptostreptococcaceae	Peptostreptococcus		k__Bacteria;p__Firmicutes;c__Clostridia;o__Clostridiales;f__Peptostreptococcaceae;g__Peptostreptococcus;s__;d__denovo875
xiang_denovo874	Bacteria	Firmicutes	Clostridia	Clostridiales	Lachnospiraceae			k__Bacteria;p__Firmicutes;c__Clostridia;o__Clostridiales;f__Lachnospiraceae;g__;s__;d__denovo874
xiang_denovo873	Bacteria	Firmicutes	Bacilli	Bacillales	Bacillales_Incertae_Sedis_XI	Gemella		k__Bacteria;p__Firmicutes;c__Bacilli;o__Bacillales;f__Bacillales_Incertae_Sedis_XI;g__Gemella;s__;d__denovo873
xiang_denovo872	Bacteria	Firmicutes	Clostridia	Clostridiales	Lachnospiraceae	Lachnospiracea_incertae_sedis		k__Bacteria;p__Firmicutes;c__Clostridia;o__Clostridiales;f__Lachnospiraceae;g__Lachnospiracea_incertae_sedis;s__;d__denovo872
xiang_denovo871	Bacteria	Bacteroidetes	Bacteroidia	Bacteroidales	Bacteroidaceae	Bacteroides		k__Bacteria;p__Bacteroidetes;c__Bacteroidia;o__Bacteroidales;f__Bacteroidaceae;g__Bacteroides;s__;d__denovo871
xiang_denovo870	Bacteria	Firmicutes	Clostridia	Clostridiales	Lachnospiraceae	Lachnospiracea_incertae_sedis		k__Bacteria;p__Firmicutes;c__Clostridia;o__Clostridiales;f__Lachnospiraceae;g__Lachnospiracea_incertae_sedis;s__;d__denovo870
xiang_denovo879	Bacteria	Firmicutes	Clostridia	Clostridiales	Lachnospiraceae			k__Bacteria;p__Firmicutes;c__Clostridia;o__Clostridiales;f__Lachnospiraceae;g__;s__;d__denovo879
xiang_denovo878	Bacteria	Bacteroidetes	Bacteroidia	Bacteroidales	Bacteroidaceae	Bacteroides		k__Bacteria;p__Bacteroidetes;c__Bacteroidia;o__Bacteroidales;f__Bacteroidaceae;g__Bacteroides;s__;d__denovo878
xiang_denovo1079	Bacteria	Firmicutes	Clostridia	Clostridiales	Ruminococcaceae			k__Bacteria;p__Firmicutes;c__Clostridia;o__Clostridiales;f__Ruminococcaceae;g__;s__;d__denovo1079
xiang_denovo1078	Bacteria	Firmicutes	Clostridia	Clostridiales	Ruminococcaceae	Pseudoflavonifractor		k__Bacteria;p__Firmicutes;c__Clostridia;o__Clostridiales;f__Ruminococcaceae;g__Pseudoflavonifractor;s__;d__denovo1078
xiang_denovo643	Bacteria	Firmicutes	Clostridia	Clostridiales	Lachnospiraceae	Clostridium_XlVa		k__Bacteria;p__Firmicutes;c__Clostridia;o__Clostridiales;f__Lachnospiraceae;g__Clostridium_XlVa;s__;d__denovo643
xiang_denovo1375	Bacteria	Firmicutes	Clostridia	Clostridiales	Lachnospiraceae	Clostridium_XlVa		k__Bacteria;p__Firmicutes;c__Clostridia;o__Clostridiales;f__Lachnospiraceae;g__Clostridium_XlVa;s__;d__denovo1375
xiang_denovo309	Bacteria	Firmicutes	Clostridia	Clostridiales	Eubacteriaceae	Pseudoramibacter		k__Bacteria;p__Firmicutes;c__Clostridia;o__Clostridiales;f__Eubacteriaceae;g__Pseudoramibacter;s__;d__denovo309
xiang_denovo1373	Bacteria							k__Bacteria;p__;c__;o__;f__;g__;s__;d__denovo1373
xiang_denovo304	Bacteria	Firmicutes	Bacilli	Lactobacillales	Enterococcaceae	Enterococcus		k__Bacteria;p__Firmicutes;c__Bacilli;o__Lactobacillales;f__Enterococcaceae;g__Enterococcus;s__;d__denovo304
xiang_denovo1097	Bacteria	Firmicutes	Clostridia	Clostridiales	Lachnospiraceae			k__Bacteria;p__Firmicutes;c__Clostridia;o__Clostridiales;f__Lachnospiraceae;g__;s__;d__denovo1097
xiang_denovo1096	Bacteria	Firmicutes	Bacilli	Lactobacillales	Leuconostocaceae	Leuconostoc		k__Bacteria;p__Firmicutes;c__Bacilli;o__Lactobacillales;f__Leuconostocaceae;g__Leuconostoc;s__;d__denovo1096
xiang_denovo1095	Bacteria	Firmicutes	Clostridia	Clostridiales				k__Bacteria;p__Firmicutes;c__Clostridia;o__Clostridiales;f__;g__;s__;d__denovo1095
xiang_denovo1094	Bacteria	Proteobacteria	Gammaproteobacteria	Pasteurellales	Pasteurellaceae	Haemophilus		k__Bacteria;p__Proteobacteria;c__Gammaproteobacteria;o__Pasteurellales;f__Pasteurellaceae;g__Haemophilus;s__;d__denovo1094
xiang_denovo1093	Bacteria	Firmicutes	Clostridia	Clostridiales	Lachnospiraceae	Pseudobutyrivibrio		k__Bacteria;p__Firmicutes;c__Clostridia;o__Clostridiales;f__Lachnospiraceae;g__Pseudobutyrivibrio;s__;d__denovo1093
xiang_denovo1092	Bacteria	Firmicutes	Clostridia	Clostridiales	Lachnospiraceae	Pseudobutyrivibrio		k__Bacteria;p__Firmicutes;c__Clostridia;o__Clostridiales;f__Lachnospiraceae;g__Pseudobutyrivibrio;s__;d__denovo1092
xiang_denovo1091	Bacteria	Firmicutes	Clostridia	Clostridiales	Lachnospiraceae			k__Bacteria;p__Firmicutes;c__Clostridia;o__Clostridiales;f__Lachnospiraceae;g__;s__;d__denovo1091
xiang_denovo1090	Bacteria	Firmicutes	Bacilli	Lactobacillales	Enterococcaceae	Enterococcus		k__Bacteria;p__Firmicutes;c__Bacilli;o__Lactobacillales;f__Enterococcaceae;g__Enterococcus;s__;d__denovo1090
xiang_denovo1075	Bacteria	Actinobacteria	Actinobacteria	Actinomycetales	Mycobacteriaceae	Mycobacterium		k__Bacteria;p__Actinobacteria;c__Actinobacteria;o__Actinomycetales;f__Mycobacteriaceae;g__Mycobacterium;s__;d__denovo1075
xiang_denovo1099	Bacteria	Firmicutes	Clostridia	Clostridiales	Ruminococcaceae	Ruminococcus		k__Bacteria;p__Firmicutes;c__Clostridia;o__Clostridiales;f__Ruminococcaceae;g__Ruminococcus;s__;d__denovo1099
xiang_denovo1098	Bacteria	Firmicutes	Clostridia	Clostridiales	Lachnospiraceae	Dorea		k__Bacteria;p__Firmicutes;c__Clostridia;o__Clostridiales;f__Lachnospiraceae;g__Dorea;s__;d__denovo1098
xiang_denovo303	Bacteria	Bacteroidetes	Bacteroidia	Bacteroidales				k__Bacteria;p__Bacteroidetes;c__Bacteroidia;o__Bacteroidales;f__;g__;s__;d__denovo303
xiang_denovo1379	Bacteria	Firmicutes	Clostridia	Clostridiales	Lachnospiraceae	Pseudobutyrivibrio		k__Bacteria;p__Firmicutes;c__Clostridia;o__Clostridiales;f__Lachnospiraceae;g__Pseudobutyrivibrio;s__;d__denovo1379
xiang_denovo1389	Bacteria	Firmicutes	Clostridia	Clostridiales	Lachnospiraceae			k__Bacteria;p__Firmicutes;c__Clostridia;o__Clostridiales;f__Lachnospiraceae;g__;s__;d__denovo1389
xiang_denovo1388	Bacteria	Firmicutes	Clostridia	Clostridiales	Lachnospiraceae			k__Bacteria;p__Firmicutes;c__Clostridia;o__Clostridiales;f__Lachnospiraceae;g__;s__;d__denovo1388
xiang_denovo1383	Bacteria	Firmicutes	Bacilli	Bacillales	Staphylococcaceae	Staphylococcus		k__Bacteria;p__Firmicutes;c__Bacilli;o__Bacillales;f__Staphylococcaceae;g__Staphylococcus;s__;d__denovo1383
xiang_denovo1382	Bacteria	Firmicutes	Clostridia	Clostridiales	Lachnospiraceae	Coprococcus		k__Bacteria;p__Firmicutes;c__Clostridia;o__Clostridiales;f__Lachnospiraceae;g__Coprococcus;s__;d__denovo1382
xiang_denovo1381	Bacteria							k__Bacteria;p__;c__;o__;f__;g__;s__;d__denovo1381
xiang_denovo1380	Bacteria	Firmicutes	Clostridia	Clostridiales	Peptostreptococcaceae	Clostridium_XI		k__Bacteria;p__Firmicutes;c__Clostridia;o__Clostridiales;f__Peptostreptococcaceae;g__Clostridium_XI;s__;d__denovo1380
xiang_denovo1387	Bacteria	Firmicutes	Clostridia	Clostridiales	Lachnospiraceae			k__Bacteria;p__Firmicutes;c__Clostridia;o__Clostridiales;f__Lachnospiraceae;g__;s__;d__denovo1387
xiang_denovo1386	Bacteria	Firmicutes	Clostridia	Clostridiales	Ruminococcaceae			k__Bacteria;p__Firmicutes;c__Clostridia;o__Clostridiales;f__Ruminococcaceae;g__;s__;d__denovo1386
xiang_denovo1385	Bacteria	Firmicutes	Clostridia	Clostridiales	Ruminococcaceae			k__Bacteria;p__Firmicutes;c__Clostridia;o__Clostridiales;f__Ruminococcaceae;g__;s__;d__denovo1385
xiang_denovo1384	Bacteria	Firmicutes	Clostridia	Clostridiales	Lachnospiraceae			k__Bacteria;p__Firmicutes;c__Clostridia;o__Clostridiales;f__Lachnospiraceae;g__;s__;d__denovo1384
xiang_denovo1475	Bacteria	Firmicutes	Clostridia	Clostridiales	Lachnospiraceae	Clostridium_XlVa		k__Bacteria;p__Firmicutes;c__Clostridia;o__Clostridiales;f__Lachnospiraceae;g__Clostridium_XlVa;s__;d__denovo1475
xiang_denovo1474	Bacteria	Firmicutes	Clostridia	Clostridiales	Lachnospiraceae			k__Bacteria;p__Firmicutes;c__Clostridia;o__Clostridiales;f__Lachnospiraceae;g__;s__;d__denovo1474
xiang_denovo1477	Bacteria	Bacteroidetes	Bacteroidia	Bacteroidales	Prevotellaceae	Paraprevotella		k__Bacteria;p__Bacteroidetes;c__Bacteroidia;o__Bacteroidales;f__Prevotellaceae;g__Paraprevotella;s__;d__denovo1477
xiang_denovo1476	Bacteria	Firmicutes	Clostridia	Clostridiales	Lachnospiraceae			k__Bacteria;p__Firmicutes;c__Clostridia;o__Clostridiales;f__Lachnospiraceae;g__;s__;d__denovo1476
xiang_denovo1471	Bacteria	Firmicutes	Clostridia	Clostridiales				k__Bacteria;p__Firmicutes;c__Clostridia;o__Clostridiales;f__;g__;s__;d__denovo1471
xiang_denovo1470	Bacteria	Proteobacteria	Betaproteobacteria	Burkholderiales	Sutterellaceae	Parasutterella		k__Bacteria;p__Proteobacteria;c__Betaproteobacteria;o__Burkholderiales;f__Sutterellaceae;g__Parasutterella;s__;d__denovo1470
xiang_denovo1473	Bacteria	Firmicutes	Negativicutes	Selenomonadales				k__Bacteria;p__Firmicutes;c__Negativicutes;o__Selenomonadales;f__;g__;s__;d__denovo1473
xiang_denovo1472	Bacteria	Firmicutes	Clostridia	Clostridiales	Lachnospiraceae	Clostridium_XlVa		k__Bacteria;p__Firmicutes;c__Clostridia;o__Clostridiales;f__Lachnospiraceae;g__Clostridium_XlVa;s__;d__denovo1472
xiang_denovo1479	Bacteria	Proteobacteria	Gammaproteobacteria	Enterobacteriales	Enterobacteriaceae	Klebsiella		k__Bacteria;p__Proteobacteria;c__Gammaproteobacteria;o__Enterobacteriales;f__Enterobacteriaceae;g__Klebsiella;s__;d__denovo1479
xiang_denovo1478	Bacteria	Firmicutes	Clostridia	Clostridiales	Lachnospiraceae			k__Bacteria;p__Firmicutes;c__Clostridia;o__Clostridiales;f__Lachnospiraceae;g__;s__;d__denovo1478
xiang_denovo396	Bacteria	Firmicutes	Clostridia	Clostridiales				k__Bacteria;p__Firmicutes;c__Clostridia;o__Clostridiales;f__;g__;s__;d__denovo396
xiang_denovo397	Bacteria	Firmicutes	Clostridia	Clostridiales	Ruminococcaceae	Faecalibacterium		k__Bacteria;p__Firmicutes;c__Clostridia;o__Clostridiales;f__Ruminococcaceae;g__Faecalibacterium;s__;d__denovo397
xiang_denovo394	Bacteria	Firmicutes	Clostridia	Clostridiales	Lachnospiraceae			k__Bacteria;p__Firmicutes;c__Clostridia;o__Clostridiales;f__Lachnospiraceae;g__;s__;d__denovo394
xiang_denovo395	Bacteria	Firmicutes	Clostridia	Clostridiales	Lachnospiraceae	Coprococcus		k__Bacteria;p__Firmicutes;c__Clostridia;o__Clostridiales;f__Lachnospiraceae;g__Coprococcus;s__;d__denovo395
xiang_denovo392	Bacteria							k__Bacteria;p__;c__;o__;f__;g__;s__;d__denovo392
xiang_denovo393	Bacteria	Firmicutes	Clostridia	Clostridiales	Lachnospiraceae	Lachnospiracea_incertae_sedis		k__Bacteria;p__Firmicutes;c__Clostridia;o__Clostridiales;f__Lachnospiraceae;g__Lachnospiracea_incertae_sedis;s__;d__denovo393
xiang_denovo390	Bacteria	Firmicutes	Clostridia	Clostridiales	Lachnospiraceae			k__Bacteria;p__Firmicutes;c__Clostridia;o__Clostridiales;f__Lachnospiraceae;g__;s__;d__denovo390
xiang_denovo391	Bacteria	Firmicutes	Clostridia	Clostridiales	Lachnospiraceae	Dorea		k__Bacteria;p__Firmicutes;c__Clostridia;o__Clostridiales;f__Lachnospiraceae;g__Dorea;s__;d__denovo391
xiang_denovo398	Bacteria	Bacteroidetes	Bacteroidia	Bacteroidales	Bacteroidaceae	Bacteroides		k__Bacteria;p__Bacteroidetes;c__Bacteroidia;o__Bacteroidales;f__Bacteroidaceae;g__Bacteroides;s__;d__denovo398
xiang_denovo399	Bacteria	Proteobacteria	Gammaproteobacteria	Enterobacteriales	Enterobacteriaceae			k__Bacteria;p__Proteobacteria;c__Gammaproteobacteria;o__Enterobacteriales;f__Enterobacteriaceae;g__;s__;d__denovo399
xiang_denovo1279	Bacteria	Firmicutes	Clostridia	Clostridiales	Lachnospiraceae			k__Bacteria;p__Firmicutes;c__Clostridia;o__Clostridiales;f__Lachnospiraceae;g__;s__;d__denovo1279
xiang_denovo1278	Bacteria	Firmicutes	Clostridia	Clostridiales	Lachnospiraceae			k__Bacteria;p__Firmicutes;c__Clostridia;o__Clostridiales;f__Lachnospiraceae;g__;s__;d__denovo1278
xiang_denovo1277	Bacteria	Firmicutes	Clostridia	Clostridiales	Lachnospiraceae	Clostridium_XlVa		k__Bacteria;p__Firmicutes;c__Clostridia;o__Clostridiales;f__Lachnospiraceae;g__Clostridium_XlVa;s__;d__denovo1277
xiang_denovo1276	Bacteria	Bacteroidetes	Bacteroidia	Bacteroidales	Bacteroidaceae	Bacteroides		k__Bacteria;p__Bacteroidetes;c__Bacteroidia;o__Bacteroidales;f__Bacteroidaceae;g__Bacteroides;s__;d__denovo1276
xiang_denovo1275	Bacteria	Firmicutes	Clostridia	Clostridiales	Ruminococcaceae	Faecalibacterium		k__Bacteria;p__Firmicutes;c__Clostridia;o__Clostridiales;f__Ruminococcaceae;g__Faecalibacterium;s__;d__denovo1275
xiang_denovo1274	Bacteria	Bacteroidetes	Bacteroidia	Bacteroidales	Bacteroidaceae	Bacteroides		k__Bacteria;p__Bacteroidetes;c__Bacteroidia;o__Bacteroidales;f__Bacteroidaceae;g__Bacteroides;s__;d__denovo1274
xiang_denovo1273	Bacteria	Firmicutes	Erysipelotrichia	Erysipelotrichales	Erysipelotrichaceae	Clostridium_XVIII		k__Bacteria;p__Firmicutes;c__Erysipelotrichia;o__Erysipelotrichales;f__Erysipelotrichaceae;g__Clostridium_XVIII;s__;d__denovo1273
xiang_denovo1272	Bacteria	Firmicutes	Clostridia	Clostridiales	Lachnospiraceae			k__Bacteria;p__Firmicutes;c__Clostridia;o__Clostridiales;f__Lachnospiraceae;g__;s__;d__denovo1272
xiang_denovo1271	Bacteria	Firmicutes	Clostridia	Clostridiales	Lachnospiraceae	Clostridium_XlVb		k__Bacteria;p__Firmicutes;c__Clostridia;o__Clostridiales;f__Lachnospiraceae;g__Clostridium_XlVb;s__;d__denovo1271
xiang_denovo1270	Bacteria	Firmicutes	Clostridia	Clostridiales	Lachnospiraceae	Lachnospiracea_incertae_sedis		k__Bacteria;p__Firmicutes;c__Clostridia;o__Clostridiales;f__Lachnospiraceae;g__Lachnospiracea_incertae_sedis;s__;d__denovo1270
xiang_denovo464	Bacteria	Firmicutes	Clostridia	Clostridiales	Lachnospiraceae	Roseburia		k__Bacteria;p__Firmicutes;c__Clostridia;o__Clostridiales;f__Lachnospiraceae;g__Roseburia;s__;d__denovo464
xiang_denovo465	Bacteria	Firmicutes	Clostridia	Clostridiales	Lachnospiraceae			k__Bacteria;p__Firmicutes;c__Clostridia;o__Clostridiales;f__Lachnospiraceae;g__;s__;d__denovo465
xiang_denovo466	Bacteria	Firmicutes	Clostridia	Clostridiales				k__Bacteria;p__Firmicutes;c__Clostridia;o__Clostridiales;f__;g__;s__;d__denovo466
xiang_denovo467	Bacteria	Bacteroidetes	Bacteroidia	Bacteroidales	Bacteroidaceae	Bacteroides		k__Bacteria;p__Bacteroidetes;c__Bacteroidia;o__Bacteroidales;f__Bacteroidaceae;g__Bacteroides;s__;d__denovo467
xiang_denovo460	Bacteria	Bacteroidetes	Bacteroidia	Bacteroidales	Prevotellaceae	Alloprevotella		k__Bacteria;p__Bacteroidetes;c__Bacteroidia;o__Bacteroidales;f__Prevotellaceae;g__Alloprevotella;s__;d__denovo460
xiang_denovo461	Bacteria	Bacteroidetes	Bacteroidia	Bacteroidales	Porphyromonadaceae	Parabacteroides		k__Bacteria;p__Bacteroidetes;c__Bacteroidia;o__Bacteroidales;f__Porphyromonadaceae;g__Parabacteroides;s__;d__denovo461
xiang_denovo462	Bacteria	Firmicutes	Clostridia	Clostridiales	Lachnospiraceae			k__Bacteria;p__Firmicutes;c__Clostridia;o__Clostridiales;f__Lachnospiraceae;g__;s__;d__denovo462
xiang_denovo463	Bacteria	Firmicutes	Clostridia	Clostridiales	Lachnospiraceae			k__Bacteria;p__Firmicutes;c__Clostridia;o__Clostridiales;f__Lachnospiraceae;g__;s__;d__denovo463
xiang_denovo1071	Bacteria	Firmicutes	Clostridia	Clostridiales	Lachnospiraceae			k__Bacteria;p__Firmicutes;c__Clostridia;o__Clostridiales;f__Lachnospiraceae;g__;s__;d__denovo1071
xiang_denovo1070	Bacteria	Firmicutes	Clostridia	Clostridiales	Lachnospiraceae			k__Bacteria;p__Firmicutes;c__Clostridia;o__Clostridiales;f__Lachnospiraceae;g__;s__;d__denovo1070
xiang_denovo1073	Bacteria	Firmicutes	Clostridia	Clostridiales	Lachnospiraceae	Blautia		k__Bacteria;p__Firmicutes;c__Clostridia;o__Clostridiales;f__Lachnospiraceae;g__Blautia;s__;d__denovo1073
xiang_denovo1072	Bacteria	Bacteroidetes	Bacteroidia	Bacteroidales	Porphyromonadaceae	Butyricimonas		k__Bacteria;p__Bacteroidetes;c__Bacteroidia;o__Bacteroidales;f__Porphyromonadaceae;g__Butyricimonas;s__;d__denovo1072
xiang_denovo468	Bacteria	Bacteroidetes	Bacteroidia	Bacteroidales	Porphyromonadaceae	Parabacteroides		k__Bacteria;p__Bacteroidetes;c__Bacteroidia;o__Bacteroidales;f__Porphyromonadaceae;g__Parabacteroides;s__;d__denovo468
xiang_denovo469	Bacteria	Firmicutes	Bacilli	Lactobacillales	Enterococcaceae	Enterococcus		k__Bacteria;p__Firmicutes;c__Bacilli;o__Lactobacillales;f__Enterococcaceae;g__Enterococcus;s__;d__denovo469
xiang_denovo1077	Bacteria	Firmicutes	Clostridia	Clostridiales	Peptostreptococcaceae			k__Bacteria;p__Firmicutes;c__Clostridia;o__Clostridiales;f__Peptostreptococcaceae;g__;s__;d__denovo1077
xiang_denovo1076	Bacteria	Firmicutes	Clostridia	Clostridiales	Lachnospiraceae	Pseudobutyrivibrio		k__Bacteria;p__Firmicutes;c__Clostridia;o__Clostridiales;f__Lachnospiraceae;g__Pseudobutyrivibrio;s__;d__denovo1076
xiang_denovo262	Bacteria	Firmicutes	Clostridia	Clostridiales	Lachnospiraceae	Dorea		k__Bacteria;p__Firmicutes;c__Clostridia;o__Clostridiales;f__Lachnospiraceae;g__Dorea;s__;d__denovo262
xiang_denovo263	Bacteria	Firmicutes	Clostridia	Clostridiales	Lachnospiraceae	Blautia		k__Bacteria;p__Firmicutes;c__Clostridia;o__Clostridiales;f__Lachnospiraceae;g__Blautia;s__;d__denovo263
xiang_denovo260	Bacteria	Bacteroidetes	Bacteroidia	Bacteroidales	Bacteroidaceae	Bacteroides		k__Bacteria;p__Bacteroidetes;c__Bacteroidia;o__Bacteroidales;f__Bacteroidaceae;g__Bacteroides;s__;d__denovo260
xiang_denovo261	Bacteria	Fusobacteria	Fusobacteriia	Fusobacteriales	Fusobacteriaceae	Fusobacterium		k__Bacteria;p__Fusobacteria;c__Fusobacteriia;o__Fusobacteriales;f__Fusobacteriaceae;g__Fusobacterium;s__;d__denovo261
xiang_denovo266	Bacteria	Firmicutes	Clostridia	Clostridiales	Lachnospiraceae	Lachnospiracea_incertae_sedis		k__Bacteria;p__Firmicutes;c__Clostridia;o__Clostridiales;f__Lachnospiraceae;g__Lachnospiracea_incertae_sedis;s__;d__denovo266
xiang_denovo267	Bacteria	Firmicutes	Clostridia	Clostridiales	Lachnospiraceae	Ruminococcus2		k__Bacteria;p__Firmicutes;c__Clostridia;o__Clostridiales;f__Lachnospiraceae;g__Ruminococcus2;s__;d__denovo267
xiang_denovo264	Bacteria	Firmicutes	Clostridia	Clostridiales	Lachnospiraceae	Blautia		k__Bacteria;p__Firmicutes;c__Clostridia;o__Clostridiales;f__Lachnospiraceae;g__Blautia;s__;d__denovo264
xiang_denovo265	Bacteria	Bacteroidetes	Bacteroidia	Bacteroidales	Porphyromonadaceae	Porphyromonas		k__Bacteria;p__Bacteroidetes;c__Bacteroidia;o__Bacteroidales;f__Porphyromonadaceae;g__Porphyromonas;s__;d__denovo265
xiang_denovo268	Bacteria	Firmicutes	Clostridia	Clostridiales	Ruminococcaceae	Clostridium_IV		k__Bacteria;p__Firmicutes;c__Clostridia;o__Clostridiales;f__Ruminococcaceae;g__Clostridium_IV;s__;d__denovo268
xiang_denovo269	Bacteria	Firmicutes	Clostridia	Clostridiales	Lachnospiraceae	Clostridium_XlVa		k__Bacteria;p__Firmicutes;c__Clostridia;o__Clostridiales;f__Lachnospiraceae;g__Clostridium_XlVa;s__;d__denovo269
xiang_denovo488	Bacteria	Firmicutes	Clostridia	Clostridiales	Lachnospiraceae			k__Bacteria;p__Firmicutes;c__Clostridia;o__Clostridiales;f__Lachnospiraceae;g__;s__;d__denovo488
xiang_denovo489	Bacteria	Bacteroidetes	Bacteroidia	Bacteroidales	Bacteroidaceae	Bacteroides		k__Bacteria;p__Bacteroidetes;c__Bacteroidia;o__Bacteroidales;f__Bacteroidaceae;g__Bacteroides;s__;d__denovo489
xiang_denovo482	Bacteria	Firmicutes	Clostridia	Clostridiales	Lachnospiraceae	Coprococcus		k__Bacteria;p__Firmicutes;c__Clostridia;o__Clostridiales;f__Lachnospiraceae;g__Coprococcus;s__;d__denovo482
xiang_denovo483	Bacteria	Firmicutes	Clostridia	Clostridiales	Lachnospiraceae	Clostridium_XlVa		k__Bacteria;p__Firmicutes;c__Clostridia;o__Clostridiales;f__Lachnospiraceae;g__Clostridium_XlVa;s__;d__denovo483
xiang_denovo480	Bacteria	Firmicutes	Clostridia	Clostridiales	Lachnospiraceae	Blautia		k__Bacteria;p__Firmicutes;c__Clostridia;o__Clostridiales;f__Lachnospiraceae;g__Blautia;s__;d__denovo480
xiang_denovo481	Bacteria	Firmicutes	Clostridia	Clostridiales	Lachnospiraceae			k__Bacteria;p__Firmicutes;c__Clostridia;o__Clostridiales;f__Lachnospiraceae;g__;s__;d__denovo481
xiang_denovo486	Bacteria	Firmicutes	Clostridia	Clostridiales				k__Bacteria;p__Firmicutes;c__Clostridia;o__Clostridiales;f__;g__;s__;d__denovo486
xiang_denovo487	Bacteria	Firmicutes	Clostridia	Clostridiales	Lachnospiraceae	Dorea		k__Bacteria;p__Firmicutes;c__Clostridia;o__Clostridiales;f__Lachnospiraceae;g__Dorea;s__;d__denovo487
xiang_denovo484	Bacteria	Firmicutes	Erysipelotrichia	Erysipelotrichales	Erysipelotrichaceae	Erysipelotrichaceae_incertae_sedis		k__Bacteria;p__Firmicutes;c__Erysipelotrichia;o__Erysipelotrichales;f__Erysipelotrichaceae;g__Erysipelotrichaceae_incertae_sedis;s__;d__denovo484
xiang_denovo485	Bacteria	Firmicutes	Clostridia	Clostridiales	Lachnospiraceae			k__Bacteria;p__Firmicutes;c__Clostridia;o__Clostridiales;f__Lachnospiraceae;g__;s__;d__denovo485
xiang_denovo730	Bacteria	Firmicutes	Negativicutes	Selenomonadales	Veillonellaceae	Veillonella		k__Bacteria;p__Firmicutes;c__Negativicutes;o__Selenomonadales;f__Veillonellaceae;g__Veillonella;s__;d__denovo730
xiang_denovo731	Bacteria	Firmicutes	Clostridia	Clostridiales	Lachnospiraceae	Ruminococcus2		k__Bacteria;p__Firmicutes;c__Clostridia;o__Clostridiales;f__Lachnospiraceae;g__Ruminococcus2;s__;d__denovo731
xiang_denovo732	Bacteria	Firmicutes	Clostridia	Clostridiales	Lachnospiraceae	Lachnospiracea_incertae_sedis		k__Bacteria;p__Firmicutes;c__Clostridia;o__Clostridiales;f__Lachnospiraceae;g__Lachnospiracea_incertae_sedis;s__;d__denovo732
xiang_denovo733	Bacteria	Firmicutes	Clostridia	Clostridiales	Lachnospiraceae			k__Bacteria;p__Firmicutes;c__Clostridia;o__Clostridiales;f__Lachnospiraceae;g__;s__;d__denovo733
xiang_denovo734	Bacteria	Firmicutes	Negativicutes	Selenomonadales	Veillonellaceae	Selenomonas		k__Bacteria;p__Firmicutes;c__Negativicutes;o__Selenomonadales;f__Veillonellaceae;g__Selenomonas;s__;d__denovo734
xiang_denovo735	Bacteria	Firmicutes	Clostridia	Clostridiales	Lachnospiraceae			k__Bacteria;p__Firmicutes;c__Clostridia;o__Clostridiales;f__Lachnospiraceae;g__;s__;d__denovo735
xiang_denovo736	Bacteria	Actinobacteria	Actinobacteria	Coriobacteriales	Coriobacteriaceae	Enterorhabdus		k__Bacteria;p__Actinobacteria;c__Actinobacteria;o__Coriobacteriales;f__Coriobacteriaceae;g__Enterorhabdus;s__;d__denovo736
xiang_denovo737	Bacteria	Firmicutes	Clostridia	Clostridiales	Ruminococcaceae	Clostridium_IV		k__Bacteria;p__Firmicutes;c__Clostridia;o__Clostridiales;f__Ruminococcaceae;g__Clostridium_IV;s__;d__denovo737
xiang_denovo738	Bacteria	Firmicutes	Clostridia	Clostridiales				k__Bacteria;p__Firmicutes;c__Clostridia;o__Clostridiales;f__;g__;s__;d__denovo738
xiang_denovo739	Bacteria	Bacteroidetes	Bacteroidia	Bacteroidales	Bacteroidaceae	Bacteroides		k__Bacteria;p__Bacteroidetes;c__Bacteroidia;o__Bacteroidales;f__Bacteroidaceae;g__Bacteroides;s__;d__denovo739
xiang_denovo138	Bacteria	Firmicutes	Clostridia	Clostridiales	Lachnospiraceae			k__Bacteria;p__Firmicutes;c__Clostridia;o__Clostridiales;f__Lachnospiraceae;g__;s__;d__denovo138
xiang_denovo139	Bacteria	Firmicutes	Clostridia	Clostridiales	Lachnospiraceae	Dorea		k__Bacteria;p__Firmicutes;c__Clostridia;o__Clostridiales;f__Lachnospiraceae;g__Dorea;s__;d__denovo139
xiang_denovo648	Bacteria	Actinobacteria	Actinobacteria	Bifidobacteriales	Bifidobacteriaceae	Bifidobacterium		k__Bacteria;p__Actinobacteria;c__Actinobacteria;o__Bifidobacteriales;f__Bifidobacteriaceae;g__Bifidobacterium;s__;d__denovo648
xiang_denovo649	Bacteria	Firmicutes	Bacilli	Lactobacillales	Lactobacillaceae	Lactobacillus		k__Bacteria;p__Firmicutes;c__Bacilli;o__Lactobacillales;f__Lactobacillaceae;g__Lactobacillus;s__;d__denovo649
xiang_denovo132	Bacteria	Proteobacteria	Gammaproteobacteria	Enterobacteriales	Enterobacteriaceae	Morganella		k__Bacteria;p__Proteobacteria;c__Gammaproteobacteria;o__Enterobacteriales;f__Enterobacteriaceae;g__Morganella;s__;d__denovo132
xiang_denovo133	Bacteria	Bacteroidetes	Bacteroidia	Bacteroidales	Prevotellaceae	Prevotella		k__Bacteria;p__Bacteroidetes;c__Bacteroidia;o__Bacteroidales;f__Prevotellaceae;g__Prevotella;s__;d__denovo133
xiang_denovo646	Bacteria	Firmicutes	Clostridia	Clostridiales	Eubacteriaceae	Eubacterium		k__Bacteria;p__Firmicutes;c__Clostridia;o__Clostridiales;f__Eubacteriaceae;g__Eubacterium;s__;d__denovo646
xiang_denovo647	Bacteria	Proteobacteria	Gammaproteobacteria	Aeromonadales	Aeromonadaceae	Aeromonas		k__Bacteria;p__Proteobacteria;c__Gammaproteobacteria;o__Aeromonadales;f__Aeromonadaceae;g__Aeromonas;s__;d__denovo647
xiang_denovo640	Bacteria	Firmicutes	Bacilli	Lactobacillales	Streptococcaceae	Streptococcus		k__Bacteria;p__Firmicutes;c__Bacilli;o__Lactobacillales;f__Streptococcaceae;g__Streptococcus;s__;d__denovo640
xiang_denovo137	Bacteria	Firmicutes	Clostridia	Clostridiales	Lachnospiraceae	Hespellia		k__Bacteria;p__Firmicutes;c__Clostridia;o__Clostridiales;f__Lachnospiraceae;g__Hespellia;s__;d__denovo137
xiang_denovo134	Bacteria	Firmicutes	Negativicutes	Selenomonadales	Veillonellaceae	Dialister		k__Bacteria;p__Firmicutes;c__Negativicutes;o__Selenomonadales;f__Veillonellaceae;g__Dialister;s__;d__denovo134
xiang_denovo135	Bacteria	Firmicutes	Clostridia	Clostridiales	Lachnospiraceae			k__Bacteria;p__Firmicutes;c__Clostridia;o__Clostridiales;f__Lachnospiraceae;g__;s__;d__denovo135
xiang_denovo1134	Bacteria	Proteobacteria	Alphaproteobacteria	Rhizobiales	Brucellaceae	Ochrobactrum		k__Bacteria;p__Proteobacteria;c__Alphaproteobacteria;o__Rhizobiales;f__Brucellaceae;g__Ochrobactrum;s__;d__denovo1134
xiang_denovo40	Bacteria	Firmicutes	Clostridia	Clostridiales	Ruminococcaceae	Faecalibacterium		k__Bacteria;p__Firmicutes;c__Clostridia;o__Clostridiales;f__Ruminococcaceae;g__Faecalibacterium;s__;d__denovo40
xiang_denovo43	Bacteria	Bacteroidetes	Bacteroidia	Bacteroidales	Bacteroidaceae	Bacteroides		k__Bacteria;p__Bacteroidetes;c__Bacteroidia;o__Bacteroidales;f__Bacteroidaceae;g__Bacteroides;s__;d__denovo43
xiang_denovo1137	Bacteria	Firmicutes	Clostridia	Clostridiales	Lachnospiraceae			k__Bacteria;p__Firmicutes;c__Clostridia;o__Clostridiales;f__Lachnospiraceae;g__;s__;d__denovo1137
xiang_denovo1130	Bacteria	Fusobacteria	Fusobacteriia	Fusobacteriales	Fusobacteriaceae	Fusobacterium		k__Bacteria;p__Fusobacteria;c__Fusobacteriia;o__Fusobacteriales;f__Fusobacteriaceae;g__Fusobacterium;s__;d__denovo1130
xiang_denovo44	Bacteria	Firmicutes	Clostridia	Clostridiales	Lachnospiraceae	Lachnospiracea_incertae_sedis		k__Bacteria;p__Firmicutes;c__Clostridia;o__Clostridiales;f__Lachnospiraceae;g__Lachnospiracea_incertae_sedis;s__;d__denovo44
xiang_denovo868	Bacteria	Firmicutes	Clostridia	Clostridiales	Lachnospiraceae	Pseudobutyrivibrio		k__Bacteria;p__Firmicutes;c__Clostridia;o__Clostridiales;f__Lachnospiraceae;g__Pseudobutyrivibrio;s__;d__denovo868
xiang_denovo869	Bacteria	Firmicutes	Clostridia	Clostridiales	Lachnospiraceae			k__Bacteria;p__Firmicutes;c__Clostridia;o__Clostridiales;f__Lachnospiraceae;g__;s__;d__denovo869
xiang_denovo47	Bacteria	Firmicutes	Clostridia	Clostridiales	Ruminococcaceae	Ruminococcus		k__Bacteria;p__Firmicutes;c__Clostridia;o__Clostridiales;f__Ruminococcaceae;g__Ruminococcus;s__;d__denovo47
xiang_denovo860	Bacteria	Firmicutes	Erysipelotrichia	Erysipelotrichales	Erysipelotrichaceae	Clostridium_XVIII		k__Bacteria;p__Firmicutes;c__Erysipelotrichia;o__Erysipelotrichales;f__Erysipelotrichaceae;g__Clostridium_XVIII;s__;d__denovo860
xiang_denovo861	Bacteria	Firmicutes	Bacilli	Lactobacillales	Enterococcaceae	Enterococcus		k__Bacteria;p__Firmicutes;c__Bacilli;o__Lactobacillales;f__Enterococcaceae;g__Enterococcus;s__;d__denovo861
xiang_denovo862	Bacteria	Actinobacteria	Actinobacteria	Actinomycetales	Actinomycetaceae	Actinomyces		k__Bacteria;p__Actinobacteria;c__Actinobacteria;o__Actinomycetales;f__Actinomycetaceae;g__Actinomyces;s__;d__denovo862
xiang_denovo863	Bacteria	Firmicutes	Bacilli	Lactobacillales	Lactobacillaceae	Lactobacillus		k__Bacteria;p__Firmicutes;c__Bacilli;o__Lactobacillales;f__Lactobacillaceae;g__Lactobacillus;s__;d__denovo863
xiang_denovo864	Bacteria	Firmicutes	Clostridia	Clostridiales	Ruminococcaceae	Ruminococcus		k__Bacteria;p__Firmicutes;c__Clostridia;o__Clostridiales;f__Ruminococcaceae;g__Ruminococcus;s__;d__denovo864
xiang_denovo865	Bacteria	Firmicutes	Clostridia	Clostridiales	Lachnospiraceae	Clostridium_XlVa		k__Bacteria;p__Firmicutes;c__Clostridia;o__Clostridiales;f__Lachnospiraceae;g__Clostridium_XlVa;s__;d__denovo865
xiang_denovo866	Bacteria	Firmicutes	Bacilli	Bacillales	Staphylococcaceae	Staphylococcus		k__Bacteria;p__Firmicutes;c__Bacilli;o__Bacillales;f__Staphylococcaceae;g__Staphylococcus;s__;d__denovo866
xiang_denovo867	Bacteria	Firmicutes	Clostridia	Clostridiales	Ruminococcaceae			k__Bacteria;p__Firmicutes;c__Clostridia;o__Clostridiales;f__Ruminococcaceae;g__;s__;d__denovo867
xiang_denovo1	Bacteria	Firmicutes	Clostridia	Clostridiales	Lachnospiraceae	Pseudobutyrivibrio		k__Bacteria;p__Firmicutes;c__Clostridia;o__Clostridiales;f__Lachnospiraceae;g__Pseudobutyrivibrio;s__;d__denovo1
xiang_denovo2	Bacteria	Firmicutes	Clostridia	Clostridiales	Ruminococcaceae	Faecalibacterium		k__Bacteria;p__Firmicutes;c__Clostridia;o__Clostridiales;f__Ruminococcaceae;g__Faecalibacterium;s__;d__denovo2
xiang_denovo3	Bacteria	Firmicutes	Clostridia	Clostridiales	Lachnospiraceae	Ruminococcus2		k__Bacteria;p__Firmicutes;c__Clostridia;o__Clostridiales;f__Lachnospiraceae;g__Ruminococcus2;s__;d__denovo3
xiang_denovo4	Bacteria	Firmicutes	Clostridia	Clostridiales	Lachnospiraceae			k__Bacteria;p__Firmicutes;c__Clostridia;o__Clostridiales;f__Lachnospiraceae;g__;s__;d__denovo4
xiang_denovo5	Bacteria	Firmicutes	Clostridia	Clostridiales	Lachnospiraceae	Dorea		k__Bacteria;p__Firmicutes;c__Clostridia;o__Clostridiales;f__Lachnospiraceae;g__Dorea;s__;d__denovo5
xiang_denovo6	Bacteria	Firmicutes	Clostridia	Clostridiales	Lachnospiraceae	Roseburia		k__Bacteria;p__Firmicutes;c__Clostridia;o__Clostridiales;f__Lachnospiraceae;g__Roseburia;s__;d__denovo6
xiang_denovo7	Bacteria	Firmicutes	Clostridia	Clostridiales	Lachnospiraceae			k__Bacteria;p__Firmicutes;c__Clostridia;o__Clostridiales;f__Lachnospiraceae;g__;s__;d__denovo7
xiang_denovo8	Bacteria	Firmicutes	Clostridia	Clostridiales	Lachnospiraceae			k__Bacteria;p__Firmicutes;c__Clostridia;o__Clostridiales;f__Lachnospiraceae;g__;s__;d__denovo8
xiang_denovo9	Bacteria	Bacteroidetes	Bacteroidia	Bacteroidales	Bacteroidaceae	Bacteroides		k__Bacteria;p__Bacteroidetes;c__Bacteroidia;o__Bacteroidales;f__Bacteroidaceae;g__Bacteroides;s__;d__denovo9
xiang_denovo1448	Bacteria	Proteobacteria	Gammaproteobacteria	Pasteurellales	Pasteurellaceae	Haemophilus		k__Bacteria;p__Proteobacteria;c__Gammaproteobacteria;o__Pasteurellales;f__Pasteurellaceae;g__Haemophilus;s__;d__denovo1448
xiang_denovo1449	Bacteria	Firmicutes	Clostridia	Clostridiales		Natranaerovirga		k__Bacteria;p__Firmicutes;c__Clostridia;o__Clostridiales;f__;g__Natranaerovirga;s__;d__denovo1449
xiang_denovo1440	Bacteria	Firmicutes	Clostridia	Clostridiales	Ruminococcaceae	Clostridium_IV		k__Bacteria;p__Firmicutes;c__Clostridia;o__Clostridiales;f__Ruminococcaceae;g__Clostridium_IV;s__;d__denovo1440
xiang_denovo1441	Bacteria	Firmicutes	Clostridia	Clostridiales	Lachnospiraceae	Dorea		k__Bacteria;p__Firmicutes;c__Clostridia;o__Clostridiales;f__Lachnospiraceae;g__Dorea;s__;d__denovo1441
xiang_denovo1442	Bacteria	Firmicutes	Clostridia	Clostridiales	Lachnospiraceae	Lachnospiracea_incertae_sedis		k__Bacteria;p__Firmicutes;c__Clostridia;o__Clostridiales;f__Lachnospiraceae;g__Lachnospiracea_incertae_sedis;s__;d__denovo1442
xiang_denovo1443	Bacteria	Firmicutes	Bacilli	Lactobacillales	Lactobacillaceae	Lactobacillus		k__Bacteria;p__Firmicutes;c__Bacilli;o__Lactobacillales;f__Lactobacillaceae;g__Lactobacillus;s__;d__denovo1443
xiang_denovo1444	Bacteria	Proteobacteria	Gammaproteobacteria	Pasteurellales	Pasteurellaceae	Haemophilus		k__Bacteria;p__Proteobacteria;c__Gammaproteobacteria;o__Pasteurellales;f__Pasteurellaceae;g__Haemophilus;s__;d__denovo1444
xiang_denovo1445	Bacteria	Firmicutes	Clostridia	Clostridiales	Lachnospiraceae	Dorea		k__Bacteria;p__Firmicutes;c__Clostridia;o__Clostridiales;f__Lachnospiraceae;g__Dorea;s__;d__denovo1445
xiang_denovo1446	Bacteria	Firmicutes	Clostridia	Clostridiales	Lachnospiraceae	Lachnospiracea_incertae_sedis		k__Bacteria;p__Firmicutes;c__Clostridia;o__Clostridiales;f__Lachnospiraceae;g__Lachnospiracea_incertae_sedis;s__;d__denovo1446
xiang_denovo1447	Bacteria	Firmicutes	Clostridia	Clostridiales	Lachnospiraceae	Lachnospiracea_incertae_sedis		k__Bacteria;p__Firmicutes;c__Clostridia;o__Clostridiales;f__Lachnospiraceae;g__Lachnospiracea_incertae_sedis;s__;d__denovo1447
xiang_denovo1282	Bacteria	Firmicutes	Clostridia	Clostridiales	Lachnospiraceae	Dorea		k__Bacteria;p__Firmicutes;c__Clostridia;o__Clostridiales;f__Lachnospiraceae;g__Dorea;s__;d__denovo1282
xiang_denovo1283	Bacteria	Firmicutes	Clostridia	Clostridiales	Lachnospiraceae			k__Bacteria;p__Firmicutes;c__Clostridia;o__Clostridiales;f__Lachnospiraceae;g__;s__;d__denovo1283
xiang_denovo1280	Bacteria	Firmicutes	Clostridia	Clostridiales	Lachnospiraceae			k__Bacteria;p__Firmicutes;c__Clostridia;o__Clostridiales;f__Lachnospiraceae;g__;s__;d__denovo1280
xiang_denovo1281	Bacteria	Firmicutes	Bacilli	Lactobacillales	Lactobacillaceae	Lactobacillus		k__Bacteria;p__Firmicutes;c__Bacilli;o__Lactobacillales;f__Lactobacillaceae;g__Lactobacillus;s__;d__denovo1281
xiang_denovo1286	Bacteria	Firmicutes	Clostridia	Clostridiales	Lachnospiraceae			k__Bacteria;p__Firmicutes;c__Clostridia;o__Clostridiales;f__Lachnospiraceae;g__;s__;d__denovo1286
xiang_denovo1287	Bacteria	Firmicutes	Clostridia	Clostridiales	Lachnospiraceae	Dorea		k__Bacteria;p__Firmicutes;c__Clostridia;o__Clostridiales;f__Lachnospiraceae;g__Dorea;s__;d__denovo1287
xiang_denovo1284	Bacteria	Firmicutes	Clostridia	Clostridiales	Lachnospiraceae	Hespellia		k__Bacteria;p__Firmicutes;c__Clostridia;o__Clostridiales;f__Lachnospiraceae;g__Hespellia;s__;d__denovo1284
xiang_denovo1285	Bacteria	Bacteroidetes	Bacteroidia	Bacteroidales	Bacteroidaceae	Bacteroides		k__Bacteria;p__Bacteroidetes;c__Bacteroidia;o__Bacteroidales;f__Bacteroidaceae;g__Bacteroides;s__;d__denovo1285
xiang_denovo1288	Bacteria	Proteobacteria	Betaproteobacteria	Burkholderiales	Sutterellaceae	Parasutterella		k__Bacteria;p__Proteobacteria;c__Betaproteobacteria;o__Burkholderiales;f__Sutterellaceae;g__Parasutterella;s__;d__denovo1288
xiang_denovo1289	Bacteria	Proteobacteria	Gammaproteobacteria	Enterobacteriales	Enterobacteriaceae	Escherichia/Shigella		k__Bacteria;p__Proteobacteria;c__Gammaproteobacteria;o__Enterobacteriales;f__Enterobacteriaceae;g__Escherichia/Shigella;s__;d__denovo1289
xiang_denovo1048	Bacteria	Bacteroidetes	Bacteroidia	Bacteroidales	Bacteroidaceae	Bacteroides		k__Bacteria;p__Bacteroidetes;c__Bacteroidia;o__Bacteroidales;f__Bacteroidaceae;g__Bacteroides;s__;d__denovo1048
xiang_denovo1049	Bacteria	Firmicutes	Clostridia	Clostridiales	Peptostreptococcaceae	Clostridium_XI		k__Bacteria;p__Firmicutes;c__Clostridia;o__Clostridiales;f__Peptostreptococcaceae;g__Clostridium_XI;s__;d__denovo1049
xiang_denovo1044	Bacteria	Firmicutes	Clostridia	Clostridiales	Lachnospiraceae			k__Bacteria;p__Firmicutes;c__Clostridia;o__Clostridiales;f__Lachnospiraceae;g__;s__;d__denovo1044
xiang_denovo1045	Bacteria	Bacteroidetes	Bacteroidia	Bacteroidales	Bacteroidaceae	Bacteroides		k__Bacteria;p__Bacteroidetes;c__Bacteroidia;o__Bacteroidales;f__Bacteroidaceae;g__Bacteroides;s__;d__denovo1045
xiang_denovo1046	Bacteria	Firmicutes	Erysipelotrichia	Erysipelotrichales	Erysipelotrichaceae	Erysipelotrichaceae_incertae_sedis		k__Bacteria;p__Firmicutes;c__Erysipelotrichia;o__Erysipelotrichales;f__Erysipelotrichaceae;g__Erysipelotrichaceae_incertae_sedis;s__;d__denovo1046
xiang_denovo1047	Bacteria	Firmicutes	Clostridia	Clostridiales	Lachnospiraceae	Ruminococcus2		k__Bacteria;p__Firmicutes;c__Clostridia;o__Clostridiales;f__Lachnospiraceae;g__Ruminococcus2;s__;d__denovo1047
xiang_denovo1040	Bacteria	Firmicutes	Clostridia	Clostridiales	Lachnospiraceae	Roseburia		k__Bacteria;p__Firmicutes;c__Clostridia;o__Clostridiales;f__Lachnospiraceae;g__Roseburia;s__;d__denovo1040
xiang_denovo1041	Bacteria	Firmicutes	Clostridia	Clostridiales	Lachnospiraceae			k__Bacteria;p__Firmicutes;c__Clostridia;o__Clostridiales;f__Lachnospiraceae;g__;s__;d__denovo1041
xiang_denovo1042	Bacteria	Firmicutes	Bacilli	Lactobacillales	Leuconostocaceae	Leuconostoc		k__Bacteria;p__Firmicutes;c__Bacilli;o__Lactobacillales;f__Leuconostocaceae;g__Leuconostoc;s__;d__denovo1042
xiang_denovo1043	Bacteria	Firmicutes	Clostridia	Clostridiales	Lachnospiraceae	Dorea		k__Bacteria;p__Firmicutes;c__Clostridia;o__Clostridiales;f__Lachnospiraceae;g__Dorea;s__;d__denovo1043
xiang_denovo257	Bacteria	Firmicutes	Clostridia	Clostridiales	Ruminococcaceae	Oscillibacter		k__Bacteria;p__Firmicutes;c__Clostridia;o__Clostridiales;f__Ruminococcaceae;g__Oscillibacter;s__;d__denovo257
xiang_denovo256	Bacteria	Firmicutes	Erysipelotrichia	Erysipelotrichales	Erysipelotrichaceae			k__Bacteria;p__Firmicutes;c__Erysipelotrichia;o__Erysipelotrichales;f__Erysipelotrichaceae;g__;s__;d__denovo256
xiang_denovo255	Bacteria	Firmicutes	Clostridia	Clostridiales	Ruminococcaceae	Acetanaerobacterium		k__Bacteria;p__Firmicutes;c__Clostridia;o__Clostridiales;f__Ruminococcaceae;g__Acetanaerobacterium;s__;d__denovo255
xiang_denovo254	Bacteria	Firmicutes	Clostridia	Clostridiales	Lachnospiraceae			k__Bacteria;p__Firmicutes;c__Clostridia;o__Clostridiales;f__Lachnospiraceae;g__;s__;d__denovo254
xiang_denovo253	Bacteria	Firmicutes	Clostridia	Clostridiales	Lachnospiraceae	Clostridium_XlVa		k__Bacteria;p__Firmicutes;c__Clostridia;o__Clostridiales;f__Lachnospiraceae;g__Clostridium_XlVa;s__;d__denovo253
xiang_denovo252	Bacteria							k__Bacteria;p__;c__;o__;f__;g__;s__;d__denovo252
xiang_denovo251	Bacteria	Firmicutes	Clostridia	Clostridiales	Lachnospiraceae	Ruminococcus2		k__Bacteria;p__Firmicutes;c__Clostridia;o__Clostridiales;f__Lachnospiraceae;g__Ruminococcus2;s__;d__denovo251
xiang_denovo250	Bacteria	Firmicutes	Clostridia	Clostridiales	Lachnospiraceae	Lachnospiracea_incertae_sedis		k__Bacteria;p__Firmicutes;c__Clostridia;o__Clostridiales;f__Lachnospiraceae;g__Lachnospiracea_incertae_sedis;s__;d__denovo250
xiang_denovo259	Bacteria	Firmicutes	Clostridia	Clostridiales	Ruminococcaceae			k__Bacteria;p__Firmicutes;c__Clostridia;o__Clostridiales;f__Ruminococcaceae;g__;s__;d__denovo259
xiang_denovo258	Bacteria	Proteobacteria	Betaproteobacteria	Burkholderiales	Comamonadaceae			k__Bacteria;p__Proteobacteria;c__Betaproteobacteria;o__Burkholderiales;f__Comamonadaceae;g__;s__;d__denovo258
xiang_denovo1000	Bacteria	Firmicutes	Clostridia	Clostridiales	Ruminococcaceae	Clostridium_IV		k__Bacteria;p__Firmicutes;c__Clostridia;o__Clostridiales;f__Ruminococcaceae;g__Clostridium_IV;s__;d__denovo1000
xiang_denovo1553	Bacteria	Actinobacteria	Actinobacteria	Coriobacteriales	Coriobacteriaceae			k__Bacteria;p__Actinobacteria;c__Actinobacteria;o__Coriobacteriales;f__Coriobacteriaceae;g__;s__;d__denovo1553
xiang_denovo1002	Bacteria	Firmicutes	Clostridia	Clostridiales	Ruminococcaceae	Faecalibacterium		k__Bacteria;p__Firmicutes;c__Clostridia;o__Clostridiales;f__Ruminococcaceae;g__Faecalibacterium;s__;d__denovo1002
xiang_denovo1551	Bacteria	Firmicutes	Clostridia	Clostridiales	Ruminococcaceae			k__Bacteria;p__Firmicutes;c__Clostridia;o__Clostridiales;f__Ruminococcaceae;g__;s__;d__denovo1551
xiang_denovo1004	Bacteria	Firmicutes	Clostridia	Clostridiales	Lachnospiraceae	Clostridium_XlVa		k__Bacteria;p__Firmicutes;c__Clostridia;o__Clostridiales;f__Lachnospiraceae;g__Clostridium_XlVa;s__;d__denovo1004
xiang_denovo1557	Bacteria	Firmicutes	Bacilli	Lactobacillales	Enterococcaceae	Enterococcus		k__Bacteria;p__Firmicutes;c__Bacilli;o__Lactobacillales;f__Enterococcaceae;g__Enterococcus;s__;d__denovo1557
xiang_denovo1006	Bacteria	Firmicutes	Clostridia	Clostridiales	Ruminococcaceae	Faecalibacterium		k__Bacteria;p__Firmicutes;c__Clostridia;o__Clostridiales;f__Ruminococcaceae;g__Faecalibacterium;s__;d__denovo1006
xiang_denovo1007	Bacteria	Proteobacteria	Gammaproteobacteria	Pasteurellales	Pasteurellaceae	Haemophilus		k__Bacteria;p__Proteobacteria;c__Gammaproteobacteria;o__Pasteurellales;f__Pasteurellaceae;g__Haemophilus;s__;d__denovo1007
xiang_denovo745	Bacteria	Firmicutes	Clostridia	Clostridiales	Lachnospiraceae	Lachnospiracea_incertae_sedis		k__Bacteria;p__Firmicutes;c__Clostridia;o__Clostridiales;f__Lachnospiraceae;g__Lachnospiracea_incertae_sedis;s__;d__denovo745
xiang_denovo744	Bacteria	Firmicutes	Clostridia	Clostridiales	Lachnospiraceae	Clostridium_XlVb		k__Bacteria;p__Firmicutes;c__Clostridia;o__Clostridiales;f__Lachnospiraceae;g__Clostridium_XlVb;s__;d__denovo744
xiang_denovo747	Bacteria	Firmicutes	Erysipelotrichia	Erysipelotrichales	Erysipelotrichaceae	Coprobacillus		k__Bacteria;p__Firmicutes;c__Erysipelotrichia;o__Erysipelotrichales;f__Erysipelotrichaceae;g__Coprobacillus;s__;d__denovo747
xiang_denovo746	Bacteria	Firmicutes	Clostridia	Clostridiales	Lachnospiraceae	Coprococcus		k__Bacteria;p__Firmicutes;c__Clostridia;o__Clostridiales;f__Lachnospiraceae;g__Coprococcus;s__;d__denovo746
xiang_denovo741	Bacteria	Actinobacteria	Actinobacteria	Actinomycetales	Actinomycetaceae	Actinomyces		k__Bacteria;p__Actinobacteria;c__Actinobacteria;o__Actinomycetales;f__Actinomycetaceae;g__Actinomyces;s__;d__denovo741
xiang_denovo740	Bacteria	Firmicutes	Clostridia	Clostridiales				k__Bacteria;p__Firmicutes;c__Clostridia;o__Clostridiales;f__;g__;s__;d__denovo740
xiang_denovo743	Bacteria	Firmicutes	Bacilli	Lactobacillales	Streptococcaceae	Streptococcus		k__Bacteria;p__Firmicutes;c__Bacilli;o__Lactobacillales;f__Streptococcaceae;g__Streptococcus;s__;d__denovo743
xiang_denovo742	Bacteria	Firmicutes	Clostridia	Clostridiales	Lachnospiraceae	Clostridium_XlVa		k__Bacteria;p__Firmicutes;c__Clostridia;o__Clostridiales;f__Lachnospiraceae;g__Clostridium_XlVa;s__;d__denovo742
xiang_denovo749	Bacteria	Firmicutes	Clostridia	Clostridiales	Ruminococcaceae	Flavonifractor		k__Bacteria;p__Firmicutes;c__Clostridia;o__Clostridiales;f__Ruminococcaceae;g__Flavonifractor;s__;d__denovo749
xiang_denovo748	Bacteria	Firmicutes	Clostridia	Clostridiales	Ruminococcaceae			k__Bacteria;p__Firmicutes;c__Clostridia;o__Clostridiales;f__Ruminococcaceae;g__;s__;d__denovo748
xiang_denovo644	Bacteria	Firmicutes	Clostridia	Clostridiales	Ruminococcaceae			k__Bacteria;p__Firmicutes;c__Clostridia;o__Clostridiales;f__Ruminococcaceae;g__;s__;d__denovo644
xiang_denovo645	Bacteria	Firmicutes	Negativicutes	Selenomonadales	Acidaminococcaceae	Phascolarctobacterium		k__Bacteria;p__Firmicutes;c__Negativicutes;o__Selenomonadales;f__Acidaminococcaceae;g__Phascolarctobacterium;s__;d__denovo645
xiang_denovo130	Bacteria	Bacteroidetes	Bacteroidia	Bacteroidales	Bacteroidaceae	Bacteroides		k__Bacteria;p__Bacteroidetes;c__Bacteroidia;o__Bacteroidales;f__Bacteroidaceae;g__Bacteroides;s__;d__denovo130
xiang_denovo131	Bacteria	Bacteroidetes	Bacteroidia	Bacteroidales	Bacteroidaceae	Bacteroides		k__Bacteria;p__Bacteroidetes;c__Bacteroidia;o__Bacteroidales;f__Bacteroidaceae;g__Bacteroides;s__;d__denovo131
xiang_denovo136	Bacteria	Bacteroidetes	Bacteroidia	Bacteroidales	Prevotellaceae	Prevotella		k__Bacteria;p__Bacteroidetes;c__Bacteroidia;o__Bacteroidales;f__Prevotellaceae;g__Prevotella;s__;d__denovo136
xiang_denovo641	Bacteria	Firmicutes	Clostridia	Clostridiales	Lachnospiraceae			k__Bacteria;p__Firmicutes;c__Clostridia;o__Clostridiales;f__Lachnospiraceae;g__;s__;d__denovo641
xiang_denovo642	Bacteria	Firmicutes	Clostridia	Clostridiales	Lachnospiraceae			k__Bacteria;p__Firmicutes;c__Clostridia;o__Clostridiales;f__Lachnospiraceae;g__;s__;d__denovo642
xiang_denovo109	Bacteria	Firmicutes	Clostridia	Clostridiales	Ruminococcaceae			k__Bacteria;p__Firmicutes;c__Clostridia;o__Clostridiales;f__Ruminococcaceae;g__;s__;d__denovo109
xiang_denovo108	Bacteria	Firmicutes	Clostridia	Clostridiales	Ruminococcaceae	Butyricicoccus		k__Bacteria;p__Firmicutes;c__Clostridia;o__Clostridiales;f__Ruminococcaceae;g__Butyricicoccus;s__;d__denovo108
xiang_denovo107	Bacteria	Firmicutes	Clostridia	Clostridiales	Peptostreptococcaceae	Peptostreptococcus		k__Bacteria;p__Firmicutes;c__Clostridia;o__Clostridiales;f__Peptostreptococcaceae;g__Peptostreptococcus;s__;d__denovo107
xiang_denovo106	Bacteria	Firmicutes	Clostridia	Clostridiales	Lachnospiraceae			k__Bacteria;p__Firmicutes;c__Clostridia;o__Clostridiales;f__Lachnospiraceae;g__;s__;d__denovo106
xiang_denovo105	Bacteria	Bacteroidetes	Bacteroidia	Bacteroidales	Bacteroidaceae	Bacteroides		k__Bacteria;p__Bacteroidetes;c__Bacteroidia;o__Bacteroidales;f__Bacteroidaceae;g__Bacteroides;s__;d__denovo105
xiang_denovo104	Bacteria	Firmicutes	Clostridia	Clostridiales	Lachnospiraceae	Clostridium_XlVa		k__Bacteria;p__Firmicutes;c__Clostridia;o__Clostridiales;f__Lachnospiraceae;g__Clostridium_XlVa;s__;d__denovo104
xiang_denovo103	Bacteria	Firmicutes						k__Bacteria;p__Firmicutes;c__;o__;f__;g__;s__;d__denovo103
xiang_denovo102	Bacteria	Firmicutes	Clostridia	Clostridiales	Ruminococcaceae			k__Bacteria;p__Firmicutes;c__Clostridia;o__Clostridiales;f__Ruminococcaceae;g__;s__;d__denovo102
xiang_denovo101	Bacteria	Firmicutes	Negativicutes	Selenomonadales	Veillonellaceae	Dialister		k__Bacteria;p__Firmicutes;c__Negativicutes;o__Selenomonadales;f__Veillonellaceae;g__Dialister;s__;d__denovo101
xiang_denovo100	Bacteria	Bacteroidetes	Bacteroidia	Bacteroidales	Bacteroidaceae	Bacteroides		k__Bacteria;p__Bacteroidetes;c__Bacteroidia;o__Bacteroidales;f__Bacteroidaceae;g__Bacteroides;s__;d__denovo100
xiang_denovo819	Bacteria	Firmicutes	Clostridia	Clostridiales	Lachnospiraceae			k__Bacteria;p__Firmicutes;c__Clostridia;o__Clostridiales;f__Lachnospiraceae;g__;s__;d__denovo819
xiang_denovo818	Bacteria	Firmicutes	Clostridia	Clostridiales	Eubacteriaceae	Eubacterium		k__Bacteria;p__Firmicutes;c__Clostridia;o__Clostridiales;f__Eubacteriaceae;g__Eubacterium;s__;d__denovo818
xiang_denovo815	Bacteria	Firmicutes	Clostridia	Clostridiales	Lachnospiraceae	Pseudobutyrivibrio		k__Bacteria;p__Firmicutes;c__Clostridia;o__Clostridiales;f__Lachnospiraceae;g__Pseudobutyrivibrio;s__;d__denovo815
xiang_denovo814	Bacteria	Firmicutes	Clostridia	Clostridiales	Lachnospiraceae	Lachnospiracea_incertae_sedis		k__Bacteria;p__Firmicutes;c__Clostridia;o__Clostridiales;f__Lachnospiraceae;g__Lachnospiracea_incertae_sedis;s__;d__denovo814
xiang_denovo817	Bacteria	Firmicutes	Clostridia	Clostridiales	Lachnospiraceae	Lachnospiracea_incertae_sedis		k__Bacteria;p__Firmicutes;c__Clostridia;o__Clostridiales;f__Lachnospiraceae;g__Lachnospiracea_incertae_sedis;s__;d__denovo817
xiang_denovo816	Bacteria	Bacteroidetes	Bacteroidia	Bacteroidales	Bacteroidaceae	Bacteroides		k__Bacteria;p__Bacteroidetes;c__Bacteroidia;o__Bacteroidales;f__Bacteroidaceae;g__Bacteroides;s__;d__denovo816
xiang_denovo811	Bacteria	Firmicutes	Clostridia	Clostridiales	Lachnospiraceae	Lachnospiracea_incertae_sedis		k__Bacteria;p__Firmicutes;c__Clostridia;o__Clostridiales;f__Lachnospiraceae;g__Lachnospiracea_incertae_sedis;s__;d__denovo811
xiang_denovo810	Bacteria	Firmicutes	Bacilli	Lactobacillales	Streptococcaceae	Streptococcus		k__Bacteria;p__Firmicutes;c__Bacilli;o__Lactobacillales;f__Streptococcaceae;g__Streptococcus;s__;d__denovo810
xiang_denovo813	Bacteria	Firmicutes	Clostridia	Clostridiales	Lachnospiraceae			k__Bacteria;p__Firmicutes;c__Clostridia;o__Clostridiales;f__Lachnospiraceae;g__;s__;d__denovo813
xiang_denovo812	Bacteria	Firmicutes	Clostridia	Clostridiales	Lachnospiraceae	Clostridium_XlVa		k__Bacteria;p__Firmicutes;c__Clostridia;o__Clostridiales;f__Lachnospiraceae;g__Clostridium_XlVa;s__;d__denovo812
xiang_denovo921	Bacteria	Firmicutes	Clostridia	Clostridiales	Lachnospiraceae	Clostridium_XlVa		k__Bacteria;p__Firmicutes;c__Clostridia;o__Clostridiales;f__Lachnospiraceae;g__Clostridium_XlVa;s__;d__denovo921
xiang_denovo920	Bacteria	Firmicutes	Clostridia	Clostridiales				k__Bacteria;p__Firmicutes;c__Clostridia;o__Clostridiales;f__;g__;s__;d__denovo920
xiang_denovo923	Bacteria	Firmicutes	Clostridia	Clostridiales	Lachnospiraceae	Dorea		k__Bacteria;p__Firmicutes;c__Clostridia;o__Clostridiales;f__Lachnospiraceae;g__Dorea;s__;d__denovo923
xiang_denovo922	Bacteria	Firmicutes	Clostridia	Clostridiales	Lachnospiraceae			k__Bacteria;p__Firmicutes;c__Clostridia;o__Clostridiales;f__Lachnospiraceae;g__;s__;d__denovo922
xiang_denovo925	Bacteria	Firmicutes	Clostridia	Clostridiales	Lachnospiraceae	Ruminococcus2		k__Bacteria;p__Firmicutes;c__Clostridia;o__Clostridiales;f__Lachnospiraceae;g__Ruminococcus2;s__;d__denovo925
xiang_denovo924	Bacteria	Firmicutes	Clostridia	Clostridiales	Lachnospiraceae	Blautia		k__Bacteria;p__Firmicutes;c__Clostridia;o__Clostridiales;f__Lachnospiraceae;g__Blautia;s__;d__denovo924
xiang_denovo927	Bacteria	Firmicutes	Clostridia	Clostridiales	Lachnospiraceae	Pseudobutyrivibrio		k__Bacteria;p__Firmicutes;c__Clostridia;o__Clostridiales;f__Lachnospiraceae;g__Pseudobutyrivibrio;s__;d__denovo927
xiang_denovo926	Bacteria	Firmicutes	Clostridia	Clostridiales	Lachnospiraceae	Clostridium_XlVa		k__Bacteria;p__Firmicutes;c__Clostridia;o__Clostridiales;f__Lachnospiraceae;g__Clostridium_XlVa;s__;d__denovo926
xiang_denovo929	Bacteria	Firmicutes	Clostridia	Clostridiales	Lachnospiraceae			k__Bacteria;p__Firmicutes;c__Clostridia;o__Clostridiales;f__Lachnospiraceae;g__;s__;d__denovo929
xiang_denovo928	Bacteria	Firmicutes	Clostridia	Clostridiales	Lachnospiraceae	Pseudobutyrivibrio		k__Bacteria;p__Firmicutes;c__Clostridia;o__Clostridiales;f__Lachnospiraceae;g__Pseudobutyrivibrio;s__;d__denovo928
xiang_denovo92	Bacteria	Proteobacteria	Gammaproteobacteria	Enterobacteriales	Enterobacteriaceae	Klebsiella		k__Bacteria;p__Proteobacteria;c__Gammaproteobacteria;o__Enterobacteriales;f__Enterobacteriaceae;g__Klebsiella;s__;d__denovo92
xiang_denovo93	Bacteria	Firmicutes	Clostridia	Clostridiales	Clostridiaceae_1	Clostridium_sensu_stricto		k__Bacteria;p__Firmicutes;c__Clostridia;o__Clostridiales;f__Clostridiaceae_1;g__Clostridium_sensu_stricto;s__;d__denovo93
xiang_denovo90	Bacteria	Firmicutes	Bacilli	Lactobacillales	Streptococcaceae	Lactococcus		k__Bacteria;p__Firmicutes;c__Bacilli;o__Lactobacillales;f__Streptococcaceae;g__Lactococcus;s__;d__denovo90
xiang_denovo91	Bacteria	Firmicutes	Bacilli	Lactobacillales	Enterococcaceae	Enterococcus		k__Bacteria;p__Firmicutes;c__Bacilli;o__Lactobacillales;f__Enterococcaceae;g__Enterococcus;s__;d__denovo91
xiang_denovo96	Bacteria	Firmicutes	Clostridia	Clostridiales	Lachnospiraceae	Clostridium_XlVa		k__Bacteria;p__Firmicutes;c__Clostridia;o__Clostridiales;f__Lachnospiraceae;g__Clostridium_XlVa;s__;d__denovo96
xiang_denovo97	Bacteria	Firmicutes	Clostridia	Clostridiales	Ruminococcaceae	Ruminococcus		k__Bacteria;p__Firmicutes;c__Clostridia;o__Clostridiales;f__Ruminococcaceae;g__Ruminococcus;s__;d__denovo97
xiang_denovo94	Bacteria	Firmicutes	Erysipelotrichia	Erysipelotrichales	Erysipelotrichaceae	Erysipelotrichaceae_incertae_sedis		k__Bacteria;p__Firmicutes;c__Erysipelotrichia;o__Erysipelotrichales;f__Erysipelotrichaceae;g__Erysipelotrichaceae_incertae_sedis;s__;d__denovo94
xiang_denovo95	Bacteria	Bacteroidetes	Bacteroidia	Bacteroidales	Bacteroidaceae	Bacteroides		k__Bacteria;p__Bacteroidetes;c__Bacteroidia;o__Bacteroidales;f__Bacteroidaceae;g__Bacteroides;s__;d__denovo95
xiang_denovo98	Bacteria	Firmicutes	Clostridia	Clostridiales	Lachnospiraceae	Clostridium_XlVa		k__Bacteria;p__Firmicutes;c__Clostridia;o__Clostridiales;f__Lachnospiraceae;g__Clostridium_XlVa;s__;d__denovo98
xiang_denovo99	Bacteria	Firmicutes	Clostridia	Clostridiales	Ruminococcaceae			k__Bacteria;p__Firmicutes;c__Clostridia;o__Clostridiales;f__Ruminococcaceae;g__;s__;d__denovo99
xiang_denovo1459	Bacteria	Firmicutes	Clostridia	Clostridiales	Ruminococcaceae	Faecalibacterium		k__Bacteria;p__Firmicutes;c__Clostridia;o__Clostridiales;f__Ruminococcaceae;g__Faecalibacterium;s__;d__denovo1459
xiang_denovo1458	Bacteria	Firmicutes	Clostridia	Clostridiales	Clostridiales_Incertae_Sedis_XI	Peptoniphilus		k__Bacteria;p__Firmicutes;c__Clostridia;o__Clostridiales;f__Clostridiales_Incertae_Sedis_XI;g__Peptoniphilus;s__;d__denovo1458
xiang_denovo1457	Bacteria	Firmicutes	Bacilli	Lactobacillales	Streptococcaceae	Streptococcus		k__Bacteria;p__Firmicutes;c__Bacilli;o__Lactobacillales;f__Streptococcaceae;g__Streptococcus;s__;d__denovo1457
xiang_denovo1456	Bacteria	Firmicutes	Clostridia	Clostridiales	Lachnospiraceae			k__Bacteria;p__Firmicutes;c__Clostridia;o__Clostridiales;f__Lachnospiraceae;g__;s__;d__denovo1456
xiang_denovo1455	Bacteria	Firmicutes	Clostridia	Clostridiales	Lachnospiraceae			k__Bacteria;p__Firmicutes;c__Clostridia;o__Clostridiales;f__Lachnospiraceae;g__;s__;d__denovo1455
xiang_denovo1454	Bacteria	Firmicutes	Clostridia	Clostridiales	Lachnospiraceae			k__Bacteria;p__Firmicutes;c__Clostridia;o__Clostridiales;f__Lachnospiraceae;g__;s__;d__denovo1454
xiang_denovo1453	Bacteria	Firmicutes	Clostridia	Clostridiales	Lachnospiraceae	Clostridium_XlVa		k__Bacteria;p__Firmicutes;c__Clostridia;o__Clostridiales;f__Lachnospiraceae;g__Clostridium_XlVa;s__;d__denovo1453
xiang_denovo1452	Bacteria	Proteobacteria	Gammaproteobacteria	Enterobacteriales	Enterobacteriaceae	Escherichia/Shigella		k__Bacteria;p__Proteobacteria;c__Gammaproteobacteria;o__Enterobacteriales;f__Enterobacteriaceae;g__Escherichia/Shigella;s__;d__denovo1452
xiang_denovo1451	Bacteria	Firmicutes	Clostridia	Clostridiales	Lachnospiraceae	Coprococcus		k__Bacteria;p__Firmicutes;c__Clostridia;o__Clostridiales;f__Lachnospiraceae;g__Coprococcus;s__;d__denovo1451
xiang_denovo1450	Bacteria	Firmicutes	Negativicutes	Selenomonadales				k__Bacteria;p__Firmicutes;c__Negativicutes;o__Selenomonadales;f__;g__;s__;d__denovo1450
xiang_denovo78	Bacteria	Firmicutes	Bacilli	Lactobacillales	Enterococcaceae	Enterococcus		k__Bacteria;p__Firmicutes;c__Bacilli;o__Lactobacillales;f__Enterococcaceae;g__Enterococcus;s__;d__denovo78
xiang_denovo79	Bacteria	Firmicutes	Clostridia	Clostridiales	Lachnospiraceae	Clostridium_XlVa		k__Bacteria;p__Firmicutes;c__Clostridia;o__Clostridiales;f__Lachnospiraceae;g__Clostridium_XlVa;s__;d__denovo79
xiang_denovo70	Bacteria	Actinobacteria	Actinobacteria	Bifidobacteriales	Bifidobacteriaceae	Bifidobacterium		k__Bacteria;p__Actinobacteria;c__Actinobacteria;o__Bifidobacteriales;f__Bifidobacteriaceae;g__Bifidobacterium;s__;d__denovo70
xiang_denovo71	Bacteria	Firmicutes	Clostridia	Clostridiales	Lachnospiraceae	Blautia		k__Bacteria;p__Firmicutes;c__Clostridia;o__Clostridiales;f__Lachnospiraceae;g__Blautia;s__;d__denovo71
xiang_denovo72	Bacteria	Firmicutes	Clostridia	Clostridiales	Ruminococcaceae	Ruminococcus		k__Bacteria;p__Firmicutes;c__Clostridia;o__Clostridiales;f__Ruminococcaceae;g__Ruminococcus;s__;d__denovo72
xiang_denovo73	Bacteria	Firmicutes	Clostridia	Clostridiales	Lachnospiraceae	Clostridium_XlVa		k__Bacteria;p__Firmicutes;c__Clostridia;o__Clostridiales;f__Lachnospiraceae;g__Clostridium_XlVa;s__;d__denovo73
xiang_denovo74	Bacteria	Firmicutes	Clostridia	Clostridiales	Lachnospiraceae	Lachnospiracea_incertae_sedis		k__Bacteria;p__Firmicutes;c__Clostridia;o__Clostridiales;f__Lachnospiraceae;g__Lachnospiracea_incertae_sedis;s__;d__denovo74
xiang_denovo75	Bacteria	Proteobacteria	Gammaproteobacteria	Enterobacteriales	Enterobacteriaceae	Escherichia/Shigella		k__Bacteria;p__Proteobacteria;c__Gammaproteobacteria;o__Enterobacteriales;f__Enterobacteriaceae;g__Escherichia/Shigella;s__;d__denovo75
xiang_denovo76	Bacteria	Bacteroidetes	Bacteroidia	Bacteroidales	Bacteroidaceae	Bacteroides		k__Bacteria;p__Bacteroidetes;c__Bacteroidia;o__Bacteroidales;f__Bacteroidaceae;g__Bacteroides;s__;d__denovo76
xiang_denovo77	Bacteria	Bacteroidetes	Bacteroidia	Bacteroidales	Bacteroidaceae	Bacteroides		k__Bacteria;p__Bacteroidetes;c__Bacteroidia;o__Bacteroidales;f__Bacteroidaceae;g__Bacteroides;s__;d__denovo77
xiang_denovo1253	Bacteria	Firmicutes	Clostridia	Clostridiales	Lachnospiraceae			k__Bacteria;p__Firmicutes;c__Clostridia;o__Clostridiales;f__Lachnospiraceae;g__;s__;d__denovo1253
xiang_denovo449	Bacteria	Bacteroidetes	Bacteroidia	Bacteroidales	Prevotellaceae			k__Bacteria;p__Bacteroidetes;c__Bacteroidia;o__Bacteroidales;f__Prevotellaceae;g__;s__;d__denovo449
xiang_denovo1259	Bacteria	Firmicutes	Clostridia	Clostridiales	Ruminococcaceae	Faecalibacterium		k__Bacteria;p__Firmicutes;c__Clostridia;o__Clostridiales;f__Ruminococcaceae;g__Faecalibacterium;s__;d__denovo1259
xiang_denovo443	Bacteria	Firmicutes	Clostridia	Clostridiales	Lachnospiraceae			k__Bacteria;p__Firmicutes;c__Clostridia;o__Clostridiales;f__Lachnospiraceae;g__;s__;d__denovo443
xiang_denovo1291	Bacteria	Firmicutes	Clostridia	Clostridiales	Lachnospiraceae	Clostridium_XlVb		k__Bacteria;p__Firmicutes;c__Clostridia;o__Clostridiales;f__Lachnospiraceae;g__Clostridium_XlVb;s__;d__denovo1291
xiang_denovo1290	Bacteria	Firmicutes	Clostridia	Clostridiales	Peptostreptococcaceae	Peptostreptococcus		k__Bacteria;p__Firmicutes;c__Clostridia;o__Clostridiales;f__Peptostreptococcaceae;g__Peptostreptococcus;s__;d__denovo1290
xiang_denovo1293	Bacteria	Firmicutes	Clostridia	Clostridiales	Lachnospiraceae	Coprococcus		k__Bacteria;p__Firmicutes;c__Clostridia;o__Clostridiales;f__Lachnospiraceae;g__Coprococcus;s__;d__denovo1293
xiang_denovo1292	Bacteria	Firmicutes	Clostridia	Clostridiales	Lachnospiraceae	Clostridium_XlVa		k__Bacteria;p__Firmicutes;c__Clostridia;o__Clostridiales;f__Lachnospiraceae;g__Clostridium_XlVa;s__;d__denovo1292
xiang_denovo1295	Bacteria	Firmicutes	Clostridia	Clostridiales	Ruminococcaceae	Faecalibacterium		k__Bacteria;p__Firmicutes;c__Clostridia;o__Clostridiales;f__Ruminococcaceae;g__Faecalibacterium;s__;d__denovo1295
xiang_denovo1294	Bacteria	Firmicutes	Clostridia	Clostridiales	Lachnospiraceae			k__Bacteria;p__Firmicutes;c__Clostridia;o__Clostridiales;f__Lachnospiraceae;g__;s__;d__denovo1294
xiang_denovo1297	Bacteria	Firmicutes	Clostridia	Clostridiales	Ruminococcaceae			k__Bacteria;p__Firmicutes;c__Clostridia;o__Clostridiales;f__Ruminococcaceae;g__;s__;d__denovo1297
xiang_denovo1296	Bacteria	Firmicutes	Clostridia	Clostridiales	Lachnospiraceae	Lachnospiracea_incertae_sedis		k__Bacteria;p__Firmicutes;c__Clostridia;o__Clostridiales;f__Lachnospiraceae;g__Lachnospiracea_incertae_sedis;s__;d__denovo1296
xiang_denovo1299	Bacteria	Firmicutes	Clostridia	Clostridiales	Lachnospiraceae			k__Bacteria;p__Firmicutes;c__Clostridia;o__Clostridiales;f__Lachnospiraceae;g__;s__;d__denovo1299
xiang_denovo1298	Bacteria	Firmicutes	Clostridia	Clostridiales	Lachnospiraceae	Lachnospiracea_incertae_sedis		k__Bacteria;p__Firmicutes;c__Clostridia;o__Clostridiales;f__Lachnospiraceae;g__Lachnospiracea_incertae_sedis;s__;d__denovo1298
xiang_denovo1053	Bacteria	Firmicutes	Clostridia	Clostridiales	Ruminococcaceae	Flavonifractor		k__Bacteria;p__Firmicutes;c__Clostridia;o__Clostridiales;f__Ruminococcaceae;g__Flavonifractor;s__;d__denovo1053
xiang_denovo249	Bacteria	Firmicutes	Clostridia	Clostridiales	Lachnospiraceae	Dorea		k__Bacteria;p__Firmicutes;c__Clostridia;o__Clostridiales;f__Lachnospiraceae;g__Dorea;s__;d__denovo249
xiang_denovo1051	Bacteria	Firmicutes	Clostridia	Clostridiales	Lachnospiraceae			k__Bacteria;p__Firmicutes;c__Clostridia;o__Clostridiales;f__Lachnospiraceae;g__;s__;d__denovo1051
xiang_denovo1050	Bacteria	Firmicutes	Clostridia	Clostridiales	Lachnospiraceae	Pseudobutyrivibrio		k__Bacteria;p__Firmicutes;c__Clostridia;o__Clostridiales;f__Lachnospiraceae;g__Pseudobutyrivibrio;s__;d__denovo1050
xiang_denovo1057	Bacteria	Proteobacteria	Gammaproteobacteria	Enterobacteriales	Enterobacteriaceae			k__Bacteria;p__Proteobacteria;c__Gammaproteobacteria;o__Enterobacteriales;f__Enterobacteriaceae;g__;s__;d__denovo1057
xiang_denovo1056	Bacteria	Firmicutes	Clostridia	Clostridiales	Lachnospiraceae			k__Bacteria;p__Firmicutes;c__Clostridia;o__Clostridiales;f__Lachnospiraceae;g__;s__;d__denovo1056
xiang_denovo1055	Bacteria	Firmicutes	Clostridia	Clostridiales	Lachnospiraceae	Clostridium_XlVa		k__Bacteria;p__Firmicutes;c__Clostridia;o__Clostridiales;f__Lachnospiraceae;g__Clostridium_XlVa;s__;d__denovo1055
xiang_denovo1054	Bacteria	Firmicutes	Clostridia	Clostridiales	Lachnospiraceae	Lachnospiracea_incertae_sedis		k__Bacteria;p__Firmicutes;c__Clostridia;o__Clostridiales;f__Lachnospiraceae;g__Lachnospiracea_incertae_sedis;s__;d__denovo1054
xiang_denovo240	Bacteria	Bacteroidetes	Bacteroidia	Bacteroidales	Porphyromonadaceae	Odoribacter		k__Bacteria;p__Bacteroidetes;c__Bacteroidia;o__Bacteroidales;f__Porphyromonadaceae;g__Odoribacter;s__;d__denovo240
xiang_denovo241	Bacteria	Bacteroidetes	Bacteroidia	Bacteroidales	Bacteroidaceae	Bacteroides		k__Bacteria;p__Bacteroidetes;c__Bacteroidia;o__Bacteroidales;f__Bacteroidaceae;g__Bacteroides;s__;d__denovo241
xiang_denovo1059	Bacteria	Firmicutes	Clostridia	Clostridiales	Lachnospiraceae	Dorea		k__Bacteria;p__Firmicutes;c__Clostridia;o__Clostridiales;f__Lachnospiraceae;g__Dorea;s__;d__denovo1059
xiang_denovo1058	Bacteria	Bacteroidetes	Bacteroidia	Bacteroidales	Porphyromonadaceae	Butyricimonas		k__Bacteria;p__Bacteroidetes;c__Bacteroidia;o__Bacteroidales;f__Porphyromonadaceae;g__Butyricimonas;s__;d__denovo1058
xiang_denovo244	Bacteria	Firmicutes	Clostridia	Clostridiales	Lachnospiraceae			k__Bacteria;p__Firmicutes;c__Clostridia;o__Clostridiales;f__Lachnospiraceae;g__;s__;d__denovo244
xiang_denovo245	Bacteria	Firmicutes	Erysipelotrichia	Erysipelotrichales	Erysipelotrichaceae	Turicibacter		k__Bacteria;p__Firmicutes;c__Erysipelotrichia;o__Erysipelotrichales;f__Erysipelotrichaceae;g__Turicibacter;s__;d__denovo245
xiang_denovo246	Bacteria	Firmicutes	Clostridia	Clostridiales				k__Bacteria;p__Firmicutes;c__Clostridia;o__Clostridiales;f__;g__;s__;d__denovo246
xiang_denovo247	Bacteria	Firmicutes	Clostridia	Clostridiales	Lachnospiraceae	Ruminococcus2		k__Bacteria;p__Firmicutes;c__Clostridia;o__Clostridiales;f__Lachnospiraceae;g__Ruminococcus2;s__;d__denovo247
xiang_denovo756	Bacteria	Firmicutes	Clostridia	Clostridiales	Ruminococcaceae			k__Bacteria;p__Firmicutes;c__Clostridia;o__Clostridiales;f__Ruminococcaceae;g__;s__;d__denovo756
xiang_denovo757	Bacteria	Firmicutes	Clostridia	Clostridiales	Lachnospiraceae	Blautia		k__Bacteria;p__Firmicutes;c__Clostridia;o__Clostridiales;f__Lachnospiraceae;g__Blautia;s__;d__denovo757
xiang_denovo754	Bacteria	Firmicutes	Clostridia	Clostridiales	Ruminococcaceae	Faecalibacterium		k__Bacteria;p__Firmicutes;c__Clostridia;o__Clostridiales;f__Ruminococcaceae;g__Faecalibacterium;s__;d__denovo754
xiang_denovo755	Bacteria	Firmicutes	Clostridia	Clostridiales	Ruminococcaceae	Faecalibacterium		k__Bacteria;p__Firmicutes;c__Clostridia;o__Clostridiales;f__Ruminococcaceae;g__Faecalibacterium;s__;d__denovo755
xiang_denovo752	Bacteria	Firmicutes	Clostridia	Clostridiales	Lachnospiraceae	Blautia		k__Bacteria;p__Firmicutes;c__Clostridia;o__Clostridiales;f__Lachnospiraceae;g__Blautia;s__;d__denovo752
xiang_denovo753	Bacteria	Firmicutes	Clostridia	Clostridiales	Ruminococcaceae	Faecalibacterium		k__Bacteria;p__Firmicutes;c__Clostridia;o__Clostridiales;f__Ruminococcaceae;g__Faecalibacterium;s__;d__denovo753
xiang_denovo750	Bacteria	Firmicutes	Negativicutes	Selenomonadales	Veillonellaceae	Dialister		k__Bacteria;p__Firmicutes;c__Negativicutes;o__Selenomonadales;f__Veillonellaceae;g__Dialister;s__;d__denovo750
xiang_denovo751	Bacteria	Bacteroidetes	Bacteroidia	Bacteroidales	Bacteroidaceae	Bacteroides		k__Bacteria;p__Bacteroidetes;c__Bacteroidia;o__Bacteroidales;f__Bacteroidaceae;g__Bacteroides;s__;d__denovo751
xiang_denovo758	Bacteria	Firmicutes	Clostridia	Clostridiales	Lachnospiraceae			k__Bacteria;p__Firmicutes;c__Clostridia;o__Clostridiales;f__Lachnospiraceae;g__;s__;d__denovo758
xiang_denovo759	Bacteria	Bacteroidetes	Bacteroidia	Bacteroidales	Bacteroidaceae	Bacteroides		k__Bacteria;p__Bacteroidetes;c__Bacteroidia;o__Bacteroidales;f__Bacteroidaceae;g__Bacteroides;s__;d__denovo759
xiang_denovo110	Bacteria	Firmicutes	Clostridia	Clostridiales	Lachnospiraceae			k__Bacteria;p__Firmicutes;c__Clostridia;o__Clostridiales;f__Lachnospiraceae;g__;s__;d__denovo110
xiang_denovo111	Bacteria	Firmicutes	Clostridia	Clostridiales	Lachnospiraceae			k__Bacteria;p__Firmicutes;c__Clostridia;o__Clostridiales;f__Lachnospiraceae;g__;s__;d__denovo111
xiang_denovo112	Bacteria	Bacteroidetes	Bacteroidia	Bacteroidales	Bacteroidaceae	Bacteroides		k__Bacteria;p__Bacteroidetes;c__Bacteroidia;o__Bacteroidales;f__Bacteroidaceae;g__Bacteroides;s__;d__denovo112
xiang_denovo113	Bacteria	Firmicutes	Clostridia	Clostridiales	Lachnospiraceae	Clostridium_XlVa		k__Bacteria;p__Firmicutes;c__Clostridia;o__Clostridiales;f__Lachnospiraceae;g__Clostridium_XlVa;s__;d__denovo113
xiang_denovo114	Bacteria	Firmicutes	Clostridia	Clostridiales	Ruminococcaceae	Oscillibacter		k__Bacteria;p__Firmicutes;c__Clostridia;o__Clostridiales;f__Ruminococcaceae;g__Oscillibacter;s__;d__denovo114
xiang_denovo115	Bacteria	Proteobacteria	Gammaproteobacteria	Enterobacteriales	Enterobacteriaceae	Klebsiella		k__Bacteria;p__Proteobacteria;c__Gammaproteobacteria;o__Enterobacteriales;f__Enterobacteriaceae;g__Klebsiella;s__;d__denovo115
xiang_denovo116	Bacteria	Firmicutes	Clostridia	Clostridiales	Ruminococcaceae			k__Bacteria;p__Firmicutes;c__Clostridia;o__Clostridiales;f__Ruminococcaceae;g__;s__;d__denovo116
xiang_denovo117	Bacteria	Bacteroidetes	Bacteroidia	Bacteroidales				k__Bacteria;p__Bacteroidetes;c__Bacteroidia;o__Bacteroidales;f__;g__;s__;d__denovo117
xiang_denovo118	Bacteria	Actinobacteria	Actinobacteria	Coriobacteriales	Coriobacteriaceae	Collinsella		k__Bacteria;p__Actinobacteria;c__Actinobacteria;o__Coriobacteriales;f__Coriobacteriaceae;g__Collinsella;s__;d__denovo118
xiang_denovo119	Bacteria	Bacteroidetes	Bacteroidia	Bacteroidales	Bacteroidaceae	Bacteroides		k__Bacteria;p__Bacteroidetes;c__Bacteroidia;o__Bacteroidales;f__Bacteroidaceae;g__Bacteroides;s__;d__denovo119
xiang_denovo808	Bacteria	Firmicutes	Clostridia	Clostridiales	Ruminococcaceae	Faecalibacterium		k__Bacteria;p__Firmicutes;c__Clostridia;o__Clostridiales;f__Ruminococcaceae;g__Faecalibacterium;s__;d__denovo808
xiang_denovo809	Bacteria	Firmicutes	Clostridia	Clostridiales	Lachnospiraceae	Roseburia		k__Bacteria;p__Firmicutes;c__Clostridia;o__Clostridiales;f__Lachnospiraceae;g__Roseburia;s__;d__denovo809
xiang_denovo806	Bacteria	Firmicutes	Clostridia	Clostridiales	Lachnospiraceae	Ruminococcus2		k__Bacteria;p__Firmicutes;c__Clostridia;o__Clostridiales;f__Lachnospiraceae;g__Ruminococcus2;s__;d__denovo806
xiang_denovo807	Bacteria	Firmicutes	Clostridia	Clostridiales	Peptostreptococcaceae	Clostridium_XI		k__Bacteria;p__Firmicutes;c__Clostridia;o__Clostridiales;f__Peptostreptococcaceae;g__Clostridium_XI;s__;d__denovo807
xiang_denovo804	Bacteria	Firmicutes	Clostridia	Clostridiales	Lachnospiraceae	Ruminococcus2		k__Bacteria;p__Firmicutes;c__Clostridia;o__Clostridiales;f__Lachnospiraceae;g__Ruminococcus2;s__;d__denovo804
xiang_denovo805	Bacteria	Firmicutes	Erysipelotrichia	Erysipelotrichales	Erysipelotrichaceae	Coprobacillus		k__Bacteria;p__Firmicutes;c__Erysipelotrichia;o__Erysipelotrichales;f__Erysipelotrichaceae;g__Coprobacillus;s__;d__denovo805
xiang_denovo802	Bacteria	Bacteroidetes	Bacteroidia	Bacteroidales	Prevotellaceae	Xylanibacter		k__Bacteria;p__Bacteroidetes;c__Bacteroidia;o__Bacteroidales;f__Prevotellaceae;g__Xylanibacter;s__;d__denovo802
xiang_denovo803	Bacteria	Firmicutes	Clostridia	Clostridiales	Ruminococcaceae			k__Bacteria;p__Firmicutes;c__Clostridia;o__Clostridiales;f__Ruminococcaceae;g__;s__;d__denovo803
xiang_denovo800	Bacteria	Firmicutes	Clostridia	Clostridiales	Ruminococcaceae	Clostridium_IV		k__Bacteria;p__Firmicutes;c__Clostridia;o__Clostridiales;f__Ruminococcaceae;g__Clostridium_IV;s__;d__denovo800
xiang_denovo801	Bacteria	Firmicutes	Clostridia	Clostridiales	Lachnospiraceae	Ruminococcus2		k__Bacteria;p__Firmicutes;c__Clostridia;o__Clostridiales;f__Lachnospiraceae;g__Ruminococcus2;s__;d__denovo801
xiang_denovo932	Bacteria	Firmicutes	Clostridia	Clostridiales	Lachnospiraceae			k__Bacteria;p__Firmicutes;c__Clostridia;o__Clostridiales;f__Lachnospiraceae;g__;s__;d__denovo932
xiang_denovo933	Bacteria	Firmicutes	Bacilli	Lactobacillales	Enterococcaceae	Enterococcus		k__Bacteria;p__Firmicutes;c__Bacilli;o__Lactobacillales;f__Enterococcaceae;g__Enterococcus;s__;d__denovo933
xiang_denovo930	Bacteria	Firmicutes	Clostridia	Clostridiales	Lachnospiraceae			k__Bacteria;p__Firmicutes;c__Clostridia;o__Clostridiales;f__Lachnospiraceae;g__;s__;d__denovo930
xiang_denovo931	Bacteria	Firmicutes	Clostridia	Clostridiales	Lachnospiraceae	Blautia		k__Bacteria;p__Firmicutes;c__Clostridia;o__Clostridiales;f__Lachnospiraceae;g__Blautia;s__;d__denovo931
xiang_denovo936	Bacteria	Firmicutes	Clostridia	Clostridiales	Lachnospiraceae			k__Bacteria;p__Firmicutes;c__Clostridia;o__Clostridiales;f__Lachnospiraceae;g__;s__;d__denovo936
xiang_denovo937	Bacteria	Actinobacteria	Actinobacteria	Actinomycetales	Actinomycetaceae	Actinomyces		k__Bacteria;p__Actinobacteria;c__Actinobacteria;o__Actinomycetales;f__Actinomycetaceae;g__Actinomyces;s__;d__denovo937
xiang_denovo934	Bacteria	Firmicutes	Clostridia	Clostridiales	Lachnospiraceae			k__Bacteria;p__Firmicutes;c__Clostridia;o__Clostridiales;f__Lachnospiraceae;g__;s__;d__denovo934
xiang_denovo935	Bacteria	Firmicutes	Negativicutes	Selenomonadales	Veillonellaceae	Dialister		k__Bacteria;p__Firmicutes;c__Negativicutes;o__Selenomonadales;f__Veillonellaceae;g__Dialister;s__;d__denovo935
xiang_denovo938	Bacteria	Bacteroidetes	Bacteroidia	Bacteroidales	Bacteroidaceae	Bacteroides		k__Bacteria;p__Bacteroidetes;c__Bacteroidia;o__Bacteroidales;f__Bacteroidaceae;g__Bacteroides;s__;d__denovo938
xiang_denovo939	Bacteria	Firmicutes	Clostridia	Clostridiales				k__Bacteria;p__Firmicutes;c__Clostridia;o__Clostridiales;f__;g__;s__;d__denovo939
xiang_denovo1110	Bacteria	Firmicutes	Clostridia	Clostridiales	Ruminococcaceae			k__Bacteria;p__Firmicutes;c__Clostridia;o__Clostridiales;f__Ruminococcaceae;g__;s__;d__denovo1110
xiang_denovo1111	Bacteria							k__Bacteria;p__;c__;o__;f__;g__;s__;d__denovo1111
xiang_denovo61	Bacteria	Firmicutes	Clostridia	Clostridiales	Lachnospiraceae	Clostridium_XlVa		k__Bacteria;p__Firmicutes;c__Clostridia;o__Clostridiales;f__Lachnospiraceae;g__Clostridium_XlVa;s__;d__denovo61
xiang_denovo1119	Bacteria	Firmicutes	Negativicutes	Selenomonadales	Veillonellaceae	Selenomonas		k__Bacteria;p__Firmicutes;c__Negativicutes;o__Selenomonadales;f__Veillonellaceae;g__Selenomonas;s__;d__denovo1119
xiang_denovo1608	Bacteria	Firmicutes	Clostridia	Clostridiales	Lachnospiraceae	Coprococcus		k__Bacteria;p__Firmicutes;c__Clostridia;o__Clostridiales;f__Lachnospiraceae;g__Coprococcus;s__;d__denovo1608
xiang_denovo1609	Bacteria	Firmicutes	Clostridia	Clostridiales	Ruminococcaceae	Ruminococcus		k__Bacteria;p__Firmicutes;c__Clostridia;o__Clostridiales;f__Ruminococcaceae;g__Ruminococcus;s__;d__denovo1609
xiang_denovo1606	Bacteria	Firmicutes	Clostridia	Clostridiales	Ruminococcaceae	Faecalibacterium		k__Bacteria;p__Firmicutes;c__Clostridia;o__Clostridiales;f__Ruminococcaceae;g__Faecalibacterium;s__;d__denovo1606
xiang_denovo1607	Bacteria	Firmicutes	Erysipelotrichia	Erysipelotrichales	Erysipelotrichaceae	Clostridium_XVIII		k__Bacteria;p__Firmicutes;c__Erysipelotrichia;o__Erysipelotrichales;f__Erysipelotrichaceae;g__Clostridium_XVIII;s__;d__denovo1607
xiang_denovo1604	Bacteria	Firmicutes	Clostridia	Clostridiales	Lachnospiraceae			k__Bacteria;p__Firmicutes;c__Clostridia;o__Clostridiales;f__Lachnospiraceae;g__;s__;d__denovo1604
xiang_denovo1605	Bacteria	Firmicutes	Clostridia	Clostridiales	Clostridiales_Incertae_Sedis_XI	Anaerococcus		k__Bacteria;p__Firmicutes;c__Clostridia;o__Clostridiales;f__Clostridiales_Incertae_Sedis_XI;g__Anaerococcus;s__;d__denovo1605
xiang_denovo1602	Bacteria	Firmicutes	Clostridia	Clostridiales	Lachnospiraceae	Lachnospiracea_incertae_sedis		k__Bacteria;p__Firmicutes;c__Clostridia;o__Clostridiales;f__Lachnospiraceae;g__Lachnospiracea_incertae_sedis;s__;d__denovo1602
xiang_denovo1603	Bacteria	Firmicutes	Clostridia	Clostridiales	Lachnospiraceae	Clostridium_XlVa		k__Bacteria;p__Firmicutes;c__Clostridia;o__Clostridiales;f__Lachnospiraceae;g__Clostridium_XlVa;s__;d__denovo1603
xiang_denovo1600	Bacteria	Firmicutes	Bacilli	Lactobacillales	Streptococcaceae	Streptococcus		k__Bacteria;p__Firmicutes;c__Bacilli;o__Lactobacillales;f__Streptococcaceae;g__Streptococcus;s__;d__denovo1600
xiang_denovo1601	Bacteria	Firmicutes	Clostridia	Clostridiales	Lachnospiraceae			k__Bacteria;p__Firmicutes;c__Clostridia;o__Clostridiales;f__Lachnospiraceae;g__;s__;d__denovo1601
xiang_denovo1068	Bacteria	Firmicutes	Clostridia	Clostridiales	Ruminococcaceae	Faecalibacterium		k__Bacteria;p__Firmicutes;c__Clostridia;o__Clostridiales;f__Ruminococcaceae;g__Faecalibacterium;s__;d__denovo1068
xiang_denovo85	Bacteria	Firmicutes	Clostridia	Clostridiales	Lachnospiraceae	Pseudobutyrivibrio		k__Bacteria;p__Firmicutes;c__Clostridia;o__Clostridiales;f__Lachnospiraceae;g__Pseudobutyrivibrio;s__;d__denovo85
xiang_denovo84	Bacteria	Verrucomicrobia	Verrucomicrobiae	Verrucomicrobiales	Verrucomicrobiaceae	Akkermansia		k__Bacteria;p__Verrucomicrobia;c__Verrucomicrobiae;o__Verrucomicrobiales;f__Verrucomicrobiaceae;g__Akkermansia;s__;d__denovo84
xiang_denovo87	Bacteria	Proteobacteria	Gammaproteobacteria	Pasteurellales	Pasteurellaceae	Haemophilus		k__Bacteria;p__Proteobacteria;c__Gammaproteobacteria;o__Pasteurellales;f__Pasteurellaceae;g__Haemophilus;s__;d__denovo87
xiang_denovo86	Bacteria	Firmicutes	Negativicutes	Selenomonadales	Veillonellaceae	Veillonella		k__Bacteria;p__Firmicutes;c__Negativicutes;o__Selenomonadales;f__Veillonellaceae;g__Veillonella;s__;d__denovo86
xiang_denovo81	Bacteria	Firmicutes	Clostridia	Clostridiales	Ruminococcaceae	Ruminococcus		k__Bacteria;p__Firmicutes;c__Clostridia;o__Clostridiales;f__Ruminococcaceae;g__Ruminococcus;s__;d__denovo81
xiang_denovo80	Bacteria	Firmicutes	Clostridia	Clostridiales	Lachnospiraceae	Pseudobutyrivibrio		k__Bacteria;p__Firmicutes;c__Clostridia;o__Clostridiales;f__Lachnospiraceae;g__Pseudobutyrivibrio;s__;d__denovo80
xiang_denovo83	Bacteria	Proteobacteria	Gammaproteobacteria	Enterobacteriales	Enterobacteriaceae	Klebsiella		k__Bacteria;p__Proteobacteria;c__Gammaproteobacteria;o__Enterobacteriales;f__Enterobacteriaceae;g__Klebsiella;s__;d__denovo83
xiang_denovo82	Bacteria	Firmicutes	Clostridia	Clostridiales	Clostridiales_Incertae_Sedis_XI	Parvimonas		k__Bacteria;p__Firmicutes;c__Clostridia;o__Clostridiales;f__Clostridiales_Incertae_Sedis_XI;g__Parvimonas;s__;d__denovo82
xiang_denovo89	Bacteria	Firmicutes	Clostridia	Clostridiales	Lachnospiraceae			k__Bacteria;p__Firmicutes;c__Clostridia;o__Clostridiales;f__Lachnospiraceae;g__;s__;d__denovo89
xiang_denovo88	Bacteria	Firmicutes	Clostridia	Clostridiales	Lachnospiraceae	Hespellia		k__Bacteria;p__Firmicutes;c__Clostridia;o__Clostridiales;f__Lachnospiraceae;g__Hespellia;s__;d__denovo88
xiang_denovo1112	Bacteria	Firmicutes	Clostridia	Clostridiales	Lachnospiraceae	Ruminococcus2		k__Bacteria;p__Firmicutes;c__Clostridia;o__Clostridiales;f__Lachnospiraceae;g__Ruminococcus2;s__;d__denovo1112
xiang_denovo1113	Bacteria	Firmicutes	Clostridia	Clostridiales	Lachnospiraceae			k__Bacteria;p__Firmicutes;c__Clostridia;o__Clostridiales;f__Lachnospiraceae;g__;s__;d__denovo1113
xiang_denovo69	Bacteria	Actinobacteria	Actinobacteria	Bifidobacteriales	Bifidobacteriaceae	Bifidobacterium		k__Bacteria;p__Actinobacteria;c__Actinobacteria;o__Bifidobacteriales;f__Bifidobacteriaceae;g__Bifidobacterium;s__;d__denovo69
xiang_denovo68	Bacteria	Firmicutes	Erysipelotrichia	Erysipelotrichales	Erysipelotrichaceae	Erysipelotrichaceae_incertae_sedis		k__Bacteria;p__Firmicutes;c__Erysipelotrichia;o__Erysipelotrichales;f__Erysipelotrichaceae;g__Erysipelotrichaceae_incertae_sedis;s__;d__denovo68
xiang_denovo1116	Bacteria	Firmicutes	Clostridia	Clostridiales	Ruminococcaceae	Faecalibacterium		k__Bacteria;p__Firmicutes;c__Clostridia;o__Clostridiales;f__Ruminococcaceae;g__Faecalibacterium;s__;d__denovo1116
xiang_denovo1117	Bacteria	Firmicutes	Clostridia	Clostridiales	Lachnospiraceae	Dorea		k__Bacteria;p__Firmicutes;c__Clostridia;o__Clostridiales;f__Lachnospiraceae;g__Dorea;s__;d__denovo1117
xiang_denovo1114	Bacteria	Firmicutes	Clostridia	Clostridiales	Lachnospiraceae	Clostridium_XlVa		k__Bacteria;p__Firmicutes;c__Clostridia;o__Clostridiales;f__Lachnospiraceae;g__Clostridium_XlVa;s__;d__denovo1114
xiang_denovo1115	Bacteria	Firmicutes	Clostridia	Clostridiales	Lachnospiraceae	Lachnospira		k__Bacteria;p__Firmicutes;c__Clostridia;o__Clostridiales;f__Lachnospiraceae;g__Lachnospira;s__;d__denovo1115
xiang_denovo63	Bacteria	Bacteroidetes	Bacteroidia	Bacteroidales	Prevotellaceae	Prevotella		k__Bacteria;p__Bacteroidetes;c__Bacteroidia;o__Bacteroidales;f__Prevotellaceae;g__Prevotella;s__;d__denovo63
xiang_denovo62	Bacteria	Firmicutes	Bacilli	Lactobacillales	Lactobacillaceae	Lactobacillus		k__Bacteria;p__Firmicutes;c__Bacilli;o__Lactobacillales;f__Lactobacillaceae;g__Lactobacillus;s__;d__denovo62
xiang_denovo1118	Bacteria	Firmicutes	Clostridia	Clostridiales	Ruminococcaceae	Faecalibacterium		k__Bacteria;p__Firmicutes;c__Clostridia;o__Clostridiales;f__Ruminococcaceae;g__Faecalibacterium;s__;d__denovo1118
xiang_denovo60	Bacteria	Firmicutes	Clostridia	Clostridiales	Lachnospiraceae	Ruminococcus2		k__Bacteria;p__Firmicutes;c__Clostridia;o__Clostridiales;f__Lachnospiraceae;g__Ruminococcus2;s__;d__denovo60
xiang_denovo67	Bacteria	Firmicutes	Clostridia	Clostridiales	Ruminococcaceae	Ruminococcus		k__Bacteria;p__Firmicutes;c__Clostridia;o__Clostridiales;f__Ruminococcaceae;g__Ruminococcus;s__;d__denovo67
xiang_denovo66	Bacteria	Firmicutes	Clostridia	Clostridiales	Ruminococcaceae			k__Bacteria;p__Firmicutes;c__Clostridia;o__Clostridiales;f__Ruminococcaceae;g__;s__;d__denovo66
xiang_denovo65	Bacteria	Firmicutes	Clostridia	Clostridiales	Lachnospiraceae			k__Bacteria;p__Firmicutes;c__Clostridia;o__Clostridiales;f__Lachnospiraceae;g__;s__;d__denovo65
xiang_denovo64	Bacteria	Firmicutes	Clostridia	Clostridiales	Lachnospiraceae	Clostridium_XlVb		k__Bacteria;p__Firmicutes;c__Clostridia;o__Clostridiales;f__Lachnospiraceae;g__Clostridium_XlVb;s__;d__denovo64
xiang_denovo1598	Bacteria	Firmicutes	Clostridia	Clostridiales	Lachnospiraceae			k__Bacteria;p__Firmicutes;c__Clostridia;o__Clostridiales;f__Lachnospiraceae;g__;s__;d__denovo1598
xiang_denovo1599	Bacteria	Firmicutes	Clostridia	Clostridiales	Clostridiaceae_1	Clostridium_sensu_stricto		k__Bacteria;p__Firmicutes;c__Clostridia;o__Clostridiales;f__Clostridiaceae_1;g__Clostridium_sensu_stricto;s__;d__denovo1599
xiang_denovo1596	Bacteria	Firmicutes						k__Bacteria;p__Firmicutes;c__;o__;f__;g__;s__;d__denovo1596
xiang_denovo1597	Bacteria	Firmicutes	Clostridia	Clostridiales	Ruminococcaceae	Faecalibacterium		k__Bacteria;p__Firmicutes;c__Clostridia;o__Clostridiales;f__Ruminococcaceae;g__Faecalibacterium;s__;d__denovo1597
xiang_denovo1594	Bacteria	Firmicutes	Clostridia	Clostridiales	Lachnospiraceae			k__Bacteria;p__Firmicutes;c__Clostridia;o__Clostridiales;f__Lachnospiraceae;g__;s__;d__denovo1594
xiang_denovo1595	Bacteria	Firmicutes	Clostridia	Clostridiales	Lachnospiraceae			k__Bacteria;p__Firmicutes;c__Clostridia;o__Clostridiales;f__Lachnospiraceae;g__;s__;d__denovo1595
xiang_denovo1592	Bacteria	Firmicutes	Clostridia	Clostridiales	Lachnospiraceae	Dorea		k__Bacteria;p__Firmicutes;c__Clostridia;o__Clostridiales;f__Lachnospiraceae;g__Dorea;s__;d__denovo1592
xiang_denovo1593	Bacteria	Firmicutes	Clostridia	Clostridiales	Lachnospiraceae			k__Bacteria;p__Firmicutes;c__Clostridia;o__Clostridiales;f__Lachnospiraceae;g__;s__;d__denovo1593
xiang_denovo1590	Bacteria	Firmicutes	Clostridia	Clostridiales	Lachnospiraceae	Blautia		k__Bacteria;p__Firmicutes;c__Clostridia;o__Clostridiales;f__Lachnospiraceae;g__Blautia;s__;d__denovo1590
xiang_denovo1591	Bacteria	Firmicutes	Clostridia	Clostridiales	Lachnospiraceae			k__Bacteria;p__Firmicutes;c__Clostridia;o__Clostridiales;f__Lachnospiraceae;g__;s__;d__denovo1591
xiang_denovo1026	Bacteria	Firmicutes	Clostridia	Clostridiales	Lachnospiraceae	Blautia		k__Bacteria;p__Firmicutes;c__Clostridia;o__Clostridiales;f__Lachnospiraceae;g__Blautia;s__;d__denovo1026
xiang_denovo1027	Bacteria	Firmicutes	Clostridia	Clostridiales	Lachnospiraceae	Blautia		k__Bacteria;p__Firmicutes;c__Clostridia;o__Clostridiales;f__Lachnospiraceae;g__Blautia;s__;d__denovo1027
xiang_denovo1024	Bacteria	Bacteroidetes	Bacteroidia	Bacteroidales	Prevotellaceae	Prevotella		k__Bacteria;p__Bacteroidetes;c__Bacteroidia;o__Bacteroidales;f__Prevotellaceae;g__Prevotella;s__;d__denovo1024
xiang_denovo1025	Bacteria	Proteobacteria	Gammaproteobacteria	Enterobacteriales	Enterobacteriaceae			k__Bacteria;p__Proteobacteria;c__Gammaproteobacteria;o__Enterobacteriales;f__Enterobacteriaceae;g__;s__;d__denovo1025
xiang_denovo1022	Bacteria	Firmicutes	Clostridia	Clostridiales	Ruminococcaceae	Faecalibacterium		k__Bacteria;p__Firmicutes;c__Clostridia;o__Clostridiales;f__Ruminococcaceae;g__Faecalibacterium;s__;d__denovo1022
xiang_denovo1023	Bacteria	Bacteroidetes	Bacteroidia	Bacteroidales	Porphyromonadaceae	Odoribacter		k__Bacteria;p__Bacteroidetes;c__Bacteroidia;o__Bacteroidales;f__Porphyromonadaceae;g__Odoribacter;s__;d__denovo1023
xiang_denovo1020	Bacteria	Firmicutes	Clostridia	Clostridiales	Lachnospiraceae	Blautia		k__Bacteria;p__Firmicutes;c__Clostridia;o__Clostridiales;f__Lachnospiraceae;g__Blautia;s__;d__denovo1020
xiang_denovo1021	Bacteria	Firmicutes	Clostridia	Clostridiales	Clostridiaceae_1	Clostridium_sensu_stricto		k__Bacteria;p__Firmicutes;c__Clostridia;o__Clostridiales;f__Clostridiaceae_1;g__Clostridium_sensu_stricto;s__;d__denovo1021
xiang_denovo235	Bacteria	Firmicutes	Clostridia	Clostridiales	Lachnospiraceae	Roseburia		k__Bacteria;p__Firmicutes;c__Clostridia;o__Clostridiales;f__Lachnospiraceae;g__Roseburia;s__;d__denovo235
xiang_denovo234	Bacteria	Firmicutes	Clostridia	Clostridiales	Lachnospiraceae	Blautia		k__Bacteria;p__Firmicutes;c__Clostridia;o__Clostridiales;f__Lachnospiraceae;g__Blautia;s__;d__denovo234
xiang_denovo237	Bacteria	Proteobacteria	Betaproteobacteria	Burkholderiales	Comamonadaceae	Comamonas		k__Bacteria;p__Proteobacteria;c__Betaproteobacteria;o__Burkholderiales;f__Comamonadaceae;g__Comamonas;s__;d__denovo237
xiang_denovo236	Bacteria	Proteobacteria	Gammaproteobacteria	Enterobacteriales	Enterobacteriaceae	Enterobacter		k__Bacteria;p__Proteobacteria;c__Gammaproteobacteria;o__Enterobacteriales;f__Enterobacteriaceae;g__Enterobacter;s__;d__denovo236
xiang_denovo231	Bacteria	Firmicutes	Erysipelotrichia	Erysipelotrichales	Erysipelotrichaceae	Clostridium_XVIII		k__Bacteria;p__Firmicutes;c__Erysipelotrichia;o__Erysipelotrichales;f__Erysipelotrichaceae;g__Clostridium_XVIII;s__;d__denovo231
xiang_denovo230	Bacteria	Bacteroidetes	Bacteroidia	Bacteroidales	Porphyromonadaceae	Parabacteroides		k__Bacteria;p__Bacteroidetes;c__Bacteroidia;o__Bacteroidales;f__Porphyromonadaceae;g__Parabacteroides;s__;d__denovo230
xiang_denovo233	Bacteria							k__Bacteria;p__;c__;o__;f__;g__;s__;d__denovo233
xiang_denovo1029	Bacteria	Firmicutes	Clostridia	Clostridiales	Lachnospiraceae	Clostridium_XlVa		k__Bacteria;p__Firmicutes;c__Clostridia;o__Clostridiales;f__Lachnospiraceae;g__Clostridium_XlVa;s__;d__denovo1029
xiang_denovo583	Bacteria	Firmicutes	Clostridia	Clostridiales	Lachnospiraceae	Blautia		k__Bacteria;p__Firmicutes;c__Clostridia;o__Clostridiales;f__Lachnospiraceae;g__Blautia;s__;d__denovo583
xiang_denovo582	Bacteria	Firmicutes	Clostridia	Clostridiales	Lachnospiraceae			k__Bacteria;p__Firmicutes;c__Clostridia;o__Clostridiales;f__Lachnospiraceae;g__;s__;d__denovo582
xiang_denovo1338	Bacteria	Firmicutes	Clostridia	Clostridiales	Ruminococcaceae	Faecalibacterium		k__Bacteria;p__Firmicutes;c__Clostridia;o__Clostridiales;f__Ruminococcaceae;g__Faecalibacterium;s__;d__denovo1338
xiang_denovo1339	Bacteria	Firmicutes	Clostridia	Clostridiales	Ruminococcaceae			k__Bacteria;p__Firmicutes;c__Clostridia;o__Clostridiales;f__Ruminococcaceae;g__;s__;d__denovo1339
xiang_denovo587	Bacteria	Bacteroidetes	Bacteroidia	Bacteroidales	Bacteroidaceae	Bacteroides		k__Bacteria;p__Bacteroidetes;c__Bacteroidia;o__Bacteroidales;f__Bacteroidaceae;g__Bacteroides;s__;d__denovo587
xiang_denovo586	Bacteria	Firmicutes	Clostridia	Clostridiales	Lachnospiraceae	Blautia		k__Bacteria;p__Firmicutes;c__Clostridia;o__Clostridiales;f__Lachnospiraceae;g__Blautia;s__;d__denovo586
xiang_denovo585	Bacteria	Bacteroidetes	Bacteroidia	Bacteroidales	Rikenellaceae	Alistipes		k__Bacteria;p__Bacteroidetes;c__Bacteroidia;o__Bacteroidales;f__Rikenellaceae;g__Alistipes;s__;d__denovo585
xiang_denovo584	Bacteria	Bacteroidetes	Bacteroidia	Bacteroidales	Bacteroidaceae	Bacteroides		k__Bacteria;p__Bacteroidetes;c__Bacteroidia;o__Bacteroidales;f__Bacteroidaceae;g__Bacteroides;s__;d__denovo584
xiang_denovo1332	Bacteria	Fusobacteria	Fusobacteriia	Fusobacteriales	Fusobacteriaceae	Fusobacterium		k__Bacteria;p__Fusobacteria;c__Fusobacteriia;o__Fusobacteriales;f__Fusobacteriaceae;g__Fusobacterium;s__;d__denovo1332
xiang_denovo1333	Bacteria	Firmicutes	Clostridia	Clostridiales	Ruminococcaceae	Gemmiger		k__Bacteria;p__Firmicutes;c__Clostridia;o__Clostridiales;f__Ruminococcaceae;g__Gemmiger;s__;d__denovo1333
xiang_denovo1330	Bacteria	Firmicutes	Clostridia	Clostridiales	Lachnospiraceae	Roseburia		k__Bacteria;p__Firmicutes;c__Clostridia;o__Clostridiales;f__Lachnospiraceae;g__Roseburia;s__;d__denovo1330
xiang_denovo588	Bacteria	Firmicutes	Clostridia	Clostridiales	Lachnospiraceae	Blautia		k__Bacteria;p__Firmicutes;c__Clostridia;o__Clostridiales;f__Lachnospiraceae;g__Blautia;s__;d__denovo588
xiang_denovo1336	Bacteria	Firmicutes	Clostridia	Clostridiales	Lachnospiraceae			k__Bacteria;p__Firmicutes;c__Clostridia;o__Clostridiales;f__Lachnospiraceae;g__;s__;d__denovo1336
xiang_denovo1337	Bacteria	Firmicutes	Clostridia	Clostridiales	Lachnospiraceae	Lachnospira		k__Bacteria;p__Firmicutes;c__Clostridia;o__Clostridiales;f__Lachnospiraceae;g__Lachnospira;s__;d__denovo1337
xiang_denovo1334	Bacteria	Firmicutes	Clostridia	Clostridiales	Lachnospiraceae			k__Bacteria;p__Firmicutes;c__Clostridia;o__Clostridiales;f__Lachnospiraceae;g__;s__;d__denovo1334
xiang_denovo1335	Bacteria	Firmicutes	Clostridia	Clostridiales	Lachnospiraceae	Pseudobutyrivibrio		k__Bacteria;p__Firmicutes;c__Clostridia;o__Clostridiales;f__Lachnospiraceae;g__Pseudobutyrivibrio;s__;d__denovo1335
xiang_denovo341	Bacteria	Firmicutes	Clostridia	Clostridiales	Ruminococcaceae	Oscillibacter		k__Bacteria;p__Firmicutes;c__Clostridia;o__Clostridiales;f__Ruminococcaceae;g__Oscillibacter;s__;d__denovo341
xiang_denovo340	Bacteria	Firmicutes	Clostridia	Clostridiales	Lachnospiraceae	Clostridium_XlVa		k__Bacteria;p__Firmicutes;c__Clostridia;o__Clostridiales;f__Lachnospiraceae;g__Clostridium_XlVa;s__;d__denovo340
xiang_denovo343	Bacteria	Firmicutes	Clostridia	Clostridiales	Lachnospiraceae			k__Bacteria;p__Firmicutes;c__Clostridia;o__Clostridiales;f__Lachnospiraceae;g__;s__;d__denovo343
xiang_denovo342	Bacteria	Firmicutes	Clostridia	Clostridiales	Clostridiales_Incertae_Sedis_XI	Anaerococcus		k__Bacteria;p__Firmicutes;c__Clostridia;o__Clostridiales;f__Clostridiales_Incertae_Sedis_XI;g__Anaerococcus;s__;d__denovo342
xiang_denovo345	Bacteria	Firmicutes	Clostridia	Clostridiales	Lachnospiraceae	Clostridium_XlVa		k__Bacteria;p__Firmicutes;c__Clostridia;o__Clostridiales;f__Lachnospiraceae;g__Clostridium_XlVa;s__;d__denovo345
xiang_denovo344	Bacteria	Bacteroidetes	Bacteroidia	Bacteroidales	Porphyromonadaceae	Porphyromonas		k__Bacteria;p__Bacteroidetes;c__Bacteroidia;o__Bacteroidales;f__Porphyromonadaceae;g__Porphyromonas;s__;d__denovo344
xiang_denovo347	Bacteria	Firmicutes	Clostridia	Clostridiales	Lachnospiraceae			k__Bacteria;p__Firmicutes;c__Clostridia;o__Clostridiales;f__Lachnospiraceae;g__;s__;d__denovo347
xiang_denovo346	Bacteria	Firmicutes	Clostridia	Clostridiales	Lachnospiraceae	Lachnospiracea_incertae_sedis		k__Bacteria;p__Firmicutes;c__Clostridia;o__Clostridiales;f__Lachnospiraceae;g__Lachnospiracea_incertae_sedis;s__;d__denovo346
xiang_denovo349	Bacteria	Bacteroidetes	Bacteroidia	Bacteroidales	Bacteroidaceae	Bacteroides		k__Bacteria;p__Bacteroidetes;c__Bacteroidia;o__Bacteroidales;f__Bacteroidaceae;g__Bacteroides;s__;d__denovo349
xiang_denovo348	Bacteria	Firmicutes	Clostridia	Clostridiales	Lachnospiraceae	Coprococcus		k__Bacteria;p__Firmicutes;c__Clostridia;o__Clostridiales;f__Lachnospiraceae;g__Coprococcus;s__;d__denovo348
xiang_denovo569	Bacteria	Firmicutes	Clostridia	Clostridiales	Ruminococcaceae	Pseudoflavonifractor		k__Bacteria;p__Firmicutes;c__Clostridia;o__Clostridiales;f__Ruminococcaceae;g__Pseudoflavonifractor;s__;d__denovo569
xiang_denovo568	Bacteria	Firmicutes	Clostridia	Clostridiales	Lachnospiraceae			k__Bacteria;p__Firmicutes;c__Clostridia;o__Clostridiales;f__Lachnospiraceae;g__;s__;d__denovo568
xiang_denovo561	Bacteria	Proteobacteria	Gammaproteobacteria	Enterobacteriales	Enterobacteriaceae	Klebsiella		k__Bacteria;p__Proteobacteria;c__Gammaproteobacteria;o__Enterobacteriales;f__Enterobacteriaceae;g__Klebsiella;s__;d__denovo561
xiang_denovo560	Bacteria	Firmicutes	Clostridia	Clostridiales	Ruminococcaceae	Faecalibacterium		k__Bacteria;p__Firmicutes;c__Clostridia;o__Clostridiales;f__Ruminococcaceae;g__Faecalibacterium;s__;d__denovo560
xiang_denovo563	Bacteria	Bacteroidetes	Bacteroidia	Bacteroidales	Bacteroidaceae	Bacteroides		k__Bacteria;p__Bacteroidetes;c__Bacteroidia;o__Bacteroidales;f__Bacteroidaceae;g__Bacteroides;s__;d__denovo563
xiang_denovo562	Bacteria	Firmicutes	Clostridia	Clostridiales	Ruminococcaceae	Faecalibacterium		k__Bacteria;p__Firmicutes;c__Clostridia;o__Clostridiales;f__Ruminococcaceae;g__Faecalibacterium;s__;d__denovo562
xiang_denovo565	Bacteria	Firmicutes	Negativicutes	Selenomonadales	Veillonellaceae	Megasphaera		k__Bacteria;p__Firmicutes;c__Negativicutes;o__Selenomonadales;f__Veillonellaceae;g__Megasphaera;s__;d__denovo565
xiang_denovo564	Bacteria	Firmicutes	Clostridia	Clostridiales	Lachnospiraceae			k__Bacteria;p__Firmicutes;c__Clostridia;o__Clostridiales;f__Lachnospiraceae;g__;s__;d__denovo564
xiang_denovo567	Bacteria	Firmicutes	Negativicutes	Selenomonadales	Veillonellaceae	Dialister		k__Bacteria;p__Firmicutes;c__Negativicutes;o__Selenomonadales;f__Veillonellaceae;g__Dialister;s__;d__denovo567
xiang_denovo566	Bacteria	Firmicutes	Clostridia	Clostridiales	Lachnospiraceae	Lachnospiracea_incertae_sedis		k__Bacteria;p__Firmicutes;c__Clostridia;o__Clostridiales;f__Lachnospiraceae;g__Lachnospiracea_incertae_sedis;s__;d__denovo566
xiang_denovo165	Bacteria	Firmicutes	Clostridia	Clostridiales	Lachnospiraceae	Coprococcus		k__Bacteria;p__Firmicutes;c__Clostridia;o__Clostridiales;f__Lachnospiraceae;g__Coprococcus;s__;d__denovo165
xiang_denovo696	Bacteria	Firmicutes	Bacilli	Lactobacillales	Enterococcaceae	Enterococcus		k__Bacteria;p__Firmicutes;c__Bacilli;o__Lactobacillales;f__Enterococcaceae;g__Enterococcus;s__;d__denovo696
xiang_denovo167	Bacteria	Bacteroidetes	Bacteroidia	Bacteroidales	Bacteroidaceae	Bacteroides		k__Bacteria;p__Bacteroidetes;c__Bacteroidia;o__Bacteroidales;f__Bacteroidaceae;g__Bacteroides;s__;d__denovo167
xiang_denovo694	Bacteria	Firmicutes	Clostridia	Clostridiales	Lachnospiraceae	Ruminococcus2		k__Bacteria;p__Firmicutes;c__Clostridia;o__Clostridiales;f__Lachnospiraceae;g__Ruminococcus2;s__;d__denovo694
xiang_denovo161	Bacteria	Proteobacteria	Gammaproteobacteria	Enterobacteriales	Enterobacteriaceae	Cronobacter		k__Bacteria;p__Proteobacteria;c__Gammaproteobacteria;o__Enterobacteriales;f__Enterobacteriaceae;g__Cronobacter;s__;d__denovo161
xiang_denovo692	Bacteria	Firmicutes	Clostridia	Clostridiales	Lachnospiraceae	Roseburia		k__Bacteria;p__Firmicutes;c__Clostridia;o__Clostridiales;f__Lachnospiraceae;g__Roseburia;s__;d__denovo692
xiang_denovo691	Bacteria	Actinobacteria	Actinobacteria	Coriobacteriales	Coriobacteriaceae	Eggerthella		k__Bacteria;p__Actinobacteria;c__Actinobacteria;o__Coriobacteriales;f__Coriobacteriaceae;g__Eggerthella;s__;d__denovo691
xiang_denovo162	Bacteria	Bacteroidetes	Bacteroidia	Bacteroidales	Bacteroidaceae	Bacteroides		k__Bacteria;p__Bacteroidetes;c__Bacteroidia;o__Bacteroidales;f__Bacteroidaceae;g__Bacteroides;s__;d__denovo162
xiang_denovo169	Bacteria	Firmicutes	Clostridia	Clostridiales	Lachnospiraceae	Blautia		k__Bacteria;p__Firmicutes;c__Clostridia;o__Clostridiales;f__Lachnospiraceae;g__Blautia;s__;d__denovo169
xiang_denovo168	Bacteria	Bacteroidetes	Bacteroidia	Bacteroidales	Bacteroidaceae	Bacteroides		k__Bacteria;p__Bacteroidetes;c__Bacteroidia;o__Bacteroidales;f__Bacteroidaceae;g__Bacteroides;s__;d__denovo168
xiang_denovo699	Bacteria	Firmicutes	Clostridia	Clostridiales	Lachnospiraceae	Blautia		k__Bacteria;p__Firmicutes;c__Clostridia;o__Clostridiales;f__Lachnospiraceae;g__Blautia;s__;d__denovo699
xiang_denovo698	Bacteria	Firmicutes	Clostridia	Clostridiales	Ruminococcaceae			k__Bacteria;p__Firmicutes;c__Clostridia;o__Clostridiales;f__Ruminococcaceae;g__;s__;d__denovo698
xiang_denovo1347	Bacteria	Firmicutes	Clostridia	Clostridiales	Lachnospiraceae	Pseudobutyrivibrio		k__Bacteria;p__Firmicutes;c__Clostridia;o__Clostridiales;f__Lachnospiraceae;g__Pseudobutyrivibrio;s__;d__denovo1347
xiang_denovo1430	Bacteria	Actinobacteria	Actinobacteria	Actinomycetales	Actinomycetaceae	Actinomyces		k__Bacteria;p__Actinobacteria;c__Actinobacteria;o__Actinomycetales;f__Actinomycetaceae;g__Actinomyces;s__;d__denovo1430
xiang_denovo1345	Bacteria	Firmicutes	Clostridia	Clostridiales				k__Bacteria;p__Firmicutes;c__Clostridia;o__Clostridiales;f__;g__;s__;d__denovo1345
xiang_denovo1432	Bacteria	Proteobacteria	Gammaproteobacteria	Xanthomonadales	Xanthomonadaceae	Fulvimonas		k__Bacteria;p__Proteobacteria;c__Gammaproteobacteria;o__Xanthomonadales;f__Xanthomonadaceae;g__Fulvimonas;s__;d__denovo1432
xiang_denovo1343	Bacteria	Firmicutes	Clostridia	Clostridiales	Lachnospiraceae			k__Bacteria;p__Firmicutes;c__Clostridia;o__Clostridiales;f__Lachnospiraceae;g__;s__;d__denovo1343
xiang_denovo1434	Bacteria	Firmicutes	Clostridia	Clostridiales	Lachnospiraceae	Blautia		k__Bacteria;p__Firmicutes;c__Clostridia;o__Clostridiales;f__Lachnospiraceae;g__Blautia;s__;d__denovo1434
xiang_denovo769	Bacteria	Synergistetes	Synergistia	Synergistales	Synergistaceae			k__Bacteria;p__Synergistetes;c__Synergistia;o__Synergistales;f__Synergistaceae;g__;s__;d__denovo769
xiang_denovo768	Bacteria	Firmicutes	Clostridia	Clostridiales	Lachnospiraceae	Pseudobutyrivibrio		k__Bacteria;p__Firmicutes;c__Clostridia;o__Clostridiales;f__Lachnospiraceae;g__Pseudobutyrivibrio;s__;d__denovo768
xiang_denovo1341	Bacteria	Firmicutes	Clostridia	Clostridiales	Ruminococcaceae	Faecalibacterium		k__Bacteria;p__Firmicutes;c__Clostridia;o__Clostridiales;f__Ruminococcaceae;g__Faecalibacterium;s__;d__denovo1341
xiang_denovo763	Bacteria	Firmicutes	Clostridia	Clostridiales	Lachnospiraceae	Clostridium_XlVa		k__Bacteria;p__Firmicutes;c__Clostridia;o__Clostridiales;f__Lachnospiraceae;g__Clostridium_XlVa;s__;d__denovo763
xiang_denovo762	Bacteria	Firmicutes	Clostridia	Clostridiales	Lachnospiraceae			k__Bacteria;p__Firmicutes;c__Clostridia;o__Clostridiales;f__Lachnospiraceae;g__;s__;d__denovo762
xiang_denovo761	Bacteria	Proteobacteria	Gammaproteobacteria	Enterobacteriales	Enterobacteriaceae	Cronobacter		k__Bacteria;p__Proteobacteria;c__Gammaproteobacteria;o__Enterobacteriales;f__Enterobacteriaceae;g__Cronobacter;s__;d__denovo761
xiang_denovo1436	Bacteria	Firmicutes	Clostridia	Clostridiales	Lachnospiraceae			k__Bacteria;p__Firmicutes;c__Clostridia;o__Clostridiales;f__Lachnospiraceae;g__;s__;d__denovo1436
xiang_denovo767	Bacteria	Firmicutes	Clostridia	Clostridiales	Lachnospiraceae			k__Bacteria;p__Firmicutes;c__Clostridia;o__Clostridiales;f__Lachnospiraceae;g__;s__;d__denovo767
xiang_denovo766	Bacteria	Firmicutes	Erysipelotrichia	Erysipelotrichales	Erysipelotrichaceae			k__Bacteria;p__Firmicutes;c__Erysipelotrichia;o__Erysipelotrichales;f__Erysipelotrichaceae;g__;s__;d__denovo766
xiang_denovo765	Bacteria	Firmicutes	Clostridia	Clostridiales	Lachnospiraceae	Pseudobutyrivibrio		k__Bacteria;p__Firmicutes;c__Clostridia;o__Clostridiales;f__Lachnospiraceae;g__Pseudobutyrivibrio;s__;d__denovo765
xiang_denovo764	Bacteria	Firmicutes	Clostridia	Clostridiales	Lachnospiraceae	Clostridium_XlVa		k__Bacteria;p__Firmicutes;c__Clostridia;o__Clostridiales;f__Lachnospiraceae;g__Clostridium_XlVa;s__;d__denovo764
xiang_denovo833	Bacteria	Firmicutes	Clostridia	Clostridiales	Lachnospiraceae			k__Bacteria;p__Firmicutes;c__Clostridia;o__Clostridiales;f__Lachnospiraceae;g__;s__;d__denovo833
xiang_denovo334	Bacteria	Firmicutes	Erysipelotrichia	Erysipelotrichales	Erysipelotrichaceae	Erysipelotrichaceae_incertae_sedis		k__Bacteria;p__Firmicutes;c__Erysipelotrichia;o__Erysipelotrichales;f__Erysipelotrichaceae;g__Erysipelotrichaceae_incertae_sedis;s__;d__denovo334
xiang_denovo831	Bacteria	Firmicutes	Clostridia	Clostridiales	Ruminococcaceae	Faecalibacterium		k__Bacteria;p__Firmicutes;c__Clostridia;o__Clostridiales;f__Ruminococcaceae;g__Faecalibacterium;s__;d__denovo831
xiang_denovo830	Bacteria	Firmicutes	Clostridia	Clostridiales	Lachnospiraceae			k__Bacteria;p__Firmicutes;c__Clostridia;o__Clostridiales;f__Lachnospiraceae;g__;s__;d__denovo830
xiang_denovo837	Bacteria	Bacteroidetes	Bacteroidia	Bacteroidales	Prevotellaceae	Prevotella		k__Bacteria;p__Bacteroidetes;c__Bacteroidia;o__Bacteroidales;f__Prevotellaceae;g__Prevotella;s__;d__denovo837
xiang_denovo836	Bacteria	Firmicutes	Clostridia	Clostridiales	Lachnospiraceae			k__Bacteria;p__Firmicutes;c__Clostridia;o__Clostridiales;f__Lachnospiraceae;g__;s__;d__denovo836
xiang_denovo835	Bacteria	Firmicutes	Clostridia	Clostridiales	Lachnospiraceae	Pseudobutyrivibrio		k__Bacteria;p__Firmicutes;c__Clostridia;o__Clostridiales;f__Lachnospiraceae;g__Pseudobutyrivibrio;s__;d__denovo835
xiang_denovo1188	Bacteria	Firmicutes	Clostridia	Clostridiales	Lachnospiraceae			k__Bacteria;p__Firmicutes;c__Clostridia;o__Clostridiales;f__Lachnospiraceae;g__;s__;d__denovo1188
xiang_denovo839	Bacteria	Firmicutes	Clostridia	Clostridiales	Lachnospiraceae	Roseburia		k__Bacteria;p__Firmicutes;c__Clostridia;o__Clostridiales;f__Lachnospiraceae;g__Roseburia;s__;d__denovo839
xiang_denovo838	Bacteria	Firmicutes	Clostridia	Clostridiales	Lachnospiraceae	Hespellia		k__Bacteria;p__Firmicutes;c__Clostridia;o__Clostridiales;f__Lachnospiraceae;g__Hespellia;s__;d__denovo838
xiang_denovo239	Bacteria	Firmicutes	Clostridia	Clostridiales	Ruminococcaceae	Flavonifractor		k__Bacteria;p__Firmicutes;c__Clostridia;o__Clostridiales;f__Ruminococcaceae;g__Flavonifractor;s__;d__denovo239
xiang_denovo238	Bacteria	Proteobacteria	Deltaproteobacteria	Desulfovibrionales	Desulfovibrionaceae	Desulfovibrio		k__Bacteria;p__Proteobacteria;c__Deltaproteobacteria;o__Desulfovibrionales;f__Desulfovibrionaceae;g__Desulfovibrio;s__;d__denovo238
xiang_denovo338	Bacteria	Firmicutes	Clostridia	Clostridiales	Lachnospiraceae	Blautia		k__Bacteria;p__Firmicutes;c__Clostridia;o__Clostridiales;f__Lachnospiraceae;g__Blautia;s__;d__denovo338
xiang_denovo339	Bacteria	Firmicutes	Clostridia	Clostridiales	Lachnospiraceae	Coprococcus		k__Bacteria;p__Firmicutes;c__Clostridia;o__Clostridiales;f__Lachnospiraceae;g__Coprococcus;s__;d__denovo339
xiang_denovo907	Bacteria	Firmicutes	Clostridia	Clostridiales	Ruminococcaceae	Faecalibacterium		k__Bacteria;p__Firmicutes;c__Clostridia;o__Clostridiales;f__Ruminococcaceae;g__Faecalibacterium;s__;d__denovo907
xiang_denovo906	Bacteria	Firmicutes	Bacilli	Bacillales	Bacillales_Incertae_Sedis_XI	Gemella		k__Bacteria;p__Firmicutes;c__Bacilli;o__Bacillales;f__Bacillales_Incertae_Sedis_XI;g__Gemella;s__;d__denovo906
xiang_denovo905	Bacteria	Firmicutes	Clostridia	Clostridiales	Lachnospiraceae	Coprococcus		k__Bacteria;p__Firmicutes;c__Clostridia;o__Clostridiales;f__Lachnospiraceae;g__Coprococcus;s__;d__denovo905
xiang_denovo904	Bacteria	Firmicutes	Clostridia	Clostridiales	Lachnospiraceae	Lachnospiracea_incertae_sedis		k__Bacteria;p__Firmicutes;c__Clostridia;o__Clostridiales;f__Lachnospiraceae;g__Lachnospiracea_incertae_sedis;s__;d__denovo904
xiang_denovo903	Bacteria	Firmicutes	Clostridia	Clostridiales	Lachnospiraceae	Blautia		k__Bacteria;p__Firmicutes;c__Clostridia;o__Clostridiales;f__Lachnospiraceae;g__Blautia;s__;d__denovo903
xiang_denovo902	Bacteria	Actinobacteria	Actinobacteria	Coriobacteriales	Coriobacteriaceae	Eggerthella		k__Bacteria;p__Actinobacteria;c__Actinobacteria;o__Coriobacteriales;f__Coriobacteriaceae;g__Eggerthella;s__;d__denovo902
xiang_denovo901	Bacteria	Firmicutes	Clostridia	Clostridiales	Lachnospiraceae	Lachnospiracea_incertae_sedis		k__Bacteria;p__Firmicutes;c__Clostridia;o__Clostridiales;f__Lachnospiraceae;g__Lachnospiracea_incertae_sedis;s__;d__denovo901
xiang_denovo900	Bacteria	Actinobacteria	Actinobacteria	Bifidobacteriales	Bifidobacteriaceae	Bifidobacterium		k__Bacteria;p__Actinobacteria;c__Actinobacteria;o__Bifidobacteriales;f__Bifidobacteriaceae;g__Bifidobacterium;s__;d__denovo900
xiang_denovo232	Bacteria	Firmicutes	Clostridia	Clostridiales	Lachnospiraceae			k__Bacteria;p__Firmicutes;c__Clostridia;o__Clostridiales;f__Lachnospiraceae;g__;s__;d__denovo232
xiang_denovo909	Bacteria	Bacteroidetes	Bacteroidia	Bacteroidales	Bacteroidaceae	Bacteroides		k__Bacteria;p__Bacteroidetes;c__Bacteroidia;o__Bacteroidales;f__Bacteroidaceae;g__Bacteroides;s__;d__denovo909
xiang_denovo908	Bacteria	Firmicutes	Clostridia	Clostridiales	Ruminococcaceae	Gemmiger		k__Bacteria;p__Firmicutes;c__Clostridia;o__Clostridiales;f__Ruminococcaceae;g__Gemmiger;s__;d__denovo908
xiang_denovo1615	Bacteria	Firmicutes	Clostridia	Clostridiales	Lachnospiraceae	Clostridium_XlVa		k__Bacteria;p__Firmicutes;c__Clostridia;o__Clostridiales;f__Lachnospiraceae;g__Clostridium_XlVa;s__;d__denovo1615
xiang_denovo1614	Bacteria	Fusobacteria	Fusobacteriia	Fusobacteriales	Fusobacteriaceae			k__Bacteria;p__Fusobacteria;c__Fusobacteriia;o__Fusobacteriales;f__Fusobacteriaceae;g__;s__;d__denovo1614
xiang_denovo1617	Bacteria	Firmicutes	Negativicutes	Selenomonadales				k__Bacteria;p__Firmicutes;c__Negativicutes;o__Selenomonadales;f__;g__;s__;d__denovo1617
xiang_denovo1616	Bacteria	Firmicutes	Bacilli	Bacillales	Bacillales_Incertae_Sedis_XI	Gemella		k__Bacteria;p__Firmicutes;c__Bacilli;o__Bacillales;f__Bacillales_Incertae_Sedis_XI;g__Gemella;s__;d__denovo1616
xiang_denovo1611	Bacteria	Firmicutes	Clostridia	Clostridiales	Lachnospiraceae	Ruminococcus2		k__Bacteria;p__Firmicutes;c__Clostridia;o__Clostridiales;f__Lachnospiraceae;g__Ruminococcus2;s__;d__denovo1611
xiang_denovo1610	Bacteria	Firmicutes	Clostridia	Clostridiales	Lachnospiraceae	Ruminococcus2		k__Bacteria;p__Firmicutes;c__Clostridia;o__Clostridiales;f__Lachnospiraceae;g__Ruminococcus2;s__;d__denovo1610
xiang_denovo1613	Bacteria	Firmicutes	Erysipelotrichia	Erysipelotrichales	Erysipelotrichaceae	Clostridium_XVIII		k__Bacteria;p__Firmicutes;c__Erysipelotrichia;o__Erysipelotrichales;f__Erysipelotrichaceae;g__Clostridium_XVIII;s__;d__denovo1613
xiang_denovo1612	Bacteria	Firmicutes	Clostridia	Clostridiales	Lachnospiraceae			k__Bacteria;p__Firmicutes;c__Clostridia;o__Clostridiales;f__Lachnospiraceae;g__;s__;d__denovo1612
xiang_denovo1544	Bacteria	Proteobacteria	Betaproteobacteria	Burkholderiales	Sutterellaceae	Sutterella		k__Bacteria;p__Proteobacteria;c__Betaproteobacteria;o__Burkholderiales;f__Sutterellaceae;g__Sutterella;s__;d__denovo1544
xiang_denovo1101	Bacteria	Firmicutes	Clostridia	Clostridiales	Lachnospiraceae			k__Bacteria;p__Firmicutes;c__Clostridia;o__Clostridiales;f__Lachnospiraceae;g__;s__;d__denovo1101
xiang_denovo1100	Bacteria	Firmicutes	Clostridia	Clostridiales	Lachnospiraceae			k__Bacteria;p__Firmicutes;c__Clostridia;o__Clostridiales;f__Lachnospiraceae;g__;s__;d__denovo1100
xiang_denovo1103	Bacteria	Firmicutes	Clostridia	Clostridiales	Lachnospiraceae			k__Bacteria;p__Firmicutes;c__Clostridia;o__Clostridiales;f__Lachnospiraceae;g__;s__;d__denovo1103
xiang_denovo1102	Bacteria	Firmicutes	Clostridia	Clostridiales	Lachnospiraceae			k__Bacteria;p__Firmicutes;c__Clostridia;o__Clostridiales;f__Lachnospiraceae;g__;s__;d__denovo1102
xiang_denovo1105	Bacteria	Firmicutes	Clostridia	Clostridiales	Lachnospiraceae			k__Bacteria;p__Firmicutes;c__Clostridia;o__Clostridiales;f__Lachnospiraceae;g__;s__;d__denovo1105
xiang_denovo1104	Bacteria	Firmicutes	Clostridia	Clostridiales	Peptostreptococcaceae	Clostridium_XI		k__Bacteria;p__Firmicutes;c__Clostridia;o__Clostridiales;f__Peptostreptococcaceae;g__Clostridium_XI;s__;d__denovo1104
xiang_denovo58	Bacteria	Bacteroidetes	Bacteroidia	Bacteroidales	Porphyromonadaceae	Odoribacter		k__Bacteria;p__Bacteroidetes;c__Bacteroidia;o__Bacteroidales;f__Porphyromonadaceae;g__Odoribacter;s__;d__denovo58
xiang_denovo59	Bacteria	Firmicutes	Erysipelotrichia	Erysipelotrichales	Erysipelotrichaceae	Solobacterium		k__Bacteria;p__Firmicutes;c__Erysipelotrichia;o__Erysipelotrichales;f__Erysipelotrichaceae;g__Solobacterium;s__;d__denovo59
xiang_denovo1109	Bacteria	Firmicutes	Clostridia	Clostridiales	Lachnospiraceae	Ruminococcus2		k__Bacteria;p__Firmicutes;c__Clostridia;o__Clostridiales;f__Lachnospiraceae;g__Ruminococcus2;s__;d__denovo1109
xiang_denovo1108	Bacteria	Firmicutes	Clostridia	Clostridiales	Lachnospiraceae	Clostridium_XlVa		k__Bacteria;p__Firmicutes;c__Clostridia;o__Clostridiales;f__Lachnospiraceae;g__Clostridium_XlVa;s__;d__denovo1108
xiang_denovo54	Bacteria	Firmicutes	Clostridia	Clostridiales	Lachnospiraceae	Clostridium_XlVa		k__Bacteria;p__Firmicutes;c__Clostridia;o__Clostridiales;f__Lachnospiraceae;g__Clostridium_XlVa;s__;d__denovo54
xiang_denovo55	Bacteria	Firmicutes	Clostridia	Clostridiales	Lachnospiraceae	Pseudobutyrivibrio		k__Bacteria;p__Firmicutes;c__Clostridia;o__Clostridiales;f__Lachnospiraceae;g__Pseudobutyrivibrio;s__;d__denovo55
xiang_denovo52	Bacteria	Firmicutes	Clostridia	Clostridiales	Lachnospiraceae	Lachnospiracea_incertae_sedis		k__Bacteria;p__Firmicutes;c__Clostridia;o__Clostridiales;f__Lachnospiraceae;g__Lachnospiracea_incertae_sedis;s__;d__denovo52
xiang_denovo53	Bacteria	Firmicutes	Clostridia	Clostridiales	Lachnospiraceae			k__Bacteria;p__Firmicutes;c__Clostridia;o__Clostridiales;f__Lachnospiraceae;g__;s__;d__denovo53
xiang_denovo50	Bacteria	Firmicutes	Bacilli	Lactobacillales	Enterococcaceae	Enterococcus		k__Bacteria;p__Firmicutes;c__Bacilli;o__Lactobacillales;f__Enterococcaceae;g__Enterococcus;s__;d__denovo50
xiang_denovo51	Bacteria	Bacteroidetes	Bacteroidia	Bacteroidales	Prevotellaceae	Prevotella		k__Bacteria;p__Bacteroidetes;c__Bacteroidia;o__Bacteroidales;f__Prevotellaceae;g__Prevotella;s__;d__denovo51
xiang_denovo1589	Bacteria	Firmicutes	Clostridia	Clostridiales	Lachnospiraceae	Clostridium_XlVa		k__Bacteria;p__Firmicutes;c__Clostridia;o__Clostridiales;f__Lachnospiraceae;g__Clostridium_XlVa;s__;d__denovo1589
xiang_denovo1588	Bacteria	Firmicutes	Clostridia	Clostridiales	Lachnospiraceae			k__Bacteria;p__Firmicutes;c__Clostridia;o__Clostridiales;f__Lachnospiraceae;g__;s__;d__denovo1588
xiang_denovo1585	Bacteria	Firmicutes	Clostridia	Clostridiales	Ruminococcaceae	Butyricicoccus		k__Bacteria;p__Firmicutes;c__Clostridia;o__Clostridiales;f__Ruminococcaceae;g__Butyricicoccus;s__;d__denovo1585
xiang_denovo1584	Bacteria	Firmicutes	Clostridia	Clostridiales	Lachnospiraceae			k__Bacteria;p__Firmicutes;c__Clostridia;o__Clostridiales;f__Lachnospiraceae;g__;s__;d__denovo1584
xiang_denovo1587	Bacteria	Firmicutes	Clostridia	Clostridiales	Lachnospiraceae	Blautia		k__Bacteria;p__Firmicutes;c__Clostridia;o__Clostridiales;f__Lachnospiraceae;g__Blautia;s__;d__denovo1587
xiang_denovo1586	Bacteria	Firmicutes	Clostridia	Clostridiales	Lachnospiraceae	Blautia		k__Bacteria;p__Firmicutes;c__Clostridia;o__Clostridiales;f__Lachnospiraceae;g__Blautia;s__;d__denovo1586
xiang_denovo1581	Bacteria	Firmicutes	Clostridia	Clostridiales	Ruminococcaceae			k__Bacteria;p__Firmicutes;c__Clostridia;o__Clostridiales;f__Ruminococcaceae;g__;s__;d__denovo1581
xiang_denovo1580	Bacteria	Firmicutes	Bacilli	Lactobacillales	Lactobacillaceae	Lactobacillus		k__Bacteria;p__Firmicutes;c__Bacilli;o__Lactobacillales;f__Lactobacillaceae;g__Lactobacillus;s__;d__denovo1580
xiang_denovo1583	Bacteria	Firmicutes	Clostridia	Clostridiales	Lachnospiraceae	Lachnospiracea_incertae_sedis		k__Bacteria;p__Firmicutes;c__Clostridia;o__Clostridiales;f__Lachnospiraceae;g__Lachnospiracea_incertae_sedis;s__;d__denovo1583
xiang_denovo1582	Bacteria	Firmicutes	Clostridia	Clostridiales	Lachnospiraceae			k__Bacteria;p__Firmicutes;c__Clostridia;o__Clostridiales;f__Lachnospiraceae;g__;s__;d__denovo1582
xiang_denovo1035	Bacteria	Firmicutes	Clostridia	Clostridiales	Lachnospiraceae	Hespellia		k__Bacteria;p__Firmicutes;c__Clostridia;o__Clostridiales;f__Lachnospiraceae;g__Hespellia;s__;d__denovo1035
xiang_denovo1034	Bacteria	Firmicutes	Negativicutes	Selenomonadales	Veillonellaceae	Megamonas		k__Bacteria;p__Firmicutes;c__Negativicutes;o__Selenomonadales;f__Veillonellaceae;g__Megamonas;s__;d__denovo1034
xiang_denovo1037	Bacteria	Firmicutes	Clostridia	Clostridiales	Lachnospiraceae	Dorea		k__Bacteria;p__Firmicutes;c__Clostridia;o__Clostridiales;f__Lachnospiraceae;g__Dorea;s__;d__denovo1037
xiang_denovo1036								k__;p__;c__;o__;f__;g__;s__;d__denovo1036
xiang_denovo1031	Bacteria	Firmicutes	Bacilli	Lactobacillales	Lactobacillaceae	Lactobacillus		k__Bacteria;p__Firmicutes;c__Bacilli;o__Lactobacillales;f__Lactobacillaceae;g__Lactobacillus;s__;d__denovo1031
xiang_denovo1030	Bacteria	Firmicutes	Clostridia	Clostridiales	Clostridiaceae_1	Anaerobacter		k__Bacteria;p__Firmicutes;c__Clostridia;o__Clostridiales;f__Clostridiaceae_1;g__Anaerobacter;s__;d__denovo1030
xiang_denovo1033	Bacteria	Firmicutes	Clostridia	Clostridiales	Ruminococcaceae			k__Bacteria;p__Firmicutes;c__Clostridia;o__Clostridiales;f__Ruminococcaceae;g__;s__;d__denovo1033
xiang_denovo229	Bacteria	Firmicutes	Negativicutes	Selenomonadales	Veillonellaceae	Veillonella		k__Bacteria;p__Firmicutes;c__Negativicutes;o__Selenomonadales;f__Veillonellaceae;g__Veillonella;s__;d__denovo229
xiang_denovo226	Bacteria	Firmicutes	Clostridia	Clostridiales	Lachnospiraceae			k__Bacteria;p__Firmicutes;c__Clostridia;o__Clostridiales;f__Lachnospiraceae;g__;s__;d__denovo226
xiang_denovo227	Bacteria	Firmicutes	Clostridia	Clostridiales	Ruminococcaceae			k__Bacteria;p__Firmicutes;c__Clostridia;o__Clostridiales;f__Ruminococcaceae;g__;s__;d__denovo227
xiang_denovo224	Bacteria	Actinobacteria	Actinobacteria	Bifidobacteriales	Bifidobacteriaceae	Bifidobacterium		k__Bacteria;p__Actinobacteria;c__Actinobacteria;o__Bifidobacteriales;f__Bifidobacteriaceae;g__Bifidobacterium;s__;d__denovo224
xiang_denovo225	Bacteria	Firmicutes	Clostridia	Clostridiales	Ruminococcaceae	Flavonifractor		k__Bacteria;p__Firmicutes;c__Clostridia;o__Clostridiales;f__Ruminococcaceae;g__Flavonifractor;s__;d__denovo225
xiang_denovo1039	Bacteria	Firmicutes	Clostridia	Clostridiales	Lachnospiraceae	Clostridium_XlVa		k__Bacteria;p__Firmicutes;c__Clostridia;o__Clostridiales;f__Lachnospiraceae;g__Clostridium_XlVa;s__;d__denovo1039
xiang_denovo223	Bacteria	Firmicutes	Bacilli	Lactobacillales	Streptococcaceae	Streptococcus		k__Bacteria;p__Firmicutes;c__Bacilli;o__Lactobacillales;f__Streptococcaceae;g__Streptococcus;s__;d__denovo223
xiang_denovo220	Bacteria	Firmicutes	Clostridia	Clostridiales	Lachnospiraceae	Clostridium_XlVa		k__Bacteria;p__Firmicutes;c__Clostridia;o__Clostridiales;f__Lachnospiraceae;g__Clostridium_XlVa;s__;d__denovo220
xiang_denovo221	Bacteria	Bacteroidetes	Bacteroidia	Bacteroidales	Prevotellaceae	Paraprevotella		k__Bacteria;p__Bacteroidetes;c__Bacteroidia;o__Bacteroidales;f__Prevotellaceae;g__Paraprevotella;s__;d__denovo221
xiang_denovo1145	Bacteria	Firmicutes	Bacilli	Lactobacillales	Streptococcaceae	Streptococcus		k__Bacteria;p__Firmicutes;c__Bacilli;o__Lactobacillales;f__Streptococcaceae;g__Streptococcus;s__;d__denovo1145
xiang_denovo1144	Bacteria	Firmicutes	Clostridia	Clostridiales	Lachnospiraceae	Ruminococcus2		k__Bacteria;p__Firmicutes;c__Clostridia;o__Clostridiales;f__Lachnospiraceae;g__Ruminococcus2;s__;d__denovo1144
xiang_denovo10	Bacteria	Firmicutes	Clostridia	Clostridiales	Lachnospiraceae	Blautia		k__Bacteria;p__Firmicutes;c__Clostridia;o__Clostridiales;f__Lachnospiraceae;g__Blautia;s__;d__denovo10
xiang_denovo1233	Bacteria	Firmicutes	Clostridia	Clostridiales	Lachnospiraceae	Blautia		k__Bacteria;p__Firmicutes;c__Clostridia;o__Clostridiales;f__Lachnospiraceae;g__Blautia;s__;d__denovo1233
xiang_denovo11	Bacteria	Proteobacteria	Gammaproteobacteria	Enterobacteriales	Enterobacteriaceae	Escherichia/Shigella		k__Bacteria;p__Proteobacteria;c__Gammaproteobacteria;o__Enterobacteriales;f__Enterobacteriaceae;g__Escherichia/Shigella;s__;d__denovo11
xiang_denovo1232	Bacteria	Actinobacteria	Actinobacteria	Coriobacteriales	Coriobacteriaceae	Eggerthella		k__Bacteria;p__Actinobacteria;c__Actinobacteria;o__Coriobacteriales;f__Coriobacteriaceae;g__Eggerthella;s__;d__denovo1232
xiang_denovo1141	Bacteria	Firmicutes	Clostridia	Clostridiales	Lachnospiraceae			k__Bacteria;p__Firmicutes;c__Clostridia;o__Clostridiales;f__Lachnospiraceae;g__;s__;d__denovo1141
xiang_denovo581	Bacteria	Firmicutes	Clostridia	Clostridiales	Lachnospiraceae	Lachnospiracea_incertae_sedis		k__Bacteria;p__Firmicutes;c__Clostridia;o__Clostridiales;f__Lachnospiraceae;g__Lachnospiracea_incertae_sedis;s__;d__denovo581
xiang_denovo17	Bacteria	Firmicutes	Clostridia	Clostridiales	Lachnospiraceae	Blautia		k__Bacteria;p__Firmicutes;c__Clostridia;o__Clostridiales;f__Lachnospiraceae;g__Blautia;s__;d__denovo17
xiang_denovo580	Bacteria	Firmicutes	Clostridia	Clostridiales	Lachnospiraceae	Blautia		k__Bacteria;p__Firmicutes;c__Clostridia;o__Clostridiales;f__Lachnospiraceae;g__Blautia;s__;d__denovo580
xiang_denovo14	Bacteria	Firmicutes	Bacilli	Lactobacillales	Streptococcaceae	Streptococcus		k__Bacteria;p__Firmicutes;c__Bacilli;o__Lactobacillales;f__Streptococcaceae;g__Streptococcus;s__;d__denovo14
xiang_denovo15	Bacteria	Firmicutes	Clostridia	Clostridiales	Lachnospiraceae	Dorea		k__Bacteria;p__Firmicutes;c__Clostridia;o__Clostridiales;f__Lachnospiraceae;g__Dorea;s__;d__denovo15
xiang_denovo594	Bacteria	Fusobacteria	Fusobacteriia	Fusobacteriales	Fusobacteriaceae	Fusobacterium		k__Bacteria;p__Fusobacteria;c__Fusobacteriia;o__Fusobacteriales;f__Fusobacteriaceae;g__Fusobacterium;s__;d__denovo594
xiang_denovo1328	Bacteria	Firmicutes	Bacilli	Lactobacillales	Streptococcaceae	Streptococcus		k__Bacteria;p__Firmicutes;c__Bacilli;o__Lactobacillales;f__Streptococcaceae;g__Streptococcus;s__;d__denovo1328
xiang_denovo596	Bacteria	Firmicutes	Erysipelotrichia	Erysipelotrichales	Erysipelotrichaceae	Solobacterium		k__Bacteria;p__Firmicutes;c__Erysipelotrichia;o__Erysipelotrichales;f__Erysipelotrichaceae;g__Solobacterium;s__;d__denovo596
xiang_denovo597	Bacteria	Firmicutes	Clostridia	Clostridiales	Lachnospiraceae	Blautia		k__Bacteria;p__Firmicutes;c__Clostridia;o__Clostridiales;f__Lachnospiraceae;g__Blautia;s__;d__denovo597
xiang_denovo590	Bacteria	Firmicutes	Clostridia	Clostridiales	Lachnospiraceae	Ruminococcus2		k__Bacteria;p__Firmicutes;c__Clostridia;o__Clostridiales;f__Lachnospiraceae;g__Ruminococcus2;s__;d__denovo590
xiang_denovo591	Bacteria	Firmicutes	Clostridia	Clostridiales	Lachnospiraceae	Dorea		k__Bacteria;p__Firmicutes;c__Clostridia;o__Clostridiales;f__Lachnospiraceae;g__Dorea;s__;d__denovo591
xiang_denovo592	Bacteria	Firmicutes	Clostridia	Clostridiales	Lachnospiraceae	Blautia		k__Bacteria;p__Firmicutes;c__Clostridia;o__Clostridiales;f__Lachnospiraceae;g__Blautia;s__;d__denovo592
xiang_denovo593	Bacteria	Firmicutes	Clostridia	Clostridiales	Lachnospiraceae	Roseburia		k__Bacteria;p__Firmicutes;c__Clostridia;o__Clostridiales;f__Lachnospiraceae;g__Roseburia;s__;d__denovo593
xiang_denovo1321	Bacteria	Firmicutes	Clostridia	Clostridiales	Lachnospiraceae	Clostridium_XlVa		k__Bacteria;p__Firmicutes;c__Clostridia;o__Clostridiales;f__Lachnospiraceae;g__Clostridium_XlVa;s__;d__denovo1321
xiang_denovo1320	Bacteria	Firmicutes	Clostridia	Clostridiales	Lachnospiraceae			k__Bacteria;p__Firmicutes;c__Clostridia;o__Clostridiales;f__Lachnospiraceae;g__;s__;d__denovo1320
xiang_denovo1323	Bacteria	Firmicutes	Clostridia	Clostridiales	Ruminococcaceae	Ruminococcus		k__Bacteria;p__Firmicutes;c__Clostridia;o__Clostridiales;f__Ruminococcaceae;g__Ruminococcus;s__;d__denovo1323
xiang_denovo1322	Bacteria	Firmicutes	Clostridia	Clostridiales	Lachnospiraceae			k__Bacteria;p__Firmicutes;c__Clostridia;o__Clostridiales;f__Lachnospiraceae;g__;s__;d__denovo1322
xiang_denovo1325	Bacteria	Firmicutes	Clostridia	Clostridiales	Ruminococcaceae	Ruminococcus		k__Bacteria;p__Firmicutes;c__Clostridia;o__Clostridiales;f__Ruminococcaceae;g__Ruminococcus;s__;d__denovo1325
xiang_denovo599	Bacteria	Bacteroidetes	Bacteroidia	Bacteroidales	Bacteroidaceae	Bacteroides		k__Bacteria;p__Bacteroidetes;c__Bacteroidia;o__Bacteroidales;f__Bacteroidaceae;g__Bacteroides;s__;d__denovo599
xiang_denovo1327	Bacteria	Bacteroidetes	Bacteroidia	Bacteroidales	Bacteroidaceae	Bacteroides		k__Bacteria;p__Bacteroidetes;c__Bacteroidia;o__Bacteroidales;f__Bacteroidaceae;g__Bacteroides;s__;d__denovo1327
xiang_denovo1326	Bacteria	Firmicutes	Clostridia	Clostridiales	Lachnospiraceae			k__Bacteria;p__Firmicutes;c__Clostridia;o__Clostridiales;f__Lachnospiraceae;g__;s__;d__denovo1326
xiang_denovo352	Bacteria	Firmicutes	Clostridia	Clostridiales	Lachnospiraceae			k__Bacteria;p__Firmicutes;c__Clostridia;o__Clostridiales;f__Lachnospiraceae;g__;s__;d__denovo352
xiang_denovo353	Bacteria	Firmicutes	Clostridia	Clostridiales	Lachnospiraceae			k__Bacteria;p__Firmicutes;c__Clostridia;o__Clostridiales;f__Lachnospiraceae;g__;s__;d__denovo353
xiang_denovo350	Bacteria	Firmicutes	Clostridia	Clostridiales	Lachnospiraceae			k__Bacteria;p__Firmicutes;c__Clostridia;o__Clostridiales;f__Lachnospiraceae;g__;s__;d__denovo350
xiang_denovo351	Bacteria	Firmicutes	Clostridia	Clostridiales	Lachnospiraceae	Blautia		k__Bacteria;p__Firmicutes;c__Clostridia;o__Clostridiales;f__Lachnospiraceae;g__Blautia;s__;d__denovo351
xiang_denovo356	Bacteria	Bacteroidetes	Bacteroidia	Bacteroidales	Prevotellaceae	Prevotella		k__Bacteria;p__Bacteroidetes;c__Bacteroidia;o__Bacteroidales;f__Prevotellaceae;g__Prevotella;s__;d__denovo356
xiang_denovo357	Bacteria	Firmicutes	Clostridia	Clostridiales	Lachnospiraceae			k__Bacteria;p__Firmicutes;c__Clostridia;o__Clostridiales;f__Lachnospiraceae;g__;s__;d__denovo357
xiang_denovo354	Bacteria	Firmicutes	Bacilli	Lactobacillales	Streptococcaceae	Streptococcus		k__Bacteria;p__Firmicutes;c__Bacilli;o__Lactobacillales;f__Streptococcaceae;g__Streptococcus;s__;d__denovo354
xiang_denovo355	Bacteria	Firmicutes	Bacilli	Lactobacillales	Lactobacillaceae	Lactobacillus		k__Bacteria;p__Firmicutes;c__Bacilli;o__Lactobacillales;f__Lactobacillaceae;g__Lactobacillus;s__;d__denovo355
xiang_denovo358	Bacteria	Bacteroidetes	Bacteroidia	Bacteroidales	Bacteroidaceae	Bacteroides		k__Bacteria;p__Bacteroidetes;c__Bacteroidia;o__Bacteroidales;f__Bacteroidaceae;g__Bacteroides;s__;d__denovo358
xiang_denovo359	Bacteria	Firmicutes	Clostridia	Clostridiales	Clostridiales_Incertae_Sedis_XI	Parvimonas		k__Bacteria;p__Firmicutes;c__Clostridia;o__Clostridiales;f__Clostridiales_Incertae_Sedis_XI;g__Parvimonas;s__;d__denovo359
xiang_denovo589	Bacteria	Proteobacteria	Gammaproteobacteria	Enterobacteriales	Enterobacteriaceae	Morganella		k__Bacteria;p__Proteobacteria;c__Gammaproteobacteria;o__Enterobacteriales;f__Enterobacteriaceae;g__Morganella;s__;d__denovo589
xiang_denovo578	Bacteria	Proteobacteria	Gammaproteobacteria	Pseudomonadales	Pseudomonadaceae	Pseudomonas		k__Bacteria;p__Proteobacteria;c__Gammaproteobacteria;o__Pseudomonadales;f__Pseudomonadaceae;g__Pseudomonas;s__;d__denovo578
xiang_denovo1331	Bacteria	Firmicutes	Clostridia	Clostridiales	Ruminococcaceae	Ruminococcus		k__Bacteria;p__Firmicutes;c__Clostridia;o__Clostridiales;f__Ruminococcaceae;g__Ruminococcus;s__;d__denovo1331
xiang_denovo572	Bacteria							k__Bacteria;p__;c__;o__;f__;g__;s__;d__denovo572
xiang_denovo573	Bacteria	Firmicutes	Clostridia	Clostridiales	Ruminococcaceae			k__Bacteria;p__Firmicutes;c__Clostridia;o__Clostridiales;f__Ruminococcaceae;g__;s__;d__denovo573
xiang_denovo570	Bacteria	Firmicutes	Clostridia	Clostridiales	Lachnospiraceae			k__Bacteria;p__Firmicutes;c__Clostridia;o__Clostridiales;f__Lachnospiraceae;g__;s__;d__denovo570
xiang_denovo571	Bacteria	Firmicutes	Clostridia	Clostridiales	Ruminococcaceae	Oscillibacter		k__Bacteria;p__Firmicutes;c__Clostridia;o__Clostridiales;f__Ruminococcaceae;g__Oscillibacter;s__;d__denovo571
xiang_denovo576	Bacteria	Actinobacteria	Actinobacteria	Actinomycetales	Actinomycetaceae	Actinomyces		k__Bacteria;p__Actinobacteria;c__Actinobacteria;o__Actinomycetales;f__Actinomycetaceae;g__Actinomyces;s__;d__denovo576
xiang_denovo577	Bacteria	Firmicutes	Clostridia	Clostridiales	Lachnospiraceae			k__Bacteria;p__Firmicutes;c__Clostridia;o__Clostridiales;f__Lachnospiraceae;g__;s__;d__denovo577
xiang_denovo574	Bacteria	Firmicutes	Clostridia	Clostridiales	Ruminococcaceae	Faecalibacterium		k__Bacteria;p__Firmicutes;c__Clostridia;o__Clostridiales;f__Ruminococcaceae;g__Faecalibacterium;s__;d__denovo574
xiang_denovo575	Bacteria	Firmicutes	Clostridia	Clostridiales				k__Bacteria;p__Firmicutes;c__Clostridia;o__Clostridiales;f__;g__;s__;d__denovo575
xiang_denovo688	Bacteria	Firmicutes	Clostridia	Clostridiales	Ruminococcaceae	Ruminococcus		k__Bacteria;p__Firmicutes;c__Clostridia;o__Clostridiales;f__Ruminococcaceae;g__Ruminococcus;s__;d__denovo688
xiang_denovo689	Bacteria	Firmicutes	Bacilli	Lactobacillales				k__Bacteria;p__Firmicutes;c__Bacilli;o__Lactobacillales;f__;g__;s__;d__denovo689
xiang_denovo680	Bacteria	Bacteroidetes	Bacteroidia	Bacteroidales	Bacteroidaceae	Bacteroides		k__Bacteria;p__Bacteroidetes;c__Bacteroidia;o__Bacteroidales;f__Bacteroidaceae;g__Bacteroides;s__;d__denovo680
xiang_denovo681	Bacteria	Firmicutes	Clostridia	Clostridiales	Lachnospiraceae	Dorea		k__Bacteria;p__Firmicutes;c__Clostridia;o__Clostridiales;f__Lachnospiraceae;g__Dorea;s__;d__denovo681
xiang_denovo682	Bacteria	Firmicutes	Clostridia	Clostridiales	Lachnospiraceae	Blautia		k__Bacteria;p__Firmicutes;c__Clostridia;o__Clostridiales;f__Lachnospiraceae;g__Blautia;s__;d__denovo682
xiang_denovo683	Bacteria	Firmicutes	Clostridia	Clostridiales	Lachnospiraceae	Ruminococcus2		k__Bacteria;p__Firmicutes;c__Clostridia;o__Clostridiales;f__Lachnospiraceae;g__Ruminococcus2;s__;d__denovo683
xiang_denovo684	Bacteria	Actinobacteria	Actinobacteria	Coriobacteriales	Coriobacteriaceae	Collinsella		k__Bacteria;p__Actinobacteria;c__Actinobacteria;o__Coriobacteriales;f__Coriobacteriaceae;g__Collinsella;s__;d__denovo684
xiang_denovo685	Bacteria	Bacteroidetes	Bacteroidia	Bacteroidales	Bacteroidaceae	Bacteroides		k__Bacteria;p__Bacteroidetes;c__Bacteroidia;o__Bacteroidales;f__Bacteroidaceae;g__Bacteroides;s__;d__denovo685
xiang_denovo686	Bacteria	Synergistetes	Synergistia	Synergistales	Synergistaceae			k__Bacteria;p__Synergistetes;c__Synergistia;o__Synergistales;f__Synergistaceae;g__;s__;d__denovo686
xiang_denovo687	Bacteria	Firmicutes	Clostridia	Clostridiales	Lachnospiraceae	Dorea		k__Bacteria;p__Firmicutes;c__Clostridia;o__Clostridiales;f__Lachnospiraceae;g__Dorea;s__;d__denovo687
xiang_denovo176	Bacteria	Firmicutes	Clostridia	Clostridiales				k__Bacteria;p__Firmicutes;c__Clostridia;o__Clostridiales;f__;g__;s__;d__denovo176
xiang_denovo177	Bacteria	Firmicutes	Clostridia	Clostridiales	Ruminococcaceae			k__Bacteria;p__Firmicutes;c__Clostridia;o__Clostridiales;f__Ruminococcaceae;g__;s__;d__denovo177
xiang_denovo174	Bacteria	Firmicutes	Clostridia	Clostridiales	Lachnospiraceae	Clostridium_XlVa		k__Bacteria;p__Firmicutes;c__Clostridia;o__Clostridiales;f__Lachnospiraceae;g__Clostridium_XlVa;s__;d__denovo174
xiang_denovo175	Bacteria	Firmicutes	Clostridia	Clostridiales	Lachnospiraceae			k__Bacteria;p__Firmicutes;c__Clostridia;o__Clostridiales;f__Lachnospiraceae;g__;s__;d__denovo175
xiang_denovo172	Bacteria	Firmicutes	Clostridia	Clostridiales	Lachnospiraceae			k__Bacteria;p__Firmicutes;c__Clostridia;o__Clostridiales;f__Lachnospiraceae;g__;s__;d__denovo172
xiang_denovo173	Bacteria	Firmicutes	Clostridia	Clostridiales	Lachnospiraceae	Dorea		k__Bacteria;p__Firmicutes;c__Clostridia;o__Clostridiales;f__Lachnospiraceae;g__Dorea;s__;d__denovo173
xiang_denovo170	Bacteria	Firmicutes	Erysipelotrichia	Erysipelotrichales	Erysipelotrichaceae	Turicibacter		k__Bacteria;p__Firmicutes;c__Erysipelotrichia;o__Erysipelotrichales;f__Erysipelotrichaceae;g__Turicibacter;s__;d__denovo170
xiang_denovo171	Bacteria	Bacteroidetes	Bacteroidia	Bacteroidales	Rikenellaceae	Alistipes		k__Bacteria;p__Bacteroidetes;c__Bacteroidia;o__Bacteroidales;f__Rikenellaceae;g__Alistipes;s__;d__denovo171
xiang_denovo178	Bacteria	Firmicutes	Clostridia	Clostridiales	Lachnospiraceae			k__Bacteria;p__Firmicutes;c__Clostridia;o__Clostridiales;f__Lachnospiraceae;g__;s__;d__denovo178
xiang_denovo179	Bacteria	Firmicutes	Clostridia	Clostridiales	Lachnospiraceae	Dorea		k__Bacteria;p__Firmicutes;c__Clostridia;o__Clostridiales;f__Lachnospiraceae;g__Dorea;s__;d__denovo179
xiang_denovo778	Bacteria	Firmicutes	Clostridia	Clostridiales	Lachnospiraceae	Dorea		k__Bacteria;p__Firmicutes;c__Clostridia;o__Clostridiales;f__Lachnospiraceae;g__Dorea;s__;d__denovo778
xiang_denovo779	Bacteria	Bacteroidetes	Bacteroidia	Bacteroidales				k__Bacteria;p__Bacteroidetes;c__Bacteroidia;o__Bacteroidales;f__;g__;s__;d__denovo779
xiang_denovo774	Bacteria	Firmicutes	Clostridia	Clostridiales	Lachnospiraceae	Blautia		k__Bacteria;p__Firmicutes;c__Clostridia;o__Clostridiales;f__Lachnospiraceae;g__Blautia;s__;d__denovo774
xiang_denovo775	Bacteria	Bacteroidetes	Bacteroidia	Bacteroidales	Rikenellaceae	Alistipes		k__Bacteria;p__Bacteroidetes;c__Bacteroidia;o__Bacteroidales;f__Rikenellaceae;g__Alistipes;s__;d__denovo775
xiang_denovo776	Bacteria	Firmicutes	Clostridia	Clostridiales	Peptostreptococcaceae	Clostridium_XI		k__Bacteria;p__Firmicutes;c__Clostridia;o__Clostridiales;f__Peptostreptococcaceae;g__Clostridium_XI;s__;d__denovo776
xiang_denovo777	Bacteria	Firmicutes	Clostridia	Clostridiales	Ruminococcaceae			k__Bacteria;p__Firmicutes;c__Clostridia;o__Clostridiales;f__Ruminococcaceae;g__;s__;d__denovo777
xiang_denovo770	Bacteria	Bacteroidetes	Bacteroidia	Bacteroidales	Rikenellaceae	Alistipes		k__Bacteria;p__Bacteroidetes;c__Bacteroidia;o__Bacteroidales;f__Rikenellaceae;g__Alistipes;s__;d__denovo770
xiang_denovo771	Bacteria	Firmicutes	Clostridia	Clostridiales	Lachnospiraceae	Clostridium_XlVb		k__Bacteria;p__Firmicutes;c__Clostridia;o__Clostridiales;f__Lachnospiraceae;g__Clostridium_XlVb;s__;d__denovo771
xiang_denovo772	Bacteria	Proteobacteria	Gammaproteobacteria	Enterobacteriales	Enterobacteriaceae			k__Bacteria;p__Proteobacteria;c__Gammaproteobacteria;o__Enterobacteriales;f__Enterobacteriaceae;g__;s__;d__denovo772
xiang_denovo773	Bacteria	Firmicutes	Bacilli	Lactobacillales	Lactobacillaceae	Lactobacillus		k__Bacteria;p__Firmicutes;c__Bacilli;o__Lactobacillales;f__Lactobacillaceae;g__Lactobacillus;s__;d__denovo773
xiang_denovo824	Bacteria	Firmicutes	Clostridia	Clostridiales	Clostridiales_Incertae_Sedis_XI	Parvimonas		k__Bacteria;p__Firmicutes;c__Clostridia;o__Clostridiales;f__Clostridiales_Incertae_Sedis_XI;g__Parvimonas;s__;d__denovo824
xiang_denovo825	Bacteria	Firmicutes	Clostridia	Clostridiales	Lachnospiraceae	Blautia		k__Bacteria;p__Firmicutes;c__Clostridia;o__Clostridiales;f__Lachnospiraceae;g__Blautia;s__;d__denovo825
xiang_denovo826	Bacteria	Firmicutes	Clostridia	Clostridiales	Lachnospiraceae	Lachnospiracea_incertae_sedis		k__Bacteria;p__Firmicutes;c__Clostridia;o__Clostridiales;f__Lachnospiraceae;g__Lachnospiracea_incertae_sedis;s__;d__denovo826
xiang_denovo827	Bacteria	Bacteroidetes	Bacteroidia	Bacteroidales	Porphyromonadaceae			k__Bacteria;p__Bacteroidetes;c__Bacteroidia;o__Bacteroidales;f__Porphyromonadaceae;g__;s__;d__denovo827
xiang_denovo820	Bacteria	Bacteroidetes	Bacteroidia	Bacteroidales	Porphyromonadaceae	Butyricimonas		k__Bacteria;p__Bacteroidetes;c__Bacteroidia;o__Bacteroidales;f__Porphyromonadaceae;g__Butyricimonas;s__;d__denovo820
xiang_denovo821	Bacteria	Bacteroidetes	Bacteroidia	Bacteroidales	Bacteroidaceae	Bacteroides		k__Bacteria;p__Bacteroidetes;c__Bacteroidia;o__Bacteroidales;f__Bacteroidaceae;g__Bacteroides;s__;d__denovo821
xiang_denovo822	Bacteria	Proteobacteria	Epsilonproteobacteria	Campylobacterales	Campylobacteraceae	Campylobacter		k__Bacteria;p__Proteobacteria;c__Epsilonproteobacteria;o__Campylobacterales;f__Campylobacteraceae;g__Campylobacter;s__;d__denovo822
xiang_denovo823	Bacteria	Firmicutes	Clostridia	Clostridiales	Lachnospiraceae			k__Bacteria;p__Firmicutes;c__Clostridia;o__Clostridiales;f__Lachnospiraceae;g__;s__;d__denovo823
xiang_denovo828	Bacteria	Proteobacteria	Gammaproteobacteria	Enterobacteriales	Enterobacteriaceae	Escherichia/Shigella		k__Bacteria;p__Proteobacteria;c__Gammaproteobacteria;o__Enterobacteriales;f__Enterobacteriaceae;g__Escherichia/Shigella;s__;d__denovo828
xiang_denovo829	Bacteria	Proteobacteria	Gammaproteobacteria	Enterobacteriales	Enterobacteriaceae	Klebsiella		k__Bacteria;p__Proteobacteria;c__Gammaproteobacteria;o__Enterobacteriales;f__Enterobacteriaceae;g__Klebsiella;s__;d__denovo829
xiang_denovo918	Bacteria	Firmicutes	Clostridia	Clostridiales	Lachnospiraceae			k__Bacteria;p__Firmicutes;c__Clostridia;o__Clostridiales;f__Lachnospiraceae;g__;s__;d__denovo918
xiang_denovo919	Bacteria	Firmicutes	Clostridia	Clostridiales	Lachnospiraceae	Lachnospiracea_incertae_sedis		k__Bacteria;p__Firmicutes;c__Clostridia;o__Clostridiales;f__Lachnospiraceae;g__Lachnospiracea_incertae_sedis;s__;d__denovo919
xiang_denovo910	Bacteria	Firmicutes	Clostridia	Clostridiales	Ruminococcaceae			k__Bacteria;p__Firmicutes;c__Clostridia;o__Clostridiales;f__Ruminococcaceae;g__;s__;d__denovo910
xiang_denovo911	Bacteria	Firmicutes	Clostridia	Clostridiales	Lachnospiraceae			k__Bacteria;p__Firmicutes;c__Clostridia;o__Clostridiales;f__Lachnospiraceae;g__;s__;d__denovo911
xiang_denovo912	Bacteria	Firmicutes	Clostridia	Clostridiales	Lachnospiraceae			k__Bacteria;p__Firmicutes;c__Clostridia;o__Clostridiales;f__Lachnospiraceae;g__;s__;d__denovo912
xiang_denovo913	Bacteria	Firmicutes	Clostridia	Clostridiales	Lachnospiraceae			k__Bacteria;p__Firmicutes;c__Clostridia;o__Clostridiales;f__Lachnospiraceae;g__;s__;d__denovo913
xiang_denovo914	Bacteria	Firmicutes	Clostridia	Clostridiales	Lachnospiraceae	Ruminococcus2		k__Bacteria;p__Firmicutes;c__Clostridia;o__Clostridiales;f__Lachnospiraceae;g__Ruminococcus2;s__;d__denovo914
xiang_denovo915	Bacteria	Firmicutes	Clostridia	Clostridiales	Lachnospiraceae			k__Bacteria;p__Firmicutes;c__Clostridia;o__Clostridiales;f__Lachnospiraceae;g__;s__;d__denovo915
xiang_denovo916	Bacteria	Firmicutes	Clostridia	Clostridiales	Lachnospiraceae	Pseudobutyrivibrio		k__Bacteria;p__Firmicutes;c__Clostridia;o__Clostridiales;f__Lachnospiraceae;g__Pseudobutyrivibrio;s__;d__denovo916
xiang_denovo917	Bacteria	Firmicutes	Clostridia	Clostridiales	Lachnospiraceae	Lachnospiracea_incertae_sedis		k__Bacteria;p__Firmicutes;c__Clostridia;o__Clostridiales;f__Lachnospiraceae;g__Lachnospiracea_incertae_sedis;s__;d__denovo917
xiang_denovo1484	Bacteria	Firmicutes	Erysipelotrichia	Erysipelotrichales	Erysipelotrichaceae	Clostridium_XVIII		k__Bacteria;p__Firmicutes;c__Erysipelotrichia;o__Erysipelotrichales;f__Erysipelotrichaceae;g__Clostridium_XVIII;s__;d__denovo1484
xiang_denovo1485	Bacteria	Firmicutes						k__Bacteria;p__Firmicutes;c__;o__;f__;g__;s__;d__denovo1485
xiang_denovo1486	Bacteria	Firmicutes	Clostridia	Clostridiales	Lachnospiraceae			k__Bacteria;p__Firmicutes;c__Clostridia;o__Clostridiales;f__Lachnospiraceae;g__;s__;d__denovo1486
xiang_denovo1487	Bacteria	Bacteroidetes	Bacteroidia	Bacteroidales	Bacteroidaceae	Bacteroides		k__Bacteria;p__Bacteroidetes;c__Bacteroidia;o__Bacteroidales;f__Bacteroidaceae;g__Bacteroides;s__;d__denovo1487
xiang_denovo1480	Bacteria	Firmicutes	Clostridia	Clostridiales	Lachnospiraceae	Lachnospiracea_incertae_sedis		k__Bacteria;p__Firmicutes;c__Clostridia;o__Clostridiales;f__Lachnospiraceae;g__Lachnospiracea_incertae_sedis;s__;d__denovo1480
xiang_denovo1481	Bacteria	Firmicutes	Clostridia	Clostridiales	Lachnospiraceae			k__Bacteria;p__Firmicutes;c__Clostridia;o__Clostridiales;f__Lachnospiraceae;g__;s__;d__denovo1481
xiang_denovo1482	Bacteria	Bacteroidetes	Bacteroidia	Bacteroidales	Porphyromonadaceae	Odoribacter		k__Bacteria;p__Bacteroidetes;c__Bacteroidia;o__Bacteroidales;f__Porphyromonadaceae;g__Odoribacter;s__;d__denovo1482
xiang_denovo1483	Bacteria	Firmicutes	Bacilli	Lactobacillales				k__Bacteria;p__Firmicutes;c__Bacilli;o__Lactobacillales;f__;g__;s__;d__denovo1483
xiang_denovo1488	Bacteria	Firmicutes	Clostridia	Clostridiales	Ruminococcaceae			k__Bacteria;p__Firmicutes;c__Clostridia;o__Clostridiales;f__Ruminococcaceae;g__;s__;d__denovo1488
xiang_denovo1489	Bacteria	Firmicutes	Clostridia	Clostridiales	Lachnospiraceae	Ruminococcus2		k__Bacteria;p__Firmicutes;c__Clostridia;o__Clostridiales;f__Lachnospiraceae;g__Ruminococcus2;s__;d__denovo1489
xiang_denovo41	Bacteria	Firmicutes	Clostridia	Clostridiales	Lachnospiraceae			k__Bacteria;p__Firmicutes;c__Clostridia;o__Clostridiales;f__Lachnospiraceae;g__;s__;d__denovo41
xiang_denovo1135	Bacteria	Firmicutes	Clostridia	Clostridiales	Lachnospiraceae	Roseburia		k__Bacteria;p__Firmicutes;c__Clostridia;o__Clostridiales;f__Lachnospiraceae;g__Roseburia;s__;d__denovo1135
xiang_denovo1136	Bacteria	Actinobacteria	Actinobacteria	Actinomycetales	Actinomycetaceae	Actinomyces		k__Bacteria;p__Actinobacteria;c__Actinobacteria;o__Actinomycetales;f__Actinomycetaceae;g__Actinomyces;s__;d__denovo1136
xiang_denovo42	Bacteria	Firmicutes	Negativicutes	Selenomonadales	Acidaminococcaceae	Phascolarctobacterium		k__Bacteria;p__Firmicutes;c__Negativicutes;o__Selenomonadales;f__Acidaminococcaceae;g__Phascolarctobacterium;s__;d__denovo42
xiang_denovo45	Bacteria	Firmicutes	Clostridia	Clostridiales	Lachnospiraceae	Clostridium_XlVa		k__Bacteria;p__Firmicutes;c__Clostridia;o__Clostridiales;f__Lachnospiraceae;g__Clostridium_XlVa;s__;d__denovo45
xiang_denovo1131	Bacteria	Firmicutes	Erysipelotrichia	Erysipelotrichales	Erysipelotrichaceae	Erysipelothrix		k__Bacteria;p__Firmicutes;c__Erysipelotrichia;o__Erysipelotrichales;f__Erysipelotrichaceae;g__Erysipelothrix;s__;d__denovo1131
xiang_denovo1132	Bacteria	Firmicutes	Clostridia	Clostridiales	Lachnospiraceae			k__Bacteria;p__Firmicutes;c__Clostridia;o__Clostridiales;f__Lachnospiraceae;g__;s__;d__denovo1132
xiang_denovo46	Bacteria	Firmicutes	Clostridia	Clostridiales				k__Bacteria;p__Firmicutes;c__Clostridia;o__Clostridiales;f__;g__;s__;d__denovo46
xiang_denovo49	Bacteria	Bacteroidetes	Bacteroidia	Bacteroidales	Bacteroidaceae	Bacteroides		k__Bacteria;p__Bacteroidetes;c__Bacteroidia;o__Bacteroidales;f__Bacteroidaceae;g__Bacteroides;s__;d__denovo49
xiang_denovo48	Bacteria	Firmicutes	Clostridia	Clostridiales				k__Bacteria;p__Firmicutes;c__Clostridia;o__Clostridiales;f__;g__;s__;d__denovo48
xiang_denovo1138	Bacteria	Firmicutes	Clostridia	Clostridiales	Ruminococcaceae	Ruminococcus		k__Bacteria;p__Firmicutes;c__Clostridia;o__Clostridiales;f__Ruminococcaceae;g__Ruminococcus;s__;d__denovo1138
xiang_denovo1139	Bacteria	Firmicutes	Erysipelotrichia	Erysipelotrichales	Erysipelotrichaceae	Clostridium_XVIII		k__Bacteria;p__Firmicutes;c__Erysipelotrichia;o__Erysipelotrichales;f__Erysipelotrichaceae;g__Clostridium_XVIII;s__;d__denovo1139
xiang_denovo697	Bacteria	Firmicutes	Clostridia	Clostridiales	Lachnospiraceae	Ruminococcus2		k__Bacteria;p__Firmicutes;c__Clostridia;o__Clostridiales;f__Lachnospiraceae;g__Ruminococcus2;s__;d__denovo697
xiang_denovo164	Bacteria	Firmicutes	Bacilli	Lactobacillales	Enterococcaceae	Enterococcus		k__Bacteria;p__Firmicutes;c__Bacilli;o__Lactobacillales;f__Enterococcaceae;g__Enterococcus;s__;d__denovo164
xiang_denovo695	Bacteria	Firmicutes	Clostridia	Clostridiales	Lachnospiraceae			k__Bacteria;p__Firmicutes;c__Clostridia;o__Clostridiales;f__Lachnospiraceae;g__;s__;d__denovo695
xiang_denovo166	Bacteria	Firmicutes	Clostridia	Clostridiales	Lachnospiraceae	Coprococcus		k__Bacteria;p__Firmicutes;c__Clostridia;o__Clostridiales;f__Lachnospiraceae;g__Coprococcus;s__;d__denovo166
xiang_denovo693	Bacteria	Firmicutes	Clostridia	Clostridiales	Ruminococcaceae			k__Bacteria;p__Firmicutes;c__Clostridia;o__Clostridiales;f__Ruminococcaceae;g__;s__;d__denovo693
xiang_denovo160	Bacteria	Fusobacteria	Fusobacteriia	Fusobacteriales	Fusobacteriaceae	Fusobacterium		k__Bacteria;p__Fusobacteria;c__Fusobacteriia;o__Fusobacteriales;f__Fusobacteriaceae;g__Fusobacterium;s__;d__denovo160
xiang_denovo163	Bacteria	Fusobacteria	Fusobacteriia	Fusobacteriales	Fusobacteriaceae	Fusobacterium		k__Bacteria;p__Fusobacteria;c__Fusobacteriia;o__Fusobacteriales;f__Fusobacteriaceae;g__Fusobacterium;s__;d__denovo163
xiang_denovo690	Bacteria	Firmicutes	Clostridia	Clostridiales	Lachnospiraceae	Lachnospiracea_incertae_sedis		k__Bacteria;p__Firmicutes;c__Clostridia;o__Clostridiales;f__Lachnospiraceae;g__Lachnospiracea_incertae_sedis;s__;d__denovo690
xiang_denovo1008	Bacteria	Actinobacteria	Actinobacteria	Coriobacteriales	Coriobacteriaceae			k__Bacteria;p__Actinobacteria;c__Actinobacteria;o__Coriobacteriales;f__Coriobacteriaceae;g__;s__;d__denovo1008
xiang_denovo1009	Bacteria	Firmicutes	Clostridia	Clostridiales	Lachnospiraceae			k__Bacteria;p__Firmicutes;c__Clostridia;o__Clostridiales;f__Lachnospiraceae;g__;s__;d__denovo1009
xiang_denovo1558	Bacteria	Firmicutes	Clostridia	Clostridiales	Lachnospiraceae			k__Bacteria;p__Firmicutes;c__Clostridia;o__Clostridiales;f__Lachnospiraceae;g__;s__;d__denovo1558
xiang_denovo1559	Bacteria	Firmicutes	Clostridia	Clostridiales	Ruminococcaceae			k__Bacteria;p__Firmicutes;c__Clostridia;o__Clostridiales;f__Ruminococcaceae;g__;s__;d__denovo1559
xiang_denovo1552	Bacteria	Firmicutes	Clostridia	Clostridiales	Lachnospiraceae			k__Bacteria;p__Firmicutes;c__Clostridia;o__Clostridiales;f__Lachnospiraceae;g__;s__;d__denovo1552
xiang_denovo1001	Bacteria	Firmicutes	Clostridia	Clostridiales	Ruminococcaceae	Flavonifractor		k__Bacteria;p__Firmicutes;c__Clostridia;o__Clostridiales;f__Ruminococcaceae;g__Flavonifractor;s__;d__denovo1001
xiang_denovo1550	Bacteria	Proteobacteria	Gammaproteobacteria	Enterobacteriales	Enterobacteriaceae			k__Bacteria;p__Proteobacteria;c__Gammaproteobacteria;o__Enterobacteriales;f__Enterobacteriaceae;g__;s__;d__denovo1550
xiang_denovo1003	Bacteria	Firmicutes	Clostridia	Clostridiales	Lachnospiraceae			k__Bacteria;p__Firmicutes;c__Clostridia;o__Clostridiales;f__Lachnospiraceae;g__;s__;d__denovo1003
xiang_denovo1556	Bacteria	Bacteroidetes	Bacteroidia	Bacteroidales	Bacteroidaceae	Bacteroides		k__Bacteria;p__Bacteroidetes;c__Bacteroidia;o__Bacteroidales;f__Bacteroidaceae;g__Bacteroides;s__;d__denovo1556
xiang_denovo1005	Bacteria	Firmicutes	Clostridia	Clostridiales	Lachnospiraceae	Ruminococcus2		k__Bacteria;p__Firmicutes;c__Clostridia;o__Clostridiales;f__Lachnospiraceae;g__Ruminococcus2;s__;d__denovo1005
xiang_denovo1554	Bacteria	Firmicutes	Bacilli	Lactobacillales	Enterococcaceae	Enterococcus		k__Bacteria;p__Firmicutes;c__Bacilli;o__Lactobacillales;f__Enterococcaceae;g__Enterococcus;s__;d__denovo1554
xiang_denovo1555	Bacteria	Proteobacteria	Betaproteobacteria	Burkholderiales				k__Bacteria;p__Proteobacteria;c__Betaproteobacteria;o__Burkholderiales;f__;g__;s__;d__denovo1555
xiang_denovo213	Bacteria	Firmicutes						k__Bacteria;p__Firmicutes;c__;o__;f__;g__;s__;d__denovo213
xiang_denovo212	Bacteria	Firmicutes	Negativicutes	Selenomonadales	Veillonellaceae	Dialister		k__Bacteria;p__Firmicutes;c__Negativicutes;o__Selenomonadales;f__Veillonellaceae;g__Dialister;s__;d__denovo212
xiang_denovo211	Bacteria	Bacteroidetes	Bacteroidia	Bacteroidales	Bacteroidaceae	Bacteroides		k__Bacteria;p__Bacteroidetes;c__Bacteroidia;o__Bacteroidales;f__Bacteroidaceae;g__Bacteroides;s__;d__denovo211
xiang_denovo210	Bacteria	Firmicutes	Clostridia	Clostridiales	Lachnospiraceae	Dorea		k__Bacteria;p__Firmicutes;c__Clostridia;o__Clostridiales;f__Lachnospiraceae;g__Dorea;s__;d__denovo210
xiang_denovo217	Bacteria	Firmicutes	Clostridia	Clostridiales	Ruminococcaceae	Faecalibacterium		k__Bacteria;p__Firmicutes;c__Clostridia;o__Clostridiales;f__Ruminococcaceae;g__Faecalibacterium;s__;d__denovo217
xiang_denovo216	Bacteria	Firmicutes	Clostridia	Clostridiales	Clostridiales_Incertae_Sedis_XIII	Mogibacterium		k__Bacteria;p__Firmicutes;c__Clostridia;o__Clostridiales;f__Clostridiales_Incertae_Sedis_XIII;g__Mogibacterium;s__;d__denovo216
xiang_denovo215	Bacteria	Proteobacteria	Gammaproteobacteria	Enterobacteriales	Enterobacteriaceae	Escherichia/Shigella		k__Bacteria;p__Proteobacteria;c__Gammaproteobacteria;o__Enterobacteriales;f__Enterobacteriaceae;g__Escherichia/Shigella;s__;d__denovo215
xiang_denovo214	Bacteria	Firmicutes	Clostridia	Clostridiales	Lachnospiraceae	Clostridium_XlVa		k__Bacteria;p__Firmicutes;c__Clostridia;o__Clostridiales;f__Lachnospiraceae;g__Clostridium_XlVa;s__;d__denovo214
xiang_denovo219	Bacteria	Bacteroidetes	Bacteroidia	Bacteroidales	Bacteroidaceae	Bacteroides		k__Bacteria;p__Bacteroidetes;c__Bacteroidia;o__Bacteroidales;f__Bacteroidaceae;g__Bacteroides;s__;d__denovo219
xiang_denovo218	Bacteria	Firmicutes	Bacilli	Lactobacillales	Streptococcaceae	Streptococcus		k__Bacteria;p__Firmicutes;c__Bacilli;o__Lactobacillales;f__Streptococcaceae;g__Streptococcus;s__;d__denovo218
xiang_denovo1318	Bacteria	Firmicutes	Clostridia	Clostridiales	Lachnospiraceae			k__Bacteria;p__Firmicutes;c__Clostridia;o__Clostridiales;f__Lachnospiraceae;g__;s__;d__denovo1318
xiang_denovo1319	Bacteria	Firmicutes	Clostridia	Clostridiales	Lachnospiraceae	Clostridium_XlVa		k__Bacteria;p__Firmicutes;c__Clostridia;o__Clostridiales;f__Lachnospiraceae;g__Clostridium_XlVa;s__;d__denovo1319
xiang_denovo1314	Bacteria	Proteobacteria	Gammaproteobacteria	Enterobacteriales	Enterobacteriaceae	Proteus		k__Bacteria;p__Proteobacteria;c__Gammaproteobacteria;o__Enterobacteriales;f__Enterobacteriaceae;g__Proteus;s__;d__denovo1314
xiang_denovo1315	Bacteria	Firmicutes	Clostridia	Clostridiales				k__Bacteria;p__Firmicutes;c__Clostridia;o__Clostridiales;f__;g__;s__;d__denovo1315
xiang_denovo1316	Bacteria	Firmicutes	Clostridia	Clostridiales	Lachnospiraceae			k__Bacteria;p__Firmicutes;c__Clostridia;o__Clostridiales;f__Lachnospiraceae;g__;s__;d__denovo1316
xiang_denovo1317	Bacteria	Firmicutes	Clostridia	Clostridiales	Lachnospiraceae	Lachnospiracea_incertae_sedis		k__Bacteria;p__Firmicutes;c__Clostridia;o__Clostridiales;f__Lachnospiraceae;g__Lachnospiracea_incertae_sedis;s__;d__denovo1317
xiang_denovo1310	Bacteria	Firmicutes	Clostridia	Clostridiales	Ruminococcaceae	Faecalibacterium		k__Bacteria;p__Firmicutes;c__Clostridia;o__Clostridiales;f__Ruminococcaceae;g__Faecalibacterium;s__;d__denovo1310
xiang_denovo1311	Bacteria	Firmicutes	Clostridia	Clostridiales	Lachnospiraceae	Blautia		k__Bacteria;p__Firmicutes;c__Clostridia;o__Clostridiales;f__Lachnospiraceae;g__Blautia;s__;d__denovo1311
xiang_denovo1312	Bacteria	Firmicutes	Clostridia	Clostridiales	Lachnospiraceae	Pseudobutyrivibrio		k__Bacteria;p__Firmicutes;c__Clostridia;o__Clostridiales;f__Lachnospiraceae;g__Pseudobutyrivibrio;s__;d__denovo1312
xiang_denovo1313	Bacteria	Firmicutes	Clostridia	Clostridiales	Ruminococcaceae			k__Bacteria;p__Firmicutes;c__Clostridia;o__Clostridiales;f__Ruminococcaceae;g__;s__;d__denovo1313
xiang_denovo367	Bacteria	Firmicutes	Erysipelotrichia	Erysipelotrichales	Erysipelotrichaceae	Clostridium_XVIII		k__Bacteria;p__Firmicutes;c__Erysipelotrichia;o__Erysipelotrichales;f__Erysipelotrichaceae;g__Clostridium_XVIII;s__;d__denovo367
xiang_denovo366	Bacteria	Firmicutes	Clostridia	Clostridiales	Lachnospiraceae			k__Bacteria;p__Firmicutes;c__Clostridia;o__Clostridiales;f__Lachnospiraceae;g__;s__;d__denovo366
xiang_denovo365	Bacteria	Firmicutes	Clostridia	Clostridiales	Lachnospiraceae			k__Bacteria;p__Firmicutes;c__Clostridia;o__Clostridiales;f__Lachnospiraceae;g__;s__;d__denovo365
xiang_denovo364	Bacteria	Firmicutes	Bacilli	Lactobacillales	Enterococcaceae	Enterococcus		k__Bacteria;p__Firmicutes;c__Bacilli;o__Lactobacillales;f__Enterococcaceae;g__Enterococcus;s__;d__denovo364
xiang_denovo363	Bacteria	Firmicutes	Erysipelotrichia	Erysipelotrichales	Erysipelotrichaceae			k__Bacteria;p__Firmicutes;c__Erysipelotrichia;o__Erysipelotrichales;f__Erysipelotrichaceae;g__;s__;d__denovo363
xiang_denovo362	Bacteria	Bacteroidetes	Bacteroidia	Bacteroidales	Prevotellaceae	Prevotella		k__Bacteria;p__Bacteroidetes;c__Bacteroidia;o__Bacteroidales;f__Prevotellaceae;g__Prevotella;s__;d__denovo362
xiang_denovo361	Bacteria	Firmicutes	Clostridia	Clostridiales	Lachnospiraceae			k__Bacteria;p__Firmicutes;c__Clostridia;o__Clostridiales;f__Lachnospiraceae;g__;s__;d__denovo361
xiang_denovo360	Bacteria	Firmicutes	Bacilli	Lactobacillales	Lactobacillaceae	Lactobacillus		k__Bacteria;p__Firmicutes;c__Bacilli;o__Lactobacillales;f__Lactobacillaceae;g__Lactobacillus;s__;d__denovo360
xiang_denovo369	Bacteria	Firmicutes	Clostridia	Clostridiales	Lachnospiraceae	Dorea		k__Bacteria;p__Firmicutes;c__Clostridia;o__Clostridiales;f__Lachnospiraceae;g__Dorea;s__;d__denovo369
xiang_denovo368	Bacteria	Firmicutes	Clostridia	Clostridiales	Lachnospiraceae			k__Bacteria;p__Firmicutes;c__Clostridia;o__Clostridiales;f__Lachnospiraceae;g__;s__;d__denovo368
xiang_denovo549	Bacteria	Firmicutes	Bacilli	Lactobacillales	Lactobacillaceae	Lactobacillus		k__Bacteria;p__Firmicutes;c__Bacilli;o__Lactobacillales;f__Lactobacillaceae;g__Lactobacillus;s__;d__denovo549
xiang_denovo548	Bacteria	Proteobacteria	Betaproteobacteria	Burkholderiales	Comamonadaceae	Delftia		k__Bacteria;p__Proteobacteria;c__Betaproteobacteria;o__Burkholderiales;f__Comamonadaceae;g__Delftia;s__;d__denovo548
xiang_denovo547	Bacteria	Firmicutes	Clostridia	Clostridiales	Lachnospiraceae			k__Bacteria;p__Firmicutes;c__Clostridia;o__Clostridiales;f__Lachnospiraceae;g__;s__;d__denovo547
xiang_denovo546	Bacteria	Proteobacteria	Gammaproteobacteria	Enterobacteriales	Enterobacteriaceae	Escherichia/Shigella		k__Bacteria;p__Proteobacteria;c__Gammaproteobacteria;o__Enterobacteriales;f__Enterobacteriaceae;g__Escherichia/Shigella;s__;d__denovo546
xiang_denovo545	Bacteria	Firmicutes	Bacilli	Lactobacillales	Carnobacteriaceae	Granulicatella		k__Bacteria;p__Firmicutes;c__Bacilli;o__Lactobacillales;f__Carnobacteriaceae;g__Granulicatella;s__;d__denovo545
xiang_denovo544	Bacteria	Bacteroidetes	Bacteroidia	Bacteroidales	Bacteroidaceae	Bacteroides		k__Bacteria;p__Bacteroidetes;c__Bacteroidia;o__Bacteroidales;f__Bacteroidaceae;g__Bacteroides;s__;d__denovo544
xiang_denovo543	Bacteria	Firmicutes	Clostridia	Clostridiales	Lachnospiraceae			k__Bacteria;p__Firmicutes;c__Clostridia;o__Clostridiales;f__Lachnospiraceae;g__;s__;d__denovo543
xiang_denovo542	Bacteria	Firmicutes	Clostridia	Clostridiales	Lachnospiraceae			k__Bacteria;p__Firmicutes;c__Clostridia;o__Clostridiales;f__Lachnospiraceae;g__;s__;d__denovo542
xiang_denovo541	Bacteria	Firmicutes	Clostridia	Clostridiales	Ruminococcaceae	Flavonifractor		k__Bacteria;p__Firmicutes;c__Clostridia;o__Clostridiales;f__Ruminococcaceae;g__Flavonifractor;s__;d__denovo541
xiang_denovo540	Bacteria	Firmicutes	Erysipelotrichia	Erysipelotrichales	Erysipelotrichaceae	Erysipelotrichaceae_incertae_sedis		k__Bacteria;p__Firmicutes;c__Erysipelotrichia;o__Erysipelotrichales;f__Erysipelotrichaceae;g__Erysipelotrichaceae_incertae_sedis;s__;d__denovo540
xiang_denovo149	Bacteria	Actinobacteria	Actinobacteria	Coriobacteriales	Coriobacteriaceae	Eggerthella		k__Bacteria;p__Actinobacteria;c__Actinobacteria;o__Coriobacteriales;f__Coriobacteriaceae;g__Eggerthella;s__;d__denovo149
xiang_denovo148	Bacteria	Firmicutes	Clostridia	Clostridiales	Lachnospiraceae	Clostridium_XlVa		k__Bacteria;p__Firmicutes;c__Clostridia;o__Clostridiales;f__Lachnospiraceae;g__Clostridium_XlVa;s__;d__denovo148
xiang_denovo143	Bacteria	Firmicutes	Clostridia	Clostridiales	Lachnospiraceae	Pseudobutyrivibrio		k__Bacteria;p__Firmicutes;c__Clostridia;o__Clostridiales;f__Lachnospiraceae;g__Pseudobutyrivibrio;s__;d__denovo143
xiang_denovo142	Bacteria	Firmicutes	Clostridia	Clostridiales	Lachnospiraceae	Clostridium_XlVb		k__Bacteria;p__Firmicutes;c__Clostridia;o__Clostridiales;f__Lachnospiraceae;g__Clostridium_XlVb;s__;d__denovo142
xiang_denovo141	Bacteria	Firmicutes	Clostridia	Clostridiales	Lachnospiraceae	Pseudobutyrivibrio		k__Bacteria;p__Firmicutes;c__Clostridia;o__Clostridiales;f__Lachnospiraceae;g__Pseudobutyrivibrio;s__;d__denovo141
xiang_denovo140	Bacteria	Firmicutes	Clostridia	Clostridiales	Ruminococcaceae	Clostridium_IV		k__Bacteria;p__Firmicutes;c__Clostridia;o__Clostridiales;f__Ruminococcaceae;g__Clostridium_IV;s__;d__denovo140
xiang_denovo147	Bacteria	Firmicutes	Clostridia	Clostridiales	Ruminococcaceae			k__Bacteria;p__Firmicutes;c__Clostridia;o__Clostridiales;f__Ruminococcaceae;g__;s__;d__denovo147
xiang_denovo146	Bacteria	Firmicutes	Negativicutes	Selenomonadales	Veillonellaceae	Dialister		k__Bacteria;p__Firmicutes;c__Negativicutes;o__Selenomonadales;f__Veillonellaceae;g__Dialister;s__;d__denovo146
xiang_denovo145	Bacteria	Firmicutes	Clostridia	Clostridiales	Lachnospiraceae	Ruminococcus2		k__Bacteria;p__Firmicutes;c__Clostridia;o__Clostridiales;f__Lachnospiraceae;g__Ruminococcus2;s__;d__denovo145
xiang_denovo144	Bacteria	Firmicutes	Bacilli	Lactobacillales	Lactobacillaceae	Lactobacillus		k__Bacteria;p__Firmicutes;c__Bacilli;o__Lactobacillales;f__Lactobacillaceae;g__Lactobacillus;s__;d__denovo144
xiang_denovo781	Bacteria	Firmicutes	Clostridia	Clostridiales	Lachnospiraceae			k__Bacteria;p__Firmicutes;c__Clostridia;o__Clostridiales;f__Lachnospiraceae;g__;s__;d__denovo781
xiang_denovo780	Bacteria	Firmicutes	Clostridia	Clostridiales	Lachnospiraceae			k__Bacteria;p__Firmicutes;c__Clostridia;o__Clostridiales;f__Lachnospiraceae;g__;s__;d__denovo780
xiang_denovo783	Bacteria	Firmicutes	Clostridia	Clostridiales	Lachnospiraceae			k__Bacteria;p__Firmicutes;c__Clostridia;o__Clostridiales;f__Lachnospiraceae;g__;s__;d__denovo783
xiang_denovo782	Bacteria	Firmicutes	Clostridia	Clostridiales	Lachnospiraceae			k__Bacteria;p__Firmicutes;c__Clostridia;o__Clostridiales;f__Lachnospiraceae;g__;s__;d__denovo782
xiang_denovo785	Bacteria	Firmicutes	Clostridia	Clostridiales	Ruminococcaceae	Faecalibacterium		k__Bacteria;p__Firmicutes;c__Clostridia;o__Clostridiales;f__Ruminococcaceae;g__Faecalibacterium;s__;d__denovo785
xiang_denovo784	Bacteria	Firmicutes	Clostridia	Clostridiales	Ruminococcaceae	Faecalibacterium		k__Bacteria;p__Firmicutes;c__Clostridia;o__Clostridiales;f__Ruminococcaceae;g__Faecalibacterium;s__;d__denovo784
xiang_denovo787	Bacteria	Firmicutes	Clostridia	Clostridiales	Lachnospiraceae			k__Bacteria;p__Firmicutes;c__Clostridia;o__Clostridiales;f__Lachnospiraceae;g__;s__;d__denovo787
xiang_denovo786	Bacteria	Firmicutes	Clostridia	Clostridiales	Ruminococcaceae	Oscillibacter		k__Bacteria;p__Firmicutes;c__Clostridia;o__Clostridiales;f__Ruminococcaceae;g__Oscillibacter;s__;d__denovo786
xiang_denovo789	Bacteria	Firmicutes	Clostridia	Clostridiales	Clostridiaceae_1	Clostridium_sensu_stricto		k__Bacteria;p__Firmicutes;c__Clostridia;o__Clostridiales;f__Clostridiaceae_1;g__Clostridium_sensu_stricto;s__;d__denovo789
xiang_denovo788	Bacteria	Firmicutes						k__Bacteria;p__Firmicutes;c__;o__;f__;g__;s__;d__denovo788
xiang_denovo969	Bacteria	Firmicutes	Clostridia	Clostridiales	Ruminococcaceae	Butyricicoccus		k__Bacteria;p__Firmicutes;c__Clostridia;o__Clostridiales;f__Ruminococcaceae;g__Butyricicoccus;s__;d__denovo969
xiang_denovo968	Bacteria	Firmicutes	Clostridia	Clostridiales	Lachnospiraceae	Dorea		k__Bacteria;p__Firmicutes;c__Clostridia;o__Clostridiales;f__Lachnospiraceae;g__Dorea;s__;d__denovo968
xiang_denovo965	Bacteria	Firmicutes	Clostridia	Clostridiales	Ruminococcaceae	Oscillibacter		k__Bacteria;p__Firmicutes;c__Clostridia;o__Clostridiales;f__Ruminococcaceae;g__Oscillibacter;s__;d__denovo965
xiang_denovo964	Bacteria	Bacteroidetes	Bacteroidia	Bacteroidales	Bacteroidaceae	Bacteroides		k__Bacteria;p__Bacteroidetes;c__Bacteroidia;o__Bacteroidales;f__Bacteroidaceae;g__Bacteroides;s__;d__denovo964
xiang_denovo967	Bacteria	Firmicutes	Clostridia	Clostridiales	Ruminococcaceae			k__Bacteria;p__Firmicutes;c__Clostridia;o__Clostridiales;f__Ruminococcaceae;g__;s__;d__denovo967
xiang_denovo966	Bacteria	Firmicutes	Clostridia	Clostridiales	Lachnospiraceae	Dorea		k__Bacteria;p__Firmicutes;c__Clostridia;o__Clostridiales;f__Lachnospiraceae;g__Dorea;s__;d__denovo966
xiang_denovo961	Bacteria	Firmicutes	Clostridia	Clostridiales	Lachnospiraceae	Ruminococcus2		k__Bacteria;p__Firmicutes;c__Clostridia;o__Clostridiales;f__Lachnospiraceae;g__Ruminococcus2;s__;d__denovo961
xiang_denovo960	Bacteria	Firmicutes	Clostridia	Clostridiales	Lachnospiraceae			k__Bacteria;p__Firmicutes;c__Clostridia;o__Clostridiales;f__Lachnospiraceae;g__;s__;d__denovo960
xiang_denovo963	Bacteria	Firmicutes	Clostridia	Clostridiales	Lachnospiraceae	Blautia		k__Bacteria;p__Firmicutes;c__Clostridia;o__Clostridiales;f__Lachnospiraceae;g__Blautia;s__;d__denovo963
xiang_denovo962	Bacteria	Firmicutes	Clostridia	Clostridiales	Lachnospiraceae	Pseudobutyrivibrio		k__Bacteria;p__Firmicutes;c__Clostridia;o__Clostridiales;f__Lachnospiraceae;g__Pseudobutyrivibrio;s__;d__denovo962
xiang_denovo760	Bacteria	Proteobacteria	Gammaproteobacteria	Enterobacteriales	Enterobacteriaceae	Escherichia/Shigella		k__Bacteria;p__Proteobacteria;c__Gammaproteobacteria;o__Enterobacteriales;f__Enterobacteriaceae;g__Escherichia/Shigella;s__;d__denovo760
xiang_denovo1363	Bacteria	Firmicutes	Clostridia	Clostridiales	Lachnospiraceae	Lachnospiracea_incertae_sedis		k__Bacteria;p__Firmicutes;c__Clostridia;o__Clostridiales;f__Lachnospiraceae;g__Lachnospiracea_incertae_sedis;s__;d__denovo1363
xiang_denovo319	Bacteria	Firmicutes	Clostridia	Clostridiales	Lachnospiraceae			k__Bacteria;p__Firmicutes;c__Clostridia;o__Clostridiales;f__Lachnospiraceae;g__;s__;d__denovo319
xiang_denovo832	Bacteria	Firmicutes	Clostridia	Clostridiales	Lachnospiraceae			k__Bacteria;p__Firmicutes;c__Clostridia;o__Clostridiales;f__Lachnospiraceae;g__;s__;d__denovo832
xiang_denovo1369	Bacteria	Actinobacteria	Actinobacteria	Actinomycetales	Actinomycetaceae	Actinomyces		k__Bacteria;p__Actinobacteria;c__Actinobacteria;o__Actinomycetales;f__Actinomycetaceae;g__Actinomyces;s__;d__denovo1369
xiang_denovo313	Bacteria	Firmicutes	Clostridia	Clostridiales	Ruminococcaceae	Butyricicoccus		k__Bacteria;p__Firmicutes;c__Clostridia;o__Clostridiales;f__Ruminococcaceae;g__Butyricicoccus;s__;d__denovo313
xiang_denovo834	Bacteria	Firmicutes	Clostridia	Clostridiales	Lachnospiraceae	Roseburia		k__Bacteria;p__Firmicutes;c__Clostridia;o__Clostridiales;f__Lachnospiraceae;g__Roseburia;s__;d__denovo834
xiang_denovo1129	Bacteria	Firmicutes	Clostridia	Clostridiales	Lachnospiraceae			k__Bacteria;p__Firmicutes;c__Clostridia;o__Clostridiales;f__Lachnospiraceae;g__;s__;d__denovo1129
xiang_denovo1128	Bacteria	Firmicutes	Clostridia	Clostridiales	Lachnospiraceae	Clostridium_XlVa		k__Bacteria;p__Firmicutes;c__Clostridia;o__Clostridiales;f__Lachnospiraceae;g__Clostridium_XlVa;s__;d__denovo1128
xiang_denovo1123	Bacteria	Firmicutes	Clostridia	Clostridiales	Lachnospiraceae	Roseburia		k__Bacteria;p__Firmicutes;c__Clostridia;o__Clostridiales;f__Lachnospiraceae;g__Roseburia;s__;d__denovo1123
xiang_denovo1122	Bacteria	Firmicutes	Erysipelotrichia	Erysipelotrichales	Erysipelotrichaceae	Clostridium_XVIII		k__Bacteria;p__Firmicutes;c__Erysipelotrichia;o__Erysipelotrichales;f__Erysipelotrichaceae;g__Clostridium_XVIII;s__;d__denovo1122
xiang_denovo1121	Bacteria	Firmicutes	Clostridia	Clostridiales	Ruminococcaceae	Ruminococcus		k__Bacteria;p__Firmicutes;c__Clostridia;o__Clostridiales;f__Ruminococcaceae;g__Ruminococcus;s__;d__denovo1121
xiang_denovo1120	Bacteria	Firmicutes	Clostridia	Clostridiales	Ruminococcaceae			k__Bacteria;p__Firmicutes;c__Clostridia;o__Clostridiales;f__Ruminococcaceae;g__;s__;d__denovo1120
xiang_denovo1127	Bacteria	Proteobacteria	Gammaproteobacteria	Enterobacteriales	Enterobacteriaceae	Escherichia/Shigella		k__Bacteria;p__Proteobacteria;c__Gammaproteobacteria;o__Enterobacteriales;f__Enterobacteriaceae;g__Escherichia/Shigella;s__;d__denovo1127
xiang_denovo1126	Bacteria	Firmicutes	Clostridia	Clostridiales	Ruminococcaceae	Faecalibacterium		k__Bacteria;p__Firmicutes;c__Clostridia;o__Clostridiales;f__Ruminococcaceae;g__Faecalibacterium;s__;d__denovo1126
xiang_denovo1125	Bacteria	Bacteroidetes	Bacteroidia	Bacteroidales	Bacteroidaceae	Bacteroides		k__Bacteria;p__Bacteroidetes;c__Bacteroidia;o__Bacteroidales;f__Bacteroidaceae;g__Bacteroides;s__;d__denovo1125
xiang_denovo1124	Bacteria	Firmicutes	Clostridia	Clostridiales	Lachnospiraceae			k__Bacteria;p__Firmicutes;c__Clostridia;o__Clostridiales;f__Lachnospiraceae;g__;s__;d__denovo1124
xiang_denovo34	Bacteria	Firmicutes	Clostridia	Clostridiales	Lachnospiraceae	Clostridium_XlVa		k__Bacteria;p__Firmicutes;c__Clostridia;o__Clostridiales;f__Lachnospiraceae;g__Clostridium_XlVa;s__;d__denovo34
xiang_denovo35	Bacteria	Firmicutes	Clostridia	Clostridiales	Lachnospiraceae			k__Bacteria;p__Firmicutes;c__Clostridia;o__Clostridiales;f__Lachnospiraceae;g__;s__;d__denovo35
xiang_denovo36	Bacteria	Firmicutes	Clostridia	Clostridiales	Lachnospiraceae	Lachnospiracea_incertae_sedis		k__Bacteria;p__Firmicutes;c__Clostridia;o__Clostridiales;f__Lachnospiraceae;g__Lachnospiracea_incertae_sedis;s__;d__denovo36
xiang_denovo37	Bacteria	Firmicutes	Bacilli	Lactobacillales	Streptococcaceae	Streptococcus		k__Bacteria;p__Firmicutes;c__Bacilli;o__Lactobacillales;f__Streptococcaceae;g__Streptococcus;s__;d__denovo37
xiang_denovo30	Bacteria	Firmicutes	Clostridia	Clostridiales	Peptostreptococcaceae	Clostridium_XI		k__Bacteria;p__Firmicutes;c__Clostridia;o__Clostridiales;f__Peptostreptococcaceae;g__Clostridium_XI;s__;d__denovo30
xiang_denovo31	Bacteria	Firmicutes	Bacilli	Lactobacillales	Streptococcaceae	Streptococcus		k__Bacteria;p__Firmicutes;c__Bacilli;o__Lactobacillales;f__Streptococcaceae;g__Streptococcus;s__;d__denovo31
xiang_denovo32	Bacteria	Firmicutes	Clostridia	Clostridiales	Lachnospiraceae			k__Bacteria;p__Firmicutes;c__Clostridia;o__Clostridiales;f__Lachnospiraceae;g__;s__;d__denovo32
xiang_denovo33	Bacteria	Firmicutes	Clostridia	Clostridiales	Lachnospiraceae	Lachnospira		k__Bacteria;p__Firmicutes;c__Clostridia;o__Clostridiales;f__Lachnospiraceae;g__Lachnospira;s__;d__denovo33
xiang_denovo38	Bacteria	Firmicutes	Bacilli	Bacillales	Bacillales_Incertae_Sedis_XI	Gemella		k__Bacteria;p__Firmicutes;c__Bacilli;o__Bacillales;f__Bacillales_Incertae_Sedis_XI;g__Gemella;s__;d__denovo38
xiang_denovo39	Bacteria	Firmicutes	Clostridia	Clostridiales	Lachnospiraceae	Clostridium_XlVa		k__Bacteria;p__Firmicutes;c__Clostridia;o__Clostridiales;f__Lachnospiraceae;g__Clostridium_XlVa;s__;d__denovo39
xiang_denovo1549	Bacteria	Firmicutes	Clostridia	Clostridiales	Lachnospiraceae	Blautia		k__Bacteria;p__Firmicutes;c__Clostridia;o__Clostridiales;f__Lachnospiraceae;g__Blautia;s__;d__denovo1549
xiang_denovo1548	Bacteria	Firmicutes	Clostridia	Clostridiales	Ruminococcaceae	Faecalibacterium		k__Bacteria;p__Firmicutes;c__Clostridia;o__Clostridiales;f__Ruminococcaceae;g__Faecalibacterium;s__;d__denovo1548
xiang_denovo1019	Bacteria	Firmicutes	Clostridia	Clostridiales	Lachnospiraceae	Roseburia		k__Bacteria;p__Firmicutes;c__Clostridia;o__Clostridiales;f__Lachnospiraceae;g__Roseburia;s__;d__denovo1019
xiang_denovo1018	Bacteria	Firmicutes	Clostridia	Clostridiales	Peptostreptococcaceae			k__Bacteria;p__Firmicutes;c__Clostridia;o__Clostridiales;f__Peptostreptococcaceae;g__;s__;d__denovo1018
xiang_denovo1017	Bacteria	Firmicutes	Clostridia	Clostridiales	Lachnospiraceae			k__Bacteria;p__Firmicutes;c__Clostridia;o__Clostridiales;f__Lachnospiraceae;g__;s__;d__denovo1017
xiang_denovo1016	Bacteria	Firmicutes	Clostridia	Clostridiales	Peptostreptococcaceae	Clostridium_XI		k__Bacteria;p__Firmicutes;c__Clostridia;o__Clostridiales;f__Peptostreptococcaceae;g__Clostridium_XI;s__;d__denovo1016
xiang_denovo1543	Bacteria	Firmicutes	Clostridia	Clostridiales	Lachnospiraceae			k__Bacteria;p__Firmicutes;c__Clostridia;o__Clostridiales;f__Lachnospiraceae;g__;s__;d__denovo1543
xiang_denovo1014	Bacteria	Firmicutes	Clostridia	Clostridiales	Lachnospiraceae	Pseudobutyrivibrio		k__Bacteria;p__Firmicutes;c__Clostridia;o__Clostridiales;f__Lachnospiraceae;g__Pseudobutyrivibrio;s__;d__denovo1014
xiang_denovo1013	Bacteria	Firmicutes	Clostridia	Clostridiales	Lachnospiraceae	Ruminococcus2		k__Bacteria;p__Firmicutes;c__Clostridia;o__Clostridiales;f__Lachnospiraceae;g__Ruminococcus2;s__;d__denovo1013
xiang_denovo1012	Bacteria	Proteobacteria	Gammaproteobacteria	Enterobacteriales	Enterobacteriaceae	Escherichia/Shigella		k__Bacteria;p__Proteobacteria;c__Gammaproteobacteria;o__Enterobacteriales;f__Enterobacteriaceae;g__Escherichia/Shigella;s__;d__denovo1012
xiang_denovo1011	Bacteria	Firmicutes	Clostridia	Clostridiales	Ruminococcaceae	Flavonifractor		k__Bacteria;p__Firmicutes;c__Clostridia;o__Clostridiales;f__Ruminococcaceae;g__Flavonifractor;s__;d__denovo1011
xiang_denovo1010	Bacteria	Firmicutes	Clostridia	Clostridiales	Lachnospiraceae			k__Bacteria;p__Firmicutes;c__Clostridia;o__Clostridiales;f__Lachnospiraceae;g__;s__;d__denovo1010
xiang_denovo204	Bacteria	Firmicutes	Negativicutes	Selenomonadales	Veillonellaceae	Megamonas		k__Bacteria;p__Firmicutes;c__Negativicutes;o__Selenomonadales;f__Veillonellaceae;g__Megamonas;s__;d__denovo204
xiang_denovo205	Bacteria	Firmicutes	Clostridia	Clostridiales	Lachnospiraceae	Coprococcus		k__Bacteria;p__Firmicutes;c__Clostridia;o__Clostridiales;f__Lachnospiraceae;g__Coprococcus;s__;d__denovo205
xiang_denovo206	Bacteria							k__Bacteria;p__;c__;o__;f__;g__;s__;d__denovo206
xiang_denovo207	Bacteria	Bacteroidetes	Bacteroidia	Bacteroidales	Prevotellaceae	Prevotella		k__Bacteria;p__Bacteroidetes;c__Bacteroidia;o__Bacteroidales;f__Prevotellaceae;g__Prevotella;s__;d__denovo207
xiang_denovo200	Bacteria	Firmicutes	Clostridia	Clostridiales	Ruminococcaceae	Oscillibacter		k__Bacteria;p__Firmicutes;c__Clostridia;o__Clostridiales;f__Ruminococcaceae;g__Oscillibacter;s__;d__denovo200
xiang_denovo201	Bacteria	Firmicutes	Bacilli	Lactobacillales	Enterococcaceae	Enterococcus		k__Bacteria;p__Firmicutes;c__Bacilli;o__Lactobacillales;f__Enterococcaceae;g__Enterococcus;s__;d__denovo201
xiang_denovo202	Bacteria	Firmicutes	Erysipelotrichia	Erysipelotrichales	Erysipelotrichaceae	Erysipelotrichaceae_incertae_sedis		k__Bacteria;p__Firmicutes;c__Erysipelotrichia;o__Erysipelotrichales;f__Erysipelotrichaceae;g__Erysipelotrichaceae_incertae_sedis;s__;d__denovo202
xiang_denovo203	Bacteria	Firmicutes	Clostridia	Clostridiales	Lachnospiraceae	Clostridium_XlVa		k__Bacteria;p__Firmicutes;c__Clostridia;o__Clostridiales;f__Lachnospiraceae;g__Clostridium_XlVa;s__;d__denovo203
xiang_denovo208	Bacteria	Bacteroidetes	Bacteroidia	Bacteroidales	Bacteroidaceae	Bacteroides		k__Bacteria;p__Bacteroidetes;c__Bacteroidia;o__Bacteroidales;f__Bacteroidaceae;g__Bacteroides;s__;d__denovo208
xiang_denovo209	Bacteria	Bacteroidetes	Bacteroidia	Bacteroidales	Bacteroidaceae	Bacteroides		k__Bacteria;p__Bacteroidetes;c__Bacteroidia;o__Bacteroidales;f__Bacteroidaceae;g__Bacteroides;s__;d__denovo209
xiang_denovo1499	Bacteria	Firmicutes	Clostridia	Clostridiales	Ruminococcaceae	Ruminococcus		k__Bacteria;p__Firmicutes;c__Clostridia;o__Clostridiales;f__Ruminococcaceae;g__Ruminococcus;s__;d__denovo1499
xiang_denovo1498	Bacteria	Firmicutes	Clostridia	Clostridiales	Lachnospiraceae	Lachnospiracea_incertae_sedis		k__Bacteria;p__Firmicutes;c__Clostridia;o__Clostridiales;f__Lachnospiraceae;g__Lachnospiracea_incertae_sedis;s__;d__denovo1498
xiang_denovo1493	Bacteria	Firmicutes	Clostridia	Clostridiales	Ruminococcaceae	Clostridium_IV		k__Bacteria;p__Firmicutes;c__Clostridia;o__Clostridiales;f__Ruminococcaceae;g__Clostridium_IV;s__;d__denovo1493
xiang_denovo1492	Bacteria	Proteobacteria	Gammaproteobacteria	Enterobacteriales	Enterobacteriaceae	Klebsiella		k__Bacteria;p__Proteobacteria;c__Gammaproteobacteria;o__Enterobacteriales;f__Enterobacteriaceae;g__Klebsiella;s__;d__denovo1492
xiang_denovo1491	Bacteria	Proteobacteria	Deltaproteobacteria	Desulfovibrionales				k__Bacteria;p__Proteobacteria;c__Deltaproteobacteria;o__Desulfovibrionales;f__;g__;s__;d__denovo1491
xiang_denovo1490	Bacteria	Firmicutes	Clostridia	Clostridiales	Lachnospiraceae	Blautia		k__Bacteria;p__Firmicutes;c__Clostridia;o__Clostridiales;f__Lachnospiraceae;g__Blautia;s__;d__denovo1490
xiang_denovo1497	Bacteria	Firmicutes	Clostridia	Clostridiales	Lachnospiraceae	Roseburia		k__Bacteria;p__Firmicutes;c__Clostridia;o__Clostridiales;f__Lachnospiraceae;g__Roseburia;s__;d__denovo1497
xiang_denovo1496	Bacteria	Firmicutes	Clostridia	Clostridiales	Ruminococcaceae	Ruminococcus		k__Bacteria;p__Firmicutes;c__Clostridia;o__Clostridiales;f__Ruminococcaceae;g__Ruminococcus;s__;d__denovo1496
xiang_denovo1495	Bacteria	Firmicutes	Clostridia	Clostridiales	Lachnospiraceae	Clostridium_XlVa		k__Bacteria;p__Firmicutes;c__Clostridia;o__Clostridiales;f__Lachnospiraceae;g__Clostridium_XlVa;s__;d__denovo1495
xiang_denovo1494	Bacteria	Firmicutes	Clostridia	Clostridiales	Lachnospiraceae	Ruminococcus2		k__Bacteria;p__Firmicutes;c__Clostridia;o__Clostridiales;f__Lachnospiraceae;g__Ruminococcus2;s__;d__denovo1494
xiang_denovo378	Bacteria	Firmicutes	Clostridia	Clostridiales	Lachnospiraceae			k__Bacteria;p__Firmicutes;c__Clostridia;o__Clostridiales;f__Lachnospiraceae;g__;s__;d__denovo378
xiang_denovo1302	Bacteria	Firmicutes	Clostridia	Clostridiales	Lachnospiraceae	Ruminococcus2		k__Bacteria;p__Firmicutes;c__Clostridia;o__Clostridiales;f__Lachnospiraceae;g__Ruminococcus2;s__;d__denovo1302
xiang_denovo1301	Bacteria	Firmicutes	Clostridia	Clostridiales	Ruminococcaceae	Ruminococcus		k__Bacteria;p__Firmicutes;c__Clostridia;o__Clostridiales;f__Ruminococcaceae;g__Ruminococcus;s__;d__denovo1301
xiang_denovo1300	Bacteria	Firmicutes	Clostridia	Clostridiales	Lachnospiraceae			k__Bacteria;p__Firmicutes;c__Clostridia;o__Clostridiales;f__Lachnospiraceae;g__;s__;d__denovo1300
xiang_denovo1307	Bacteria	Firmicutes	Clostridia	Clostridiales	Lachnospiraceae	Roseburia		k__Bacteria;p__Firmicutes;c__Clostridia;o__Clostridiales;f__Lachnospiraceae;g__Roseburia;s__;d__denovo1307
xiang_denovo1306	Bacteria	Firmicutes	Clostridia	Clostridiales	Ruminococcaceae	Ruminococcus		k__Bacteria;p__Firmicutes;c__Clostridia;o__Clostridiales;f__Ruminococcaceae;g__Ruminococcus;s__;d__denovo1306
xiang_denovo1305	Bacteria	Actinobacteria	Actinobacteria	Coriobacteriales	Coriobacteriaceae	Eggerthella		k__Bacteria;p__Actinobacteria;c__Actinobacteria;o__Coriobacteriales;f__Coriobacteriaceae;g__Eggerthella;s__;d__denovo1305
xiang_denovo1304	Bacteria	Firmicutes	Clostridia	Clostridiales	Lachnospiraceae			k__Bacteria;p__Firmicutes;c__Clostridia;o__Clostridiales;f__Lachnospiraceae;g__;s__;d__denovo1304
xiang_denovo370	Bacteria	Firmicutes	Clostridia	Clostridiales	Lachnospiraceae	Clostridium_XlVa		k__Bacteria;p__Firmicutes;c__Clostridia;o__Clostridiales;f__Lachnospiraceae;g__Clostridium_XlVa;s__;d__denovo370
xiang_denovo371	Bacteria	Firmicutes	Clostridia	Clostridiales	Lachnospiraceae	Coprococcus		k__Bacteria;p__Firmicutes;c__Clostridia;o__Clostridiales;f__Lachnospiraceae;g__Coprococcus;s__;d__denovo371
xiang_denovo1309	Bacteria	Firmicutes	Erysipelotrichia	Erysipelotrichales	Erysipelotrichaceae	Erysipelotrichaceae_incertae_sedis		k__Bacteria;p__Firmicutes;c__Erysipelotrichia;o__Erysipelotrichales;f__Erysipelotrichaceae;g__Erysipelotrichaceae_incertae_sedis;s__;d__denovo1309
xiang_denovo1308	Bacteria	Firmicutes	Clostridia	Clostridiales	Ruminococcaceae	Ruminococcus		k__Bacteria;p__Firmicutes;c__Clostridia;o__Clostridiales;f__Ruminococcaceae;g__Ruminococcus;s__;d__denovo1308
xiang_denovo374	Bacteria	Firmicutes	Clostridia	Clostridiales	Lachnospiraceae			k__Bacteria;p__Firmicutes;c__Clostridia;o__Clostridiales;f__Lachnospiraceae;g__;s__;d__denovo374
xiang_denovo375	Bacteria	Fusobacteria	Fusobacteriia	Fusobacteriales	Fusobacteriaceae	Fusobacterium		k__Bacteria;p__Fusobacteria;c__Fusobacteriia;o__Fusobacteriales;f__Fusobacteriaceae;g__Fusobacterium;s__;d__denovo375
xiang_denovo376	Bacteria	Firmicutes	Clostridia	Clostridiales	Lachnospiraceae	Roseburia		k__Bacteria;p__Firmicutes;c__Clostridia;o__Clostridiales;f__Lachnospiraceae;g__Roseburia;s__;d__denovo376
xiang_denovo377	Bacteria	Firmicutes	Clostridia	Clostridiales	Lachnospiraceae			k__Bacteria;p__Firmicutes;c__Clostridia;o__Clostridiales;f__Lachnospiraceae;g__;s__;d__denovo377
xiang_denovo1133	Bacteria	Firmicutes	Clostridia	Clostridiales	Ruminococcaceae	Faecalibacterium		k__Bacteria;p__Firmicutes;c__Clostridia;o__Clostridiales;f__Ruminococcaceae;g__Faecalibacterium;s__;d__denovo1133
xiang_denovo550	Bacteria	Firmicutes	Clostridia	Clostridiales	Lachnospiraceae	Lachnospiracea_incertae_sedis		k__Bacteria;p__Firmicutes;c__Clostridia;o__Clostridiales;f__Lachnospiraceae;g__Lachnospiracea_incertae_sedis;s__;d__denovo550
xiang_denovo551	Bacteria	Firmicutes	Clostridia	Clostridiales	Lachnospiraceae	Roseburia		k__Bacteria;p__Firmicutes;c__Clostridia;o__Clostridiales;f__Lachnospiraceae;g__Roseburia;s__;d__denovo551
xiang_denovo552	Bacteria	Firmicutes	Clostridia	Clostridiales	Lachnospiraceae	Clostridium_XlVb		k__Bacteria;p__Firmicutes;c__Clostridia;o__Clostridiales;f__Lachnospiraceae;g__Clostridium_XlVb;s__;d__denovo552
xiang_denovo553	Bacteria	Bacteroidetes	Bacteroidia	Bacteroidales	Rikenellaceae	Alistipes		k__Bacteria;p__Bacteroidetes;c__Bacteroidia;o__Bacteroidales;f__Rikenellaceae;g__Alistipes;s__;d__denovo553
xiang_denovo554	Bacteria	Firmicutes	Clostridia	Clostridiales	Lachnospiraceae	Roseburia		k__Bacteria;p__Firmicutes;c__Clostridia;o__Clostridiales;f__Lachnospiraceae;g__Roseburia;s__;d__denovo554
xiang_denovo555	Bacteria	Firmicutes	Clostridia	Clostridiales	Lachnospiraceae	Blautia		k__Bacteria;p__Firmicutes;c__Clostridia;o__Clostridiales;f__Lachnospiraceae;g__Blautia;s__;d__denovo555
xiang_denovo556	Bacteria	Firmicutes	Clostridia	Clostridiales	Lachnospiraceae	Clostridium_XlVa		k__Bacteria;p__Firmicutes;c__Clostridia;o__Clostridiales;f__Lachnospiraceae;g__Clostridium_XlVa;s__;d__denovo556
xiang_denovo557	Bacteria	Firmicutes	Clostridia	Clostridiales	Lachnospiraceae	Roseburia		k__Bacteria;p__Firmicutes;c__Clostridia;o__Clostridiales;f__Lachnospiraceae;g__Roseburia;s__;d__denovo557
xiang_denovo558	Bacteria	Firmicutes	Clostridia	Clostridiales	Lachnospiraceae			k__Bacteria;p__Firmicutes;c__Clostridia;o__Clostridiales;f__Lachnospiraceae;g__;s__;d__denovo558
xiang_denovo559	Bacteria	Firmicutes	Clostridia	Clostridiales	Lachnospiraceae	Blautia		k__Bacteria;p__Firmicutes;c__Clostridia;o__Clostridiales;f__Lachnospiraceae;g__Blautia;s__;d__denovo559
xiang_denovo158	Bacteria	Firmicutes	Clostridia	Clostridiales	Lachnospiraceae	Roseburia		k__Bacteria;p__Firmicutes;c__Clostridia;o__Clostridiales;f__Lachnospiraceae;g__Roseburia;s__;d__denovo158
xiang_denovo159	Bacteria	Firmicutes	Clostridia	Clostridiales	Lachnospiraceae			k__Bacteria;p__Firmicutes;c__Clostridia;o__Clostridiales;f__Lachnospiraceae;g__;s__;d__denovo159
xiang_denovo154	Bacteria	Bacteroidetes	Bacteroidia	Bacteroidales	Porphyromonadaceae	Parabacteroides		k__Bacteria;p__Bacteroidetes;c__Bacteroidia;o__Bacteroidales;f__Porphyromonadaceae;g__Parabacteroides;s__;d__denovo154
xiang_denovo155	Bacteria	Firmicutes	Clostridia	Clostridiales	Ruminococcaceae			k__Bacteria;p__Firmicutes;c__Clostridia;o__Clostridiales;f__Ruminococcaceae;g__;s__;d__denovo155
xiang_denovo156	Bacteria	Firmicutes	Clostridia	Clostridiales	Ruminococcaceae	Flavonifractor		k__Bacteria;p__Firmicutes;c__Clostridia;o__Clostridiales;f__Ruminococcaceae;g__Flavonifractor;s__;d__denovo156
xiang_denovo157	Bacteria	Bacteroidetes	Bacteroidia	Bacteroidales	Bacteroidaceae	Bacteroides		k__Bacteria;p__Bacteroidetes;c__Bacteroidia;o__Bacteroidales;f__Bacteroidaceae;g__Bacteroides;s__;d__denovo157
xiang_denovo150	Bacteria	Firmicutes	Bacilli	Lactobacillales	Carnobacteriaceae	Granulicatella		k__Bacteria;p__Firmicutes;c__Bacilli;o__Lactobacillales;f__Carnobacteriaceae;g__Granulicatella;s__;d__denovo150
xiang_denovo151	Bacteria	Firmicutes	Clostridia	Clostridiales	Lachnospiraceae			k__Bacteria;p__Firmicutes;c__Clostridia;o__Clostridiales;f__Lachnospiraceae;g__;s__;d__denovo151
xiang_denovo152	Bacteria	Firmicutes	Clostridia	Clostridiales	Ruminococcaceae			k__Bacteria;p__Firmicutes;c__Clostridia;o__Clostridiales;f__Ruminococcaceae;g__;s__;d__denovo152
xiang_denovo153	Bacteria	Firmicutes	Clostridia	Clostridiales	Lachnospiraceae	Clostridium_XlVa		k__Bacteria;p__Firmicutes;c__Clostridia;o__Clostridiales;f__Lachnospiraceae;g__Clostridium_XlVa;s__;d__denovo153
xiang_denovo478	Bacteria	Firmicutes	Clostridia	Clostridiales	Lachnospiraceae			k__Bacteria;p__Firmicutes;c__Clostridia;o__Clostridiales;f__Lachnospiraceae;g__;s__;d__denovo478
xiang_denovo792	Bacteria	Bacteroidetes	Bacteroidia	Bacteroidales	Porphyromonadaceae	Parabacteroides		k__Bacteria;p__Bacteroidetes;c__Bacteroidia;o__Bacteroidales;f__Porphyromonadaceae;g__Parabacteroides;s__;d__denovo792
xiang_denovo793	Bacteria	Firmicutes	Clostridia	Clostridiales	Lachnospiraceae			k__Bacteria;p__Firmicutes;c__Clostridia;o__Clostridiales;f__Lachnospiraceae;g__;s__;d__denovo793
xiang_denovo790	Bacteria	Firmicutes	Clostridia	Clostridiales	Lachnospiraceae			k__Bacteria;p__Firmicutes;c__Clostridia;o__Clostridiales;f__Lachnospiraceae;g__;s__;d__denovo790
xiang_denovo791	Bacteria	Proteobacteria	Gammaproteobacteria	Pasteurellales	Pasteurellaceae	Haemophilus		k__Bacteria;p__Proteobacteria;c__Gammaproteobacteria;o__Pasteurellales;f__Pasteurellaceae;g__Haemophilus;s__;d__denovo791
xiang_denovo796	Bacteria	Firmicutes	Negativicutes	Selenomonadales	Veillonellaceae	Allisonella		k__Bacteria;p__Firmicutes;c__Negativicutes;o__Selenomonadales;f__Veillonellaceae;g__Allisonella;s__;d__denovo796
xiang_denovo797	Bacteria	Bacteroidetes						k__Bacteria;p__Bacteroidetes;c__;o__;f__;g__;s__;d__denovo797
xiang_denovo794	Bacteria	Bacteroidetes	Bacteroidia	Bacteroidales	Porphyromonadaceae			k__Bacteria;p__Bacteroidetes;c__Bacteroidia;o__Bacteroidales;f__Porphyromonadaceae;g__;s__;d__denovo794
xiang_denovo795	Bacteria	Firmicutes	Clostridia	Clostridiales	Lachnospiraceae	Clostridium_XlVa		k__Bacteria;p__Firmicutes;c__Clostridia;o__Clostridiales;f__Lachnospiraceae;g__Clostridium_XlVa;s__;d__denovo795
xiang_denovo798	Bacteria	Firmicutes	Clostridia	Clostridiales	Lachnospiraceae	Lachnospiracea_incertae_sedis		k__Bacteria;p__Firmicutes;c__Clostridia;o__Clostridiales;f__Lachnospiraceae;g__Lachnospiracea_incertae_sedis;s__;d__denovo798
xiang_denovo799	Bacteria	Firmicutes	Clostridia	Clostridiales				k__Bacteria;p__Firmicutes;c__Clostridia;o__Clostridiales;f__;g__;s__;d__denovo799
xiang_denovo978	Bacteria	Firmicutes	Clostridia	Clostridiales	Lachnospiraceae			k__Bacteria;p__Firmicutes;c__Clostridia;o__Clostridiales;f__Lachnospiraceae;g__;s__;d__denovo978
xiang_denovo979	Bacteria	Firmicutes	Clostridia	Clostridiales	Lachnospiraceae	Dorea		k__Bacteria;p__Firmicutes;c__Clostridia;o__Clostridiales;f__Lachnospiraceae;g__Dorea;s__;d__denovo979
xiang_denovo976	Bacteria	Firmicutes	Clostridia	Clostridiales	Lachnospiraceae	Ruminococcus2		k__Bacteria;p__Firmicutes;c__Clostridia;o__Clostridiales;f__Lachnospiraceae;g__Ruminococcus2;s__;d__denovo976
xiang_denovo977	Bacteria	Firmicutes	Clostridia	Clostridiales	Lachnospiraceae	Lachnospiracea_incertae_sedis		k__Bacteria;p__Firmicutes;c__Clostridia;o__Clostridiales;f__Lachnospiraceae;g__Lachnospiracea_incertae_sedis;s__;d__denovo977
xiang_denovo974	Bacteria	Firmicutes	Clostridia	Clostridiales	Lachnospiraceae	Blautia		k__Bacteria;p__Firmicutes;c__Clostridia;o__Clostridiales;f__Lachnospiraceae;g__Blautia;s__;d__denovo974
xiang_denovo975	Bacteria	Actinobacteria	Actinobacteria	Actinomycetales	Actinomycetaceae	Actinomyces		k__Bacteria;p__Actinobacteria;c__Actinobacteria;o__Actinomycetales;f__Actinomycetaceae;g__Actinomyces;s__;d__denovo975
xiang_denovo972	Bacteria	Bacteroidetes	Bacteroidia	Bacteroidales	Bacteroidaceae	Bacteroides		k__Bacteria;p__Bacteroidetes;c__Bacteroidia;o__Bacteroidales;f__Bacteroidaceae;g__Bacteroides;s__;d__denovo972
xiang_denovo973	Bacteria	Bacteroidetes	Bacteroidia	Bacteroidales	Bacteroidaceae	Bacteroides		k__Bacteria;p__Bacteroidetes;c__Bacteroidia;o__Bacteroidales;f__Bacteroidaceae;g__Bacteroides;s__;d__denovo973
xiang_denovo970	Bacteria	Firmicutes	Clostridia	Clostridiales	Lachnospiraceae	Clostridium_XlVa		k__Bacteria;p__Firmicutes;c__Clostridia;o__Clostridiales;f__Lachnospiraceae;g__Clostridium_XlVa;s__;d__denovo970
xiang_denovo971	Bacteria	Firmicutes	Clostridia	Clostridiales	Lachnospiraceae			k__Bacteria;p__Firmicutes;c__Clostridia;o__Clostridiales;f__Lachnospiraceae;g__;s__;d__denovo971
xiang_denovo329	Bacteria	Firmicutes	Clostridia	Clostridiales	Lachnospiraceae			k__Bacteria;p__Firmicutes;c__Clostridia;o__Clostridiales;f__Lachnospiraceae;g__;s__;d__denovo329
xiang_denovo1158	Bacteria	Firmicutes	Clostridia	Clostridiales	Lachnospiraceae			k__Bacteria;p__Firmicutes;c__Clostridia;o__Clostridiales;f__Lachnospiraceae;g__;s__;d__denovo1158
xiang_denovo1159	Bacteria	Firmicutes	Bacilli	Lactobacillales	Lactobacillaceae	Lactobacillus		k__Bacteria;p__Firmicutes;c__Bacilli;o__Lactobacillales;f__Lactobacillaceae;g__Lactobacillus;s__;d__denovo1159
xiang_denovo1156	Bacteria	Firmicutes	Clostridia	Clostridiales	Lachnospiraceae			k__Bacteria;p__Firmicutes;c__Clostridia;o__Clostridiales;f__Lachnospiraceae;g__;s__;d__denovo1156
xiang_denovo1157	Bacteria	Firmicutes	Clostridia	Clostridiales	Lachnospiraceae			k__Bacteria;p__Firmicutes;c__Clostridia;o__Clostridiales;f__Lachnospiraceae;g__;s__;d__denovo1157
xiang_denovo1154	Bacteria	Firmicutes	Clostridia	Clostridiales	Lachnospiraceae	Dorea		k__Bacteria;p__Firmicutes;c__Clostridia;o__Clostridiales;f__Lachnospiraceae;g__Dorea;s__;d__denovo1154
xiang_denovo1155	Bacteria	Firmicutes	Clostridia	Clostridiales	Lachnospiraceae	Ruminococcus2		k__Bacteria;p__Firmicutes;c__Clostridia;o__Clostridiales;f__Lachnospiraceae;g__Ruminococcus2;s__;d__denovo1155
xiang_denovo1152	Bacteria	Bacteroidetes	Bacteroidia	Bacteroidales	Bacteroidaceae	Bacteroides		k__Bacteria;p__Bacteroidetes;c__Bacteroidia;o__Bacteroidales;f__Bacteroidaceae;g__Bacteroides;s__;d__denovo1152
xiang_denovo1153	Bacteria	Firmicutes	Clostridia	Clostridiales	Lachnospiraceae	Blautia		k__Bacteria;p__Firmicutes;c__Clostridia;o__Clostridiales;f__Lachnospiraceae;g__Blautia;s__;d__denovo1153
xiang_denovo1150	Bacteria	Firmicutes	Clostridia	Clostridiales	Lachnospiraceae			k__Bacteria;p__Firmicutes;c__Clostridia;o__Clostridiales;f__Lachnospiraceae;g__;s__;d__denovo1150
xiang_denovo1151	Bacteria	Firmicutes	Bacilli	Lactobacillales	Enterococcaceae	Enterococcus		k__Bacteria;p__Firmicutes;c__Bacilli;o__Lactobacillales;f__Enterococcaceae;g__Enterococcus;s__;d__denovo1151
xiang_denovo27	Bacteria	Firmicutes	Clostridia	Clostridiales	Lachnospiraceae	Lachnospiracea_incertae_sedis		k__Bacteria;p__Firmicutes;c__Clostridia;o__Clostridiales;f__Lachnospiraceae;g__Lachnospiracea_incertae_sedis;s__;d__denovo27
xiang_denovo26	Bacteria	Firmicutes	Bacilli	Lactobacillales	Lactobacillaceae	Lactobacillus		k__Bacteria;p__Firmicutes;c__Bacilli;o__Lactobacillales;f__Lactobacillaceae;g__Lactobacillus;s__;d__denovo26
xiang_denovo25	Bacteria	Firmicutes	Clostridia	Clostridiales	Ruminococcaceae	Ruminococcus		k__Bacteria;p__Firmicutes;c__Clostridia;o__Clostridiales;f__Ruminococcaceae;g__Ruminococcus;s__;d__denovo25
xiang_denovo24	Bacteria	Firmicutes	Bacilli	Lactobacillales	Enterococcaceae	Enterococcus		k__Bacteria;p__Firmicutes;c__Bacilli;o__Lactobacillales;f__Enterococcaceae;g__Enterococcus;s__;d__denovo24
xiang_denovo23	Bacteria	Firmicutes	Clostridia	Clostridiales	Lachnospiraceae	Roseburia		k__Bacteria;p__Firmicutes;c__Clostridia;o__Clostridiales;f__Lachnospiraceae;g__Roseburia;s__;d__denovo23
xiang_denovo22	Bacteria	Firmicutes	Erysipelotrichia	Erysipelotrichales	Erysipelotrichaceae	Clostridium_XVIII		k__Bacteria;p__Firmicutes;c__Erysipelotrichia;o__Erysipelotrichales;f__Erysipelotrichaceae;g__Clostridium_XVIII;s__;d__denovo22
xiang_denovo21	Bacteria	Firmicutes	Clostridia	Clostridiales	Ruminococcaceae	Ruminococcus		k__Bacteria;p__Firmicutes;c__Clostridia;o__Clostridiales;f__Ruminococcaceae;g__Ruminococcus;s__;d__denovo21
xiang_denovo20	Bacteria	Firmicutes	Clostridia	Clostridiales	Ruminococcaceae	Gemmiger		k__Bacteria;p__Firmicutes;c__Clostridia;o__Clostridiales;f__Ruminococcaceae;g__Gemmiger;s__;d__denovo20
xiang_denovo29	Bacteria	Firmicutes	Clostridia	Clostridiales	Lachnospiraceae	Clostridium_XlVa		k__Bacteria;p__Firmicutes;c__Clostridia;o__Clostridiales;f__Lachnospiraceae;g__Clostridium_XlVa;s__;d__denovo29
xiang_denovo28	Bacteria	Firmicutes	Clostridia	Clostridiales	Peptostreptococcaceae	Peptostreptococcus		k__Bacteria;p__Firmicutes;c__Clostridia;o__Clostridiales;f__Peptostreptococcaceae;g__Peptostreptococcus;s__;d__denovo28
xiang_denovo1578	Bacteria	Firmicutes	Clostridia	Clostridiales	Lachnospiraceae	Clostridium_XlVa		k__Bacteria;p__Firmicutes;c__Clostridia;o__Clostridiales;f__Lachnospiraceae;g__Clostridium_XlVa;s__;d__denovo1578
xiang_denovo1579	Bacteria	Firmicutes	Clostridia	Clostridiales	Lachnospiraceae			k__Bacteria;p__Firmicutes;c__Clostridia;o__Clostridiales;f__Lachnospiraceae;g__;s__;d__denovo1579
xiang_denovo1574	Bacteria	Proteobacteria	Alphaproteobacteria	Rhodospirillales	Acetobacteraceae	Roseomonas		k__Bacteria;p__Proteobacteria;c__Alphaproteobacteria;o__Rhodospirillales;f__Acetobacteraceae;g__Roseomonas;s__;d__denovo1574
xiang_denovo1575	Bacteria	Firmicutes	Clostridia	Clostridiales	Lachnospiraceae			k__Bacteria;p__Firmicutes;c__Clostridia;o__Clostridiales;f__Lachnospiraceae;g__;s__;d__denovo1575
xiang_denovo1576	Bacteria	Proteobacteria	Gammaproteobacteria	Enterobacteriales	Enterobacteriaceae	Klebsiella		k__Bacteria;p__Proteobacteria;c__Gammaproteobacteria;o__Enterobacteriales;f__Enterobacteriaceae;g__Klebsiella;s__;d__denovo1576
xiang_denovo1577	Bacteria	Firmicutes	Clostridia	Clostridiales	Lachnospiraceae			k__Bacteria;p__Firmicutes;c__Clostridia;o__Clostridiales;f__Lachnospiraceae;g__;s__;d__denovo1577
xiang_denovo1570	Bacteria	Firmicutes	Clostridia	Clostridiales	Lachnospiraceae	Ruminococcus2		k__Bacteria;p__Firmicutes;c__Clostridia;o__Clostridiales;f__Lachnospiraceae;g__Ruminococcus2;s__;d__denovo1570
xiang_denovo1571	Bacteria	Firmicutes	Clostridia	Clostridiales	Clostridiales_Incertae_Sedis_XI	Anaerococcus		k__Bacteria;p__Firmicutes;c__Clostridia;o__Clostridiales;f__Clostridiales_Incertae_Sedis_XI;g__Anaerococcus;s__;d__denovo1571
xiang_denovo1572	Bacteria	Firmicutes	Clostridia	Clostridiales	Lachnospiraceae			k__Bacteria;p__Firmicutes;c__Clostridia;o__Clostridiales;f__Lachnospiraceae;g__;s__;d__denovo1572
xiang_denovo1573	Bacteria	Firmicutes	Clostridia	Clostridiales	Lachnospiraceae			k__Bacteria;p__Firmicutes;c__Clostridia;o__Clostridiales;f__Lachnospiraceae;g__;s__;d__denovo1573
xiang_denovo1466	Bacteria	Firmicutes	Clostridia	Clostridiales	Lachnospiraceae			k__Bacteria;p__Firmicutes;c__Clostridia;o__Clostridiales;f__Lachnospiraceae;g__;s__;d__denovo1466
xiang_denovo1467	Bacteria	Firmicutes	Clostridia	Clostridiales	Eubacteriaceae	Eubacterium		k__Bacteria;p__Firmicutes;c__Clostridia;o__Clostridiales;f__Eubacteriaceae;g__Eubacterium;s__;d__denovo1467
xiang_denovo1396	Bacteria	Firmicutes	Clostridia	Clostridiales	Lachnospiraceae			k__Bacteria;p__Firmicutes;c__Clostridia;o__Clostridiales;f__Lachnospiraceae;g__;s__;d__denovo1396
xiang_denovo1397	Bacteria	Proteobacteria	Gammaproteobacteria	Enterobacteriales	Enterobacteriaceae	Escherichia/Shigella		k__Bacteria;p__Proteobacteria;c__Gammaproteobacteria;o__Enterobacteriales;f__Enterobacteriaceae;g__Escherichia/Shigella;s__;d__denovo1397
xiang_denovo1462	Bacteria	Firmicutes	Clostridia	Clostridiales	Peptostreptococcaceae	Clostridium_XI		k__Bacteria;p__Firmicutes;c__Clostridia;o__Clostridiales;f__Peptostreptococcaceae;g__Clostridium_XI;s__;d__denovo1462
xiang_denovo1463	Bacteria	Proteobacteria	Gammaproteobacteria	Enterobacteriales	Enterobacteriaceae	Klebsiella		k__Bacteria;p__Proteobacteria;c__Gammaproteobacteria;o__Enterobacteriales;f__Enterobacteriaceae;g__Klebsiella;s__;d__denovo1463
xiang_denovo1392	Bacteria	Firmicutes	Clostridia	Clostridiales	Lachnospiraceae	Roseburia		k__Bacteria;p__Firmicutes;c__Clostridia;o__Clostridiales;f__Lachnospiraceae;g__Roseburia;s__;d__denovo1392
xiang_denovo1461	Bacteria	Proteobacteria	Gammaproteobacteria	Pasteurellales	Pasteurellaceae	Haemophilus		k__Bacteria;p__Proteobacteria;c__Gammaproteobacteria;o__Pasteurellales;f__Pasteurellaceae;g__Haemophilus;s__;d__denovo1461
xiang_denovo1541	Bacteria	Firmicutes	Clostridia	Clostridiales	Ruminococcaceae	Clostridium_IV		k__Bacteria;p__Firmicutes;c__Clostridia;o__Clostridiales;f__Ruminococcaceae;g__Clostridium_IV;s__;d__denovo1541
xiang_denovo1540	Bacteria	Firmicutes	Clostridia	Clostridiales	Lachnospiraceae	Clostridium_XlVa		k__Bacteria;p__Firmicutes;c__Clostridia;o__Clostridiales;f__Lachnospiraceae;g__Clostridium_XlVa;s__;d__denovo1540
xiang_denovo1015	Bacteria	Firmicutes	Clostridia	Clostridiales	Lachnospiraceae			k__Bacteria;p__Firmicutes;c__Clostridia;o__Clostridiales;f__Lachnospiraceae;g__;s__;d__denovo1015
xiang_denovo1376	Bacteria	Bacteroidetes						k__Bacteria;p__Bacteroidetes;c__;o__;f__;g__;s__;d__denovo1376
xiang_denovo1377	Bacteria	Firmicutes	Clostridia	Clostridiales	Lachnospiraceae	Blautia		k__Bacteria;p__Firmicutes;c__Clostridia;o__Clostridiales;f__Lachnospiraceae;g__Blautia;s__;d__denovo1377
xiang_denovo1374	Bacteria	Firmicutes	Bacilli	Lactobacillales	Enterococcaceae	Enterococcus		k__Bacteria;p__Firmicutes;c__Bacilli;o__Lactobacillales;f__Enterococcaceae;g__Enterococcus;s__;d__denovo1374
xiang_denovo1542	Bacteria	Firmicutes	Bacilli	Lactobacillales				k__Bacteria;p__Firmicutes;c__Bacilli;o__Lactobacillales;f__;g__;s__;d__denovo1542
xiang_denovo1372	Bacteria	Firmicutes	Clostridia	Clostridiales	Peptostreptococcaceae	Clostridium_XI		k__Bacteria;p__Firmicutes;c__Clostridia;o__Clostridiales;f__Peptostreptococcaceae;g__Clostridium_XI;s__;d__denovo1372
xiang_denovo308	Bacteria	Firmicutes	Clostridia	Clostridiales	Lachnospiraceae			k__Bacteria;p__Firmicutes;c__Clostridia;o__Clostridiales;f__Lachnospiraceae;g__;s__;d__denovo308
xiang_denovo1370	Bacteria	Firmicutes	Negativicutes	Selenomonadales	Acidaminococcaceae	Phascolarctobacterium		k__Bacteria;p__Firmicutes;c__Negativicutes;o__Selenomonadales;f__Acidaminococcaceae;g__Phascolarctobacterium;s__;d__denovo1370
xiang_denovo1371	Bacteria	Firmicutes	Clostridia	Clostridiales	Lachnospiraceae	Roseburia		k__Bacteria;p__Firmicutes;c__Clostridia;o__Clostridiales;f__Lachnospiraceae;g__Roseburia;s__;d__denovo1371
xiang_denovo305	Bacteria	Firmicutes	Clostridia	Clostridiales	Lachnospiraceae	Roseburia		k__Bacteria;p__Firmicutes;c__Clostridia;o__Clostridiales;f__Lachnospiraceae;g__Roseburia;s__;d__denovo305
xiang_denovo1545	Bacteria	Firmicutes	Clostridia	Clostridiales	Lachnospiraceae	Clostridium_XlVa		k__Bacteria;p__Firmicutes;c__Clostridia;o__Clostridiales;f__Lachnospiraceae;g__Clostridium_XlVa;s__;d__denovo1545
xiang_denovo307	Bacteria	Firmicutes	Erysipelotrichia	Erysipelotrichales	Erysipelotrichaceae	Clostridium_XVIII		k__Bacteria;p__Firmicutes;c__Erysipelotrichia;o__Erysipelotrichales;f__Erysipelotrichaceae;g__Clostridium_XVIII;s__;d__denovo307
xiang_denovo306	Bacteria	Firmicutes	Bacilli	Lactobacillales	Lactobacillaceae	Lactobacillus		k__Bacteria;p__Firmicutes;c__Bacilli;o__Lactobacillales;f__Lactobacillaceae;g__Lactobacillus;s__;d__denovo306
xiang_denovo301	Bacteria	Bacteroidetes	Bacteroidia	Bacteroidales	Prevotellaceae	Xylanibacter		k__Bacteria;p__Bacteroidetes;c__Bacteroidia;o__Bacteroidales;f__Prevotellaceae;g__Xylanibacter;s__;d__denovo301
xiang_denovo300	Bacteria	Firmicutes	Bacilli	Lactobacillales	Lactobacillaceae	Lactobacillus		k__Bacteria;p__Firmicutes;c__Bacilli;o__Lactobacillales;f__Lactobacillaceae;g__Lactobacillus;s__;d__denovo300
xiang_denovo1378	Bacteria	Firmicutes	Clostridia	Clostridiales	Lachnospiraceae	Ruminococcus2		k__Bacteria;p__Firmicutes;c__Clostridia;o__Clostridiales;f__Lachnospiraceae;g__Ruminococcus2;s__;d__denovo1378
xiang_denovo302	Bacteria	Firmicutes	Clostridia	Clostridiales	Lachnospiraceae			k__Bacteria;p__Firmicutes;c__Clostridia;o__Clostridiales;f__Lachnospiraceae;g__;s__;d__denovo302
xiang_denovo1547	Bacteria	Firmicutes	Clostridia	Clostridiales	Ruminococcaceae	Faecalibacterium		k__Bacteria;p__Firmicutes;c__Clostridia;o__Clostridiales;f__Ruminococcaceae;g__Faecalibacterium;s__;d__denovo1547
xiang_denovo1546	Bacteria	Firmicutes	Clostridia	Clostridiales	Ruminococcaceae	Ruminococcus		k__Bacteria;p__Firmicutes;c__Clostridia;o__Clostridiales;f__Ruminococcaceae;g__Ruminococcus;s__;d__denovo1546
xiang_denovo525	Bacteria	Firmicutes	Clostridia	Clostridiales				k__Bacteria;p__Firmicutes;c__Clostridia;o__Clostridiales;f__;g__;s__;d__denovo525
xiang_denovo524	Bacteria	Firmicutes	Bacilli	Lactobacillales	Streptococcaceae	Streptococcus		k__Bacteria;p__Firmicutes;c__Bacilli;o__Lactobacillales;f__Streptococcaceae;g__Streptococcus;s__;d__denovo524
xiang_denovo527	Bacteria	Firmicutes	Clostridia	Clostridiales	Lachnospiraceae	Lachnospira		k__Bacteria;p__Firmicutes;c__Clostridia;o__Clostridiales;f__Lachnospiraceae;g__Lachnospira;s__;d__denovo527
xiang_denovo526	Bacteria	Firmicutes	Clostridia	Clostridiales	Lachnospiraceae	Blautia		k__Bacteria;p__Firmicutes;c__Clostridia;o__Clostridiales;f__Lachnospiraceae;g__Blautia;s__;d__denovo526
xiang_denovo521	Bacteria	Firmicutes	Bacilli	Lactobacillales	Enterococcaceae	Enterococcus		k__Bacteria;p__Firmicutes;c__Bacilli;o__Lactobacillales;f__Enterococcaceae;g__Enterococcus;s__;d__denovo521
xiang_denovo520	Bacteria	Firmicutes	Clostridia	Clostridiales	Lachnospiraceae	Lachnospira		k__Bacteria;p__Firmicutes;c__Clostridia;o__Clostridiales;f__Lachnospiraceae;g__Lachnospira;s__;d__denovo520
xiang_denovo523	Bacteria	Bacteroidetes	Bacteroidia	Bacteroidales	Porphyromonadaceae	Parabacteroides		k__Bacteria;p__Bacteroidetes;c__Bacteroidia;o__Bacteroidales;f__Porphyromonadaceae;g__Parabacteroides;s__;d__denovo523
xiang_denovo522	Bacteria	Firmicutes	Clostridia	Clostridiales	Ruminococcaceae			k__Bacteria;p__Firmicutes;c__Clostridia;o__Clostridiales;f__Ruminococcaceae;g__;s__;d__denovo522
xiang_denovo529	Bacteria	Actinobacteria	Actinobacteria	Coriobacteriales	Coriobacteriaceae			k__Bacteria;p__Actinobacteria;c__Actinobacteria;o__Coriobacteriales;f__Coriobacteriaceae;g__;s__;d__denovo529
xiang_denovo528	Bacteria	Firmicutes	Clostridia	Clostridiales	Lachnospiraceae			k__Bacteria;p__Firmicutes;c__Clostridia;o__Clostridiales;f__Lachnospiraceae;g__;s__;d__denovo528
xiang_denovo1208	Bacteria	Firmicutes	Clostridia	Clostridiales	Lachnospiraceae	Roseburia		k__Bacteria;p__Firmicutes;c__Clostridia;o__Clostridiales;f__Lachnospiraceae;g__Roseburia;s__;d__denovo1208
xiang_denovo1209	Bacteria	Firmicutes	Clostridia	Clostridiales	Lachnospiraceae	Lachnospiracea_incertae_sedis		k__Bacteria;p__Firmicutes;c__Clostridia;o__Clostridiales;f__Lachnospiraceae;g__Lachnospiracea_incertae_sedis;s__;d__denovo1209
xiang_denovo1202	Bacteria	Firmicutes	Clostridia	Clostridiales	Lachnospiraceae	Blautia		k__Bacteria;p__Firmicutes;c__Clostridia;o__Clostridiales;f__Lachnospiraceae;g__Blautia;s__;d__denovo1202
xiang_denovo1203	Bacteria							k__Bacteria;p__;c__;o__;f__;g__;s__;d__denovo1203
xiang_denovo1200	Bacteria	Firmicutes	Clostridia	Clostridiales	Lachnospiraceae			k__Bacteria;p__Firmicutes;c__Clostridia;o__Clostridiales;f__Lachnospiraceae;g__;s__;d__denovo1200
xiang_denovo1201	Bacteria	Firmicutes	Clostridia	Clostridiales	Lachnospiraceae	Clostridium_XlVa		k__Bacteria;p__Firmicutes;c__Clostridia;o__Clostridiales;f__Lachnospiraceae;g__Clostridium_XlVa;s__;d__denovo1201
xiang_denovo1206	Bacteria	Firmicutes	Clostridia	Clostridiales	Ruminococcaceae			k__Bacteria;p__Firmicutes;c__Clostridia;o__Clostridiales;f__Ruminococcaceae;g__;s__;d__denovo1206
xiang_denovo1207	Bacteria	Firmicutes	Bacilli	Lactobacillales	Carnobacteriaceae	Granulicatella		k__Bacteria;p__Firmicutes;c__Bacilli;o__Lactobacillales;f__Carnobacteriaceae;g__Granulicatella;s__;d__denovo1207
xiang_denovo1204	Bacteria	Firmicutes	Clostridia	Clostridiales	Lachnospiraceae			k__Bacteria;p__Firmicutes;c__Clostridia;o__Clostridiales;f__Lachnospiraceae;g__;s__;d__denovo1204
xiang_denovo1205	Bacteria	Firmicutes	Clostridia	Clostridiales	Lachnospiraceae	Lachnospiracea_incertae_sedis		k__Bacteria;p__Firmicutes;c__Clostridia;o__Clostridiales;f__Lachnospiraceae;g__Lachnospiracea_incertae_sedis;s__;d__denovo1205
xiang_denovo411	Bacteria	Firmicutes	Clostridia	Clostridiales	Lachnospiraceae	Coprococcus		k__Bacteria;p__Firmicutes;c__Clostridia;o__Clostridiales;f__Lachnospiraceae;g__Coprococcus;s__;d__denovo411
xiang_denovo410	Bacteria	Firmicutes	Clostridia	Clostridiales	Lachnospiraceae			k__Bacteria;p__Firmicutes;c__Clostridia;o__Clostridiales;f__Lachnospiraceae;g__;s__;d__denovo410
xiang_denovo413	Bacteria	Firmicutes	Erysipelotrichia	Erysipelotrichales	Erysipelotrichaceae			k__Bacteria;p__Firmicutes;c__Erysipelotrichia;o__Erysipelotrichales;f__Erysipelotrichaceae;g__;s__;d__denovo413
xiang_denovo412	Bacteria	Firmicutes	Clostridia	Clostridiales	Lachnospiraceae	Lachnospiracea_incertae_sedis		k__Bacteria;p__Firmicutes;c__Clostridia;o__Clostridiales;f__Lachnospiraceae;g__Lachnospiracea_incertae_sedis;s__;d__denovo412
xiang_denovo415	Bacteria	Firmicutes	Clostridia	Clostridiales				k__Bacteria;p__Firmicutes;c__Clostridia;o__Clostridiales;f__;g__;s__;d__denovo415
xiang_denovo414	Bacteria	Proteobacteria	Gammaproteobacteria	Enterobacteriales	Enterobacteriaceae			k__Bacteria;p__Proteobacteria;c__Gammaproteobacteria;o__Enterobacteriales;f__Enterobacteriaceae;g__;s__;d__denovo414
xiang_denovo417	Bacteria	Firmicutes	Bacilli	Lactobacillales	Leuconostocaceae	Leuconostoc		k__Bacteria;p__Firmicutes;c__Bacilli;o__Lactobacillales;f__Leuconostocaceae;g__Leuconostoc;s__;d__denovo417
xiang_denovo416	Bacteria	Firmicutes	Clostridia	Clostridiales	Lachnospiraceae	Blautia		k__Bacteria;p__Firmicutes;c__Clostridia;o__Clostridiales;f__Lachnospiraceae;g__Blautia;s__;d__denovo416
xiang_denovo419	Bacteria	Synergistetes	Synergistia	Synergistales	Synergistaceae			k__Bacteria;p__Synergistetes;c__Synergistia;o__Synergistales;f__Synergistaceae;g__;s__;d__denovo419
xiang_denovo418	Bacteria	Bacteroidetes	Bacteroidia	Bacteroidales	Porphyromonadaceae	Parabacteroides		k__Bacteria;p__Bacteroidetes;c__Bacteroidia;o__Bacteroidales;f__Porphyromonadaceae;g__Parabacteroides;s__;d__denovo418
xiang_denovo639	Bacteria	Firmicutes	Clostridia	Clostridiales	Ruminococcaceae	Clostridium_IV		k__Bacteria;p__Firmicutes;c__Clostridia;o__Clostridiales;f__Ruminococcaceae;g__Clostridium_IV;s__;d__denovo639
xiang_denovo638	Bacteria	Firmicutes	Clostridia	Clostridiales	Lachnospiraceae			k__Bacteria;p__Firmicutes;c__Clostridia;o__Clostridiales;f__Lachnospiraceae;g__;s__;d__denovo638
xiang_denovo631	Bacteria	Firmicutes	Erysipelotrichia	Erysipelotrichales	Erysipelotrichaceae	Clostridium_XVIII		k__Bacteria;p__Firmicutes;c__Erysipelotrichia;o__Erysipelotrichales;f__Erysipelotrichaceae;g__Clostridium_XVIII;s__;d__denovo631
xiang_denovo630	Bacteria	Firmicutes	Clostridia	Clostridiales	Lachnospiraceae	Dorea		k__Bacteria;p__Firmicutes;c__Clostridia;o__Clostridiales;f__Lachnospiraceae;g__Dorea;s__;d__denovo630
xiang_denovo633	Bacteria	Firmicutes	Clostridia	Clostridiales	Clostridiales_Incertae_Sedis_XIII	Mogibacterium		k__Bacteria;p__Firmicutes;c__Clostridia;o__Clostridiales;f__Clostridiales_Incertae_Sedis_XIII;g__Mogibacterium;s__;d__denovo633
xiang_denovo632	Bacteria	Firmicutes	Clostridia	Clostridiales	Lachnospiraceae	Ruminococcus2		k__Bacteria;p__Firmicutes;c__Clostridia;o__Clostridiales;f__Lachnospiraceae;g__Ruminococcus2;s__;d__denovo632
xiang_denovo635	Bacteria	Firmicutes	Clostridia	Clostridiales	Lachnospiraceae	Lachnospiracea_incertae_sedis		k__Bacteria;p__Firmicutes;c__Clostridia;o__Clostridiales;f__Lachnospiraceae;g__Lachnospiracea_incertae_sedis;s__;d__denovo635
xiang_denovo634	Bacteria	Firmicutes	Clostridia	Clostridiales	Lachnospiraceae			k__Bacteria;p__Firmicutes;c__Clostridia;o__Clostridiales;f__Lachnospiraceae;g__;s__;d__denovo634
xiang_denovo637	Bacteria	Firmicutes	Clostridia	Clostridiales	Lachnospiraceae	Clostridium_XlVa		k__Bacteria;p__Firmicutes;c__Clostridia;o__Clostridiales;f__Lachnospiraceae;g__Clostridium_XlVa;s__;d__denovo637
xiang_denovo636	Bacteria	Firmicutes	Clostridia	Clostridiales	Lachnospiraceae			k__Bacteria;p__Firmicutes;c__Clostridia;o__Clostridiales;f__Lachnospiraceae;g__;s__;d__denovo636
xiang_denovo943	Bacteria	Firmicutes	Clostridia	Clostridiales	Lachnospiraceae	Lachnospiracea_incertae_sedis		k__Bacteria;p__Firmicutes;c__Clostridia;o__Clostridiales;f__Lachnospiraceae;g__Lachnospiracea_incertae_sedis;s__;d__denovo943
xiang_denovo942	Bacteria	Firmicutes	Clostridia	Clostridiales	Lachnospiraceae			k__Bacteria;p__Firmicutes;c__Clostridia;o__Clostridiales;f__Lachnospiraceae;g__;s__;d__denovo942
xiang_denovo941	Bacteria	Firmicutes	Clostridia	Clostridiales	Lachnospiraceae			k__Bacteria;p__Firmicutes;c__Clostridia;o__Clostridiales;f__Lachnospiraceae;g__;s__;d__denovo941
xiang_denovo940	Bacteria	Firmicutes	Clostridia	Clostridiales	Lachnospiraceae	Clostridium_XlVa		k__Bacteria;p__Firmicutes;c__Clostridia;o__Clostridiales;f__Lachnospiraceae;g__Clostridium_XlVa;s__;d__denovo940
xiang_denovo947	Bacteria	Firmicutes	Clostridia	Clostridiales	Lachnospiraceae	Lachnospiracea_incertae_sedis		k__Bacteria;p__Firmicutes;c__Clostridia;o__Clostridiales;f__Lachnospiraceae;g__Lachnospiracea_incertae_sedis;s__;d__denovo947
xiang_denovo946	Bacteria	Firmicutes	Clostridia	Clostridiales				k__Bacteria;p__Firmicutes;c__Clostridia;o__Clostridiales;f__;g__;s__;d__denovo946
xiang_denovo945	Bacteria	Proteobacteria	Betaproteobacteria	Burkholderiales	Burkholderiaceae	Ralstonia		k__Bacteria;p__Proteobacteria;c__Betaproteobacteria;o__Burkholderiales;f__Burkholderiaceae;g__Ralstonia;s__;d__denovo945
xiang_denovo944	Bacteria	Firmicutes	Negativicutes	Selenomonadales	Veillonellaceae	Veillonella		k__Bacteria;p__Firmicutes;c__Negativicutes;o__Selenomonadales;f__Veillonellaceae;g__Veillonella;s__;d__denovo944
xiang_denovo949	Bacteria	Firmicutes	Clostridia	Clostridiales	Lachnospiraceae	Lachnospiracea_incertae_sedis		k__Bacteria;p__Firmicutes;c__Clostridia;o__Clostridiales;f__Lachnospiraceae;g__Lachnospiracea_incertae_sedis;s__;d__denovo949
xiang_denovo948	Bacteria	Firmicutes	Negativicutes	Selenomonadales	Veillonellaceae	Selenomonas		k__Bacteria;p__Firmicutes;c__Negativicutes;o__Selenomonadales;f__Veillonellaceae;g__Selenomonas;s__;d__denovo948
xiang_denovo895	Bacteria	Verrucomicrobia	Verrucomicrobiae	Verrucomicrobiales	Verrucomicrobiaceae			k__Bacteria;p__Verrucomicrobia;c__Verrucomicrobiae;o__Verrucomicrobiales;f__Verrucomicrobiaceae;g__;s__;d__denovo895
xiang_denovo894	Bacteria	Firmicutes	Clostridia	Clostridiales	Ruminococcaceae	Clostridium_IV		k__Bacteria;p__Firmicutes;c__Clostridia;o__Clostridiales;f__Ruminococcaceae;g__Clostridium_IV;s__;d__denovo894
xiang_denovo897	Bacteria	Proteobacteria	Gammaproteobacteria	Pasteurellales	Pasteurellaceae	Haemophilus		k__Bacteria;p__Proteobacteria;c__Gammaproteobacteria;o__Pasteurellales;f__Pasteurellaceae;g__Haemophilus;s__;d__denovo897
xiang_denovo896	Bacteria	Firmicutes	Clostridia	Clostridiales	Lachnospiraceae	Lachnospiracea_incertae_sedis		k__Bacteria;p__Firmicutes;c__Clostridia;o__Clostridiales;f__Lachnospiraceae;g__Lachnospiracea_incertae_sedis;s__;d__denovo896
xiang_denovo891	Bacteria	Firmicutes	Clostridia	Clostridiales	Lachnospiraceae	Clostridium_XlVa		k__Bacteria;p__Firmicutes;c__Clostridia;o__Clostridiales;f__Lachnospiraceae;g__Clostridium_XlVa;s__;d__denovo891
xiang_denovo890	Bacteria	Bacteroidetes	Bacteroidia	Bacteroidales	Bacteroidaceae	Bacteroides		k__Bacteria;p__Bacteroidetes;c__Bacteroidia;o__Bacteroidales;f__Bacteroidaceae;g__Bacteroides;s__;d__denovo890
xiang_denovo893	Bacteria	Firmicutes	Clostridia	Clostridiales	Lachnospiraceae			k__Bacteria;p__Firmicutes;c__Clostridia;o__Clostridiales;f__Lachnospiraceae;g__;s__;d__denovo893
xiang_denovo892	Bacteria	Firmicutes	Clostridia	Clostridiales	Ruminococcaceae			k__Bacteria;p__Firmicutes;c__Clostridia;o__Clostridiales;f__Ruminococcaceae;g__;s__;d__denovo892
xiang_denovo899	Bacteria	Firmicutes	Clostridia	Clostridiales	Lachnospiraceae	Lachnospiracea_incertae_sedis		k__Bacteria;p__Firmicutes;c__Clostridia;o__Clostridiales;f__Lachnospiraceae;g__Lachnospiracea_incertae_sedis;s__;d__denovo899
xiang_denovo898	Bacteria	Actinobacteria	Actinobacteria	Coriobacteriales	Coriobacteriaceae	Collinsella		k__Bacteria;p__Actinobacteria;c__Actinobacteria;o__Coriobacteriales;f__Coriobacteriaceae;g__Collinsella;s__;d__denovo898
xiang_denovo1303	Bacteria	Firmicutes	Erysipelotrichia	Erysipelotrichales	Erysipelotrichaceae			k__Bacteria;p__Firmicutes;c__Erysipelotrichia;o__Erysipelotrichales;f__Erysipelotrichaceae;g__;s__;d__denovo1303
xiang_denovo18	Bacteria	Bacteroidetes	Bacteroidia	Bacteroidales	Bacteroidaceae	Bacteroides		k__Bacteria;p__Bacteroidetes;c__Bacteroidia;o__Bacteroidales;f__Bacteroidaceae;g__Bacteroides;s__;d__denovo18
xiang_denovo19	Bacteria	Firmicutes	Clostridia	Clostridiales	Lachnospiraceae	Blautia		k__Bacteria;p__Firmicutes;c__Clostridia;o__Clostridiales;f__Lachnospiraceae;g__Blautia;s__;d__denovo19
xiang_denovo1149	Bacteria	Firmicutes	Clostridia	Clostridiales	Lachnospiraceae			k__Bacteria;p__Firmicutes;c__Clostridia;o__Clostridiales;f__Lachnospiraceae;g__;s__;d__denovo1149
xiang_denovo1148	Bacteria	Firmicutes	Clostridia	Clostridiales	Lachnospiraceae			k__Bacteria;p__Firmicutes;c__Clostridia;o__Clostridiales;f__Lachnospiraceae;g__;s__;d__denovo1148
xiang_denovo379	Bacteria	Bacteroidetes	Bacteroidia	Bacteroidales	Prevotellaceae	Prevotella		k__Bacteria;p__Bacteroidetes;c__Bacteroidia;o__Bacteroidales;f__Prevotellaceae;g__Prevotella;s__;d__denovo379
xiang_denovo12	Bacteria	Firmicutes	Erysipelotrichia	Erysipelotrichales	Erysipelotrichaceae	Clostridium_XVIII		k__Bacteria;p__Firmicutes;c__Erysipelotrichia;o__Erysipelotrichales;f__Erysipelotrichaceae;g__Clostridium_XVIII;s__;d__denovo12
xiang_denovo13	Bacteria	Firmicutes	Clostridia	Clostridiales	Lachnospiraceae	Roseburia		k__Bacteria;p__Firmicutes;c__Clostridia;o__Clostridiales;f__Lachnospiraceae;g__Roseburia;s__;d__denovo13
xiang_denovo1147	Bacteria	Firmicutes	Clostridia	Clostridiales	Lachnospiraceae			k__Bacteria;p__Firmicutes;c__Clostridia;o__Clostridiales;f__Lachnospiraceae;g__;s__;d__denovo1147
xiang_denovo1146	Bacteria	Proteobacteria	Gammaproteobacteria	Enterobacteriales	Enterobacteriaceae	Escherichia/Shigella		k__Bacteria;p__Proteobacteria;c__Gammaproteobacteria;o__Enterobacteriales;f__Enterobacteriaceae;g__Escherichia/Shigella;s__;d__denovo1146
xiang_denovo16	Bacteria	Firmicutes	Bacilli	Lactobacillales	Lactobacillaceae	Lactobacillus		k__Bacteria;p__Firmicutes;c__Bacilli;o__Lactobacillales;f__Lactobacillaceae;g__Lactobacillus;s__;d__denovo16
xiang_denovo1140	Bacteria	Firmicutes	Clostridia	Clostridiales	Lachnospiraceae	Dorea		k__Bacteria;p__Firmicutes;c__Clostridia;o__Clostridiales;f__Lachnospiraceae;g__Dorea;s__;d__denovo1140
xiang_denovo1143	Bacteria	Bacteroidetes	Bacteroidia	Bacteroidales	Porphyromonadaceae	Butyricimonas		k__Bacteria;p__Bacteroidetes;c__Bacteroidia;o__Bacteroidales;f__Porphyromonadaceae;g__Butyricimonas;s__;d__denovo1143
xiang_denovo1142	Bacteria	Firmicutes	Clostridia	Clostridiales	Lachnospiraceae			k__Bacteria;p__Firmicutes;c__Clostridia;o__Clostridiales;f__Lachnospiraceae;g__;s__;d__denovo1142
xiang_denovo470	Bacteria	Firmicutes	Clostridia	Clostridiales	Lachnospiraceae			k__Bacteria;p__Firmicutes;c__Clostridia;o__Clostridiales;f__Lachnospiraceae;g__;s__;d__denovo470
xiang_denovo479	Bacteria	Bacteroidetes	Bacteroidia	Bacteroidales	Prevotellaceae	Prevotella		k__Bacteria;p__Bacteroidetes;c__Bacteroidia;o__Bacteroidales;f__Prevotellaceae;g__Prevotella;s__;d__denovo479
xiang_denovo373	Bacteria	Firmicutes	Clostridia	Clostridiales	Lachnospiraceae	Blautia		k__Bacteria;p__Firmicutes;c__Clostridia;o__Clostridiales;f__Lachnospiraceae;g__Blautia;s__;d__denovo373
xiang_denovo1563	Bacteria	Firmicutes	Clostridia	Clostridiales	Lachnospiraceae			k__Bacteria;p__Firmicutes;c__Clostridia;o__Clostridiales;f__Lachnospiraceae;g__;s__;d__denovo1563
xiang_denovo1562	Bacteria	Firmicutes	Clostridia	Clostridiales	Lachnospiraceae	Clostridium_XlVb		k__Bacteria;p__Firmicutes;c__Clostridia;o__Clostridiales;f__Lachnospiraceae;g__Clostridium_XlVb;s__;d__denovo1562
xiang_denovo1561	Bacteria	Firmicutes	Clostridia	Clostridiales	Lachnospiraceae	Ruminococcus2		k__Bacteria;p__Firmicutes;c__Clostridia;o__Clostridiales;f__Lachnospiraceae;g__Ruminococcus2;s__;d__denovo1561
xiang_denovo1560	Bacteria							k__Bacteria;p__;c__;o__;f__;g__;s__;d__denovo1560
xiang_denovo1567	Bacteria	Firmicutes	Clostridia	Clostridiales	Ruminococcaceae	Faecalibacterium		k__Bacteria;p__Firmicutes;c__Clostridia;o__Clostridiales;f__Ruminococcaceae;g__Faecalibacterium;s__;d__denovo1567
xiang_denovo1566	Bacteria	Firmicutes	Clostridia	Clostridiales				k__Bacteria;p__Firmicutes;c__Clostridia;o__Clostridiales;f__;g__;s__;d__denovo1566
xiang_denovo1565	Bacteria	Firmicutes	Clostridia	Clostridiales	Ruminococcaceae	Anaerotruncus		k__Bacteria;p__Firmicutes;c__Clostridia;o__Clostridiales;f__Ruminococcaceae;g__Anaerotruncus;s__;d__denovo1565
xiang_denovo1564	Bacteria	Firmicutes	Clostridia	Clostridiales	Lachnospiraceae			k__Bacteria;p__Firmicutes;c__Clostridia;o__Clostridiales;f__Lachnospiraceae;g__;s__;d__denovo1564
xiang_denovo1569	Bacteria	Actinobacteria	Actinobacteria	Actinomycetales	Micrococcaceae	Rothia		k__Bacteria;p__Actinobacteria;c__Actinobacteria;o__Actinomycetales;f__Micrococcaceae;g__Rothia;s__;d__denovo1569
xiang_denovo1568	Bacteria	Firmicutes	Clostridia	Clostridiales	Lachnospiraceae	Dorea		k__Bacteria;p__Firmicutes;c__Clostridia;o__Clostridiales;f__Lachnospiraceae;g__Dorea;s__;d__denovo1568
xiang_denovo1365	Bacteria	Firmicutes	Clostridia	Clostridiales	Lachnospiraceae	Clostridium_XlVa		k__Bacteria;p__Firmicutes;c__Clostridia;o__Clostridiales;f__Lachnospiraceae;g__Clostridium_XlVa;s__;d__denovo1365
xiang_denovo1364	Bacteria	Firmicutes	Bacilli	Lactobacillales	Leuconostocaceae	Weissella		k__Bacteria;p__Firmicutes;c__Bacilli;o__Lactobacillales;f__Leuconostocaceae;g__Weissella;s__;d__denovo1364
xiang_denovo1367	Bacteria	Firmicutes	Bacilli	Lactobacillales	Enterococcaceae			k__Bacteria;p__Firmicutes;c__Bacilli;o__Lactobacillales;f__Enterococcaceae;g__;s__;d__denovo1367
xiang_denovo1366	Bacteria	Firmicutes	Negativicutes	Selenomonadales	Veillonellaceae	Selenomonas		k__Bacteria;p__Firmicutes;c__Negativicutes;o__Selenomonadales;f__Veillonellaceae;g__Selenomonas;s__;d__denovo1366
xiang_denovo1361	Bacteria	Proteobacteria	Deltaproteobacteria	Desulfovibrionales				k__Bacteria;p__Proteobacteria;c__Deltaproteobacteria;o__Desulfovibrionales;f__;g__;s__;d__denovo1361
xiang_denovo1360	Bacteria	Firmicutes	Negativicutes	Selenomonadales	Veillonellaceae	Dialister		k__Bacteria;p__Firmicutes;c__Negativicutes;o__Selenomonadales;f__Veillonellaceae;g__Dialister;s__;d__denovo1360
xiang_denovo318	Bacteria	Firmicutes	Clostridia	Clostridiales	Lachnospiraceae	Dorea		k__Bacteria;p__Firmicutes;c__Clostridia;o__Clostridiales;f__Lachnospiraceae;g__Dorea;s__;d__denovo318
xiang_denovo1362	Bacteria	Firmicutes	Clostridia	Clostridiales	Lachnospiraceae			k__Bacteria;p__Firmicutes;c__Clostridia;o__Clostridiales;f__Lachnospiraceae;g__;s__;d__denovo1362
xiang_denovo316	Bacteria	Firmicutes	Clostridia	Clostridiales	Ruminococcaceae	Ruminococcus		k__Bacteria;p__Firmicutes;c__Clostridia;o__Clostridiales;f__Ruminococcaceae;g__Ruminococcus;s__;d__denovo316
xiang_denovo317	Bacteria	Firmicutes	Erysipelotrichia	Erysipelotrichales	Erysipelotrichaceae	Erysipelotrichaceae_incertae_sedis		k__Bacteria;p__Firmicutes;c__Erysipelotrichia;o__Erysipelotrichales;f__Erysipelotrichaceae;g__Erysipelotrichaceae_incertae_sedis;s__;d__denovo317
xiang_denovo314	Bacteria	Firmicutes	Clostridia	Clostridiales	Lachnospiraceae	Ruminococcus2		k__Bacteria;p__Firmicutes;c__Clostridia;o__Clostridiales;f__Lachnospiraceae;g__Ruminococcus2;s__;d__denovo314
xiang_denovo315	Bacteria	Firmicutes	Clostridia	Clostridiales	Lachnospiraceae	Dorea		k__Bacteria;p__Firmicutes;c__Clostridia;o__Clostridiales;f__Lachnospiraceae;g__Dorea;s__;d__denovo315
xiang_denovo312	Bacteria	Bacteroidetes	Bacteroidia	Bacteroidales	Bacteroidaceae	Bacteroides		k__Bacteria;p__Bacteroidetes;c__Bacteroidia;o__Bacteroidales;f__Bacteroidaceae;g__Bacteroides;s__;d__denovo312
xiang_denovo1368	Bacteria	Fusobacteria	Fusobacteriia	Fusobacteriales	Fusobacteriaceae	Fusobacterium		k__Bacteria;p__Fusobacteria;c__Fusobacteriia;o__Fusobacteriales;f__Fusobacteriaceae;g__Fusobacterium;s__;d__denovo1368
xiang_denovo310	Bacteria	Firmicutes	Clostridia	Clostridiales	Lachnospiraceae			k__Bacteria;p__Firmicutes;c__Clostridia;o__Clostridiales;f__Lachnospiraceae;g__;s__;d__denovo310
xiang_denovo311	Bacteria	Firmicutes	Bacilli	Lactobacillales	Streptococcaceae	Streptococcus		k__Bacteria;p__Firmicutes;c__Bacilli;o__Lactobacillales;f__Streptococcaceae;g__Streptococcus;s__;d__denovo311
xiang_denovo536	Bacteria	Firmicutes	Clostridia	Clostridiales	Lachnospiraceae			k__Bacteria;p__Firmicutes;c__Clostridia;o__Clostridiales;f__Lachnospiraceae;g__;s__;d__denovo536
xiang_denovo537	Bacteria	Bacteroidetes	Bacteroidia	Bacteroidales	Bacteroidaceae	Bacteroides		k__Bacteria;p__Bacteroidetes;c__Bacteroidia;o__Bacteroidales;f__Bacteroidaceae;g__Bacteroides;s__;d__denovo537
xiang_denovo534	Bacteria	Firmicutes	Clostridia	Clostridiales	Lachnospiraceae	Roseburia		k__Bacteria;p__Firmicutes;c__Clostridia;o__Clostridiales;f__Lachnospiraceae;g__Roseburia;s__;d__denovo534
xiang_denovo535	Bacteria	Firmicutes	Clostridia	Clostridiales	Ruminococcaceae	Butyricicoccus		k__Bacteria;p__Firmicutes;c__Clostridia;o__Clostridiales;f__Ruminococcaceae;g__Butyricicoccus;s__;d__denovo535
xiang_denovo532	Bacteria	Firmicutes	Clostridia	Clostridiales	Lachnospiraceae	Dorea		k__Bacteria;p__Firmicutes;c__Clostridia;o__Clostridiales;f__Lachnospiraceae;g__Dorea;s__;d__denovo532
xiang_denovo533	Bacteria	Firmicutes	Clostridia	Clostridiales	Lachnospiraceae	Blautia		k__Bacteria;p__Firmicutes;c__Clostridia;o__Clostridiales;f__Lachnospiraceae;g__Blautia;s__;d__denovo533
xiang_denovo530	Bacteria	Firmicutes	Clostridia	Clostridiales	Lachnospiraceae	Blautia		k__Bacteria;p__Firmicutes;c__Clostridia;o__Clostridiales;f__Lachnospiraceae;g__Blautia;s__;d__denovo530
xiang_denovo531	Bacteria	Firmicutes	Clostridia	Clostridiales	Lachnospiraceae			k__Bacteria;p__Firmicutes;c__Clostridia;o__Clostridiales;f__Lachnospiraceae;g__;s__;d__denovo531
xiang_denovo458	Bacteria	Firmicutes	Clostridia	Clostridiales	Lachnospiraceae	Pseudobutyrivibrio		k__Bacteria;p__Firmicutes;c__Clostridia;o__Clostridiales;f__Lachnospiraceae;g__Pseudobutyrivibrio;s__;d__denovo458
xiang_denovo538	Bacteria	Firmicutes	Clostridia	Clostridiales	Lachnospiraceae	Clostridium_XlVa		k__Bacteria;p__Firmicutes;c__Clostridia;o__Clostridiales;f__Lachnospiraceae;g__Clostridium_XlVa;s__;d__denovo538
xiang_denovo539	Bacteria	Firmicutes	Clostridia	Clostridiales	Lachnospiraceae	Anaerostipes		k__Bacteria;p__Firmicutes;c__Clostridia;o__Clostridiales;f__Lachnospiraceae;g__Anaerostipes;s__;d__denovo539
xiang_denovo1219	Bacteria	Firmicutes	Erysipelotrichia	Erysipelotrichales	Erysipelotrichaceae			k__Bacteria;p__Firmicutes;c__Erysipelotrichia;o__Erysipelotrichales;f__Erysipelotrichaceae;g__;s__;d__denovo1219
xiang_denovo1218	Bacteria	Firmicutes	Negativicutes	Selenomonadales	Veillonellaceae			k__Bacteria;p__Firmicutes;c__Negativicutes;o__Selenomonadales;f__Veillonellaceae;g__;s__;d__denovo1218
xiang_denovo1211	Bacteria	Actinobacteria	Actinobacteria	Actinomycetales	Actinomycetaceae	Actinomyces		k__Bacteria;p__Actinobacteria;c__Actinobacteria;o__Actinomycetales;f__Actinomycetaceae;g__Actinomyces;s__;d__denovo1211
xiang_denovo1210	Bacteria	Actinobacteria	Actinobacteria	Coriobacteriales	Coriobacteriaceae	Olsenella		k__Bacteria;p__Actinobacteria;c__Actinobacteria;o__Coriobacteriales;f__Coriobacteriaceae;g__Olsenella;s__;d__denovo1210
xiang_denovo1213	Bacteria	Firmicutes	Clostridia	Clostridiales	Lachnospiraceae			k__Bacteria;p__Firmicutes;c__Clostridia;o__Clostridiales;f__Lachnospiraceae;g__;s__;d__denovo1213
xiang_denovo1212	Bacteria	Verrucomicrobia	Verrucomicrobiae	Verrucomicrobiales	Verrucomicrobiaceae	Akkermansia		k__Bacteria;p__Verrucomicrobia;c__Verrucomicrobiae;o__Verrucomicrobiales;f__Verrucomicrobiaceae;g__Akkermansia;s__;d__denovo1212
xiang_denovo1215	Bacteria	Firmicutes	Clostridia	Clostridiales	Lachnospiraceae	Lachnospira		k__Bacteria;p__Firmicutes;c__Clostridia;o__Clostridiales;f__Lachnospiraceae;g__Lachnospira;s__;d__denovo1215
xiang_denovo1214	Bacteria	Bacteroidetes	Bacteroidia	Bacteroidales	Bacteroidaceae	Bacteroides		k__Bacteria;p__Bacteroidetes;c__Bacteroidia;o__Bacteroidales;f__Bacteroidaceae;g__Bacteroides;s__;d__denovo1214
xiang_denovo1217	Bacteria	Firmicutes	Bacilli	Bacillales	Bacillales_Incertae_Sedis_XI	Gemella		k__Bacteria;p__Firmicutes;c__Bacilli;o__Bacillales;f__Bacillales_Incertae_Sedis_XI;g__Gemella;s__;d__denovo1217
xiang_denovo1216	Bacteria	Firmicutes	Clostridia	Clostridiales	Lachnospiraceae	Roseburia		k__Bacteria;p__Firmicutes;c__Clostridia;o__Clostridiales;f__Lachnospiraceae;g__Roseburia;s__;d__denovo1216
xiang_denovo402	Bacteria	Proteobacteria	Gammaproteobacteria	Enterobacteriales	Enterobacteriaceae	Escherichia/Shigella		k__Bacteria;p__Proteobacteria;c__Gammaproteobacteria;o__Enterobacteriales;f__Enterobacteriaceae;g__Escherichia/Shigella;s__;d__denovo402
xiang_denovo403	Bacteria	Firmicutes	Clostridia	Clostridiales	Lachnospiraceae	Roseburia		k__Bacteria;p__Firmicutes;c__Clostridia;o__Clostridiales;f__Lachnospiraceae;g__Roseburia;s__;d__denovo403
xiang_denovo400	Bacteria	Firmicutes	Clostridia	Clostridiales	Ruminococcaceae	Butyricicoccus		k__Bacteria;p__Firmicutes;c__Clostridia;o__Clostridiales;f__Ruminococcaceae;g__Butyricicoccus;s__;d__denovo400
xiang_denovo401	Bacteria	Firmicutes	Clostridia	Clostridiales	Lachnospiraceae			k__Bacteria;p__Firmicutes;c__Clostridia;o__Clostridiales;f__Lachnospiraceae;g__;s__;d__denovo401
xiang_denovo406	Bacteria	Firmicutes	Clostridia	Clostridiales	Lachnospiraceae	Coprococcus		k__Bacteria;p__Firmicutes;c__Clostridia;o__Clostridiales;f__Lachnospiraceae;g__Coprococcus;s__;d__denovo406
xiang_denovo407	Bacteria	Firmicutes	Negativicutes	Selenomonadales	Acidaminococcaceae	Phascolarctobacterium		k__Bacteria;p__Firmicutes;c__Negativicutes;o__Selenomonadales;f__Acidaminococcaceae;g__Phascolarctobacterium;s__;d__denovo407
xiang_denovo404	Bacteria	Firmicutes	Clostridia	Clostridiales	Lachnospiraceae	Roseburia		k__Bacteria;p__Firmicutes;c__Clostridia;o__Clostridiales;f__Lachnospiraceae;g__Roseburia;s__;d__denovo404
xiang_denovo405	Bacteria	Proteobacteria	Gammaproteobacteria	Enterobacteriales	Enterobacteriaceae			k__Bacteria;p__Proteobacteria;c__Gammaproteobacteria;o__Enterobacteriales;f__Enterobacteriaceae;g__;s__;d__denovo405
xiang_denovo408	Bacteria	Firmicutes	Clostridia	Clostridiales	Lachnospiraceae	Lachnospiracea_incertae_sedis		k__Bacteria;p__Firmicutes;c__Clostridia;o__Clostridiales;f__Lachnospiraceae;g__Lachnospiracea_incertae_sedis;s__;d__denovo408
xiang_denovo409	Bacteria	Firmicutes	Clostridia	Clostridiales	Lachnospiraceae	Coprococcus		k__Bacteria;p__Firmicutes;c__Clostridia;o__Clostridiales;f__Lachnospiraceae;g__Coprococcus;s__;d__denovo409
xiang_denovo628	Bacteria	Firmicutes	Bacilli	Lactobacillales	Lactobacillaceae	Lactobacillus		k__Bacteria;p__Firmicutes;c__Bacilli;o__Lactobacillales;f__Lactobacillaceae;g__Lactobacillus;s__;d__denovo628
xiang_denovo629	Bacteria	Firmicutes	Clostridia	Clostridiales	Lachnospiraceae	Lachnospira		k__Bacteria;p__Firmicutes;c__Clostridia;o__Clostridiales;f__Lachnospiraceae;g__Lachnospira;s__;d__denovo629
xiang_denovo622	Bacteria	Firmicutes	Clostridia	Clostridiales	Lachnospiraceae	Roseburia		k__Bacteria;p__Firmicutes;c__Clostridia;o__Clostridiales;f__Lachnospiraceae;g__Roseburia;s__;d__denovo622
xiang_denovo623	Bacteria	Firmicutes	Clostridia	Clostridiales	Lachnospiraceae	Dorea		k__Bacteria;p__Firmicutes;c__Clostridia;o__Clostridiales;f__Lachnospiraceae;g__Dorea;s__;d__denovo623
xiang_denovo620	Bacteria	Firmicutes	Clostridia	Clostridiales	Lachnospiraceae	Lachnospiracea_incertae_sedis		k__Bacteria;p__Firmicutes;c__Clostridia;o__Clostridiales;f__Lachnospiraceae;g__Lachnospiracea_incertae_sedis;s__;d__denovo620
xiang_denovo621	Bacteria	Firmicutes						k__Bacteria;p__Firmicutes;c__;o__;f__;g__;s__;d__denovo621
xiang_denovo626	Bacteria	Firmicutes	Clostridia	Clostridiales	Ruminococcaceae	Gemmiger		k__Bacteria;p__Firmicutes;c__Clostridia;o__Clostridiales;f__Ruminococcaceae;g__Gemmiger;s__;d__denovo626
xiang_denovo627	Bacteria	Firmicutes	Clostridia	Clostridiales	Lachnospiraceae	Pseudobutyrivibrio		k__Bacteria;p__Firmicutes;c__Clostridia;o__Clostridiales;f__Lachnospiraceae;g__Pseudobutyrivibrio;s__;d__denovo627
xiang_denovo624	Bacteria	Firmicutes	Clostridia	Clostridiales	Peptostreptococcaceae			k__Bacteria;p__Firmicutes;c__Clostridia;o__Clostridiales;f__Peptostreptococcaceae;g__;s__;d__denovo624
xiang_denovo625	Bacteria	Firmicutes	Clostridia	Clostridiales	Lachnospiraceae			k__Bacteria;p__Firmicutes;c__Clostridia;o__Clostridiales;f__Lachnospiraceae;g__;s__;d__denovo625
xiang_denovo954	Bacteria	Firmicutes	Clostridia	Clostridiales	Ruminococcaceae	Faecalibacterium		k__Bacteria;p__Firmicutes;c__Clostridia;o__Clostridiales;f__Ruminococcaceae;g__Faecalibacterium;s__;d__denovo954
xiang_denovo955	Bacteria	Firmicutes	Bacilli	Lactobacillales	Enterococcaceae	Enterococcus		k__Bacteria;p__Firmicutes;c__Bacilli;o__Lactobacillales;f__Enterococcaceae;g__Enterococcus;s__;d__denovo955
xiang_denovo956	Bacteria	Firmicutes	Clostridia	Clostridiales	Lachnospiraceae	Coprococcus		k__Bacteria;p__Firmicutes;c__Clostridia;o__Clostridiales;f__Lachnospiraceae;g__Coprococcus;s__;d__denovo956
xiang_denovo957	Bacteria	Firmicutes	Clostridia	Clostridiales	Lachnospiraceae	Blautia		k__Bacteria;p__Firmicutes;c__Clostridia;o__Clostridiales;f__Lachnospiraceae;g__Blautia;s__;d__denovo957
xiang_denovo950	Bacteria	Firmicutes	Clostridia	Clostridiales				k__Bacteria;p__Firmicutes;c__Clostridia;o__Clostridiales;f__;g__;s__;d__denovo950
xiang_denovo951	Bacteria	Firmicutes	Clostridia	Clostridiales	Lachnospiraceae	Roseburia		k__Bacteria;p__Firmicutes;c__Clostridia;o__Clostridiales;f__Lachnospiraceae;g__Roseburia;s__;d__denovo951
xiang_denovo952	Bacteria	Firmicutes	Negativicutes	Selenomonadales	Veillonellaceae	Dialister		k__Bacteria;p__Firmicutes;c__Negativicutes;o__Selenomonadales;f__Veillonellaceae;g__Dialister;s__;d__denovo952
xiang_denovo953	Bacteria							k__Bacteria;p__;c__;o__;f__;g__;s__;d__denovo953
xiang_denovo958	Bacteria	Proteobacteria	Betaproteobacteria	Burkholderiales	Sutterellaceae	Parasutterella		k__Bacteria;p__Proteobacteria;c__Betaproteobacteria;o__Burkholderiales;f__Sutterellaceae;g__Parasutterella;s__;d__denovo958
xiang_denovo959	Bacteria	Firmicutes	Clostridia	Clostridiales	Lachnospiraceae			k__Bacteria;p__Firmicutes;c__Clostridia;o__Clostridiales;f__Lachnospiraceae;g__;s__;d__denovo959
