Pair	Kingdom1	Feature1	Label1	Kingdom2	Feature2	Label2	RawRho	RawPValue	RawQValue	AdjustedRho	AdjustedPValue	AdjustedQValue	SignChanged	BootstrapLower	BootstrapUpper	SignStability
Fungi vs Oomycete	Fungi	OTU_18	OTU_18 (OTU_18)	Oomycete	OTU_24	Pythium (OTU_24)	0.851994851994852	4.39242726271749e-11	1.0541825430522e-08	0.652252252252252	1.63053116639587e-05	0.014944352319753	FALSE	0.20932039284931	0.785430882736484	0.996
Fungi vs Oomycete	Fungi	OTU_59	OTU_59 (OTU_59)	Oomycete	OTU_25	OTU_25 (OTU_25)	0.893951093951094	2.1261029250325e-13	2.551323510039e-10	0.641441441441442	2.4907253866255e-05	0.014944352319753	FALSE	0.288841584361026	0.820895652120309	0.998
Bacteria vs Fungi	Bacteria	OTU_24	Agrobacterium (OTU_24)	Fungi	OTU_37	Phoma (OTU_37)	0.358043758043758	0.0320250320374725	0.0702560117823895	0.588159588159588	0.000161660802321368	0.0575847974220369	FALSE	0.241029778756455	0.785601704024175	1
Fungi vs Oomycete	Fungi	OTU_49	caryae (OTU_49)	Oomycete	OTU_2	Albugo (OTU_2)	0.604890604890605	9.3144832933254e-05	0.00062096555288836	0.582754182754183	0.000191949324740123	0.0575847974220369	FALSE	0.289518473795095	0.837183270357981	1
Fungi vs Oomycete	Fungi	OTU_47	agrostis (OTU_47)	Oomycete	OTU_24	Pythium (OTU_24)	0.766537966537967	5.02493737069375e-08	1.6297094175223e-06	0.575032175032175	0.000244053215046311	0.0585727716111146	FALSE	0.233651202688649	0.731005836157914	1
Bacteria vs Oomycete	Bacteria	OTU_19	OTU_19 (OTU_19)	Oomycete	OTU_7	Pythium (OTU_7)	0.397168597168597	0.0164622971987701	0.0415015895767314	0.546460746460746	0.00056461699024869	0.112923398049738	FALSE	0.16110955997998	0.797477780102726	0.996
Bacteria vs Fungi	Bacteria	OTU_51	Enterobacteriaceae (OTU_51)	Fungi	OTU_18	OTU_18 (OTU_18)	-0.0625482625482626	0.717053038917334	0.785811549498448	-0.512741312741313	0.00138644693318591	0.237676617117584	FALSE	-0.795935351243501	-0.0586091589917264	0.984
Fungi vs Oomycete	Fungi	OTU_86	AG_A (OTU_86)	Oomycete	OTU_23	Apodachlya (OTU_23)	0.250707850707851	0.140258092908254	0.222337795891552	0.504247104247104	0.00171401313006281	0.257101969509421	FALSE	0.26146531706632	0.740397143036463	1
Fungi vs Oomycete	Fungi	OTU_49	caryae (OTU_49)	Oomycete	OTU_12	Pythium (OTU_12)	-0.635263835263835	3.15008394640986e-05	0.000257149709911009	-0.498584298584299	0.00196844774248852	0.262459698998469	FALSE	-0.731799278361775	-0.149258995230513	0.998
Bacteria vs Oomycete	Bacteria	OTU_180	Serratia (OTU_180)	Oomycete	OTU_2	Albugo (OTU_2)	0.0113256113256113	0.94773014939296	0.963793372264027	-0.481081081081081	0.00297579653800762	0.297170142570858	TRUE	-0.723080770672851	-0.0983491173817808	0.992
Bacteria vs Oomycete	Bacteria	OTU_51	Enterobacteriaceae (OTU_51)	Oomycete	OTU_2	Albugo (OTU_2)	-0.053024453024453	0.758740700501311	0.820999856268326	-0.477992277992278	0.00319386245335333	0.297170142570858	FALSE	-0.77577586562594	-0.0611274139307716	0.992
Fungi vs Oomycete	Fungi	OTU_16	elongata (OTU_16)	Oomycete	OTU_5	Pythium (OTU_5)	0.555212355212355	0.000440202963898338	0.00218282461437192	0.474131274131274	0.0034858926192054	0.297170142570858	FALSE	-0.0134750936200887	0.684464206588856	0.972
Fungi vs Oomycete	Fungi	OTU_64	OTU_64 (OTU_64)	Oomycete	OTU_25	OTU_25 (OTU_25)	0.703989703989704	1.66358236951703e-06	2.34858687461227e-05	0.473873873873874	0.00350616037995274	0.297170142570858	FALSE	0.0363993132945898	0.721782812860941	0.98
Bacteria vs Oomycete	Bacteria	OTU_180	Serratia (OTU_180)	Oomycete	OTU_23	Apodachlya (OTU_23)	0.202316602316602	0.236672609832672	0.330625298951346	0.468725868725869	0.00393357037452926	0.297170142570858	FALSE	0.171932933950096	0.724356842404474	1
Bacteria vs Oomycete	Bacteria	OTU_48	mitochondria (OTU_48)	Oomycete	OTU_1	Pythium (OTU_1)	-0.623166023166023	4.91781519117975e-05	0.000366545231640727	-0.466924066924067	0.00409347894143361	0.297170142570858	FALSE	-0.691259989801827	-0.133280049975684	0.992
Bacteria vs Oomycete	Bacteria	OTU_180	Serratia (OTU_180)	Oomycete	OTU_20	OTU_20 (OTU_20)	0.237837837837838	0.162473187584792	0.247735482975541	0.464864864864865	0.00428309935061907	0.297170142570858	FALSE	0.186941115835588	0.712540289484674	0.998
Bacteria vs Oomycete	Bacteria	OTU_24	Agrobacterium (OTU_24)	Oomycete	OTU_2	Albugo (OTU_2)	-0.149292149292149	0.384833408585824	0.482549728634262	-0.464092664092664	0.00435614199247996	0.297170142570858	FALSE	-0.737861625814093	-0.0105188527450205	0.976
Fungi vs Oomycete	Fungi	OTU_5	OTU_5 (OTU_5)	Oomycete	OTU_33	Hyaloperonospora (OTU_33)	0.156499356499357	0.362036532465785	0.458758013684205	-0.45997425997426	0.00476418504554147	0.297170142570858	TRUE	-0.709545749521734	-0.0473250733155743	0.99
Bacteria vs Oomycete	Bacteria	OTU_63	OTU_63 (OTU_63)	Oomycete	OTU_9	OTU_9 (OTU_9)	-0.435521235521236	0.00793318211439065	0.0228841791761269	0.45971685971686	0.00479074906421407	0.297170142570858	TRUE	0.146547535771594	0.706578726410351	0.996
Fungi vs Oomycete	Fungi	OTU_16	elongata (OTU_16)	Oomycete	OTU_25	OTU_25 (OTU_25)	-0.723809523809524	6.07955226361462e-07	1.19597749448156e-05	-0.458172458172458	0.0049528357095143	0.297170142570858	FALSE	-0.696257245060911	-0.127160698543445	0.988
Fungi vs Oomycete	Fungi	OTU_92	OTU_92 (OTU_92)	Oomycete	OTU_24	Pythium (OTU_24)	-0.628056628056628	4.11669798069167e-05	0.000312660606128481	-0.453796653796654	0.00543804456955684	0.298126090674323	FALSE	-0.629926578927798	0.0829292086450726	0.944
Fungi vs Oomycete	Fungi	OTU_49	caryae (OTU_49)	Oomycete	OTU_1	Pythium (OTU_1)	0.273359073359073	0.106708678987984	0.179091489210603	0.450707850707851	0.00580472356488083	0.298126090674323	FALSE	0.126625544966636	0.677802643523086	0.998
Fungi vs Oomycete	Fungi	OTU_67	OTU_67 (OTU_67)	Oomycete	OTU_20	OTU_20 (OTU_20)	0.758815958815959	8.18555355162065e-08	2.28434052603367e-06	0.448648648648649	0.00606082896650122	0.298126090674323	FALSE	0.0395659948480015	0.713177038473709	0.984
Bacteria vs Oomycete	Bacteria	OTU_4	Janthinobacterium (OTU_4)	Oomycete	OTU_15	Pythium (OTU_15)	0.596396396396397	0.000123703608486413	0.000789597500977107	0.448391248391248	0.00609351517432828	0.298126090674323	FALSE	-0.0244608341338754	0.668138794245316	0.972
Bacteria vs Fungi	Bacteria	OTU_5	Dolo_23 (OTU_5)	Fungi	OTU_47	agrostis (OTU_47)	-0.392277992277992	0.0179654248836802	0.0443590737868646	-0.443758043758044	0.00670832320082388	0.298126090674323	FALSE	-0.686154590950925	0.0975271010251595	0.948
Bacteria vs Oomycete	Bacteria	OTU_51	Enterobacteriaceae (OTU_51)	Oomycete	OTU_23	Apodachlya (OTU_23)	0.207722007722008	0.224114337703723	0.317142930712816	0.441698841698842	0.00699820999107965	0.298126090674323	FALSE	0.109135263562232	0.716276643981822	0.988
Bacteria vs Oomycete	Bacteria	OTU_83	OTU_83 (OTU_83)	Oomycete	OTU_4	Pythium (OTU_4)	0.629086229086229	3.96391028366576e-05	0.00030688337679993	0.43989703989704	0.00726060626273295	0.298126090674323	FALSE	0.118783408115795	0.787523275317714	0.996
Bacteria vs Fungi	Bacteria	OTU_1	Pseudomonas (OTU_1)	Fungi	OTU_37	Phoma (OTU_37)	0.389446589446589	0.0188869482561893	0.045694229652071	0.438867438867439	0.00741429717045169	0.298126090674323	FALSE	0.180621243029586	0.707072277191	0.998
Fungi vs Oomycete	Fungi	OTU_47	agrostis (OTU_47)	Oomycete	OTU_6	Pythium (OTU_6)	-0.631917631917632	3.56984428444524e-05	0.000287504237673442	-0.438867438867439	0.00741429717045169	0.298126090674323	FALSE	-0.666906012333284	0.0684797707536544	0.966
Fungi vs Oomycete	Fungi	OTU_37	Phoma (OTU_37)	Oomycete	OTU_9	OTU_9 (OTU_9)	0.700643500643501	1.95607765727269e-06	2.57944306453543e-05	0.438610038610039	0.00745315226685807	0.298126090674323	FALSE	0.099143614716888	0.710883657301743	0.99
Fungi vs Oomycete	Fungi	OTU_45	solani (OTU_45)	Oomycete	OTU_20	OTU_20 (OTU_20)	0.672072072072072	7.17015319020451e-06	7.89374663141781e-05	0.436293436293436	0.00781076298075611	0.302146422856041	FALSE	NA	NA	NA
Bacteria vs Fungi	Bacteria	OTU_16	[Kouleothrixaceae] (OTU_16)	Fungi	OTU_44	hispanica (OTU_44)	-0.533333333333333	0.000809979642444484	0.00362677451840814	0.434749034749035	0.00805723794282775	0.302146422856041	TRUE	NA	NA	NA
Bacteria vs Fungi	Bacteria	OTU_83	OTU_83 (OTU_83)	Fungi	OTU_59	OTU_59 (OTU_59)	-0.717631917631918	8.39553966998994e-07	1.48156582411587e-05	-0.431145431145431	0.00865832474496267	0.306786568694489	FALSE	NA	NA	NA
Bacteria vs Fungi	Bacteria	OTU_180	Serratia (OTU_180)	Fungi	OTU_49	caryae (OTU_49)	0.193307593307593	0.258641663499873	0.351893419727719	-0.42960102960103	0.00892741189664443	0.306786568694489	TRUE	NA	NA	NA
Bacteria vs Fungi	Bacteria	OTU_180	Serratia (OTU_180)	Fungi	OTU_44	hispanica (OTU_44)	0.468725868725869	0.00393357037452926	0.012861810488924	0.429086229086229	0.00901867764581496	0.306786568694489	FALSE	NA	NA	NA
Bacteria vs Fungi	Bacteria	OTU_180	Serratia (OTU_180)	Fungi	OTU_67	OTU_67 (OTU_67)	0.135392535392535	0.431093867491679	0.524657850902652	0.428056628056628	0.00920359706083466	0.306786568694489	FALSE	NA	NA	NA
Bacteria vs Oomycete	Bacteria	OTU_48	mitochondria (OTU_48)	Oomycete	OTU_21	Pythium (OTU_21)	0.0754182754182754	0.66199289097546	0.740346196803869	-0.424195624195624	0.00992609524890517	0.321927413478005	TRUE	NA	NA	NA
Bacteria vs Fungi	Bacteria	OTU_180	Serratia (OTU_180)	Fungi	OTU_45	solani (OTU_45)	0.162419562419562	0.343929526060751	0.441406878366739	0.42033462033462	0.0106962732381933	0.322481207674696	FALSE	NA	NA	NA
Bacteria vs Fungi	Bacteria	OTU_153	Polyangiaceae (OTU_153)	Fungi	OTU_67	OTU_67 (OTU_67)	0.177091377091377	0.301489652465436	0.397132363291463	0.42033462033462	0.0106962732381933	0.322481207674696	FALSE	NA	NA	NA
Bacteria vs Oomycete	Bacteria	OTU_153	Polyangiaceae (OTU_153)	Oomycete	OTU_4	Pythium (OTU_4)	0.314285714285714	0.0619322904160862	0.117966267459212	0.42007722007722	0.0107493735891565	0.322481207674696	FALSE	NA	NA	NA
Bacteria vs Oomycete	Bacteria	OTU_24	Agrobacterium (OTU_24)	Oomycete	OTU_15	Pythium (OTU_15)	0.482882882882883	0.00285467592322118	0.0100457803749719	0.414671814671815	0.0119172842026923	0.338453635350248	FALSE	NA	NA	NA
Bacteria vs Fungi	Bacteria	OTU_2	Kineosporiaceae (OTU_2)	Fungi	OTU_67	OTU_67 (OTU_67)	0.265379665379665	0.117751628537069	0.193564320882853	0.414157014157014	0.012033911282504	0.338453635350248	FALSE	NA	NA	NA
Bacteria vs Fungi	Bacteria	OTU_63	OTU_63 (OTU_63)	Fungi	OTU_26	OTU_26 (OTU_26)	-0.128700128700129	0.454419237138787	0.549147114367114	-0.411840411840412	0.0125707583773911	0.338453635350248	FALSE	NA	NA	NA
Bacteria vs Oomycete	Bacteria	OTU_59	Pseudomonadaceae (OTU_59)	Oomycete	OTU_23	Apodachlya (OTU_23)	0.148262548262548	0.388157094469538	0.486209304137208	0.411583011583012	0.012631638479814	0.338453635350248	FALSE	NA	NA	NA
Bacteria vs Oomycete	Bacteria	OTU_71	Polyangiaceae (OTU_71)	Oomycete	OTU_8	Pythium (OTU_8)	0.164993564993565	0.336232380788905	0.434315238909243	0.410810810810811	0.0128157759363542	0.338453635350248	FALSE	NA	NA	NA
Bacteria vs Fungi	Bacteria	OTU_83	OTU_83 (OTU_83)	Fungi	OTU_45	solani (OTU_45)	-0.762934362934363	6.32429846215005e-08	1.85101418404392e-06	-0.40978120978121	0.0130648157851515	0.338453635350248	FALSE	NA	NA	NA
Bacteria vs Fungi	Bacteria	OTU_153	Polyangiaceae (OTU_153)	Fungi	OTU_32	OTU_32 (OTU_32)	0.435521235521236	0.00793318211439061	0.0228841791761269	0.408494208494209	0.0133818504787198	0.338453635350248	FALSE	NA	NA	NA
Bacteria vs Fungi	Bacteria	OTU_71	Polyangiaceae (OTU_71)	Fungi	OTU_37	Phoma (OTU_37)	0.323294723294723	0.0544403496290177	0.105880744821428	0.406949806949807	0.0137708374448716	0.338453635350248	FALSE	NA	NA	NA
Bacteria vs Fungi	Bacteria	OTU_153	Polyangiaceae (OTU_153)	Fungi	OTU_87	discosioides (OTU_87)	0.164736164736165	0.336997294475569	0.434835218678153	-0.406692406692407	0.0138365864036792	0.338453635350248	TRUE	NA	NA	NA
Fungi vs Oomycete	Fungi	OTU_86	AG_A (OTU_86)	Oomycete	OTU_15	Pythium (OTU_15)	0.242471042471043	0.154201449213715	0.238763534266397	0.405662805662806	0.0141022348062603	0.338453635350248	FALSE	NA	NA	NA
Fungi vs Oomycete	Fungi	OTU_59	OTU_59 (OTU_59)	Oomycete	OTU_5	Pythium (OTU_5)	-0.419047619047619	0.0109640181578049	0.0296993719850246	-0.403861003861004	0.0145774602162581	0.342999063911956	FALSE	NA	NA	NA
Bacteria vs Fungi	Bacteria	OTU_19	OTU_19 (OTU_19)	Fungi	OTU_49	caryae (OTU_49)	0.423680823680824	0.0100259778793213	0.0278499385536702	0.401029601029601	0.0153514450098747	0.354264115612492	FALSE	NA	NA	NA
Fungi vs Oomycete	Fungi	OTU_15	chrysanthemicola (OTU_15)	Oomycete	OTU_6	Pythium (OTU_6)	-0.76962676962677	4.11245419179351e-08	1.41767654470101e-06	0.397425997425997	0.0163862002657058	0.36251739006385	TRUE	NA	NA	NA
Bacteria vs Fungi	Bacteria	OTU_2	Kineosporiaceae (OTU_2)	Fungi	OTU_45	solani (OTU_45)	0.279279279279279	0.0990358112424849	0.170018560072935	0.397168597168597	0.0164622971987701	0.36251739006385	FALSE	NA	NA	NA
Bacteria vs Fungi	Bacteria	OTU_2	Kineosporiaceae (OTU_2)	Fungi	OTU_18	OTU_18 (OTU_18)	-0.00617760617760618	0.971475471871122	0.981288355425376	-0.396653796653797	0.0166153803779265	0.36251739006385	FALSE	NA	NA	NA
Bacteria vs Oomycete	Bacteria	OTU_42	[Kouleothrixaceae] (OTU_42)	Oomycete	OTU_20	OTU_20 (OTU_20)	-0.657915057915058	1.29729006817246e-05	0.000126564884699752	0.391763191763192	0.0181301193078632	0.37681942161774	TRUE	NA	NA	NA
Fungi vs Oomycete	Fungi	OTU_59	OTU_59 (OTU_59)	Oomycete	OTU_2	Albugo (OTU_2)	-0.769111969111969	4.25302963410302e-08	1.41767654470101e-06	-0.391763191763192	0.0181301193078632	0.37681942161774	FALSE	NA	NA	NA
Bacteria vs Fungi	Bacteria	OTU_4090	Pseudomonadaceae (OTU_4090)	Fungi	OTU_37	Phoma (OTU_37)	0.425225225225225	0.0097288668247951	0.027277196705033	0.391505791505792	0.0182129387115241	0.37681942161774	FALSE	NA	NA	NA
Fungi vs Oomycete	Fungi	OTU_86	AG_A (OTU_86)	Oomycete	OTU_7	Pythium (OTU_7)	-0.0821106821106821	0.634015657900212	0.715727929896759	-0.389189189189189	0.0189726451391036	0.385884307913972	FALSE	NA	NA	NA
Bacteria vs Oomycete	Bacteria	OTU_4	Janthinobacterium (OTU_4)	Oomycete	OTU_2	Albugo (OTU_2)	-0.0661518661518662	0.701479648664109	0.774402556022935	-0.388159588159588	0.0193186857027362	0.386373714054725	FALSE	NA	NA	NA
Fungi vs Oomycete	Fungi	OTU_26	OTU_26 (OTU_26)	Oomycete	OTU_33	Hyaloperonospora (OTU_33)	0.4002574002574	0.0155684272006828	0.0397491758315306	0.387129987129987	0.0196699761644588	0.386950350776238	FALSE	NA	NA	NA
Bacteria vs Oomycete	Bacteria	OTU_19	OTU_19 (OTU_19)	Oomycete	OTU_12	Pythium (OTU_12)	-0.509395109395109	0.00150824510395847	0.00589542060179206	-0.385842985842986	0.0201165639272642	0.389352850205114	FALSE	NA	NA	NA
Fungi vs Oomycete	Fungi	OTU_5	OTU_5 (OTU_5)	Oomycete	OTU_8	Pythium (OTU_8)	-0.0460746460746461	0.789597597536954	0.849029674770919	0.383526383526384	0.0209417108781223	0.398889731011853	TRUE	NA	NA	NA
Bacteria vs Fungi	Bacteria	OTU_36	OTU_36 (OTU_36)	Fungi	OTU_86	AG_A (OTU_86)	0.43989703989704	0.00726060626273295	0.0213547243021557	0.380952380952381	0.0218913746775537	0.402609368671565	FALSE	NA	NA	NA
Bacteria vs Oomycete	Bacteria	OTU_153	Polyangiaceae (OTU_153)	Oomycete	OTU_25	OTU_25 (OTU_25)	0.276190476190476	0.102984784360777	0.175293249975791	0.377606177606178	0.0231791640822993	0.402609368671565	FALSE	NA	NA	NA
Fungi vs Oomycete	Fungi	OTU_87	discosioides (OTU_87)	Oomycete	OTU_4	Pythium (OTU_4)	0.463063063063063	0.00445520730740134	0.0142947828044963	-0.377348777348777	0.0232807723381827	0.402609368671565	TRUE	NA	NA	NA
Bacteria vs Fungi	Bacteria	OTU_4090	Pseudomonadaceae (OTU_4090)	Fungi	OTU_59	OTU_59 (OTU_59)	0.393050193050193	0.017720730454296	0.0438451062786706	0.376576576576577	0.0235878146223085	0.402609368671565	FALSE	NA	NA	NA
Bacteria vs Oomycete	Bacteria	OTU_83	OTU_83 (OTU_83)	Oomycete	OTU_5	Pythium (OTU_5)	0.397683397683398	0.0163103985889405	0.0412052174878496	0.376576576576577	0.0235878146223085	0.402609368671565	FALSE	NA	NA	NA
Bacteria vs Fungi	Bacteria	OTU_1	Pseudomonas (OTU_1)	Fungi	OTU_26	OTU_26 (OTU_26)	0.536422136422137	0.000745024011976741	0.00341232371897744	0.376319176319176	0.0236909045689435	0.402609368671565	FALSE	NA	NA	NA
Bacteria vs Fungi	Bacteria	OTU_51	Enterobacteriaceae (OTU_51)	Fungi	OTU_49	caryae (OTU_49)	0.28983268983269	0.0864101591099052	0.154533816589994	-0.376319176319176	0.0236909045689434	0.402609368671565	TRUE	NA	NA	NA
Bacteria vs Fungi	Bacteria	OTU_42	[Kouleothrixaceae] (OTU_42)	Fungi	OTU_30	Cadophora (OTU_30)	0.523294723294723	0.00105707684704721	0.00451420717600232	0.374517374517375	0.0244230329571205	0.402609368671565	FALSE	NA	NA	NA
Fungi vs Oomycete	Fungi	OTU_86	AG_A (OTU_86)	Oomycete	OTU_8	Pythium (OTU_8)	-0.105019305019305	0.542148429375966	0.634710356342594	-0.373745173745174	0.0247424823180263	0.402609368671565	FALSE	NA	NA	NA
Bacteria vs Fungi	Bacteria	OTU_51	Enterobacteriaceae (OTU_51)	Fungi	OTU_32	OTU_32 (OTU_32)	0.238867438867439	0.160607974110232	0.245515374436023	0.373487773487774	0.0248497302376409	0.402609368671565	FALSE	NA	NA	NA
Fungi vs Oomycete	Fungi	OTU_86	AG_A (OTU_86)	Oomycete	OTU_20	OTU_20 (OTU_20)	0.284169884169884	0.0930206876417342	0.163913105976624	0.373230373230373	0.0249573622590323	0.402609368671565	FALSE	NA	NA	NA
Bacteria vs Oomycete	Bacteria	OTU_1	Pseudomonas (OTU_1)	Oomycete	OTU_19	Pythium (OTU_19)	-0.267181467181467	0.115186225008726	0.190128569477952	0.372715572715573	0.0251737827017962	0.402609368671565	TRUE	NA	NA	NA
Fungi vs Oomycete	Fungi	OTU_30	Cadophora (OTU_30)	Oomycete	OTU_9	OTU_9 (OTU_9)	-0.552380952380953	0.000477476666112767	0.00234824589891525	-0.371685971685972	0.0256112779259155	0.402609368671565	FALSE	NA	NA	NA
Fungi vs Oomycete	Fungi	OTU_87	discosioides (OTU_87)	Oomycete	OTU_25	OTU_25 (OTU_25)	-0.115572715572716	0.502081377963196	0.59535341260458	-0.370656370656371	0.0260550338733514	0.402609368671565	FALSE	NA	NA	NA
Fungi vs Oomycete	Fungi	OTU_67	OTU_67 (OTU_67)	Oomycete	OTU_19	Pythium (OTU_19)	-0.416988416988417	0.0114042304253428	0.0306153836921954	0.36988416988417	0.0263919992603173	0.402609368671565	TRUE	NA	NA	NA
Bacteria vs Oomycete	Bacteria	OTU_1	Pseudomonas (OTU_1)	Oomycete	OTU_6	Pythium (OTU_6)	-0.505791505791506	0.00164984057042219	0.00638647962744075	-0.36962676962677	0.026505116770878	0.402609368671565	FALSE	NA	NA	NA
Bacteria vs Fungi	Bacteria	OTU_153	Polyangiaceae (OTU_153)	Fungi	OTU_25	Tetracladium (OTU_25)	0.0990990990990991	0.565271818558612	0.654123608746706	0.367567567567568	0.0274245300219331	0.406201643432356	FALSE	NA	NA	NA
Fungi vs Oomycete	Fungi	OTU_64	OTU_64 (OTU_64)	Oomycete	OTU_20	OTU_20 (OTU_20)	0.574774774774775	0.000245989460203141	0.0013478874531679	0.366280566280566	0.0280123884985149	0.406201643432356	FALSE	NA	NA	NA
Fungi vs Oomycete	Fungi	OTU_64	OTU_64 (OTU_64)	Oomycete	OTU_5	Pythium (OTU_5)	-0.588931788931789	0.000157703802935172	0.00095578062384953	-0.365508365508366	0.0283700542386277	0.406201643432356	FALSE	NA	NA	NA
Bacteria vs Oomycete	Bacteria	OTU_5	Dolo_23 (OTU_5)	Oomycete	OTU_4	Pythium (OTU_4)	-0.216731016731017	0.204210065834524	0.295599612788214	-0.364993564993565	0.0286105785132489	0.406201643432356	FALSE	NA	NA	NA
Fungi vs Oomycete	Fungi	OTU_92	OTU_92 (OTU_92)	Oomycete	OTU_21	Pythium (OTU_21)	0.656885456885457	1.35283061578233e-05	0.000129871739115104	-0.364478764478764	0.0288527770796961	0.406201643432356	TRUE	NA	NA	NA
Bacteria vs Oomycete	Bacteria	OTU_36	OTU_36 (OTU_36)	Oomycete	OTU_4	Pythium (OTU_4)	0.658429858429859	1.27030524755411e-05	0.00012494805713647	0.364221364221364	0.0289745068893824	0.406201643432356	FALSE	NA	NA	NA
Bacteria vs Oomycete	Bacteria	OTU_2	Kineosporiaceae (OTU_2)	Oomycete	OTU_9	OTU_9 (OTU_9)	0.0352638352638353	0.838213448739316	0.885436741626037	-0.362676962676963	0.0297137805422526	0.406201643432356	TRUE	NA	NA	NA
Bacteria vs Fungi	Bacteria	OTU_1	Pseudomonas (OTU_1)	Fungi	OTU_92	OTU_92 (OTU_92)	0.381981981981982	0.0215073035369096	0.0507048413443841	0.361904761904762	0.0300891837774103	0.406201643432356	FALSE	NA	NA	NA
Bacteria vs Oomycete	Bacteria	OTU_24	Agrobacterium (OTU_24)	Oomycete	OTU_9	OTU_9 (OTU_9)	0.221879021879022	0.193404838594889	0.283377052886284	0.361647361647362	0.0302151796537482	0.406201643432356	FALSE	NA	NA	NA
Bacteria vs Fungi	Bacteria	OTU_59	Pseudomonadaceae (OTU_59)	Fungi	OTU_26	OTU_26 (OTU_26)	0.730501930501931	4.24383569417092e-07	9.09393363036625e-06	0.360875160875161	0.0305957668135266	0.406201643432356	FALSE	NA	NA	NA
Bacteria vs Oomycete	Bacteria	OTU_51	Enterobacteriaceae (OTU_51)	Oomycete	OTU_33	Hyaloperonospora (OTU_33)	0.124581724581725	0.469103909345776	0.564618546855497	0.360875160875161	0.0305957668135266	0.406201643432356	FALSE	NA	NA	NA
Fungi vs Oomycete	Fungi	OTU_59	OTU_59 (OTU_59)	Oomycete	OTU_8	Pythium (OTU_8)	0.545688545688546	0.000576966821844873	0.00278056299684276	0.35984555984556	0.03110932241954	0.406201643432356	FALSE	NA	NA	NA
Fungi vs Oomycete	Fungi	OTU_1	Coprinopsis (OTU_1)	Oomycete	OTU_6	Pythium (OTU_6)	-0.34002574002574	0.0424521639003449	0.0878320632420929	-0.359073359073359	0.0314991067401253	0.406201643432356	FALSE	NA	NA	NA
Fungi vs Oomycete	Fungi	OTU_87	discosioides (OTU_87)	Oomycete	OTU_7	Pythium (OTU_7)	0.0216216216216216	0.900392279654939	0.929837121846753	-0.358815958815959	0.0316299202114742	0.406201643432356	TRUE	NA	NA	NA
Bacteria vs Fungi	Bacteria	OTU_23	[Kouleothrixaceae] (OTU_23)	Fungi	OTU_25	Tetracladium (OTU_25)	-0.69034749034749	3.17679995611721e-06	3.81215994734065e-05	-0.357786357786358	0.0321576301050615	0.406201643432356	FALSE	NA	NA	NA
Bacteria vs Oomycete	Bacteria	OTU_42	[Kouleothrixaceae] (OTU_42)	Oomycete	OTU_23	Apodachlya (OTU_23)	-0.671299871299871	7.41188731369231e-06	8.0856952513007e-05	0.357786357786358	0.0321576301050615	0.406201643432356	TRUE	NA	NA	NA
Fungi vs Oomycete	Fungi	OTU_1	Coprinopsis (OTU_1)	Oomycete	OTU_5	Pythium (OTU_5)	0.486743886743887	0.00260950852154561	0.0092645272954282	0.354697554697555	0.0337841359562542	0.422301699453177	FALSE	NA	NA	NA
Bacteria vs Oomycete	Bacteria	OTU_153	Polyangiaceae (OTU_153)	Oomycete	OTU_20	OTU_20 (OTU_20)	0.272586872586873	0.107741757246501	0.180572777508102	0.352638352638353	0.0349053285697512	0.42915411246707	FALSE	NA	NA	NA
Bacteria vs Fungi	Bacteria	OTU_36	OTU_36 (OTU_36)	Fungi	OTU_1	Coprinopsis (OTU_1)	0.173487773487774	0.31159067089012	0.406864858616044	-0.352380952380952	0.0350475858514774	0.42915411246707	TRUE	NA	NA	NA
Bacteria vs Fungi	Bacteria	OTU_1	Pseudomonas (OTU_1)	Fungi	OTU_30	Cadophora (OTU_30)	0.135907335907336	0.429327537142774	0.524113948846511	-0.350836550836551	0.0359110855519678	0.435285885478398	TRUE	NA	NA	NA
Bacteria vs Oomycete	Bacteria	OTU_83	OTU_83 (OTU_83)	Oomycete	OTU_1	Pythium (OTU_1)	0.607464607464608	8.53339733707636e-05	0.00058514724597095	0.348262548262548	0.0373886905394877	0.441228349929269	FALSE	NA	NA	NA
Bacteria vs Oomycete	Bacteria	OTU_16	[Kouleothrixaceae] (OTU_16)	Oomycete	OTU_19	Pythium (OTU_19)	0.390990990990991	0.0183795265010103	0.0451031325178167	-0.346203346203346	0.0386060225253038	0.441228349929269	TRUE	NA	NA	NA
Bacteria vs Oomycete	Bacteria	OTU_51	Enterobacteriaceae (OTU_51)	Oomycete	OTU_20	OTU_20 (OTU_20)	0.252252252252252	0.137750336528688	0.22010706236275	0.345431145431145	0.0390707313906088	0.441228349929269	FALSE	NA	NA	NA
Bacteria vs Oomycete	Bacteria	OTU_2	Kineosporiaceae (OTU_2)	Oomycete	OTU_20	OTU_20 (OTU_20)	0.26023166023166	0.125317204475479	0.203217088338615	0.345173745173745	0.0392266385845859	0.441228349929269	FALSE	NA	NA	NA
Bacteria vs Fungi	Bacteria	OTU_1	Pseudomonas (OTU_1)	Fungi	OTU_15	chrysanthemicola (OTU_15)	0.285714285714286	0.0911805695468271	0.161619916478866	-0.344658944658945	0.0395399662227335	0.441228349929269	TRUE	NA	NA	NA
Bacteria vs Fungi	Bacteria	OTU_71	Polyangiaceae (OTU_71)	Fungi	OTU_59	OTU_59 (OTU_59)	0.310682110682111	0.0651479645281662	0.12330845021104	0.344658944658945	0.0395399662227336	0.441228349929269	FALSE	NA	NA	NA
Bacteria vs Fungi	Bacteria	OTU_180	Serratia (OTU_180)	Fungi	OTU_18	OTU_18 (OTU_18)	0.0980694980694981	0.569338978660967	0.6575618617836	-0.344144144144144	0.0398553191973741	0.441228349929269	TRUE	NA	NA	NA
Fungi vs Oomycete	Fungi	OTU_37	Phoma (OTU_37)	Oomycete	OTU_15	Pythium (OTU_15)	0.101158301158301	0.557177762581669	0.64788111928101	0.344144144144144	0.0398553191973741	0.441228349929269	FALSE	NA	NA	NA
Fungi vs Oomycete	Fungi	OTU_26	OTU_26 (OTU_26)	Oomycete	OTU_20	OTU_20 (OTU_20)	0.0146718146718147	0.93231817366464	0.952154730551122	0.343886743886744	0.0400137580652842	0.441228349929269	FALSE	NA	NA	NA
Fungi vs Oomycete	Fungi	OTU_26	OTU_26 (OTU_26)	Oomycete	OTU_19	Pythium (OTU_19)	-0.05997425997426	0.728246516367515	0.793729173152605	0.343371943371943	0.0403321663287572	0.441228349929269	TRUE	NA	NA	NA
Bacteria vs Oomycete	Bacteria	OTU_4	Janthinobacterium (OTU_4)	Oomycete	OTU_19	Pythium (OTU_19)	-0.307850707850708	0.067765647744453	0.127458898578908	0.343114543114543	0.0404921380335099	0.441228349929269	TRUE	NA	NA	NA
Fungi vs Oomycete	Fungi	OTU_32	OTU_32 (OTU_32)	Oomycete	OTU_12	Pythium (OTU_12)	-0.354182754182754	0.0340616388178023	0.0736467866330861	0.342599742599743	0.0408136223684574	0.441228349929269	TRUE	NA	NA	NA
Fungi vs Oomycete	Fungi	OTU_86	AG_A (OTU_86)	Oomycete	OTU_6	Pythium (OTU_6)	-0.334620334620335	0.0460661005618854	0.0924403355756898	-0.338738738738739	0.0432911316527884	0.459267808368691	FALSE	NA	NA	NA
Bacteria vs Fungi	Bacteria	OTU_327	viridiflava (OTU_327)	Fungi	OTU_49	caryae (OTU_49)	0.372972972972973	0.0250653794055227	0.0572922957840518	0.338223938223938	0.0436304417950256	0.459267808368691	FALSE	NA	NA	NA
Bacteria vs Oomycete	Bacteria	OTU_36	OTU_36 (OTU_36)	Oomycete	OTU_8	Pythium (OTU_8)	-0.549292149292149	0.000521319593370496	0.00254302240668534	-0.338223938223938	0.0436304417950256	0.459267808368691	FALSE	NA	NA	NA
Fungi vs Oomycete	Fungi	OTU_87	discosioides (OTU_87)	Oomycete	OTU_15	Pythium (OTU_15)	-0.0640926640926641	0.710364536093262	0.78133587837939	-0.337451737451737	0.0441434252392593	0.460627045974879	FALSE	NA	NA	NA
Bacteria vs Fungi	Bacteria	OTU_1	Pseudomonas (OTU_1)	Fungi	OTU_32	OTU_32 (OTU_32)	0.198712998712999	0.245303842260449	0.338739482983358	-0.336422136422136	0.0448349531249195	0.462741945548347	TRUE	NA	NA	NA
Bacteria vs Fungi	Bacteria	OTU_24	Agrobacterium (OTU_24)	Fungi	OTU_86	AG_A (OTU_86)	0.635006435006435	3.18070837367794e-05	0.000257895273541454	0.335907335907336	0.0451839739130182	0.462741945548347	FALSE	NA	NA	NA
Bacteria vs Fungi	Bacteria	OTU_59	Pseudomonadaceae (OTU_59)	Fungi	OTU_86	AG_A (OTU_86)	0.271814671814672	0.108782379998542	0.18155612795306	0.335135135135135	0.0457116026343919	0.462741945548347	FALSE	NA	NA	NA
Bacteria vs Fungi	Bacteria	OTU_327	viridiflava (OTU_327)	Fungi	OTU_67	OTU_67 (OTU_67)	0.247876447876448	0.144942479028038	0.228037551067703	0.334877734877735	0.0458885762668778	0.462741945548347	FALSE	NA	NA	NA
Bacteria vs Oomycete	Bacteria	OTU_16	[Kouleothrixaceae] (OTU_16)	Oomycete	OTU_20	OTU_20 (OTU_20)	-0.704504504504505	1.62232330103038e-06	2.31760471575768e-05	0.334105534105534	0.0464228058637244	0.464228058637244	TRUE	NA	NA	NA
Fungi vs Oomycete	Fungi	OTU_44	hispanica (OTU_44)	Oomycete	OTU_23	Apodachlya (OTU_23)	0.707078507078507	1.42974202801951e-06	2.11813633780668e-05	0.331788931788932	0.0480555497313974	0.470418607026976	FALSE	NA	NA	NA
Bacteria vs Fungi	Bacteria	OTU_2	Kineosporiaceae (OTU_2)	Fungi	OTU_32	OTU_32 (OTU_32)	0.238610038610039	0.161072821975398	0.245912705305951	0.331274131274131	0.0484245648717369	0.470418607026976	FALSE	NA	NA	NA
Bacteria vs Fungi	Bacteria	OTU_59	Pseudomonadaceae (OTU_59)	Fungi	OTU_1	Coprinopsis (OTU_1)	0.111969111969112	0.515592424056661	0.609515451515692	0.331016731016731	0.0486099227261209	0.470418607026976	FALSE	NA	NA	NA
Fungi vs Oomycete	Fungi	OTU_92	OTU_92 (OTU_92)	Oomycete	OTU_19	Pythium (OTU_19)	-0.444787644787645	0.00656728579209996	0.0197018573762999	0.331016731016731	0.0486099227261209	0.470418607026976	TRUE	NA	NA	NA
Bacteria vs Oomycete	Bacteria	OTU_24	Agrobacterium (OTU_24)	Oomycete	OTU_1	Pythium (OTU_1)	-0.508622908622909	0.00153765320554726	0.00599085664498932	-0.33024453024453	0.0491694117017398	0.472026352336702	FALSE	NA	NA	NA
Bacteria vs Fungi	Bacteria	OTU_83	OTU_83 (OTU_83)	Fungi	OTU_16	elongata (OTU_16)	0.433462033462033	0.00826768245599671	0.0236219498742763	0.328957528957529	0.0501133495058111	0.476695251022205	FALSE	NA	NA	NA
Fungi vs Oomycete	Fungi	OTU_37	Phoma (OTU_37)	Oomycete	OTU_20	OTU_20 (OTU_20)	0.673616473616474	6.70812590071837e-06	7.52313185127293e-05	-0.327927927927928	0.0508788961985683	0.476695251022205	TRUE	NA	NA	NA
Bacteria vs Fungi	Bacteria	OTU_59	Pseudomonadaceae (OTU_59)	Fungi	OTU_49	caryae (OTU_49)	0.341570141570142	0.041462787158162	0.0863808065795042	0.327670527670528	0.0510717367779816	0.476695251022205	FALSE	NA	NA	NA
Fungi vs Oomycete	Fungi	OTU_49	caryae (OTU_49)	Oomycete	OTU_7	Pythium (OTU_7)	0.464607464607465	0.00430732820435319	0.0138573561534151	0.326126126126126	0.0522410852015786	0.476695251022205	FALSE	NA	NA	NA
Bacteria vs Oomycete	Bacteria	OTU_36	OTU_36 (OTU_36)	Oomycete	OTU_20	OTU_20 (OTU_20)	-0.421621621621622	0.0104340991094243	0.0287177039708926	0.325868725868726	0.0524380386110163	0.476695251022205	TRUE	NA	NA	NA
Bacteria vs Fungi	Bacteria	OTU_19	OTU_19 (OTU_19)	Fungi	OTU_18	OTU_18 (OTU_18)	0.308108108108108	0.0675243159750142	0.127204362904265	0.325611325611326	0.0526355843621568	0.476695251022205	FALSE	NA	NA	NA
Fungi vs Oomycete	Fungi	OTU_86	AG_A (OTU_86)	Oomycete	OTU_33	Hyaloperonospora (OTU_33)	0.231145431145431	0.174978625355067	0.260837702392647	0.325611325611326	0.0526355843621568	0.476695251022205	FALSE	NA	NA	NA
Bacteria vs Fungi	Bacteria	OTU_51	Enterobacteriaceae (OTU_51)	Fungi	OTU_67	OTU_67 (OTU_67)	0.214671814671815	0.208647382808665	0.299852526192094	0.325353925353925	0.0528337236549611	0.476695251022205	FALSE	NA	NA	NA
Bacteria vs Fungi	Bacteria	OTU_5	Dolo_23 (OTU_5)	Fungi	OTU_59	OTU_59 (OTU_59)	-0.23989703989704	0.158758263323828	0.243618818399736	0.324066924066924	0.0538333652718013	0.478518802416012	TRUE	NA	NA	NA
Bacteria vs Oomycete	Bacteria	OTU_16	[Kouleothrixaceae] (OTU_16)	Oomycete	OTU_21	Pythium (OTU_21)	-0.606692406692407	8.76128034949318e-05	0.000593985108440216	-0.324066924066924	0.0538333652718013	0.478518802416012	FALSE	NA	NA	NA
Bacteria vs Oomycete	Bacteria	OTU_59	Pseudomonadaceae (OTU_59)	Oomycete	OTU_12	Pythium (OTU_12)	-0.396653796653797	0.0166153803779265	0.0417996990639659	-0.320978120978121	0.0562940682107373	0.491245796714353	FALSE	NA	NA	NA
Fungi vs Oomycete	Fungi	OTU_26	OTU_26 (OTU_26)	Oomycete	OTU_3	Hyaloperonospora (OTU_3)	0.478249678249678	0.00317517400971743	0.0108863108904598	-0.320720720720721	0.0565030968951349	0.491245796714353	TRUE	NA	NA	NA
Bacteria vs Oomycete	Bacteria	OTU_19	OTU_19 (OTU_19)	Oomycete	OTU_24	Pythium (OTU_24)	0.38996138996139	0.0187165238597763	0.0455574617276502	0.32046332046332	0.0567127419928103	0.491245796714353	FALSE	NA	NA	NA
Fungi vs Oomycete	Fungi	OTU_25	Tetracladium (OTU_25)	Oomycete	OTU_24	Pythium (OTU_24)	-0.639382239382239	2.69508765390135e-05	0.00023000066930253	0.31969111969112	0.057345387837664	0.491245796714353	TRUE	NA	NA	NA
Bacteria vs Fungi	Bacteria	OTU_24	Agrobacterium (OTU_24)	Fungi	OTU_49	caryae (OTU_49)	0.236550836550837	0.164826587491251	0.250369499986711	-0.319433719433719	0.0575575106619813	0.491245796714353	TRUE	NA	NA	NA
Bacteria vs Oomycete	Bacteria	OTU_23	[Kouleothrixaceae] (OTU_23)	Oomycete	OTU_20	OTU_20 (OTU_20)	-0.757786357786358	8.72394492458471e-08	2.37925770670492e-06	0.319176319176319	0.0577702559376846	0.491245796714353	TRUE	NA	NA	NA
Bacteria vs Oomycete	Bacteria	OTU_4090	Pseudomonadaceae (OTU_4090)	Oomycete	OTU_21	Pythium (OTU_21)	0.187129987129987	0.27446221829848	0.370061417930535	-0.318404118404118	0.0584122385583492	0.491245796714353	TRUE	NA	NA	NA
Bacteria vs Fungi	Bacteria	OTU_1	Pseudomonas (OTU_1)	Fungi	OTU_59	OTU_59 (OTU_59)	0.344916344916345	0.0393830498120381	0.0827664794648786	0.318146718146718	0.0586274857260172	0.491245796714353	FALSE	NA	NA	NA
Bacteria vs Oomycete	Bacteria	OTU_4	Janthinobacterium (OTU_4)	Oomycete	OTU_5	Pythium (OTU_5)	0.337709137709138	0.0439718934310612	0.0895862005386646	-0.316344916344916	0.0601518815291355	0.491245796714353	TRUE	NA	NA	NA
Bacteria vs Oomycete	Bacteria	OTU_48	mitochondria (OTU_48)	Oomycete	OTU_15	Pythium (OTU_15)	0.492664092664093	0.00226925406096154	0.0082769145080664	0.316087516087516	0.0603721905409984	0.491245796714353	FALSE	NA	NA	NA
Fungi vs Oomycete	Fungi	OTU_37	Phoma (OTU_37)	Oomycete	OTU_24	Pythium (OTU_24)	-0.67953667953668	5.17756315295574e-06	5.91721503194941e-05	-0.315057915057915	0.0612598204731259	0.491245796714353	FALSE	NA	NA	NA
Fungi vs Oomycete	Fungi	OTU_16	elongata (OTU_16)	Oomycete	OTU_23	Apodachlya (OTU_23)	-0.664607464607465	9.84003833919104e-06	0.000101793500060597	-0.315057915057915	0.0612598204731259	0.491245796714353	FALSE	NA	NA	NA
Bacteria vs Fungi	Bacteria	OTU_4	Janthinobacterium (OTU_4)	Fungi	OTU_37	Phoma (OTU_37)	0.266924066924067	0.115550118467962	0.190467228243893	0.314285714285714	0.0619322904160862	0.491245796714353	FALSE	NA	NA	NA
Bacteria vs Fungi	Bacteria	OTU_1	Pseudomonas (OTU_1)	Fungi	OTU_86	AG_A (OTU_86)	0.456370656370656	0.00514790066888541	0.0161291926962467	0.313770913770914	0.0623838349770467	0.491245796714353	FALSE	NA	NA	NA
Fungi vs Oomycete	Fungi	OTU_47	agrostis (OTU_47)	Oomycete	OTU_12	Pythium (OTU_12)	-0.561389961389961	0.000367733799086582	0.00188581435429016	-0.313256113256113	0.0628379758610642	0.491245796714353	FALSE	NA	NA	NA
Fungi vs Oomycete	Fungi	OTU_16	elongata (OTU_16)	Oomycete	OTU_20	OTU_20 (OTU_20)	-0.596911196911197	0.000121622239754759	0.000780463570618777	-0.312998712998713	0.0630660229542554	0.491245796714353	FALSE	NA	NA	NA
Bacteria vs Oomycete	Bacteria	OTU_327	viridiflava (OTU_327)	Oomycete	OTU_12	Pythium (OTU_12)	-0.220592020592021	0.196067740444676	0.285189440646802	-0.312483912483912	0.0635240765036856	0.491245796714353	FALSE	NA	NA	NA
Fungi vs Oomycete	Fungi	OTU_64	OTU_64 (OTU_64)	Oomycete	OTU_15	Pythium (OTU_15)	-0.111711711711712	0.516564345159549	0.609515451515692	-0.312483912483912	0.0635240765036856	0.491245796714353	FALSE	NA	NA	NA
Fungi vs Oomycete	Fungi	OTU_64	OTU_64 (OTU_64)	Oomycete	OTU_9	OTU_9 (OTU_9)	0.535135135135135	0.000771505382000383	0.00352017664791049	-0.312226512226512	0.0637540853843707	0.491245796714353	TRUE	NA	NA	NA
Fungi vs Oomycete	Fungi	OTU_47	agrostis (OTU_47)	Oomycete	OTU_25	OTU_25 (OTU_25)	-0.534620334620335	0.000782329253561697	0.00354262303499636	-0.311454311454311	0.0644480549978889	0.491245796714353	FALSE	NA	NA	NA
Bacteria vs Oomycete	Bacteria	OTU_1	Pseudomonas (OTU_1)	Oomycete	OTU_23	Apodachlya (OTU_23)	0.327155727155727	0.0514591709968414	0.101899348508597	0.311196911196911	0.0646806965673899	0.491245796714353	FALSE	NA	NA	NA
Fungi vs Oomycete	Fungi	OTU_47	agrostis (OTU_47)	Oomycete	OTU_7	Pythium (OTU_7)	0.701158301158301	1.90821024994364e-06	2.57944306453543e-05	0.311196911196911	0.0646806965673899	0.491245796714353	FALSE	NA	NA	NA
Fungi vs Oomycete	Fungi	OTU_49	caryae (OTU_49)	Oomycete	OTU_15	Pythium (OTU_15)	0.00617760617760618	0.971475471871122	0.981288355425376	-0.311196911196911	0.0646806965673897	0.491245796714353	TRUE	NA	NA	NA
Bacteria vs Oomycete	Bacteria	OTU_51	Enterobacteriaceae (OTU_51)	Oomycete	OTU_1	Pythium (OTU_1)	-0.467181467181467	0.00407029564856415	0.0132009588602081	-0.31042471042471	0.0653825933442145	0.493453534673317	FALSE	NA	NA	NA
Fungi vs Oomycete	Fungi	OTU_45	solani (OTU_45)	Oomycete	OTU_33	Hyaloperonospora (OTU_33)	-0.7001287001287	2.00504269178083e-06	2.61527307623586e-05	0.307335907335907	0.0682503433795947	0.502700644406889	TRUE	NA	NA	NA
Bacteria vs Fungi	Bacteria	OTU_42	[Kouleothrixaceae] (OTU_42)	Fungi	OTU_18	OTU_18 (OTU_18)	0.605148005148005	9.23357469383518e-05	0.000619010594000124	-0.307078507078507	0.0684937096685856	0.502700644406889	TRUE	NA	NA	NA
Bacteria vs Fungi	Bacteria	OTU_19	OTU_19 (OTU_19)	Fungi	OTU_32	OTU_32 (OTU_32)	0.265379665379665	0.117751628537069	0.193564320882853	-0.306821106821107	0.068737756553857	0.502700644406889	TRUE	NA	NA	NA
Bacteria vs Fungi	Bacteria	OTU_5	Dolo_23 (OTU_5)	Fungi	OTU_87	discosioides (OTU_87)	-0.0525096525096525	0.76101449261671	0.822718370396444	0.306306306306306	0.0692278969584817	0.502700644406889	TRUE	NA	NA	NA
Bacteria vs Fungi	Bacteria	OTU_19	OTU_19 (OTU_19)	Fungi	OTU_1	Coprinopsis (OTU_1)	0.260746460746461	0.124544764492948	0.202511812183655	0.305791505791506	0.0697207742825521	0.502700644406889	FALSE	NA	NA	NA
Bacteria vs Oomycete	Bacteria	OTU_327	viridiflava (OTU_327)	Oomycete	OTU_25	OTU_25 (OTU_25)	0.199485199485199	0.243436780443404	0.336548544391802	-0.305534105534106	0.0699682423165621	0.502700644406889	TRUE	NA	NA	NA
Fungi vs Oomycete	Fungi	OTU_44	hispanica (OTU_44)	Oomycete	OTU_11	Pythium (OTU_11)	0.791763191763192	8.88668612660784e-09	5.3320116759647e-07	0.305534105534106	0.0699682423165625	0.502700644406889	FALSE	NA	NA	NA
Bacteria vs Fungi	Bacteria	OTU_48	mitochondria (OTU_48)	Fungi	OTU_47	agrostis (OTU_47)	0.231145431145431	0.174978625355067	0.260837702392647	0.305276705276705	0.0702163982127274	0.502700644406889	FALSE	NA	NA	NA
Bacteria vs Fungi	Bacteria	OTU_327	viridiflava (OTU_327)	Fungi	OTU_26	OTU_26 (OTU_26)	0.541312741312741	0.000651590806331654	0.00304244734473924	0.304504504504505	0.070965005177317	0.502700644406889	FALSE	NA	NA	NA
Bacteria vs Oomycete	Bacteria	OTU_153	Polyangiaceae (OTU_153)	Oomycete	OTU_3	Hyaloperonospora (OTU_3)	0.117117117117117	0.496346226255429	0.589718288620311	-0.304504504504505	0.070965005177317	0.502700644406889	TRUE	NA	NA	NA
Fungi vs Oomycete	Fungi	OTU_18	OTU_18 (OTU_18)	Oomycete	OTU_12	Pythium (OTU_12)	-0.709137709137709	1.29102575405827e-06	2.01198818814276e-05	-0.304247104247104	0.0712159246243093	0.502700644406889	FALSE	NA	NA	NA
Bacteria vs Oomycete	Bacteria	OTU_71	Polyangiaceae (OTU_71)	Oomycete	OTU_15	Pythium (OTU_15)	0.52020592020592	0.00114545071591432	0.00477271131630967	0.302187902187902	0.0732483626020974	0.514023597207701	FALSE	NA	NA	NA
Bacteria vs Oomycete	Bacteria	OTU_4	Janthinobacterium (OTU_4)	Oomycete	OTU_23	Apodachlya (OTU_23)	0.327670527670528	0.0510717367779816	0.101467026711222	0.301673101673102	0.073763483741626	0.514628956336926	FALSE	NA	NA	NA
Bacteria vs Oomycete	Bacteria	OTU_327	viridiflava (OTU_327)	Oomycete	OTU_19	Pythium (OTU_19)	-0.236036036036036	0.165774776951213	0.251173904471535	0.300643500643501	0.0748022076131789	0.515877293883992	TRUE	NA	NA	NA
Fungi vs Oomycete	Fungi	OTU_1	Coprinopsis (OTU_1)	Oomycete	OTU_20	OTU_20 (OTU_20)	0.1003861003861	0.560206708165744	0.649515023960283	-0.300643500643501	0.0748022076131789	0.515877293883992	TRUE	NA	NA	NA
Bacteria vs Fungi	Bacteria	OTU_4	Janthinobacterium (OTU_4)	Fungi	OTU_45	solani (OTU_45)	0.27979407979408	0.0983890265798392	0.169636252723861	0.2996138996139	0.0758523046003129	0.52013008868786	FALSE	NA	NA	NA
Bacteria vs Fungi	Bacteria	OTU_180	Serratia (OTU_180)	Fungi	OTU_16	elongata (OTU_16)	-0.141312741312741	0.411025272466568	0.510062385687572	-0.298841698841699	0.0766473873402679	0.522595822774554	FALSE	NA	NA	NA
Fungi vs Oomycete	Fungi	OTU_67	OTU_67 (OTU_67)	Oomycete	OTU_6	Pythium (OTU_6)	0.337451737451737	0.0441434252392593	0.0897832377747646	-0.298069498069498	0.0774489433341391	0.525077581926367	TRUE	NA	NA	NA
Fungi vs Oomycete	Fungi	OTU_37	Phoma (OTU_37)	Oomycete	OTU_2	Albugo (OTU_2)	-0.810810810810811	2.03742681046224e-09	1.96126898397404e-07	-0.297554697554698	0.0779869262825825	0.525754559208421	FALSE	NA	NA	NA
Bacteria vs Fungi	Bacteria	OTU_4	Janthinobacterium (OTU_4)	Fungi	OTU_26	OTU_26 (OTU_26)	0.398455598455599	0.0160847562635837	0.0408069926348846	0.297039897039897	0.0785278102734955	0.526443420827903	FALSE	NA	NA	NA
Bacteria vs Oomycete	Bacteria	OTU_24	Agrobacterium (OTU_24)	Oomycete	OTU_4	Pythium (OTU_4)	0.135135135135135	0.431978539745967	0.524670291189434	-0.295752895752896	0.0798927753187502	0.529675858466853	TRUE	NA	NA	NA
Bacteria vs Oomycete	Bacteria	OTU_5	Dolo_23 (OTU_5)	Oomycete	OTU_12	Pythium (OTU_12)	0.28030888030888	0.0977454682164356	0.169012336973664	0.295752895752896	0.0798927753187504	0.529675858466853	FALSE	NA	NA	NA
Bacteria vs Oomycete	Bacteria	OTU_327	viridiflava (OTU_327)	Oomycete	OTU_4	Pythium (OTU_4)	0.0424710424710425	0.805725694684444	0.863277530019047	-0.294465894465894	0.0812760817365104	0.532957913026297	TRUE	NA	NA	NA
Fungi vs Oomycete	Fungi	OTU_32	OTU_32 (OTU_32)	Oomycete	OTU_6	Pythium (OTU_6)	-0.541570141570142	0.000646975021188609	0.0030326954118216	0.294465894465894	0.0812760817365104	0.532957913026297	TRUE	NA	NA	NA
Fungi vs Oomycete	Fungi	OTU_59	OTU_59 (OTU_59)	Oomycete	OTU_4	Pythium (OTU_4)	-0.476962676962677	0.00326957642010978	0.0111462832503742	-0.293951093951094	0.0818345733955235	0.533703739536023	FALSE	NA	NA	NA
Bacteria vs Oomycete	Bacteria	OTU_36	OTU_36 (OTU_36)	Oomycete	OTU_21	Pythium (OTU_21)	-0.406692406692407	0.0138365864036792	0.0360171446516596	-0.292406692406692	0.0835278951770581	0.534609642820714	FALSE	NA	NA	NA
Bacteria vs Fungi	Bacteria	OTU_19	OTU_19 (OTU_19)	Fungi	OTU_92	OTU_92 (OTU_92)	0.0218790218790219	0.899212482003856	0.929837121846753	-0.292149292149292	0.0838127306516264	0.534609642820714	TRUE	NA	NA	NA
Bacteria vs Fungi	Bacteria	OTU_327	viridiflava (OTU_327)	Fungi	OTU_87	discosioides (OTU_87)	0.203861003861004	0.233037068347942	0.327452555055656	0.291891891891892	0.084098316495134	0.534609642820714	FALSE	NA	NA	NA
Bacteria vs Fungi	Bacteria	OTU_23	[Kouleothrixaceae] (OTU_23)	Fungi	OTU_44	hispanica (OTU_44)	-0.615186615186615	6.53143551524689e-05	0.000463770569129957	0.291634491634492	0.0843846538969283	0.534609642820714	TRUE	NA	NA	NA
Bacteria vs Fungi	Bacteria	OTU_2	Kineosporiaceae (OTU_2)	Fungi	OTU_64	OTU_64 (OTU_64)	0.0411840411840412	0.811505284142691	0.866839883422397	0.290862290862291	0.0852481873358446	0.534609642820714	FALSE	NA	NA	NA
Bacteria vs Fungi	Bacteria	OTU_71	Polyangiaceae (OTU_71)	Fungi	OTU_87	discosioides (OTU_87)	0.181981981981982	0.288118182989506	0.383305786682269	-0.290862290862291	0.0852481873358446	0.534609642820714	TRUE	NA	NA	NA
Bacteria vs Fungi	Bacteria	OTU_48	mitochondria (OTU_48)	Fungi	OTU_49	caryae (OTU_49)	0.241698841698842	0.155558407524993	0.24055423844071	-0.290604890604891	0.0855375428513143	0.534609642820714	TRUE	NA	NA	NA
Bacteria vs Oomycete	Bacteria	OTU_4090	Pseudomonadaceae (OTU_4090)	Oomycete	OTU_4	Pythium (OTU_4)	0.0731016731016731	0.671785772460801	0.749900397165545	-0.290604890604891	0.0855375428513143	0.534609642820714	TRUE	NA	NA	NA
Bacteria vs Oomycete	Bacteria	OTU_1	Pseudomonas (OTU_1)	Oomycete	OTU_9	OTU_9 (OTU_9)	0.276705276705277	0.102318449739262	0.174654537250518	0.29009009009009	0.0861185275533243	0.535451984787509	FALSE	NA	NA	NA
Bacteria vs Oomycete	Bacteria	OTU_2	Kineosporiaceae (OTU_2)	Oomycete	OTU_8	Pythium (OTU_8)	-0.024967824967825	0.885072204893437	0.921950213430664	0.288545688545689	0.0878797562856205	0.543586121354354	TRUE	NA	NA	NA
Fungi vs Oomycete	Fungi	OTU_45	solani (OTU_45)	Oomycete	OTU_24	Pythium (OTU_24)	-0.584555984555985	0.000181330979504951	0.00106665282061736	0.286486486486487	0.0902710547887026	0.55353897390792	TRUE	NA	NA	NA
Bacteria vs Fungi	Bacteria	OTU_4090	Pseudomonadaceae (OTU_4090)	Fungi	OTU_44	hispanica (OTU_44)	0.371171171171171	0.0258323691780642	0.058709929950146	-0.286229086229086	0.0905734484383493	0.55353897390792	TRUE	NA	NA	NA
Bacteria vs Fungi	Bacteria	OTU_83	OTU_83 (OTU_83)	Fungi	OTU_30	Cadophora (OTU_30)	0.275933075933076	0.103319184923689	0.17536495319438	0.285971685971686	0.0908766196336281	0.55353897390792	FALSE	NA	NA	NA
Bacteria vs Fungi	Bacteria	OTU_24	Agrobacterium (OTU_24)	Fungi	OTU_5	OTU_5 (OTU_5)	0.419047619047619	0.0109640181578049	0.0296993719850246	-0.284684684684685	0.092404179794508	0.55353897390792	TRUE	NA	NA	NA
Bacteria vs Fungi	Bacteria	OTU_51	Enterobacteriaceae (OTU_51)	Fungi	OTU_30	Cadophora (OTU_30)	0.522779922779923	0.00107137391111295	0.00455903791962956	0.284427284427284	0.0927120408514233	0.55353897390792	FALSE	NA	NA	NA
Bacteria vs Fungi	Bacteria	OTU_153	Polyangiaceae (OTU_153)	Fungi	OTU_15	chrysanthemicola (OTU_15)	0.540540540540541	0.000665614012090799	0.00309587912600372	0.283912483912484	0.0933301213315572	0.55353897390792	FALSE	NA	NA	NA
Bacteria vs Oomycete	Bacteria	OTU_2	Kineosporiaceae (OTU_2)	Oomycete	OTU_11	Pythium (OTU_11)	0.652252252252252	1.63053116639587e-05	0.000149361633562981	0.283912483912484	0.0933301213315572	0.55353897390792	FALSE	NA	NA	NA
Bacteria vs Oomycete	Bacteria	OTU_36	OTU_36 (OTU_36)	Oomycete	OTU_11	Pythium (OTU_11)	0.00617760617760618	0.971475471871122	0.981288355425376	0.283655083655084	0.0936403430860899	0.55353897390792	FALSE	NA	NA	NA
Fungi vs Oomycete	Fungi	OTU_49	caryae (OTU_49)	Oomycete	OTU_24	Pythium (OTU_24)	0.425482625482626	0.00968008405592731	0.0272039832953461	0.283655083655084	0.0936403430860899	0.55353897390792	FALSE	NA	NA	NA
Bacteria vs Fungi	Bacteria	OTU_42	[Kouleothrixaceae] (OTU_42)	Fungi	OTU_64	OTU_64 (OTU_64)	-0.58996138996139	0.000152563137498065	0.000934060025498354	0.280823680823681	0.0971051269544562	0.57120662914386	TRUE	NA	NA	NA
Bacteria vs Fungi	Bacteria	OTU_2	Kineosporiaceae (OTU_2)	Fungi	OTU_30	Cadophora (OTU_30)	0.472586872586873	0.00360904188779145	0.0120636497642054	0.27979407979408	0.0983890265798392	0.5759357653454	FALSE	NA	NA	NA
Fungi vs Oomycete	Fungi	OTU_87	discosioides (OTU_87)	Oomycete	OTU_9	OTU_9 (OTU_9)	-0.373487773487774	0.0248497302376409	0.0570165894553902	-0.278507078507079	0.100012057625094	0.580770854780585	FALSE	NA	NA	NA
Fungi vs Oomycete	Fungi	OTU_32	OTU_32 (OTU_32)	Oomycete	OTU_19	Pythium (OTU_19)	0.00102960102960103	0.995244971208079	0.996906482011431	-0.277992277992278	0.100666948161968	0.580770854780585	TRUE	NA	NA	NA
Fungi vs Oomycete	Fungi	OTU_1	Coprinopsis (OTU_1)	Oomycete	OTU_23	Apodachlya (OTU_23)	0.0401544401544402	0.816136045782717	0.869771984848366	-0.277992277992278	0.100666948161968	0.580770854780585	TRUE	NA	NA	NA
Fungi vs Oomycete	Fungi	OTU_32	OTU_32 (OTU_32)	Oomycete	OTU_7	Pythium (OTU_7)	0.696525096525097	2.38049431280542e-06	3.00694018459632e-05	-0.277477477477478	0.101325097052137	0.58177089216538	TRUE	NA	NA	NA
Bacteria vs Oomycete	Bacteria	OTU_327	viridiflava (OTU_327)	Oomycete	OTU_21	Pythium (OTU_21)	0.136164736164736	0.42844588071774	0.524092820449835	-0.275933075933076	0.103319184923688	0.589022981394745	TRUE	NA	NA	NA
Bacteria vs Oomycete	Bacteria	OTU_1	Pseudomonas (OTU_1)	Oomycete	OTU_4	Pythium (OTU_4)	0.142084942084942	0.408447308284815	0.508440632719686	-0.275160875160875	0.104327333200775	0.589022981394745	TRUE	NA	NA	NA
Fungi vs Oomycete	Fungi	OTU_1	Coprinopsis (OTU_1)	Oomycete	OTU_11	Pythium (OTU_11)	0.20978120978121	0.219452200762311	0.312017347055418	-0.275160875160875	0.104327333200775	0.589022981394745	TRUE	NA	NA	NA
Bacteria vs Oomycete	Bacteria	OTU_59	Pseudomonadaceae (OTU_59)	Oomycete	OTU_6	Pythium (OTU_6)	-0.636293436293436	3.03024038070553e-05	0.000249060853208673	-0.274388674388674	0.105342925066488	0.589022981394745	FALSE	NA	NA	NA
Fungi vs Oomycete	Fungi	OTU_18	OTU_18 (OTU_18)	Oomycete	OTU_7	Pythium (OTU_7)	0.828056628056628	4.62328139370993e-10	6.9349220905649e-08	0.274388674388674	0.105342925066488	0.589022981394745	FALSE	NA	NA	NA
Bacteria vs Fungi	Bacteria	OTU_51	Enterobacteriaceae (OTU_51)	Fungi	OTU_44	hispanica (OTU_44)	0.475933075933076	0.00334684635172109	0.011345241870241	0.274131274131274	0.105683115075494	0.589022981394745	FALSE	NA	NA	NA
Bacteria vs Oomycete	Bacteria	OTU_327	viridiflava (OTU_327)	Oomycete	OTU_8	Pythium (OTU_8)	0.118146718146718	0.492541419329997	0.586941115388279	0.273873873873874	0.106024136651054	0.589022981394745	FALSE	NA	NA	NA
Bacteria vs Fungi	Bacteria	OTU_42	[Kouleothrixaceae] (OTU_42)	Fungi	OTU_47	agrostis (OTU_47)	0.250450450450451	0.140679291528762	0.222711279465058	0.272329472329472	0.108087791734495	0.597720507287532	FALSE	NA	NA	NA
Fungi vs Oomycete	Fungi	OTU_26	OTU_26 (OTU_26)	Oomycete	OTU_9	OTU_9 (OTU_9)	-0.0362934362934363	0.833554861890337	0.883627062074563	-0.271814671814672	0.108782379998542	0.598802091735092	FALSE	NA	NA	NA
Bacteria vs Fungi	Bacteria	OTU_327	viridiflava (OTU_327)	Fungi	OTU_64	OTU_64 (OTU_64)	0.283140283140283	0.0942631554454191	0.164891817105689	0.271042471042471	0.109830577281893	0.599075876083055	FALSE	NA	NA	NA
Bacteria vs Fungi	Bacteria	OTU_51	Enterobacteriaceae (OTU_51)	Fungi	OTU_86	AG_A (OTU_86)	0.644272844272844	2.23266826057804e-05	0.000195562183408295	0.271042471042471	0.109830577281893	0.599075876083055	FALSE	NA	NA	NA
Bacteria vs Fungi	Bacteria	OTU_4	Janthinobacterium (OTU_4)	Fungi	OTU_59	OTU_59 (OTU_59)	0.207207207207207	0.225290358159417	0.318056976225059	0.27001287001287	0.111240007970903	0.600971608741179	FALSE	NA	NA	NA
Bacteria vs Fungi	Bacteria	OTU_83	OTU_83 (OTU_83)	Fungi	OTU_49	caryae (OTU_49)	0.434749034749035	0.00805723794282775	0.0230756217933014	0.26975546975547	0.111594486273803	0.600971608741179	FALSE	NA	NA	NA
Fungi vs Oomycete	Fungi	OTU_30	Cadophora (OTU_30)	Oomycete	OTU_10	Pythium (OTU_10)	0.491119691119691	0.0023540466999111	0.00850860252979914	0.269240669240669	0.11230599534002	0.600971608741179	FALSE	NA	NA	NA
Bacteria vs Fungi	Bacteria	OTU_23	[Kouleothrixaceae] (OTU_23)	Fungi	OTU_87	discosioides (OTU_87)	0.347490347490348	0.0378414813696374	0.0799467916259945	0.268725868725869	0.113020915001645	0.600971608741179	FALSE	NA	NA	NA
Fungi vs Oomycete	Fungi	OTU_30	Cadophora (OTU_30)	Oomycete	OTU_4	Pythium (OTU_4)	0.660489060489061	1.16739726814922e-05	0.00011577493568422	0.268725868725869	0.113020915001645	0.600971608741179	FALSE	NA	NA	NA
Bacteria vs Oomycete	Bacteria	OTU_153	Polyangiaceae (OTU_153)	Oomycete	OTU_9	OTU_9 (OTU_9)	0.0664092664092664	0.70037174537315	0.773891431351547	-0.268211068211068	0.113739254015707	0.600971608741179	TRUE	NA	NA	NA
Bacteria vs Oomycete	Bacteria	OTU_327	viridiflava (OTU_327)	Oomycete	OTU_10	Pythium (OTU_10)	0.183526383526384	0.283976259207655	0.37905618581667	0.268211068211068	0.113739254015707	0.600971608741179	FALSE	NA	NA	NA
Bacteria vs Fungi	Bacteria	OTU_51	Enterobacteriaceae (OTU_51)	Fungi	OTU_1	Coprinopsis (OTU_1)	0.410553410553411	0.0128776568031649	0.0340378593916254	-0.267438867438867	0.114823192919376	0.600971608741179	TRUE	NA	NA	NA
Fungi vs Oomycete	Fungi	OTU_49	caryae (OTU_49)	Oomycete	OTU_5	Pythium (OTU_5)	0.47979407979408	0.00306502859484444	0.0106919602145736	0.267438867438867	0.114823192919376	0.600971608741179	FALSE	NA	NA	NA
Bacteria vs Oomycete	Bacteria	OTU_51	Enterobacteriaceae (OTU_51)	Oomycete	OTU_25	OTU_25 (OTU_25)	0.279279279279279	0.0990358112424849	0.170018560072935	0.267181467181467	0.115186225008726	0.600971608741179	FALSE	NA	NA	NA
Bacteria vs Oomycete	Bacteria	OTU_24	Agrobacterium (OTU_24)	Oomycete	OTU_23	Apodachlya (OTU_23)	0.454311454311454	0.00537891427053864	0.0167220132762859	0.265894465894466	0.117014327643234	0.607866637107707	FALSE	NA	NA	NA
Fungi vs Oomycete	Fungi	OTU_49	caryae (OTU_49)	Oomycete	OTU_8	Pythium (OTU_8)	-0.0602316602316602	0.727124630066389	0.793226869163333	0.264092664092664	0.11961010557734	0.609345701169957	TRUE	NA	NA	NA
Fungi vs Oomycete	Fungi	OTU_25	Tetracladium (OTU_25)	Oomycete	OTU_4	Pythium (OTU_4)	-0.288288288288288	0.0881759718718655	0.156989860899464	0.264092664092664	0.11961010557734	0.609345701169957	TRUE	NA	NA	NA
Bacteria vs Fungi	Bacteria	OTU_51	Enterobacteriaceae (OTU_51)	Fungi	OTU_37	Phoma (OTU_37)	0.234749034749035	0.168162382030065	0.252875762451225	0.263835263835264	0.119984419504458	0.609345701169957	FALSE	NA	NA	NA
Fungi vs Oomycete	Fungi	OTU_32	OTU_32 (OTU_32)	Oomycete	OTU_9	OTU_9 (OTU_9)	-0.277992277992278	0.100666948161968	0.172080253268321	-0.263835263835264	0.119984419504458	0.609345701169957	FALSE	NA	NA	NA
Fungi vs Oomycete	Fungi	OTU_45	solani (OTU_45)	Oomycete	OTU_1	Pythium (OTU_1)	-0.750321750321751	1.37184520451176e-07	3.27773167295218e-06	-0.263577863577864	0.120359608756969	0.609345701169957	FALSE	NA	NA	NA
Fungi vs Oomycete	Fungi	OTU_92	OTU_92 (OTU_92)	Oomycete	OTU_20	OTU_20 (OTU_20)	0.727155727155727	5.08605135806811e-07	1.03136262966294e-05	0.263577863577864	0.120359608756969	0.609345701169957	FALSE	NA	NA	NA
Bacteria vs Oomycete	Bacteria	OTU_5	Dolo_23 (OTU_5)	Oomycete	OTU_6	Pythium (OTU_6)	0.64967824967825	1.80629981134414e-05	0.000162974419068644	0.263063063063063	0.121112617484197	0.609345701169957	FALSE	NA	NA	NA
Fungi vs Oomycete	Fungi	OTU_64	OTU_64 (OTU_64)	Oomycete	OTU_8	Pythium (OTU_8)	0.380952380952381	0.0218913746775537	0.0512078939825817	0.262805662805663	0.121490439077661	0.609345701169957	FALSE	NA	NA	NA
Bacteria vs Oomycete	Bacteria	OTU_180	Serratia (OTU_180)	Oomycete	OTU_33	Hyaloperonospora (OTU_33)	0.185842985842986	0.27783592079859	0.373351741274701	0.262548262548263	0.121869140233991	0.609345701169957	FALSE	NA	NA	NA
Bacteria vs Oomycete	Bacteria	OTU_180	Serratia (OTU_180)	Oomycete	OTU_1	Pythium (OTU_1)	-0.474131274131274	0.0034858926192054	0.0117501998400182	-0.261776061776062	0.123010531622084	0.609969578291326	FALSE	NA	NA	NA
Bacteria vs Oomycete	Bacteria	OTU_63	OTU_63 (OTU_63)	Oomycete	OTU_4	Pythium (OTU_4)	0.412097812097812	0.0125101264714471	0.0332127251454348	-0.261776061776062	0.123010531622084	0.609969578291326	TRUE	NA	NA	NA
Bacteria vs Oomycete	Bacteria	OTU_24	Agrobacterium (OTU_24)	Oomycete	OTU_5	Pythium (OTU_5)	0.216216216216216	0.205313196082299	0.296481149577327	-0.261003861003861	0.124159876953107	0.613135194830159	TRUE	NA	NA	NA
Bacteria vs Oomycete	Bacteria	OTU_63	OTU_63 (OTU_63)	Oomycete	OTU_33	Hyaloperonospora (OTU_33)	0.398198198198198	0.0161596774695935	0.0409105758723885	-0.25997425997426	0.125704758998024	0.615955157346332	TRUE	NA	NA	NA
Bacteria vs Fungi	Bacteria	OTU_1	Pseudomonas (OTU_1)	Fungi	OTU_67	OTU_67 (OTU_67)	0.366280566280566	0.0280123884985149	0.0629491876371121	0.25971685971686	0.12609320459161	0.615955157346332	FALSE	NA	NA	NA
Bacteria vs Oomycete	Bacteria	OTU_83	OTU_83 (OTU_83)	Oomycete	OTU_9	OTU_9 (OTU_9)	-0.555984555984556	0.000430498041506876	0.00214355871289731	-0.258429858429858	0.128048834796924	0.615955157346332	FALSE	NA	NA	NA
Fungi vs Oomycete	Fungi	OTU_47	agrostis (OTU_47)	Oomycete	OTU_20	OTU_20 (OTU_20)	-0.341312741312741	0.0416263759773884	0.0864215418215676	0.258429858429858	0.128048834796924	0.615955157346332	TRUE	NA	NA	NA
Bacteria vs Fungi	Bacteria	OTU_4090	Pseudomonadaceae (OTU_4090)	Fungi	OTU_67	OTU_67 (OTU_67)	0.381209781209781	0.0217948267961371	0.051181589345136	0.258172458172458	0.128442648493649	0.615955157346332	FALSE	NA	NA	NA
Bacteria vs Fungi	Bacteria	OTU_5	Dolo_23 (OTU_5)	Fungi	OTU_64	OTU_64 (OTU_64)	-0.244015444015444	0.151513340645045	0.235818429019525	0.257142857142857	0.13002689628386	0.615955157346332	TRUE	NA	NA	NA
Bacteria vs Oomycete	Bacteria	OTU_5	Dolo_23 (OTU_5)	Oomycete	OTU_1	Pythium (OTU_1)	0.435263835263835	0.00797435133866366	0.0228928746564508	-0.257142857142857	0.13002689628386	0.615955157346332	TRUE	NA	NA	NA
Fungi vs Oomycete	Fungi	OTU_59	OTU_59 (OTU_59)	Oomycete	OTU_1	Pythium (OTU_1)	-0.664864864864865	9.73464548928985e-06	0.000101578909453459	-0.257142857142857	0.13002689628386	0.615955157346332	FALSE	NA	NA	NA
Fungi vs Oomycete	Fungi	OTU_18	OTU_18 (OTU_18)	Oomycete	OTU_6	Pythium (OTU_6)	-0.58970398970399	0.000153833992417799	0.000937059852291164	-0.257142857142857	0.13002689628386	0.615955157346332	FALSE	NA	NA	NA
Bacteria vs Oomycete	Bacteria	OTU_5	Dolo_23 (OTU_5)	Oomycete	OTU_24	Pythium (OTU_24)	-0.387902187902188	0.0194060137883566	0.0466677686293145	-0.256628056628057	0.130824430243782	0.615955157346332	FALSE	NA	NA	NA
Bacteria vs Fungi	Bacteria	OTU_16	[Kouleothrixaceae] (OTU_16)	Fungi	OTU_1	Coprinopsis (OTU_1)	0.193564993564994	0.257995857178484	0.351413199335052	-0.256370656370656	0.13122455329203	0.615955157346332	TRUE	NA	NA	NA
Bacteria vs Fungi	Bacteria	OTU_4	Janthinobacterium (OTU_4)	Fungi	OTU_47	agrostis (OTU_47)	0.0496782496782497	0.773555142453064	0.833273043935078	0.256113256113256	0.131625581733742	0.615955157346332	FALSE	NA	NA	NA
Bacteria vs Oomycete	Bacteria	OTU_48	mitochondria (OTU_48)	Oomycete	OTU_2	Albugo (OTU_2)	-0.0908622908622909	0.598175589109428	0.684280940830613	-0.255855855855856	0.132027516577393	0.615955157346332	FALSE	NA	NA	NA
Bacteria vs Fungi	Bacteria	OTU_180	Serratia (OTU_180)	Fungi	OTU_26	OTU_26 (OTU_26)	0.53976833976834	0.000679904357352514	0.00313802011085776	0.255598455598456	0.132430358829461	0.615955157346332	FALSE	NA	NA	NA
Bacteria vs Oomycete	Bacteria	OTU_16	[Kouleothrixaceae] (OTU_16)	Oomycete	OTU_11	Pythium (OTU_11)	-0.468983268983269	0.0039111742972092	0.0128235222859318	0.255598455598456	0.132430358829461	0.615955157346332	TRUE	NA	NA	NA
Bacteria vs Oomycete	Bacteria	OTU_180	Serratia (OTU_180)	Oomycete	OTU_15	Pythium (OTU_15)	0.574517374517375	0.00024793944310565	0.00135239696239446	0.254826254826255	0.133644340070855	0.617914118885671	FALSE	NA	NA	NA
Bacteria vs Oomycete	Bacteria	OTU_83	OTU_83 (OTU_83)	Oomycete	OTU_2	Albugo (OTU_2)	0.804890604890605	3.27585984500333e-09	2.62068787600266e-07	0.254311454311454	0.134458216302016	0.617914118885671	FALSE	NA	NA	NA
Bacteria vs Fungi	Bacteria	OTU_71	Polyangiaceae (OTU_71)	Fungi	OTU_45	solani (OTU_45)	0.313513513513514	0.0626105802726854	0.118880848619023	0.254054054054054	0.134866524027725	0.617914118885671	FALSE	NA	NA	NA
Fungi vs Oomycete	Fungi	OTU_59	OTU_59 (OTU_59)	Oomycete	OTU_33	Hyaloperonospora (OTU_33)	-0.639124839124839	2.7216745867466e-05	0.00023000066930253	0.253796653796654	0.135275746150522	0.617914118885671	TRUE	NA	NA	NA
Fungi vs Oomycete	Fungi	OTU_32	OTU_32 (OTU_32)	Oomycete	OTU_1	Pythium (OTU_1)	0.0944658944658945	0.583678047935833	0.671537543166827	-0.252509652509653	0.137335607303303	0.617914118885671	TRUE	NA	NA	NA
Bacteria vs Oomycete	Bacteria	OTU_42	[Kouleothrixaceae] (OTU_42)	Oomycete	OTU_21	Pythium (OTU_21)	-0.648906048906049	1.86229085952935e-05	0.000166772315778748	-0.251737451737452	0.138582559807037	0.617914118885671	FALSE	NA	NA	NA
Fungi vs Oomycete	Fungi	OTU_30	Cadophora (OTU_30)	Oomycete	OTU_15	Pythium (OTU_15)	-0.0213642213642214	0.901572287536875	0.930255154810189	-0.251737451737452	0.138582559807037	0.617914118885671	FALSE	NA	NA	NA
Bacteria vs Fungi	Bacteria	OTU_2	Kineosporiaceae (OTU_2)	Fungi	OTU_44	hispanica (OTU_44)	0.496782496782497	0.00205606236721091	0.00768621445686323	0.251480051480052	0.13900005580855	0.617914118885671	FALSE	NA	NA	NA
Bacteria vs Oomycete	Bacteria	OTU_153	Polyangiaceae (OTU_153)	Oomycete	OTU_33	Hyaloperonospora (OTU_33)	0.151608751608752	0.377416152512704	0.476234892760509	0.251480051480052	0.13900005580855	0.617914118885671	FALSE	NA	NA	NA
Fungi vs Oomycete	Fungi	OTU_32	OTU_32 (OTU_32)	Oomycete	OTU_2	Albugo (OTU_2)	0.41956241956242	0.0108562457492012	0.0295408047597312	-0.251480051480052	0.13900005580855	0.617914118885671	TRUE	NA	NA	NA
Fungi vs Oomycete	Fungi	OTU_67	OTU_67 (OTU_67)	Oomycete	OTU_11	Pythium (OTU_11)	0.59021879021879	0.000151301719914854	0.000931087507168334	0.251222651222651	0.139418476013719	0.617914118885671	FALSE	NA	NA	NA
Bacteria vs Oomycete	Bacteria	OTU_51	Enterobacteriaceae (OTU_51)	Oomycete	OTU_5	Pythium (OTU_5)	0.317117117117117	0.0594947714506717	0.114047485208955	-0.250965250965251	0.139837821391397	0.617914118885671	TRUE	NA	NA	NA
Fungi vs Oomycete	Fungi	OTU_47	agrostis (OTU_47)	Oomycete	OTU_4	Pythium (OTU_4)	0.292149292149292	0.0838127306516262	0.150787521412221	0.250965250965251	0.139837821391397	0.617914118885671	FALSE	NA	NA	NA
Bacteria vs Oomycete	Bacteria	OTU_42	[Kouleothrixaceae] (OTU_42)	Oomycete	OTU_1	Pythium (OTU_1)	0.591505791505792	0.000145134045988372	0.000902387850704901	-0.250707850707851	0.140258092908255	0.617914118885671	TRUE	NA	NA	NA
Fungi vs Oomycete	Fungi	OTU_49	caryae (OTU_49)	Oomycete	OTU_10	Pythium (OTU_10)	0.336164736164736	0.0450091911349361	0.091127342345583	-0.249163449163449	0.142799224787584	0.617914118885671	TRUE	NA	NA	NA
Bacteria vs Fungi	Bacteria	OTU_51	Enterobacteriaceae (OTU_51)	Fungi	OTU_15	chrysanthemicola (OTU_15)	0.452252252252252	0.00561880856829829	0.0172444252735497	0.248906048906049	0.143226006159654	0.617914118885671	FALSE	NA	NA	NA
Fungi vs Oomycete	Fungi	OTU_37	Phoma (OTU_37)	Oomycete	OTU_23	Apodachlya (OTU_23)	0.71943371943372	7.64791484270202e-07	1.43398403300663e-05	0.248648648648649	0.143653721324339	0.617914118885671	FALSE	NA	NA	NA
Bacteria vs Oomycete	Bacteria	OTU_19	OTU_19 (OTU_19)	Oomycete	OTU_10	Pythium (OTU_10)	0.159330759330759	0.353306641030777	0.450072154179333	0.248391248391248	0.144082371228179	0.617914118885671	FALSE	NA	NA	NA
Bacteria vs Oomycete	Bacteria	OTU_4090	Pseudomonadaceae (OTU_4090)	Oomycete	OTU_9	OTU_9 (OTU_9)	0.394851994851995	0.0171606027774061	0.0428123146213874	0.248133848133848	0.144511956815427	0.617914118885671	FALSE	NA	NA	NA
Bacteria vs Oomycete	Bacteria	OTU_24	Agrobacterium (OTU_24)	Oomycete	OTU_6	Pythium (OTU_6)	-0.493178893178893	0.00224158960493094	0.00820093757901564	-0.248133848133848	0.144511956815427	0.617914118885671	FALSE	NA	NA	NA
Bacteria vs Fungi	Bacteria	OTU_5	Dolo_23 (OTU_5)	Fungi	OTU_37	Phoma (OTU_37)	-0.227284427284427	0.182497811709857	0.269369463778386	-0.247876447876448	0.144942479028038	0.617914118885671	FALSE	NA	NA	NA
Bacteria vs Fungi	Bacteria	OTU_180	Serratia (OTU_180)	Fungi	OTU_92	OTU_92 (OTU_92)	0.126640926640927	0.461730438725722	0.557421052787592	0.247876447876448	0.144942479028038	0.617914118885671	FALSE	NA	NA	NA
Bacteria vs Oomycete	Bacteria	OTU_63	OTU_63 (OTU_63)	Oomycete	OTU_15	Pythium (OTU_15)	0.136679536679537	0.426685589502666	0.523540600616769	0.247619047619048	0.145373938805661	0.617914118885671	FALSE	NA	NA	NA
Bacteria vs Fungi	Bacteria	OTU_153	Polyangiaceae (OTU_153)	Fungi	OTU_18	OTU_18 (OTU_18)	0.0952380952380952	0.580591899447498	0.668627907233203	-0.247361647361647	0.145806337085628	0.617914118885671	TRUE	NA	NA	NA
Bacteria vs Oomycete	Bacteria	OTU_48	mitochondria (OTU_48)	Oomycete	OTU_9	OTU_9 (OTU_9)	0.183526383526384	0.283976259207655	0.37905618581667	0.247104247104247	0.146239674802942	0.617914118885671	FALSE	NA	NA	NA
Fungi vs Oomycete	Fungi	OTU_30	Cadophora (OTU_30)	Oomycete	OTU_33	Hyaloperonospora (OTU_33)	0.159330759330759	0.353306641030777	0.450072154179333	-0.247104247104247	0.146239674802942	0.617914118885671	TRUE	NA	NA	NA
Fungi vs Oomycete	Fungi	OTU_92	OTU_92 (OTU_92)	Oomycete	OTU_7	Pythium (OTU_7)	-0.683655083655084	4.30884366323637e-06	5.02001203483849e-05	-0.245302445302445	0.149299421116921	0.625432214728796	FALSE	NA	NA	NA
Bacteria vs Fungi	Bacteria	OTU_59	Pseudomonadaceae (OTU_59)	Fungi	OTU_30	Cadophora (OTU_30)	0.0352638352638353	0.838213448739316	0.885436741626037	-0.245045045045045	0.149740307710606	0.625432214728796	TRUE	NA	NA	NA
Bacteria vs Fungi	Bacteria	OTU_24	Agrobacterium (OTU_24)	Fungi	OTU_59	OTU_59 (OTU_59)	0.268725868725869	0.113020915001645	0.187846396124617	0.244787644787645	0.150182142050301	0.625432214728796	FALSE	NA	NA	NA
Fungi vs Oomycete	Fungi	OTU_15	chrysanthemicola (OTU_15)	Oomycete	OTU_2	Albugo (OTU_2)	0.534105534105534	0.000793287429019995	0.00357874028129321	-0.244787644787645	0.150182142050302	0.625432214728796	TRUE	NA	NA	NA
Bacteria vs Fungi	Bacteria	OTU_19	OTU_19 (OTU_19)	Fungi	OTU_5	OTU_5 (OTU_5)	0.313770913770914	0.0623838349770467	0.118638037991214	0.244530244530245	0.150624925047185	0.625432214728796	FALSE	NA	NA	NA
Bacteria vs Oomycete	Bacteria	OTU_153	Polyangiaceae (OTU_153)	Oomycete	OTU_2	Albugo (OTU_2)	-0.036036036036036	0.834718991919436	0.884080132659597	-0.244015444015444	0.151513340645045	0.62695175439329	FALSE	NA	NA	NA
Bacteria vs Fungi	Bacteria	OTU_42	[Kouleothrixaceae] (OTU_42)	Fungi	OTU_44	hispanica (OTU_44)	-0.487773487773488	0.00254731866929912	0.00909756667606828	0.243243243243243	0.152853101609573	0.62816343127222	TRUE	NA	NA	NA
Bacteria vs Oomycete	Bacteria	OTU_24	Agrobacterium (OTU_24)	Oomycete	OTU_33	Hyaloperonospora (OTU_33)	0.00720720720720721	0.966723829292784	0.978960839790161	0.243243243243243	0.152853101609573	0.62816343127222	FALSE	NA	NA	NA
Bacteria vs Fungi	Bacteria	OTU_42	[Kouleothrixaceae] (OTU_42)	Fungi	OTU_45	solani (OTU_45)	-0.707850707850708	1.37619701916061e-06	2.06429552874092e-05	0.242471042471043	0.154201449213715	0.630527169549035	TRUE	NA	NA	NA
Bacteria vs Fungi	Bacteria	OTU_63	OTU_63 (OTU_63)	Fungi	OTU_67	OTU_67 (OTU_67)	-0.584298584298584	0.000182814883770046	0.00107013590499539	-0.241956241956242	0.155105129865412	0.630527169549035	FALSE	NA	NA	NA
Bacteria vs Oomycete	Bacteria	OTU_2	Kineosporiaceae (OTU_2)	Oomycete	OTU_3	Hyaloperonospora (OTU_3)	-0.0380952380952381	0.825415839984402	0.876547794673702	-0.240926640926641	0.156924000406197	0.630527169549035	FALSE	NA	NA	NA
Bacteria vs Oomycete	Bacteria	OTU_180	Serratia (OTU_180)	Oomycete	OTU_25	OTU_25 (OTU_25)	0.229343629343629	0.178459614158739	0.264384613568502	0.240669240669241	0.157381120921224	0.630527169549035	FALSE	NA	NA	NA
Fungi vs Oomycete	Fungi	OTU_92	OTU_92 (OTU_92)	Oomycete	OTU_15	Pythium (OTU_15)	-0.0697554697554698	0.686025120100982	0.762250133445536	-0.240669240669241	0.157381120921224	0.630527169549035	FALSE	NA	NA	NA
Fungi vs Oomycete	Fungi	OTU_37	Phoma (OTU_37)	Oomycete	OTU_19	Pythium (OTU_19)	-0.381467181467182	0.0216986329650758	0.051055606976649	0.24015444015444	0.158298251512961	0.630527169549035	TRUE	NA	NA	NA
Bacteria vs Fungi	Bacteria	OTU_4090	Pseudomonadaceae (OTU_4090)	Fungi	OTU_92	OTU_92 (OTU_92)	0.389446589446589	0.0188869482561893	0.045694229652071	0.23963963963964	0.159219240629778	0.630527169549035	FALSE	NA	NA	NA
Fungi vs Oomycete	Fungi	OTU_1	Coprinopsis (OTU_1)	Oomycete	OTU_12	Pythium (OTU_12)	-0.327670527670528	0.0510717367779816	0.101467026711222	-0.23963963963964	0.159219240629778	0.630527169549035	FALSE	NA	NA	NA
Bacteria vs Oomycete	Bacteria	OTU_71	Polyangiaceae (OTU_71)	Oomycete	OTU_33	Hyaloperonospora (OTU_33)	0.0157014157014157	0.927580641106902	0.94974127075792	0.239124839124839	0.160144095166409	0.630527169549035	FALSE	NA	NA	NA
Bacteria vs Fungi	Bacteria	OTU_153	Polyangiaceae (OTU_153)	Fungi	OTU_37	Phoma (OTU_37)	0.136679536679537	0.426685589502666	0.523540600616769	-0.238867438867439	0.160607974110232	0.630527169549035	TRUE	NA	NA	NA
Fungi vs Oomycete	Fungi	OTU_87	discosioides (OTU_87)	Oomycete	OTU_3	Hyaloperonospora (OTU_3)	-0.117889317889318	0.493491218627984	0.587489545985695	0.238867438867439	0.160607974110232	0.630527169549035	TRUE	NA	NA	NA
Fungi vs Oomycete	Fungi	OTU_67	OTU_67 (OTU_67)	Oomycete	OTU_2	Albugo (OTU_2)	-0.798198198198198	5.49830134688551e-09	3.88115389191918e-07	-0.238610038610039	0.161072821975397	0.630527169549035	FALSE	NA	NA	NA
Bacteria vs Fungi	Bacteria	OTU_2	Kineosporiaceae (OTU_2)	Fungi	OTU_92	OTU_92 (OTU_92)	0.234749034749035	0.168162382030065	0.252875762451225	0.238352638352638	0.16153863961183	0.630527169549035	FALSE	NA	NA	NA
Bacteria vs Oomycete	Bacteria	OTU_48	mitochondria (OTU_48)	Oomycete	OTU_3	Hyaloperonospora (OTU_3)	0.00308880308880309	0.985735558807057	0.989859975371103	0.238352638352638	0.16153863961183	0.630527169549035	FALSE	NA	NA	NA
Fungi vs Oomycete	Fungi	OTU_25	Tetracladium (OTU_25)	Oomycete	OTU_5	Pythium (OTU_5)	-0.0653796653796654	0.70480698929443	0.777360649957092	0.238352638352638	0.16153863961183	0.630527169549035	TRUE	NA	NA	NA
Bacteria vs Fungi	Bacteria	OTU_327	viridiflava (OTU_327)	Fungi	OTU_92	OTU_92 (OTU_92)	0.262805662805663	0.121490439077661	0.198621971244132	0.238095238095238	0.162005427866775	0.630527169549035	FALSE	NA	NA	NA
Bacteria vs Fungi	Bacteria	OTU_153	Polyangiaceae (OTU_153)	Fungi	OTU_86	AG_A (OTU_86)	0.453796653796654	0.00543804456955684	0.0167324448294057	0.237580437580438	0.162941919607746	0.630527169549035	FALSE	NA	NA	NA
Fungi vs Oomycete	Fungi	OTU_30	Cadophora (OTU_30)	Oomycete	OTU_2	Albugo (OTU_2)	0.221621621621622	0.193935378710033	0.283807871282974	-0.237580437580438	0.162941919607746	0.630527169549035	TRUE	NA	NA	NA
Bacteria vs Fungi	Bacteria	OTU_51	Enterobacteriaceae (OTU_51)	Fungi	OTU_59	OTU_59 (OTU_59)	0.154440154440154	0.368465860545533	0.466412481703207	0.237323037323037	0.163411624774792	0.630527169549035	FALSE	NA	NA	NA
Bacteria vs Fungi	Bacteria	OTU_42	[Kouleothrixaceae] (OTU_42)	Fungi	OTU_25	Tetracladium (OTU_25)	-0.638095238095238	2.83041803964306e-05	0.000235868169970255	-0.236550836550837	0.164826587491251	0.633948413427888	FALSE	NA	NA	NA
Bacteria vs Fungi	Bacteria	OTU_51	Enterobacteriaceae (OTU_51)	Fungi	OTU_64	OTU_64 (OTU_64)	0.0344916344916345	0.841710955691897	0.887688998836793	0.236036036036036	0.165774776951213	0.635150014838061	FALSE	NA	NA	NA
Bacteria vs Oomycete	Bacteria	OTU_42	[Kouleothrixaceae] (OTU_42)	Oomycete	OTU_11	Pythium (OTU_11)	-0.355469755469756	0.0333713451291526	0.0726780656170292	0.235521235521236	0.166726878894991	0.635150014838061	TRUE	NA	NA	NA
Fungi vs Oomycete	Fungi	OTU_16	elongata (OTU_16)	Oomycete	OTU_21	Pythium (OTU_21)	-0.57966537966538	0.000211455518641943	0.00119691803004874	-0.235521235521236	0.166726878894991	0.635150014838061	FALSE	NA	NA	NA
Bacteria vs Fungi	Bacteria	OTU_48	mitochondria (OTU_48)	Fungi	OTU_45	solani (OTU_45)	0.283912483912484	0.0933301213315572	0.163976787112546	0.235006435006435	0.167682899870915	0.636388099556955	FALSE	NA	NA	NA
Bacteria vs Fungi	Bacteria	OTU_2	Kineosporiaceae (OTU_2)	Fungi	OTU_15	chrysanthemicola (OTU_15)	0.43989703989704	0.00726060626273295	0.0213547243021557	0.234491634491635	0.168642846382593	0.636388099556955	FALSE	NA	NA	NA
Bacteria vs Fungi	Bacteria	OTU_83	OTU_83 (OTU_83)	Fungi	OTU_18	OTU_18 (OTU_18)	0.873873873873874	3.4527874947598e-12	2.07167249685588e-09	0.234491634491635	0.168642846382593	0.636388099556955	FALSE	NA	NA	NA
Fungi vs Oomycete	Fungi	OTU_45	solani (OTU_45)	Oomycete	OTU_10	Pythium (OTU_10)	-0.456113256113256	0.00517630101888676	0.0161759406840211	0.233462033462034	0.170574541802175	0.641474734325447	TRUE	NA	NA	NA
Bacteria vs Fungi	Bacteria	OTU_42	[Kouleothrixaceae] (OTU_42)	Fungi	OTU_1	Coprinopsis (OTU_1)	0.351093951093951	0.0357659780720366	0.0765047659294902	-0.233204633204633	0.171059929153453	0.641474734325447	TRUE	NA	NA	NA
Bacteria vs Oomycete	Bacteria	OTU_48	mitochondria (OTU_48)	Oomycete	OTU_8	Pythium (OTU_8)	0.0319176319176319	0.853390513188325	0.893602631610811	0.232689832689833	0.172033665603204	0.641806833430504	FALSE	NA	NA	NA
Fungi vs Oomycete	Fungi	OTU_86	AG_A (OTU_86)	Oomycete	OTU_25	OTU_25 (OTU_25)	0.143886743886744	0.402467951129787	0.501517696111883	0.232432432432432	0.172522016276305	0.641806833430504	FALSE	NA	NA	NA
Bacteria vs Fungi	Bacteria	OTU_48	mitochondria (OTU_48)	Fungi	OTU_44	hispanica (OTU_44)	0.395109395109395	0.017081808495917	0.0427045212397925	-0.231402831402831	0.174485320192008	0.641806833430504	TRUE	NA	NA	NA
Bacteria vs Oomycete	Bacteria	OTU_5	Dolo_23 (OTU_5)	Oomycete	OTU_10	Pythium (OTU_10)	-0.00849420849420849	0.960785881505287	0.975417138584048	0.231402831402831	0.174485320192008	0.641806833430504	TRUE	NA	NA	NA
Fungi vs Oomycete	Fungi	OTU_67	OTU_67 (OTU_67)	Oomycete	OTU_4	Pythium (OTU_4)	-0.335907335907336	0.0451839739130182	0.091127342345583	0.231402831402831	0.174485320192008	0.641806833430504	TRUE	NA	NA	NA
Bacteria vs Fungi	Bacteria	OTU_83	OTU_83 (OTU_83)	Fungi	OTU_37	Phoma (OTU_37)	-0.754954954954955	1.03775993197649e-07	2.70719982254735e-06	-0.23037323037323	0.176464503190796	0.641806833430504	FALSE	NA	NA	NA
Fungi vs Oomycete	Fungi	OTU_5	OTU_5 (OTU_5)	Oomycete	OTU_20	OTU_20 (OTU_20)	-0.0203346203346203	0.906294371989656	0.93272148060685	-0.23037323037323	0.176464503190796	0.641806833430504	FALSE	NA	NA	NA
Fungi vs Oomycete	Fungi	OTU_67	OTU_67 (OTU_67)	Oomycete	OTU_33	Hyaloperonospora (OTU_33)	-0.703732303732304	1.68457051134757e-06	2.35056350420592e-05	0.229343629343629	0.178459614158739	0.641806833430504	TRUE	NA	NA	NA
Bacteria vs Oomycete	Bacteria	OTU_71	Polyangiaceae (OTU_71)	Oomycete	OTU_5	Pythium (OTU_5)	0.178378378378378	0.297933207502422	0.392878954948249	-0.229086229086229	0.178960886302011	0.641806833430504	TRUE	NA	NA	NA
Bacteria vs Fungi	Bacteria	OTU_180	Serratia (OTU_180)	Fungi	OTU_37	Phoma (OTU_37)	0.243243243243243	0.152853101609573	0.237595494729907	0.228828828828829	0.17946315769904	0.641806833430504	FALSE	NA	NA	NA
Bacteria vs Fungi	Bacteria	OTU_16	[Kouleothrixaceae] (OTU_16)	Fungi	OTU_18	OTU_18 (OTU_18)	0.559330759330759	0.000390609752627661	0.00197777089938058	-0.228314028314028	0.180470701216574	0.641806833430504	TRUE	NA	NA	NA
Bacteria vs Oomycete	Bacteria	OTU_327	viridiflava (OTU_327)	Oomycete	OTU_11	Pythium (OTU_11)	0.561904761904762	0.000362204958962814	0.00186543326504454	0.228314028314028	0.180470701216574	0.641806833430504	FALSE	NA	NA	NA
Bacteria vs Fungi	Bacteria	OTU_59	Pseudomonadaceae (OTU_59)	Fungi	OTU_67	OTU_67 (OTU_67)	0.0924066924066924	0.59194323703718	0.679743430090542	0.227799227799228	0.181482250605237	0.641806833430504	FALSE	NA	NA	NA
Bacteria vs Oomycete	Bacteria	OTU_83	OTU_83 (OTU_83)	Oomycete	OTU_8	Pythium (OTU_8)	-0.602059202059202	0.000102475914616985	0.000675665371101001	-0.227541827541828	0.181989529329675	0.641806833430504	FALSE	NA	NA	NA
Bacteria vs Oomycete	Bacteria	OTU_71	Polyangiaceae (OTU_71)	Oomycete	OTU_23	Apodachlya (OTU_23)	0.382239382239382	0.0214121659848829	0.0505799196493296	0.227541827541828	0.181989529329675	0.641806833430504	FALSE	NA	NA	NA
Fungi vs Oomycete	Fungi	OTU_67	OTU_67 (OTU_67)	Oomycete	OTU_3	Hyaloperonospora (OTU_3)	-0.692664092664093	2.85333745607871e-06	3.52990200752005e-05	-0.227284427284427	0.182497811709857	0.641806833430504	FALSE	NA	NA	NA
Fungi vs Oomycete	Fungi	OTU_49	caryae (OTU_49)	Oomycete	OTU_9	OTU_9 (OTU_9)	-0.520463320463321	0.00113784505263569	0.00475754028976593	-0.227284427284427	0.182497811709857	0.641806833430504	FALSE	NA	NA	NA
Bacteria vs Fungi	Bacteria	OTU_51	Enterobacteriaceae (OTU_51)	Fungi	OTU_92	OTU_92 (OTU_92)	0.171171171171171	0.318195364070041	0.413240732558495	0.226769626769627	0.183517390325897	0.641806833430504	FALSE	NA	NA	NA
Bacteria vs Fungi	Bacteria	OTU_19	OTU_19 (OTU_19)	Fungi	OTU_86	AG_A (OTU_86)	0.146718146718147	0.393173815265047	0.491467269081309	-0.226769626769627	0.183517390325896	0.641806833430504	TRUE	NA	NA	NA
Bacteria vs Fungi	Bacteria	OTU_327	viridiflava (OTU_327)	Fungi	OTU_1	Coprinopsis (OTU_1)	0.175032175032175	0.307235870153405	0.402053483297803	0.226512226512227	0.184028687998208	0.641806833430504	FALSE	NA	NA	NA
Bacteria vs Fungi	Bacteria	OTU_36	OTU_36 (OTU_36)	Fungi	OTU_45	solani (OTU_45)	-0.505019305019305	0.0016816581081065	0.0064887129573241	-0.226512226512227	0.184028687998208	0.641806833430504	FALSE	NA	NA	NA
Fungi vs Oomycete	Fungi	OTU_30	Cadophora (OTU_30)	Oomycete	OTU_19	Pythium (OTU_19)	-0.0324324324324324	0.851052062575457	0.891932292655501	-0.226512226512227	0.184028687998208	0.641806833430504	FALSE	NA	NA	NA
Bacteria vs Fungi	Bacteria	OTU_5	Dolo_23 (OTU_5)	Fungi	OTU_44	hispanica (OTU_44)	-0.48005148005148	0.00304699815996396	0.010660051871594	-0.226254826254826	0.184540992199147	0.641806833430504	FALSE	NA	NA	NA
Fungi vs Oomycete	Fungi	OTU_18	OTU_18 (OTU_18)	Oomycete	OTU_8	Pythium (OTU_8)	-0.654054054054054	1.51690535430014e-05	0.000141107474818618	-0.226254826254826	0.184540992199147	0.641806833430504	FALSE	NA	NA	NA
Fungi vs Oomycete	Fungi	OTU_5	OTU_5 (OTU_5)	Oomycete	OTU_21	Pythium (OTU_21)	-0.309395109395109	0.0663277691344993	0.125343815687243	-0.226254826254826	0.184540992199147	0.641806833430504	FALSE	NA	NA	NA
Bacteria vs Oomycete	Bacteria	OTU_51	Enterobacteriaceae (OTU_51)	Oomycete	OTU_12	Pythium (OTU_12)	-0.197683397683398	0.24780814478772	0.341020382735395	0.225997425997426	0.185054303639129	0.641806833430504	TRUE	NA	NA	NA
Bacteria vs Oomycete	Bacteria	OTU_2	Kineosporiaceae (OTU_2)	Oomycete	OTU_21	Pythium (OTU_21)	0.100643500643501	0.559196213239998	0.648970460239843	-0.224453024453024	0.188155363684834	0.650534578702231	TRUE	NA	NA	NA
Bacteria vs Oomycete	Bacteria	OTU_180	Serratia (OTU_180)	Oomycete	OTU_12	Pythium (OTU_12)	-0.281853281853282	0.0958340588588132	0.166186229234937	0.223938223938224	0.189197139972565	0.650534578702231	TRUE	NA	NA	NA
Bacteria vs Oomycete	Bacteria	OTU_2	Kineosporiaceae (OTU_2)	Oomycete	OTU_23	Apodachlya (OTU_23)	0.216216216216216	0.205313196082299	0.296481149577327	0.223938223938224	0.189197139972565	0.650534578702231	FALSE	NA	NA	NA
Bacteria vs Oomycete	Bacteria	OTU_42	[Kouleothrixaceae] (OTU_42)	Oomycete	OTU_15	Pythium (OTU_15)	-0.0244530244530245	0.887426610294101	0.923600982092733	-0.223423423423423	0.190242970217897	0.652261612175647	FALSE	NA	NA	NA
Fungi vs Oomycete	Fungi	OTU_49	caryae (OTU_49)	Oomycete	OTU_3	Hyaloperonospora (OTU_3)	0.176833976833977	0.302204167135969	0.397637062021012	-0.222393822393822	0.192346814191574	0.657529490820361	TRUE	NA	NA	NA
Bacteria vs Oomycete	Bacteria	OTU_71	Polyangiaceae (OTU_71)	Oomycete	OTU_2	Albugo (OTU_2)	-0.0602316602316602	0.727124630066389	0.793226869163333	-0.222136422136422	0.192875317307306	0.657529490820361	FALSE	NA	NA	NA
Fungi vs Oomycete	Fungi	OTU_67	OTU_67 (OTU_67)	Oomycete	OTU_23	Apodachlya (OTU_23)	0.772458172458173	3.4130588853707e-08	1.27989708201401e-06	0.221364221364221	0.194466938305146	0.660902495880931	FALSE	NA	NA	NA
Bacteria vs Fungi	Bacteria	OTU_51	Enterobacteriaceae (OTU_51)	Fungi	OTU_45	solani (OTU_45)	0.195366795366795	0.253505126697336	0.347267296845665	0.221106821106821	0.194999518029328	0.660902495880931	FALSE	NA	NA	NA
Bacteria vs Oomycete	Bacteria	OTU_71	Polyangiaceae (OTU_71)	Oomycete	OTU_7	Pythium (OTU_7)	0.249420849420849	0.142373376259312	0.224800067777862	0.220849420849421	0.195533118528355	0.660902495880931	FALSE	NA	NA	NA
Bacteria vs Oomycete	Bacteria	OTU_59	Pseudomonadaceae (OTU_59)	Oomycete	OTU_15	Pythium (OTU_15)	0.582754182754183	0.000191949324740123	0.00110210138606769	0.220592020592021	0.196067740444676	0.660902495880931	FALSE	NA	NA	NA
Bacteria vs Oomycete	Bacteria	OTU_4090	Pseudomonadaceae (OTU_4090)	Oomycete	OTU_7	Pythium (OTU_7)	0.158815958815959	0.354884361784876	0.451602581274498	0.22007722007722	0.197140051082289	0.662520645123823	FALSE	NA	NA	NA
Fungi vs Oomycete	Fungi	OTU_5	OTU_5 (OTU_5)	Oomycete	OTU_23	Apodachlya (OTU_23)	-0.0669240669240669	0.698157766457049	0.773582012694791	-0.21981981981982	0.197677741071747	0.662520645123823	FALSE	NA	NA	NA
Fungi vs Oomycete	Fungi	OTU_59	OTU_59 (OTU_59)	Oomycete	OTU_3	Hyaloperonospora (OTU_3)	-0.609009009009009	8.09359116449305e-05	0.000564669151011143	-0.21956241956242	0.198216455014812	0.662520645123823	FALSE	NA	NA	NA
Bacteria vs Oomycete	Bacteria	OTU_83	OTU_83 (OTU_83)	Oomycete	OTU_7	Pythium (OTU_7)	0.75006435006435	1.39303596100467e-07	3.27773167295218e-06	0.219305019305019	0.198756193537147	0.662520645123823	FALSE	NA	NA	NA
Fungi vs Oomycete	Fungi	OTU_1	Coprinopsis (OTU_1)	Oomycete	OTU_7	Pythium (OTU_7)	0.0553410553410554	0.74853352800075	0.812152109946564	0.218532818532819	0.20038156278558	0.666088297348187	FALSE	NA	NA	NA
Fungi vs Oomycete	Fungi	OTU_67	OTU_67 (OTU_67)	Oomycete	OTU_25	OTU_25 (OTU_25)	0.844015444015444	1.00529360422081e-10	2.01058720844162e-08	0.217503217503218	0.20256310325569	0.669518632309851	FALSE	NA	NA	NA
Bacteria vs Fungi	Bacteria	OTU_24	Agrobacterium (OTU_24)	Fungi	OTU_87	discosioides (OTU_87)	0.422908622908623	0.0101774035248855	0.0282052753576502	-0.216988416988417	0.203660047857134	0.669518632309851	TRUE	NA	NA	NA
Bacteria vs Oomycete	Bacteria	OTU_71	Polyangiaceae (OTU_71)	Oomycete	OTU_24	Pythium (OTU_24)	0.275675675675676	0.103654409164381	0.175685439261662	0.216988416988417	0.203660047857134	0.669518632309851	FALSE	NA	NA	NA
Bacteria vs Oomycete	Bacteria	OTU_48	mitochondria (OTU_48)	Oomycete	OTU_19	Pythium (OTU_19)	-0.38970398970399	0.0188015748070911	0.0456718416366584	0.216988416988417	0.203660047857134	0.669518632309851	TRUE	NA	NA	NA
Bacteria vs Oomycete	Bacteria	OTU_327	viridiflava (OTU_327)	Oomycete	OTU_24	Pythium (OTU_24)	0.231402831402831	0.174485320192008	0.260837702392647	-0.216473616473616	0.204761115048096	0.669518632309851	TRUE	NA	NA	NA
Fungi vs Oomycete	Fungi	OTU_30	Cadophora (OTU_30)	Oomycete	OTU_1	Pythium (OTU_1)	0.00772200772200772	0.964348421034874	0.977380156454264	-0.216473616473616	0.204761115048096	0.669518632309851	TRUE	NA	NA	NA
Bacteria vs Fungi	Bacteria	OTU_153	Polyangiaceae (OTU_153)	Fungi	OTU_30	Cadophora (OTU_30)	0.273616473616474	0.106365990915031	0.178766371285767	0.215958815958816	0.205866309518088	0.671251452376422	FALSE	NA	NA	NA
Bacteria vs Oomycete	Bacteria	OTU_16	[Kouleothrixaceae] (OTU_16)	Oomycete	OTU_23	Apodachlya (OTU_23)	-0.699356499356499	2.08059813024233e-06	2.6560827194583e-05	0.215444015444015	0.206975635900734	0.671251452376422	TRUE	NA	NA	NA
Bacteria vs Oomycete	Bacteria	OTU_36	OTU_36 (OTU_36)	Oomycete	OTU_33	Hyaloperonospora (OTU_33)	0.656370656370657	1.3814044535839e-05	0.000131562328912753	0.215444015444015	0.206975635900734	0.671251452376422	FALSE	NA	NA	NA
Bacteria vs Oomycete	Bacteria	OTU_24	Agrobacterium (OTU_24)	Oomycete	OTU_25	OTU_25 (OTU_25)	0.331531531531532	0.0482397742698035	0.096479548539607	0.215186615186615	0.207531849991957	0.671251452376422	FALSE	NA	NA	NA
Bacteria vs Oomycete	Bacteria	OTU_36	OTU_36 (OTU_36)	Oomycete	OTU_3	Hyaloperonospora (OTU_3)	0.305019305019305	0.070465243181457	0.131098126849222	-0.214671814671815	0.208647382808665	0.671251452376422	TRUE	NA	NA	NA
Fungi vs Oomycete	Fungi	OTU_44	hispanica (OTU_44)	Oomycete	OTU_25	OTU_25 (OTU_25)	0.593050193050193	0.000138031599505118	0.000867214237728488	-0.214671814671815	0.208647382808665	0.671251452376422	TRUE	NA	NA	NA
Fungi vs Oomycete	Fungi	OTU_37	Phoma (OTU_37)	Oomycete	OTU_1	Pythium (OTU_1)	-0.789189189189189	1.07182714148834e-08	5.84632986266368e-07	-0.214414414414414	0.209206702657318	0.671251452376422	FALSE	NA	NA	NA
Bacteria vs Fungi	Bacteria	OTU_42	[Kouleothrixaceae] (OTU_42)	Fungi	OTU_15	chrysanthemicola (OTU_15)	0.356499356499357	0.0328273758549292	0.0717538270053097	-0.213899613899614	0.210328452016489	0.6712610170739	TRUE	NA	NA	NA
Bacteria vs Fungi	Bacteria	OTU_180	Serratia (OTU_180)	Fungi	OTU_86	AG_A (OTU_86)	0.538223938223938	0.000709304018181538	0.00326116789968523	0.213899613899614	0.210328452016489	0.6712610170739	FALSE	NA	NA	NA
Bacteria vs Oomycete	Bacteria	OTU_83	OTU_83 (OTU_83)	Oomycete	OTU_25	OTU_25 (OTU_25)	-0.653024453024453	1.58091939390628e-05	0.000145931020975964	-0.212612612612613	0.21315099065025	0.676681636088656	FALSE	NA	NA	NA
Bacteria vs Fungi	Bacteria	OTU_42	[Kouleothrixaceae] (OTU_42)	Fungi	OTU_37	Phoma (OTU_37)	-0.762934362934363	6.32429846215005e-08	1.85101418404392e-06	-0.212355212355212	0.213718616731334	0.676681636088656	FALSE	NA	NA	NA
Fungi vs Oomycete	Fungi	OTU_47	agrostis (OTU_47)	Oomycete	OTU_23	Apodachlya (OTU_23)	-0.314285714285714	0.0619322904160862	0.117966267459212	0.212355212355212	0.213718616731334	0.676681636088656	TRUE	NA	NA	NA
Bacteria vs Fungi	Bacteria	OTU_180	Serratia (OTU_180)	Fungi	OTU_30	Cadophora (OTU_30)	0.387902187902188	0.0194060137883566	0.0466677686293145	0.212097812097812	0.214287283503131	0.676696684746731	FALSE	NA	NA	NA
Bacteria vs Oomycete	Bacteria	OTU_16	[Kouleothrixaceae] (OTU_16)	Oomycete	OTU_9	OTU_9 (OTU_9)	-0.75006435006435	1.39303596100468e-07	3.27773167295218e-06	-0.211325611325611	0.215999533183193	0.678718146687559	FALSE	NA	NA	NA
Fungi vs Oomycete	Fungi	OTU_47	agrostis (OTU_47)	Oomycete	OTU_15	Pythium (OTU_15)	0.323552123552124	0.0542374187549982	0.105657309262984	0.211068211068211	0.216572367919982	0.678718146687559	FALSE	NA	NA	NA
Bacteria vs Oomycete	Bacteria	OTU_5	Dolo_23 (OTU_5)	Oomycete	OTU_23	Apodachlya (OTU_23)	-0.366023166023166	0.0281311957388687	0.0629802889676165	-0.210553410553411	0.217721167719626	0.678718146687559	FALSE	NA	NA	NA
Bacteria vs Fungi	Bacteria	OTU_63	OTU_63 (OTU_63)	Fungi	OTU_15	chrysanthemicola (OTU_15)	0.195624195624196	0.252867864128992	0.346790213662618	-0.21029601029601	0.218297133789915	0.678718146687559	TRUE	NA	NA	NA
Fungi vs Oomycete	Fungi	OTU_92	OTU_92 (OTU_92)	Oomycete	OTU_3	Hyaloperonospora (OTU_3)	-0.607464607464608	8.53339733707636e-05	0.00058514724597095	0.21029601029601	0.218297133789915	0.678718146687559	TRUE	NA	NA	NA
Bacteria vs Oomycete	Bacteria	OTU_71	Polyangiaceae (OTU_71)	Oomycete	OTU_12	Pythium (OTU_12)	-0.274646074646075	0.105003565500875	0.177470814931057	-0.20978120978121	0.219452200762311	0.678718146687559	FALSE	NA	NA	NA
Bacteria vs Oomycete	Bacteria	OTU_63	OTU_63 (OTU_63)	Oomycete	OTU_20	OTU_20 (OTU_20)	-0.504504504504505	0.00170316793107869	0.00652971730764993	-0.20978120978121	0.219452200762311	0.678718146687559	FALSE	NA	NA	NA
Fungi vs Oomycete	Fungi	OTU_47	agrostis (OTU_47)	Oomycete	OTU_8	Pythium (OTU_8)	-0.516344916344916	0.00126504075256957	0.00514592848502875	-0.20978120978121	0.219452200762311	0.678718146687559	FALSE	NA	NA	NA
Bacteria vs Fungi	Bacteria	OTU_63	OTU_63 (OTU_63)	Fungi	OTU_64	OTU_64 (OTU_64)	-0.717889317889318	8.28477987805408e-07	1.48156582411587e-05	-0.209266409266409	0.220611450788399	0.678804463964304	FALSE	NA	NA	NA
Bacteria vs Oomycete	Bacteria	OTU_19	OTU_19 (OTU_19)	Oomycete	OTU_20	OTU_20 (OTU_20)	0.136422136422136	0.427565231230306	0.524084042366054	-0.209266409266409	0.220611450788399	0.678804463964304	TRUE	NA	NA	NA
Fungi vs Oomycete	Fungi	OTU_49	caryae (OTU_49)	Oomycete	OTU_23	Apodachlya (OTU_23)	-0.258172458172458	0.128442648493649	0.207723959828004	-0.209009009009009	0.221192645661853	0.678852109448142	FALSE	NA	NA	NA
Bacteria vs Fungi	Bacteria	OTU_4090	Pseudomonadaceae (OTU_4090)	Fungi	OTU_26	OTU_26 (OTU_26)	0.543629343629344	0.000611081155800067	0.00290772740629207	0.208494208494209	0.222358177527461	0.679910819924936	FALSE	NA	NA	NA
Bacteria vs Fungi	Bacteria	OTU_19	OTU_19 (OTU_19)	Fungi	OTU_47	agrostis (OTU_47)	0.268211068211068	0.113739254015707	0.188778844839348	0.207722007722008	0.224114337703723	0.679910819924936	FALSE	NA	NA	NA
Bacteria vs Oomycete	Bacteria	OTU_180	Serratia (OTU_180)	Oomycete	OTU_4	Pythium (OTU_4)	0.405662805662806	0.0141022348062603	0.0365500686123378	0.207722007722008	0.224114337703723	0.679910819924936	FALSE	NA	NA	NA
Fungi vs Oomycete	Fungi	OTU_30	Cadophora (OTU_30)	Oomycete	OTU_8	Pythium (OTU_8)	-0.0823680823680824	0.632949210093247	0.715196847562991	0.207207207207207	0.225290358159417	0.679910819924936	TRUE	NA	NA	NA
Bacteria vs Oomycete	Bacteria	OTU_153	Polyangiaceae (OTU_153)	Oomycete	OTU_10	Pythium (OTU_10)	0.140797940797941	0.41274902856769	0.510617354929102	-0.206692406692407	0.226470580475211	0.679910819924936	TRUE	NA	NA	NA
Bacteria vs Oomycete	Bacteria	OTU_180	Serratia (OTU_180)	Oomycete	OTU_11	Pythium (OTU_11)	0.584555984555985	0.00018133097950495	0.00106665282061736	0.206435006435006	0.227062268451698	0.679910819924936	FALSE	NA	NA	NA
Fungi vs Oomycete	Fungi	OTU_49	caryae (OTU_49)	Oomycete	OTU_25	OTU_25 (OTU_25)	-0.326898326898327	0.0516537670303683	0.102116178643232	-0.206177606177606	0.227655008230841	0.679910819924936	FALSE	NA	NA	NA
Bacteria vs Fungi	Bacteria	OTU_2	Kineosporiaceae (OTU_2)	Fungi	OTU_26	OTU_26 (OTU_26)	0.501930501930502	0.0018143801475517	0.00693393686962433	0.205920205920206	0.228248800250552	0.679910819924936	FALSE	NA	NA	NA
Fungi vs Oomycete	Fungi	OTU_44	hispanica (OTU_44)	Oomycete	OTU_20	OTU_20 (OTU_20)	0.701158301158301	1.90821024994364e-06	2.57944306453543e-05	0.205920205920206	0.228248800250552	0.679910819924936	FALSE	NA	NA	NA
Bacteria vs Fungi	Bacteria	OTU_5	Dolo_23 (OTU_5)	Fungi	OTU_25	Tetracladium (OTU_25)	-0.12020592020592	0.484976851920087	0.579076838113536	-0.205662805662806	0.228843644944906	0.679910819924936	FALSE	NA	NA	NA
Fungi vs Oomycete	Fungi	OTU_5	OTU_5 (OTU_5)	Oomycete	OTU_9	OTU_9 (OTU_9)	-0.384298584298584	0.0206635890112326	0.0492968326311713	-0.205405405405405	0.229439542744131	0.679910819924936	FALSE	NA	NA	NA
Fungi vs Oomycete	Fungi	OTU_44	hispanica (OTU_44)	Oomycete	OTU_6	Pythium (OTU_6)	-0.00514800514800515	0.976228081708298	0.984431679033578	0.205405405405405	0.229439542744132	0.679910819924936	TRUE	NA	NA	NA
Fungi vs Oomycete	Fungi	OTU_47	agrostis (OTU_47)	Oomycete	OTU_21	Pythium (OTU_21)	-0.377863577863578	0.0230779237427974	0.0534623716049361	-0.205405405405405	0.229439542744131	0.679910819924936	FALSE	NA	NA	NA
Bacteria vs Fungi	Bacteria	OTU_327	viridiflava (OTU_327)	Fungi	OTU_37	Phoma (OTU_37)	0.301415701415701	0.0740221027004483	0.137289834993103	0.205148005148005	0.230036494074603	0.679910819924936	FALSE	NA	NA	NA
Bacteria vs Oomycete	Bacteria	OTU_1	Pseudomonas (OTU_1)	Oomycete	OTU_3	Hyaloperonospora (OTU_3)	0.0352638352638353	0.838213448739316	0.885436741626037	0.205148005148005	0.230036494074603	0.679910819924936	FALSE	NA	NA	NA
Fungi vs Oomycete	Fungi	OTU_64	OTU_64 (OTU_64)	Oomycete	OTU_4	Pythium (OTU_4)	-0.482110682110682	0.00290604828558194	0.0101966606511647	-0.204633204633205	0.231233559015463	0.681769707170898	FALSE	NA	NA	NA
Bacteria vs Fungi	Bacteria	OTU_16	[Kouleothrixaceae] (OTU_16)	Fungi	OTU_59	OTU_59 (OTU_59)	-0.807722007722008	2.61558552318608e-09	2.24193044844521e-07	-0.204118404118404	0.232434843101088	0.683631891473789	FALSE	NA	NA	NA
Fungi vs Oomycete	Fungi	OTU_87	discosioides (OTU_87)	Oomycete	OTU_2	Albugo (OTU_2)	0.251737451737452	0.138582559807037	0.220848700887708	0.203861003861004	0.233037068347942	0.683727339896161	FALSE	NA	NA	NA
Fungi vs Oomycete	Fungi	OTU_15	chrysanthemicola (OTU_15)	Oomycete	OTU_25	OTU_25 (OTU_25)	-0.366023166023166	0.0281311957388687	0.0629802889676165	0.203603603603604	0.233640349602894	0.683825413471885	TRUE	NA	NA	NA
Bacteria vs Oomycete	Bacteria	OTU_1	Pseudomonas (OTU_1)	Oomycete	OTU_7	Pythium (OTU_7)	0.07001287001287	0.684925921051853	0.761734110530327	-0.203346203346203	0.234244687265113	0.68392609420471	TRUE	NA	NA	NA
Fungi vs Oomycete	Fungi	OTU_47	agrostis (OTU_47)	Oomycete	OTU_5	Pythium (OTU_5)	0.282110682110682	0.0955182881050063	0.16611876192175	0.202831402831403	0.235456533388419	0.685795728315784	FALSE	NA	NA	NA
Bacteria vs Fungi	Bacteria	OTU_48	mitochondria (OTU_48)	Fungi	OTU_92	OTU_92 (OTU_92)	0.273873873873874	0.106024136651054	0.178692365142226	0.202316602316602	0.236672609832672	0.686007564732382	FALSE	NA	NA	NA
Bacteria vs Oomycete	Bacteria	OTU_4090	Pseudomonadaceae (OTU_4090)	Oomycete	OTU_1	Pythium (OTU_1)	-0.642985842985843	2.3467961779606e-05	0.000204069232866139	-0.202316602316602	0.236672609832672	0.686007564732382	FALSE	NA	NA	NA
Bacteria vs Oomycete	Bacteria	OTU_71	Polyangiaceae (OTU_71)	Oomycete	OTU_3	Hyaloperonospora (OTU_3)	0.0414414414414414	0.810348570696458	0.86668296331172	-0.202059202059202	0.237282235381288	0.686117307126616	TRUE	NA	NA	NA
Fungi vs Oomycete	Fungi	OTU_26	OTU_26 (OTU_26)	Oomycete	OTU_11	Pythium (OTU_11)	0.180694980694981	0.291599353409054	0.386651076343497	0.201287001287001	0.239117465827563	0.689761920656433	FALSE	NA	NA	NA
Bacteria vs Fungi	Bacteria	OTU_180	Serratia (OTU_180)	Fungi	OTU_1	Coprinopsis (OTU_1)	0.32998712998713	0.0493570504664908	0.098386147109284	-0.200514800514801	0.240962234651988	0.691757611441113	TRUE	NA	NA	NA
Bacteria vs Oomycete	Bacteria	OTU_83	OTU_83 (OTU_83)	Oomycete	OTU_23	Apodachlya (OTU_23)	-0.62960102960103	3.88945820123512e-05	0.000303074665031308	-0.200514800514801	0.240962234651988	0.691757611441113	FALSE	NA	NA	NA
Bacteria vs Oomycete	Bacteria	OTU_23	[Kouleothrixaceae] (OTU_23)	Oomycete	OTU_9	OTU_9 (OTU_9)	-0.763963963963964	5.92452428531898e-08	1.82293054932892e-06	-0.1997425997426	0.242816551456064	0.692237290360389	FALSE	NA	NA	NA
Bacteria vs Oomycete	Bacteria	OTU_4	Janthinobacterium (OTU_4)	Oomycete	OTU_4	Pythium (OTU_4)	0.319176319176319	0.0577702559376846	0.11163334480712	-0.1997425997426	0.242816551456064	0.692237290360389	TRUE	NA	NA	NA
Bacteria vs Fungi	Bacteria	OTU_16	[Kouleothrixaceae] (OTU_16)	Fungi	OTU_30	Cadophora (OTU_30)	0.379150579150579	0.0225772058510559	0.0525051298861766	0.199485199485199	0.243436780443404	0.692237290360389	FALSE	NA	NA	NA
Bacteria vs Oomycete	Bacteria	OTU_153	Polyangiaceae (OTU_153)	Oomycete	OTU_12	Pythium (OTU_12)	-0.164221364221364	0.338530324399158	0.436344134563899	0.199485199485199	0.243436780443404	0.692237290360389	TRUE	NA	NA	NA
Bacteria vs Fungi	Bacteria	OTU_42	[Kouleothrixaceae] (OTU_42)	Fungi	OTU_86	AG_A (OTU_86)	0.202831402831403	0.235456533388419	0.32930983690688	0.198712998712999	0.245303842260449	0.694256157340892	FALSE	NA	NA	NA
Bacteria vs Oomycete	Bacteria	OTU_83	OTU_83 (OTU_83)	Oomycete	OTU_6	Pythium (OTU_6)	-0.569111969111969	0.000292217238811956	0.00155159595829357	-0.198712998712999	0.245303842260449	0.694256157340892	FALSE	NA	NA	NA
Bacteria vs Oomycete	Bacteria	OTU_51	Enterobacteriaceae (OTU_51)	Oomycete	OTU_7	Pythium (OTU_7)	0.192277992277992	0.261235581854411	0.354217738107676	-0.198198198198198	0.246553865781612	0.694517931779188	TRUE	NA	NA	NA
Bacteria vs Oomycete	Bacteria	OTU_153	Polyangiaceae (OTU_153)	Oomycete	OTU_15	Pythium (OTU_15)	0.564478764478765	0.000335657831942819	0.00175125825361471	0.198198198198198	0.246553865781612	0.694517931779188	FALSE	NA	NA	NA
Fungi vs Oomycete	Fungi	OTU_18	OTU_18 (OTU_18)	Oomycete	OTU_25	OTU_25 (OTU_25)	-0.700643500643501	1.9560776572727e-06	2.57944306453543e-05	-0.197168597168597	0.249066681751396	0.696690018885023	FALSE	NA	NA	NA
Fungi vs Oomycete	Fungi	OTU_1	Coprinopsis (OTU_1)	Oomycete	OTU_33	Hyaloperonospora (OTU_33)	0.150579150579151	0.380702260394317	0.478870767791593	-0.197168597168597	0.249066681751396	0.696690018885023	TRUE	NA	NA	NA
Fungi vs Oomycete	Fungi	OTU_15	chrysanthemicola (OTU_15)	Oomycete	OTU_33	Hyaloperonospora (OTU_33)	0.54028314028314	0.000670347563570027	0.00310585743739009	-0.197168597168597	0.249066681751396	0.696690018885023	TRUE	NA	NA	NA
Bacteria vs Fungi	Bacteria	OTU_2	Kineosporiaceae (OTU_2)	Fungi	OTU_87	discosioides (OTU_87)	0.457657657657658	0.00500790633462283	0.0157729333373947	-0.196653796653797	0.250329479079687	0.698593895106102	TRUE	NA	NA	NA
Bacteria vs Fungi	Bacteria	OTU_71	Polyangiaceae (OTU_71)	Fungi	OTU_16	elongata (OTU_16)	-0.275933075933076	0.103319184923688	0.17536495319438	-0.195109395109395	0.254143456334079	0.70759198979326	FALSE	NA	NA	NA
Bacteria vs Oomycete	Bacteria	OTU_23	[Kouleothrixaceae] (OTU_23)	Oomycete	OTU_8	Pythium (OTU_8)	-0.471299871299871	0.00371453414888578	0.0123474819353544	-0.194079794079794	0.256707450816717	0.711569916214624	FALSE	NA	NA	NA
Bacteria vs Fungi	Bacteria	OTU_4	Janthinobacterium (OTU_4)	Fungi	OTU_86	AG_A (OTU_86)	0.57940797940798	0.000213158546417394	0.00120089321925292	0.193822393822394	0.257351119697622	0.711569916214624	FALSE	NA	NA	NA
Bacteria vs Oomycete	Bacteria	OTU_23	[Kouleothrixaceae] (OTU_23)	Oomycete	OTU_10	Pythium (OTU_10)	0.517117117117117	0.0012402789990531	0.0050796409517533	0.193822393822394	0.257351119697622	0.711569916214624	FALSE	NA	NA	NA
Bacteria vs Fungi	Bacteria	OTU_48	mitochondria (OTU_48)	Fungi	OTU_59	OTU_59 (OTU_59)	0.203088803088803	0.234850081729848	0.328844921908772	0.193050193050193	0.259288538898144	0.713638180453607	FALSE	NA	NA	NA
Fungi vs Oomycete	Fungi	OTU_92	OTU_92 (OTU_92)	Oomycete	OTU_6	Pythium (OTU_6)	0.323552123552124	0.0542374187549982	0.105657309262984	-0.193050193050193	0.259288538898144	0.713638180453607	TRUE	NA	NA	NA
Bacteria vs Oomycete	Bacteria	OTU_327	viridiflava (OTU_327)	Oomycete	OTU_23	Apodachlya (OTU_23)	0.227284427284427	0.182497811709857	0.269369463778386	0.192277992277992	0.261235581854411	0.717351712186026	FALSE	NA	NA	NA
Bacteria vs Oomycete	Bacteria	OTU_63	OTU_63 (OTU_63)	Oomycete	OTU_25	OTU_25 (OTU_25)	-0.555984555984556	0.000430498041506876	0.00214355871289731	-0.192020592020592	0.261886735839195	0.717497906408752	FALSE	NA	NA	NA
Bacteria vs Oomycete	Bacteria	OTU_4090	Pseudomonadaceae (OTU_4090)	Oomycete	OTU_6	Pythium (OTU_6)	-0.494208494208494	0.00218714425546124	0.00805083775016409	-0.191505791505792	0.263192254605183	0.719251955910839	FALSE	NA	NA	NA
Bacteria vs Oomycete	Bacteria	OTU_24	Agrobacterium (OTU_24)	Oomycete	OTU_7	Pythium (OTU_7)	-0.0234234234234234	0.892138249008272	0.926896882086516	-0.19047619047619	0.265816141078925	0.719251955910839	FALSE	NA	NA	NA
Fungi vs Oomycete	Fungi	OTU_5	OTU_5 (OTU_5)	Oomycete	OTU_11	Pythium (OTU_11)	0.0980694980694981	0.569338978660967	0.6575618617836	-0.19047619047619	0.265816141078925	0.719251955910839	TRUE	NA	NA	NA
Fungi vs Oomycete	Fungi	OTU_64	OTU_64 (OTU_64)	Oomycete	OTU_19	Pythium (OTU_19)	-0.272329472329472	0.108087791734495	0.180648119890521	0.19021879021879	0.266474790709501	0.719251955910839	TRUE	NA	NA	NA
Fungi vs Oomycete	Fungi	OTU_44	hispanica (OTU_44)	Oomycete	OTU_19	Pythium (OTU_19)	-0.598970398970399	0.000113608104883595	0.000736917437082776	-0.19021879021879	0.266474790709501	0.719251955910839	FALSE	NA	NA	NA
Bacteria vs Fungi	Bacteria	OTU_23	[Kouleothrixaceae] (OTU_23)	Fungi	OTU_64	OTU_64 (OTU_64)	-0.625997425997426	4.43837072839885e-05	0.000334971375728215	0.18996138996139	0.26713451192181	0.719251955910839	TRUE	NA	NA	NA
Bacteria vs Fungi	Bacteria	OTU_59	Pseudomonadaceae (OTU_59)	Fungi	OTU_92	OTU_92 (OTU_92)	0.135135135135135	0.431978539745967	0.524670291189434	0.18996138996139	0.26713451192181	0.719251955910839	FALSE	NA	NA	NA
Bacteria vs Oomycete	Bacteria	OTU_4090	Pseudomonadaceae (OTU_4090)	Oomycete	OTU_2	Albugo (OTU_2)	-0.166023166023166	0.33318340744726	0.430840613078353	-0.189446589446589	0.268457169810943	0.719251955910839	FALSE	NA	NA	NA
Bacteria vs Fungi	Bacteria	OTU_4090	Pseudomonadaceae (OTU_4090)	Fungi	OTU_15	chrysanthemicola (OTU_15)	0.291634491634492	0.0843846538969283	0.151362607886867	-0.189189189189189	0.269120106836639	0.719251955910839	TRUE	NA	NA	NA
Fungi vs Oomycete	Fungi	OTU_25	Tetracladium (OTU_25)	Oomycete	OTU_6	Pythium (OTU_6)	0.41981981981982	0.0108026975113438	0.0294619023036648	-0.189189189189189	0.269120106836639	0.719251955910839	TRUE	NA	NA	NA
Fungi vs Oomycete	Fungi	OTU_49	caryae (OTU_49)	Oomycete	OTU_6	Pythium (OTU_6)	-0.510939510939511	0.00145090876092889	0.00572727142471932	-0.189189189189189	0.269120106836639	0.719251955910839	FALSE	NA	NA	NA
Bacteria vs Oomycete	Bacteria	OTU_327	viridiflava (OTU_327)	Oomycete	OTU_20	OTU_20 (OTU_20)	0.211583011583012	0.215427741210669	0.307022909088839	0.188159588159588	0.271782579348422	0.723146552590036	FALSE	NA	NA	NA
Fungi vs Oomycete	Fungi	OTU_64	OTU_64 (OTU_64)	Oomycete	OTU_11	Pythium (OTU_11)	0.337966537966538	0.0438008993405015	0.0893895904908194	0.188159588159588	0.271782579348422	0.723146552590036	FALSE	NA	NA	NA
Bacteria vs Fungi	Bacteria	OTU_4090	Pseudomonadaceae (OTU_4090)	Fungi	OTU_30	Cadophora (OTU_30)	0.0643500643500644	0.709251838458639	0.78133587837939	-0.187902187902188	0.272450879364104	0.723320918665762	TRUE	NA	NA	NA
Bacteria vs Oomycete	Bacteria	OTU_42	[Kouleothrixaceae] (OTU_42)	Oomycete	OTU_5	Pythium (OTU_5)	0.357786357786358	0.0321576301050615	0.0704181681132734	-0.186357786357786	0.276483218404694	0.732405876568725	TRUE	NA	NA	NA
Fungi vs Oomycete	Fungi	OTU_86	AG_A (OTU_86)	Oomycete	OTU_19	Pythium (OTU_19)	-0.0167310167310167	0.92284555932558	0.948128999307103	0.186100386100386	0.277159032624194	0.732578940856901	TRUE	NA	NA	NA
Bacteria vs Oomycete	Bacteria	OTU_327	viridiflava (OTU_327)	Oomycete	OTU_9	OTU_9 (OTU_9)	0.175032175032175	0.307235870153405	0.402053483297803	-0.185585585585586	0.278513883038972	0.734542109113773	TRUE	NA	NA	NA
Bacteria vs Fungi	Bacteria	OTU_327	viridiflava (OTU_327)	Fungi	OTU_5	OTU_5 (OTU_5)	0.115572715572716	0.502081377963196	0.59535341260458	0.184813384813385	0.280554215200662	0.738300566317531	FALSE	NA	NA	NA
Bacteria vs Fungi	Bacteria	OTU_24	Agrobacterium (OTU_24)	Fungi	OTU_26	OTU_26 (OTU_26)	0.267181467181467	0.115186225008726	0.190128569477952	0.184041184041184	0.282604217530668	0.738834555635735	FALSE	NA	NA	NA
Bacteria vs Fungi	Bacteria	OTU_327	viridiflava (OTU_327)	Fungi	OTU_59	OTU_59 (OTU_59)	0.247619047619048	0.145373938805661	0.228037551067703	0.184041184041184	0.282604217530668	0.738834555635735	FALSE	NA	NA	NA
Bacteria vs Oomycete	Bacteria	OTU_1	Pseudomonas (OTU_1)	Oomycete	OTU_21	Pythium (OTU_21)	0.235521235521236	0.166726878894991	0.251980169614596	-0.184041184041184	0.282604217530669	0.738834555635735	TRUE	NA	NA	NA
Fungi vs Oomycete	Fungi	OTU_92	OTU_92 (OTU_92)	Oomycete	OTU_8	Pythium (OTU_8)	0.494980694980695	0.00214707295022335	0.00795212203786425	0.182754182754183	0.286042383375173	0.741770503432106	FALSE	NA	NA	NA
Fungi vs Oomycete	Fungi	OTU_32	OTU_32 (OTU_32)	Oomycete	OTU_15	Pythium (OTU_15)	0.388159588159588	0.0193186857027362	0.0466447139703893	-0.182496782496783	0.286733241457927	0.741770503432106	TRUE	NA	NA	NA
Bacteria vs Oomycete	Bacteria	OTU_2	Kineosporiaceae (OTU_2)	Oomycete	OTU_2	Albugo (OTU_2)	-0.0211068211068211	0.902752503181411	0.930672683692176	-0.182239382239382	0.287425174646484	0.741770503432106	FALSE	NA	NA	NA
Bacteria vs Fungi	Bacteria	OTU_63	OTU_63 (OTU_63)	Fungi	OTU_59	OTU_59 (OTU_59)	-0.677220077220077	5.73377650009585e-06	6.49106773595756e-05	-0.181724581724582	0.288812266531148	0.741770503432106	FALSE	NA	NA	NA
Bacteria vs Oomycete	Bacteria	OTU_59	Pseudomonadaceae (OTU_59)	Oomycete	OTU_8	Pythium (OTU_8)	-0.125868725868726	0.464488220950197	0.559624362590599	0.181209781209781	0.290203659364364	0.741770503432106	TRUE	NA	NA	NA
Bacteria vs Oomycete	Bacteria	OTU_2	Kineosporiaceae (OTU_2)	Oomycete	OTU_4	Pythium (OTU_4)	0.445045045045045	0.00653242684924559	0.0196463965390845	0.181209781209781	0.290203659364364	0.741770503432106	FALSE	NA	NA	NA
Bacteria vs Fungi	Bacteria	OTU_153	Polyangiaceae (OTU_153)	Fungi	OTU_45	solani (OTU_45)	0.158043758043758	0.357258892395319	0.453662085581357	0.180952380952381	0.29090096872167	0.741770503432106	FALSE	NA	NA	NA
Bacteria vs Fungi	Bacteria	OTU_42	[Kouleothrixaceae] (OTU_42)	Fungi	OTU_32	OTU_32 (OTU_32)	0.300643500643501	0.0748022076131789	0.138309166619129	0.18043758043758	0.292298813448057	0.741770503432106	FALSE	NA	NA	NA
Fungi vs Oomycete	Fungi	OTU_1	Coprinopsis (OTU_1)	Oomycete	OTU_2	Albugo (OTU_2)	0.102445302445302	0.55214651743187	0.642653560541459	0.18043758043758	0.292298813448057	0.741770503432106	FALSE	NA	NA	NA
Fungi vs Oomycete	Fungi	OTU_92	OTU_92 (OTU_92)	Oomycete	OTU_23	Apodachlya (OTU_23)	0.777606177606178	2.41525389056009e-08	1.03510881024004e-06	0.18043758043758	0.292298813448057	0.741770503432106	FALSE	NA	NA	NA
Bacteria vs Fungi	Bacteria	OTU_59	Pseudomonadaceae (OTU_59)	Fungi	OTU_25	Tetracladium (OTU_25)	-0.0229086229086229	0.894495443029103	0.928541982383152	0.18018018018018	0.292999348855682	0.741770503432106	TRUE	NA	NA	NA
Bacteria vs Fungi	Bacteria	OTU_23	[Kouleothrixaceae] (OTU_23)	Fungi	OTU_18	OTU_18 (OTU_18)	0.616473616473617	6.24250285793303e-05	0.000445893061280931	-0.18018018018018	0.292999348855682	0.741770503432106	TRUE	NA	NA	NA
Bacteria vs Fungi	Bacteria	OTU_71	Polyangiaceae (OTU_71)	Fungi	OTU_64	OTU_64 (OTU_64)	0.20978120978121	0.219452200762311	0.312017347055418	0.18018018018018	0.292999348855682	0.741770503432106	FALSE	NA	NA	NA
Bacteria vs Fungi	Bacteria	OTU_83	OTU_83 (OTU_83)	Fungi	OTU_92	OTU_92 (OTU_92)	-0.665122265122265	9.6302820168724e-06	0.000101578909453459	-0.18018018018018	0.292999348855682	0.741770503432106	FALSE	NA	NA	NA
Bacteria vs Oomycete	Bacteria	OTU_180	Serratia (OTU_180)	Oomycete	OTU_10	Pythium (OTU_10)	0.36036036036036	0.0308516687013697	0.0681804833179441	0.18018018018018	0.292999348855682	0.741770503432106	FALSE	NA	NA	NA
Bacteria vs Fungi	Bacteria	OTU_180	Serratia (OTU_180)	Fungi	OTU_15	chrysanthemicola (OTU_15)	0.525353925353925	0.00100155883441886	0.00432327554425409	0.17992277992278	0.293700959644383	0.741981371733178	FALSE	NA	NA	NA
Bacteria vs Fungi	Bacteria	OTU_42	[Kouleothrixaceae] (OTU_42)	Fungi	OTU_92	OTU_92 (OTU_92)	-0.794594594594595	7.20939612437081e-09	4.80626408291388e-07	0.17966537966538	0.294403645822064	0.74219406509764	TRUE	NA	NA	NA
Fungi vs Oomycete	Fungi	OTU_44	hispanica (OTU_44)	Oomycete	OTU_9	OTU_9 (OTU_9)	0.442213642213642	0.00692474977760849	0.0206196023154595	-0.179150579150579	0.295812244353184	0.744181746800462	TRUE	NA	NA	NA
Bacteria vs Oomycete	Bacteria	OTU_2	Kineosporiaceae (OTU_2)	Oomycete	OTU_19	Pythium (OTU_19)	-0.377348777348777	0.0232807723381827	0.05372485924196	0.178893178893179	0.296518156699618	0.744397046107828	TRUE	NA	NA	NA
Fungi vs Oomycete	Fungi	OTU_25	Tetracladium (OTU_25)	Oomycete	OTU_9	OTU_9 (OTU_9)	0.576061776061776	0.000236443924792176	0.00130752400806733	0.178635778635779	0.297225144421012	0.744614140511929	FALSE	NA	NA	NA
Bacteria vs Oomycete	Bacteria	OTU_36	OTU_36 (OTU_36)	Oomycete	OTU_23	Apodachlya (OTU_23)	-0.466151866151866	0.00416371648927081	0.0134675465960242	0.177606177606178	0.300063848688512	0.746183128730789	TRUE	NA	NA	NA
Fungi vs Oomycete	Fungi	OTU_30	Cadophora (OTU_30)	Oomycete	OTU_6	Pythium (OTU_6)	-0.286229086229086	0.0905734484383493	0.160781269417188	0.177606177606178	0.300063848688512	0.746183128730789	TRUE	NA	NA	NA
Fungi vs Oomycete	Fungi	OTU_15	chrysanthemicola (OTU_15)	Oomycete	OTU_24	Pythium (OTU_24)	0.777863577863578	2.37328640347414e-08	1.03510881024004e-06	-0.177348777348777	0.30077621296877	0.746183128730789	TRUE	NA	NA	NA
Fungi vs Oomycete	Fungi	OTU_92	OTU_92 (OTU_92)	Oomycete	OTU_9	OTU_9 (OTU_9)	0.745431145431146	1.82998697588039e-07	4.22304686741628e-06	0.177348777348777	0.30077621296877	0.746183128730789	FALSE	NA	NA	NA
Bacteria vs Fungi	Bacteria	OTU_51	Enterobacteriaceae (OTU_51)	Fungi	OTU_16	elongata (OTU_16)	-0.0512226512226512	0.766707566685964	0.826638885914786	-0.177091377091377	0.301489652465436	0.746183128730789	FALSE	NA	NA	NA
Bacteria vs Oomycete	Bacteria	OTU_48	mitochondria (OTU_48)	Oomycete	OTU_10	Pythium (OTU_10)	0.241441441441441	0.156012644582937	0.240946169240058	0.176833976833977	0.302204167135969	0.746183128730789	FALSE	NA	NA	NA
Fungi vs Oomycete	Fungi	OTU_16	elongata (OTU_16)	Oomycete	OTU_2	Albugo (OTU_2)	0.501158301158301	0.00184896258307639	0.00704366698314815	0.176833976833977	0.302204167135969	0.746183128730789	FALSE	NA	NA	NA
Bacteria vs Oomycete	Bacteria	OTU_327	viridiflava (OTU_327)	Oomycete	OTU_2	Albugo (OTU_2)	0.0388674388674389	0.821933115110444	0.873622442987186	0.176319176319176	0.303636421805384	0.746881378395267	FALSE	NA	NA	NA
Bacteria vs Fungi	Bacteria	OTU_59	Pseudomonadaceae (OTU_59)	Fungi	OTU_32	OTU_32 (OTU_32)	0.437580437580438	0.00761032095643036	0.0221659833682438	-0.176061776061776	0.304354161696071	0.746881378395267	TRUE	NA	NA	NA
Fungi vs Oomycete	Fungi	OTU_47	agrostis (OTU_47)	Oomycete	OTU_33	Hyaloperonospora (OTU_33)	0.423938223938224	0.00997593026478111	0.0277752118741006	0.176061776061776	0.30435416169607	0.746881378395267	FALSE	NA	NA	NA
Bacteria vs Oomycete	Bacteria	OTU_2	Kineosporiaceae (OTU_2)	Oomycete	OTU_1	Pythium (OTU_1)	-0.559330759330759	0.000390609752627665	0.00197777089938058	-0.175804375804376	0.305072976544224	0.747117493577693	FALSE	NA	NA	NA
Bacteria vs Oomycete	Bacteria	OTU_19	OTU_19 (OTU_19)	Oomycete	OTU_19	Pythium (OTU_19)	-0.425740025740026	0.0096315095984951	0.0271310129535073	-0.175546975546976	0.305792866284161	0.747355274014244	FALSE	NA	NA	NA
Fungi vs Oomycete	Fungi	OTU_1	Coprinopsis (OTU_1)	Oomycete	OTU_21	Pythium (OTU_21)	-0.122265122265122	0.477472836969591	0.572395009354155	0.175289575289575	0.306513830845549	0.747594709379389	TRUE	NA	NA	NA
Fungi vs Oomycete	Fungi	OTU_1	Coprinopsis (OTU_1)	Oomycete	OTU_4	Pythium (OTU_4)	0.468983268983269	0.0039111742972092	0.0128235222859318	0.174002574002574	0.310134773186812	0.753330190314583	FALSE	NA	NA	NA
Bacteria vs Fungi	Bacteria	OTU_63	OTU_63 (OTU_63)	Fungi	OTU_47	agrostis (OTU_47)	0.096010296010296	0.577513071593263	0.665721119992234	0.173745173745174	0.310862184939151	0.753330190314583	FALSE	NA	NA	NA
Bacteria vs Fungi	Bacteria	OTU_83	OTU_83 (OTU_83)	Fungi	OTU_5	OTU_5 (OTU_5)	0.235006435006435	0.167682899870915	0.252788291262685	0.173487773487774	0.31159067089012	0.753330190314583	FALSE	NA	NA	NA
Bacteria vs Fungi	Bacteria	OTU_71	Polyangiaceae (OTU_71)	Fungi	OTU_47	agrostis (OTU_47)	0.246074646074646	0.147982438663757	0.231222560412121	0.173487773487774	0.31159067089012	0.753330190314583	FALSE	NA	NA	NA
Bacteria vs Oomycete	Bacteria	OTU_2	Kineosporiaceae (OTU_2)	Oomycete	OTU_33	Hyaloperonospora (OTU_33)	0.061003861003861	0.723762330500421	0.791718137283961	0.173230373230373	0.31232023093204	0.753330190314583	FALSE	NA	NA	NA
Bacteria vs Oomycete	Bacteria	OTU_24	Agrobacterium (OTU_24)	Oomycete	OTU_19	Pythium (OTU_19)	-0.207464607464607	0.224701822925173	0.317599749717559	0.172715572715573	0.313782572834565	0.753330190314583	TRUE	NA	NA	NA
Bacteria vs Oomycete	Bacteria	OTU_83	OTU_83 (OTU_83)	Oomycete	OTU_15	Pythium (OTU_15)	0.117374517374517	0.495393623274868	0.589169819553857	-0.172715572715573	0.313782572834565	0.753330190314583	TRUE	NA	NA	NA
Bacteria vs Fungi	Bacteria	OTU_63	OTU_63 (OTU_63)	Fungi	OTU_25	Tetracladium (OTU_25)	-0.403346203346203	0.0147156889280957	0.0378133334340789	-0.172458172458172	0.314515354456338	0.753330190314583	FALSE	NA	NA	NA
Bacteria vs Oomycete	Bacteria	OTU_59	Pseudomonadaceae (OTU_59)	Oomycete	OTU_24	Pythium (OTU_24)	0.468468468468469	0.00395607753933907	0.0129002528456709	-0.172458172458172	0.314515354456338	0.753330190314583	TRUE	NA	NA	NA
Bacteria vs Oomycete	Bacteria	OTU_4	Janthinobacterium (OTU_4)	Oomycete	OTU_33	Hyaloperonospora (OTU_33)	0.0223938223938224	0.896853527261003	0.929381893534718	0.172200772200772	0.315249209691393	0.753583768186597	FALSE	NA	NA	NA
Bacteria vs Fungi	Bacteria	OTU_1	Pseudomonas (OTU_1)	Fungi	OTU_25	Tetracladium (OTU_25)	0.203088803088803	0.234850081729848	0.328844921908772	0.171943371943372	0.315984138408548	0.753838898787788	FALSE	NA	NA	NA
Bacteria vs Oomycete	Bacteria	OTU_63	OTU_63 (OTU_63)	Oomycete	OTU_10	Pythium (OTU_10)	0.4996138996139	0.00191986551538121	0.00724477552974043	-0.170913770913771	0.318934585309406	0.759368060260491	TRUE	NA	NA	NA
Bacteria vs Oomycete	Bacteria	OTU_4	Janthinobacterium (OTU_4)	Oomycete	OTU_8	Pythium (OTU_8)	0.135649935649936	0.430210199678178	0.524113948846511	0.16962676962677	0.322646779574735	0.761888161263345	FALSE	NA	NA	NA
Bacteria vs Fungi	Bacteria	OTU_180	Serratia (OTU_180)	Fungi	OTU_47	agrostis (OTU_47)	0.338738738738739	0.0432911316527885	0.088499758063622	0.169369369369369	0.323392434858234	0.761888161263345	FALSE	NA	NA	NA
Bacteria vs Fungi	Bacteria	OTU_51	Enterobacteriaceae (OTU_51)	Fungi	OTU_26	OTU_26 (OTU_26)	0.424967824967825	0.00977785861560274	0.0273506534702175	0.168854568854569	0.324886960417767	0.761888161263345	FALSE	NA	NA	NA
Fungi vs Oomycete	Fungi	OTU_67	OTU_67 (OTU_67)	Oomycete	OTU_9	OTU_9 (OTU_9)	0.638867438867439	2.74849919135312e-05	0.000230643288784877	-0.168854568854569	0.324886960417767	0.761888161263345	TRUE	NA	NA	NA
Fungi vs Oomycete	Fungi	OTU_15	chrysanthemicola (OTU_15)	Oomycete	OTU_8	Pythium (OTU_8)	-0.40952380952381	0.0131277102593878	0.034471011622025	0.168854568854569	0.324886960417767	0.761888161263345	TRUE	NA	NA	NA
Bacteria vs Oomycete	Bacteria	OTU_48	mitochondria (OTU_48)	Oomycete	OTU_4	Pythium (OTU_4)	0.264607464607465	0.118864099443096	0.195125744639829	-0.168082368082368	0.327136783345759	0.761888161263345	TRUE	NA	NA	NA
Bacteria vs Fungi	Bacteria	OTU_1	Pseudomonas (OTU_1)	Fungi	OTU_87	discosioides (OTU_87)	0.223423423423423	0.190242970217897	0.279769073849849	0.167824967824968	0.327888866073936	0.761888161263345	FALSE	NA	NA	NA
Bacteria vs Oomycete	Bacteria	OTU_59	Pseudomonadaceae (OTU_59)	Oomycete	OTU_1	Pythium (OTU_1)	-0.288803088803089	0.0875843076575654	0.156168156298779	0.167824967824968	0.327888866073936	0.761888161263345	TRUE	NA	NA	NA
Fungi vs Oomycete	Fungi	OTU_15	chrysanthemicola (OTU_15)	Oomycete	OTU_9	OTU_9 (OTU_9)	-0.383526383526384	0.0209417108781224	0.0498612163764818	-0.167824967824968	0.327888866073935	0.761888161263345	FALSE	NA	NA	NA
Fungi vs Oomycete	Fungi	OTU_25	Tetracladium (OTU_25)	Oomycete	OTU_12	Pythium (OTU_12)	0.532561132561133	0.000826982135690207	0.00368913963876672	-0.167824967824968	0.327888866073935	0.761888161263345	TRUE	NA	NA	NA
Bacteria vs Oomycete	Bacteria	OTU_51	Enterobacteriaceae (OTU_51)	Oomycete	OTU_10	Pythium (OTU_10)	0.300900900900901	0.0745414634299479	0.138039747092496	0.167567567567568	0.328642019328914	0.761888161263345	FALSE	NA	NA	NA
Fungi vs Oomycete	Fungi	OTU_87	discosioides (OTU_87)	Oomycete	OTU_5	Pythium (OTU_5)	0.478507078507079	0.00315658077278585	0.0108535728577164	-0.167567567567568	0.328642019328914	0.761888161263345	TRUE	NA	NA	NA
Bacteria vs Oomycete	Bacteria	OTU_48	mitochondria (OTU_48)	Oomycete	OTU_20	OTU_20 (OTU_20)	0.253024453024453	0.136508908792628	0.218414254068205	0.167310167310167	0.329396242893936	0.761888161263345	FALSE	NA	NA	NA
Fungi vs Oomycete	Fungi	OTU_45	solani (OTU_45)	Oomycete	OTU_5	Pythium (OTU_5)	-0.295752895752896	0.0798927753187502	0.1457011100038	-0.167310167310167	0.329396242893936	0.761888161263345	FALSE	NA	NA	NA
Bacteria vs Fungi	Bacteria	OTU_4090	Pseudomonadaceae (OTU_4090)	Fungi	OTU_1	Coprinopsis (OTU_1)	0.231145431145431	0.174978625355067	0.260837702392647	0.167052767052767	0.33015153654745	0.761888161263345	FALSE	NA	NA	NA
Bacteria vs Oomycete	Bacteria	OTU_4	Janthinobacterium (OTU_4)	Oomycete	OTU_24	Pythium (OTU_24)	0.131788931788932	0.443570293020891	0.537660961237444	0.167052767052767	0.33015153654745	0.761888161263345	FALSE	NA	NA	NA
Bacteria vs Fungi	Bacteria	OTU_36	OTU_36 (OTU_36)	Fungi	OTU_59	OTU_59 (OTU_59)	-0.518404118404118	0.00119995775045311	0.00494827938331179	-0.166537966537967	0.331665333209733	0.762449041861454	FALSE	NA	NA	NA
Bacteria vs Fungi	Bacteria	OTU_153	Polyangiaceae (OTU_153)	Fungi	OTU_92	OTU_92 (OTU_92)	0.149292149292149	0.384833408585824	0.482549728634262	0.166537966537967	0.331665333209733	0.762449041861454	FALSE	NA	NA	NA
Bacteria vs Fungi	Bacteria	OTU_1	Pseudomonas (OTU_1)	Fungi	OTU_16	elongata (OTU_16)	-0.306821106821107	0.068737756553857	0.128682227557923	-0.165508365508366	0.334705757314526	0.767967320798148	FALSE	NA	NA	NA
Bacteria vs Oomycete	Bacteria	OTU_4090	Pseudomonadaceae (OTU_4090)	Oomycete	OTU_24	Pythium (OTU_24)	0.183526383526384	0.283976259207655	0.37905618581667	-0.164221364221364	0.338530324399158	0.770840302285454	TRUE	NA	NA	NA
Fungi vs Oomycete	Fungi	OTU_49	caryae (OTU_49)	Oomycete	OTU_11	Pythium (OTU_11)	0.0151866151866152	0.929949111010422	0.951354589268974	-0.164221364221364	0.338530324399158	0.770840302285454	TRUE	NA	NA	NA
Bacteria vs Fungi	Bacteria	OTU_36	OTU_36 (OTU_36)	Fungi	OTU_30	Cadophora (OTU_30)	0.427541827541828	0.00929726177282071	0.0262510920644349	-0.163963963963964	0.339298440082083	0.770840302285454	TRUE	NA	NA	NA
Fungi vs Oomycete	Fungi	OTU_59	OTU_59 (OTU_59)	Oomycete	OTU_20	OTU_20 (OTU_20)	0.769111969111969	4.25302963410302e-08	1.41767654470101e-06	0.163963963963964	0.339298440082084	0.770840302285454	FALSE	NA	NA	NA
Bacteria vs Fungi	Bacteria	OTU_23	[Kouleothrixaceae] (OTU_23)	Fungi	OTU_15	chrysanthemicola (OTU_15)	0.247361647361647	0.145806337085628	0.228417238254247	-0.163706563706564	0.340067622535025	0.770840302285454	TRUE	NA	NA	NA
Bacteria vs Fungi	Bacteria	OTU_48	mitochondria (OTU_48)	Fungi	OTU_25	Tetracladium (OTU_25)	0.194079794079794	0.256707450816717	0.350453857770262	0.163449163449163	0.34083787146886	0.770840302285454	FALSE	NA	NA	NA
Fungi vs Oomycete	Fungi	OTU_92	OTU_92 (OTU_92)	Oomycete	OTU_11	Pythium (OTU_11)	0.568082368082368	0.00030141068603787	0.00159336045482574	0.163449163449163	0.34083787146886	0.770840302285454	FALSE	NA	NA	NA
Fungi vs Oomycete	Fungi	OTU_16	elongata (OTU_16)	Oomycete	OTU_11	Pythium (OTU_11)	-0.342599742599743	0.0408136223684572	0.085324646066461	-0.163191763191763	0.341609186589614	0.770840302285454	FALSE	NA	NA	NA
Bacteria vs Fungi	Bacteria	OTU_4090	Pseudomonadaceae (OTU_4090)	Fungi	OTU_32	OTU_32 (OTU_32)	0.24015444015444	0.158298251512961	0.243223945986623	-0.162934362934363	0.342381567598456	0.770840302285454	TRUE	NA	NA	NA
Bacteria vs Oomycete	Bacteria	OTU_63	OTU_63 (OTU_63)	Oomycete	OTU_11	Pythium (OTU_11)	-0.279279279279279	0.0990358112424849	0.170018560072935	-0.162934362934363	0.342381567598456	0.770840302285454	FALSE	NA	NA	NA
Bacteria vs Fungi	Bacteria	OTU_59	Pseudomonadaceae (OTU_59)	Fungi	OTU_37	Phoma (OTU_37)	0.0854568854568855	0.620209151913124	0.703450833927929	0.162676962676963	0.343155014191688	0.771134863352109	FALSE	NA	NA	NA
Fungi vs Oomycete	Fungi	OTU_44	hispanica (OTU_44)	Oomycete	OTU_33	Hyaloperonospora (OTU_33)	-0.46975546975547	0.00384464806109232	0.0127095803672473	0.162419562419562	0.343929526060751	0.771430712659627	TRUE	NA	NA	NA
Fungi vs Oomycete	Fungi	OTU_37	Phoma (OTU_37)	Oomycete	OTU_3	Hyaloperonospora (OTU_3)	-0.593822393822394	0.000134598882359476	0.000850098204375638	0.162162162162162	0.344705102892212	0.771727842295998	TRUE	NA	NA	NA
Bacteria vs Fungi	Bacteria	OTU_153	Polyangiaceae (OTU_153)	Fungi	OTU_26	OTU_26 (OTU_26)	0.618790218790219	5.75136037816245e-05	0.000415760991192466	0.160875160875161	0.348598950174138	0.77610155882925	FALSE	NA	NA	NA
Bacteria vs Fungi	Bacteria	OTU_36	OTU_36 (OTU_36)	Fungi	OTU_44	hispanica (OTU_44)	-0.214929214929215	0.208089098773481	0.299408775213641	0.160875160875161	0.348598950174138	0.77610155882925	TRUE	NA	NA	NA
Bacteria vs Oomycete	Bacteria	OTU_51	Enterobacteriaceae (OTU_51)	Oomycete	OTU_9	OTU_9 (OTU_9)	-0.068983268983269	0.689326518220081	0.765209825961236	-0.160875160875161	0.348598950174138	0.77610155882925	FALSE	NA	NA	NA
Bacteria vs Fungi	Bacteria	OTU_4	Janthinobacterium (OTU_4)	Fungi	OTU_67	OTU_67 (OTU_67)	0.239124839124839	0.160144095166409	0.24511851300981	0.160617760617761	0.349380909924824	0.776402022055165	FALSE	NA	NA	NA
Fungi vs Oomycete	Fungi	OTU_45	solani (OTU_45)	Oomycete	OTU_2	Albugo (OTU_2)	-0.742857142857143	2.12419246363535e-07	4.80949237049512e-06	-0.15984555984556	0.351733163552438	0.780184466290065	FALSE	NA	NA	NA
Bacteria vs Oomycete	Bacteria	OTU_16	[Kouleothrixaceae] (OTU_16)	Oomycete	OTU_25	OTU_25 (OTU_25)	-0.762162162162162	6.64031684303395e-08	1.89723338372399e-06	-0.15958815958816	0.352519371695459	0.780485693790684	FALSE	NA	NA	NA
Bacteria vs Oomycete	Bacteria	OTU_51	Enterobacteriaceae (OTU_51)	Oomycete	OTU_24	Pythium (OTU_24)	0.220849420849421	0.195533118528355	0.285102967477553	-0.158815958815959	0.354884361784876	0.783442467645583	TRUE	NA	NA	NA
Bacteria vs Fungi	Bacteria	OTU_16	[Kouleothrixaceae] (OTU_16)	Fungi	OTU_32	OTU_32 (OTU_32)	0.181467181467181	0.289507425311059	0.384727475496423	0.158558558558559	0.35567481244466	0.783442467645583	FALSE	NA	NA	NA
Bacteria vs Oomycete	Bacteria	OTU_59	Pseudomonadaceae (OTU_59)	Oomycete	OTU_2	Albugo (OTU_2)	0.182239382239382	0.287425174646484	0.382808223724508	0.158301158301158	0.35646632277874	0.783442467645583	FALSE	NA	NA	NA
Fungi vs Oomycete	Fungi	OTU_87	discosioides (OTU_87)	Oomycete	OTU_33	Hyaloperonospora (OTU_33)	0.079021879021879	0.646869169720693	0.726139386028842	-0.158301158301158	0.35646632277874	0.783442467645583	TRUE	NA	NA	NA
Fungi vs Oomycete	Fungi	OTU_26	OTU_26 (OTU_26)	Oomycete	OTU_6	Pythium (OTU_6)	-0.716602316602317	8.85231208422668e-07	1.51753921443886e-05	-0.158043758043758	0.357258892395318	0.783748941269437	FALSE	NA	NA	NA
Bacteria vs Oomycete	Bacteria	OTU_51	Enterobacteriaceae (OTU_51)	Oomycete	OTU_11	Pythium (OTU_11)	0.51943371943372	0.00116853747636996	0.00485205872541158	0.157528957528958	0.35884720788416	0.785796805585751	FALSE	NA	NA	NA
Fungi vs Oomycete	Fungi	OTU_86	AG_A (OTU_86)	Oomycete	OTU_2	Albugo (OTU_2)	-0.0326898326898327	0.849883304955455	0.891485984219008	-0.156499356499357	0.362036532465786	0.791336682985324	FALSE	NA	NA	NA
Bacteria vs Fungi	Bacteria	OTU_48	mitochondria (OTU_48)	Fungi	OTU_37	Phoma (OTU_37)	0.239382239382239	0.15968118429134	0.244722121519295	0.155984555984556	0.363637534855853	0.791951074096233	FALSE	NA	NA	NA
Bacteria vs Fungi	Bacteria	OTU_153	Polyangiaceae (OTU_153)	Fungi	OTU_16	elongata (OTU_16)	-0.200514800514801	0.240962234651988	0.334669770349983	-0.155984555984556	0.363637534855853	0.791951074096233	FALSE	NA	NA	NA
Fungi vs Oomycete	Fungi	OTU_18	OTU_18 (OTU_18)	Oomycete	OTU_4	Pythium (OTU_4)	0.497812097812098	0.00200558798613409	0.00752095494800284	0.154954954954955	0.366852202484533	0.796682941720072	FALSE	NA	NA	NA
Bacteria vs Fungi	Bacteria	OTU_2	Kineosporiaceae (OTU_2)	Fungi	OTU_47	agrostis (OTU_47)	0.214414414414414	0.209206702657318	0.300296702378926	0.154697554697555	0.36765850487554	0.796682941720072	FALSE	NA	NA	NA
Bacteria vs Oomycete	Bacteria	OTU_4090	Pseudomonadaceae (OTU_4090)	Oomycete	OTU_8	Pythium (OTU_8)	0.137709137709138	0.423177116457543	0.520299733349438	0.154440154440154	0.368465860545533	0.796682941720072	FALSE	NA	NA	NA
Fungi vs Oomycete	Fungi	OTU_45	solani (OTU_45)	Oomycete	OTU_9	OTU_9 (OTU_9)	0.67027027027027	7.74576207803182e-06	8.37379684111548e-05	-0.154440154440154	0.368465860545533	0.796682941720072	TRUE	NA	NA	NA
Fungi vs Oomycete	Fungi	OTU_87	discosioides (OTU_87)	Oomycete	OTU_8	Pythium (OTU_8)	-0.10990990990991	0.52339308879345	0.614551571968826	-0.154182754182754	0.369274269028557	0.796994825241489	FALSE	NA	NA	NA
Bacteria vs Fungi	Bacteria	OTU_63	OTU_63 (OTU_63)	Fungi	OTU_49	caryae (OTU_49)	0.355469755469756	0.0333713451291526	0.0726780656170292	-0.153153153153153	0.372518421598054	0.802058966826125	TRUE	NA	NA	NA
Fungi vs Oomycete	Fungi	OTU_16	elongata (OTU_16)	Oomycete	OTU_33	Hyaloperonospora (OTU_33)	0.427541827541828	0.00929726177282071	0.0262510920644349	-0.152895752895753	0.373332086983064	0.802058966826125	TRUE	NA	NA	NA
Bacteria vs Fungi	Bacteria	OTU_51	Enterobacteriaceae (OTU_51)	Fungi	OTU_87	discosioides (OTU_87)	0.455083655083655	0.0052912581386732	0.0164922331595009	-0.152380952380952	0.374962566991213	0.802058966826125	TRUE	NA	NA	NA
Fungi vs Oomycete	Fungi	OTU_45	solani (OTU_45)	Oomycete	OTU_11	Pythium (OTU_11)	0.620849420849421	5.34439719227734e-05	0.000393452554032688	0.152380952380952	0.374962566991213	0.802058966826125	FALSE	NA	NA	NA
Fungi vs Oomycete	Fungi	OTU_47	agrostis (OTU_47)	Oomycete	OTU_11	Pythium (OTU_11)	-0.0931788931788932	0.58883777922472	0.676825033591632	0.152380952380952	0.374962566991213	0.802058966826125	TRUE	NA	NA	NA
Bacteria vs Oomycete	Bacteria	OTU_71	Polyangiaceae (OTU_71)	Oomycete	OTU_25	OTU_25 (OTU_25)	0.307593307593308	0.0680076564754135	0.127713908874016	0.151866151866152	0.376597242620258	0.80395826359002	FALSE	NA	NA	NA
Fungi vs Oomycete	Fungi	OTU_87	discosioides (OTU_87)	Oomycete	OTU_10	Pythium (OTU_10)	0.292921492921493	0.0829604705742028	0.149703104795554	0.151608751608752	0.377416152512704	0.80395826359002	FALSE	NA	NA	NA
Bacteria vs Fungi	Bacteria	OTU_24	Agrobacterium (OTU_24)	Fungi	OTU_18	OTU_18 (OTU_18)	-0.180694980694981	0.291599353409054	0.386651076343497	-0.151093951093951	0.379057113849988	0.80395826359002	FALSE	NA	NA	NA
Bacteria vs Oomycete	Bacteria	OTU_23	[Kouleothrixaceae] (OTU_23)	Oomycete	OTU_33	Hyaloperonospora (OTU_33)	0.640411840411841	2.59107921873956e-05	0.000223690292265286	0.151093951093951	0.379057113849988	0.80395826359002	FALSE	NA	NA	NA
Fungi vs Oomycete	Fungi	OTU_1	Coprinopsis (OTU_1)	Oomycete	OTU_8	Pythium (OTU_8)	0.0437580437580438	0.799956223838091	0.85786190223924	0.150836550836551	0.379879164238479	0.80395826359002	FALSE	NA	NA	NA
Bacteria vs Oomycete	Bacteria	OTU_24	Agrobacterium (OTU_24)	Oomycete	OTU_24	Pythium (OTU_24)	-0.00849420849420849	0.960785881505287	0.975417138584048	-0.15032175032175	0.381526401776844	0.80395826359002	FALSE	NA	NA	NA
Bacteria vs Oomycete	Bacteria	OTU_51	Enterobacteriaceae (OTU_51)	Oomycete	OTU_15	Pythium (OTU_15)	0.418790218790219	0.0110182438255378	0.0297790373663184	0.15006435006435	0.382351587840411	0.80395826359002	FALSE	NA	NA	NA
Fungi vs Oomycete	Fungi	OTU_67	OTU_67 (OTU_67)	Oomycete	OTU_1	Pythium (OTU_1)	-0.6998712998713	2.02994390606919e-06	2.61928245944412e-05	-0.15006435006435	0.38235158784041	0.80395826359002	FALSE	NA	NA	NA
Bacteria vs Fungi	Bacteria	OTU_16	[Kouleothrixaceae] (OTU_16)	Fungi	OTU_25	Tetracladium (OTU_25)	-0.637323037323037	2.91454490277796e-05	0.000241203716091969	-0.14954954954955	0.384005091803052	0.80395826359002	FALSE	NA	NA	NA
Bacteria vs Fungi	Bacteria	OTU_63	OTU_63 (OTU_63)	Fungi	OTU_32	OTU_32 (OTU_32)	0.015958815958816	0.926396634670671	0.94974127075792	-0.14954954954955	0.384005091803052	0.80395826359002	TRUE	NA	NA	NA
Fungi vs Oomycete	Fungi	OTU_30	Cadophora (OTU_30)	Oomycete	OTU_11	Pythium (OTU_11)	0.122265122265122	0.477472836969591	0.572395009354155	-0.14954954954955	0.384005091803052	0.80395826359002	TRUE	NA	NA	NA
Bacteria vs Fungi	Bacteria	OTU_2	Kineosporiaceae (OTU_2)	Fungi	OTU_59	OTU_59 (OTU_59)	0.197168597168597	0.249066681751396	0.341967984098027	0.149034749034749	0.385662767817023	0.80395826359002	FALSE	NA	NA	NA
Bacteria vs Oomycete	Bacteria	OTU_16	[Kouleothrixaceae] (OTU_16)	Oomycete	OTU_10	Pythium (OTU_10)	0.448391248391248	0.00609351517432828	0.0184651974979645	0.149034749034749	0.385662767817023	0.80395826359002	FALSE	NA	NA	NA
Fungi vs Oomycete	Fungi	OTU_37	Phoma (OTU_37)	Oomycete	OTU_4	Pythium (OTU_4)	-0.451737451737452	0.00568020206104661	0.0173883736562651	-0.149034749034749	0.385662767817023	0.80395826359002	FALSE	NA	NA	NA
Bacteria vs Fungi	Bacteria	OTU_36	OTU_36 (OTU_36)	Fungi	OTU_49	caryae (OTU_49)	0.282368082368082	0.0952033135457514	0.166052291068171	-0.148519948519949	0.387324611337052	0.80395826359002	TRUE	NA	NA	NA
Bacteria vs Oomycete	Bacteria	OTU_5	Dolo_23 (OTU_5)	Oomycete	OTU_20	OTU_20 (OTU_20)	-0.341827541827542	0.0412997185481498	0.0861907169700517	0.148519948519949	0.387324611337051	0.80395826359002	TRUE	NA	NA	NA
Bacteria vs Oomycete	Bacteria	OTU_71	Polyangiaceae (OTU_71)	Oomycete	OTU_4	Pythium (OTU_4)	0.135649935649936	0.430210199678178	0.524113948846511	-0.148005148005148	0.38899061773776	0.80395826359002	TRUE	NA	NA	NA
Bacteria vs Fungi	Bacteria	OTU_48	mitochondria (OTU_48)	Fungi	OTU_26	OTU_26 (OTU_26)	0.406177606177606	0.0139688784322039	0.0362828011226076	-0.147232947232947	0.391497422424813	0.80395826359002	TRUE	NA	NA	NA
Bacteria vs Fungi	Bacteria	OTU_59	Pseudomonadaceae (OTU_59)	Fungi	OTU_15	chrysanthemicola (OTU_15)	0.493693693693694	0.00221422055492895	0.00812558001808788	-0.147232947232947	0.391497422424813	0.80395826359002	TRUE	NA	NA	NA
Bacteria vs Fungi	Bacteria	OTU_71	Polyangiaceae (OTU_71)	Fungi	OTU_32	OTU_32 (OTU_32)	0.223166023166023	0.190767407269044	0.280196926221361	-0.146975546975547	0.392335100278876	0.80395826359002	TRUE	NA	NA	NA
Bacteria vs Oomycete	Bacteria	OTU_23	[Kouleothrixaceae] (OTU_23)	Oomycete	OTU_11	Pythium (OTU_11)	-0.509395109395109	0.00150824510395847	0.00589542060179206	0.146975546975547	0.392335100278876	0.80395826359002	TRUE	NA	NA	NA
Bacteria vs Fungi	Bacteria	OTU_19	OTU_19 (OTU_19)	Fungi	OTU_15	chrysanthemicola (OTU_15)	0.450965250965251	0.00577337499511661	0.0176286259392874	-0.146718146718147	0.393173815265048	0.80395826359002	TRUE	NA	NA	NA
Bacteria vs Oomycete	Bacteria	OTU_4	Janthinobacterium (OTU_4)	Oomycete	OTU_11	Pythium (OTU_11)	0.583011583011583	0.000190399062485822	0.0010984561297259	-0.146718146718147	0.393173815265048	0.80395826359002	TRUE	NA	NA	NA
Fungi vs Oomycete	Fungi	OTU_16	elongata (OTU_16)	Oomycete	OTU_10	Pythium (OTU_10)	0.521235521235521	0.00111529469499012	0.00469597766311629	-0.146203346203346	0.394854354165595	0.80395826359002	TRUE	NA	NA	NA
Bacteria vs Fungi	Bacteria	OTU_5	Dolo_23 (OTU_5)	Fungi	OTU_18	OTU_18 (OTU_18)	-0.150836550836551	0.379879164238479	0.478336828002282	-0.145945945945946	0.395696176833363	0.80395826359002	FALSE	NA	NA	NA
Bacteria vs Oomycete	Bacteria	OTU_153	Polyangiaceae (OTU_153)	Oomycete	OTU_5	Pythium (OTU_5)	0.298069498069498	0.0774489433341389	0.142325776418019	0.145945945945946	0.395696176833363	0.80395826359002	FALSE	NA	NA	NA
Bacteria vs Oomycete	Bacteria	OTU_23	[Kouleothrixaceae] (OTU_23)	Oomycete	OTU_19	Pythium (OTU_19)	0.454054054054054	0.00540840977576437	0.0167270405436012	-0.145431145431145	0.397382925449688	0.80395826359002	TRUE	NA	NA	NA
Bacteria vs Oomycete	Bacteria	OTU_5	Dolo_23 (OTU_5)	Oomycete	OTU_7	Pythium (OTU_7)	-0.295752895752896	0.0798927753187502	0.1457011100038	-0.145173745173745	0.3982278501215	0.80395826359002	FALSE	NA	NA	NA
Bacteria vs Oomycete	Bacteria	OTU_51	Enterobacteriaceae (OTU_51)	Oomycete	OTU_8	Pythium (OTU_8)	-0.051994851994852	0.763290257909308	0.823694522923713	0.145173745173745	0.3982278501215	0.80395826359002	TRUE	NA	NA	NA
Fungi vs Oomycete	Fungi	OTU_47	agrostis (OTU_47)	Oomycete	OTU_19	Pythium (OTU_19)	0.138223938223938	0.421428947500363	0.519214309035355	0.145173745173745	0.3982278501215	0.80395826359002	FALSE	NA	NA	NA
Bacteria vs Oomycete	Bacteria	OTU_63	OTU_63 (OTU_63)	Oomycete	OTU_5	Pythium (OTU_5)	0.444530244530245	0.00660230430624254	0.0197575191209253	-0.144916344916345	0.399073807509539	0.80395826359002	TRUE	NA	NA	NA
Fungi vs Oomycete	Fungi	OTU_26	OTU_26 (OTU_26)	Oomycete	OTU_8	Pythium (OTU_8)	-0.417760617760618	0.0112374271264131	0.0302352299365376	-0.144916344916345	0.399073807509539	0.80395826359002	FALSE	NA	NA	NA
Bacteria vs Fungi	Bacteria	OTU_36	OTU_36 (OTU_36)	Fungi	OTU_26	OTU_26 (OTU_26)	0.184813384813385	0.280554215200662	0.376162076246697	0.144658944658945	0.399920796962867	0.80395826359002	FALSE	NA	NA	NA
Fungi vs Oomycete	Fungi	OTU_1	Coprinopsis (OTU_1)	Oomycete	OTU_3	Hyaloperonospora (OTU_3)	-0.228571428571429	0.179966429091138	0.26628818114595	-0.144658944658945	0.399920796962868	0.80395826359002	FALSE	NA	NA	NA
Fungi vs Oomycete	Fungi	OTU_15	chrysanthemicola (OTU_15)	Oomycete	OTU_20	OTU_20 (OTU_20)	-0.195109395109395	0.254143456334079	0.347744752110485	-0.144658944658945	0.399920796962868	0.80395826359002	FALSE	NA	NA	NA
Bacteria vs Fungi	Bacteria	OTU_63	OTU_63 (OTU_63)	Fungi	OTU_30	Cadophora (OTU_30)	0.457915057915058	0.00498030531631789	0.015727279946267	-0.144144144144144	0.401617869436498	0.80395826359002	TRUE	NA	NA	NA
Bacteria vs Oomycete	Bacteria	OTU_1	Pseudomonas (OTU_1)	Oomycete	OTU_2	Albugo (OTU_2)	-0.123037323037323	0.474674559719046	0.570179651314169	-0.144144144144144	0.401617869436498	0.80395826359002	FALSE	NA	NA	NA
Bacteria vs Fungi	Bacteria	OTU_19	OTU_19 (OTU_19)	Fungi	OTU_64	OTU_64 (OTU_64)	0.0810810810810811	0.638288695089846	0.718523859388195	0.143886743886744	0.402467951129787	0.80395826359002	FALSE	NA	NA	NA
Fungi vs Oomycete	Fungi	OTU_44	hispanica (OTU_44)	Oomycete	OTU_5	Pythium (OTU_5)	-0.11016731016731	0.522414852886573	0.614003744822612	-0.143886743886744	0.402467951129787	0.80395826359002	FALSE	NA	NA	NA
Bacteria vs Fungi	Bacteria	OTU_83	OTU_83 (OTU_83)	Fungi	OTU_87	discosioides (OTU_87)	0.175546975546976	0.305792866284163	0.401039824634967	0.143629343629344	0.403319062234327	0.80395826359002	FALSE	NA	NA	NA
Bacteria vs Oomycete	Bacteria	OTU_2	Kineosporiaceae (OTU_2)	Oomycete	OTU_10	Pythium (OTU_10)	0.236808236808237	0.164353957884198	0.24996799678205	-0.143629343629344	0.403319062234327	0.80395826359002	TRUE	NA	NA	NA
Bacteria vs Fungi	Bacteria	OTU_63	OTU_63 (OTU_63)	Fungi	OTU_45	solani (OTU_45)	-0.52947232947233	0.000898194661511095	0.0039626235066666	0.143371943371943	0.404171202074034	0.804320800147332	TRUE	NA	NA	NA
Bacteria vs Oomycete	Bacteria	OTU_36	OTU_36 (OTU_36)	Oomycete	OTU_5	Pythium (OTU_5)	0.35958815958816	0.0312388089365989	0.0689091373601446	0.143114543114543	0.405024369967792	0.804684178743958	FALSE	NA	NA	NA
Bacteria vs Fungi	Bacteria	OTU_19	OTU_19 (OTU_19)	Fungi	OTU_16	elongata (OTU_16)	-0.203861003861004	0.233037068347942	0.327452555055656	-0.142599742599743	0.406733787167824	0.806744701820477	FALSE	NA	NA	NA
Bacteria vs Fungi	Bacteria	OTU_153	Polyangiaceae (OTU_153)	Fungi	OTU_49	caryae (OTU_49)	0.220592020592021	0.196067740444676	0.285189440646802	-0.142342342342342	0.407590035086696	0.807108980369695	TRUE	NA	NA	NA
Bacteria vs Fungi	Bacteria	OTU_83	OTU_83 (OTU_83)	Fungi	OTU_15	chrysanthemicola (OTU_15)	0.584041184041184	0.000184309671538783	0.00107364857207058	-0.141827541827542	0.409305606055888	0.808363071855884	TRUE	NA	NA	NA
Bacteria vs Oomycete	Bacteria	OTU_48	mitochondria (OTU_48)	Oomycete	OTU_12	Pythium (OTU_12)	-0.201544401544402	0.238504663009156	0.332410680152134	0.141570141570142	0.410164927688594	0.808363071855884	TRUE	NA	NA	NA
Bacteria vs Fungi	Bacteria	OTU_4090	Pseudomonadaceae (OTU_4090)	Fungi	OTU_16	elongata (OTU_16)	-0.283655083655084	0.0936403430860897	0.164281303659806	0.141055341055341	0.411886639668413	0.808363071855884	TRUE	NA	NA	NA
Fungi vs Oomycete	Fungi	OTU_16	elongata (OTU_16)	Oomycete	OTU_15	Pythium (OTU_15)	-0.0898326898326898	0.602346225665658	0.686434445203029	-0.141055341055341	0.411886639668413	0.808363071855884	FALSE	NA	NA	NA
Bacteria vs Oomycete	Bacteria	OTU_42	[Kouleothrixaceae] (OTU_42)	Oomycete	OTU_19	Pythium (OTU_19)	0.341312741312741	0.0416263759773883	0.0864215418215676	-0.140797940797941	0.412749028567691	0.808363071855884	TRUE	NA	NA	NA
Bacteria vs Fungi	Bacteria	OTU_42	[Kouleothrixaceae] (OTU_42)	Fungi	OTU_26	OTU_26 (OTU_26)	0.0396396396396397	0.81845373859891	0.870695466594585	-0.140540540540541	0.413612438432927	0.808363071855884	TRUE	NA	NA	NA
Bacteria vs Oomycete	Bacteria	OTU_1	Pseudomonas (OTU_1)	Oomycete	OTU_1	Pythium (OTU_1)	-0.592020592020592	0.000142730905976648	0.000892068162354047	-0.140540540540541	0.413612438432927	0.808363071855884	FALSE	NA	NA	NA
Fungi vs Oomycete	Fungi	OTU_15	chrysanthemicola (OTU_15)	Oomycete	OTU_5	Pythium (OTU_5)	0.366537966537967	0.0278939945171474	0.0628007381249098	-0.140540540540541	0.413612438432927	0.808363071855884	TRUE	NA	NA	NA
Bacteria vs Fungi	Bacteria	OTU_48	mitochondria (OTU_48)	Fungi	OTU_32	OTU_32 (OTU_32)	0.197425997425997	0.248436880872883	0.341493994326987	-0.14002574002574	0.415342318110176	0.809482242659409	TRUE	NA	NA	NA
Bacteria vs Fungi	Bacteria	OTU_180	Serratia (OTU_180)	Fungi	OTU_5	OTU_5 (OTU_5)	0.296267696267696	0.0793445967209464	0.145142554977341	-0.13976833976834	0.416208786434046	0.809482242659409	TRUE	NA	NA	NA
Bacteria vs Oomycete	Bacteria	OTU_83	OTU_83 (OTU_83)	Oomycete	OTU_12	Pythium (OTU_12)	-0.639124839124839	2.7216745867466e-05	0.00023000066930253	-0.13976833976834	0.416208786434046	0.809482242659409	FALSE	NA	NA	NA
Bacteria vs Fungi	Bacteria	OTU_63	OTU_63 (OTU_63)	Fungi	OTU_16	elongata (OTU_16)	0.662805662805663	1.06073849672777e-05	0.000106965226560784	0.138996138996139	0.418814296311932	0.811815409513244	FALSE	NA	NA	NA
Bacteria vs Oomycete	Bacteria	OTU_4	Janthinobacterium (OTU_4)	Oomycete	OTU_3	Hyaloperonospora (OTU_3)	-0.143886743886744	0.402467951129787	0.501517696111883	-0.138996138996139	0.418814296311932	0.811815409513244	FALSE	NA	NA	NA
Bacteria vs Fungi	Bacteria	OTU_180	Serratia (OTU_180)	Fungi	OTU_87	discosioides (OTU_87)	0.324324324324324	0.0536322402566979	0.104989703602019	-0.138738738738739	0.419684832034281	0.811815409513244	TRUE	NA	NA	NA
Bacteria vs Fungi	Bacteria	OTU_4090	Pseudomonadaceae (OTU_4090)	Fungi	OTU_18	OTU_18 (OTU_18)	-0.0555984555984556	0.747401956054397	0.811658232819255	0.138223938223938	0.421428947500363	0.811815409513244	TRUE	NA	NA	NA
Bacteria vs Oomycete	Bacteria	OTU_36	OTU_36 (OTU_36)	Oomycete	OTU_9	OTU_9 (OTU_9)	-0.543371943371943	0.000615468967665155	0.00290772740629207	-0.137966537966538	0.422302525685393	0.811815409513244	FALSE	NA	NA	NA
Bacteria vs Fungi	Bacteria	OTU_180	Serratia (OTU_180)	Fungi	OTU_32	OTU_32 (OTU_32)	0.32046332046332	0.0567127419928103	0.109766597405439	0.137709137709138	0.423177116457543	0.811815409513244	FALSE	NA	NA	NA
Bacteria vs Fungi	Bacteria	OTU_42	[Kouleothrixaceae] (OTU_42)	Fungi	OTU_49	caryae (OTU_49)	0.44041184041184	0.00718478977062867	0.0212358318343705	-0.137194337194337	0.424929332590349	0.811815409513244	TRUE	NA	NA	NA
Fungi vs Oomycete	Fungi	OTU_26	OTU_26 (OTU_26)	Oomycete	OTU_25	OTU_25 (OTU_25)	-0.141055341055341	0.411886639668413	0.510603272316214	0.137194337194337	0.424929332590349	0.811815409513244	TRUE	NA	NA	NA
Bacteria vs Oomycete	Bacteria	OTU_83	OTU_83 (OTU_83)	Oomycete	OTU_33	Hyaloperonospora (OTU_33)	0.567052767052767	0.000310861736022937	0.00163611440012072	-0.136679536679537	0.426685589502666	0.811815409513244	TRUE	NA	NA	NA
Fungi vs Oomycete	Fungi	OTU_30	Cadophora (OTU_30)	Oomycete	OTU_3	Hyaloperonospora (OTU_3)	-0.0445302445302445	0.79649951865605	0.854918982457298	0.136679536679537	0.426685589502666	0.811815409513244	TRUE	NA	NA	NA
Fungi vs Oomycete	Fungi	OTU_86	AG_A (OTU_86)	Oomycete	OTU_4	Pythium (OTU_4)	0.33976833976834	0.0426188983992563	0.0878740173180542	0.136164736164736	0.42844588071774	0.811815409513244	FALSE	NA	NA	NA
Bacteria vs Fungi	Bacteria	OTU_24	Agrobacterium (OTU_24)	Fungi	OTU_67	OTU_67 (OTU_67)	0.292921492921493	0.0829604705742028	0.149703104795554	0.135907335907336	0.429327537142774	0.811815409513244	FALSE	NA	NA	NA
Bacteria vs Fungi	Bacteria	OTU_48	mitochondria (OTU_48)	Fungi	OTU_5	OTU_5 (OTU_5)	0.335907335907336	0.0451839739130182	0.091127342345583	0.135649935649936	0.430210199678178	0.811815409513244	FALSE	NA	NA	NA
Bacteria vs Fungi	Bacteria	OTU_59	Pseudomonadaceae (OTU_59)	Fungi	OTU_18	OTU_18 (OTU_18)	0.281853281853282	0.0958340588588135	0.166186229234937	-0.135649935649936	0.430210199678178	0.811815409513244	TRUE	NA	NA	NA
Bacteria vs Oomycete	Bacteria	OTU_83	OTU_83 (OTU_83)	Oomycete	OTU_21	Pythium (OTU_21)	-0.612870012870013	7.082102751898e-05	0.000499913135428094	-0.135649935649936	0.430210199678178	0.811815409513244	FALSE	NA	NA	NA
Bacteria vs Oomycete	Bacteria	OTU_23	[Kouleothrixaceae] (OTU_23)	Oomycete	OTU_25	OTU_25 (OTU_25)	-0.770398970398971	3.90962408937471e-08	1.41767654470101e-06	0.135392535392535	0.431093867491679	0.811815409513244	TRUE	NA	NA	NA
Fungi vs Oomycete	Fungi	OTU_26	OTU_26 (OTU_26)	Oomycete	OTU_5	Pythium (OTU_5)	0.276447876447876	0.102651206343692	0.174973647176747	0.135392535392535	0.431093867491679	0.811815409513244	FALSE	NA	NA	NA
Fungi vs Oomycete	Fungi	OTU_5	OTU_5 (OTU_5)	Oomycete	OTU_19	Pythium (OTU_19)	0.0895752895752896	0.603390836365088	0.686972489220214	0.135392535392535	0.431093867491679	0.811815409513244	FALSE	NA	NA	NA
Bacteria vs Fungi	Bacteria	OTU_51	Enterobacteriaceae (OTU_51)	Fungi	OTU_5	OTU_5 (OTU_5)	0.371685971685972	0.0256112779259154	0.0583179004005665	-0.134877734877735	0.432864215598695	0.811815409513244	TRUE	NA	NA	NA
Fungi vs Oomycete	Fungi	OTU_64	OTU_64 (OTU_64)	Oomycete	OTU_7	Pythium (OTU_7)	-0.446846846846847	0.00629283286904945	0.01897336543432	-0.134620334620335	0.433750894202477	0.811815409513244	FALSE	NA	NA	NA
Fungi vs Oomycete	Fungi	OTU_87	discosioides (OTU_87)	Oomycete	OTU_11	Pythium (OTU_11)	0.2998712998713	0.0755887099051992	0.139334027475021	0.134620334620335	0.433750894202478	0.811815409513244	FALSE	NA	NA	NA
Bacteria vs Fungi	Bacteria	OTU_16	[Kouleothrixaceae] (OTU_16)	Fungi	OTU_37	Phoma (OTU_37)	-0.773230373230373	3.2423867445045e-08	1.25511744948561e-06	-0.134362934362934	0.434638574704894	0.811815409513244	FALSE	NA	NA	NA
Fungi vs Oomycete	Fungi	OTU_59	OTU_59 (OTU_59)	Oomycete	OTU_24	Pythium (OTU_24)	-0.607207207207207	8.60875752805002e-05	0.000586960740548865	-0.134362934362934	0.434638574704894	0.811815409513244	FALSE	NA	NA	NA
Fungi vs Oomycete	Fungi	OTU_47	agrostis (OTU_47)	Oomycete	OTU_10	Pythium (OTU_10)	0.436808236808237	0.00773005089597058	0.0224059446260017	0.134105534105534	0.435527256248486	0.811815409513244	FALSE	NA	NA	NA
Bacteria vs Oomycete	Bacteria	OTU_83	OTU_83 (OTU_83)	Oomycete	OTU_3	Hyaloperonospora (OTU_3)	0.70939510939511	1.274582892407e-06	2.01198818814276e-05	0.133848133848134	0.436416937970758	0.811815409513244	FALSE	NA	NA	NA
Bacteria vs Oomycete	Bacteria	OTU_19	OTU_19 (OTU_19)	Oomycete	OTU_25	OTU_25 (OTU_25)	0.041956241956242	0.808036332482814	0.864980908991415	-0.133848133848134	0.436416937970758	0.811815409513244	TRUE	NA	NA	NA
Bacteria vs Oomycete	Bacteria	OTU_5	Dolo_23 (OTU_5)	Oomycete	OTU_19	Pythium (OTU_19)	0.40952380952381	0.0131277102593878	0.034471011622025	-0.133590733590734	0.437307619004181	0.811815409513244	TRUE	NA	NA	NA
Bacteria vs Fungi	Bacteria	OTU_153	Polyangiaceae (OTU_153)	Fungi	OTU_47	agrostis (OTU_47)	0.327155727155727	0.0514591709968414	0.101899348508597	0.133333333333333	0.438199298476193	0.811815409513244	FALSE	NA	NA	NA
Bacteria vs Fungi	Bacteria	OTU_16	[Kouleothrixaceae] (OTU_16)	Fungi	OTU_86	AG_A (OTU_86)	0.0792792792792793	0.645794125663699	0.725611377150224	0.132818532818533	0.439985649220558	0.811815409513244	FALSE	NA	NA	NA
Bacteria vs Oomycete	Bacteria	OTU_180	Serratia (OTU_180)	Oomycete	OTU_19	Pythium (OTU_19)	-0.282368082368082	0.0952033135457513	0.166052291068171	0.132818532818533	0.439985649220558	0.811815409513244	TRUE	NA	NA	NA
Fungi vs Oomycete	Fungi	OTU_18	OTU_18 (OTU_18)	Oomycete	OTU_20	OTU_20 (OTU_20)	-0.655083655083655	1.45525719854174e-05	0.000136430362363288	-0.132818532818533	0.439985649220559	0.811815409513244	FALSE	NA	NA	NA
Bacteria vs Fungi	Bacteria	OTU_1	Pseudomonas (OTU_1)	Fungi	OTU_64	OTU_64 (OTU_64)	0.260489060489061	0.124930539986793	0.202864205661909	0.132561132561133	0.440880318722618	0.811815409513244	FALSE	NA	NA	NA
Bacteria vs Fungi	Bacteria	OTU_2	Kineosporiaceae (OTU_2)	Fungi	OTU_16	elongata (OTU_16)	-0.077992277992278	0.65117637089866	0.730291257082609	-0.132561132561133	0.440880318722617	0.811815409513244	FALSE	NA	NA	NA
Bacteria vs Oomycete	Bacteria	OTU_5	Dolo_23 (OTU_5)	Oomycete	OTU_15	Pythium (OTU_15)	-0.526640926640927	0.000968183046500998	0.00420949150652608	-0.132303732303732	0.441775983122681	0.811815409513244	FALSE	NA	NA	NA
Bacteria vs Fungi	Bacteria	OTU_36	OTU_36 (OTU_36)	Fungi	OTU_37	Phoma (OTU_37)	-0.462548262548263	0.00450546655163782	0.0143791485690569	-0.132046332046332	0.442672641523024	0.811815409513244	FALSE	NA	NA	NA
Bacteria vs Fungi	Bacteria	OTU_83	OTU_83 (OTU_83)	Fungi	OTU_32	OTU_32 (OTU_32)	0.585328185328185	0.0001769438738309	0.00105638133630388	0.132046332046332	0.442672641523024	0.811815409513244	FALSE	NA	NA	NA
Fungi vs Oomycete	Fungi	OTU_92	OTU_92 (OTU_92)	Oomycete	OTU_5	Pythium (OTU_5)	-0.260746460746461	0.124544764492948	0.202511812183655	-0.132046332046332	0.442672641523024	0.811815409513244	FALSE	NA	NA	NA
Fungi vs Oomycete	Fungi	OTU_59	OTU_59 (OTU_59)	Oomycete	OTU_10	Pythium (OTU_10)	-0.599227799227799	0.000112640506502404	0.00073461199892872	0.131788931788932	0.443570293020891	0.811815409513244	TRUE	NA	NA	NA
Bacteria vs Fungi	Bacteria	OTU_83	OTU_83 (OTU_83)	Fungi	OTU_47	agrostis (OTU_47)	0.518918918918919	0.00118415572092605	0.00489995470728019	0.131531531531532	0.444468936708501	0.811815409513244	FALSE	NA	NA	NA
Bacteria vs Oomycete	Bacteria	OTU_153	Polyangiaceae (OTU_153)	Oomycete	OTU_19	Pythium (OTU_19)	-0.279021879021879	0.099360416305618	0.170332142238202	0.131531531531532	0.444468936708501	0.811815409513244	TRUE	NA	NA	NA
Bacteria vs Oomycete	Bacteria	OTU_51	Enterobacteriaceae (OTU_51)	Oomycete	OTU_6	Pythium (OTU_6)	-0.510939510939511	0.00145090876092889	0.00572727142471932	0.131274131274131	0.445368571673042	0.812222319160563	TRUE	NA	NA	NA
Fungi vs Oomycete	Fungi	OTU_44	hispanica (OTU_44)	Oomycete	OTU_21	Pythium (OTU_21)	0.545431145431146	0.000581136443517474	0.00278945492888387	0.131016731016731	0.446269196996677	0.812629797262538	FALSE	NA	NA	NA
Bacteria vs Oomycete	Bacteria	OTU_19	OTU_19 (OTU_19)	Oomycete	OTU_21	Pythium (OTU_21)	0.0187902187902188	0.91338338543807	0.939211707391332	0.130501930501931	0.448073415024756	0.81344644179986	FALSE	NA	NA	NA
Bacteria vs Oomycete	Bacteria	OTU_16	[Kouleothrixaceae] (OTU_16)	Oomycete	OTU_33	Hyaloperonospora (OTU_33)	0.585070785070785	0.000178395543549474	0.0010597755062345	0.130501930501931	0.448073415024756	0.81344644179986	FALSE	NA	NA	NA
Bacteria vs Oomycete	Bacteria	OTU_59	Pseudomonadaceae (OTU_59)	Oomycete	OTU_33	Hyaloperonospora (OTU_33)	0.163706563706564	0.340067622535025	0.437855307985011	0.12998712998713	0.44988158334955	0.81386251251805	FALSE	NA	NA	NA
Fungi vs Oomycete	Fungi	OTU_30	Cadophora (OTU_30)	Oomycete	OTU_23	Apodachlya (OTU_23)	-0.179407979407979	0.29510740739207	0.390009789504939	-0.12998712998713	0.44988158334955	0.81386251251805	FALSE	NA	NA	NA
Bacteria vs Oomycete	Bacteria	OTU_19	OTU_19 (OTU_19)	Oomycete	OTU_8	Pythium (OTU_8)	-0.114543114543115	0.505923327172014	0.598725830972798	0.12972972972973	0.450787146525246	0.81386251251805	TRUE	NA	NA	NA
Bacteria vs Oomycete	Bacteria	OTU_1	Pseudomonas (OTU_1)	Oomycete	OTU_33	Hyaloperonospora (OTU_33)	0.033976833976834	0.844044289727317	0.887688998836793	0.12947232947233	0.451693694447518	0.81386251251805	FALSE	NA	NA	NA
Fungi vs Oomycete	Fungi	OTU_32	OTU_32 (OTU_32)	Oomycete	OTU_21	Pythium (OTU_21)	-0.377606177606178	0.0231791640822993	0.053593442964854	0.12947232947233	0.451693694447518	0.81386251251805	TRUE	NA	NA	NA
Bacteria vs Fungi	Bacteria	OTU_59	Pseudomonadaceae (OTU_59)	Fungi	OTU_16	elongata (OTU_16)	-0.255598455598456	0.132430358829461	0.212739532256163	-0.128442728442728	0.455329714467284	0.818369814757392	FALSE	NA	NA	NA
Fungi vs Oomycete	Fungi	OTU_26	OTU_26 (OTU_26)	Oomycete	OTU_23	Apodachlya (OTU_23)	-0.0218790218790219	0.899212482003856	0.929837121846753	0.128185328185328	0.456241171727246	0.818369814757392	TRUE	NA	NA	NA
Fungi vs Oomycete	Fungi	OTU_37	Phoma (OTU_37)	Oomycete	OTU_33	Hyaloperonospora (OTU_33)	-0.62960102960103	3.88945820123512e-05	0.000303074665031308	-0.128185328185328	0.456241171727246	0.818369814757392	FALSE	NA	NA	NA
Fungi vs Oomycete	Fungi	OTU_44	hispanica (OTU_44)	Oomycete	OTU_8	Pythium (OTU_8)	0.263063063063063	0.121112617484197	0.198274407886816	-0.127670527670528	0.458067022124304	0.820418547088306	TRUE	NA	NA	NA
Fungi vs Oomycete	Fungi	OTU_45	solani (OTU_45)	Oomycete	OTU_21	Pythium (OTU_21)	0.715830115830116	9.20974272641516e-07	1.55657623545045e-05	0.127413127413127	0.45898141329025	0.820831141502683	FALSE	NA	NA	NA
Bacteria vs Fungi	Bacteria	OTU_16	[Kouleothrixaceae] (OTU_16)	Fungi	OTU_47	agrostis (OTU_47)	0.201801801801802	0.237892919649594	0.331943608813386	0.127155727155727	0.459896780445362	0.821244250795289	FALSE	NA	NA	NA
Fungi vs Oomycete	Fungi	OTU_26	OTU_26 (OTU_26)	Oomycete	OTU_24	Pythium (OTU_24)	0.704504504504505	1.62232330103037e-06	2.31760471575768e-05	0.126898326898327	0.46081312259155	0.821657870891323	FALSE	NA	NA	NA
Fungi vs Oomycete	Fungi	OTU_25	Tetracladium (OTU_25)	Oomycete	OTU_1	Pythium (OTU_1)	-0.644530244530245	2.21045661060589e-05	0.000195040289171108	-0.126640926640927	0.461730438725721	0.822071997731254	FALSE	NA	NA	NA
Bacteria vs Fungi	Bacteria	OTU_2	Kineosporiaceae (OTU_2)	Fungi	OTU_5	OTU_5 (OTU_5)	0.468983268983269	0.0039111742972092	0.0128235222859318	0.125868725868726	0.464488220950197	0.825756837244795	FALSE	NA	NA	NA
Fungi vs Oomycete	Fungi	OTU_16	elongata (OTU_16)	Oomycete	OTU_3	Hyaloperonospora (OTU_3)	0.257400257400257	0.129629483345357	0.209361211324937	0.125353925353925	0.466331593758087	0.827807562884178	FALSE	NA	NA	NA
Fungi vs Oomycete	Fungi	OTU_18	OTU_18 (OTU_18)	Oomycete	OTU_5	Pythium (OTU_5)	0.33976833976834	0.0426188983992563	0.0878740173180542	0.124839124839125	0.468178838018844	0.829859092500167	FALSE	NA	NA	NA
Bacteria vs Fungi	Bacteria	OTU_36	OTU_36 (OTU_36)	Fungi	OTU_47	agrostis (OTU_47)	0.15958815958816	0.352519371695459	0.45002472982399	0.124066924066924	0.47095694515257	0.833552115314283	FALSE	NA	NA	NA
Bacteria vs Oomycete	Bacteria	OTU_180	Serratia (OTU_180)	Oomycete	OTU_9	OTU_9 (OTU_9)	0.0409266409266409	0.812662390708498	0.866839883422397	-0.123809523809524	0.471884907521413	0.833964490464941	TRUE	NA	NA	NA
Fungi vs Oomycete	Fungi	OTU_15	chrysanthemicola (OTU_15)	Oomycete	OTU_15	Pythium (OTU_15)	0.465894465894466	0.00418735978200004	0.0135076122000001	0.123294723294723	0.473743715875094	0.835618791049232	FALSE	NA	NA	NA
Bacteria vs Fungi	Bacteria	OTU_23	[Kouleothrixaceae] (OTU_23)	Fungi	OTU_16	elongata (OTU_16)	0.727155727155727	5.08605135806811e-07	1.03136262966294e-05	-0.122779922779923	0.47560636190552	0.835618791049232	TRUE	NA	NA	NA
Bacteria vs Oomycete	Bacteria	OTU_327	viridiflava (OTU_327)	Oomycete	OTU_7	Pythium (OTU_7)	0.188674388674389	0.270449197890015	0.365471889040561	0.122779922779923	0.475606361905521	0.835618791049232	FALSE	NA	NA	NA
Bacteria vs Oomycete	Bacteria	OTU_1	Pseudomonas (OTU_1)	Oomycete	OTU_5	Pythium (OTU_5)	0.212355212355212	0.213718616731334	0.305676209866032	-0.122779922779923	0.47560636190552	0.835618791049232	TRUE	NA	NA	NA
Fungi vs Oomycete	Fungi	OTU_25	Tetracladium (OTU_25)	Oomycete	OTU_15	Pythium (OTU_15)	-0.0913770913770914	0.596094978060152	0.68385657138832	0.121750321750322	0.479343132344719	0.840952863762665	TRUE	NA	NA	NA
Bacteria vs Oomycete	Bacteria	OTU_71	Polyangiaceae (OTU_71)	Oomycete	OTU_19	Pythium (OTU_19)	-0.392020592020592	0.0180476150046716	0.0443793811590287	0.121492921492922	0.48027970990141	0.841365915155754	TRUE	NA	NA	NA
Bacteria vs Fungi	Bacteria	OTU_5	Dolo_23 (OTU_5)	Fungi	OTU_30	Cadophora (OTU_30)	-0.0628056628056628	0.715936832558652	0.785811549498448	-0.120720720720721	0.483095148740889	0.843834320944787	FALSE	NA	NA	NA
Bacteria vs Oomycete	Bacteria	OTU_23	[Kouleothrixaceae] (OTU_23)	Oomycete	OTU_1	Pythium (OTU_1)	0.71016731016731	1.22639982484982e-06	1.96223971975971e-05	0.120720720720721	0.48309514874089	0.843834320944787	FALSE	NA	NA	NA
Bacteria vs Fungi	Bacteria	OTU_5	Dolo_23 (OTU_5)	Fungi	OTU_49	caryae (OTU_49)	-0.167824967824968	0.327888866073935	0.424909977633609	-0.12020592020592	0.484976851920087	0.845076736196662	FALSE	NA	NA	NA
Bacteria vs Fungi	Bacteria	OTU_4	Janthinobacterium (OTU_4)	Fungi	OTU_32	OTU_32 (OTU_32)	0.126126126126126	0.463567988920638	0.559076971562578	-0.11994851994852	0.485919123313081	0.845076736196662	TRUE	NA	NA	NA
Fungi vs Oomycete	Fungi	OTU_64	OTU_64 (OTU_64)	Oomycete	OTU_10	Pythium (OTU_10)	-0.527927927927928	0.000935794089090788	0.00411338061138808	0.11994851994852	0.485919123313081	0.845076736196662	TRUE	NA	NA	NA
Fungi vs Oomycete	Fungi	OTU_30	Cadophora (OTU_30)	Oomycete	OTU_12	Pythium (OTU_12)	-0.292406692406692	0.0835278951770581	0.150500712030735	0.119433719433719	0.487806500018989	0.846118005953393	TRUE	NA	NA	NA
Bacteria vs Fungi	Bacteria	OTU_59	Pseudomonadaceae (OTU_59)	Fungi	OTU_64	OTU_64 (OTU_64)	0.218018018018018	0.201470276498648	0.291985907969055	0.118661518661519	0.490644632668929	0.846118005953393	FALSE	NA	NA	NA
Bacteria vs Fungi	Bacteria	OTU_4	Janthinobacterium (OTU_4)	Fungi	OTU_16	elongata (OTU_16)	-0.0774774774774775	0.653334160267134	0.732027070327321	-0.118661518661519	0.490644632668928	0.846118005953393	FALSE	NA	NA	NA
Bacteria vs Oomycete	Bacteria	OTU_36	OTU_36 (OTU_36)	Oomycete	OTU_19	Pythium (OTU_19)	0.13024453024453	0.448977005868402	0.543117345808551	-0.118661518661519	0.490644632668928	0.846118005953393	TRUE	NA	NA	NA
Bacteria vs Fungi	Bacteria	OTU_36	OTU_36 (OTU_36)	Fungi	OTU_5	OTU_5 (OTU_5)	0.403861003861004	0.0145774602162581	0.0377003281454951	-0.118404118404118	0.491592556953019	0.846118005953393	TRUE	NA	NA	NA
Bacteria vs Fungi	Bacteria	OTU_24	Agrobacterium (OTU_24)	Fungi	OTU_92	OTU_92 (OTU_92)	0.258429858429858	0.128048834796924	0.207366534084088	0.118404118404118	0.491592556953019	0.846118005953393	FALSE	NA	NA	NA
Bacteria vs Oomycete	Bacteria	OTU_48	mitochondria (OTU_48)	Oomycete	OTU_6	Pythium (OTU_6)	-0.516859716859717	0.00124848502906774	0.005095857261501	-0.118404118404118	0.491592556953019	0.846118005953393	FALSE	NA	NA	NA
Fungi vs Oomycete	Fungi	OTU_5	OTU_5 (OTU_5)	Oomycete	OTU_6	Pythium (OTU_6)	-0.351351351351351	0.0356213484387896	0.0764680109598347	0.118146718146718	0.492541419329997	0.846118005953393	TRUE	NA	NA	NA
Bacteria vs Fungi	Bacteria	OTU_36	OTU_36 (OTU_36)	Fungi	OTU_32	OTU_32 (OTU_32)	0.282110682110682	0.0955182881050063	0.16611876192175	-0.117889317889318	0.493491218627984	0.846118005953393	TRUE	NA	NA	NA
Bacteria vs Oomycete	Bacteria	OTU_4	Janthinobacterium (OTU_4)	Oomycete	OTU_7	Pythium (OTU_7)	0.0885456885456886	0.607577034724086	0.691082883098486	-0.117631917631918	0.494441953670178	0.846118005953393	TRUE	NA	NA	NA
Fungi vs Oomycete	Fungi	OTU_18	OTU_18 (OTU_18)	Oomycete	OTU_1	Pythium (OTU_1)	0.576833976833977	0.000230877097566907	0.00128861635851297	0.117631917631918	0.494441953670178	0.846118005953393	FALSE	NA	NA	NA
Bacteria vs Fungi	Bacteria	OTU_23	[Kouleothrixaceae] (OTU_23)	Fungi	OTU_86	AG_A (OTU_86)	0.0640926640926641	0.710364536093261	0.78133587837939	0.117374517374517	0.495393623274868	0.846118005953393	FALSE	NA	NA	NA
Bacteria vs Oomycete	Bacteria	OTU_4	Janthinobacterium (OTU_4)	Oomycete	OTU_25	OTU_25 (OTU_25)	0.294465894465894	0.0812760817365104	0.147774694066382	0.117117117117117	0.496346226255429	0.846118005953393	FALSE	NA	NA	NA
Bacteria vs Fungi	Bacteria	OTU_4	Janthinobacterium (OTU_4)	Fungi	OTU_30	Cadophora (OTU_30)	0.428056628056628	0.00920359706083466	0.0261713660497668	-0.116859716859717	0.497299761420328	0.846118005953393	TRUE	NA	NA	NA
Bacteria vs Fungi	Bacteria	OTU_5	Dolo_23 (OTU_5)	Fungi	OTU_15	chrysanthemicola (OTU_15)	-0.520463320463321	0.00113784505263569	0.00475754028976593	-0.116859716859717	0.497299761420328	0.846118005953393	FALSE	NA	NA	NA
Bacteria vs Fungi	Bacteria	OTU_42	[Kouleothrixaceae] (OTU_42)	Fungi	OTU_5	OTU_5 (OTU_5)	0.46975546975547	0.00384464806109232	0.0127095803672473	-0.116344916344916	0.499209623512502	0.846118005953393	TRUE	NA	NA	NA
Bacteria vs Fungi	Bacteria	OTU_153	Polyangiaceae (OTU_153)	Fungi	OTU_64	OTU_64 (OTU_64)	0.141312741312741	0.411025272466568	0.510062385687572	0.116344916344916	0.499209623512502	0.846118005953393	FALSE	NA	NA	NA
Bacteria vs Oomycete	Bacteria	OTU_4	Janthinobacterium (OTU_4)	Oomycete	OTU_1	Pythium (OTU_1)	-0.524581724581725	0.00102206862123528	0.00439599406982915	-0.116344916344916	0.499209623512502	0.846118005953393	FALSE	NA	NA	NA
Bacteria vs Oomycete	Bacteria	OTU_180	Serratia (OTU_180)	Oomycete	OTU_3	Hyaloperonospora (OTU_3)	0.115057915057915	0.504000507618411	0.597039100831287	-0.116087516087516	0.500165948032203	0.846543212466353	TRUE	NA	NA	NA
Bacteria vs Oomycete	Bacteria	OTU_59	Pseudomonadaceae (OTU_59)	Oomycete	OTU_20	OTU_20 (OTU_20)	0.0900900900900901	0.601302393907525	0.686434445203029	0.115572715572716	0.502081377963196	0.847163427691588	FALSE	NA	NA	NA
Bacteria vs Fungi	Bacteria	OTU_327	viridiflava (OTU_327)	Fungi	OTU_32	OTU_32 (OTU_32)	0.244787644787645	0.150182142050301	0.234050091506963	-0.115315315315315	0.503040480937561	0.847163427691588	TRUE	NA	NA	NA
Bacteria vs Oomycete	Bacteria	OTU_1	Pseudomonas (OTU_1)	Oomycete	OTU_15	Pythium (OTU_15)	0.50965250965251	0.00149855290172035	0.00589542060179206	0.115315315315315	0.50304048093756	0.847163427691588	FALSE	NA	NA	NA
Fungi vs Oomycete	Fungi	OTU_25	Tetracladium (OTU_25)	Oomycete	OTU_25	OTU_25 (OTU_25)	0.710682110682111	1.1952122104721e-06	1.93818196292773e-05	-0.115057915057915	0.504000507618411	0.847163427691588	TRUE	NA	NA	NA
Bacteria vs Oomycete	Bacteria	OTU_16	[Kouleothrixaceae] (OTU_16)	Oomycete	OTU_4	Pythium (OTU_4)	0.498841698841699	0.00195620229253925	0.0073587547054768	0.114800514800515	0.504961456775079	0.847163427691588	FALSE	NA	NA	NA
Bacteria vs Fungi	Bacteria	OTU_59	Pseudomonadaceae (OTU_59)	Fungi	OTU_59	OTU_59 (OTU_59)	0.120720720720721	0.48309514874089	0.577980237775741	0.114285714285714	0.5068861175688	0.847163427691588	FALSE	NA	NA	NA
Bacteria vs Fungi	Bacteria	OTU_24	Agrobacterium (OTU_24)	Fungi	OTU_44	hispanica (OTU_44)	0.382239382239382	0.0214121659848829	0.0505799196493296	-0.114285714285714	0.5068861175688	0.847163427691588	TRUE	NA	NA	NA
Bacteria vs Fungi	Bacteria	OTU_59	Pseudomonadaceae (OTU_59)	Fungi	OTU_44	hispanica (OTU_44)	0.284427284427284	0.0927120408514233	0.163609483855453	-0.114285714285714	0.5068861175688	0.847163427691588	TRUE	NA	NA	NA
Bacteria vs Oomycete	Bacteria	OTU_83	OTU_83 (OTU_83)	Oomycete	OTU_24	Pythium (OTU_24)	0.726898326898327	5.1568131483147e-07	1.03136262966294e-05	0.114285714285714	0.5068861175688	0.847163427691588	FALSE	NA	NA	NA
Bacteria vs Oomycete	Bacteria	OTU_36	OTU_36 (OTU_36)	Oomycete	OTU_6	Pythium (OTU_6)	-0.341055341055341	0.0417904861675526	0.0866124065648758	-0.114028314028314	0.507849826720146	0.847593591188005	FALSE	NA	NA	NA
Bacteria vs Oomycete	Bacteria	OTU_16	[Kouleothrixaceae] (OTU_16)	Oomycete	OTU_15	Pythium (OTU_15)	-0.15032175032175	0.381526401776844	0.479404902756244	-0.112998712998713	0.511713825795155	0.849315014419768	FALSE	NA	NA	NA
Fungi vs Oomycete	Fungi	OTU_86	AG_A (OTU_86)	Oomycete	OTU_3	Hyaloperonospora (OTU_3)	-0.17992277992278	0.293700959644383	0.389007893568719	-0.112741312741313	0.512682109869821	0.849315014419768	FALSE	NA	NA	NA
Fungi vs Oomycete	Fungi	OTU_32	OTU_32 (OTU_32)	Oomycete	OTU_4	Pythium (OTU_4)	0.285199485199485	0.0917908102118587	0.16246161099444	0.112741312741313	0.512682109869822	0.849315014419768	FALSE	NA	NA	NA
Bacteria vs Oomycete	Bacteria	OTU_59	Pseudomonadaceae (OTU_59)	Oomycete	OTU_5	Pythium (OTU_5)	0.275160875160875	0.104327333200775	0.176576586517532	0.111969111969112	0.515592424056661	0.849315014419768	FALSE	NA	NA	NA
Fungi vs Oomycete	Fungi	OTU_45	solani (OTU_45)	Oomycete	OTU_4	Pythium (OTU_4)	-0.413642213642214	0.0121515027764172	0.0324761766853022	-0.111969111969112	0.515592424056661	0.849315014419768	FALSE	NA	NA	NA
Fungi vs Oomycete	Fungi	OTU_30	Cadophora (OTU_30)	Oomycete	OTU_24	Pythium (OTU_24)	0.0754182754182754	0.66199289097546	0.740346196803869	0.111711711711712	0.516564345159549	0.849315014419768	FALSE	NA	NA	NA
Fungi vs Oomycete	Fungi	OTU_92	OTU_92 (OTU_92)	Oomycete	OTU_4	Pythium (OTU_4)	-0.403346203346203	0.0147156889280957	0.0378133334340789	-0.111711711711712	0.516564345159549	0.849315014419768	FALSE	NA	NA	NA
Bacteria vs Oomycete	Bacteria	OTU_180	Serratia (OTU_180)	Oomycete	OTU_8	Pythium (OTU_8)	-0.218018018018018	0.201470276498648	0.291985907969055	-0.111454311454311	0.517537172297156	0.849315014419768	FALSE	NA	NA	NA
Bacteria vs Fungi	Bacteria	OTU_23	[Kouleothrixaceae] (OTU_23)	Fungi	OTU_92	OTU_92 (OTU_92)	-0.856885456885457	2.58100163707793e-11	7.7430049112338e-09	-0.111196911196911	0.518510904170887	0.849315014419768	FALSE	NA	NA	NA
Fungi vs Oomycete	Fungi	OTU_25	Tetracladium (OTU_25)	Oomycete	OTU_11	Pythium (OTU_11)	0.521750321750322	0.00110048109519476	0.00466635093368803	-0.111196911196911	0.518510904170887	0.849315014419768	TRUE	NA	NA	NA
Fungi vs Oomycete	Fungi	OTU_1	Coprinopsis (OTU_1)	Oomycete	OTU_19	Pythium (OTU_19)	0.0823680823680824	0.632949210093247	0.715196847562991	0.111196911196911	0.518510904170888	0.849315014419768	FALSE	NA	NA	NA
Fungi vs Oomycete	Fungi	OTU_25	Tetracladium (OTU_25)	Oomycete	OTU_19	Pythium (OTU_19)	-0.474131274131274	0.0034858926192054	0.0117501998400182	0.110682110682111	0.52046107690826	0.849315014419768	TRUE	NA	NA	NA
Bacteria vs Fungi	Bacteria	OTU_63	OTU_63 (OTU_63)	Fungi	OTU_37	Phoma (OTU_37)	-0.548777348777349	0.000528964920244228	0.0025595076786011	-0.11042471042471	0.521437515150623	0.849315014419768	FALSE	NA	NA	NA
Fungi vs Oomycete	Fungi	OTU_64	OTU_64 (OTU_64)	Oomycete	OTU_3	Hyaloperonospora (OTU_3)	-0.321750321750322	0.0556706685708012	0.108098385574371	-0.11042471042471	0.521437515150623	0.849315014419768	FALSE	NA	NA	NA
Fungi vs Oomycete	Fungi	OTU_87	discosioides (OTU_87)	Oomycete	OTU_6	Pythium (OTU_6)	-0.235006435006435	0.167682899870914	0.252788291262685	0.11042471042471	0.521437515150623	0.849315014419768	TRUE	NA	NA	NA
Fungi vs Oomycete	Fungi	OTU_30	Cadophora (OTU_30)	Oomycete	OTU_25	OTU_25 (OTU_25)	-0.111196911196911	0.518510904170887	0.610611467129602	0.10990990990991	0.52339308879345	0.849315014419768	TRUE	NA	NA	NA
Bacteria vs Fungi	Bacteria	OTU_71	Polyangiaceae (OTU_71)	Fungi	OTU_44	hispanica (OTU_44)	0.43963963963964	0.00729877081675798	0.0214144865039354	0.10965250965251	0.5243722215438	0.849315014419768	FALSE	NA	NA	NA
Bacteria vs Oomycete	Bacteria	OTU_180	Serratia (OTU_180)	Oomycete	OTU_24	Pythium (OTU_24)	0.317374517374517	0.0592770030419196	0.113811845840486	-0.109395109395109	0.525352249805369	0.849315014419768	TRUE	NA	NA	NA
Bacteria vs Oomycete	Bacteria	OTU_5	Dolo_23 (OTU_5)	Oomycete	OTU_25	OTU_25 (OTU_25)	-0.250965250965251	0.139837821391397	0.22196479585936	0.109395109395109	0.525352249805369	0.849315014419768	TRUE	NA	NA	NA
Fungi vs Oomycete	Fungi	OTU_87	discosioides (OTU_87)	Oomycete	OTU_1	Pythium (OTU_1)	-0.0113256113256113	0.94773014939296	0.963793372264027	0.109395109395109	0.525352249805369	0.849315014419768	TRUE	NA	NA	NA
Bacteria vs Fungi	Bacteria	OTU_23	[Kouleothrixaceae] (OTU_23)	Fungi	OTU_30	Cadophora (OTU_30)	0.38018018018018	0.0221831524420741	0.0516888988941533	0.109137709137709	0.526333172241114	0.849315014419768	FALSE	NA	NA	NA
Bacteria vs Oomycete	Bacteria	OTU_48	mitochondria (OTU_48)	Oomycete	OTU_5	Pythium (OTU_5)	0.432947232947233	0.00835316523855685	0.0238094971170266	0.109137709137709	0.526333172241114	0.849315014419768	FALSE	NA	NA	NA
Bacteria vs Oomycete	Bacteria	OTU_327	viridiflava (OTU_327)	Oomycete	OTU_15	Pythium (OTU_15)	0.393307593307593	0.0176397879101998	0.0437350113476029	-0.109137709137709	0.526333172241116	0.849315014419768	TRUE	NA	NA	NA
Bacteria vs Oomycete	Bacteria	OTU_153	Polyangiaceae (OTU_153)	Oomycete	OTU_24	Pythium (OTU_24)	0.403346203346203	0.0147156889280957	0.0378133334340789	0.108880308880309	0.527314987509208	0.849315014419768	FALSE	NA	NA	NA
Bacteria vs Oomycete	Bacteria	OTU_83	OTU_83 (OTU_83)	Oomycete	OTU_19	Pythium (OTU_19)	0.215186615186615	0.207531849991957	0.298965450168485	-0.108622908622909	0.528297694263038	0.849315014419768	TRUE	NA	NA	NA
Bacteria vs Fungi	Bacteria	OTU_1	Pseudomonas (OTU_1)	Fungi	OTU_44	hispanica (OTU_44)	0.438095238095238	0.00753138569027905	0.0220430800691094	-0.108365508365508	0.529281291151215	0.849315014419768	TRUE	NA	NA	NA
Bacteria vs Oomycete	Bacteria	OTU_42	[Kouleothrixaceae] (OTU_42)	Oomycete	OTU_3	Hyaloperonospora (OTU_3)	0.3994851994852	0.0157879799640774	0.0401389321120612	0.108108108108108	0.530265776817579	0.849315014419768	FALSE	NA	NA	NA
Bacteria vs Oomycete	Bacteria	OTU_327	viridiflava (OTU_327)	Oomycete	OTU_1	Pythium (OTU_1)	-0.476190476190476	0.00332738155458593	0.0113112120835782	0.108108108108108	0.530265776817579	0.849315014419768	TRUE	NA	NA	NA
Bacteria vs Oomycete	Bacteria	OTU_4090	Pseudomonadaceae (OTU_4090)	Oomycete	OTU_11	Pythium (OTU_11)	0.55958815958816	0.000387682529463271	0.00197777089938058	0.108108108108108	0.530265776817579	0.849315014419768	FALSE	NA	NA	NA
Bacteria vs Oomycete	Bacteria	OTU_59	Pseudomonadaceae (OTU_59)	Oomycete	OTU_3	Hyaloperonospora (OTU_3)	0.233204633204633	0.171059929153453	0.256589893730179	-0.107850707850708	0.531251149901201	0.849315014419768	TRUE	NA	NA	NA
Fungi vs Oomycete	Fungi	OTU_15	chrysanthemicola (OTU_15)	Oomycete	OTU_12	Pythium (OTU_12)	-0.664864864864865	9.73464548928985e-06	0.000101578909453459	0.107850707850708	0.531251149901201	0.849315014419768	TRUE	NA	NA	NA
Bacteria vs Fungi	Bacteria	OTU_4090	Pseudomonadaceae (OTU_4090)	Fungi	OTU_64	OTU_64 (OTU_64)	0.255598455598456	0.132430358829461	0.212739532256163	0.107593307593308	0.532237409036388	0.849315014419768	FALSE	NA	NA	NA
Fungi vs Oomycete	Fungi	OTU_18	OTU_18 (OTU_18)	Oomycete	OTU_23	Apodachlya (OTU_23)	-0.646846846846847	2.01939539752003e-05	0.000179501813112892	-0.107593307593308	0.532237409036388	0.849315014419768	FALSE	NA	NA	NA
Bacteria vs Fungi	Bacteria	OTU_2	Kineosporiaceae (OTU_2)	Fungi	OTU_86	AG_A (OTU_86)	0.531788931788932	0.000844299848582368	0.00375244377147719	0.106821106821107	0.535201489023068	0.85109726763888	FALSE	NA	NA	NA
Fungi vs Oomycete	Fungi	OTU_92	OTU_92 (OTU_92)	Oomycete	OTU_25	OTU_25 (OTU_25)	0.815701415701416	1.35902032514379e-09	1.81202710019172e-07	0.106821106821107	0.535201489023068	0.85109726763888	FALSE	NA	NA	NA
Bacteria vs Fungi	Bacteria	OTU_153	Polyangiaceae (OTU_153)	Fungi	OTU_1	Coprinopsis (OTU_1)	0.193050193050193	0.259288538898144	0.352374005297591	-0.106563706563707	0.536191278612495	0.85109726763888	TRUE	NA	NA	NA
Fungi vs Oomycete	Fungi	OTU_49	caryae (OTU_49)	Oomycete	OTU_20	OTU_20 (OTU_20)	-0.175546975546976	0.305792866284161	0.401039824634967	-0.106563706563707	0.536191278612495	0.85109726763888	FALSE	NA	NA	NA
Bacteria vs Fungi	Bacteria	OTU_16	[Kouleothrixaceae] (OTU_16)	Fungi	OTU_64	OTU_64 (OTU_64)	-0.619305019305019	5.64707701407055e-05	0.000413200757127113	0.105791505791506	0.539165916710304	0.85265808027675	TRUE	NA	NA	NA
Bacteria vs Fungi	Bacteria	OTU_4	Janthinobacterium (OTU_4)	Fungi	OTU_5	OTU_5 (OTU_5)	0.512226512226512	0.00140460221834731	0.0055812008676052	0.105276705276705	0.541153385882663	0.85265808027675	FALSE	NA	NA	NA
Fungi vs Oomycete	Fungi	OTU_25	Tetracladium (OTU_25)	Oomycete	OTU_33	Hyaloperonospora (OTU_33)	-0.708622908622909	1.3244965689954e-06	2.03768702922368e-05	0.105276705276705	0.541153385882663	0.85265808027675	TRUE	NA	NA	NA
Bacteria vs Oomycete	Bacteria	OTU_4090	Pseudomonadaceae (OTU_4090)	Oomycete	OTU_3	Hyaloperonospora (OTU_3)	-0.032947232947233	0.848714862329147	0.891039225542412	-0.105019305019305	0.542148429375966	0.85265808027675	FALSE	NA	NA	NA
Bacteria vs Oomycete	Bacteria	OTU_59	Pseudomonadaceae (OTU_59)	Oomycete	OTU_9	OTU_9 (OTU_9)	0.171428571428571	0.317457215740851	0.413176419619329	0.105019305019305	0.542148429375967	0.85265808027675	FALSE	NA	NA	NA
Bacteria vs Oomycete	Bacteria	OTU_4090	Pseudomonadaceae (OTU_4090)	Oomycete	OTU_5	Pythium (OTU_5)	0.236293436293436	0.165300193571764	0.250771469388264	0.105019305019305	0.542148429375967	0.85265808027675	FALSE	NA	NA	NA
Fungi vs Oomycete	Fungi	OTU_87	discosioides (OTU_87)	Oomycete	OTU_20	OTU_20 (OTU_20)	-0.0146718146718147	0.93231817366464	0.952154730551122	0.105019305019305	0.542148429375967	0.85265808027675	TRUE	NA	NA	NA
Bacteria vs Oomycete	Bacteria	OTU_4	Janthinobacterium (OTU_4)	Oomycete	OTU_6	Pythium (OTU_6)	-0.533590733590734	0.00080438133788702	0.00361519702421132	-0.103989703989704	0.546137296260671	0.854239364291456	FALSE	NA	NA	NA
Bacteria vs Oomycete	Bacteria	OTU_180	Serratia (OTU_180)	Oomycete	OTU_21	Pythium (OTU_21)	0.0223938223938224	0.896853527261003	0.929381893534718	-0.103732303732304	0.547136679062164	0.854239364291456	TRUE	NA	NA	NA
Bacteria vs Oomycete	Bacteria	OTU_24	Agrobacterium (OTU_24)	Oomycete	OTU_21	Pythium (OTU_21)	0.118404118404118	0.491592556953019	0.586392712071195	0.103732303732304	0.547136679062164	0.854239364291456	FALSE	NA	NA	NA
Fungi vs Oomycete	Fungi	OTU_87	discosioides (OTU_87)	Oomycete	OTU_21	Pythium (OTU_21)	-0.16036036036036	0.350163932307259	0.447493843204165	-0.103732303732304	0.547136679062164	0.854239364291456	FALSE	NA	NA	NA
Bacteria vs Fungi	Bacteria	OTU_4	Janthinobacterium (OTU_4)	Fungi	OTU_15	chrysanthemicola (OTU_15)	0.362162162162162	0.0299636193531845	0.0667093566304664	-0.103474903474903	0.548136925420351	0.854239364291456	TRUE	NA	NA	NA
Bacteria vs Fungi	Bacteria	OTU_83	OTU_83 (OTU_83)	Fungi	OTU_64	OTU_64 (OTU_64)	-0.416473616473617	0.0115165944140848	0.0308480207520129	-0.103474903474903	0.548136925420351	0.854239364291456	FALSE	NA	NA	NA
Bacteria vs Oomycete	Bacteria	OTU_36	OTU_36 (OTU_36)	Oomycete	OTU_15	Pythium (OTU_15)	0.19021879021879	0.266474790709501	0.360507044928299	0.103474903474903	0.54813692542035	0.854239364291456	FALSE	NA	NA	NA
Fungi vs Oomycete	Fungi	OTU_18	OTU_18 (OTU_18)	Oomycete	OTU_2	Albugo (OTU_2)	0.81029601029601	2.12470806597188e-09	1.96126898397404e-07	0.102960102960103	0.550140003018509	0.856249031935423	FALSE	NA	NA	NA
Bacteria vs Fungi	Bacteria	OTU_2	Kineosporiaceae (OTU_2)	Fungi	OTU_1	Coprinopsis (OTU_1)	0.454054054054054	0.00540840977576437	0.0167270405436012	-0.102702702702703	0.551142831352659	0.856491963548259	TRUE	NA	NA	NA
Bacteria vs Oomycete	Bacteria	OTU_19	OTU_19 (OTU_19)	Oomycete	OTU_2	Albugo (OTU_2)	0.271042471042471	0.109830577281893	0.182797077306896	0.102445302445302	0.55214651743187	0.856491963548259	FALSE	NA	NA	NA
Bacteria vs Oomycete	Bacteria	OTU_4090	Pseudomonadaceae (OTU_4090)	Oomycete	OTU_19	Pythium (OTU_19)	-0.409266409266409	0.013190860154304	0.0345612056444646	0.102187902187902	0.553151059791584	0.856491963548259	TRUE	NA	NA	NA
Fungi vs Oomycete	Fungi	OTU_18	OTU_18 (OTU_18)	Oomycete	OTU_3	Hyaloperonospora (OTU_3)	0.764993564993565	5.54820146374509e-08	1.75206362013003e-06	-0.102187902187902	0.553151059791584	0.856491963548259	TRUE	NA	NA	NA
Fungi vs Oomycete	Fungi	OTU_37	Phoma (OTU_37)	Oomycete	OTU_5	Pythium (OTU_5)	-0.255598455598456	0.132430358829461	0.212739532256163	-0.101673101673102	0.55516270747104	0.858499032171711	FALSE	NA	NA	NA
Bacteria vs Fungi	Bacteria	OTU_4090	Pseudomonadaceae (OTU_4090)	Fungi	OTU_45	solani (OTU_45)	0.335907335907336	0.0451839739130182	0.091127342345583	-0.101415701415701	0.556169809838441	0.858949513264001	TRUE	NA	NA	NA
Bacteria vs Oomycete	Bacteria	OTU_23	[Kouleothrixaceae] (OTU_23)	Oomycete	OTU_3	Hyaloperonospora (OTU_3)	0.479021879021879	0.00311967830441877	0.010788512868307	0.101158301158301	0.557177762581669	0.859400147940877	FALSE	NA	NA	NA
Bacteria vs Oomycete	Bacteria	OTU_19	OTU_19 (OTU_19)	Oomycete	OTU_4	Pythium (OTU_4)	0.297812097812098	0.0777175727785742	0.142601050969861	-0.100900900900901	0.558186564212977	0.859850933319092	TRUE	NA	NA	NA
Fungi vs Oomycete	Fungi	OTU_67	OTU_67 (OTU_67)	Oomycete	OTU_5	Pythium (OTU_5)	-0.194079794079794	0.256707450816717	0.350453857770262	0.0998712998712999	0.562230229702437	0.864969584157596	TRUE	NA	NA	NA
Bacteria vs Fungi	Bacteria	OTU_23	[Kouleothrixaceae] (OTU_23)	Fungi	OTU_26	OTU_26 (OTU_26)	-0.0532818532818533	0.757604549923503	0.820999856268326	0.0990990990990991	0.565271818558612	0.867013673087767	TRUE	NA	NA	NA
Fungi vs Oomycete	Fungi	OTU_86	AG_A (OTU_86)	Oomycete	OTU_11	Pythium (OTU_11)	0.366537966537967	0.0278939945171474	0.0628007381249098	0.0990990990990991	0.565271818558612	0.867013673087767	FALSE	NA	NA	NA
Bacteria vs Oomycete	Bacteria	OTU_42	[Kouleothrixaceae] (OTU_42)	Oomycete	OTU_8	Pythium (OTU_8)	-0.4	0.0156413246787571	0.039850508735687	0.0988416988416989	0.566287357182354	0.867013673087767	TRUE	NA	NA	NA
Bacteria vs Oomycete	Bacteria	OTU_71	Polyangiaceae (OTU_71)	Oomycete	OTU_21	Pythium (OTU_21)	0.172458172458172	0.314515354456338	0.410237418856093	0.0983268983268983	0.5683209387695	0.867013673087767	FALSE	NA	NA	NA
Fungi vs Oomycete	Fungi	OTU_26	OTU_26 (OTU_26)	Oomycete	OTU_7	Pythium (OTU_7)	0.576061776061776	0.000236443924792176	0.00130752400806733	-0.0983268983268983	0.5683209387695	0.867013673087767	TRUE	NA	NA	NA
Fungi vs Oomycete	Fungi	OTU_18	OTU_18 (OTU_18)	Oomycete	OTU_10	Pythium (OTU_10)	0.441956241956242	0.00696139680190703	0.0206774162432882	0.0983268983268983	0.5683209387695	0.867013673087767	FALSE	NA	NA	NA
Bacteria vs Oomycete	Bacteria	OTU_5	Dolo_23 (OTU_5)	Oomycete	OTU_11	Pythium (OTU_11)	-0.516087516087516	0.00127339092105182	0.00516239562588574	0.0980694980694981	0.569338978660967	0.867013673087767	TRUE	NA	NA	NA
Bacteria vs Oomycete	Bacteria	OTU_1	Pseudomonas (OTU_1)	Oomycete	OTU_10	Pythium (OTU_10)	0.143886743886744	0.402467951129787	0.501517696111883	0.0980694980694981	0.569338978660967	0.867013673087767	FALSE	NA	NA	NA
Fungi vs Oomycete	Fungi	OTU_37	Phoma (OTU_37)	Oomycete	OTU_10	Pythium (OTU_10)	-0.380694980694981	0.021988277590416	0.051334500211088	0.0978120978120978	0.570357849228811	0.867464409473476	TRUE	NA	NA	NA
Bacteria vs Fungi	Bacteria	OTU_71	Polyangiaceae (OTU_71)	Fungi	OTU_49	caryae (OTU_49)	0.297297297297297	0.0782570050473193	0.143371612300432	0.0975546975546976	0.571377548925678	0.867915264190904	FALSE	NA	NA	NA
Bacteria vs Fungi	Bacteria	OTU_63	OTU_63 (OTU_63)	Fungi	OTU_87	discosioides (OTU_87)	0.552895752895753	0.000470497665389697	0.00232344526118369	0.0967824967824968	0.574441607248827	0.870816556717588	FALSE	NA	NA	NA
Bacteria vs Oomycete	Bacteria	OTU_63	OTU_63 (OTU_63)	Oomycete	OTU_24	Pythium (OTU_24)	0.231402831402831	0.174485320192008	0.260837702392647	-0.0965250965250965	0.575464607897539	0.870816556717588	TRUE	NA	NA	NA
Fungi vs Oomycete	Fungi	OTU_44	hispanica (OTU_44)	Oomycete	OTU_15	Pythium (OTU_15)	0.0839124839124839	0.626565879090486	0.709989664691769	-0.0965250965250965	0.575464607897539	0.870816556717588	TRUE	NA	NA	NA
Bacteria vs Fungi	Bacteria	OTU_42	[Kouleothrixaceae] (OTU_42)	Fungi	OTU_67	OTU_67 (OTU_67)	-0.780694980694981	1.95408737968098e-08	9.77043689840492e-07	0.0954954954954955	0.579564807967502	0.873716955036429	TRUE	NA	NA	NA
Bacteria vs Fungi	Bacteria	OTU_180	Serratia (OTU_180)	Fungi	OTU_59	OTU_59 (OTU_59)	0.102445302445302	0.55214651743187	0.642653560541459	0.0952380952380952	0.580591899447498	0.873716955036429	FALSE	NA	NA	NA
Bacteria vs Oomycete	Bacteria	OTU_327	viridiflava (OTU_327)	Oomycete	OTU_3	Hyaloperonospora (OTU_3)	0.0875160875160875	0.611775560220385	0.695199500250438	0.0952380952380952	0.580591899447498	0.873716955036429	FALSE	NA	NA	NA
Bacteria vs Fungi	Bacteria	OTU_4090	Pseudomonadaceae (OTU_4090)	Fungi	OTU_87	discosioides (OTU_87)	0.0908622908622909	0.598175589109428	0.684280940830613	-0.0947232947232947	0.582648521030854	0.873716955036429	TRUE	NA	NA	NA
Fungi vs Oomycete	Fungi	OTU_18	OTU_18 (OTU_18)	Oomycete	OTU_21	Pythium (OTU_21)	-0.605662805662806	9.07365453395343e-05	0.000611707047232816	0.0947232947232947	0.582648521030854	0.873716955036429	TRUE	NA	NA	NA
Bacteria vs Oomycete	Bacteria	OTU_83	OTU_83 (OTU_83)	Oomycete	OTU_11	Pythium (OTU_11)	-0.38996138996139	0.0187165238597762	0.0455574617276502	-0.0944658944658945	0.583678047935833	0.873716955036429	FALSE	NA	NA	NA
Bacteria vs Fungi	Bacteria	OTU_59	Pseudomonadaceae (OTU_59)	Fungi	OTU_5	OTU_5 (OTU_5)	0.0826254826254826	0.631883490511379	0.715196847562991	-0.0942084942084942	0.584708383443318	0.873716955036429	TRUE	NA	NA	NA
Bacteria vs Oomycete	Bacteria	OTU_48	mitochondria (OTU_48)	Oomycete	OTU_25	OTU_25 (OTU_25)	0.273616473616474	0.106365990915031	0.178766371285767	-0.0942084942084942	0.584708383443318	0.873716955036429	TRUE	NA	NA	NA
Fungi vs Oomycete	Fungi	OTU_86	AG_A (OTU_86)	Oomycete	OTU_12	Pythium (OTU_12)	-0.158558558558559	0.35567481244466	0.45212899887033	-0.0942084942084942	0.584708383443318	0.873716955036429	FALSE	NA	NA	NA
Fungi vs Oomycete	Fungi	OTU_64	OTU_64 (OTU_64)	Oomycete	OTU_6	Pythium (OTU_6)	0.198455598455598	0.245928322242506	0.33921147895518	0.093951093951094	0.585739525942964	0.873716955036429	FALSE	NA	NA	NA
Bacteria vs Fungi	Bacteria	OTU_4090	Pseudomonadaceae (OTU_4090)	Fungi	OTU_47	agrostis (OTU_47)	0.199485199485199	0.243436780443404	0.336548544391802	0.0936936936936937	0.586771473819976	0.873716955036429	FALSE	NA	NA	NA
Bacteria vs Oomycete	Bacteria	OTU_153	Polyangiaceae (OTU_153)	Oomycete	OTU_11	Pythium (OTU_11)	0.422136422136422	0.010330768582136	0.0284986719507201	-0.0934362934362934	0.587804225455119	0.873716955036429	TRUE	NA	NA	NA
Fungi vs Oomycete	Fungi	OTU_45	solani (OTU_45)	Oomycete	OTU_8	Pythium (OTU_8)	0.515830115830116	0.00128178961224907	0.00517894792827908	0.0934362934362934	0.587804225455119	0.873716955036429	FALSE	NA	NA	NA
Bacteria vs Oomycete	Bacteria	OTU_42	[Kouleothrixaceae] (OTU_42)	Oomycete	OTU_10	Pythium (OTU_10)	0.526640926640927	0.000968183046500998	0.00420949150652608	0.0931788931788932	0.588837779224721	0.873716955036429	FALSE	NA	NA	NA
Fungi vs Oomycete	Fungi	OTU_86	AG_A (OTU_86)	Oomycete	OTU_1	Pythium (OTU_1)	-0.176061776061776	0.304354161696071	0.400027375723205	0.0929214929214929	0.589872133500683	0.873716955036429	TRUE	NA	NA	NA
Fungi vs Oomycete	Fungi	OTU_25	Tetracladium (OTU_25)	Oomycete	OTU_21	Pythium (OTU_21)	0.607464607464608	8.53339733707636e-05	0.00058514724597095	-0.0929214929214929	0.589872133500682	0.873716955036429	TRUE	NA	NA	NA
Bacteria vs Oomycete	Bacteria	OTU_23	[Kouleothrixaceae] (OTU_23)	Oomycete	OTU_12	Pythium (OTU_12)	-0.435263835263835	0.00797435133866368	0.0228928746564508	0.0926640926640927	0.590907286650481	0.873716955036429	TRUE	NA	NA	NA
Bacteria vs Fungi	Bacteria	OTU_59	Pseudomonadaceae (OTU_59)	Fungi	OTU_47	agrostis (OTU_47)	0.349034749034749	0.036940312483765	0.0783186837111625	-0.0924066924066924	0.59194323703718	0.873716955036429	TRUE	NA	NA	NA
Bacteria vs Oomycete	Bacteria	OTU_59	Pseudomonadaceae (OTU_59)	Oomycete	OTU_19	Pythium (OTU_19)	-0.324066924066924	0.0538333652718013	0.105211788804823	0.0924066924066924	0.59194323703718	0.873716955036429	TRUE	NA	NA	NA
Fungi vs Oomycete	Fungi	OTU_1	Coprinopsis (OTU_1)	Oomycete	OTU_25	OTU_25 (OTU_25)	0.00386100386100386	0.982169958826714	0.987105486258004	-0.0924066924066924	0.59194323703718	0.873716955036429	TRUE	NA	NA	NA
Bacteria vs Oomycete	Bacteria	OTU_1	Pseudomonas (OTU_1)	Oomycete	OTU_11	Pythium (OTU_11)	0.5997425997426	0.000110727527832725	0.000726082149722784	0.0921492921492922	0.592979983019437	0.874171965139219	FALSE	NA	NA	NA
Bacteria vs Fungi	Bacteria	OTU_71	Polyangiaceae (OTU_71)	Fungi	OTU_15	chrysanthemicola (OTU_15)	0.479021879021879	0.00311967830441877	0.010788512868307	0.0918918918918919	0.594017522951507	0.87462702765866	FALSE	NA	NA	NA
Bacteria vs Oomycete	Bacteria	OTU_71	Polyangiaceae (OTU_71)	Oomycete	OTU_11	Pythium (OTU_11)	0.504504504504505	0.00170316793107869	0.00652971730764993	-0.0913770913770914	0.596094978060152	0.874922915638536	TRUE	NA	NA	NA
Bacteria vs Oomycete	Bacteria	OTU_2	Kineosporiaceae (OTU_2)	Oomycete	OTU_25	OTU_25 (OTU_25)	0.294980694980695	0.0807205486269196	0.146987341961007	0.0913770913770914	0.596094978060151	0.874922915638536	FALSE	NA	NA	NA
Bacteria vs Fungi	Bacteria	OTU_23	[Kouleothrixaceae] (OTU_23)	Fungi	OTU_1	Coprinopsis (OTU_1)	0.213384813384813	0.211454351258208	0.303160360226822	-0.0911196911196911	0.597134889923299	0.874922915638536	TRUE	NA	NA	NA
Fungi vs Oomycete	Fungi	OTU_5	OTU_5 (OTU_5)	Oomycete	OTU_4	Pythium (OTU_4)	0.628056628056628	4.11669798069164e-05	0.000312660606128481	0.0911196911196911	0.597134889923301	0.874922915638536	FALSE	NA	NA	NA
Bacteria vs Fungi	Bacteria	OTU_4090	Pseudomonadaceae (OTU_4090)	Fungi	OTU_49	caryae (OTU_49)	0.162162162162162	0.344705102892212	0.44192961909258	0.0906048906048906	0.599217073950895	0.875834943655389	FALSE	NA	NA	NA
Bacteria vs Oomycete	Bacteria	OTU_1	Pseudomonas (OTU_1)	Oomycete	OTU_24	Pythium (OTU_24)	0.178635778635779	0.297225144421012	0.392376428278563	-0.0906048906048906	0.599217073950895	0.875834943655389	TRUE	NA	NA	NA
Fungi vs Oomycete	Fungi	OTU_86	AG_A (OTU_86)	Oomycete	OTU_10	Pythium (OTU_10)	0.308365508365508	0.0672836599552961	0.126950301802445	0.0903474903474904	0.600259342775709	0.8762910113514	FALSE	NA	NA	NA
Bacteria vs Oomycete	Bacteria	OTU_327	viridiflava (OTU_327)	Oomycete	OTU_33	Hyaloperonospora (OTU_33)	-0.0460746460746461	0.789597597536954	0.849029674770919	-0.0900900900900901	0.601302393907525	0.876452189856883	FALSE	NA	NA	NA
Bacteria vs Fungi	Bacteria	OTU_23	[Kouleothrixaceae] (OTU_23)	Fungi	OTU_37	Phoma (OTU_37)	-0.792792792792793	8.23888232828647e-09	5.20350462839145e-07	-0.0895752895752896	0.603390836365089	0.876452189856883	FALSE	NA	NA	NA
Bacteria vs Oomycete	Bacteria	OTU_59	Pseudomonadaceae (OTU_59)	Oomycete	OTU_7	Pythium (OTU_7)	0.385585585585586	0.0202068875947613	0.0483033169595889	0.0895752895752896	0.603390836365088	0.876452189856883	FALSE	NA	NA	NA
Fungi vs Oomycete	Fungi	OTU_32	OTU_32 (OTU_32)	Oomycete	OTU_20	OTU_20 (OTU_20)	-0.380952380952381	0.0218913746775537	0.0512078939825817	0.0895752895752896	0.603390836365088	0.876452189856883	TRUE	NA	NA	NA
Bacteria vs Fungi	Bacteria	OTU_16	[Kouleothrixaceae] (OTU_16)	Fungi	OTU_26	OTU_26 (OTU_26)	-0.0664092664092664	0.70037174537315	0.773891431351547	-0.0890604890604891	0.605482387826129	0.876452189856883	FALSE	NA	NA	NA
Fungi vs Oomycete	Fungi	OTU_87	discosioides (OTU_87)	Oomycete	OTU_12	Pythium (OTU_12)	-0.27979407979408	0.0983890265798388	0.169636252723861	0.0890604890604891	0.60548238782613	0.876452189856883	TRUE	NA	NA	NA
Fungi vs Oomycete	Fungi	OTU_15	chrysanthemicola (OTU_15)	Oomycete	OTU_19	Pythium (OTU_19)	0.053024453024453	0.758740700501311	0.820999856268326	-0.0890604890604891	0.605482387826129	0.876452189856883	TRUE	NA	NA	NA
Bacteria vs Oomycete	Bacteria	OTU_19	OTU_19 (OTU_19)	Oomycete	OTU_33	Hyaloperonospora (OTU_33)	0.0715572715572716	0.678344169763372	0.755114103632696	0.0888030888030888	0.606529325196096	0.876771449752966	FALSE	NA	NA	NA
Bacteria vs Fungi	Bacteria	OTU_24	Agrobacterium (OTU_24)	Fungi	OTU_25	Tetracladium (OTU_25)	0.226254826254826	0.184540992199147	0.271716798330033	0.0885456885456886	0.607577034724086	0.876771449752966	FALSE	NA	NA	NA
Bacteria vs Oomycete	Bacteria	OTU_48	mitochondria (OTU_48)	Oomycete	OTU_23	Apodachlya (OTU_23)	0.24041184041184	0.157839204334018	0.242829545129258	0.0882882882882883	0.608625514703517	0.876771449752966	FALSE	NA	NA	NA
Fungi vs Oomycete	Fungi	OTU_32	OTU_32 (OTU_32)	Oomycete	OTU_33	Hyaloperonospora (OTU_33)	0.57014157014157	0.000283275249602004	0.00152435111893455	0.0882882882882883	0.608625514703517	0.876771449752966	FALSE	NA	NA	NA
Bacteria vs Oomycete	Bacteria	OTU_16	[Kouleothrixaceae] (OTU_16)	Oomycete	OTU_5	Pythium (OTU_5)	0.306563706563707	0.0689824852467527	0.128939224760285	0.088030888030888	0.609674763423523	0.877229875429529	FALSE	NA	NA	NA
Bacteria vs Oomycete	Bacteria	OTU_63	OTU_63 (OTU_63)	Oomycete	OTU_3	Hyaloperonospora (OTU_3)	0.183783783783784	0.283289700971599	0.37905618581667	0.0877734877734878	0.610724779168953	0.877688305392507	FALSE	NA	NA	NA
Bacteria vs Oomycete	Bacteria	OTU_24	Agrobacterium (OTU_24)	Oomycete	OTU_10	Pythium (OTU_10)	0.179407979407979	0.29510740739207	0.390009789504939	0.0867438867438868	0.614932477952524	0.881486977985162	FALSE	NA	NA	NA
Fungi vs Oomycete	Fungi	OTU_45	solani (OTU_45)	Oomycete	OTU_15	Pythium (OTU_15)	0.0455598455598456	0.791896514368145	0.850739317136772	0.0867438867438868	0.614932477952524	0.881486977985162	FALSE	NA	NA	NA
Bacteria vs Oomycete	Bacteria	OTU_59	Pseudomonadaceae (OTU_59)	Oomycete	OTU_10	Pythium (OTU_10)	0.193564993564994	0.257995857178484	0.351413199335052	0.0864864864864865	0.615986302948539	0.881486977985162	FALSE	NA	NA	NA
Bacteria vs Oomycete	Bacteria	OTU_36	OTU_36 (OTU_36)	Oomycete	OTU_25	OTU_25 (OTU_25)	-0.324324324324324	0.0536322402566979	0.104989703602019	0.0862290862290862	0.617040884589613	0.881486977985162	TRUE	NA	NA	NA
Bacteria vs Oomycete	Bacteria	OTU_4090	Pseudomonadaceae (OTU_4090)	Oomycete	OTU_15	Pythium (OTU_15)	0.523809523809524	0.00104294850523433	0.00446977930814711	0.0862290862290862	0.617040884589613	0.881486977985162	FALSE	NA	NA	NA
Bacteria vs Fungi	Bacteria	OTU_5	Dolo_23 (OTU_5)	Fungi	OTU_45	solani (OTU_45)	-0.226254826254826	0.184540992199147	0.271716798330033	0.0851994851994852	0.621266742643311	0.885415785239874	TRUE	NA	NA	NA
Bacteria vs Fungi	Bacteria	OTU_327	viridiflava (OTU_327)	Fungi	OTU_86	AG_A (OTU_86)	0.229343629343629	0.178459614158739	0.264384613568502	-0.0851994851994852	0.62126674264331	0.885415785239874	TRUE	NA	NA	NA
Fungi vs Oomycete	Fungi	OTU_26	OTU_26 (OTU_26)	Oomycete	OTU_21	Pythium (OTU_21)	-0.19047619047619	0.265816141078925	0.360021861506444	0.084942084942085	0.622325081251965	0.885872001782157	TRUE	NA	NA	NA
Bacteria vs Oomycete	Bacteria	OTU_5	Dolo_23 (OTU_5)	Oomycete	OTU_8	Pythium (OTU_8)	0.137709137709138	0.423177116457543	0.520299733349438	0.0846846846846847	0.623384165973178	0.886328198066131	FALSE	NA	NA	NA
Bacteria vs Oomycete	Bacteria	OTU_19	OTU_19 (OTU_19)	Oomycete	OTU_11	Pythium (OTU_11)	0.283140283140283	0.0942631554454191	0.164891817105689	-0.0839124839124839	0.626565879090486	0.8874351713415	TRUE	NA	NA	NA
Bacteria vs Fungi	Bacteria	OTU_71	Polyangiaceae (OTU_71)	Fungi	OTU_26	OTU_26 (OTU_26)	0.518146718146718	0.00120792825921203	0.0049640887364878	0.0833976833976834	0.62869071916891	0.8874351713415	FALSE	NA	NA	NA
Bacteria vs Fungi	Bacteria	OTU_36	OTU_36 (OTU_36)	Fungi	OTU_18	OTU_18 (OTU_18)	0.494723294723295	0.0021603580695732	0.00797670671842411	0.0833976833976834	0.62869071916891	0.8874351713415	FALSE	NA	NA	NA
Bacteria vs Fungi	Bacteria	OTU_24	Agrobacterium (OTU_24)	Fungi	OTU_1	Coprinopsis (OTU_1)	0.565508365508366	0.000325535066117058	0.00170586060847367	-0.0831402831402831	0.629754243248062	0.8874351713415	TRUE	NA	NA	NA
Bacteria vs Fungi	Bacteria	OTU_4	Janthinobacterium (OTU_4)	Fungi	OTU_87	discosioides (OTU_87)	0.513513513513514	0.00135960124282763	0.00543840497131051	0.0831402831402831	0.629754243248062	0.8874351713415	FALSE	NA	NA	NA
Bacteria vs Oomycete	Bacteria	OTU_71	Polyangiaceae (OTU_71)	Oomycete	OTU_1	Pythium (OTU_1)	-0.527413127413128	0.000948632870057449	0.00415459651120051	-0.0831402831402831	0.629754243248062	0.8874351713415	FALSE	NA	NA	NA
Bacteria vs Oomycete	Bacteria	OTU_63	OTU_63 (OTU_63)	Oomycete	OTU_12	Pythium (OTU_12)	-0.422136422136422	0.010330768582136	0.0284986719507201	0.0831402831402831	0.629754243248062	0.8874351713415	TRUE	NA	NA	NA
Bacteria vs Fungi	Bacteria	OTU_24	Agrobacterium (OTU_24)	Fungi	OTU_47	agrostis (OTU_47)	-0.0728442728442728	0.672877198827804	0.7504206678377	0.0828828828828829	0.630818500961916	0.8874351713415	TRUE	NA	NA	NA
Bacteria vs Oomycete	Bacteria	OTU_16	[Kouleothrixaceae] (OTU_16)	Oomycete	OTU_7	Pythium (OTU_7)	0.424710424710425	0.00982706014046753	0.0274243538803745	0.0828828828828829	0.630818500961916	0.8874351713415	FALSE	NA	NA	NA
Bacteria vs Fungi	Bacteria	OTU_71	Polyangiaceae (OTU_71)	Fungi	OTU_92	OTU_92 (OTU_92)	0.22960102960103	0.17795934052487	0.264296050284461	-0.0821106821106821	0.634015657900212	0.889721302013642	TRUE	NA	NA	NA
Bacteria vs Oomycete	Bacteria	OTU_51	Enterobacteriaceae (OTU_51)	Oomycete	OTU_21	Pythium (OTU_21)	0.162419562419562	0.343929526060751	0.441406878366739	-0.0818532818532819	0.635082832120876	0.889721302013642	TRUE	NA	NA	NA
Fungi vs Oomycete	Fungi	OTU_5	OTU_5 (OTU_5)	Oomycete	OTU_3	Hyaloperonospora (OTU_3)	-0.0818532818532819	0.635082832120876	0.716258833219033	0.0818532818532819	0.635082832120876	0.889721302013642	TRUE	NA	NA	NA
Bacteria vs Oomycete	Bacteria	OTU_1	Pseudomonas (OTU_1)	Oomycete	OTU_25	OTU_25 (OTU_25)	0.395881595881596	0.0168472417608593	0.0422943307803999	0.0815958815958816	0.636150730939754	0.889721302013642	FALSE	NA	NA	NA
Fungi vs Oomycete	Fungi	OTU_64	OTU_64 (OTU_64)	Oomycete	OTU_33	Hyaloperonospora (OTU_33)	-0.410810810810811	0.0128157759363542	0.0339490753280906	0.0815958815958816	0.636150730939754	0.889721302013642	TRUE	NA	NA	NA
Bacteria vs Fungi	Bacteria	OTU_36	OTU_36 (OTU_36)	Fungi	OTU_92	OTU_92 (OTU_92)	-0.489317889317889	0.00245646001012255	0.00882560482678761	-0.0813384813384813	0.637219352537285	0.890178373742424	FALSE	NA	NA	NA
Bacteria vs Oomycete	Bacteria	OTU_59	Pseudomonadaceae (OTU_59)	Oomycete	OTU_25	OTU_25 (OTU_25)	0.160875160875161	0.348598950174138	0.445968806192927	0.0805662805662806	0.64042953574525	0.891208959431495	FALSE	NA	NA	NA
Bacteria vs Fungi	Bacteria	OTU_2	Kineosporiaceae (OTU_2)	Fungi	OTU_25	Tetracladium (OTU_25)	0.174002574002574	0.310134773186812	0.405404932270342	0.0800514800514801	0.642573238235932	0.891208959431495	FALSE	NA	NA	NA
Bacteria vs Fungi	Bacteria	OTU_36	OTU_36 (OTU_36)	Fungi	OTU_64	OTU_64 (OTU_64)	-0.390733590733591	0.0184632967310486	0.0452162368923639	-0.0800514800514801	0.642573238235933	0.891208959431495	FALSE	NA	NA	NA
Bacteria vs Oomycete	Bacteria	OTU_59	Pseudomonadaceae (OTU_59)	Oomycete	OTU_11	Pythium (OTU_11)	0.35032175032175	0.0362027385642505	0.0770271033281926	-0.0800514800514801	0.642573238235933	0.891208959431495	TRUE	NA	NA	NA
Fungi vs Oomycete	Fungi	OTU_37	Phoma (OTU_37)	Oomycete	OTU_6	Pythium (OTU_6)	0.32046332046332	0.0567127419928103	0.109766597405439	-0.0797940797940798	0.643646158067469	0.891208959431495	TRUE	NA	NA	NA
Fungi vs Oomycete	Fungi	OTU_67	OTU_67 (OTU_67)	Oomycete	OTU_7	Pythium (OTU_7)	-0.727670527670528	4.94719853494064e-07	1.03136262966294e-05	-0.0795366795366795	0.64471978782734	0.891208959431495	FALSE	NA	NA	NA
Fungi vs Oomycete	Fungi	OTU_47	agrostis (OTU_47)	Oomycete	OTU_9	OTU_9 (OTU_9)	-0.212355212355212	0.213718616731334	0.305676209866032	0.0795366795366795	0.644719787827341	0.891208959431495	TRUE	NA	NA	NA
Bacteria vs Oomycete	Bacteria	OTU_42	[Kouleothrixaceae] (OTU_42)	Oomycete	OTU_9	OTU_9 (OTU_9)	-0.733848133848134	3.53164760477518e-07	7.81582326426472e-06	-0.0792792792792793	0.645794125663698	0.891208959431495	FALSE	NA	NA	NA
Fungi vs Oomycete	Fungi	OTU_44	hispanica (OTU_44)	Oomycete	OTU_1	Pythium (OTU_1)	-0.630888030888031	3.70883512888243e-05	0.000296706810310595	0.0792792792792793	0.645794125663699	0.891208959431495	TRUE	NA	NA	NA
Fungi vs Oomycete	Fungi	OTU_15	chrysanthemicola (OTU_15)	Oomycete	OTU_21	Pythium (OTU_21)	-0.458687258687259	0.00489828867842722	0.0155090934409305	0.0792792792792793	0.645794125663699	0.891208959431495	TRUE	NA	NA	NA
Bacteria vs Fungi	Bacteria	OTU_5	Dolo_23 (OTU_5)	Fungi	OTU_5	OTU_5 (OTU_5)	-0.0676962676962677	0.694841397847099	0.770618925523585	0.079021879021879	0.646869169720693	0.891208959431495	TRUE	NA	NA	NA
Fungi vs Oomycete	Fungi	OTU_15	chrysanthemicola (OTU_15)	Oomycete	OTU_4	Pythium (OTU_4)	0.487001287001287	0.00259383813981997	0.00923621889550136	0.079021879021879	0.646869169720693	0.891208959431495	FALSE	NA	NA	NA
Fungi vs Oomycete	Fungi	OTU_86	AG_A (OTU_86)	Oomycete	OTU_24	Pythium (OTU_24)	-0.051994851994852	0.763290257909308	0.823694522923713	-0.0782496782496783	0.650098520597234	0.891563685390493	FALSE	NA	NA	NA
Fungi vs Oomycete	Fungi	OTU_59	OTU_59 (OTU_59)	Oomycete	OTU_21	Pythium (OTU_21)	0.706048906048906	1.50410767776083e-06	2.20113318696707e-05	0.0782496782496783	0.650098520597234	0.891563685390493	FALSE	NA	NA	NA
Fungi vs Oomycete	Fungi	OTU_67	OTU_67 (OTU_67)	Oomycete	OTU_10	Pythium (OTU_10)	-0.53024453024453	0.000879901011401739	0.00389624064089331	0.0782496782496783	0.650098520597234	0.891563685390493	TRUE	NA	NA	NA
Fungi vs Oomycete	Fungi	OTU_92	OTU_92 (OTU_92)	Oomycete	OTU_10	Pythium (OTU_10)	-0.586615186615187	0.000169843280814189	0.00101905968488513	-0.0782496782496783	0.650098520597234	0.891563685390493	FALSE	NA	NA	NA
Fungi vs Oomycete	Fungi	OTU_47	agrostis (OTU_47)	Oomycete	OTU_1	Pythium (OTU_1)	0.200514800514801	0.240962234651988	0.334669770349983	-0.0777348777348777	0.652254918081841	0.892481073772188	TRUE	NA	NA	NA
Fungi vs Oomycete	Fungi	OTU_5	OTU_5 (OTU_5)	Oomycete	OTU_5	Pythium (OTU_5)	0.488803088803089	0.0024864265473499	0.00890660255767129	-0.0777348777348777	0.652254918081841	0.892481073772188	TRUE	NA	NA	NA
Bacteria vs Fungi	Bacteria	OTU_42	[Kouleothrixaceae] (OTU_42)	Fungi	OTU_87	discosioides (OTU_87)	0.450450450450451	0.00583621852092198	0.0177752848352954	0.0767052767052767	0.656576037980395	0.897370439153159	FALSE	NA	NA	NA
Bacteria vs Oomycete	Bacteria	OTU_36	OTU_36 (OTU_36)	Oomycete	OTU_2	Albugo (OTU_2)	0.462033462033462	0.00455621537001328	0.0145025422918195	-0.0761904761904762	0.658740730163216	0.899304751076062	TRUE	NA	NA	NA
Bacteria vs Oomycete	Bacteria	OTU_153	Polyangiaceae (OTU_153)	Oomycete	OTU_1	Pythium (OTU_1)	-0.472329472329472	0.00362992974319804	0.0120997658106602	-0.0756756756756757	0.660908156910227	0.901125666523481	FALSE	NA	NA	NA
Bacteria vs Fungi	Bacteria	OTU_5	Dolo_23 (OTU_5)	Fungi	OTU_86	AG_A (OTU_86)	-0.254054054054054	0.134866524027724	0.216363407531108	-0.0754182754182754	0.661992890975458	0.901125666523481	FALSE	NA	NA	NA
Bacteria vs Oomycete	Bacteria	OTU_2	Kineosporiaceae (OTU_2)	Oomycete	OTU_6	Pythium (OTU_6)	-0.556241956241956	0.000427305692591972	0.00214355871289731	0.0751608751608752	0.663078302950195	0.901125666523481	TRUE	NA	NA	NA
Fungi vs Oomycete	Fungi	OTU_15	chrysanthemicola (OTU_15)	Oomycete	OTU_7	Pythium (OTU_7)	0.79021879021879	9.94731312919892e-09	5.68417893097081e-07	-0.0751608751608752	0.663078302950194	0.901125666523481	TRUE	NA	NA	NA
Bacteria vs Fungi	Bacteria	OTU_63	OTU_63 (OTU_63)	Fungi	OTU_1	Coprinopsis (OTU_1)	0.549034749034749	0.000525129883410957	0.00255123829997226	0.0743886743886744	0.666338587126764	0.90350994864646	FALSE	NA	NA	NA
Bacteria vs Oomycete	Bacteria	OTU_42	[Kouleothrixaceae] (OTU_42)	Oomycete	OTU_33	Hyaloperonospora (OTU_33)	0.628571428571429	4.03965028197385e-05	0.000310742329382604	0.0743886743886744	0.666338587126764	0.90350994864646	FALSE	NA	NA	NA
Bacteria vs Fungi	Bacteria	OTU_23	[Kouleothrixaceae] (OTU_23)	Fungi	OTU_32	OTU_32 (OTU_32)	0.256370656370656	0.13122455329203	0.211652505309726	-0.0736164736164736	0.669604903191352	0.906914090101154	TRUE	NA	NA	NA
Fungi vs Oomycete	Fungi	OTU_49	caryae (OTU_49)	Oomycete	OTU_4	Pythium (OTU_4)	0.479021879021879	0.00311967830441877	0.010788512868307	0.0728442728442728	0.672877198827804	0.910195989118156	FALSE	NA	NA	NA
Bacteria vs Oomycete	Bacteria	OTU_48	mitochondria (OTU_48)	Oomycete	OTU_24	Pythium (OTU_24)	0.251480051480052	0.13900005580855	0.220927241020212	-0.0725868725868726	0.673969283747248	0.910195989118156	TRUE	NA	NA	NA
Bacteria vs Fungi	Bacteria	OTU_1	Pseudomonas (OTU_1)	Fungi	OTU_45	solani (OTU_45)	0.338738738738739	0.0432911316527885	0.088499758063622	-0.0723294723294723	0.675062025262632	0.910195989118156	TRUE	NA	NA	NA
Bacteria vs Oomycete	Bacteria	OTU_5	Dolo_23 (OTU_5)	Oomycete	OTU_33	Hyaloperonospora (OTU_33)	-0.0234234234234234	0.892138249008272	0.926896882086516	-0.0723294723294723	0.675062025262632	0.910195989118156	FALSE	NA	NA	NA
Fungi vs Oomycete	Fungi	OTU_16	elongata (OTU_16)	Oomycete	OTU_12	Pythium (OTU_12)	-0.324839124839125	0.0532317876675132	0.104546882489388	0.0720720720720721	0.676155421413717	0.910647032207026	TRUE	NA	NA	NA
Fungi vs Oomycete	Fungi	OTU_64	OTU_64 (OTU_64)	Oomycete	OTU_24	Pythium (OTU_24)	-0.306048906048906	0.0694739929001102	0.129655974308137	-0.0715572715572716	0.678344169763371	0.91117757573704	FALSE	NA	NA	NA
Bacteria vs Fungi	Bacteria	OTU_1	Pseudomonas (OTU_1)	Fungi	OTU_1	Coprinopsis (OTU_1)	0.247619047619048	0.145373938805661	0.228037551067703	-0.0712998712998713	0.679439518022843	0.91117757573704	TRUE	NA	NA	NA
Bacteria vs Fungi	Bacteria	OTU_16	[Kouleothrixaceae] (OTU_16)	Fungi	OTU_49	caryae (OTU_49)	0.351093951093951	0.0357659780720366	0.0765047659294902	-0.0705276705276705	0.682729435427495	0.91117757573704	TRUE	NA	NA	NA
Bacteria vs Oomycete	Bacteria	OTU_42	[Kouleothrixaceae] (OTU_42)	Oomycete	OTU_25	OTU_25 (OTU_25)	-0.695752895752896	2.46888726059111e-06	3.08610907573888e-05	-0.0705276705276705	0.682729435427495	0.91117757573704	FALSE	NA	NA	NA
Fungi vs Oomycete	Fungi	OTU_87	discosioides (OTU_87)	Oomycete	OTU_24	Pythium (OTU_24)	-0.0162162162162162	0.925212783901131	0.94974127075792	-0.0705276705276705	0.682729435427495	0.91117757573704	FALSE	NA	NA	NA
Bacteria vs Fungi	Bacteria	OTU_83	OTU_83 (OTU_83)	Fungi	OTU_44	hispanica (OTU_44)	-0.447361647361647	0.00622578020938936	0.0188184792223356	-0.0702702702702703	0.683827358829536	0.91117757573704	FALSE	NA	NA	NA
Bacteria vs Oomycete	Bacteria	OTU_59	Pseudomonadaceae (OTU_59)	Oomycete	OTU_21	Pythium (OTU_21)	0.0723294723294723	0.675062025262632	0.752158245417975	-0.0702702702702703	0.683827358829536	0.91117757573704	TRUE	NA	NA	NA
Bacteria vs Oomycete	Bacteria	OTU_63	OTU_63 (OTU_63)	Oomycete	OTU_23	Apodachlya (OTU_23)	-0.467953667953668	0.00400142695273705	0.0130127705780067	0.0702702702702703	0.683827358829536	0.91117757573704	TRUE	NA	NA	NA
Fungi vs Oomycete	Fungi	OTU_86	AG_A (OTU_86)	Oomycete	OTU_9	OTU_9 (OTU_9)	-0.192792792792793	0.259936483605428	0.352854955120491	0.07001287001287	0.684925921051853	0.91117757573704	TRUE	NA	NA	NA
Bacteria vs Oomycete	Bacteria	OTU_51	Enterobacteriaceae (OTU_51)	Oomycete	OTU_4	Pythium (OTU_4)	0.352380952380952	0.0350475858514776	0.075642271621894	-0.0697554697554698	0.686025120100982	0.91117757573704	TRUE	NA	NA	NA
Bacteria vs Fungi	Bacteria	OTU_4090	Pseudomonadaceae (OTU_4090)	Fungi	OTU_86	AG_A (OTU_86)	0.293178893178893	0.0826778790641009	0.149703104795554	-0.068983268983269	0.689326518220081	0.91117757573704	TRUE	NA	NA	NA
Bacteria vs Fungi	Bacteria	OTU_48	mitochondria (OTU_48)	Fungi	OTU_67	OTU_67 (OTU_67)	0.240669240669241	0.157381120921224	0.242747230212685	0.0687258687258687	0.690428244569177	0.91117757573704	FALSE	NA	NA	NA
Bacteria vs Fungi	Bacteria	OTU_63	OTU_63 (OTU_63)	Fungi	OTU_18	OTU_18 (OTU_18)	0.350836550836551	0.0359110855519678	0.0765422782635193	-0.0687258687258687	0.690428244569177	0.91117757573704	TRUE	NA	NA	NA
Bacteria vs Oomycete	Bacteria	OTU_63	OTU_63 (OTU_63)	Oomycete	OTU_1	Pythium (OTU_1)	0.334877734877735	0.0458885762668778	0.0922383442550307	-0.0687258687258687	0.690428244569177	0.91117757573704	TRUE	NA	NA	NA
Fungi vs Oomycete	Fungi	OTU_87	discosioides (OTU_87)	Oomycete	OTU_19	Pythium (OTU_19)	0.00386100386100386	0.982169958826714	0.987105486258004	0.0687258687258687	0.690428244569177	0.91117757573704	FALSE	NA	NA	NA
Bacteria vs Oomycete	Bacteria	OTU_23	[Kouleothrixaceae] (OTU_23)	Oomycete	OTU_2	Albugo (OTU_2)	0.707850707850708	1.37619701916061e-06	2.06429552874092e-05	0.0682110682110682	0.6926335756675	0.91117757573704	FALSE	NA	NA	NA
Bacteria vs Oomycete	Bacteria	OTU_2	Kineosporiaceae (OTU_2)	Oomycete	OTU_12	Pythium (OTU_12)	-0.248906048906049	0.143226006159654	0.225849155573698	-0.067953667953668	0.693737176382846	0.91117757573704	FALSE	NA	NA	NA
Fungi vs Oomycete	Fungi	OTU_16	elongata (OTU_16)	Oomycete	OTU_24	Pythium (OTU_24)	0.246332046332046	0.1475453338939	0.230840157330744	-0.0676962676962677	0.694841397847099	0.91117757573704	TRUE	NA	NA	NA
Fungi vs Oomycete	Fungi	OTU_92	OTU_92 (OTU_92)	Oomycete	OTU_2	Albugo (OTU_2)	-0.733590733590734	3.58225232945466e-07	7.81582326426472e-06	0.0671814671814672	0.697051694915375	0.91117757573704	TRUE	NA	NA	NA
Bacteria vs Oomycete	Bacteria	OTU_153	Polyangiaceae (OTU_153)	Oomycete	OTU_7	Pythium (OTU_7)	0.278764478764479	0.0996858313848847	0.17064621635073	-0.0669240669240669	0.698157766457049	0.91117757573704	TRUE	NA	NA	NA
Bacteria vs Oomycete	Bacteria	OTU_23	[Kouleothrixaceae] (OTU_23)	Oomycete	OTU_5	Pythium (OTU_5)	0.28957528957529	0.0867025517157279	0.154825985206657	-0.0666666666666667	0.699264450622968	0.91117757573704	TRUE	NA	NA	NA
Bacteria vs Oomycete	Bacteria	OTU_23	[Kouleothrixaceae] (OTU_23)	Oomycete	OTU_6	Pythium (OTU_6)	-0.163191763191763	0.341609186589614	0.439368728732623	-0.0666666666666667	0.699264450622968	0.91117757573704	FALSE	NA	NA	NA
Fungi vs Oomycete	Fungi	OTU_87	discosioides (OTU_87)	Oomycete	OTU_23	Apodachlya (OTU_23)	-0.0396396396396397	0.81845373859891	0.870695466594585	0.0666666666666667	0.699264450622968	0.91117757573704	TRUE	NA	NA	NA
Bacteria vs Oomycete	Bacteria	OTU_83	OTU_83 (OTU_83)	Oomycete	OTU_20	OTU_20 (OTU_20)	-0.609266409266409	8.02231104788163e-05	0.000562969196342571	-0.0664092664092664	0.70037174537315	0.91117757573704	FALSE	NA	NA	NA
Bacteria vs Fungi	Bacteria	OTU_327	viridiflava (OTU_327)	Fungi	OTU_30	Cadophora (OTU_30)	0.0628056628056628	0.715936832558652	0.785811549498448	-0.0661518661518662	0.701479648664109	0.91117757573704	TRUE	NA	NA	NA
Bacteria vs Oomycete	Bacteria	OTU_24	Agrobacterium (OTU_24)	Oomycete	OTU_20	OTU_20 (OTU_20)	0.448391248391248	0.00609351517432828	0.0184651974979645	-0.0661518661518662	0.701479648664109	0.91117757573704	TRUE	NA	NA	NA
Fungi vs Oomycete	Fungi	OTU_16	elongata (OTU_16)	Oomycete	OTU_9	OTU_9 (OTU_9)	-0.718404118404119	8.06727504809726e-07	1.48156582411587e-05	0.0661518661518662	0.701479648664108	0.91117757573704	TRUE	NA	NA	NA
Bacteria vs Oomycete	Bacteria	OTU_1	Pseudomonas (OTU_1)	Oomycete	OTU_8	Pythium (OTU_8)	0.0115830115830116	0.946543878601374	0.963793372264027	-0.0658944658944659	0.702588158448864	0.91117757573704	TRUE	NA	NA	NA
Bacteria vs Oomycete	Bacteria	OTU_23	[Kouleothrixaceae] (OTU_23)	Oomycete	OTU_21	Pythium (OTU_21)	-0.624967824967825	4.60758729115895e-05	0.000345569046836921	-0.0658944658944659	0.702588158448864	0.91117757573704	FALSE	NA	NA	NA
Fungi vs Oomycete	Fungi	OTU_32	OTU_32 (OTU_32)	Oomycete	OTU_24	Pythium (OTU_24)	0.778635778635779	2.25139634071981e-08	1.03510881024004e-06	-0.0658944658944659	0.702588158448864	0.91117757573704	TRUE	NA	NA	NA
Bacteria vs Oomycete	Bacteria	OTU_24	Agrobacterium (OTU_24)	Oomycete	OTU_8	Pythium (OTU_8)	0.110939510939511	0.519485539477333	0.611159458208627	-0.0656370656370656	0.703697272676948	0.91117757573704	TRUE	NA	NA	NA
Bacteria vs Oomycete	Bacteria	OTU_1	Pseudomonas (OTU_1)	Oomycete	OTU_12	Pythium (OTU_12)	-0.102960102960103	0.550140003018508	0.641562685735869	-0.0656370656370656	0.703697272676948	0.91117757573704	FALSE	NA	NA	NA
Bacteria vs Fungi	Bacteria	OTU_4	Janthinobacterium (OTU_4)	Fungi	OTU_64	OTU_64 (OTU_64)	0.0314028314028314	0.855730194932906	0.894491492961226	0.0653796653796654	0.704806989294431	0.91117757573704	FALSE	NA	NA	NA
Bacteria vs Oomycete	Bacteria	OTU_1	Pseudomonas (OTU_1)	Oomycete	OTU_20	OTU_20 (OTU_20)	0.310682110682111	0.0651479645281662	0.12330845021104	0.0653796653796654	0.704806989294431	0.91117757573704	FALSE	NA	NA	NA
Fungi vs Oomycete	Fungi	OTU_64	OTU_64 (OTU_64)	Oomycete	OTU_12	Pythium (OTU_12)	0.39021879021879	0.0186317944837344	0.0455359539317338	0.0653796653796654	0.704806989294431	0.91117757573704	FALSE	NA	NA	NA
Bacteria vs Fungi	Bacteria	OTU_19	OTU_19 (OTU_19)	Fungi	OTU_44	hispanica (OTU_44)	0.303732303732304	0.0717198464645103	0.133225720986706	0.0651222651222651	0.705917306243909	0.91117757573704	FALSE	NA	NA	NA
Fungi vs Oomycete	Fungi	OTU_25	Tetracladium (OTU_25)	Oomycete	OTU_3	Hyaloperonospora (OTU_3)	-0.682625482625483	4.51253951013922e-06	5.20677635785295e-05	0.0648648648648649	0.707028221464534	0.91117757573704	TRUE	NA	NA	NA
Bacteria vs Oomycete	Bacteria	OTU_59	Pseudomonadaceae (OTU_59)	Oomycete	OTU_4	Pythium (OTU_4)	0.245559845559846	0.148859481355635	0.232290478058209	-0.0646074646074646	0.708139732892017	0.91117757573704	TRUE	NA	NA	NA
Bacteria vs Fungi	Bacteria	OTU_24	Agrobacterium (OTU_24)	Fungi	OTU_30	Cadophora (OTU_30)	0.35006435006435	0.0363492863553052	0.0772020241174624	-0.0643500643500644	0.709251838458639	0.91117757573704	TRUE	NA	NA	NA
Fungi vs Oomycete	Fungi	OTU_45	solani (OTU_45)	Oomycete	OTU_6	Pythium (OTU_6)	0.326126126126126	0.0522410852015786	0.102938098919367	-0.0643500643500644	0.709251838458639	0.91117757573704	TRUE	NA	NA	NA
Fungi vs Oomycete	Fungi	OTU_25	Tetracladium (OTU_25)	Oomycete	OTU_23	Apodachlya (OTU_23)	0.59021879021879	0.000151301719914854	0.000931087507168334	0.0640926640926641	0.710364536093261	0.91117757573704	FALSE	NA	NA	NA
Bacteria vs Fungi	Bacteria	OTU_4	Janthinobacterium (OTU_4)	Fungi	OTU_25	Tetracladium (OTU_25)	0.218018018018018	0.201470276498648	0.291985907969055	0.0638352638352638	0.711477823721339	0.91117757573704	FALSE	NA	NA	NA
Bacteria vs Fungi	Bacteria	OTU_71	Polyangiaceae (OTU_71)	Fungi	OTU_67	OTU_67 (OTU_67)	0.215958815958816	0.205866309518088	0.296922561804935	0.0638352638352638	0.711477823721339	0.91117757573704	FALSE	NA	NA	NA
Bacteria vs Fungi	Bacteria	OTU_19	OTU_19 (OTU_19)	Fungi	OTU_87	discosioides (OTU_87)	0.242728442728443	0.153751044451427	0.238373712327794	0.0638352638352638	0.711477823721339	0.91117757573704	FALSE	NA	NA	NA
Bacteria vs Fungi	Bacteria	OTU_36	OTU_36 (OTU_36)	Fungi	OTU_16	elongata (OTU_16)	0.412355212355212	0.012449741967365	0.0331993119129734	-0.0638352638352638	0.711477823721337	0.91117757573704	TRUE	NA	NA	NA
Fungi vs Oomycete	Fungi	OTU_15	chrysanthemicola (OTU_15)	Oomycete	OTU_11	Pythium (OTU_11)	-0.106306306306306	0.537181947353745	0.62951009455517	-0.0638352638352638	0.711477823721337	0.91117757573704	FALSE	NA	NA	NA
Fungi vs Oomycete	Fungi	OTU_1	Coprinopsis (OTU_1)	Oomycete	OTU_24	Pythium (OTU_24)	-0.0584298584298584	0.734989442758311	0.799625867008136	0.0633204633204633	0.713706160642708	0.912537709493579	TRUE	NA	NA	NA
Bacteria vs Fungi	Bacteria	OTU_63	OTU_63 (OTU_63)	Fungi	OTU_5	OTU_5 (OTU_5)	0.543629343629344	0.000611081155800067	0.00290772740629207	0.0630630630630631	0.714821205769971	0.912537709493579	FALSE	NA	NA	NA
Bacteria vs Fungi	Bacteria	OTU_1	Pseudomonas (OTU_1)	Fungi	OTU_47	agrostis (OTU_47)	0.138738738738739	0.41968483203428	0.517596915150191	0.0630630630630631	0.714821205769971	0.912537709493579	FALSE	NA	NA	NA
Bacteria vs Fungi	Bacteria	OTU_1	Pseudomonas (OTU_1)	Fungi	OTU_5	OTU_5 (OTU_5)	0.161904761904762	0.34548174436777	0.442452607514753	-0.0625482625482626	0.717053038917334	0.914414077259087	TRUE	NA	NA	NA
Fungi vs Oomycete	Fungi	OTU_67	OTU_67 (OTU_67)	Oomycete	OTU_15	Pythium (OTU_15)	-0.0574002574002574	0.739495625797095	0.803799593257712	0.0622908622908623	0.718169822751257	0.914866016243639	TRUE	NA	NA	NA
Bacteria vs Fungi	Bacteria	OTU_23	[Kouleothrixaceae] (OTU_23)	Fungi	OTU_45	solani (OTU_45)	-0.774259974259974	3.02708488173886e-08	1.21083395269554e-06	0.0617760617760618	0.72040511444915	0.916740336520657	TRUE	NA	NA	NA
Bacteria vs Oomycete	Bacteria	OTU_153	Polyangiaceae (OTU_153)	Oomycete	OTU_23	Apodachlya (OTU_23)	0.208236808236808	0.222942515467522	0.316230518393648	0.0615186615186615	0.721523618106994	0.917191039966517	FALSE	NA	NA	NA
Fungi vs Oomycete	Fungi	OTU_32	OTU_32 (OTU_32)	Oomycete	OTU_3	Hyaloperonospora (OTU_3)	0.618275418275418	5.85738067822207e-05	0.000420889629572843	-0.061003861003861	0.723762330500421	0.918991521821711	TRUE	NA	NA	NA
Fungi vs Oomycete	Fungi	OTU_92	OTU_92 (OTU_92)	Oomycete	OTU_1	Pythium (OTU_1)	-0.672072072072072	7.17015319020451e-06	7.89374663141781e-05	-0.0607464607464608	0.724882535010134	0.918991521821711	FALSE	NA	NA	NA
Bacteria vs Fungi	Bacteria	OTU_5	Dolo_23 (OTU_5)	Fungi	OTU_67	OTU_67 (OTU_67)	-0.207979407979408	0.223527902038095	0.316686520006746	-0.0604890604890605	0.726003302239152	0.918991521821711	FALSE	NA	NA	NA
Bacteria vs Oomycete	Bacteria	OTU_42	[Kouleothrixaceae] (OTU_42)	Oomycete	OTU_12	Pythium (OTU_12)	-0.534877734877735	0.000776900618658276	0.00353136644844671	-0.0604890604890605	0.726003302239152	0.918991521821711	FALSE	NA	NA	NA
Bacteria vs Oomycete	Bacteria	OTU_327	viridiflava (OTU_327)	Oomycete	OTU_6	Pythium (OTU_6)	-0.462805662805663	0.00448027597659543	0.0143368831251054	-0.05997425997426	0.728246516367515	0.920859662424677	FALSE	NA	NA	NA
Bacteria vs Oomycete	Bacteria	OTU_63	OTU_63 (OTU_63)	Oomycete	OTU_19	Pythium (OTU_19)	0.318661518661519	0.0581976186771056	0.112098141914168	-0.0592020592020592	0.731615504822616	0.923621349216348	TRUE	NA	NA	NA
Bacteria vs Fungi	Bacteria	OTU_83	OTU_83 (OTU_83)	Fungi	OTU_26	OTU_26 (OTU_26)	0.485199485199485	0.00270527710127369	0.0095480368280248	-0.058944658944659	0.732739603711636	0.923621349216348	TRUE	NA	NA	NA
Bacteria vs Oomycete	Bacteria	OTU_4	Janthinobacterium (OTU_4)	Oomycete	OTU_21	Pythium (OTU_21)	0.108108108108108	0.530265776817579	0.622012641428245	0.058944658944659	0.732739603711636	0.923621349216348	FALSE	NA	NA	NA
Bacteria vs Fungi	Bacteria	OTU_16	[Kouleothrixaceae] (OTU_16)	Fungi	OTU_45	solani (OTU_45)	-0.717631917631918	8.39553966998994e-07	1.48156582411587e-05	0.0584298584298584	0.734989442758311	0.923993948065799	TRUE	NA	NA	NA
Bacteria vs Fungi	Bacteria	OTU_23	[Kouleothrixaceae] (OTU_23)	Fungi	OTU_59	OTU_59 (OTU_59)	-0.869240669240669	6.14311646837257e-12	2.45724658734903e-09	-0.0581724581724582	0.736115178625753	0.923993948065799	FALSE	NA	NA	NA
Bacteria vs Oomycete	Bacteria	OTU_2	Kineosporiaceae (OTU_2)	Oomycete	OTU_5	Pythium (OTU_5)	0.453796653796654	0.00543804456955684	0.0167324448294057	-0.0581724581724582	0.736115178625753	0.923993948065799	TRUE	NA	NA	NA
Fungi vs Oomycete	Fungi	OTU_25	Tetracladium (OTU_25)	Oomycete	OTU_8	Pythium (OTU_8)	0.492406692406692	0.00228319790116831	0.00830253782243022	0.0581724581724582	0.736115178625752	0.923993948065799	FALSE	NA	NA	NA
Bacteria vs Fungi	Bacteria	OTU_48	mitochondria (OTU_48)	Fungi	OTU_86	AG_A (OTU_86)	0.418018018018018	0.0111822876983819	0.0301544836810298	0.0579150579150579	0.737241455857198	0.924440696999622	FALSE	NA	NA	NA
Fungi vs Oomycete	Fungi	OTU_26	OTU_26 (OTU_26)	Oomycete	OTU_15	Pythium (OTU_15)	0.369111969111969	0.0267325516149704	0.0605265319584235	-0.0576576576576577	0.738368272299678	0.924887188684356	TRUE	NA	NA	NA
Bacteria vs Oomycete	Bacteria	OTU_36	OTU_36 (OTU_36)	Oomycete	OTU_1	Pythium (OTU_1)	0.334362934362934	0.0462441767003156	0.0926427579972933	0.0571428571428571	0.740623514190241	0.925426676835429	FALSE	NA	NA	NA
Bacteria vs Fungi	Bacteria	OTU_48	mitochondria (OTU_48)	Fungi	OTU_16	elongata (OTU_16)	-0.104761904761905	0.543144343585236	0.635256542204955	0.0563706563706564	0.744010367105503	0.925426676835429	TRUE	NA	NA	NA
Bacteria vs Oomycete	Bacteria	OTU_23	[Kouleothrixaceae] (OTU_23)	Oomycete	OTU_15	Pythium (OTU_15)	-0.0898326898326898	0.602346225665658	0.686434445203029	0.0561132561132561	0.745140373427618	0.925426676835429	TRUE	NA	NA	NA
Bacteria vs Fungi	Bacteria	OTU_327	viridiflava (OTU_327)	Fungi	OTU_45	solani (OTU_45)	0.253796653796654	0.135275746150522	0.216730167397365	0.0558558558558559	0.74627090380313	0.925426676835429	FALSE	NA	NA	NA
Bacteria vs Fungi	Bacteria	OTU_19	OTU_19 (OTU_19)	Fungi	OTU_67	OTU_67 (OTU_67)	0.000257400257400257	0.998811236501137	0.998811236501137	-0.0558558558558559	0.746270903803129	0.925426676835429	TRUE	NA	NA	NA
Bacteria vs Oomycete	Bacteria	OTU_4	Janthinobacterium (OTU_4)	Oomycete	OTU_10	Pythium (OTU_10)	0.185842985842986	0.27783592079859	0.373351741274701	-0.0558558558558559	0.746270903803129	0.925426676835429	TRUE	NA	NA	NA
Bacteria vs Oomycete	Bacteria	OTU_42	[Kouleothrixaceae] (OTU_42)	Oomycete	OTU_7	Pythium (OTU_7)	0.506306306306306	0.0016289237359325	0.0063259174210971	0.0555984555984556	0.747401956054398	0.925426676835429	FALSE	NA	NA	NA
Bacteria vs Oomycete	Bacteria	OTU_4090	Pseudomonadaceae (OTU_4090)	Oomycete	OTU_25	OTU_25 (OTU_25)	0.387387387387387	0.0195816580758316	0.046902175031932	-0.0550836550836551	0.749665617458499	0.925426676835429	TRUE	NA	NA	NA
Bacteria vs Fungi	Bacteria	OTU_5	Dolo_23 (OTU_5)	Fungi	OTU_92	OTU_92 (OTU_92)	-0.25019305019305	0.141101418215186	0.223085246190018	-0.0548262548262548	0.750798222240946	0.925426676835429	FALSE	NA	NA	NA
Bacteria vs Oomycete	Bacteria	OTU_5	Dolo_23 (OTU_5)	Oomycete	OTU_5	Pythium (OTU_5)	-0.153153153153153	0.372518421598054	0.470549585176489	-0.0545688545688546	0.751931340158401	0.925426676835429	FALSE	NA	NA	NA
Fungi vs Oomycete	Fungi	OTU_37	Phoma (OTU_37)	Oomycete	OTU_8	Pythium (OTU_8)	0.512998712998713	0.00137744698942739	0.00549148301432848	0.0545688545688546	0.751931340158401	0.925426676835429	FALSE	NA	NA	NA
Bacteria vs Fungi	Bacteria	OTU_51	Enterobacteriaceae (OTU_51)	Fungi	OTU_47	agrostis (OTU_47)	0.136164736164736	0.42844588071774	0.524092820449835	-0.0543114543114543	0.753064969018191	0.925426676835429	TRUE	NA	NA	NA
Bacteria vs Oomycete	Bacteria	OTU_19	OTU_19 (OTU_19)	Oomycete	OTU_1	Pythium (OTU_1)	-0.153925353925354	0.370083729853693	0.467966781690656	0.0543114543114543	0.75306496901819	0.925426676835429	TRUE	NA	NA	NA
Fungi vs Oomycete	Fungi	OTU_26	OTU_26 (OTU_26)	Oomycete	OTU_2	Albugo (OTU_2)	0.395109395109395	0.017081808495917	0.0427045212397925	-0.0543114543114543	0.753064969018191	0.925426676835429	TRUE	NA	NA	NA
Bacteria vs Fungi	Bacteria	OTU_71	Polyangiaceae (OTU_71)	Fungi	OTU_5	OTU_5 (OTU_5)	0.203088803088803	0.234850081729848	0.328844921908772	0.0535392535392535	0.756468899280344	0.925426676835429	FALSE	NA	NA	NA
Fungi vs Oomycete	Fungi	OTU_30	Cadophora (OTU_30)	Oomycete	OTU_5	Pythium (OTU_5)	0.562162162162162	0.000359468452042788	0.00185931957953166	0.0535392535392535	0.756468899280344	0.925426676835429	FALSE	NA	NA	NA
Fungi vs Oomycete	Fungi	OTU_59	OTU_59 (OTU_59)	Oomycete	OTU_9	OTU_9 (OTU_9)	0.752638352638353	1.1940696618459e-07	2.98517415461475e-06	-0.0532818532818533	0.757604549923503	0.925426676835429	TRUE	NA	NA	NA
Bacteria vs Fungi	Bacteria	OTU_48	mitochondria (OTU_48)	Fungi	OTU_87	discosioides (OTU_87)	0.377863577863578	0.0230779237427974	0.0534623716049361	-0.053024453024453	0.758740700501311	0.925426676835429	TRUE	NA	NA	NA
Fungi vs Oomycete	Fungi	OTU_37	Phoma (OTU_37)	Oomycete	OTU_21	Pythium (OTU_21)	0.621879021879022	5.15084003789008e-05	0.000381543706510376	-0.053024453024453	0.758740700501311	0.925426676835429	TRUE	NA	NA	NA
Bacteria vs Fungi	Bacteria	OTU_327	viridiflava (OTU_327)	Fungi	OTU_25	Tetracladium (OTU_25)	0.146975546975547	0.392335100278876	0.490930261037176	0.0527670527670528	0.759877348803452	0.925426676835429	FALSE	NA	NA	NA
Bacteria vs Fungi	Bacteria	OTU_4	Janthinobacterium (OTU_4)	Fungi	OTU_49	caryae (OTU_49)	0.377091377091377	0.0233827495115614	0.0537534471530147	-0.0527670527670528	0.759877348803452	0.925426676835429	TRUE	NA	NA	NA
Bacteria vs Fungi	Bacteria	OTU_5	Dolo_23 (OTU_5)	Fungi	OTU_16	elongata (OTU_16)	0.358815958815959	0.0316299202114743	0.0695163081570864	-0.0525096525096525	0.76101449261671	0.925426676835429	TRUE	NA	NA	NA
Fungi vs Oomycete	Fungi	OTU_64	OTU_64 (OTU_64)	Oomycete	OTU_2	Albugo (OTU_2)	-0.427799227799228	0.00925032842212537	0.0262420664457457	-0.0522522522522523	0.762152129724987	0.925426676835429	FALSE	NA	NA	NA
Fungi vs Oomycete	Fungi	OTU_59	OTU_59 (OTU_59)	Oomycete	OTU_12	Pythium (OTU_12)	0.557014157014157	0.000417854816075116	0.00210683100542075	0.0522522522522523	0.762152129724987	0.925426676835429	FALSE	NA	NA	NA
Fungi vs Oomycete	Fungi	OTU_49	caryae (OTU_49)	Oomycete	OTU_33	Hyaloperonospora (OTU_33)	0.354697554697555	0.0337841359562542	0.0733109641003707	-0.0522522522522523	0.762152129724987	0.925426676835429	TRUE	NA	NA	NA
Bacteria vs Fungi	Bacteria	OTU_48	mitochondria (OTU_48)	Fungi	OTU_18	OTU_18 (OTU_18)	-0.0123552123552124	0.942985755375421	0.962230362627981	-0.051994851994852	0.763290257909308	0.925426676835429	FALSE	NA	NA	NA
Fungi vs Oomycete	Fungi	OTU_64	OTU_64 (OTU_64)	Oomycete	OTU_1	Pythium (OTU_1)	-0.370656370656371	0.0260550338733514	0.0591040465936137	-0.051994851994852	0.763290257909308	0.925426676835429	FALSE	NA	NA	NA
Fungi vs Oomycete	Fungi	OTU_25	Tetracladium (OTU_25)	Oomycete	OTU_2	Albugo (OTU_2)	-0.657142857142857	1.33874630170221e-05	0.000129556093713117	0.0517374517374517	0.76442887494784	0.925426676835429	TRUE	NA	NA	NA
Fungi vs Oomycete	Fungi	OTU_45	solani (OTU_45)	Oomycete	OTU_23	Apodachlya (OTU_23)	0.685199485199485	4.01901562942667e-06	4.72825368167843e-05	0.0517374517374517	0.76442887494784	0.925426676835429	FALSE	NA	NA	NA
Fungi vs Oomycete	Fungi	OTU_5	OTU_5 (OTU_5)	Oomycete	OTU_25	OTU_25 (OTU_25)	-0.100643500643501	0.559196213239998	0.648970460239843	-0.0514800514800515	0.765567978615899	0.925426676835429	FALSE	NA	NA	NA
Bacteria vs Fungi	Bacteria	OTU_48	mitochondria (OTU_48)	Fungi	OTU_1	Coprinopsis (OTU_1)	0.387644787644788	0.0194936709318441	0.0467848102364258	0.0512226512226512	0.766707566685964	0.925426676835429	FALSE	NA	NA	NA
Bacteria vs Oomycete	Bacteria	OTU_153	Polyangiaceae (OTU_153)	Oomycete	OTU_8	Pythium (OTU_8)	-0.135649935649936	0.430210199678178	0.524113948846511	0.0512226512226512	0.766707566685964	0.925426676835429	TRUE	NA	NA	NA
Fungi vs Oomycete	Fungi	OTU_37	Phoma (OTU_37)	Oomycete	OTU_7	Pythium (OTU_7)	-0.662805662805663	1.06073849672777e-05	0.000106965226560784	0.0512226512226512	0.766707566685964	0.925426676835429	TRUE	NA	NA	NA
Bacteria vs Fungi	Bacteria	OTU_4	Janthinobacterium (OTU_4)	Fungi	OTU_92	OTU_92 (OTU_92)	0.2	0.242197384388751	0.335608384834298	-0.050965250965251	0.767847636927692	0.925426676835429	TRUE	NA	NA	NA
Bacteria vs Oomycete	Bacteria	OTU_19	OTU_19 (OTU_19)	Oomycete	OTU_5	Pythium (OTU_5)	0.235778635778636	0.16625033845231	0.251576804719763	-0.0507078507078507	0.768988187107925	0.925426676835429	TRUE	NA	NA	NA
Fungi vs Oomycete	Fungi	OTU_16	elongata (OTU_16)	Oomycete	OTU_7	Pythium (OTU_7)	0.365250965250965	0.0284901076222409	0.0636650449659014	-0.0507078507078507	0.768988187107925	0.925426676835429	TRUE	NA	NA	NA
Bacteria vs Fungi	Bacteria	OTU_83	OTU_83 (OTU_83)	Fungi	OTU_25	Tetracladium (OTU_25)	-0.619047619047619	5.69900316745604e-05	0.000414472957633167	0.0504504504504505	0.770129214990708	0.925426676835429	TRUE	NA	NA	NA
Bacteria vs Fungi	Bacteria	OTU_16	[Kouleothrixaceae] (OTU_16)	Fungi	OTU_92	OTU_92 (OTU_92)	-0.786100386100386	1.33758243143148e-08	6.97869094659905e-07	-0.0501930501930502	0.771270718337298	0.925426676835429	FALSE	NA	NA	NA
Fungi vs Oomycete	Fungi	OTU_44	hispanica (OTU_44)	Oomycete	OTU_12	Pythium (OTU_12)	0.273873873873874	0.106024136651054	0.178692365142226	0.0501930501930502	0.771270718337298	0.925426676835429	FALSE	NA	NA	NA
Fungi vs Oomycete	Fungi	OTU_30	Cadophora (OTU_30)	Oomycete	OTU_21	Pythium (OTU_21)	-0.211840411840412	0.214856991489504	0.30693855927072	0.0501930501930502	0.771270718337298	0.925426676835429	TRUE	NA	NA	NA
Bacteria vs Oomycete	Bacteria	OTU_71	Polyangiaceae (OTU_71)	Oomycete	OTU_10	Pythium (OTU_10)	0.140797940797941	0.41274902856769	0.510617354929102	-0.0499356499356499	0.772412694906176	0.925426676835429	TRUE	NA	NA	NA
Bacteria vs Oomycete	Bacteria	OTU_42	[Kouleothrixaceae] (OTU_42)	Oomycete	OTU_4	Pythium (OTU_4)	0.596911196911197	0.000121622239754759	0.000780463570618777	-0.0496782496782497	0.773555142453064	0.925426676835429	TRUE	NA	NA	NA
Bacteria vs Oomycete	Bacteria	OTU_153	Polyangiaceae (OTU_153)	Oomycete	OTU_6	Pythium (OTU_6)	-0.569369369369369	0.000289958404628509	0.00154644482468538	0.0496782496782497	0.773555142453064	0.925426676835429	TRUE	NA	NA	NA
Bacteria vs Fungi	Bacteria	OTU_153	Polyangiaceae (OTU_153)	Fungi	OTU_44	hispanica (OTU_44)	0.331274131274131	0.0484245648717369	0.0966879831049656	-0.0494208494208494	0.77469805873093	0.925426676835429	TRUE	NA	NA	NA
Fungi vs Oomycete	Fungi	OTU_5	OTU_5 (OTU_5)	Oomycete	OTU_7	Pythium (OTU_7)	0.0970398970398971	0.57341942949438	0.661637803262746	0.0494208494208494	0.77469805873093	0.925426676835429	FALSE	NA	NA	NA
Bacteria vs Fungi	Bacteria	OTU_4090	Pseudomonadaceae (OTU_4090)	Fungi	OTU_25	Tetracladium (OTU_25)	0.267953667953668	0.114099708509909	0.188854689947436	0.0491634491634492	0.775841441490009	0.925426676835429	FALSE	NA	NA	NA
Bacteria vs Oomycete	Bacteria	OTU_48	mitochondria (OTU_48)	Oomycete	OTU_11	Pythium (OTU_11)	0.549292149292149	0.000521319593370494	0.00254302240668534	-0.0489060489060489	0.776985288477808	0.925426676835429	TRUE	NA	NA	NA
Fungi vs Oomycete	Fungi	OTU_67	OTU_67 (OTU_67)	Oomycete	OTU_8	Pythium (OTU_8)	0.491119691119691	0.0023540466999111	0.00850860252979914	-0.0489060489060489	0.776985288477808	0.925426676835429	TRUE	NA	NA	NA
Fungi vs Oomycete	Fungi	OTU_16	elongata (OTU_16)	Oomycete	OTU_8	Pythium (OTU_8)	-0.260746460746461	0.124544764492948	0.202511812183655	-0.0489060489060489	0.776985288477808	0.925426676835429	FALSE	NA	NA	NA
Bacteria vs Oomycete	Bacteria	OTU_51	Enterobacteriaceae (OTU_51)	Oomycete	OTU_3	Hyaloperonospora (OTU_3)	0.00797940797940798	0.963160828963999	0.977001686184952	-0.0486486486486487	0.778129597439123	0.925426676835429	TRUE	NA	NA	NA
Fungi vs Oomycete	Fungi	OTU_15	chrysanthemicola (OTU_15)	Oomycete	OTU_3	Hyaloperonospora (OTU_3)	0.574259974259974	0.000249903248877835	0.0013569407178887	-0.0486486486486487	0.778129597439123	0.925426676835429	TRUE	NA	NA	NA
Bacteria vs Fungi	Bacteria	OTU_36	OTU_36 (OTU_36)	Fungi	OTU_15	chrysanthemicola (OTU_15)	0.371685971685972	0.0256112779259154	0.0583179004005665	-0.0483912483912484	0.779274366116052	0.92587053399927	TRUE	NA	NA	NA
Fungi vs Oomycete	Fungi	OTU_26	OTU_26 (OTU_26)	Oomycete	OTU_10	Pythium (OTU_10)	0.187644787644788	0.273120252433839	0.368666257503495	0.0481338481338481	0.780419592248003	0.926314056080716	FALSE	NA	NA	NA
Bacteria vs Oomycete	Bacteria	OTU_42	[Kouleothrixaceae] (OTU_42)	Oomycete	OTU_2	Albugo (OTU_2)	0.717117117117117	8.62114879167987e-07	1.49933022463998e-05	-0.0476190476190476	0.782711407821254	0.927200088238406	TRUE	NA	NA	NA
Fungi vs Oomycete	Fungi	OTU_67	OTU_67 (OTU_67)	Oomycete	OTU_24	Pythium (OTU_24)	-0.662805662805663	1.06073849672777e-05	0.000106965226560784	-0.0476190476190476	0.782711407821254	0.927200088238406	FALSE	NA	NA	NA
Bacteria vs Fungi	Bacteria	OTU_71	Polyangiaceae (OTU_71)	Fungi	OTU_1	Coprinopsis (OTU_1)	0.28030888030888	0.0977454682164356	0.169012336973664	0.0468468468468469	0.786152505425954	0.930357994586928	FALSE	NA	NA	NA
Fungi vs Oomycete	Fungi	OTU_30	Cadophora (OTU_30)	Oomycete	OTU_7	Pythium (OTU_7)	0.150836550836551	0.379879164238479	0.478336828002282	0.0455598455598456	0.791896514368145	0.935748227198386	FALSE	NA	NA	NA
Bacteria vs Fungi	Bacteria	OTU_23	[Kouleothrixaceae] (OTU_23)	Fungi	OTU_47	agrostis (OTU_47)	0.2	0.242197384388751	0.335608384834298	-0.0453024453024453	0.793046622550632	0.935748227198386	TRUE	NA	NA	NA
Fungi vs Oomycete	Fungi	OTU_44	hispanica (OTU_44)	Oomycete	OTU_7	Pythium (OTU_7)	-0.377091377091377	0.0233827495115614	0.0537534471530147	0.0453024453024453	0.793046622550632	0.935748227198386	TRUE	NA	NA	NA
Fungi vs Oomycete	Fungi	OTU_44	hispanica (OTU_44)	Oomycete	OTU_4	Pythium (OTU_4)	-0.131274131274131	0.445368571673042	0.539295949553633	-0.0447876447876448	0.7953481269902	0.937541996452102	FALSE	NA	NA	NA
Bacteria vs Oomycete	Bacteria	OTU_4	Janthinobacterium (OTU_4)	Oomycete	OTU_20	OTU_20 (OTU_20)	0.325868725868726	0.0524380386110163	0.103156797267573	0.0445302445302445	0.796499518656049	0.937977843363355	FALSE	NA	NA	NA
Bacteria vs Oomycete	Bacteria	OTU_180	Serratia (OTU_180)	Oomycete	OTU_5	Pythium (OTU_5)	0.362419562419562	0.0298384853010645	0.0665542423072071	-0.0437580437580438	0.79995622383809	0.939283237383277	TRUE	NA	NA	NA
Bacteria vs Oomycete	Bacteria	OTU_16	[Kouleothrixaceae] (OTU_16)	Oomycete	OTU_6	Pythium (OTU_6)	-0.134362934362934	0.434638574704894	0.527367330278941	0.0437580437580438	0.799956223838091	0.939283237383277	TRUE	NA	NA	NA
Fungi vs Oomycete	Fungi	OTU_5	OTU_5 (OTU_5)	Oomycete	OTU_24	Pythium (OTU_24)	0.0018018018018018	0.991678796646334	0.994164207164244	-0.0437580437580438	0.79995622383809	0.939283237383277	TRUE	NA	NA	NA
Bacteria vs Oomycete	Bacteria	OTU_36	OTU_36 (OTU_36)	Oomycete	OTU_7	Pythium (OTU_7)	0.361389961389961	0.0303416080634077	0.0673011639114403	-0.0432432432432432	0.802262779397289	0.941018692103496	TRUE	NA	NA	NA
Fungi vs Oomycete	Fungi	OTU_16	elongata (OTU_16)	Oomycete	OTU_19	Pythium (OTU_19)	0.421106821106821	0.0105383061924665	0.0288720717601823	-0.042985842985843	0.803416675880616	0.941018692103496	TRUE	NA	NA	NA
Bacteria vs Fungi	Bacteria	OTU_16	[Kouleothrixaceae] (OTU_16)	Fungi	OTU_87	discosioides (OTU_87)	0.345945945945946	0.0387604245084869	0.0817443047630655	0.0427284427284427	0.804570981748489	0.941018692103496	FALSE	NA	NA	NA
Bacteria vs Oomycete	Bacteria	OTU_51	Enterobacteriaceae (OTU_51)	Oomycete	OTU_19	Pythium (OTU_19)	-0.338996138996139	0.0431222767146182	0.088499758063622	-0.0427284427284427	0.804570981748489	0.941018692103496	FALSE	NA	NA	NA
Bacteria vs Oomycete	Bacteria	OTU_327	viridiflava (OTU_327)	Oomycete	OTU_5	Pythium (OTU_5)	0.230630630630631	0.175968216090599	0.26198741849717	0.0416988416988417	0.809192252700405	0.945502145316929	FALSE	NA	NA	NA
Bacteria vs Fungi	Bacteria	OTU_24	Agrobacterium (OTU_24)	Fungi	OTU_45	solani (OTU_45)	0.288030888030888	0.088472955595847	0.157285254392617	0.0411840411840412	0.811505284142691	0.946791134806017	FALSE	NA	NA	NA
Bacteria vs Fungi	Bacteria	OTU_23	[Kouleothrixaceae] (OTU_23)	Fungi	OTU_49	caryae (OTU_49)	0.359330759330759	0.0313687366795074	0.0690687780099245	-0.0409266409266409	0.812662390708498	0.946791134806017	TRUE	NA	NA	NA
Fungi vs Oomycete	Fungi	OTU_59	OTU_59 (OTU_59)	Oomycete	OTU_7	Pythium (OTU_7)	-0.661003861003861	1.14288546651175e-05	0.000114288546651175	0.0409266409266409	0.812662390708498	0.946791134806017	TRUE	NA	NA	NA
Fungi vs Oomycete	Fungi	OTU_44	hispanica (OTU_44)	Oomycete	OTU_10	Pythium (OTU_10)	-0.271557271557272	0.109130935998261	0.181884893330436	0.0404118404118404	0.814977773864867	0.948567729037672	TRUE	NA	NA	NA
Bacteria vs Fungi	Bacteria	OTU_71	Polyangiaceae (OTU_71)	Fungi	OTU_18	OTU_18 (OTU_18)	-0.00386100386100386	0.982169958826714	0.987105486258004	-0.0398970398970399	0.81729470147474	0.949849599921365	FALSE	NA	NA	NA
Bacteria vs Fungi	Bacteria	OTU_180	Serratia (OTU_180)	Fungi	OTU_64	OTU_64 (OTU_64)	0.0314028314028314	0.855730194932906	0.894491492961226	0.0396396396396397	0.81845373859891	0.949849599921365	FALSE	NA	NA	NA
Bacteria vs Oomycete	Bacteria	OTU_63	OTU_63 (OTU_63)	Oomycete	OTU_7	Pythium (OTU_7)	0.343371943371943	0.0403321663287572	0.0844652697984443	-0.0396396396396397	0.81845373859891	0.949849599921365	TRUE	NA	NA	NA
Bacteria vs Fungi	Bacteria	OTU_5	Dolo_23 (OTU_5)	Fungi	OTU_1	Coprinopsis (OTU_1)	-0.0666666666666667	0.699264450622968	0.773891431351547	0.0393822393822394	0.819613154810955	0.950276121519948	TRUE	NA	NA	NA
Bacteria vs Fungi	Bacteria	OTU_153	Polyangiaceae (OTU_153)	Fungi	OTU_59	OTU_59 (OTU_59)	0.141312741312741	0.411025272466568	0.510062385687572	0.0388674388674389	0.821933115110444	0.951128002056445	FALSE	NA	NA	NA
Fungi vs Oomycete	Fungi	OTU_44	hispanica (OTU_44)	Oomycete	OTU_2	Albugo (OTU_2)	-0.541570141570142	0.000646975021188609	0.0030326954118216	-0.0388674388674389	0.821933115110444	0.951128002056445	FALSE	NA	NA	NA
Bacteria vs Fungi	Bacteria	OTU_83	OTU_83 (OTU_83)	Fungi	OTU_1	Coprinopsis (OTU_1)	0.0216216216216216	0.900392279654939	0.929837121846753	0.0373230373230373	0.828901849628296	0.955716408435303	FALSE	NA	NA	NA
Bacteria vs Oomycete	Bacteria	OTU_36	OTU_36 (OTU_36)	Oomycete	OTU_12	Pythium (OTU_12)	-0.343629343629344	0.0401727067243574	0.0842784057154352	0.0373230373230373	0.828901849628296	0.955716408435303	TRUE	NA	NA	NA
Fungi vs Oomycete	Fungi	OTU_5	OTU_5 (OTU_5)	Oomycete	OTU_15	Pythium (OTU_15)	0.185328185328185	0.279192919452019	0.374755596579891	0.0373230373230373	0.828901849628296	0.955716408435303	FALSE	NA	NA	NA
Fungi vs Oomycete	Fungi	OTU_32	OTU_32 (OTU_32)	Oomycete	OTU_8	Pythium (OTU_8)	-0.407464607464607	0.0136401295039693	0.035660469291423	0.0370656370656371	0.830064571775362	0.955716408435303	TRUE	NA	NA	NA
Fungi vs Oomycete	Fungi	OTU_32	OTU_32 (OTU_32)	Oomycete	OTU_5	Pythium (OTU_5)	0.0996138996138996	0.563243253296394	0.652405312698526	-0.0368082368082368	0.831227649447116	0.955716408435303	TRUE	NA	NA	NA
Bacteria vs Fungi	Bacteria	OTU_327	viridiflava (OTU_327)	Fungi	OTU_18	OTU_18 (OTU_18)	0.0342342342342342	0.842877458027765	0.887688998836793	0.0365508365508366	0.832391080275492	0.955716408435303	FALSE	NA	NA	NA
Fungi vs Oomycete	Fungi	OTU_44	hispanica (OTU_44)	Oomycete	OTU_3	Hyaloperonospora (OTU_3)	-0.513770913770914	0.00135075494020959	0.00542109006104185	-0.0362934362934363	0.833554861890337	0.955716408435303	FALSE	NA	NA	NA
Bacteria vs Fungi	Bacteria	OTU_23	[Kouleothrixaceae] (OTU_23)	Fungi	OTU_5	OTU_5 (OTU_5)	0.318918918918919	0.0579836248731778	0.11186551422478	0.036036036036036	0.834718991919436	0.955716408435303	FALSE	NA	NA	NA
Bacteria vs Fungi	Bacteria	OTU_23	[Kouleothrixaceae] (OTU_23)	Fungi	OTU_67	OTU_67 (OTU_67)	-0.836808236808237	2.04319310806013e-10	3.50261675667451e-08	-0.0357786357786358	0.835883467988512	0.955716408435303	FALSE	NA	NA	NA
Bacteria vs Oomycete	Bacteria	OTU_4	Janthinobacterium (OTU_4)	Oomycete	OTU_12	Pythium (OTU_12)	-0.205405405405405	0.229439542744131	0.323534020320749	0.0357786357786358	0.835883467988512	0.955716408435303	TRUE	NA	NA	NA
Fungi vs Oomycete	Fungi	OTU_86	AG_A (OTU_86)	Oomycete	OTU_5	Pythium (OTU_5)	0.305019305019305	0.070465243181457	0.131098126849222	-0.0357786357786358	0.835883467988512	0.955716408435303	TRUE	NA	NA	NA
Bacteria vs Oomycete	Bacteria	OTU_16	[Kouleothrixaceae] (OTU_16)	Oomycete	OTU_3	Hyaloperonospora (OTU_3)	0.392020592020592	0.0180476150046717	0.0443793811590287	0.0355212355212355	0.837048287721253	0.955716408435303	FALSE	NA	NA	NA
Fungi vs Oomycete	Fungi	OTU_45	solani (OTU_45)	Oomycete	OTU_3	Hyaloperonospora (OTU_3)	-0.62985842985843	3.85270901695854e-05	0.000303074665031308	-0.0355212355212355	0.837048287721253	0.955716408435303	FALSE	NA	NA	NA
Fungi vs Oomycete	Fungi	OTU_18	OTU_18 (OTU_18)	Oomycete	OTU_33	Hyaloperonospora (OTU_33)	0.651994851994852	1.64738030949916e-05	0.000149761846318105	0.0355212355212355	0.837048287721253	0.955716408435303	FALSE	NA	NA	NA
Bacteria vs Fungi	Bacteria	OTU_5	Dolo_23 (OTU_5)	Fungi	OTU_32	OTU_32 (OTU_32)	-0.400514800514801	0.0154958153407297	0.0396481415967498	0.035006435006435	0.839378948662345	0.957396347706424	TRUE	NA	NA	NA
Bacteria vs Fungi	Bacteria	OTU_327	viridiflava (OTU_327)	Fungi	OTU_16	elongata (OTU_16)	-0.233719433719434	0.170090140645397	0.255454529129508	-0.0347490347490348	0.840544785107986	0.957396347706424	FALSE	NA	NA	NA
Fungi vs Oomycete	Fungi	OTU_18	OTU_18 (OTU_18)	Oomycete	OTU_9	OTU_9 (OTU_9)	-0.476962676962677	0.00326957642010978	0.0111462832503742	0.0344916344916345	0.841710955691897	0.957396347706424	TRUE	NA	NA	NA
Fungi vs Oomycete	Fungi	OTU_5	OTU_5 (OTU_5)	Oomycete	OTU_10	Pythium (OTU_10)	0.291119691119691	0.0849595881295556	0.152166426500697	-0.0344916344916345	0.841710955691898	0.957396347706424	TRUE	NA	NA	NA
Fungi vs Oomycete	Fungi	OTU_18	OTU_18 (OTU_18)	Oomycete	OTU_15	Pythium (OTU_15)	0.242985842985843	0.15330159554718	0.237984365661858	0.0342342342342342	0.842877458027765	0.95781529321337	FALSE	NA	NA	NA
Fungi vs Oomycete	Fungi	OTU_45	solani (OTU_45)	Oomycete	OTU_12	Pythium (OTU_12)	0.577091377091377	0.00022904774245514	0.00128437986423443	0.033976833976834	0.844044289727317	0.958233819936406	FALSE	NA	NA	NA
Bacteria vs Oomycete	Bacteria	OTU_4090	Pseudomonadaceae (OTU_4090)	Oomycete	OTU_20	OTU_20 (OTU_20)	0.33951093951094	0.0427861612562885	0.0880675703388441	-0.0337194337194337	0.845211448400336	0.958651926351988	TRUE	NA	NA	NA
Bacteria vs Oomycete	Bacteria	OTU_4090	Pseudomonadaceae (OTU_4090)	Oomycete	OTU_33	Hyaloperonospora (OTU_33)	-0.0308880308880309	0.858071088545242	0.896157794825318	0.0334620334620335	0.846378931654675	0.959069610940142	TRUE	NA	NA	NA
Fungi vs Oomycete	Fungi	OTU_5	OTU_5 (OTU_5)	Oomycete	OTU_12	Pythium (OTU_12)	-0.335907335907336	0.0451839739130182	0.091127342345583	0.0332046332046332	0.847546737096268	0.959486872184454	TRUE	NA	NA	NA
Bacteria vs Fungi	Bacteria	OTU_16	[Kouleothrixaceae] (OTU_16)	Fungi	OTU_16	elongata (OTU_16)	0.752895752895753	1.17568787381015e-07	2.98517415461475e-06	0.0326898326898327	0.849883304955454	0.959833153280591	FALSE	NA	NA	NA
Fungi vs Oomycete	Fungi	OTU_16	elongata (OTU_16)	Oomycete	OTU_4	Pythium (OTU_4)	0.441441441441441	0.00703518995386822	0.0208450072707206	-0.0326898326898327	0.849883304955455	0.959833153280591	TRUE	NA	NA	NA
Bacteria vs Fungi	Bacteria	OTU_4090	Pseudomonadaceae (OTU_4090)	Fungi	OTU_5	OTU_5 (OTU_5)	0.0911196911196911	0.597134889923301	0.684280940830613	-0.0324324324324324	0.851052062575457	0.959833153280591	TRUE	NA	NA	NA
Bacteria vs Oomycete	Bacteria	OTU_5	Dolo_23 (OTU_5)	Oomycete	OTU_9	OTU_9 (OTU_9)	-0.317889317889318	0.0588433613894391	0.113160310364306	-0.0324324324324324	0.851052062575457	0.959833153280591	FALSE	NA	NA	NA
Bacteria vs Fungi	Bacteria	OTU_19	OTU_19 (OTU_19)	Fungi	OTU_45	solani (OTU_45)	0.0607464607464608	0.724882535010134	0.792221349737851	0.0319176319176319	0.853390513188325	0.960664742801116	FALSE	NA	NA	NA
Fungi vs Oomycete	Fungi	OTU_49	caryae (OTU_49)	Oomycete	OTU_19	Pythium (OTU_19)	0.16962676962677	0.322646779574735	0.418568795123981	0.0319176319176319	0.853390513188325	0.960664742801116	FALSE	NA	NA	NA
Bacteria vs Oomycete	Bacteria	OTU_24	Agrobacterium (OTU_24)	Oomycete	OTU_12	Pythium (OTU_12)	-0.171428571428571	0.317457215740851	0.413176419619329	0.0316602316602317	0.854560201372471	0.961079889078693	TRUE	NA	NA	NA
Bacteria vs Fungi	Bacteria	OTU_180	Serratia (OTU_180)	Fungi	OTU_25	Tetracladium (OTU_25)	-0.0018018018018018	0.991678796646334	0.994164207164244	-0.0311454311454312	0.856900491460727	0.962251453568732	FALSE	NA	NA	NA
Bacteria vs Oomycete	Bacteria	OTU_4090	Pseudomonadaceae (OTU_4090)	Oomycete	OTU_12	Pythium (OTU_12)	-0.14002574002574	0.415342318110176	0.512768293963181	-0.0308880308880309	0.858071088545242	0.962251453568732	FALSE	NA	NA	NA
Fungi vs Oomycete	Fungi	OTU_37	Phoma (OTU_37)	Oomycete	OTU_25	OTU_25 (OTU_25)	0.77992277992278	2.06103792021485e-08	9.89298201703127e-07	0.0306306306306306	0.85924198377398	0.962251453568732	FALSE	NA	NA	NA
Fungi vs Oomycete	Fungi	OTU_18	OTU_18 (OTU_18)	Oomycete	OTU_19	Pythium (OTU_19)	0.251994851994852	0.138165987038149	0.220477638890663	0.0306306306306306	0.85924198377398	0.962251453568732	FALSE	NA	NA	NA
Bacteria vs Fungi	Bacteria	OTU_2	Kineosporiaceae (OTU_2)	Fungi	OTU_49	caryae (OTU_49)	0.361132561132561	0.0304684700887986	0.0674578673552737	-0.0303732303732304	0.860413174732707	0.962251453568732	TRUE	NA	NA	NA
Bacteria vs Oomycete	Bacteria	OTU_24	Agrobacterium (OTU_24)	Oomycete	OTU_11	Pythium (OTU_11)	0.521235521235521	0.00111529469499012	0.00469597766311629	0.0303732303732304	0.860413174732708	0.962251453568732	FALSE	NA	NA	NA
Fungi vs Oomycete	Fungi	OTU_16	elongata (OTU_16)	Oomycete	OTU_1	Pythium (OTU_1)	0.442471042471043	0.00688826831100052	0.0205619949582105	-0.0298584298584299	0.86275643417446	0.96252608984034	TRUE	NA	NA	NA
Fungi vs Oomycete	Fungi	OTU_44	hispanica (OTU_44)	Oomycete	OTU_24	Pythium (OTU_24)	-0.326383526383526	0.0520447229343131	0.102719847896671	0.0296010296010296	0.863928497820325	0.96252608984034	TRUE	NA	NA	NA
Fungi vs Oomycete	Fungi	OTU_32	OTU_32 (OTU_32)	Oomycete	OTU_25	OTU_25 (OTU_25)	-0.383011583011583	0.0211288502781012	0.0501079453235603	0.0296010296010296	0.863928497820325	0.96252608984034	TRUE	NA	NA	NA
Fungi vs Oomycete	Fungi	OTU_15	chrysanthemicola (OTU_15)	Oomycete	OTU_10	Pythium (OTU_10)	0.5003861003861	0.00188412167373089	0.00715489243188946	0.0296010296010296	0.863928497820325	0.96252608984034	FALSE	NA	NA	NA
Bacteria vs Oomycete	Bacteria	OTU_63	OTU_63 (OTU_63)	Oomycete	OTU_2	Albugo (OTU_2)	0.457400257400257	0.00503563927925442	0.0158187621337835	-0.0293436293436293	0.865100847521888	0.96252608984034	TRUE	NA	NA	NA
Bacteria vs Fungi	Bacteria	OTU_4	Janthinobacterium (OTU_4)	Fungi	OTU_18	OTU_18 (OTU_18)	-0.0283140283140283	0.869793058403182	0.906821607370824	0.0290862290862291	0.866273480856306	0.96252608984034	TRUE	NA	NA	NA
Bacteria vs Oomycete	Bacteria	OTU_23	[Kouleothrixaceae] (OTU_23)	Oomycete	OTU_23	Apodachlya (OTU_23)	-0.775546975546976	2.77655014922467e-08	1.14891730312745e-06	0.0290862290862291	0.866273480856306	0.96252608984034	TRUE	NA	NA	NA
Fungi vs Oomycete	Fungi	OTU_5	OTU_5 (OTU_5)	Oomycete	OTU_1	Pythium (OTU_1)	0.033976833976834	0.844044289727317	0.887688998836793	0.0288288288288288	0.86744639539906	0.962937719221898	FALSE	NA	NA	NA
Bacteria vs Oomycete	Bacteria	OTU_63	OTU_63 (OTU_63)	Oomycete	OTU_21	Pythium (OTU_21)	-0.496267696267696	0.00208171410028535	0.00775794074640503	-0.0283140283140283	0.869793058403182	0.964169891520931	FALSE	NA	NA	NA
Bacteria vs Oomycete	Bacteria	OTU_153	Polyangiaceae (OTU_153)	Oomycete	OTU_21	Pythium (OTU_21)	0.0365508365508366	0.832391080275492	0.883173559973997	-0.0280566280566281	0.870966802007241	0.964169891520931	TRUE	NA	NA	NA
Fungi vs Oomycete	Fungi	OTU_67	OTU_67 (OTU_67)	Oomycete	OTU_21	Pythium (OTU_21)	0.721235521235521	6.96188604349036e-07	1.3440568707334e-05	-0.0280566280566281	0.870966802007241	0.964169891520931	TRUE	NA	NA	NA
Bacteria vs Fungi	Bacteria	OTU_4	Janthinobacterium (OTU_4)	Fungi	OTU_44	hispanica (OTU_44)	0.437837837837838	0.00757076527708193	0.0221044241666626	0.0277992277992278	0.872140817105045	0.964579705553967	FALSE	NA	NA	NA
Bacteria vs Fungi	Bacteria	OTU_83	OTU_83 (OTU_83)	Fungi	OTU_86	AG_A (OTU_86)	-0.0157014157014157	0.927580641106902	0.94974127075792	-0.0275418275418275	0.873315101263891	0.964989062170045	FALSE	NA	NA	NA
Bacteria vs Oomycete	Bacteria	OTU_4	Janthinobacterium (OTU_4)	Oomycete	OTU_9	OTU_9 (OTU_9)	0.0906048906048906	0.599217073950895	0.684819513086737	-0.0272844272844273	0.874489652049481	0.965327938079799	TRUE	NA	NA	NA
Bacteria vs Fungi	Bacteria	OTU_24	Agrobacterium (OTU_24)	Fungi	OTU_16	elongata (OTU_16)	-0.111711711711712	0.516564345159549	0.609515451515692	0.027027027027027	0.875664467025937	0.965327938079799	TRUE	NA	NA	NA
Bacteria vs Fungi	Bacteria	OTU_48	mitochondria (OTU_48)	Fungi	OTU_15	chrysanthemicola (OTU_15)	0.41003861003861	0.0130021759224531	0.0342914529822938	0.0267696267696268	0.876839543755817	0.965327938079799	FALSE	NA	NA	NA
Bacteria vs Oomycete	Bacteria	OTU_23	[Kouleothrixaceae] (OTU_23)	Oomycete	OTU_7	Pythium (OTU_7)	0.478764478764479	0.00313808233857963	0.0108209735813091	-0.0267696267696268	0.876839543755817	0.965327938079799	TRUE	NA	NA	NA
Fungi vs Oomycete	Fungi	OTU_59	OTU_59 (OTU_59)	Oomycete	OTU_23	Apodachlya (OTU_23)	0.803346203346204	3.69813563642135e-09	2.77360172731601e-07	0.0265122265122265	0.878014879800125	0.965735889789322	FALSE	NA	NA	NA
Bacteria vs Oomycete	Bacteria	OTU_71	Polyangiaceae (OTU_71)	Oomycete	OTU_9	OTU_9 (OTU_9)	0.22985842985843	0.177460064653024	0.263881137030519	0.0262548262548263	0.879190472718332	0.966143376613552	FALSE	NA	NA	NA
Bacteria vs Fungi	Bacteria	OTU_71	Polyangiaceae (OTU_71)	Fungi	OTU_86	AG_A (OTU_86)	0.345173745173745	0.0392266385845859	0.0825823970201809	0.025997425997426	0.880366320068381	0.966550397147354	FALSE	NA	NA	NA
Bacteria vs Fungi	Bacteria	OTU_83	OTU_83 (OTU_83)	Fungi	OTU_67	OTU_67 (OTU_67)	-0.69034749034749	3.17679995611721e-06	3.81215994734065e-05	0.0257400257400257	0.881542419406712	0.966956949989081	TRUE	NA	NA	NA
Bacteria vs Fungi	Bacteria	OTU_51	Enterobacteriaceae (OTU_51)	Fungi	OTU_25	Tetracladium (OTU_25)	0.062033462033462	0.719287181962332	0.787540710177735	-0.0252252252252252	0.883895364266509	0.968652453990695	TRUE	NA	NA	NA
Bacteria vs Oomycete	Bacteria	OTU_23	[Kouleothrixaceae] (OTU_23)	Oomycete	OTU_24	Pythium (OTU_24)	0.394079794079794	0.0173988143271474	0.0432268678935342	-0.0247104247104247	0.886249287719598	0.969461390395185	TRUE	NA	NA	NA
Bacteria vs Oomycete	Bacteria	OTU_19	OTU_19 (OTU_19)	Oomycete	OTU_15	Pythium (OTU_15)	0.355212355212355	0.0335084817586054	0.0728445255621856	-0.0247104247104247	0.886249287719598	0.969461390395185	TRUE	NA	NA	NA
Bacteria vs Oomycete	Bacteria	OTU_16	[Kouleothrixaceae] (OTU_16)	Oomycete	OTU_1	Pythium (OTU_1)	0.720978120978121	7.05629857135037e-07	1.3440568707334e-05	-0.0241956241956242	0.888604170164635	0.969715488052469	TRUE	NA	NA	NA
Bacteria vs Oomycete	Bacteria	OTU_4090	Pseudomonadaceae (OTU_4090)	Oomycete	OTU_23	Apodachlya (OTU_23)	0.351866151866152	0.0353335182060696	0.0759860606582143	-0.0239382239382239	0.889781964877481	0.969715488052469	TRUE	NA	NA	NA
Fungi vs Oomycete	Fungi	OTU_37	Phoma (OTU_37)	Oomycete	OTU_12	Pythium (OTU_12)	0.588416988416989	0.000160332009220409	0.000966826186253724	0.0239382239382239	0.889781964877481	0.969715488052469	FALSE	NA	NA	NA
Bacteria vs Oomycete	Bacteria	OTU_4090	Pseudomonadaceae (OTU_4090)	Oomycete	OTU_10	Pythium (OTU_10)	0.0584298584298584	0.734989442758311	0.799625867008136	0.0236808236808237	0.890959991977524	0.969715488052469	FALSE	NA	NA	NA
Fungi vs Oomycete	Fungi	OTU_64	OTU_64 (OTU_64)	Oomycete	OTU_21	Pythium (OTU_21)	0.473359073359073	0.0035470031550075	0.0119226996806975	0.0236808236808237	0.890959991977524	0.969715488052469	FALSE	NA	NA	NA
Bacteria vs Fungi	Bacteria	OTU_16	[Kouleothrixaceae] (OTU_16)	Fungi	OTU_15	chrysanthemicola (OTU_15)	0.197683397683398	0.247808144787721	0.341020382735395	0.0234234234234234	0.892138249008272	0.969715488052469	FALSE	NA	NA	NA
Fungi vs Oomycete	Fungi	OTU_1	Coprinopsis (OTU_1)	Oomycete	OTU_15	Pythium (OTU_15)	0.156756756756757	0.361237615657924	0.458229533604132	0.0234234234234234	0.892138249008272	0.969715488052469	FALSE	NA	NA	NA
Fungi vs Oomycete	Fungi	OTU_92	OTU_92 (OTU_92)	Oomycete	OTU_12	Pythium (OTU_12)	0.562676962676963	0.000354050719509939	0.00183922451693475	-0.0231660231660232	0.893316733511867	0.970117719650897	TRUE	NA	NA	NA
Bacteria vs Oomycete	Bacteria	OTU_71	Polyangiaceae (OTU_71)	Oomycete	OTU_20	OTU_20 (OTU_20)	0.373230373230373	0.0249573622590323	0.0571542647153412	-0.0229086229086229	0.894495443029103	0.970519468024344	TRUE	NA	NA	NA
Fungi vs Oomycete	Fungi	OTU_67	OTU_67 (OTU_67)	Oomycete	OTU_12	Pythium (OTU_12)	0.595624195624196	0.000126885760738258	0.000805623877703225	0.0223938223938224	0.896853527261003	0.972198945540382	FALSE	NA	NA	NA
Fungi vs Oomycete	Fungi	OTU_59	OTU_59 (OTU_59)	Oomycete	OTU_15	Pythium (OTU_15)	-0.0332046332046332	0.847546737096268	0.890592017964555	-0.0216216216216216	0.900392279654939	0.973637642244931	FALSE	NA	NA	NA
Bacteria vs Oomycete	Bacteria	OTU_23	[Kouleothrixaceae] (OTU_23)	Oomycete	OTU_4	Pythium (OTU_4)	0.458687258687259	0.00489828867842722	0.0155090934409305	0.0211068211068211	0.90275250318141	0.973637642244931	FALSE	NA	NA	NA
Fungi vs Oomycete	Fungi	OTU_47	agrostis (OTU_47)	Oomycete	OTU_2	Albugo (OTU_2)	0.48957528957529	0.00244159538718109	0.0087985419357877	-0.0211068211068211	0.902752503181411	0.973637642244931	TRUE	NA	NA	NA
Bacteria vs Oomycete	Bacteria	OTU_2	Kineosporiaceae (OTU_2)	Oomycete	OTU_7	Pythium (OTU_7)	0.204890604890605	0.230634499358833	0.32483732304061	-0.0208494208494209	0.903932924119058	0.973637642244931	TRUE	NA	NA	NA
Fungi vs Oomycete	Fungi	OTU_49	caryae (OTU_49)	Oomycete	OTU_21	Pythium (OTU_21)	-0.3001287001287	0.075325829645529	0.139063070114823	0.0208494208494209	0.903932924119058	0.973637642244931	TRUE	NA	NA	NA
Bacteria vs Oomycete	Bacteria	OTU_19	OTU_19 (OTU_19)	Oomycete	OTU_3	Hyaloperonospora (OTU_3)	0.222908622908623	0.191292859836366	0.280625222253838	-0.0205920205920206	0.90511354787911	0.973637642244931	TRUE	NA	NA	NA
Fungi vs Oomycete	Fungi	OTU_15	chrysanthemicola (OTU_15)	Oomycete	OTU_23	Apodachlya (OTU_23)	-0.272329472329472	0.108087791734495	0.180648119890521	-0.0205920205920206	0.90511354787911	0.973637642244931	FALSE	NA	NA	NA
Bacteria vs Fungi	Bacteria	OTU_1	Pseudomonas (OTU_1)	Fungi	OTU_18	OTU_18 (OTU_18)	-0.0741312741312741	0.667426691515701	0.745728146944917	0.0203346203346203	0.906294371989657	0.973637642244931	TRUE	NA	NA	NA
Bacteria vs Fungi	Bacteria	OTU_42	[Kouleothrixaceae] (OTU_42)	Fungi	OTU_16	elongata (OTU_16)	0.715057915057915	9.58037802726318e-07	1.59672967121053e-05	-0.0203346203346203	0.906294371989656	0.973637642244931	TRUE	NA	NA	NA
Fungi vs Oomycete	Fungi	OTU_45	solani (OTU_45)	Oomycete	OTU_25	OTU_25 (OTU_25)	0.812612612612613	1.75746048831619e-09	1.96126898397404e-07	-0.0203346203346203	0.906294371989656	0.973637642244931	TRUE	NA	NA	NA
Bacteria vs Fungi	Bacteria	OTU_24	Agrobacterium (OTU_24)	Fungi	OTU_15	chrysanthemicola (OTU_15)	0.261261261261261	0.123775876324618	0.202083063387132	-0.0200772200772201	0.907475393977594	0.97403441214053	TRUE	NA	NA	NA
Bacteria vs Fungi	Bacteria	OTU_16	[Kouleothrixaceae] (OTU_16)	Fungi	OTU_5	OTU_5 (OTU_5)	0.350836550836551	0.0359110855519678	0.0765422782635193	0.0198198198198198	0.908656611368644	0.974430682432862	FALSE	NA	NA	NA
Bacteria vs Oomycete	Bacteria	OTU_5	Dolo_23 (OTU_5)	Oomycete	OTU_2	Albugo (OTU_2)	-0.0120978120978121	0.944171679088117	0.962621932800119	-0.0195624195624196	0.909838021687367	0.974826451807894	FALSE	NA	NA	NA
Fungi vs Oomycete	Fungi	OTU_16	elongata (OTU_16)	Oomycete	OTU_6	Pythium (OTU_6)	-0.103217503217503	0.549138033889326	0.641017160182093	0.019047619047619	0.912201411200357	0.976486791650694	TRUE	NA	NA	NA
Bacteria vs Fungi	Bacteria	OTU_24	Agrobacterium (OTU_24)	Fungi	OTU_32	OTU_32 (OTU_32)	-0.0409266409266409	0.812662390708498	0.866839883422397	0.0177606177606178	0.918113087719257	0.981939131250542	TRUE	NA	NA	NA
Fungi vs Oomycete	Fungi	OTU_32	OTU_32 (OTU_32)	Oomycete	OTU_23	Apodachlya (OTU_23)	-0.407207207207207	0.0137053520867127	0.0357530924001202	-0.0167310167310167	0.92284555932558	0.983311747656847	FALSE	NA	NA	NA
Bacteria vs Fungi	Bacteria	OTU_59	Pseudomonadaceae (OTU_59)	Fungi	OTU_45	solani (OTU_45)	0.0872586872586873	0.612827104854131	0.69573559680696	-0.0164736164736165	0.924029091289381	0.983311747656847	TRUE	NA	NA	NA
Bacteria vs Fungi	Bacteria	OTU_36	OTU_36 (OTU_36)	Fungi	OTU_25	Tetracladium (OTU_25)	-0.352123552123552	0.0351903153560116	0.0758139648603481	-0.0162162162162162	0.925212783901131	0.983311747656847	FALSE	NA	NA	NA
Fungi vs Oomycete	Fungi	OTU_45	solani (OTU_45)	Oomycete	OTU_19	Pythium (OTU_19)	-0.513770913770914	0.00135075494020959	0.00542109006104185	-0.0162162162162162	0.925212783901131	0.983311747656847	FALSE	NA	NA	NA
Bacteria vs Oomycete	Bacteria	OTU_2	Kineosporiaceae (OTU_2)	Oomycete	OTU_24	Pythium (OTU_24)	0.220849420849421	0.195533118528355	0.285102967477553	-0.015958815958816	0.926396634670671	0.983311747656847	TRUE	NA	NA	NA
Bacteria vs Oomycete	Bacteria	OTU_42	[Kouleothrixaceae] (OTU_42)	Oomycete	OTU_6	Pythium (OTU_6)	-0.294208494208494	0.0815549571499187	0.148057410862182	0.015958815958816	0.926396634670671	0.983311747656847	TRUE	NA	NA	NA
Fungi vs Oomycete	Fungi	OTU_32	OTU_32 (OTU_32)	Oomycete	OTU_11	Pythium (OTU_11)	-0.111196911196911	0.518510904170887	0.610611467129602	0.0157014157014157	0.927580641106902	0.983311747656847	TRUE	NA	NA	NA
Bacteria vs Fungi	Bacteria	OTU_19	OTU_19 (OTU_19)	Fungi	OTU_25	Tetracladium (OTU_25)	-0.00386100386100386	0.982169958826714	0.987105486258004	-0.0151866151866152	0.929949111010423	0.983311747656847	FALSE	NA	NA	NA
Fungi vs Oomycete	Fungi	OTU_30	Cadophora (OTU_30)	Oomycete	OTU_20	OTU_20 (OTU_20)	-0.0625482625482626	0.717053038917334	0.785811549498448	0.0151866151866152	0.929949111010422	0.983311747656847	TRUE	NA	NA	NA
Bacteria vs Fungi	Bacteria	OTU_1	Pseudomonas (OTU_1)	Fungi	OTU_49	caryae (OTU_49)	0.247619047619048	0.145373938805661	0.228037551067703	0.0149292149292149	0.931133569490942	0.983311747656847	FALSE	NA	NA	NA
Fungi vs Oomycete	Fungi	OTU_26	OTU_26 (OTU_26)	Oomycete	OTU_12	Pythium (OTU_12)	-0.472586872586873	0.00360904188779146	0.0120636497642054	0.0149292149292149	0.931133569490942	0.983311747656847	TRUE	NA	NA	NA
Bacteria vs Fungi	Bacteria	OTU_42	[Kouleothrixaceae] (OTU_42)	Fungi	OTU_59	OTU_59 (OTU_59)	-0.810810810810811	2.03742681046224e-09	1.96126898397404e-07	0.0146718146718147	0.93231817366464	0.983311747656847	TRUE	NA	NA	NA
Bacteria vs Fungi	Bacteria	OTU_71	Polyangiaceae (OTU_71)	Fungi	OTU_30	Cadophora (OTU_30)	0.186357786357786	0.276483218404694	0.372367970915413	0.0144144144144144	0.933502921035936	0.983311747656847	FALSE	NA	NA	NA
Bacteria vs Fungi	Bacteria	OTU_24	Agrobacterium (OTU_24)	Fungi	OTU_64	OTU_64 (OTU_64)	0.0813384813384813	0.637219352537287	0.717993636661732	-0.0144144144144144	0.933502921035935	0.983311747656847	TRUE	NA	NA	NA
Bacteria vs Oomycete	Bacteria	OTU_16	[Kouleothrixaceae] (OTU_16)	Oomycete	OTU_2	Albugo (OTU_2)	0.655855855855856	1.41052630263841e-05	0.00013327807583985	0.0144144144144144	0.933502921035936	0.983311747656847	FALSE	NA	NA	NA
Fungi vs Oomycete	Fungi	OTU_32	OTU_32 (OTU_32)	Oomycete	OTU_10	Pythium (OTU_10)	0.292921492921493	0.0829604705742028	0.149703104795554	-0.0144144144144144	0.933502921035935	0.983311747656847	TRUE	NA	NA	NA
Bacteria vs Oomycete	Bacteria	OTU_19	OTU_19 (OTU_19)	Oomycete	OTU_23	Apodachlya (OTU_23)	0.166537966537967	0.331665333209733	0.429340237164702	0.0141570141570142	0.934687809108393	0.983311747656847	FALSE	NA	NA	NA
Bacteria vs Fungi	Bacteria	OTU_19	OTU_19 (OTU_19)	Fungi	OTU_30	Cadophora (OTU_30)	0.221364221364221	0.194466938305146	0.284239130287668	0.0138996138996139	0.935872835384739	0.983311747656847	FALSE	NA	NA	NA
Bacteria vs Oomycete	Bacteria	OTU_48	mitochondria (OTU_48)	Oomycete	OTU_7	Pythium (OTU_7)	0.200514800514801	0.240962234651988	0.334669770349983	0.0138996138996139	0.935872835384739	0.983311747656847	FALSE	NA	NA	NA
Bacteria vs Fungi	Bacteria	OTU_19	OTU_19 (OTU_19)	Fungi	OTU_37	Phoma (OTU_37)	-0.0800514800514801	0.642573238235933	0.722669058934508	0.0136422136422136	0.937057997366878	0.983311747656847	TRUE	NA	NA	NA
Bacteria vs Oomycete	Bacteria	OTU_48	mitochondria (OTU_48)	Oomycete	OTU_33	Hyaloperonospora (OTU_33)	-0.0342342342342342	0.842877458027765	0.887688998836793	-0.0136422136422136	0.937057997366878	0.983311747656847	FALSE	NA	NA	NA
Bacteria vs Fungi	Bacteria	OTU_4	Janthinobacterium (OTU_4)	Fungi	OTU_1	Coprinopsis (OTU_1)	0.574774774774775	0.000245989460203141	0.0013478874531679	0.0133848133848134	0.938243292555908	0.983311747656847	FALSE	NA	NA	NA
Bacteria vs Fungi	Bacteria	OTU_19	OTU_19 (OTU_19)	Fungi	OTU_59	OTU_59 (OTU_59)	0.0285714285714286	0.868619588723964	0.906385657798919	0.0133848133848134	0.938243292555908	0.983311747656847	FALSE	NA	NA	NA
Bacteria vs Oomycete	Bacteria	OTU_83	OTU_83 (OTU_83)	Oomycete	OTU_10	Pythium (OTU_10)	0.368854568854569	0.0268468710366464	0.0606708949980709	0.0123552123552124	0.942985755375422	0.987318768666474	FALSE	NA	NA	NA
Bacteria vs Fungi	Bacteria	OTU_63	OTU_63 (OTU_63)	Fungi	OTU_86	AG_A (OTU_86)	0.284942084942085	0.092097103303962	0.162763658269152	0.0120978120978121	0.944171679088117	0.987318768666474	FALSE	NA	NA	NA
Bacteria vs Fungi	Bacteria	OTU_36	OTU_36 (OTU_36)	Fungi	OTU_87	discosioides (OTU_87)	0.335649935649936	0.0453593026366966	0.0913274549732147	-0.0118404118404118	0.945357720998149	0.987318768666474	TRUE	NA	NA	NA
Bacteria vs Oomycete	Bacteria	OTU_36	OTU_36 (OTU_36)	Oomycete	OTU_24	Pythium (OTU_24)	0.338738738738739	0.0432911316527885	0.088499758063622	0.0118404118404118	0.945357720998149	0.987318768666474	FALSE	NA	NA	NA
Fungi vs Oomycete	Fungi	OTU_5	OTU_5 (OTU_5)	Oomycete	OTU_2	Albugo (OTU_2)	0.267953667953668	0.114099708509909	0.188854689947436	0.0113256113256113	0.94773014939296	0.988832285014952	FALSE	NA	NA	NA
Bacteria vs Fungi	Bacteria	OTU_48	mitochondria (OTU_48)	Fungi	OTU_64	OTU_64 (OTU_64)	-0.000514800514800515	0.997622475522637	0.998454520956767	-0.0108108108108108	0.950103020518533	0.988832285014952	FALSE	NA	NA	NA
Bacteria vs Fungi	Bacteria	OTU_327	viridiflava (OTU_327)	Fungi	OTU_44	hispanica (OTU_44)	0.354440154440154	0.0339226557475808	0.0734786767095613	0.0108108108108108	0.950103020518532	0.988832285014952	FALSE	NA	NA	NA
Bacteria vs Oomycete	Bacteria	OTU_16	[Kouleothrixaceae] (OTU_16)	Oomycete	OTU_24	Pythium (OTU_24)	0.315315315315315	0.0610369514851605	0.116817132029015	0.0108108108108108	0.950103020518532	0.988832285014952	FALSE	NA	NA	NA
Fungi vs Oomycete	Fungi	OTU_59	OTU_59 (OTU_59)	Oomycete	OTU_11	Pythium (OTU_11)	0.526383526383526	0.000974778445452132	0.00422286691170599	0.0105534105534106	0.951289615839543	0.988975784442746	FALSE	NA	NA	NA
Bacteria vs Oomycete	Bacteria	OTU_42	[Kouleothrixaceae] (OTU_42)	Oomycete	OTU_24	Pythium (OTU_24)	0.421106821106821	0.0105383061924665	0.0288720717601823	0.01003861003861	0.953663113460832	0.988975784442746	FALSE	NA	NA	NA
Fungi vs Oomycete	Fungi	OTU_86	AG_A (OTU_86)	Oomycete	OTU_21	Pythium (OTU_21)	0.0205920205920206	0.905113547879111	0.9323058003905	-0.01003861003861	0.953663113460832	0.988975784442746	TRUE	NA	NA	NA
Fungi vs Oomycete	Fungi	OTU_59	OTU_59 (OTU_59)	Oomycete	OTU_6	Pythium (OTU_6)	0.314285714285714	0.0619322904160862	0.117966267459212	0.00978120978120978	0.954850010744404	0.988975784442746	FALSE	NA	NA	NA
Bacteria vs Oomycete	Bacteria	OTU_63	OTU_63 (OTU_63)	Oomycete	OTU_8	Pythium (OTU_8)	-0.283912483912484	0.0933301213315569	0.163976787112546	-0.00952380952380952	0.95603700366447	0.988975784442746	FALSE	NA	NA	NA
Bacteria vs Fungi	Bacteria	OTU_63	OTU_63 (OTU_63)	Fungi	OTU_92	OTU_92 (OTU_92)	-0.56988416988417	0.000285487504107435	0.00152939734343269	0.00926640926640927	0.957224089711223	0.988975784442746	TRUE	NA	NA	NA
Fungi vs Oomycete	Fungi	OTU_26	OTU_26 (OTU_26)	Oomycete	OTU_1	Pythium (OTU_1)	0.00514800514800515	0.976228081708298	0.984431679033578	-0.00926640926640927	0.957224089711223	0.988975784442746	TRUE	NA	NA	NA
Bacteria vs Fungi	Bacteria	OTU_327	viridiflava (OTU_327)	Fungi	OTU_47	agrostis (OTU_47)	0.237323037323037	0.163411624774792	0.248850190012373	-0.00900900900900901	0.9584112663743	0.988975784442746	TRUE	NA	NA	NA
Bacteria vs Oomycete	Bacteria	OTU_16	[Kouleothrixaceae] (OTU_16)	Oomycete	OTU_12	Pythium (OTU_12)	-0.420849420849421	0.010590740280248	0.0289496317455526	0.00900900900900901	0.9584112663743	0.988975784442746	TRUE	NA	NA	NA
Bacteria vs Oomycete	Bacteria	OTU_36	OTU_36 (OTU_36)	Oomycete	OTU_10	Pythium (OTU_10)	0.348519948519949	0.0372387423965767	0.0788121532202682	-0.00875160875160875	0.959598531142797	0.988975784442746	TRUE	NA	NA	NA
Bacteria vs Oomycete	Bacteria	OTU_24	Agrobacterium (OTU_24)	Oomycete	OTU_3	Hyaloperonospora (OTU_3)	-0.171171171171171	0.318195364070041	0.413240732558495	-0.00849420849420849	0.960785881505287	0.988975784442746	FALSE	NA	NA	NA
Bacteria vs Oomycete	Bacteria	OTU_19	OTU_19 (OTU_19)	Oomycete	OTU_6	Pythium (OTU_6)	-0.604375804375805	9.47821961444143e-05	0.0006283902506812	0.00849420849420849	0.960785881505287	0.988975784442746	TRUE	NA	NA	NA
Bacteria vs Oomycete	Bacteria	OTU_5	Dolo_23 (OTU_5)	Oomycete	OTU_21	Pythium (OTU_21)	-0.103989703989704	0.546137296260671	0.638135107607405	-0.00823680823680824	0.961973314949832	0.988975784442746	FALSE	NA	NA	NA
Fungi vs Oomycete	Fungi	OTU_47	agrostis (OTU_47)	Oomycete	OTU_3	Hyaloperonospora (OTU_3)	0.688803088803089	3.41071448390021e-06	4.05233404027747e-05	-0.00823680823680824	0.961973314949832	0.988975784442746	TRUE	NA	NA	NA
Bacteria vs Fungi	Bacteria	OTU_36	OTU_36 (OTU_36)	Fungi	OTU_67	OTU_67 (OTU_67)	-0.436808236808237	0.00773005089597058	0.0224059446260017	0.00797940797940798	0.963160828963999	0.988975784442746	TRUE	NA	NA	NA
Bacteria vs Fungi	Bacteria	OTU_5	Dolo_23 (OTU_5)	Fungi	OTU_26	OTU_26 (OTU_26)	-0.691119691119691	3.06543175229204e-06	3.75358990076576e-05	-0.00772200772200772	0.964348421034874	0.988975784442746	FALSE	NA	NA	NA
Fungi vs Oomycete	Fungi	OTU_25	Tetracladium (OTU_25)	Oomycete	OTU_7	Pythium (OTU_7)	-0.700900900900901	1.93200815468284e-06	2.57944306453543e-05	0.00772200772200772	0.964348421034874	0.988975784442746	TRUE	NA	NA	NA
Fungi vs Oomycete	Fungi	OTU_37	Phoma (OTU_37)	Oomycete	OTU_11	Pythium (OTU_11)	0.580437580437581	0.000206419342193473	0.0011739488655553	-0.00746460746460747	0.965536088649078	0.988975784442746	TRUE	NA	NA	NA
Bacteria vs Oomycete	Bacteria	OTU_180	Serratia (OTU_180)	Oomycete	OTU_6	Pythium (OTU_6)	-0.62960102960103	3.88945820123512e-05	0.000303074665031308	-0.00720720720720721	0.966723829292784	0.988975784442746	FALSE	NA	NA	NA
Fungi vs Oomycete	Fungi	OTU_59	OTU_59 (OTU_59)	Oomycete	OTU_19	Pythium (OTU_19)	-0.4996138996139	0.00191986551538121	0.00724477552974043	0.00720720720720721	0.966723829292784	0.988975784442746	TRUE	NA	NA	NA
Bacteria vs Fungi	Bacteria	OTU_153	Polyangiaceae (OTU_153)	Fungi	OTU_5	OTU_5 (OTU_5)	0.24041184041184	0.157839204334018	0.242829545129258	-0.00694980694980695	0.967911640451727	0.989347503017097	TRUE	NA	NA	NA
Bacteria vs Fungi	Bacteria	OTU_2	Kineosporiaceae (OTU_2)	Fungi	OTU_37	Phoma (OTU_37)	0.251480051480052	0.13900005580855	0.220927241020212	0.00617760617760618	0.971475471871122	0.990459274634959	FALSE	NA	NA	NA
Bacteria vs Fungi	Bacteria	OTU_63	OTU_63 (OTU_63)	Fungi	OTU_44	hispanica (OTU_44)	-0.394079794079794	0.0173988143271475	0.0432268678935342	0.00617760617760618	0.971475471871122	0.990459274634959	TRUE	NA	NA	NA
Fungi vs Oomycete	Fungi	OTU_1	Coprinopsis (OTU_1)	Oomycete	OTU_10	Pythium (OTU_10)	0.412097812097812	0.0125101264714471	0.0332127251454348	-0.00617760617760618	0.971475471871122	0.990459274634959	TRUE	NA	NA	NA
Fungi vs Oomycete	Fungi	OTU_15	chrysanthemicola (OTU_15)	Oomycete	OTU_1	Pythium (OTU_1)	0.208236808236808	0.222942515467522	0.316230518393648	0.00566280566280566	0.973851665947173	0.991197624373713	FALSE	NA	NA	NA
Fungi vs Oomycete	Fungi	OTU_26	OTU_26 (OTU_26)	Oomycete	OTU_4	Pythium (OTU_4)	0.306821106821107	0.068737756553857	0.128682227557923	-0.00566280566280566	0.973851665947173	0.991197624373713	TRUE	NA	NA	NA
Bacteria vs Oomycete	Bacteria	OTU_71	Polyangiaceae (OTU_71)	Oomycete	OTU_6	Pythium (OTU_6)	-0.581981981981982	0.000196668254765016	0.00112381859865724	-0.00540540540540541	0.975039847375506	0.991462079217254	FALSE	NA	NA	NA
Bacteria vs Fungi	Bacteria	OTU_16	[Kouleothrixaceae] (OTU_16)	Fungi	OTU_67	OTU_67 (OTU_67)	-0.755727155727156	9.90005921836613e-08	2.6400157915643e-06	0.00514800514800515	0.976228081708298	0.991462079217254	TRUE	NA	NA	NA
Bacteria vs Fungi	Bacteria	OTU_59	Pseudomonadaceae (OTU_59)	Fungi	OTU_87	discosioides (OTU_87)	0.121235521235521	0.481217239228921	0.576308070932839	-0.00489060489060489	0.977416366428342	0.991462079217254	TRUE	NA	NA	NA
Fungi vs Oomycete	Fungi	OTU_25	Tetracladium (OTU_25)	Oomycete	OTU_10	Pythium (OTU_10)	-0.543371943371943	0.000615468967665155	0.00290772740629207	0.00489060489060489	0.977416366428343	0.991462079217254	TRUE	NA	NA	NA
Bacteria vs Fungi	Bacteria	OTU_71	Polyangiaceae (OTU_71)	Fungi	OTU_25	Tetracladium (OTU_25)	0.12020592020592	0.484976851920087	0.579076838113536	0.00411840411840412	0.980981497735509	0.991725187264205	FALSE	NA	NA	NA
Bacteria vs Oomycete	Bacteria	OTU_63	OTU_63 (OTU_63)	Oomycete	OTU_6	Pythium (OTU_6)	-0.211583011583012	0.215427741210669	0.307022909088839	0.00411840411840412	0.980981497735509	0.991725187264205	TRUE	NA	NA	NA
Fungi vs Oomycete	Fungi	OTU_1	Coprinopsis (OTU_1)	Oomycete	OTU_9	OTU_9 (OTU_9)	-0.263835263835264	0.119984419504458	0.19669576967944	0.00411840411840412	0.980981497735509	0.991725187264205	TRUE	NA	NA	NA
Fungi vs Oomycete	Fungi	OTU_92	OTU_92 (OTU_92)	Oomycete	OTU_33	Hyaloperonospora (OTU_33)	-0.712998712998713	1.06366927399448e-06	1.74849743670326e-05	-0.00411840411840412	0.980981497735509	0.991725187264205	FALSE	NA	NA	NA
Bacteria vs Fungi	Bacteria	OTU_48	mitochondria (OTU_48)	Fungi	OTU_30	Cadophora (OTU_30)	0.361904761904762	0.0300891837774103	0.0668648528386896	0.00386100386100386	0.982169958826714	0.992090867501731	FALSE	NA	NA	NA
Fungi vs Oomycete	Fungi	OTU_45	solani (OTU_45)	Oomycete	OTU_7	Pythium (OTU_7)	-0.666924066924067	8.92780980807457e-06	9.56551050865132e-05	0.0036036036036036	0.983358457714931	0.992247143959009	TRUE	NA	NA	NA
Bacteria vs Oomycete	Bacteria	OTU_2	Kineosporiaceae (OTU_2)	Oomycete	OTU_15	Pythium (OTU_15)	0.486486486486487	0.00262526145192532	0.00929296089177103	0.00334620334620335	0.984546991881377	0.992247143959009	FALSE	NA	NA	NA
Bacteria vs Oomycete	Bacteria	OTU_5	Dolo_23 (OTU_5)	Oomycete	OTU_3	Hyaloperonospora (OTU_3)	-0.182496782496783	0.286733241457927	0.38231098861057	0.00308880308880309	0.985735558807057	0.992247143959009	TRUE	NA	NA	NA
Fungi vs Oomycete	Fungi	OTU_25	Tetracladium (OTU_25)	Oomycete	OTU_20	OTU_20 (OTU_20)	0.570656370656371	0.000278896665250934	0.00150754954189694	-0.00308880308880309	0.985735558807058	0.992247143959009	TRUE	NA	NA	NA
Bacteria vs Fungi	Bacteria	OTU_327	viridiflava (OTU_327)	Fungi	OTU_15	chrysanthemicola (OTU_15)	0.298326898326898	0.0771810367476884	0.142050987879181	-0.00257400257400257	0.98811278085918	0.992247143959009	TRUE	NA	NA	NA
Bacteria vs Oomycete	Bacteria	OTU_16	[Kouleothrixaceae] (OTU_16)	Oomycete	OTU_8	Pythium (OTU_8)	-0.402574002574003	0.0149250990394935	0.0382694847166501	-0.00257400257400257	0.98811278085918	0.992247143959009	FALSE	NA	NA	NA
Fungi vs Oomycete	Fungi	OTU_18	OTU_18 (OTU_18)	Oomycete	OTU_11	Pythium (OTU_11)	-0.383268983268983	0.0210351074510949	0.0499844137451761	-0.00257400257400257	0.98811278085918	0.992247143959009	FALSE	NA	NA	NA
Bacteria vs Oomycete	Bacteria	OTU_180	Serratia (OTU_180)	Oomycete	OTU_7	Pythium (OTU_7)	0.291891891891892	0.084098316495134	0.151074820051139	-0.00205920205920206	0.99049010371571	0.993802779647869	TRUE	NA	NA	NA
Fungi vs Oomycete	Fungi	OTU_1	Coprinopsis (OTU_1)	Oomycete	OTU_1	Pythium (OTU_1)	-0.14028314028314	0.414476868527605	0.512226820013518	0.00102960102960103	0.995244971208079	0.996906482011431	TRUE	NA	NA	NA
Fungi vs Oomycete	Fungi	OTU_64	OTU_64 (OTU_64)	Oomycete	OTU_23	Apodachlya (OTU_23)	0.583011583011583	0.000190399062485822	0.0010984561297259	0.00102960102960103	0.995244971208079	0.996906482011431	FALSE	NA	NA	NA
Bacteria vs Fungi	Bacteria	OTU_19	OTU_19 (OTU_19)	Fungi	OTU_26	OTU_26 (OTU_26)	0.495238095238095	0.00213385937877132	0.00792765094280368	-0.000514800514800515	0.997622475522637	0.998454520956767	TRUE	NA	NA	NA
Bacteria vs Oomycete	Bacteria	OTU_19	OTU_19 (OTU_19)	Oomycete	OTU_9	OTU_9 (OTU_9)	0.124324324324324	0.470029945408024	0.565166267023676	-0.000257400257400257	0.998811236501137	0.998811236501137	TRUE	NA	NA	NA
